index,target
0,0.017280619128308215
1,0.8951681201048253
2,0.031053570272048234
3,0.032063995985807614
4,0.9908496670165132
5,0.003809615694167481
6,0.9606036927284338
7,0.15836666833508867
8,0.03380325790016887
9,0.9489111812982338
10,0.006206909481034192
11,0.0026502669950008054
12,0.06177851302662292
13,0.5817442946631469
14,0.459599471528654
15,0.29211288876569286
16,0.16648764092350193
17,0.8763034682500804
18,0.7664029686422342
19,0.9744080116180875
20,0.10318658214468907
21,0.7784971038059194
22,0.9771935186053466
23,0.1283774317453965
24,0.9692722114897134
25,0.041729656552956754
26,0.02351500036833231
27,0.010947100269554887
28,0.009737998461491142
29,0.0016980958410417282
30,0.0278428468356879
31,0.004265925048171207
32,0.00579424904526105
33,0.5134713518319687
34,0.09725573002388384
35,0.13813353178247623
36,0.8792538215745208
37,0.005605217437235483
38,0.03681921918576487
39,0.1371304577191137
40,0.07271643599063524
41,0.9507596254258615
42,0.004134720015346674
43,0.36154562994240164
44,0.8100858134071942
45,0.017082313144196726
46,0.8188535177224817
47,0.10486037798488759
48,0.4860694776402833
49,0.0662672703243217
50,0.10273713948194717
51,0.003914645589662579
52,0.32412300786831694
53,0.008685885539343954
54,0.11757514492590398
55,0.021123669257840025
56,0.03156760850356251
57,0.9587465657034648
58,0.026640739725811106
59,0.7885904509048393
60,0.15335260435634546
61,0.014763948014672453
62,0.8849105957480093
63,0.6714821589024937
64,0.16907717372161746
65,0.005068164773196818
66,0.06208031938434222
67,0.9691039760830529
68,0.9877604578038663
69,0.3498836678722679
70,0.06740679407713192
71,0.376340877411919
72,0.055531101140141925
73,0.11939620209487434
74,0.09772767735031238
75,0.01052310337340813
76,0.0012119055374529993
77,0.00492154435662044
78,0.025925813238970134
79,0.7971744057875431
80,0.22791633289275476
81,0.2785596139294032
82,0.13356070337058293
83,0.11235049576203822
84,0.1749745977645313
85,0.5402430310429447
86,0.5650607239289216
87,0.01347271811592073
88,0.12580672809043916
89,0.0015666015136188527
90,0.7937445281159604
91,0.029364973254591586
92,0.04259620596048719
93,0.11247283319359443
94,0.09250776516361295
95,0.7841913303424759
96,0.4575372086074282
97,0.07466959905499343
98,0.977441411572162
99,0.3451701108461621
100,0.009535645029228742
101,0.07977430856711198
102,0.046337685995950215
103,0.15111305291625882
104,0.3895422412358589
105,0.051575648383406406
106,0.9310552202260187
107,0.7034952683481492
108,0.280018837939382
109,0.14481203472792142
110,0.9273367760139528
111,0.01917406383730039
112,0.10053939997936048
113,0.012260268252747447
114,0.016021923500228047
115,0.21915061396484858
116,0.9760270476804405
117,0.21209182530622134
118,0.3093217198816801
119,0.9920144701017641
120,0.9575241087114417
121,0.001893007296120301
122,0.37075236313423826
123,0.07890426493105661
124,0.23562549896420956
125,0.10505558100877395
126,0.0316542758085963
127,0.1477615366074667
128,0.09209656974979333
129,0.06993156393098236
130,0.006807361024796051
131,0.02655021820651893
132,0.9929298893802051
133,0.06488969620939508
134,0.9831900338724737
135,0.9288430081590203
136,0.9893954258020907
137,0.9489378215112145
138,0.7978345846880444
139,0.09556891608125594
140,0.014969798355154516
141,0.4530752069225632
142,0.013985705759929702
143,0.06932317651377139
144,0.002446368213205305
145,0.9816578745701724
146,0.752580172022913
147,0.9486591322530454
148,0.9627587689246389
149,0.05936379626455443
150,0.6013758110723442
151,0.06621534782439847
152,0.07525258586214112
153,0.016959935404410383
154,0.04464743098013806
155,0.014593480002362415
156,0.49433575430335097
157,0.684755574925124
158,0.03887877269045026
159,0.048742214898344974
160,0.008611178421394982
161,0.5470538983009999
162,0.02510799120299187
163,0.7571577753580108
164,0.05369609253356026
165,0.03077784709746116
166,0.13456246865664429
167,0.010335423857449604
168,0.986353578066659
169,0.005449707268323924
170,0.01940927804667724
171,0.0309248267486765
172,0.14099885231114465
173,0.9113211380367283
174,0.010193543554619782
175,0.00769297819468715
176,0.962934726169812
177,0.9803088648771967
178,0.0026781441417497486
179,0.9360111044700307
180,0.10531184417997
181,0.04272603415473743
182,0.8112308893056444
183,0.18451755814453008
184,0.9315588843141025
185,0.04827019315280548
186,0.6115002481729682
187,0.005874208840216104
188,0.16535543366297076
189,0.00985209053181775
190,0.011055771302067972
191,0.9175028720490652
192,0.06152273188612856
193,0.05580927722846356
194,0.1501518237481147
195,0.9876947521464898
196,0.04030432969928739
197,0.9826212689434621
198,0.13719893189091625
199,0.3727068422423255
200,0.1762574586140186
201,0.02042674907984362
202,0.9653386746073258
203,0.006835276544846929
204,0.02979022862902138
205,0.010195158773757112
206,0.11396231849869462
207,0.8837255157310735
208,0.05955614434397688
209,0.998612995449
210,0.12236626196262342
211,0.003434122078345663
212,0.5519676205772155
213,0.008746166808451467
214,0.02047921714115851
215,0.15562754536002998
216,0.033545311853395335
217,0.49146506466799056
218,0.9693361506500484
219,0.5729766819158302
220,0.13385822091172017
221,0.030061812981796922
222,0.030285553490598173
223,0.023725595612651466
224,0.3157176849360035
225,0.9907894564497655
226,0.9037367273901612
227,0.05856245512454204
228,0.898738471576527
229,0.0024908318383410847
230,0.03245648915091709
231,0.992204917165445
232,0.2409426003707119
233,0.019991463096763883
234,0.27792793473181115
235,0.04524394523357183
236,0.27013753040730565
237,0.5966217575459525
238,0.051706226060629815
239,0.9880144893247227
240,0.04589479219445616
241,0.008046903900204485
242,0.20825100827053905
243,0.2669804384520379
244,0.9127666959095679
245,0.17089695916043698
246,0.17779893988099665
247,0.004994706369143587
248,0.7033313961740221
249,0.9984226639359268
250,0.1112437008111781
251,0.03990286038271072
252,0.03963329607162745
253,0.129810045896412
254,0.09768372585084659
255,0.1470485057815748
256,0.4191779271055216
257,0.8637722639564516
258,0.008403862361863898
259,0.03547697427514536
260,0.1502133179517562
261,0.07345664177374096
262,0.9972957629843614
263,0.942928086385429
264,0.00741590455469276
265,0.11695275416507933
266,0.8000012019159423
267,0.1411020996889104
268,0.0025099626302285787
269,0.002099652656826648
270,0.35280633787576454
271,0.3473373774633282
272,0.05336593035222485
273,0.01274339930418197
274,0.9989015677222544
275,0.998154698609094
276,0.09305906529425877
277,0.03306386174120597
278,0.017137220595553802
279,0.056857639307109575
280,0.9479806611937069
281,0.9618368233420296
282,0.9525729524789974
283,0.008752336946582886
284,0.11550746053257684
285,0.10724334170936571
286,0.01681886594685981
287,0.008203962274580088
288,0.9869354516095081
289,0.32068311061406707
290,0.443384708222316
291,0.9892167930297565
292,0.8983921634111245
293,0.991180466784604
294,0.004968714320608559
295,0.11353357785665116
296,0.13537037488822679
297,0.09446093909704731
298,0.004177705015017871
299,0.9915674603746503
300,0.12150533164767795
301,0.9314850428336423
302,0.8338071333602738
303,0.058640479641784676
304,0.643782370214738
305,0.7850466637130151
306,0.0762693951514404
307,0.03976221910743443
308,0.4953032474488934
309,0.39991860851306055
310,0.9763943379523321
311,0.039040135776667165
312,0.4238854683682086
313,0.009568182645534606
314,0.5663249780148581
315,0.024828264264663565
316,0.9697015869943633
317,0.01862045802492307
318,0.0027366599532489223
319,0.7385758708869102
320,0.24468067577542352
321,0.04611000742838178
322,0.0024681456464198787
323,0.03176780976586688
324,0.15800479171871262
325,0.87744635860217
326,0.055939990228720635
327,0.89411342559887
328,0.01398031930108102
329,0.010337310401713179
330,0.8457949017102607
331,0.012141547607439674
332,0.2367279044490483
333,0.04704135192075522
334,0.11622628182257218
335,0.323530544455825
336,0.05498673303538949
337,0.9800375772525076
338,0.013999507597861848
339,0.051097049542430995
340,0.0028788643577085807
341,0.9874687737558681
342,0.8879995691097344
343,0.1669174456610244
344,0.0661321060579107
345,0.9680106912469246
346,0.5065416722181588
347,0.07551606503997682
348,0.002407637061699693
349,0.38149615372529694
350,0.9979087582747099
351,0.0373163307901257
352,0.03286824046019302
353,0.07760099819456788
354,0.13322270583189988
355,0.14152791202050996
356,0.9649907402711988
357,0.02764220850351625
358,0.9750387637628601
359,0.22597977931539118
360,0.10243278007205295
361,0.6316206824423939
362,0.008396109190291469
363,0.057722214443668006
364,0.004908173222301105
365,0.6668339524642836
366,0.0218603478935174
367,0.4381448507176615
368,0.34696057346939135
369,0.9697231288676308
370,0.6367524066162463
371,0.8861170977359544
372,0.036569602496921136
373,0.15172416227462054
374,0.03188224412107809
375,0.8249593485257836
376,0.10771179200133127
377,0.024475130423335434
378,0.027004518295501823
379,0.003822248104153198
380,0.07066738892399443
381,0.14562610603114423
382,0.9843082363278579
383,0.12020439957285856
384,0.09935219300149833
385,0.17019767143734232
386,0.03818831303805468
387,0.5755664071396214
388,0.08644076158950717
389,0.031154915197612338
390,0.7675887059260811
391,0.01419725435057203
392,0.01265019347663061
393,0.7655285050562286
394,0.9866545229887775
395,0.8007826827668658
396,0.9747464290954309
397,0.3059733164675435
398,0.12414039812526895
399,0.002023519325149681
400,0.04312438347380061
401,0.004322181711163716
402,0.007688615301428471
403,0.12093653495324411
404,0.009715944741767043
405,0.029154344425895824
406,0.9885811034035059
407,0.5620374726488442
408,0.024288665652201134
409,0.17811206176477642
410,0.0950120646951947
411,0.8414328088817241
412,0.1478787668920577
413,0.47428782820694104
414,0.10861019926713822
415,0.032813002928941584
416,0.9628624057537838
417,0.17527506351912603
418,0.10077641119877923
419,0.9908475573222582
420,0.10144775717714195
421,0.0018713399286857126
422,0.009459746327354438
423,0.743901664592464
424,0.9431284245885874
425,0.012837392517212127
426,0.04807009748583965
427,0.004840650706691713
428,0.8895480950867762
429,0.9572217279243618
430,0.996084624912589
431,0.09880081717545669
432,0.3748313954846363
433,0.06445378490196342
434,0.7038505704815521
435,0.02190683247926095
436,0.9724497294352529
437,0.0596295934635573
438,0.048803291724205104
439,0.9878064608548838
440,0.8137603193791118
441,0.0751417669351406
442,0.030223076661712308
443,0.006753440810208107
444,0.18557217024234918
445,0.019009916688564193
446,0.9936057760764689
447,0.2519333234450568
448,0.01606107235207832
449,0.2671129731188355
450,0.10382111417465492
451,0.42416406329564416
452,0.9338877655808915
453,0.3144822502844954
454,0.06238525764204155
455,0.9296880200968358
456,0.858013728806222
457,0.02798309096163954
458,0.3429546077279484
459,0.5109087092132305
460,0.08251186424497578
461,0.42721863614307265
462,0.3343723676767064
463,0.9407761887271472
464,0.06738379882879116
465,0.9744154890530208
466,0.9586685042940664
467,0.013723568057309489
468,0.8616474151728815
469,0.953766756572056
470,0.12857005007905456
471,0.2791007288501219
472,0.960978355787097
473,0.025574697615467528
474,0.029653557456332066
475,0.006958668230432419
476,0.01672451707742345
477,0.08349515583882927
478,0.09609393092059593
479,0.6102733015261806
480,0.014265257172720147
481,0.9903961559424124
482,0.11945409766432466
483,0.9768234473012923
484,0.9439662614830095
485,0.014217197956035387
486,0.029888535787607723
487,0.08563344194924163
488,0.009258954500786083
489,0.007110100738608068
490,0.061460349003727606
491,0.019152328594399564
492,0.003770399100648575
493,0.04708165467555648
494,0.37256082755891334
495,0.07884977798361728
496,0.015678627502069407
497,0.5628399817507834
498,0.24752033290366315
499,0.0778370544581082
500,0.9743751790626669
501,0.07392941763910492
502,0.09664454444664589
503,0.266458046387752
504,0.7391728525882857
505,0.18223458706191847
506,0.0118986530244002
507,0.9892519688672552
508,0.7516490181226531
509,0.03550167724300048
510,0.09734647310434481
511,0.6583191317866185
512,0.020238766019203706
513,0.982063017282299
514,0.9667304570572208
515,0.96285657853668
516,0.9794347873329441
517,0.41130822782116055
518,0.1240831754100358
519,0.09758791869601698
520,0.6160768004997373
521,0.10623538994954025
522,0.9385198663252208
523,0.5573099191341235
524,0.10886315168016014
525,0.9534021609371748
526,0.42417559473058586
527,0.006731730546027877
528,0.34139000015133564
529,0.9924678766527921
530,0.006595714787162789
531,0.0024654353250465263
532,0.02096102971135092
533,0.008476941274234139
534,0.010683052690994158
535,0.07572195308435627
536,0.045535500819619254
537,0.8810528068333592
538,0.039080761645904585
539,0.9663579525729886
540,0.3553819772656886
541,0.03917079068137061
542,0.0018709152149290064
543,0.47451172162160016
544,0.9045001188756219
545,0.00806935787986413
546,0.35486234991533405
547,0.003590957273760374
548,0.06058702198405576
549,0.02588674460680434
550,0.9750120396171726
551,0.695359014885207
552,0.27148115607221573
553,0.012670341864320901
554,0.06808125330405007
555,0.5384125819910746
556,0.012674649730107417
557,0.08655060366856634
558,0.7219506573137835
559,0.00842239081902143
560,0.05909376721002155
561,0.3022860197063913
562,0.9831421913739635
563,0.46827307805448437
564,0.002374476522140465
565,0.8968778914195084
566,0.0850930792327986
567,0.01542271854686331
568,0.5401117697454246
569,0.30504830718285025
570,0.0814836940617543
571,0.13000344558803556
572,0.6402598370034125
573,0.017042751859916112
574,0.4060910853977923
575,0.07252029026692357
576,0.9669453016767309
577,0.004717934096593068
578,0.04405864828283744
579,0.12081869853831675
580,0.1252523532151049
581,0.15414558429688793
582,0.0013826768737913333
583,0.005916109585132923
584,0.0020599374304353865
585,0.32412424668703166
586,0.6462235667949846
587,0.6231341282990783
588,0.007741461022780553
589,0.09216141544497658
590,0.09699060232309598
591,0.004720031659335954
592,0.06904921528706456
593,0.02790263581365994
594,0.07374348225830996
595,0.25399652935029265
596,0.03873143967029022
597,0.06621674565995254
598,0.184655810383107
599,0.9552200097310153
600,0.019191372727239375
601,0.013743637474579429
602,0.020649093957538802
603,0.24005414974279668
604,0.9165478441203381
605,0.029588742378254495
606,0.030001976060090904
607,0.0036178718423256024
608,0.0068740433169998325
609,0.005162453193459712
610,0.06350785406480743
611,0.10487839847340844
612,0.01282268950735372
613,0.005167668822519266
614,0.10945044862816607
615,0.41966889323662426
616,0.011251327268859867
617,0.026942588934873647
618,0.0036894171799731275
619,0.024600693875741594
620,0.0126118397079268
621,0.0051974024522643885
622,0.38447807486760466
623,0.011390584932432347
624,0.12603921739860993
625,0.4151917364244976
626,0.8062894097184317
627,0.9882685906403945
628,0.004475323391399585
629,0.9426959641825401
630,0.017631172516673062
631,0.09010928672100148
632,0.526606576581206
633,0.987606803227788
634,0.020701762569553733
635,0.6278042073487641
636,0.008120420444508576
637,0.004336344684161728
638,0.009311007603440124
639,0.9608963931134578
640,0.08259380772767466
641,0.7254639591227761
642,0.02798716128692641
643,0.03351503425218028
644,0.945380600095419
645,0.011345563242945956
646,0.014812957514016102
647,0.053960970597793964
648,0.1878317307169033
649,0.5058444528155083
650,0.05577394190972008
651,0.9748994545258145
652,0.974134252407728
653,0.01443272703226147
654,0.040718619533194444
655,0.0013656206856146832
656,0.17366546665109076
657,0.9554975084584298
658,0.5452280478346448
659,0.11242296405082798
660,0.011558218138399785
661,0.5043697468856722
662,0.0690875070657138
663,0.16961487953844778
664,0.41746780738577904
665,0.042416285165801954
666,0.030062716727816602
667,0.970105939761025
668,0.1872437154221816
669,0.7500607267019865
670,0.026652554389291004
671,0.47407308751627897
672,0.0578048445184181
673,0.08521535010941426
674,0.9987544990326878
675,0.04004622108918336
676,0.01833596942875662
677,0.5220837676182095
678,0.04880356788811237
679,0.5764083972176761
680,0.179287976045577
681,0.021323699391984245
682,0.9453833516664816
683,0.10264167756579134
684,0.22987701681818512
685,0.17910650819393062
686,0.07937814870204479
687,0.03729845476054285
688,0.9754533928464774
689,0.08639318152122942
690,0.9705331927381219
691,0.0808392443972277
692,0.002073942227071096
693,0.9063203060846463
694,0.0179621939435881
695,0.8938893717239562
696,0.014518444759369607
697,0.44781018169918985
698,0.9964241502487821
699,0.012809432831246503
700,0.019214882669822755
701,0.11933417292402199
702,0.004313035041529023
703,0.0012642399635129243
704,0.024155412530093952
705,0.026736236805640624
706,0.05682471667999373
707,0.4437295445113124
708,0.08413246032038518
709,0.026305017173417856
710,0.06537208837741515
711,0.06381782130631536
712,0.9979777361457562
713,0.043054175351842756
714,0.9075363776917855
715,0.0603226299316205
716,0.003938279310815054
717,0.13671422337838937
718,0.13983734900786304
719,0.009386981944284313
720,0.024345853553694896
721,0.20500597187466602
722,0.3569282932926686
723,0.7916769421340595
724,0.8845323385516215
725,0.670757068083737
726,0.02481541714615689
727,0.9845280286636265
728,0.05851553074792955
729,0.15884134602816344
730,0.171403242956699
731,0.006949452824846157
732,0.9918523097615336
733,0.9425967834496944
734,0.2012254210462161
735,0.029939253249326343
736,0.9568450402763935
737,0.031023703432548864
738,0.18376170151443627
739,0.4952236030511158
740,0.9934683841299585
741,0.6750992452456395
742,0.23228696654622372
743,0.19201505458370433
744,0.07785600435562318
745,0.017990252981887056
746,0.9631404811928147
747,0.8737502090228582
748,0.12249433684331254
749,0.6720663647405366
750,0.04372575391514643
751,0.13215599923813853
752,0.07372967224562678
753,0.18962648627573647
754,0.025030764005532447
755,0.04053043693896625
756,0.251470503831048
757,0.05655310838780847
758,0.004618984456215272
759,0.017915071373126135
760,0.8407575565057795
761,0.0590230860202543
762,0.8477851918759856
763,0.02096029563620544
764,0.0034349067429194197
765,0.9767915700935574
766,0.18668715670709418
767,0.7844443342531457
768,0.20572926967126198
769,0.486733526330578
770,0.19224483079139276
771,0.016482608913167263
772,0.9810405858449688
773,0.011378974496619596
774,0.2402134173831586
775,0.9971951354611527
776,0.3005013072570897
777,0.006038814009448144
778,0.20299166950134628
779,0.5707281040376019
780,0.005874805959442822
781,0.012537415672101057
782,0.5800895177647268
783,0.027540229890635187
784,0.5048127447414257
785,0.9806770574793935
786,0.7599728212630785
787,0.008381208016821618
788,0.9319953531731431
789,0.03218888213898551
790,0.8102346713523245
791,0.03158433251270977
792,0.058124855854466
793,0.050234683635312694
794,0.21340161374039385
795,0.1418766089660501
796,0.04242581095502844
797,0.005246351105158505
798,0.7913224979853359
799,0.4084304929654722
800,0.4083178039545397
801,0.775221700200933
802,0.00598570486792724
803,0.0023622525997842965
804,0.052732702345441904
805,0.1073926258482197
806,0.008243010441894353
807,0.03271242523987407
808,0.044528435582848275
809,0.2529280450899749
810,0.043814149824285
811,0.05095271624850039
812,0.9813595927640362
813,0.3220549183788327
814,0.9603977771360517
815,0.01167999416974971
816,0.3009816028088474
817,0.9381634951221757
818,0.45134622859350254
819,0.02292222789064666
820,0.991865231067802
821,0.9983974991198391
822,0.14130182422634396
823,0.014924324111562968
824,0.33332005418279714
825,0.001214485686565821
826,0.19923043779813918
827,0.06609534362875258
828,0.025491436744102567
829,0.9887968884364793
830,0.8287510852590707
831,0.023077862976207345
832,0.9915651455043528
833,0.458461726942537
834,0.9204280079335163
835,0.0015245911410630927
836,0.27899679890896634
837,0.5139965249722762
838,0.3874935552772497
839,0.9958750460059436
840,0.06709003884912852
841,0.02570736375154488
842,0.12745729869814104
843,0.006608196299617909
844,0.8895674075395326
845,0.9975647858472516
846,0.9988350597705882
847,0.017278981621340932
848,0.004294404361135773
849,0.6907685100699854
850,0.41293799330382397
851,0.8559254010944101
852,0.1413832979565244
853,0.01865697336686692
854,0.9561060929675304
855,0.008354701487781398
856,0.9132469640252063
857,0.9740186809106365
858,0.015352710845148065
859,0.7505896544596931
860,0.009240732294579047
861,0.8875791641901705
862,0.29676435697053655
863,0.9024324858017725
864,0.004050328731630291
865,0.3995852241938641
866,0.9070120415019935
867,0.07507940453580883
868,0.14510430548728587
869,0.7239677447984086
870,0.0230615920642697
871,0.998614189319653
872,0.02850437888563537
873,0.011442566258741479
874,0.9817332600528614
875,0.7727175809579474
876,0.020165540587094237
877,0.11000720288360874
878,0.05728696788241879
879,0.9455708053147256
880,0.043030138049006295
881,0.05930737005701296
882,0.8549912270993483
883,0.1785096499700056
884,0.031391362232789564
885,0.9792677337069745
886,0.01912937676816724
887,0.9669554633184464
888,0.03091346592154702
889,0.006817578082735156
890,0.1929920205863329
891,0.5382241969192626
892,0.21420311109175105
893,0.060901327016569556
894,0.5132817505803879
895,0.23321647764382974
896,0.9030435130415271
897,0.10606559484922755
898,0.0031667085134434764
899,0.6789093324886697
900,0.14046368049069546
901,0.007891663692374914
902,0.4504211363516304
903,0.8762365479318364
904,0.029038453312090824
905,0.9640407592678828
906,0.06833173161023315
907,0.0074182207194706026
908,0.9943544609611948
909,0.020855746210004196
910,0.03174927870442679
911,0.102647468813156
912,0.024214809693299602
913,0.07974637011691743
914,0.020489276504025312
915,0.059314719334767826
916,0.2020282430757505
917,0.4449951467837147
918,0.07344523517501202
919,0.5011367971170212
920,0.0062620567962071595
921,0.012797075952525619
922,0.035137989629970334
923,0.9985610882105342
924,0.9693970518456729
925,0.8787849207303255
926,0.043038246621398435
927,0.07259752461873428
928,0.029708433714097926
929,0.5968529933923862
930,0.24082422113474064
931,0.03712726914430747
932,0.9496430711043228
933,0.01425541680118152
934,0.024370166585415673
935,0.09145940805230349
936,0.9928128575292963
937,0.03203799537251563
938,0.03725599560665602
939,0.4833541215209952
940,0.03787478254870315
941,0.9808185256206323
942,0.953167369493114
943,0.9969912797325577
944,0.46065075349324947
945,0.4754224365335507
946,0.04503324975857641
947,0.7206267958560354
948,0.025784727361391188
949,0.039242476207310986
950,0.9841727251536931
951,0.28416854036010214
952,0.3532619698277429
953,0.1189495704228499
954,0.035419768331630797
955,0.49577802518937214
956,0.9925661398229755
957,0.2633846279503782
958,0.01890310383509807
959,0.4767506704678449
960,0.0016040862726284049
961,0.9679027451067144
962,0.027639623843698093
963,0.45600785078742967
964,0.38250312533392344
965,0.03776101912404873
966,0.2422837775426941
967,0.004006707441073021
968,0.008254209115049732
969,0.0044707099533158115
970,0.1216952945333461
971,0.1288380364457673
972,0.9985612508162784
973,0.056516593917581626
974,0.4013698427587046
975,0.007635366313024366
976,0.021872746436887885
977,0.8791726866559875
978,0.05034031640852921
979,0.9965781868627368
980,0.9472332868777883
981,0.9825320561090762
982,0.4151363082343858
983,0.03491512856308219
984,0.980421423966923
985,0.04946980240910451
986,0.9045722774179681
987,0.1514228518728416
988,0.23797857768739128
989,0.8358147055851086
990,0.9569228092553679
991,0.0814965557552237
992,0.036439464746803665
993,0.04391745591146863
994,0.01574908408823668
995,0.9973827418679156
996,0.0246031084372908
997,0.057925008901678794
998,0.16940496157484303
999,0.877683027976605
1000,0.9292294019168745
1001,0.9933504002417796
1002,0.005941090233818273
1003,0.009359730290128179
1004,0.6018345946431272
1005,0.9173354349724487
1006,0.9970470165612061
1007,0.381948644545388
1008,0.027792382507887122
1009,0.26930890298292315
1010,0.029316702083949948
1011,0.1017029846411564
1012,0.04416472187592896
1013,0.2582521856318312
1014,0.4409976848405308
1015,0.03750059967087853
1016,0.020136140160114717
1017,0.5685066141840234
1018,0.8475046365329855
1019,0.0014180547812520528
1020,0.043399946999448026
1021,0.9742919963363716
1022,0.6207364233626098
1023,0.9002870902498097
1024,0.0077066218207150015
1025,0.00747023245843255
1026,0.016602670106768563
1027,0.09034927567444818
1028,0.03145542506865262
1029,0.09091457357832385
1030,0.002275566059937697
1031,0.19950969669538507
1032,0.417498870681514
1033,0.005160428003918216
1034,0.7279993202083191
1035,0.02280413528579035
1036,0.15359853164956294
1037,0.979706436131328
1038,0.024092145735738764
1039,0.930903964900566
1040,0.40953826669304677
1041,0.030661506117320735
1042,0.03920935847242777
1043,0.6052583165179756
1044,0.001673820751282595
1045,0.06788498896897521
1046,0.004080352225105308
1047,0.20029518952829745
1048,0.7892107790824296
1049,0.8188854977320608
1050,0.0031348984748569937
1051,0.1463291357337167
1052,0.051707873711480216
1053,0.9776024628071236
1054,0.39836287993444897
1055,0.09994087395969836
1056,0.20932137495638986
1057,0.1983572512107591
1058,0.0019975453193084598
1059,0.9527503249632169
1060,0.290636437275669
1061,0.03462467638735736
1062,0.0045586794478058995
1063,0.32787934238991456
1064,0.9477301716895202
1065,0.043822592002617386
1066,0.019464915339473345
1067,0.17267083832844005
1068,0.12812845560328565
1069,0.9878699280590539
1070,0.21094331256584098
1071,0.5399350145191559
1072,0.01919819106695916
1073,0.9146073091690216
1074,0.0028584185159470166
1075,0.020063896239505503
1076,0.002746197755953935
1077,0.018655242325673033
1078,0.027515941681220984
1079,0.9731122029952967
1080,0.0036439479520002428
1081,0.048689373581007944
1082,0.8625537973711568
1083,0.056999379192034946
1084,0.9297966908783972
1085,0.5905562809432341
1086,0.7780689825343083
1087,0.3656825433102203
1088,0.0017543931414825541
1089,0.9182886233582933
1090,0.0473176773182813
1091,0.9743200848867231
1092,0.04585685406013988
1093,0.10774923855532012
1094,0.998592076921564
1095,0.7616781505861692
1096,0.04624297983713143
1097,0.756429789713609
1098,0.01963040810708571
1099,0.3888696332674381
1100,0.12338600622139546
1101,0.023975465099374507
1102,0.12398203046584862
1103,0.18671248575567476
1104,0.049089988808157514
1105,0.12656486662358307
1106,0.22018041534935015
1107,0.052746541418246
1108,0.033278509253129106
1109,0.3836687299366859
1110,0.8146398643882014
1111,0.006988713455904362
1112,0.019863034025519217
1113,0.5993324633297737
1114,0.34359896396053946
1115,0.17302652263233986
1116,0.10621161692439188
1117,0.7295820373456654
1118,0.15582583312301285
1119,0.013196922044576252
1120,0.02381776687805914
1121,0.045048231855702975
1122,0.03652933125645005
1123,0.46582784839405256
1124,0.03765581679152404
1125,0.16245661766896055
1126,0.9720075459908839
1127,0.3799452038430924
1128,0.019072863913906238
1129,0.05746884810537448
1130,0.00803509402848052
1131,0.018485361780118614
1132,0.009754096775570688
1133,0.002782797084670663
1134,0.9982706927749269
1135,0.013558067856954549
1136,0.018886741074904262
1137,0.002501258522379794
1138,0.9292588499178048
1139,0.16364960237077497
1140,0.6794212844167367
1141,0.9832581258064772
1142,0.0039270325424946885
1143,0.13310682185284123
1144,0.9275733789012093
1145,0.9680298740365726
1146,0.9986885964306138
1147,0.0650014580816232
1148,0.003085934120941725
1149,0.29599905165470575
1150,0.9834622283146359
1151,0.0018711016184377455
1152,0.19362812006987393
1153,0.9913391035044484
1154,0.2289990810494404
1155,0.014675627616740594
1156,0.24454399127526025
1157,0.5248255454048928
1158,0.5945231700561985
1159,0.8934288730999009
1160,0.02049573019978596
1161,0.008773403394590587
1162,0.22965536722307567
1163,0.0038706730505267614
1164,0.23320818374772953
1165,0.023013615403922147
1166,0.44192943601022633
1167,0.944256466445885
1168,0.9831098072090736
1169,0.8198496205421342
1170,0.005331432581423409
1171,0.0141777880401734
1172,0.9562538541550907
1173,0.052323661128005884
1174,0.03390902462686154
1175,0.26251091505835056
1176,0.05091680394199405
1177,0.0029268200425446394
1178,0.007350346277199157
1179,0.010682142981253303
1180,0.969589851185543
1181,0.05607840010242729
1182,0.020333721848680604
1183,0.03545991630616583
1184,0.6946899420075677
1185,0.05537418552266933
1186,0.8732291401143775
1187,0.017708395726567037
1188,0.0035706233058231006
1189,0.16415905116515658
1190,0.1145362844813788
1191,0.08928293087824678
1192,0.9700523456729604
1193,0.08486634285779862
1194,0.042835472841534876
1195,0.0069550093179132425
1196,0.22515214053761662
1197,0.8505977744610871
1198,0.11501255916506169
1199,0.9767491347521995
1200,0.5759748553083163
1201,0.08916583855639885
1202,0.3995760921844399
1203,0.02982011106563484
1204,0.567906775344062
1205,0.023169980232995806
1206,0.7028433089768331
1207,0.0232278704883701
1208,0.1919804152441639
1209,0.09936844896773586
1210,0.9328572240805273
1211,0.6459083297527196
1212,0.010498225909035491
1213,0.00879734186482462
1214,0.013269360457572557
1215,0.028948407827354125
1216,0.012233191501659732
1217,0.4836930301916677
1218,0.08418644833424083
1219,0.01821988089894178
1220,0.8928648859638985
1221,0.094360807650885
1222,0.5262488127763223
1223,0.04469874710181781
1224,0.20898990021484792
1225,0.8257059342824082
1226,0.1452613588513583
1227,0.9904317160885481
1228,0.08483316816497838
1229,0.8051707677497526
1230,0.003810491990306083
1231,0.9545333299233847
1232,0.6215607562877504
1233,0.024127837032226842
1234,0.035497932092734316
1235,0.8496710135606298
1236,0.4713414312373818
1237,0.26423943206056955
1238,0.07049816818412305
1239,0.4434897322538358
1240,0.5414798875054793
1241,0.046400875277475745
1242,0.007913020564859522
1243,0.2371506274794803
1244,0.2972380313821989
1245,0.027176600046724765
1246,0.0024456939444183028
1247,0.018516062142253868
1248,0.1298195275206962
1249,0.9908187429135552
1250,0.18533090609858166
1251,0.016739945554278168
1252,0.9072666708659389
1253,0.9750657437986212
1254,0.9982395927431797
1255,0.7583288497832805
1256,0.06853400878102842
1257,0.9699662736104846
1258,0.00734684918745138
1259,0.9984848128221447
1260,0.44198007865635003
1261,0.08636357571909455
1262,0.002948037186922146
1263,0.0066589906653214065
1264,0.04809880559460414
1265,0.9909965587619112
1266,0.007616877109766338
1267,0.9745037277746028
1268,0.0602878846620003
1269,0.026598990206945672
1270,0.4927824416090546
1271,0.021076899698264602
1272,0.04774670234753711
1273,0.36455956613855695
1274,0.9250539274179427
1275,0.2724362945822434
1276,0.039820517550220376
1277,0.1393401290569497
1278,0.2626232405517909
1279,0.008251053687516956
1280,0.9488682406468124
1281,0.02068631491532156
1282,0.9206149381035531
1283,0.03656909871021195
1284,0.08492211549093304
1285,0.4848860567944078
1286,0.22916296474228592
1287,0.4507038341881864
1288,0.30156750679606215
1289,0.0013086781509331824
1290,0.3302226407308533
1291,0.10102330500326072
1292,0.1222846184373927
1293,0.03749622518843826
1294,0.17611877191211006
1295,0.3852879994239337
1296,0.7546072847928189
1297,0.04448753790350504
1298,0.01427194288622341
1299,0.011102519179264341
1300,0.27271619106207406
1301,0.06410054886766396
1302,0.04939203714849623
1303,0.9686417041768816
1304,0.0542093383695732
1305,0.9967022698574436
1306,0.22052734716629613
1307,0.008560207123244241
1308,0.007550355583387423
1309,0.9888123426387666
1310,0.07480469207356526
1311,0.03428557813439077
1312,0.6514722718372841
1313,0.0027482527545466696
1314,0.9479302011482851
1315,0.018921902775998985
1316,0.054173072443150186
1317,0.3958225133787958
1318,0.21205404937497974
1319,0.1285763146433032
1320,0.30736463129146097
1321,0.9708719715339396
1322,0.008570888359200403
1323,0.03986023428235591
1324,0.03036697464070736
1325,0.015345484992805032
1326,0.9745272597133843
1327,0.8905782483463847
1328,0.007434413196399618
1329,0.29917192850697155
1330,0.9718603899027662
1331,0.2712764174527384
1332,0.07676982327280842
1333,0.017118263866608852
1334,0.8289593880199049
1335,0.21139069528873955
1336,0.007625479868791599
1337,0.009046716429208597
1338,0.006770501023983494
1339,0.054901110891078936
1340,0.4748561740125581
1341,0.9210041405836785
1342,0.9413739571064841
1343,0.37159072024101375
1344,0.3633204962961103
1345,0.03473188332566205
1346,0.9984622115646337
1347,0.82902020114801
1348,0.06851630388231256
1349,0.008541737778191564
1350,0.1756625189190177
1351,0.06035225896377927
1352,0.266367989351821
1353,0.013374222818631164
1354,0.06971035171590999
1355,0.9858078401952644
1356,0.02136065346099699
1357,0.6071368836965143
1358,0.18922706877470372
1359,0.05827759499558427
1360,0.9709341872613964
1361,0.1309017585768177
1362,0.9175474647528221
1363,0.893147491177549
1364,0.02262534819498068
1365,0.9609090979731598
1366,0.05280027353050096
1367,0.9259723011089199
1368,0.8342377423264489
1369,0.2570772228427498
1370,0.4999038476675387
1371,0.4351640243706497
1372,0.02407510092222581
1373,0.1604480568081878
1374,0.022632230579836675
1375,0.9461057108582401
1376,0.07741052810447772
1377,0.9987253932101838
1378,0.04763666967496025
1379,0.006664151580589789
1380,0.9049179379842653
1381,0.8595016348942286
1382,0.0014985067350970077
1383,0.9890643140475861
1384,0.02482840901430218
1385,0.520046354731499
1386,0.7605338627585937
1387,0.9643421063205805
1388,0.8830850007775081
1389,0.9983444486003714
1390,0.006390965449082251
1391,0.9814189964034425
1392,0.36705477997474684
1393,0.7271340269858576
1394,0.004171717936895338
1395,0.7071354085929641
1396,0.05607774856935138
1397,0.03719496653709853
1398,0.018322869844616306
1399,0.9949361783392883
1400,0.03260386705983494
1401,0.009216187686265915
1402,0.003955987510787402
1403,0.4747176291138552
1404,0.008004730724319203
1405,0.10150987577011425
1406,0.03619510805675383
1407,0.13547037417682145
1408,0.01751452837612394
1409,0.0038186176323021584
1410,0.008418920990847597
1411,0.05435917868026443
1412,0.6887122397322663
1413,0.8458430157114567
1414,0.011772182005538694
1415,0.19391101557867396
1416,0.9792058090933048
1417,0.039048155168953824
1418,0.2047463201721234
1419,0.4760124463765245
1420,0.30771555534969086
1421,0.9757914609313473
1422,0.03372953015171953
1423,0.0030043451166865674
1424,0.007594744473799789
1425,0.013220573752235915
1426,0.017429638982515337
1427,0.005762685529607707
1428,0.02649556586490627
1429,0.010656699203282712
1430,0.12319088246959585
1431,0.568462896548081
1432,0.05340321029566923
1433,0.7111813214290209
1434,0.6900831688842456
1435,0.006260382197839963
1436,0.002751379978582813
1437,0.9742627974957951
1438,0.01460239463140518
1439,0.9748837044879327
1440,0.014107496484441682
1441,0.04210498572684591
1442,0.6226918306494371
1443,0.0238399978959406
1444,0.12698818527860953
1445,0.7344379567246657
1446,0.8623942003813423
1447,0.07400421063927237
1448,0.08714452235464112
1449,0.826525686204659
1450,0.18319692782461866
1451,0.0018604687011176983
1452,0.2334955332258003
1453,0.979140926950352
1454,0.9863750061359542
1455,0.06594808203577784
1456,0.059623061495339344
1457,0.07271364785098737
1458,0.9720297888070972
1459,0.9683428615666734
1460,0.01372371258205644
1461,0.04488244234956956
1462,0.0457086335709958
1463,0.9428465473203564
1464,0.16830728367420578
1465,0.020588003198161984
1466,0.6416477429716974
1467,0.42449143752549967
1468,0.9631153066017284
1469,0.9899641752714141
1470,0.9855728744973177
1471,0.13740366737986884
1472,0.21198474042478566
1473,0.9878758083421754
1474,0.21718790558472967
1475,0.17117775522584616
1476,0.9811550094796324
1477,0.7206811171859336
1478,0.25412746879474807
1479,0.04483252623252587
1480,0.2951876083069376
1481,0.012025295023840293
1482,0.954894314622782
1483,0.05606328765308565
1484,0.06735882514586883
1485,0.024897513933020317
1486,0.0890563032111906
1487,0.21291435816058635
1488,0.1543393792488608
1489,0.06248663510394684
1490,0.8466699889609017
1491,0.004871422590029955
1492,0.9862331381789238
1493,0.9966962521280642
1494,0.9962612061256421
1495,0.10068109891979972
1496,0.5756073362305087
1497,0.03146392876508979
1498,0.8173216340396783
1499,0.7547377821527477
1500,0.05015327626302561
1501,0.07194028556648044
1502,0.09998168238885581
1503,0.0885350862428334
1504,0.03578002320452435
1505,0.27216562773790803
1506,0.12277483315868284
1507,0.9098095009679317
1508,0.028425144524548498
1509,0.009207663894483081
1510,0.1367200965600267
1511,0.5872944258145119
1512,0.04866809481979224
1513,0.44711636044935155
1514,0.8479443284133363
1515,0.027348119380616334
1516,0.0905436284241129
1517,0.0031268369426623397
1518,0.37446104366240646
1519,0.08840081896623739
1520,0.01561854393613201
1521,0.007591796327222188
1522,0.03756882111382939
1523,0.02343093137190506
1524,0.9120461239738699
1525,0.007224722356672753
1526,0.009519180182056788
1527,0.6959320980819452
1528,0.024490595327201513
1529,0.9567765727108439
1530,0.02488911545535482
1531,0.2812264440075314
1532,0.9519921930327859
1533,0.07034636571622066
1534,0.01757888292222062
1535,0.008761586506121573
1536,0.06824752700607419
1537,0.5619419816925161
1538,0.14518721740408375
1539,0.5415633009430302
1540,0.9557358093094652
1541,0.8154451506419297
1542,0.13216408446962416
1543,0.0037429432122915163
1544,0.04032799978097075
1545,0.05153442306461913
1546,0.7851538544692178
1547,0.6672288689464093
1548,0.02718980221529433
1549,0.8962098197687962
1550,0.6811302762008888
1551,0.1038617063658116
1552,0.001974667919015713
1553,0.8150083995501254
1554,0.025925382435088982
1555,0.005502365053449145
1556,0.0042964113779224945
1557,0.06650912017701785
1558,0.010202904814201259
1559,0.17612300684617835
1560,0.029934399161211253
1561,0.031244381332338214
1562,0.22732588646708818
1563,0.24444234094195122
1564,0.181833360392817
1565,0.023708586934068344
1566,0.003387645553420774
1567,0.12894047333207087
1568,0.6295217762185722
1569,0.16457027529871954
1570,0.043357437657060995
1571,0.3402904575142863
1572,0.2188458466440426
1573,0.4426606184058901
1574,0.24842892321491786
1575,0.03323177948376292
1576,0.9014460241596551
1577,0.0720783256951669
1578,0.004651398647115064
1579,0.5519883231000873
1580,0.9743068071392238
1581,0.9776970216847047
1582,0.10543611109194354
1583,0.017259099423182666
1584,0.10726101491046684
1585,0.971783967583308
1586,0.02484655139433618
1587,0.00877975533154655
1588,0.9673857368226
1589,0.9293258216064073
1590,0.04124493444540232
1591,0.015680697130059706
1592,0.021378758538028186
1593,0.12174967127440472
1594,0.006686540863925409
1595,0.29542282322766533
1596,0.1310790675021591
1597,0.915974691004099
1598,0.404502980735571
1599,0.07832152314468005
1600,0.07795247446236783
1601,0.1612773855623209
1602,0.2678595607293259
1603,0.9062791276606539
1604,0.8581003361991091
1605,0.9840857762638724
1606,0.017612165997255638
1607,0.021429726561620305
1608,0.04405073674984891
1609,0.8201087917129868
1610,0.9117489715161231
1611,0.8412765832333269
1612,0.07274119001392824
1613,0.060077394029143534
1614,0.03069499388292847
1615,0.963429357701999
1616,0.09168859676590473
1617,0.0023029669259767693
1618,0.022920976983391107
1619,0.054990415343938864
1620,0.07535664583014484
1621,0.9195707821308743
1622,0.07015740087363288
1623,0.12422201755523178
1624,0.9787303330869183
1625,0.003725080369233664
1626,0.014714534254004121
1627,0.2798449803776478
1628,0.992728488285101
1629,0.0424167384403768
1630,0.041846957207265556
1631,0.015030181640277647
1632,0.052273591716485684
1633,0.8539339291147178
1634,0.5966847892928708
1635,0.02298154407311108
1636,0.11147659661774191
1637,0.255410589537307
1638,0.9981352414664137
1639,0.07380460841781425
1640,0.1938366466914776
1641,0.03297419092684142
1642,0.07191767299952086
1643,0.028808155536715604
1644,0.1249016757512008
1645,0.006021884025234252
1646,0.0347964490156907
1647,0.22498535881349294
1648,0.0062557899791574135
1649,0.009602652844705337
1650,0.14225336466350472
1651,0.11085059153956306
1652,0.11919429060425737
1653,0.015487676695759373
1654,0.04364220342889276
1655,0.18537211004604337
1656,0.5497328733339594
1657,0.19768029347553373
1658,0.1636309703602662
1659,0.10828582559372832
1660,0.004050193534759685
1661,0.5847254177705903
1662,0.1649497472664705
1663,0.13765593414971794
1664,0.004803780036035817
1665,0.6718885183574865
1666,0.35642821462762825
1667,0.9520379755372528
1668,0.038080983388948025
1669,0.027034636706492584
1670,0.009261964311935492
1671,0.11329100966530238
1672,0.10646478158667487
1673,0.0056106050919782526
1674,0.985246310868386
1675,0.01952261102769165
1676,0.0036032729305264053
1677,0.45630515958540685
1678,0.13710350591609305
1679,0.046896331042656274
1680,0.15521012665017164
1681,0.12601405347880065
1682,0.001504033422065146
1683,0.01797979793064542
1684,0.0031438758364442363
1685,0.10568582181349018
1686,0.06647742136966976
1687,0.08869303972217113
1688,0.06949004439438398
1689,0.9984540715527467
1690,0.3232383888503604
1691,0.9492955162166703
1692,0.9864302047719269
1693,0.9856804108109634
1694,0.6468109219845407
1695,0.9052386736710863
1696,0.956988404095668
1697,0.03551842703129214
1698,0.2652711173434936
1699,0.5816486436201846
1700,0.1975130113736312
1701,0.010528521442098255
1702,0.024693101566018394
1703,0.9981191213698395
1704,0.006966230088732478
1705,0.4725119454420104
1706,0.06949681685023065
1707,0.24316565027074882
1708,0.009604526705416326
1709,0.9555727353633059
1710,0.0018507578870314754
1711,0.07262160375786664
1712,0.029428051655113883
1713,0.15031161299498233
1714,0.20430583265051902
1715,0.0019841939903024524
1716,0.01366411990060084
1717,0.23224168030647058
1718,0.05595853769908046
1719,0.14488559570346754
1720,0.002356508303149209
1721,0.033675453334060676
1722,0.03746065614261332
1723,0.8593936400969447
1724,0.0034183277315394736
1725,0.0666866687121219
1726,0.013381881316988312
1727,0.40112933030906706
1728,0.34558628476158804
1729,0.01099437154375187
1730,0.988432416165087
1731,0.30176414954627795
1732,0.0065297790754563385
1733,0.9885678054876438
1734,0.9838588230320675
1735,0.06888261369435303
1736,0.05951151190689137
1737,0.9984484454494785
1738,0.2755010704297499
1739,0.8492355448724858
1740,0.010122037474821806
1741,0.9758462770026193
1742,0.011512032928513334
1743,0.04035634509503107
1744,0.014857492318913094
1745,0.123111760059238
1746,0.07386181460912175
1747,0.004477966918878221
1748,0.019824433520202165
1749,0.9724117391502458
1750,0.04323509805918572
1751,0.00225594795934147
1752,0.8898020646790662
1753,0.18315294913948918
1754,0.3631006726461051
1755,0.949110214283556
1756,0.7661662861716791
1757,0.015825345010096255
1758,0.10293586362529059
1759,0.009130185077984885
1760,0.7136257901812406
1761,0.012844431854669538
1762,0.8600887027037041
1763,0.2856640905747547
1764,0.05868972164019979
1765,0.08720634369946362
1766,0.025102424229308647
1767,0.9050663148013326
1768,0.988200817298754
1769,0.002903862740128
1770,0.029386831491845074
1771,0.6859823497835602
1772,0.8968410508759772
1773,0.9975455700700951
1774,0.6306849828012887
1775,0.9276622290407747
1776,0.7876871587455612
1777,0.0020357773967460456
1778,0.060246197826802565
1779,0.40391460688524217
1780,0.006447084241962753
1781,0.9831401588782136
1782,0.019525876924012742
1783,0.8090654304209689
1784,0.21012599818216696
1785,0.011569144673783144
1786,0.5792099780447547
1787,0.7439946569056326
1788,0.017389324307395294
1789,0.0199838120546274
1790,0.018795382137285807
1791,0.012743201718846891
1792,0.24357000781823557
1793,0.1021599279343604
1794,0.004037394235451083
1795,0.04059736990185172
1796,0.1405128470020432
1797,0.2611606014099486
1798,0.033860671573689036
1799,0.011992554624074631
1800,0.03553319733784422
1801,0.02098572928983163
1802,0.18829904091914718
1803,0.5286783071383533
1804,0.0011166917045597289
1805,0.1607918292640329
1806,0.6181050264197046
1807,0.012164726273175303
1808,0.07626810194813408
1809,0.024278475735523865
1810,0.01303119773469445
1811,0.014938055854893391
1812,0.22223386110035454
1813,0.050757829607272945
1814,0.24083550216430288
1815,0.05881434045305756
1816,0.06922503433946804
1817,0.2819266574540168
1818,0.026487496820542137
1819,0.04523145112300701
1820,0.9784034399830767
1821,0.012433138474638644
1822,0.1648599549867789
1823,0.30626047584025695
1824,0.023794738455213904
1825,0.9872997548378508
1826,0.013156664018612839
1827,0.9875852110939947
1828,0.006204461243886194
1829,0.11554635404835226
1830,0.3082028278279527
1831,0.04996436053563928
1832,0.024374224572373066
1833,0.9891317468497209
1834,0.07222922076969715
1835,0.013155753532235885
1836,0.017950979407731018
1837,0.019706874570026827
1838,0.018047643378169408
1839,0.02287506082625254
1840,0.0491579716291809
1841,0.9786628925724183
1842,0.08526207408131856
1843,0.19668936369871723
1844,0.008079992051550355
1845,0.9746510082268558
1846,0.04082803755365702
1847,0.04220895866329977
1848,0.9151152854920854
1849,0.39013739767716704
1850,0.11102365313012628
1851,0.044628724036225496
1852,0.07545925717295404
1853,0.03788956328422806
1854,0.08399717998661684
1855,0.012082374832249873
1856,0.943205808892585
1857,0.01268539509193731
1858,0.026965178522173852
1859,0.20143146302058107
1860,0.10082991044971072
1861,0.011824063773248301
1862,0.16777474248264784
1863,0.005543221468539984
1864,0.8087935539042446
1865,0.00587244521604909
1866,0.06027798398089901
1867,0.04744221956391456
1868,0.4027646292340615
1869,0.9903244584077276
1870,0.053545763931316895
1871,0.3200696808697077
1872,0.10217614932825167
1873,0.02040074656023908
1874,0.5945434750248542
1875,0.3107059968043458
1876,0.0414392217168396
1877,0.012294583873882818
1878,0.009845115771920092
1879,0.07080497128284809
1880,0.10835111089317398
1881,0.11007029966604326
1882,0.00671822845046501
1883,0.9945110761428181
1884,0.9726888509285507
1885,0.0020574146225568477
1886,0.3414012689792646
1887,0.3319275999093121
1888,0.04481434088429729
1889,0.0024294650772275286
1890,0.0070643308146759055
1891,0.37342000254797436
1892,0.7947337525896729
1893,0.9000312053459176
1894,0.07847515739525734
1895,0.01843001153244506
1896,0.9542103271893303
1897,0.0019470427409438403
1898,0.8852243419686043
1899,0.027046042356346858
1900,0.07454143150505126
1901,0.25082933960895515
1902,0.10915935892292283
1903,0.038262912725151664
1904,0.09164234909150637
1905,0.031150487237272793
1906,0.9987889421170381
1907,0.05334997272945108
1908,0.004201097612712367
1909,0.25267621552240105
1910,0.9877670038915471
1911,0.05155333914220591
1912,0.0453448295020152
1913,0.7504372587647496
1914,0.07038080601436267
1915,0.9781652847049906
1916,0.0902344071949102
1917,0.9877456630383357
1918,0.5905317104278415
1919,0.1721827566826778
1920,0.19928481213608876
1921,0.9662641889138144
1922,0.21610830730850067
1923,0.005239865114987338
1924,0.8757517646320945
1925,0.18531769978091714
1926,0.9450758905807327
1927,0.968583677859064
1928,0.3818377714420167
1929,0.18635255021598357
1930,0.9393196510564906
1931,0.017105222248007874
1932,0.05820491230432635
1933,0.125225273184758
1934,0.269214906793981
1935,0.979602095109962
1936,0.12552861927010922
1937,0.028080814275889602
1938,0.04377063627591972
1939,0.032149121522701635
1940,0.43665193502853517
1941,0.008005794437152637
1942,0.9114673052565381
1943,0.47283480768626684
1944,0.007579865228791945
1945,0.003002950858257247
1946,0.3148487292179033
1947,0.07346512894957173
1948,0.3964599487540888
1949,0.006298096740728043
1950,0.3760223778714278
1951,0.9569905621209247
1952,0.9455744582312522
1953,0.18699630287869554
1954,0.06067243015422426
1955,0.01942816059778567
1956,0.026747903747727564
1957,0.8303682173751497
1958,0.22091518125476334
1959,0.05830764959531419
1960,0.044409216997245766
1961,0.18463856124616868
1962,0.17222601612150767
1963,0.13852183700103868
1964,0.14783190249499514
1965,0.06360578553772771
1966,0.9799191002493237
1967,0.030821278864483527
1968,0.04255952863209974
1969,0.1771472759546703
1970,0.14942495961177246
1971,0.9824563231165184
1972,0.7173892893153178
1973,0.04559722415186446
1974,0.8948680277714558
1975,0.6359530907356525
1976,0.02043334276205986
1977,0.9840115643777216
1978,0.029523535979923486
1979,0.9982820213280013
1980,0.9627227645394287
1981,0.5099222413827251
1982,0.2636784795389394
1983,0.05221220287406142
1984,0.3841784674138858
1985,0.0475332649113121
1986,0.14052896086849453
1987,0.46014728326103815
1988,0.0026327808700742222
1989,0.057956403116853974
1990,0.3713407396512239
1991,0.9716800819993765
1992,0.10140919212655222
1993,0.006987511628006909
1994,0.9333863542506722
1995,0.4726334593976109
1996,0.36886138274139585
1997,0.40677317685052633
1998,0.5584190474004112
1999,0.9552173945969823
2000,0.13656283226198035
2001,0.03452993887758357
2002,0.04940697326003258
2003,0.9833408118854625
2004,0.03679876642491534
2005,0.03215967365535432
2006,0.9802543644110214
2007,0.04292504846192839
2008,0.23569497380577403
2009,0.10126901303839594
2010,0.9568868998147007
2011,0.9326142340801801
2012,0.712381557710586
2013,0.8558589520080873
2014,0.9785645385005209
2015,0.005864363631232758
2016,0.8980978297986453
2017,0.809467073670757
2018,0.003979453849317886
2019,0.06861190974747275
2020,0.003942217068383323
2021,0.8878045156482699
2022,0.3112594585741506
2023,0.3534850542961924
2024,0.9878363568108327
2025,0.8488490986160653
2026,0.7066180625668231
2027,0.009599113845297963
2028,0.11149612922178376
2029,0.0015061527666562875
2030,0.975194934075557
2031,0.16756982685479055
2032,0.9891589317095744
2033,0.5201293842811661
2034,0.963680288319708
2035,0.9923692969385196
2036,0.06978488604612387
2037,0.011414442977990137
2038,0.028471641034695922
2039,0.9971091697410377
2040,0.004373550623924825
2041,0.5490985977227518
2042,0.24915910690120235
2043,0.9893021526944286
2044,0.8105597412540821
2045,0.002751485953847348
2046,0.005044303135134449
2047,0.17875620836586373
2048,0.08168877656199887
2049,0.9647208004467537
2050,0.9616692978964835
2051,0.7391643114441114
2052,0.02741887745029288
2053,0.2211872279788928
2054,0.7506233051713759
2055,0.006124836635751755
2056,0.01506176725107657
2057,0.821380204175463
2058,0.0024137622344730467
2059,0.009648169786395516
2060,0.023002007991462688
2061,0.317991347697182
2062,0.1387409987037458
2063,0.0284852266540647
2064,0.8560595870066934
2065,0.7866838546193998
2066,0.22545006553316307
2067,0.983339010508161
2068,0.7284361140644584
2069,0.34584216503219056
2070,0.1752830819746038
2071,0.49279397750736287
2072,0.28737642922028617
2073,0.005946997135964846
2074,0.08557994615019554
2075,0.4303005543805848
2076,0.016085281011217617
2077,0.11931248754283746
2078,0.008154970656082908
2079,0.021312578823827116
2080,0.010343152035124297
2081,0.6193568564034034
2082,0.21448518882775364
2083,0.01994279930304152
2084,0.767978194344797
2085,0.0758386636499716
2086,0.015424795972101092
2087,0.05651159340664494
2088,0.981917037416322
2089,0.048152560131103486
2090,0.6961234652699213
2091,0.1149792625900524
2092,0.015299166169554367
2093,0.01724461570735538
2094,0.5172569697092333
2095,0.9986342941357551
2096,0.2560025126138569
2097,0.004925683933293547
2098,0.5603012506888322
2099,0.40727912136686084
2100,0.9910036327599006
2101,0.01760651181719228
2102,0.7653431921408662
2103,0.13957390355144228
2104,0.018835696517934188
2105,0.004324235620798037
2106,0.021161111439616836
2107,0.8442811232129881
2108,0.017322689907014414
2109,0.007557726450693575
2110,0.005733955845734733
2111,0.6660509266967005
2112,0.02168229289998175
2113,0.49847942853169885
2114,0.3238534090992156
2115,0.1258620299912974
2116,0.9615412708407798
2117,0.9286186736390241
2118,0.006560624406027617
2119,0.959837438198001
2120,0.1594228294414672
2121,0.029674191464660958
2122,0.18098391441924117
2123,0.93186336969596
2124,0.012682597786320342
2125,0.8086203788980666
2126,0.05835620540583782
2127,0.05305726435798371
2128,0.04088189170627446
2129,0.12527962993625003
2130,0.03923743222809864
2131,0.10855187580992678
2132,0.9755432702581828
2133,0.02522087104434914
2134,0.010083012386545647
2135,0.1744136889127504
2136,0.006668149624844482
2137,0.9951584572007198
2138,0.005607332413542363
2139,0.07202999566865076
2140,0.02141436248832997
2141,0.25104490787962774
2142,0.1623499788945883
2143,0.7688004877991803
2144,0.8201691669868731
2145,0.9212318706137392
2146,0.31554438747882274
2147,0.9967283788243548
2148,0.012934536981730983
2149,0.9833583161840336
2150,0.3986771485607147
2151,0.9381251585294113
2152,0.687877228035463
2153,0.19395409261417323
2154,0.035201408304672326
2155,0.14783922124455412
2156,0.9774406865943339
2157,0.009245710072327485
2158,0.6024130883162083
2159,0.897115641651659
2160,0.7988219261337678
2161,0.006028906555584692
2162,0.15930471281254305
2163,0.019358288300092594
2164,0.06282959622943793
2165,0.21087232107072262
2166,0.21641900043512496
2167,0.31387668647980205
2168,0.04367182646476934
2169,0.06265352637816685
2170,0.9442404015297449
2171,0.015157227531468547
2172,0.5622907688278891
2173,0.9751108945868969
2174,0.21548538704824022
2175,0.013629044380332184
2176,0.06780574036412171
2177,0.023923443900187653
2178,0.03198399095010977
2179,0.05842327186809078
2180,0.7940210972411899
2181,0.017649333816356957
2182,0.004999934171400855
2183,0.28756764718473976
2184,0.04732634874900308
2185,0.06930225484494681
2186,0.36294611075082545
2187,0.03360620077020128
2188,0.05605910851579988
2189,0.4774046952228509
2190,0.002393281464919181
2191,0.9860977736097143
2192,0.9619868927007538
2193,0.03260812698465863
2194,0.020451020320602774
2195,0.048090367395169586
2196,0.06710932871178278
2197,0.9676561327872989
2198,0.9254833787841912
2199,0.023245903120085346
2200,0.009857755316344283
2201,0.10905371213984433
2202,0.007113036868834336
2203,0.9564287876397486
2204,0.9395903122884179
2205,0.530939023719135
2206,0.2620174424103403
2207,0.1300471898358605
2208,0.9459253214247348
2209,0.3460863658212299
2210,0.14112332199852634
2211,0.03785701936643297
2212,0.6290278259122081
2213,0.005945665732813009
2214,0.014220750319627804
2215,0.009304157741386588
2216,0.5152509954623783
2217,0.14567706030715782
2218,0.03359859392711816
2219,0.003684860759968076
2220,0.008839964371225277
2221,0.02692223617374421
2222,0.0034539453543863253
2223,0.9623633377363734
2224,0.17330196119597482
2225,0.004257559714415093
2226,0.3077612599853034
2227,0.812401740470245
2228,0.21288146605122443
2229,0.002465892081593646
2230,0.8157952552940371
2231,0.032983117632415286
2232,0.38771016644377587
2233,0.005490319720289665
2234,0.963642283680523
2235,0.05289055258573667
2236,0.30012195570670797
2237,0.023867501097094776
2238,0.14082878373686497
2239,0.8187890870077932
2240,0.34034921879164004
2241,0.008455693713964556
2242,0.008752950437986254
2243,0.10148464825002296
2244,0.0019835471967395617
2245,0.006930665330961867
2246,0.08785884706918573
2247,0.030770776767902505
2248,0.04690345353318599
2249,0.5519164495464703
2250,0.03203134992138867
2251,0.41073338287322314
2252,0.5874033436458825
2253,0.9793116299077844
2254,0.01139788042239875
2255,0.036241985404419336
2256,0.20465977757286294
2257,0.006981490370876925
2258,0.013540122606248671
2259,0.024127723552886268
2260,0.4176914715247269
2261,0.5640427799542947
2262,0.8653484377151952
2263,0.3217018062305277
2264,0.058961979026921726
2265,0.004705694324388972
2266,0.46695823959489585
2267,0.9558984274723088
2268,0.12505399050298033
2269,0.35899603231529764
2270,0.07877207882687512
2271,0.2212549414983474
2272,0.08687491634319484
2273,0.9853143895760511
2274,0.914009236960182
2275,0.001738890540868056
2276,0.048011693715440236
2277,0.9663990843024561
2278,0.7051589605614801
2279,0.01990487307723738
2280,0.03101628813542645
2281,0.29722337772432555
2282,0.06914189366855698
2283,0.09838903137286346
2284,0.630340779972092
2285,0.05057754040872116
2286,0.9810640023468225
2287,0.06593779719449319
2288,0.006484476873955897
2289,0.007820329655100768
2290,0.008068514078272889
2291,0.9358272710905366
2292,0.12611586922936496
2293,0.02092335641988741
2294,0.03895604391450773
2295,0.973494716623446
2296,0.8798992966060538
2297,0.1967563128306084
2298,0.009376902977178077
2299,0.045191299461773235
2300,0.018862009031109024
2301,0.0316703789312555
2302,0.04103179005164528
2303,0.2592692521472961
2304,0.8887193047616178
2305,0.04910611004178501
2306,0.08268237087437852
2307,0.10887773631080584
2308,0.13128073132850146
2309,0.001988620449729788
2310,0.010923576295570229
2311,0.004798468591400644
2312,0.006203823155421881
2313,0.007148854545894636
2314,0.9821076451175748
2315,0.07297833822183714
2316,0.09600454098524784
2317,0.8641263325141606
2318,0.15325206629400395
2319,0.0024846174947032547
2320,0.08624491914355525
2321,0.9987455728549974
2322,0.5218275133287339
2323,0.15283431562260388
2324,0.9455155749011604
2325,0.12206601630905098
2326,0.5723495551121924
2327,0.004692319619187642
2328,0.9906069183300324
2329,0.18678697674853012
2330,0.029056782926973238
2331,0.0024063733199924378
2332,0.08514083607543409
2333,0.9839893197287333
2334,0.0019952599443065883
2335,0.12631073551329067
2336,0.026990287349398213
2337,0.983256029461046
2338,0.09439375443075264
2339,0.9819418543176645
2340,0.04119566708789913
2341,0.008424946753174244
2342,0.3256538794058562
2343,0.9897250203306553
2344,0.06769117749769121
2345,0.011359573761329546
2346,0.035055567396709286
2347,0.39109380644400815
2348,0.0011897352270247253
2349,0.4086768241635646
2350,0.11196633828820177
2351,0.9191078297635578
2352,0.5621669297019847
2353,0.9803149244563316
2354,0.01064098407839403
2355,0.06725590836692343
2356,0.21824218761381753
2357,0.9600725341937535
2358,0.02283958601646919
2359,0.00891308611187993
2360,0.22915227669560717
2361,0.19057723709434493
2362,0.007751140814521186
2363,0.07441967775796055
2364,0.014024287804841579
2365,0.6809976138380003
2366,0.7581779726460023
2367,0.06254369808688888
2368,0.015708382191553696
2369,0.010962759693877217
2370,0.11091348034788545
2371,0.9933572340670571
2372,0.29863373426407447
2373,0.01834033364797873
2374,0.0018122056274462324
2375,0.9191643755619092
2376,0.022235578600301863
2377,0.26630730555699034
2378,0.9441825101003596
2379,0.009735921028167376
2380,0.011844975052793647
2381,0.01690582764377299
2382,0.7509596440676836
2383,0.5172770521610981
2384,0.93145476569698
2385,0.2884054992394511
2386,0.04636786018488308
2387,0.14411430257283345
2388,0.991064080389784
2389,0.00561128314844796
2390,0.21073326484127547
2391,0.19503264708082058
2392,0.01732754770889236
2393,0.053469307728321994
2394,0.6534725846846445
2395,0.12014431709503459
2396,0.031230222215867944
2397,0.649352594446847
2398,0.030958858487757993
2399,0.2518299750494033
2400,0.008223643781215472
2401,0.02560408469699236
2402,0.11448400649972013
2403,0.1758328822554726
2404,0.9700773726195442
2405,0.08399562136407418
2406,0.07408400726134975
2407,0.6215793292675704
2408,0.4050334007917095
2409,0.04497401575378081
2410,0.04469673235507113
2411,0.02719025194334084
2412,0.005240454610025905
2413,0.9750569144214651
2414,0.008008213863344191
2415,0.9911716668305283
2416,0.44255469347203624
2417,0.9199629546412862
2418,0.013956195809520053
2419,0.03346540925009598
2420,0.9882252939820535
2421,0.13481908852853777
2422,0.0025342346191469566
2423,0.013960866176661152
2424,0.014339452890586803
2425,0.5354345731921719
2426,0.8771639286269477
2427,0.9988718913335671
2428,0.0028234118304102654
2429,0.9455530591394271
2430,0.6031862260576174
2431,0.5769087080645123
2432,0.9507518189238673
2433,0.09516727766544772
2434,0.05845556127858463
2435,0.10470679421734314
2436,0.2839279827473278
2437,0.9736761155936817
2438,0.12321453072385913
2439,0.1325917845588757
2440,0.2950705670565492
2441,0.996715240848423
2442,0.25553821199635446
2443,0.08132535726713974
2444,0.8677804874825761
2445,0.1419219914229487
2446,0.4810440137733502
2447,0.04027862337884919
2448,0.009568284527037486
2449,0.807479536827308
2450,0.19616077349164918
2451,0.00914556736549528
2452,0.4538053346405245
2453,0.5353327611731313
2454,0.018811515509717883
2455,0.23121577773083676
2456,0.005162698158895863
2457,0.9856516123849903
2458,0.23360688019035558
2459,0.8977728981959245
2460,0.04734747270744731
2461,0.006715356793760513
2462,0.015798797603505717
2463,0.8971314819602555
2464,0.0042248392229257015
2465,0.013283472039543191
2466,0.03203679758573807
2467,0.030853433833611006
2468,0.9650300962632349
2469,0.5668662303750998
2470,0.9939408318726529
2471,0.00887284255207666
2472,0.07499706891135358
2473,0.012155883286021126
2474,0.0024377964094562535
2475,0.004167945175299661
2476,0.7302363386512768
2477,0.04218624893850089
2478,0.006276309134182205
2479,0.2545883581672742
2480,0.9854455006357092
2481,0.018900940367693513
2482,0.21424195394261458
2483,0.5240123876720707
2484,0.008751484203632219
2485,0.8574154103124689
2486,0.07981656062515358
2487,0.9760686022642737
2488,0.47928705945349975
2489,0.030964600152893176
2490,0.265149954196751
2491,0.0016857972722945733
2492,0.3411184459510878
2493,0.451438112790985
2494,0.01362327541071983
2495,0.6171515106497306
2496,0.03301816857143201
2497,0.10176469821284106
2498,0.12235425372637364
2499,0.998492588280231
2500,0.012090917586778622
2501,0.04013311574487472
2502,0.018128972457315463
2503,0.18610364308424238
2504,0.9974179703527981
2505,0.07332165651893735
2506,0.0820523206227536
2507,0.44751840716752767
2508,0.08825162387248245
2509,0.032672191794605655
2510,0.03644280657576782
2511,0.19018782065237605
2512,0.037732358908124666
2513,0.06599346599567779
2514,0.0994800663850545
2515,0.07842393830450156
2516,0.03793447419402141
2517,0.7008030917635796
2518,0.16728184391760992
2519,0.2271201869841204
2520,0.028862374994289057
2521,0.23932983666648378
2522,0.22011587559729173
2523,0.07532259461490473
2524,0.016070740914491646
2525,0.052356385838591604
2526,0.03647265448912239
2527,0.35479498018803574
2528,0.2090394621265148
2529,0.0656818990321368
2530,0.8109088325288598
2531,0.01125933045105739
2532,0.9078547312746503
2533,0.1625189603972818
2534,0.035224792921786666
2535,0.9890392197232493
2536,0.11833764352272008
2537,0.03008844010351991
2538,0.01329429113673319
2539,0.5935101302464577
2540,0.03878119083077425
2541,0.17118995988403762
2542,0.1082343277254908
2543,0.16964955827052805
2544,0.9886840991495411
2545,0.003944362958718634
2546,0.3168974327331292
2547,0.016208313931749214
2548,0.3805078856980285
2549,0.0010139314999131632
2550,0.9297104185103604
2551,0.3885908964228838
2552,0.03555845811409901
2553,0.015546659237357879
2554,0.0024178057334730985
2555,0.8222412927256901
2556,0.9734023538360548
2557,0.2032941038049923
2558,0.01633071461180791
2559,0.20299270232912264
2560,0.1654514288438767
2561,0.010195353889196247
2562,0.7418133724120477
2563,0.1962299549716155
2564,0.927026400227527
2565,0.9044079049028942
2566,0.06400964882850417
2567,0.9794215083525398
2568,0.17401747860741817
2569,0.0029716329317179477
2570,0.0217700270789165
2571,0.6385583808734182
2572,0.05098739262864062
2573,0.05281120893662253
2574,0.008990117131265192
2575,0.9431587250886182
2576,0.9979714988401808
2577,0.09165461372293732
2578,0.009008740188899838
2579,0.29847834239466026
2580,0.11544876865811103
2581,0.9521429475027088
2582,0.02815781007636354
2583,0.11377025916209323
2584,0.20457353662698635
2585,0.06450786369635521
2586,0.013117082863514921
2587,0.07851467516054955
2588,0.8780031115333291
2589,0.006204579620433871
2590,0.00443470842627809
2591,0.059186535090971694
2592,0.1299883792402761
2593,0.13303174455506375
2594,0.1366835188712316
2595,0.04043120099851457
2596,0.05027799709357998
2597,0.9657487249940129
2598,0.9642256224003165
2599,0.0836047570838424
2600,0.17842759732303126
2601,0.03204807738215064
2602,0.0700715546243465
2603,0.9898941276117854
2604,0.9315863676620233
2605,0.07251697513440603
2606,0.13454003202611015
2607,0.25435210374492523
2608,0.9952487321480293
2609,0.05218904004616874
2610,0.9716712360580995
2611,0.9252907965095223
2612,0.0038363422108563198
2613,0.46892514609516445
2614,0.0033005644162900087
2615,0.007627522413000305
2616,0.011217814593084416
2617,0.011438138859799166
2618,0.007384561073833404
2619,0.9827247797707024
2620,0.039162530936326004
2621,0.9553271289919889
2622,0.18012133093829336
2623,0.029057970029445015
2624,0.10471281774733313
2625,0.013997688583269628
2626,0.8379867903545161
2627,0.0040810240777099365
2628,0.18724648192825638
2629,0.9563064810350527
2630,0.3357729060782103
2631,0.827722445250634
2632,0.9675491943124293
2633,0.29814761569227266
2634,0.9783908853342433
2635,0.6445678258889717
2636,0.9987590232623168
2637,0.17909469495765146
2638,0.011133811799339371
2639,0.048058315232731005
2640,0.005245363602382674
2641,0.01802958598330023
2642,0.46654416864902937
2643,0.9978209860092326
2644,0.9534866140439766
2645,0.0018564032938962732
2646,0.001161338264778739
2647,0.418209691473031
2648,0.006174980249943225
2649,0.9193762144159805
2650,0.12388045006154834
2651,0.025020040534593876
2652,0.7484044022490217
2653,0.6929553494365819
2654,0.014516039939070875
2655,0.036904965577673254
2656,0.09360797859496245
2657,0.7979359186076878
2658,0.6069659461350743
2659,0.21070215987148944
2660,0.9792149043977553
2661,0.004203578940236303
2662,0.005331084793991994
2663,0.011249950942951911
2664,0.014339484639745211
2665,0.9837946202834071
2666,0.9732574829676803
2667,0.11008929964529084
2668,0.42744855963547557
2669,0.3058959352706094
2670,0.6621961324116483
2671,0.19879803168963062
2672,0.07636356603237998
2673,0.028058459829690255
2674,0.0621344299525204
2675,0.03846019874953076
2676,0.9756986202997733
2677,0.997993543732519
2678,0.0882155176728085
2679,0.03948393550155271
2680,0.9782648839051897
2681,0.007073886161875107
2682,0.0029107511421930373
2683,0.5634694189625306
2684,0.0023809123855630366
2685,0.3224334033780011
2686,0.9264809963974832
2687,0.01464991102954204
2688,0.8112381062049654
2689,0.08428558288199481
2690,0.01118579945712769
2691,0.0366535279281385
2692,0.00808314534208586
2693,0.2189020990756636
2694,0.09098197431708421
2695,0.07407426974828021
2696,0.05502327648899762
2697,0.9942111258013743
2698,0.3934179952388615
2699,0.059797424165467516
2700,0.25254071087662977
2701,0.9434704104745255
2702,0.9369005494442796
2703,0.9650824772498721
2704,0.9070727721581571
2705,0.24741090836992535
2706,0.03794070194710922
2707,0.9988899421960888
2708,0.004459474628617781
2709,0.9210861031247957
2710,0.36064062454756085
2711,0.008128673470080719
2712,0.045952470062138075
2713,0.015467110418613877
2714,0.9256675302622204
2715,0.08513969186780324
2716,0.0015252506433629596
2717,0.9516355889683856
2718,0.1433449278316123
2719,0.12628143573055875
2720,0.4905423242289029
2721,0.041198619189264894
2722,0.981109977153668
2723,0.02312322040052333
2724,0.19285864209223155
2725,0.0025813938905917366
2726,0.8929136588289259
2727,0.9389836946912271
2728,0.006632412888182784
2729,0.5518660790568883
2730,0.28809761589231164
2731,0.014490240625328672
2732,0.3179020843780097
2733,0.006413161893468924
2734,0.014642317711055135
2735,0.0139395841987879
2736,0.2845297986490864
2737,0.015479256506693387
2738,0.6156732277263829
2739,0.18874510479946296
2740,0.8389354351090104
2741,0.9986387372011052
2742,0.9973246535172833
2743,0.09178689898173026
2744,0.2610287735605427
2745,0.9491430416342366
2746,0.9639238256059222
2747,0.6387372799303044
2748,0.06588112551446633
2749,0.05410814079802225
2750,0.010389852018206629
2751,0.05497022892529346
2752,0.11811792277601771
2753,0.059614844450400994
2754,0.050101916432439234
2755,0.7197335411872021
2756,0.30669388309875795
2757,0.09176007912641834
2758,0.08671495089719747
2759,0.10042245301764767
2760,0.26414261760017477
2761,0.8117754573187077
2762,0.970152491474178
2763,0.4426835831377016
2764,0.023206221660285947
2765,0.12604198193894597
2766,0.10936250675060616
2767,0.71065622354501
2768,0.00867689940104318
2769,0.977334125454499
2770,0.03481897123268245
2771,0.041662730664557876
2772,0.09882615357162476
2773,0.8706689772960872
2774,0.11780918615268773
2775,0.1830314138385823
2776,0.488322177557704
2777,0.04220870258967588
2778,0.09607530979902948
2779,0.046404834720108305
2780,0.5092869158954363
2781,0.6734431814635936
2782,0.0032762359221441767
2783,0.0022993592782386135
2784,0.055173476831764906
2785,0.009514701945144918
2786,0.003993439232566985
2787,0.0037199366094469635
2788,0.035495579191911465
2789,0.029688298213710346
2790,0.007012656037736854
2791,0.010866682734755304
2792,0.8286374548732303
2793,0.9273080706205332
2794,0.3871333207126815
2795,0.19946809998202342
2796,0.007199955273412333
2797,0.021525740674789358
2798,0.641716158860512
2799,0.9278464984929503
2800,0.046379131619592284
2801,0.9140987930176974
2802,0.03608739793052523
2803,0.9756603096511922
2804,0.01764155374768685
2805,0.02681492968740331
2806,0.03928251524618899
2807,0.034160001520127534
2808,0.07226066624795327
2809,0.135510788320713
2810,0.01324747285926537
2811,0.0031300489594346496
2812,0.9747572277475657
2813,0.03634839507406428
2814,0.0022819308304886047
2815,0.758473276967955
2816,0.03458167150918223
2817,0.03352621943752173
2818,0.6450783318563208
2819,0.9707794457713429
2820,0.9013840144223348
2821,0.01890157511065112
2822,0.15672856396899115
2823,0.4186087864850744
2824,0.2278124226979824
2825,0.04374193929913387
2826,0.9852163742654195
2827,0.0342047809788927
2828,0.03507522157635003
2829,0.901204955438554
2830,0.026663800081391645
2831,0.03025745909875375
2832,0.07276937823640506
2833,0.7724273336094918
2834,0.9779788101032909
2835,0.018250297704329295
2836,0.02015865085668247
2837,0.06018814965301289
2838,0.03400530881703637
2839,0.056627039107827626
2840,0.019634975995149965
2841,0.9958720815624544
2842,0.992374747416702
2843,0.9407788576794442
2844,0.015052282715279426
2845,0.00878333872198523
2846,0.18913914764965947
2847,0.014496519208683374
2848,0.012460204364527203
2849,0.012383955375948077
2850,0.0682982311701871
2851,0.8689440692880293
2852,0.016755847404431173
2853,0.8986632829270569
2854,0.0016453636145191044
2855,0.5845063660934332
2856,0.007571927115322113
2857,0.10547035848524944
2858,0.006356311476790472
2859,0.09360673135956957
2860,0.015141486644475316
2861,0.07306151424629048
2862,0.6004423969513907
2863,0.015435887805222896
2864,0.46515420865422274
2865,0.9678026351059961
2866,0.008301828909986422
2867,0.06144156745743552
2868,0.002107929755099358
2869,0.08201563441110668
2870,0.025541968518673283
2871,0.015393585576016245
2872,0.22847753454748515
2873,0.1602770330376717
2874,0.043586507262903286
2875,0.03900159045684386
2876,0.022399061112449315
2877,0.0390293756806109
2878,0.2676719254197777
2879,0.1231873010449664
2880,0.9432624264081801
2881,0.5608077801295688
2882,0.22598309813634
2883,0.011892371422730742
2884,0.774778944070905
2885,0.9583089200237984
2886,0.997945753791774
2887,0.8022051014732005
2888,0.12253150949970178
2889,0.05033858991185783
2890,0.407003843706523
2891,0.9928140183394025
2892,0.0020933490781715547
2893,0.44302288184791744
2894,0.26593878568361695
2895,0.9619148957695736
2896,0.061411888664632104
2897,0.006914872059040649
2898,0.5533422406388235
2899,0.05727224799551975
2900,0.07774584803239123
2901,0.0325408941281076
2902,0.20444280480408256
2903,0.0022169343163085747
2904,0.021146299539011863
2905,0.5767686409077588
2906,0.1454883590255281
2907,0.001674674862004967
2908,0.10276558087245238
2909,0.007266030253416973
2910,0.5205876958220772
2911,0.06007225607086761
2912,0.6181612823670284
2913,0.017867386562251928
2914,0.9764182412136598
2915,0.10874555950775304
2916,0.5233550440023638
2917,0.06096831365365332
2918,0.6966849178113883
2919,0.11009953661020004
2920,0.0272595329559803
2921,0.10791434435580166
2922,0.06108721462789093
2923,0.00853799060535568
2924,0.6680025296824426
2925,0.8595751704227569
2926,0.5970814907973506
2927,0.09782935140686012
2928,0.8215612471425109
2929,0.9690575830641495
2930,0.07648467540322176
2931,0.9964776052951735
2932,0.9763528854558505
2933,0.10574526454149247
2934,0.011236547185064148
2935,0.4332787754488091
2936,0.004612788873611957
2937,0.027055185063046064
2938,0.7341142979073856
2939,0.9673581150530497
2940,0.39221563406361376
2941,0.007400968784664896
2942,0.9258880596665877
2943,0.017601547591772498
2944,0.4491804894207039
2945,0.06165667592966156
2946,0.06352116487065572
2947,0.02759032009391306
2948,0.08029239446432912
2949,0.012944827391127959
2950,0.03193590759912764
2951,0.006357809462807648
2952,0.5623021742707501
2953,0.9772473970349624
2954,0.0446645407242179
2955,0.02165674191008997
2956,0.9617318945998787
2957,0.41014742099273216
2958,0.0414476927340363
2959,0.2325326249492401
2960,0.017869536840563978
2961,0.002445268584669819
2962,0.7391622825730021
2963,0.10077518102196742
2964,0.7177083990067693
2965,0.9456751734296394
2966,0.03292104326539004
2967,0.33899116274279234
2968,0.012074314681523451
2969,0.2743527362104155
2970,0.017641788736845573
2971,0.055992578665021414
2972,0.013221114399054025
2973,0.2996622047570858
2974,0.8509870278694402
2975,0.10542086644937844
2976,0.08126814712302333
2977,0.9867575157206607
2978,0.0028587756816867635
2979,0.024622704285682875
2980,0.01224813037646632
2981,0.03214039735305982
2982,0.7200312375273146
2983,0.8085787713470577
2984,0.07496552137673265
2985,0.16341258044583779
2986,0.050166779669574585
2987,0.024209891082202874
2988,0.022662549105762406
2989,0.04084855757581807
2990,0.032064271530160005
2991,0.8980164666476735
2992,0.958699093186967
2993,0.16143503076229623
2994,0.12674904733087486
2995,0.025579703266091783
2996,0.08682337609580097
2997,0.17303896769793578
2998,0.09196553640270216
2999,0.6120623065924149
3000,0.11260226804110177
3001,0.0017828723637091119
3002,0.9759949557963443
3003,0.0026389938003409117
3004,0.29482087342285984
3005,0.7985317155456649
3006,0.12121778694087953
3007,0.1799387785387594
3008,0.40235825628463595
3009,0.12097781051696069
3010,0.007722108844175672
3011,0.03287303671971745
3012,0.9645654958732806
3013,0.1347493294184705
3014,0.0021552727282108347
3015,0.0023539858977684033
3016,0.007718736246580819
3017,0.8716943264212773
3018,0.013308940567838372
3019,0.5631956639971298
3020,0.05528565749071769
3021,0.3470502842185598
3022,0.9603628174909545
3023,0.004236727472344336
3024,0.06387707840607353
3025,0.1558371580149597
3026,0.9288254790443596
3027,0.09597772097920929
3028,0.2369507816180246
3029,0.1737489889597311
3030,0.014384892010274042
3031,0.006402852654330809
3032,0.03332577447931158
3033,0.6381393842560233
3034,0.1953924404530329
3035,0.3087488556962029
3036,0.47414318368313996
3037,0.11848175230056167
3038,0.3898856368982265
3039,0.011438858259977062
3040,0.05594206533285378
3041,0.08226359316289697
3042,0.9523862006213222
3043,0.013060749634045073
3044,0.09792234726151866
3045,0.7050991403688591
3046,0.02231947674825216
3047,0.04554845930696068
3048,0.9751540607360794
3049,0.7477434142894911
3050,0.996379928882531
3051,0.9684078759638082
3052,0.009910847201111688
3053,0.9155549769733147
3054,0.0971177107263298
3055,0.039020333540955715
3056,0.7151431531920462
3057,0.0028576391217692257
3058,0.9963596241759186
3059,0.001322401664434535
3060,0.926791988659943
3061,0.998873204267126
3062,0.11349035464336224
3063,0.4046956792780161
3064,0.053952134914595995
3065,0.006273295198605177
3066,0.5796502588220769
3067,0.0718686345657169
3068,0.6952912245132804
3069,0.06288281786216803
3070,0.005829661210288826
3071,0.005044473352542637
3072,0.013280125242477665
3073,0.20994267753875762
3074,0.43317393347754024
3075,0.09377273273058556
3076,0.0021940457755881045
3077,0.9887824214297387
3078,0.9946545860671663
3079,0.07486044100724348
3080,0.007219554189369415
3081,0.0585852280812605
3082,0.8958332397908431
3083,0.017708226413341733
3084,0.4558053302416346
3085,0.5067575218402622
3086,0.05158187318149807
3087,0.054037997241214705
3088,0.03284424536657112
3089,0.04312642606806491
3090,0.031093405992782444
3091,0.06372611382066251
3092,0.009405155896975789
3093,0.9058791872613721
3094,0.0067837234450515635
3095,0.13364544531351238
3096,0.07448397736373677
3097,0.012121349715617638
3098,0.9987414927899897
3099,0.008058477256522558
3100,0.036454379253377786
3101,0.006715233055901682
3102,0.009578412388620316
3103,0.019060654506376215
3104,0.18824698419488395
3105,0.3288467032587654
3106,0.07093600846725806
3107,0.7669266187656842
3108,0.01914462916506799
3109,0.007140715262069614
3110,0.00756979012237644
3111,0.03102545639739796
3112,0.001230163218802131
3113,0.06869933222202264
3114,0.008910920369212863
3115,0.800634572718484
3116,0.059571759261520224
3117,0.0030704174206655052
3118,0.4185412780013429
3119,0.512130859996141
3120,0.0017569659537836357
3121,0.009088308186192096
3122,0.011746952113090035
3123,0.9864854908090299
3124,0.022664860153292332
3125,0.4154090925854203
3126,0.017546037085117046
3127,0.8418714066269736
3128,0.004337923182066352
3129,0.03979527315480392
3130,0.7379825408377558
3131,0.8340023045052771
3132,0.05624881035771613
3133,0.15415437873828702
3134,0.012726355943295856
3135,0.005647283877033737
3136,0.21513408195916373
3137,0.014674649555142204
3138,0.02449210578577844
3139,0.9824862950229205
3140,0.13975367009837358
3141,0.005029399900040115
3142,0.9503306013842184
3143,0.6264444274621406
3144,0.9715263646805212
3145,0.036480786117802394
3146,0.13465614298862674
3147,0.06739899238806991
3148,0.14343108274919314
3149,0.9712295278085294
3150,0.001781522608405387
3151,0.2374254186862097
3152,0.004254476793106804
3153,0.014320899385553754
3154,0.022338516382968854
3155,0.013518065876060434
3156,0.02310824173762548
3157,0.17416656194028807
3158,0.003764788839092834
3159,0.04119768660075563
3160,0.7998939189104524
3161,0.03310167041368605
3162,0.9457503200188189
3163,0.013941018208261727
3164,0.13539924249115134
3165,0.028399676062665496
3166,0.06619260209225043
3167,0.014699973903807641
3168,0.03167012832085227
3169,0.9714149069832738
3170,0.010161417290449837
3171,0.1569206292837458
3172,0.24356303369474075
3173,0.013557025297111818
3174,0.9369825143312208
3175,0.7987492159755887
3176,0.0016691758602130563
3177,0.2609324689254939
3178,0.257417977632953
3179,0.003608652782278538
3180,0.07486581267553347
3181,0.029192443790251005
3182,0.13636408626107152
3183,0.6157231905841002
3184,0.002659504178156114
3185,0.3002469432985147
3186,0.05941083134602326
3187,0.9740328474136266
3188,0.018008637103946304
3189,0.025610879007384135
3190,0.9986994109971965
3191,0.6863897314483542
3192,0.01112868934434371
3193,0.04566441935380852
3194,0.021461165758080304
3195,0.8726091426388267
3196,0.8481207930266066
3197,0.007619343719510027
3198,0.0038597085262675763
3199,0.4587551426997588
3200,0.9950794014806189
3201,0.12739497557077428
3202,0.007009024763635921
3203,0.08832737122153705
3204,0.3946827846834075
3205,0.9497042031744731
3206,0.7410557402263667
3207,0.02070923761452075
3208,0.07914603623697895
3209,0.97191280539412
3210,0.005360360932459317
3211,0.9824813508578607
3212,0.04594507030090002
3213,0.8056854649043684
3214,0.02570085203896895
3215,0.039020292095516024
3216,0.9841721906572025
3217,0.9689280349420912
3218,0.9595616291576007
3219,0.9230110736544455
3220,0.8052726308789621
3221,0.10135129809631988
3222,0.19902238505394435
3223,0.9316404434021598
3224,0.009199208950637656
3225,0.007786104635363742
3226,0.15977848980392087
3227,0.9953631911800693
3228,0.9721597948334934
3229,0.7206848944326092
3230,0.024140584204319852
3231,0.008432950377987048
3232,0.30811979692162383
3233,0.1889404643275286
3234,0.13818612672628536
3235,0.022550720046720506
3236,0.3517499839664228
3237,0.8967359232610459
3238,0.012106294201717365
3239,0.3806083102673099
3240,0.03271934350461056
3241,0.02851560187760859
3242,0.39700579068686237
3243,0.0978374758411507
3244,0.09857580099012186
3245,0.8412701144363173
3246,0.228104192022761
3247,0.19344884631372083
3248,0.060132928187539895
3249,0.038119911564932614
3250,0.3927848269432187
3251,0.01368118623121074
3252,0.020002903260505432
3253,0.004603233038739253
3254,0.24743708339676118
3255,0.008249938684025775
3256,0.005437722771744406
3257,0.002969300328479014
3258,0.8756747870974029
3259,0.025156491748723305
3260,0.735316987777306
3261,0.18032723504499512
3262,0.023938056073192715
3263,0.5704776738467787
3264,0.01523074740840763
3265,0.15918197449933114
3266,0.16309455864169398
3267,0.9154724596689998
3268,0.9900938489286255
3269,0.040873373188780836
3270,0.13277899258087708
3271,0.9098158390885103
3272,0.2782794957900623
3273,0.048178661263457795
3274,0.008882920650107184
3275,0.1647523323524942
3276,0.27732318903143716
3277,0.33923657076409597
3278,0.9759595526661298
3279,0.6507759221818636
3280,0.0995039135761447
3281,0.00462896974426022
3282,0.05189653398799853
3283,0.006004966072353032
3284,0.9810507502135959
3285,0.01147028034881334
3286,0.6369119429162083
3287,0.25870324774123377
3288,0.734848686323516
3289,0.003871697031866685
3290,0.2918259342316678
3291,0.017916878053588686
3292,0.11059526295746952
3293,0.5560200435725626
3294,0.8660458910200982
3295,0.9059522143897012
3296,0.016494046069220895
3297,0.7541719801134594
3298,0.7214988546953613
3299,0.943472695611691
3300,0.0016753758718800267
3301,0.049301386903598685
3302,0.6707832860859844
3303,0.00827380215351001
3304,0.36241434740361167
3305,0.9984465473701614
3306,0.9945449901393666
3307,0.7746274724255371
3308,0.5940420130320542
3309,0.029654760007772243
3310,0.9882831653725053
3311,0.5691266587975808
3312,0.46071395107541946
3313,0.08149908194435992
3314,0.31161202026379536
3315,0.1846823992137941
3316,0.9463033186215861
3317,0.9914939918341013
3318,0.5964265004110437
3319,0.9718213390236152
3320,0.0019081532552171208
3321,0.014930017224299267
3322,0.004334260372182974
3323,0.04115306322508841
3324,0.8254121915764809
3325,0.07616759978691708
3326,0.004952759290179749
3327,0.08874796727551029
3328,0.024541576924010513
3329,0.9738588991097625
3330,0.9852415087431223
3331,0.12620448791120234
3332,0.8820633419375232
3333,0.6815039490442523
3334,0.09195380995353632
3335,0.9599646143315044
3336,0.9603211305862487
3337,0.8403906113290709
3338,0.41607291096714094
3339,0.05239737901063839
3340,0.9670348006717613
3341,0.9343622814699653
3342,0.38734193974892883
3343,0.020001241326299202
3344,0.6439435508301155
3345,0.3345853199985441
3346,0.9653375527736328
3347,0.7613638092165194
3348,0.6000998794108023
3349,0.010361442023260711
3350,0.08422035806993647
3351,0.5327972253508928
3352,0.7453489610813085
3353,0.010585439722035184
3354,0.006784255181605061
3355,0.34315144454693614
3356,0.009474866264943343
3357,0.26624018194447063
3358,0.002556348926543376
3359,0.01597685584320461
3360,0.0017481550425306547
3361,0.0023340471230517547
3362,0.08863946226769706
3363,0.175351217920703
3364,0.23911421848660458
3365,0.008474045103890306
3366,0.9591823099115893
3367,0.0663478341187084
3368,0.13831041783649695
3369,0.011277289550234187
3370,0.6324511609483618
3371,0.18614495252025265
3372,0.01282072420119531
3373,0.0043092202813785965
3374,0.6117900154246795
3375,0.03341619766714216
3376,0.012339975930138821
3377,0.5942741008360928
3378,0.9766727966692589
3379,0.06128819900473223
3380,0.0977653330873642
3381,0.0062113392252032724
3382,0.07466769257355571
3383,0.3126410196763
3384,0.9692730621574117
3385,0.946729675964293
3386,0.016566910607217523
3387,0.00892526208062582
3388,0.2615102951439839
3389,0.13247681414020984
3390,0.3640904608368438
3391,0.9989246996799898
3392,0.0022483281671572632
3393,0.10059028798103484
3394,0.13246249663384366
3395,0.07604028746297627
3396,0.9651488342779706
3397,0.9944313200880913
3398,0.0057233019964197905
3399,0.04152917450472764
3400,0.07650932121906406
3401,0.033009908309439534
3402,0.020819702181448563
3403,0.934496011847016
3404,0.12433249620255761
3405,0.02055865411489009
3406,0.3840796263388139
3407,0.8912270194708598
3408,0.04316453031759111
3409,0.015401544483994303
3410,0.99378317885169
3411,0.08548496411723257
3412,0.9773463855980092
3413,0.9223142700435932
3414,0.11053865986314998
3415,0.3258205596589516
3416,0.012264611651035815
3417,0.04855417213174944
3418,0.007687293855623255
3419,0.05978288686771228
3420,0.7690677262190353
3421,0.011400059671920992
3422,0.04936496382056117
3423,0.04423117627213609
3424,0.0272295332693298
3425,0.02640580579329327
3426,0.05043986119923119
3427,0.017509376368365786
3428,0.04240459445690937
3429,0.5259707495989766
3430,0.0020652221461084394
3431,0.5004330295035926
3432,0.22688843975001086
3433,0.010025219609664925
3434,0.9677442610586418
3435,0.0676484343470985
3436,0.08789693657843109
3437,0.16471535135338886
3438,0.14937591815643644
3439,0.2716941185177637
3440,0.9312092978680775
3441,0.43503711424997016
3442,0.004015046129281155
3443,0.30206410654261073
3444,0.5038147784554796
3445,0.1353902279148641
3446,0.45985661698294567
3447,0.03051297236990183
3448,0.02917023553450374
3449,0.030678690578529615
3450,0.04815447838863926
3451,0.014169934790400313
3452,0.18316433188744452
3453,0.8430848874559778
3454,0.9983909736096135
3455,0.8561001587810417
3456,0.47283602518556495
3457,0.07555666702907324
3458,0.2619865206857946
3459,0.0022466473154717356
3460,0.08577497379605663
3461,0.9795314976894288
3462,0.26362271837513995
3463,0.036867079190823125
3464,0.013477363842306746
3465,0.02957460182313728
3466,0.0063531365016501855
3467,0.006042992927842196
3468,0.15652210861235563
3469,0.8982029202253528
3470,0.006211207256742714
3471,0.48100562975004435
3472,0.024571900270630585
3473,0.006010143877428084
3474,0.004862478628428108
3475,0.615250124422106
3476,0.08561180485263681
3477,0.02408040627120827
3478,0.005593399437163532
3479,0.9747339291634907
3480,0.9700963727603664
3481,0.035911918540018906
3482,0.07968808561107207
3483,0.8261234407541493
3484,0.006254823875304232
3485,0.7561403985521272
3486,0.9831545141609404
3487,0.02708141283617857
3488,0.015967345008779554
3489,0.29443107371283345
3490,0.03680583752820376
3491,0.03001300053213148
3492,0.08766128289048075
3493,0.04947932000046267
3494,0.3213748229800242
3495,0.2063677972603974
3496,0.6227980201614473
3497,0.7708123917126193
3498,0.0012674473507286385
3499,0.3777413526677777
3500,0.9700741977411069
3501,0.7505617651568558
3502,0.016478666706752847
3503,0.057929064456865555
3504,0.056651317274856214
3505,0.0036120971138921517
3506,0.01378946650490923
3507,0.11613894747512492
3508,0.7206112652702866
3509,0.015908275793461782
3510,0.006308499306480865
3511,0.9592532389453818
3512,0.006997233912381932
3513,0.03212541497139622
3514,0.03481883653702772
3515,0.028300450549040908
3516,0.014652155438839506
3517,0.9578814786978489
3518,0.6049913840516337
3519,0.9865043123721279
3520,0.01634463742154741
3521,0.023610405904566565
3522,0.2351836566624136
3523,0.16727720599093282
3524,0.3139729687810622
3525,0.1682833674259487
3526,0.19187761181329024
3527,0.013872432173989278
3528,0.044973838194639966
3529,0.6823315444780893
3530,0.01945818520309141
3531,0.02001906384739703
3532,0.9925677117300054
3533,0.018175379477839565
3534,0.12950608437698027
3535,0.009057900897694274
3536,0.025267643493888145
3537,0.03326331442665639
3538,0.008054677385920668
3539,0.9718963418093305
3540,0.0027730441001432887
3541,0.0750743724518147
3542,0.029610830843410117
3543,0.6770227356441153
3544,0.03806981111066973
3545,0.04259533182691931
3546,0.03900128939521354
3547,0.002572783272827984
3548,0.0044836003147585134
3549,0.02550212216249749
3550,0.021246883032971828
3551,0.9669563287719817
3552,0.9970152954491721
3553,0.35980617552510014
3554,0.462323506708179
3555,0.9839254571220621
3556,0.15450826735595968
3557,0.3574680738568766
3558,0.002740240303797152
3559,0.26997586461977685
3560,0.008108214693056115
3561,0.10099089823332641
3562,0.0911716843172381
3563,0.9629259531415624
3564,0.2809947279110715
3565,0.9576278097236015
3566,0.9567484378387672
3567,0.06536814544165781
3568,0.00365317490524092
3569,0.8340102026367863
3570,0.12618533051643907
3571,0.7973722892568799
3572,0.7866229812664767
3573,0.003949997301385342
3574,0.011022173306733673
3575,0.5911422984712646
3576,0.9987921764583358
3577,0.016218644155296637
3578,0.981872142215465
3579,0.9287843728508087
3580,0.287782701182942
3581,0.007572827018271579
3582,0.5838022312769894
3583,0.0526766943631508
3584,0.9912775812258408
3585,0.3297434688604133
3586,0.6480031009491986
3587,0.006608744585838513
3588,0.10539541569059982
3589,0.9933073489999602
3590,0.05145474046538098
3591,0.5189412777387168
3592,0.8830850660873928
3593,0.9084315218750718
3594,0.9829528443529609
3595,0.037506368017492145
3596,0.09677860329612656
3597,0.9168528206819623
3598,0.022915841941003705
3599,0.00800831045347681
3600,0.9644384624675715
3601,0.0035096740511407366
3602,0.0022709520488073814
3603,0.04790534821370008
3604,0.0737459031367485
3605,0.2455037990218587
3606,0.9837729685287496
3607,0.0013640122207785503
3608,0.3349118865780532
3609,0.0010717013291288865
3610,0.20215658782944923
3611,0.7478780591827363
3612,0.12608948606730136
3613,0.9071697300671425
3614,0.8004579227095752
3615,0.03484687599267852
3616,0.010383360486664172
3617,0.021403863032277686
3618,0.9893620528662785
3619,0.9147352215692147
3620,0.07683086283390247
3621,0.5336110328422314
3622,0.004706462282717194
3623,0.9787918144150325
3624,0.017200702515995196
3625,0.6000487973104206
3626,0.7063907366379054
3627,0.4229516859028932
3628,0.24546743539232735
3629,0.05290160087449227
3630,0.9238056451236345
3631,0.062478091395086324
3632,0.04003739650426987
3633,0.02770390114486832
3634,0.03485312519598962
3635,0.005146972390611221
3636,0.041790886864579165
3637,0.0257887730287056
3638,0.9224482855074493
3639,0.028616774865734385
3640,0.08959937931544784
3641,0.1311527079148923
3642,0.004305582026906887
3643,0.003522782250576322
3644,0.9974443795702885
3645,0.7772516850645388
3646,0.930775021697502
3647,0.09025831679036822
3648,0.551171966179777
3649,0.9218573668609434
3650,0.012382790105053228
3651,0.006840835121992891
3652,0.007202681722383173
3653,0.02492837686834218
3654,0.6467336579587029
3655,0.3857443463871414
3656,0.010341784197489021
3657,0.002303196654220721
3658,0.019440145773077126
3659,0.8332158974398255
3660,0.19515445756352237
3661,0.667139166915579
3662,0.007280221408761998
3663,0.15400800942773496
3664,0.006213925186242326
3665,0.4047723178081145
3666,0.8978826794616102
3667,0.03349501356999127
3668,0.9124212482604614
3669,0.6504668818431308
3670,0.11775190747131957
3671,0.004226427789436658
3672,0.020098339793253178
3673,0.7511188135479435
3674,0.07350315200854313
3675,0.9685339399971693
3676,0.0721383794972552
3677,0.10455754261377703
3678,0.975012042410869
3679,0.9371025749353243
3680,0.009193375533075497
3681,0.0826395230040411
3682,0.011520158059050697
3683,0.11089025247935885
3684,0.481891233543035
3685,0.2082216230278174
3686,0.9958927472244751
3687,0.19543193083399685
3688,0.2185166143671083
3689,0.8047105778958742
3690,0.0176983866306155
3691,0.815817051647456
3692,0.345453477971132
3693,0.9983136649653321
3694,0.007310345574414066
3695,0.9446701651050919
3696,0.011797282261820804
3697,0.7966551896150253
3698,0.00943217948332007
3699,0.02064789166005357
3700,0.29411443328501363
3701,0.05606547926854594
3702,0.9931854330863038
3703,0.10009917925579016
3704,0.9686057217036697
3705,0.9945680043578943
3706,0.18693560939344717
3707,0.4239497922827865
3708,0.3176223433179626
3709,0.0027877543293302423
3710,0.012660224333300416
3711,0.9757694868819067
3712,0.06478673012093619
3713,0.14506126956205806
3714,0.3967697081324122
3715,0.004614141557003174
3716,0.1220613418565627
3717,0.6947873361874163
3718,0.9590540459661309
3719,0.1071994917193763
3720,0.8937340150357549
3721,0.3402256443502699
3722,0.9741201185835686
3723,0.991133766286278
3724,0.008653657730941507
3725,0.10233802571661353
3726,0.024030944156860953
3727,0.15038110765564325
3728,0.1774456359457558
3729,0.5262452539701616
3730,0.9310291711103004
3731,0.014958779994353386
3732,0.1206723157331088
3733,0.048294688021610244
3734,0.01915806254786449
3735,0.13087214177793935
3736,0.002596050295875362
3737,0.0076834756260348875
3738,0.995042131643636
3739,0.9580237220778711
3740,0.47941223227470453
3741,0.8585522648309465
3742,0.9488207610406298
3743,0.040624638563401844
3744,0.4878011916458264
3745,0.3102374279087782
3746,0.4974568208313788
3747,0.08820441072185806
3748,0.7225466653623287
3749,0.009140853818743392
3750,0.05247025216863566
3751,0.007217672171999296
3752,0.01359245905382419
3753,0.3138949793962652
3754,0.9334873321233191
3755,0.023715047298324216
3756,0.015865771052883608
3757,0.03489402927354053
3758,0.010748847134726897
3759,0.3511912500153995
3760,0.5597537359916991
3761,0.9452989759696176
3762,0.6335037768134976
3763,0.34403060754489434
3764,0.09954708246907172
3765,0.15383509967629683
3766,0.07947992916109221
3767,0.24636858783279786
3768,0.06897786846607794
3769,0.9612013121961598
3770,0.11730310037248692
3771,0.985339922289928
3772,0.5199706243179455
3773,0.033981045719512125
3774,0.012685922353206262
3775,0.0900620943743343
3776,0.09389786299824779
3777,0.12349959444445387
3778,0.005428018765305665
3779,0.04962463835824776
3780,0.11174655514378826
3781,0.37663368451318513
3782,0.6441719372721066
3783,0.083465557264913
3784,0.1553103124221383
3785,0.9011853850590001
3786,0.07025108491891635
3787,0.3808156131869678
3788,0.024407771416874845
3789,0.8043049758158936
3790,0.9680204532708606
3791,0.9934210336154639
3792,0.9157762099511527
3793,0.09421180474162079
3794,0.2345676418732886
3795,0.6695227572056085
3796,0.9040642995559631
3797,0.05896710578858298
3798,0.1712438203414593
3799,0.02958939793510757
3800,0.002034491314815586
3801,0.03363031420151092
3802,0.9873688569238677
3803,0.12535948102044944
3804,0.817784174202532
3805,0.016297270446421284
3806,0.1234103423293125
3807,0.9975585506009655
3808,0.226776723225726
3809,0.08058311402294803
3810,0.07609491499440649
3811,0.08959979718056384
3812,0.04897519802118015
3813,0.025227038084162455
3814,0.9578836651438956
3815,0.030493724572885753
3816,0.3954871639764187
3817,0.06766480821607301
3818,0.9628908161716043
3819,0.9316641226138392
3820,0.39337431949222934
3821,0.08650761708088323
3822,0.9015524680061648
3823,0.027523925973174573
3824,0.04908148201886951
3825,0.9989798365153286
3826,0.39057388955510686
3827,0.04351143354657828
3828,0.9104019444138939
3829,0.054530738450830576
3830,0.05669316408409002
3831,0.9986682540832035
3832,0.00499798595270598
3833,0.12637439591662283
3834,0.5329085305478107
3835,0.026958735674051333
3836,0.7027671065630989
3837,0.9981596269670171
3838,0.6007078975255966
3839,0.9654205968027898
3840,0.14456703945310756
3841,0.053911208931724894
3842,0.08365611359389052
3843,0.28076440427560406
3844,0.08981775791064073
3845,0.9964870169768592
3846,0.006856662415805714
3847,0.9719587921947865
3848,0.0018220643094585755
3849,0.01324196537497518
3850,0.4771925407726662
3851,0.9922947472960449
3852,0.049989288767860816
3853,0.6337709975208861
3854,0.920312137164172
3855,0.0024659536944171704
3856,0.02851141806614938
3857,0.008221919611785115
3858,0.03189947401903012
3859,0.038748709966065
3860,0.016120023465281023
3861,0.051362829446647815
3862,0.019741094161449257
3863,0.9747199151993831
3864,0.9987368590696756
3865,0.19179824102614246
3866,0.998586289139799
3867,0.021807525632516835
3868,0.49295775354360594
3869,0.027302600972619752
3870,0.6227109196479065
3871,0.026438669992094165
3872,0.35501245066663334
3873,0.31551281827417954
3874,0.08553067460704981
3875,0.9975972007608276
3876,0.31534591539465834
3877,0.9885914368617135
3878,0.050388349211122244
3879,0.003525485874153977
3880,0.9982865056064414
3881,0.99256738098019
3882,0.3421872779704317
3883,0.42310746810753014
3884,0.02204296421214997
3885,0.05236850593351432
3886,0.9317724768477097
3887,0.25999828545946513
3888,0.09211394251840438
3889,0.12210999193742
3890,0.024000555407096124
3891,0.943091629232012
3892,0.005423122921485862
3893,0.8093458756551326
3894,0.08792247445758006
3895,0.3976277124581888
3896,0.1360871739480857
3897,0.9650584120708917
3898,0.33493720951178185
3899,0.2739936915097352
3900,0.07221879628805807
3901,0.0026478430731473705
3902,0.9474102553641842
3903,0.6242025842286667
3904,0.02308987557014241
3905,0.07520833248243976
3906,0.9808453778588615
3907,0.05702152793870599
3908,0.06214296640604906
3909,0.9986879358262064
3910,0.0025634415878268467
3911,0.00513045405955696
3912,0.21091142549222533
3913,0.029766693515720796
3914,0.9336513692723656
3915,0.04108461308073492
3916,0.7180317143635251
3917,0.027070964171872054
3918,0.07148667352783844
3919,0.011949839729865373
3920,0.09342277023719067
3921,0.004426278397014073
3922,0.33048620770764675
3923,0.03090300424993161
3924,0.042788228931323856
3925,0.982426738964402
3926,0.33036672036176973
3927,0.012200556465721343
3928,0.05435370943794772
3929,0.9501727304409855
3930,0.9868118104348322
3931,0.002442593793579472
3932,0.3307875625229848
3933,0.0024173031084156887
3934,0.9184801575733452
3935,0.007574420970933161
3936,0.12416886399974755
3937,0.22527035390597
3938,0.9659152637923583
3939,0.04825565746740368
3940,0.1014436974478756
3941,0.9803683336516223
3942,0.012155851548678136
3943,0.18271238970375203
3944,0.9058686501385577
3945,0.7076938277495498
3946,0.03101580819602047
3947,0.004498173548059526
3948,0.24724311960732465
3949,0.9744135662033447
3950,0.04413401442264463
3951,0.042958973995861446
3952,0.924215496340776
3953,0.023480057564615117
3954,0.9976152510627492
3955,0.007055958693431258
3956,0.07118992535429786
3957,0.3113762086765408
3958,0.08807384537408755
3959,0.9526997884385755
3960,0.06823446994120516
3961,0.04410856561248168
3962,0.022029091475538845
3963,0.8418322957225566
3964,0.2794712603408061
3965,0.1577539793758823
3966,0.7533521831948722
3967,0.012180377883668554
3968,0.0019873952510030936
3969,0.07120054169270792
3970,0.21624285741034424
3971,0.972451877590161
3972,0.7139494231024086
3973,0.3653534920787045
3974,0.02380429134688572
3975,0.9248415809206961
3976,0.9578607631850247
3977,0.1973304223747603
3978,0.030595411876635656
3979,0.678130877835555
3980,0.7773004235074448
3981,0.9451561400783866
3982,0.972441924153167
3983,0.004403899229476527
3984,0.5008230560384677
3985,0.012811180213291012
3986,0.5313149460190222
3987,0.001912775230257762
3988,0.8216475412954292
3989,0.007265482969117143
3990,0.449334811891973
3991,0.7653777894640692
3992,0.00826004296769471
3993,0.09802902690526635
3994,0.7793389234879082
3995,0.9736833367673091
3996,0.6117518082260264
3997,0.0021992109524625394
3998,0.20363574481865632
3999,0.0218115165401621
4000,0.044777576632415744
4001,0.03681484834399096
4002,0.01690682169478956
4003,0.11843864713189317
4004,0.5985911928147328
4005,0.21678460728852736
4006,0.12922432469294162
4007,0.005716452857099412
4008,0.9950593645282158
4009,0.09468491381345351
4010,0.998084012494977
4011,0.9290198797498583
4012,0.07360794788842487
4013,0.018005583545012395
4014,0.9989150870019373
4015,0.9637142016041944
4016,0.09136623499901614
4017,0.053732888021374964
4018,0.0856642816703625
4019,0.012141509208727343
4020,0.020642178924139647
4021,0.03613476084055095
4022,0.018634208451880022
4023,0.008177242617471665
4024,0.0033150953378392137
4025,0.835872706357667
4026,0.6917283935968306
4027,0.00934157472138712
4028,0.03286245534668546
4029,0.06009977782813303
4030,0.006551973843069078
4031,0.8749527341824686
4032,0.10813960168223907
4033,0.020879619059279732
4034,0.05394983819705978
4035,0.024439777092596024
4036,0.013429713681846936
4037,0.010489725253277326
4038,0.9827355042713504
4039,0.006960926134135969
4040,0.4602065586822018
4041,0.9833201663602389
4042,0.04900238719106627
4043,0.06890597870941287
4044,0.019730263126076703
4045,0.003299925274566969
4046,0.012718466869806551
4047,0.11266107347596688
4048,0.08567316631977354
4049,0.15872146273414417
4050,0.06600861739568122
4051,0.08619203069253206
4052,0.23063529517504833
4053,0.9249448389831365
4054,0.05901116174899074
4055,0.014154756338480224
4056,0.08324621810333137
4057,0.31421219633647013
4058,0.5415781254775465
4059,0.03654527300309405
4060,0.073950312026026
4061,0.9926228602450893
4062,0.14523154345486936
4063,0.310160055222627
4064,0.2887013684539548
4065,0.14977386799951653
4066,0.009262736678032273
4067,0.5551582068855566
4068,0.009875793463537143
4069,0.02173422407151769
4070,0.03302822705480079
4071,0.9942463911879738
4072,0.0024423170746001913
4073,0.035817021721569045
4074,0.05173412121632576
4075,0.023123077617293215
4076,0.48988600073257893
4077,0.06207812380520028
4078,0.417298282642104
4079,0.12159306428930008
4080,0.0033885127657346703
4081,0.767366336570231
4082,0.9283957027556141
4083,0.2267027389822536
4084,0.03997615146395925
4085,0.1558923006420334
4086,0.11945435749276505
4087,0.0050298861204928404
4088,0.08649760013688226
4089,0.01142031511089035
4090,0.14850434564658313
4091,0.003946247526586832
4092,0.1748280750241667
4093,0.34925952133002724
4094,0.009991341178760622
4095,0.0077587961754161765
4096,0.021546312033654626
4097,0.20253189391477527
4098,0.02304767679722219
4099,0.9731723290869847
4100,0.48864502414461375
4101,0.12697235955413436
4102,0.13030087084739073
4103,0.32381823669549437
4104,0.9769705868967048
4105,0.6016103417441181
4106,0.46556795488456826
4107,0.6076656099004215
4108,0.9919158702833095
4109,0.9780358726817251
4110,0.08899730297199972
4111,0.001909460115987423
4112,0.9839814045963226
4113,0.32364590798174553
4114,0.03615703494651831
4115,0.013010183332993211
4116,0.014607549228240261
4117,0.9927823608325745
4118,0.0462254040008954
4119,0.11893219473518143
4120,0.9696539859754716
4121,0.42508475679373614
4122,0.7106015130218255
4123,0.007401994379503521
4124,0.413000760758347
4125,0.010017838090346825
4126,0.1368244827134324
4127,0.07566133724520792
4128,0.1153821288669184
4129,0.32109452475059314
4130,0.008523896631884763
4131,0.31327283300543707
4132,0.9282096497092589
4133,0.9622630940700498
4134,0.02212244076328626
4135,0.36120547106966
4136,0.01902765075022785
4137,0.8959760660612872
4138,0.0026870449331179505
4139,0.037391614968499506
4140,0.998484479186923
4141,0.9340690554598847
4142,0.08165396581951023
4143,0.049264617271336464
4144,0.9758393797848097
4145,0.0886990134860427
4146,0.16931307207895613
4147,0.17774811627790393
4148,0.1949169656351789
4149,0.009831328991365313
4150,0.27933237758626317
4151,0.0354080196873943
4152,0.007876898536897235
4153,0.0816838712615402
4154,0.4829836823225984
4155,0.8206501974951401
4156,0.06290227308716462
4157,0.0018869380388177558
4158,0.970914675600681
4159,0.1784768621056244
4160,0.22980053121287036
4161,0.2699780519465459
4162,0.006686463141642484
4163,0.004148353956985723
4164,0.9748447658807459
4165,0.2178149408953925
4166,0.008526765060768311
4167,0.9933288858270595
4168,0.209624448272768
4169,0.08999178505527983
4170,0.9985041864184843
4171,0.024092709824198966
4172,0.9030906505572325
4173,0.02638791691820456
4174,0.009614121973926597
4175,0.35415560843042937
4176,0.028535254991818373
4177,0.004888549285272491
4178,0.8631489326418511
4179,0.21639929247515732
4180,0.9646846582375179
4181,0.3505489596779662
4182,0.004385316389225112
4183,0.7993490290104794
4184,0.9676148206079919
4185,0.7695988448731479
4186,0.9765773240613969
4187,0.059558601200714226
4188,0.021074948191901473
4189,0.0635303473978338
4190,0.0012976482501703592
4191,0.16866841994500553
4192,0.9583847175401494
4193,0.16005135192684544
4194,0.9188540106689573
4195,0.07092623852725836
4196,0.9987810793960462
4197,0.6913619636647792
4198,0.06705475755037754
4199,0.8843968368011363
4200,0.017010267291862696
4201,0.5536038671089432
4202,0.12895679890703712
4203,0.11146776469696656
4204,0.061117093843780515
4205,0.0480042720704406
4206,0.5058832369567428
4207,0.21270530785069772
4208,0.22641760379643094
4209,0.18630141914192166
4210,0.2875563296144753
4211,0.12879704233559303
4212,0.1645464389644565
4213,0.38483897549218626
4214,0.04041813489406783
4215,0.062337615924313576
4216,0.015950639916327617
4217,0.9877934518385069
4218,0.9970996465047421
4219,0.009746121001460365
4220,0.19222368436414447
4221,0.9869370552622545
4222,0.14448030632481698
4223,0.3853246316028347
4224,0.05803313912724571
4225,0.036851884095299776
4226,0.9965524076222638
4227,0.3880695940261894
4228,0.007673597797300716
4229,0.32342644521337266
4230,0.8344499802614762
4231,0.009847513815814845
4232,0.0045749214458022
4233,0.057461447668461285
4234,0.002314409873165818
4235,0.37980018931963355
4236,0.032258225483181906
4237,0.10097998873423816
4238,0.025621668982943126
4239,0.22801360804443993
4240,0.5617388147656123
4241,0.9289790629045578
4242,0.008434325498114662
4243,0.02979120482671903
4244,0.9897149357951087
4245,0.054743440248164715
4246,0.023035054177135975
4247,0.005203827720680716
4248,0.060376179300743495
4249,0.5674836542714305
4250,0.6932165955251754
4251,0.13398300599312263
4252,0.004905654249483211
4253,0.8484943344994527
4254,0.04837957683318897
4255,0.03363136370642713
4256,0.07998516578830805
4257,0.0032916656548204254
4258,0.7921855052987351
4259,0.005279820549510686
4260,0.9862136209411712
4261,0.9784937476341353
4262,0.6286919604632759
4263,0.9389437587117363
4264,0.01087949947621382
4265,0.26124666838747745
4266,0.9359932879162075
4267,0.019729212330571688
4268,0.9656678092933262
4269,0.13872842590991435
4270,0.28622495670582915
4271,0.00944381117287402
4272,0.13667895102021638
4273,0.004532492601516896
4274,0.012190739491505008
4275,0.9469460828689753
4276,0.7037905834627745
4277,0.01131798842265891
4278,0.010314135734349647
4279,0.1850077138028004
4280,0.9890649119083218
4281,0.34085702819214747
4282,0.2811588823369133
4283,0.006727115259092234
4284,0.014497323382984033
4285,0.3351020845712996
4286,0.10899833235783896
4287,0.8159374123285172
4288,0.7135779099728955
4289,0.013405269377031664
4290,0.7242714442659599
4291,0.027207285850792434
4292,0.024381941733771215
4293,0.7159204304371238
4294,0.9476523279173279
4295,0.35365307268423807
4296,0.14990548682071383
4297,0.9846499600704388
4298,0.12505329038454077
4299,0.016244979111901318
4300,0.047060073176663185
4301,0.9989471962164787
4302,0.03078215650460271
4303,0.06471779322073928
4304,0.2802000920530474
4305,0.007493309323456536
4306,0.06200411503426817
4307,0.026041661079255908
4308,0.937335298246935
4309,0.9727779482958423
4310,0.07541060296334014
4311,0.00911635905981293
4312,0.9854307833099178
4313,0.9322751653663259
4314,0.058593059487349594
4315,0.015289217155167139
4316,0.8853350455640109
4317,0.8962351964467622
4318,0.8249370627118238
4319,0.009526686687141402
4320,0.7823994681643531
4321,0.002250617239247138
4322,0.444986918959029
4323,0.0950195356361427
4324,0.5422496958878332
4325,0.3995568803894654
4326,0.001429038896006656
4327,0.46958914944266805
4328,0.9873705670232509
4329,0.025530819129639143
4330,0.08244492458964164
4331,0.02260069415942146
4332,0.020306603781289234
4333,0.02750464519950251
4334,0.1231354287262594
4335,0.03401839971620407
4336,0.03467128976210975
4337,0.06987062529949054
4338,0.08757381435836045
4339,0.4728827250084342
4340,0.08758907185094988
4341,0.023263273074890286
4342,0.11418864837738779
4343,0.9806759213345033
4344,0.8806954249345249
4345,0.019151042882824265
4346,0.010318445978434638
4347,0.04430173337339542
4348,0.06886979519173186
4349,0.0030679999046782994
4350,0.009782969098771062
4351,0.01876490362881496
4352,0.9901801985972671
4353,0.28132417303151414
4354,0.08690727497426165
4355,0.042496401094257556
4356,0.9527440689004498
4357,0.04934150836655783
4358,0.199147351770814
4359,0.005151076873907236
4360,0.9674593443510202
4361,0.3916953308579625
4362,0.80969983536609
4363,0.03665594174281183
4364,0.8658677707617877
4365,0.19018040555834329
4366,0.12050069667605806
4367,0.9672079569311328
4368,0.0014828778929988037
4369,0.03660305290074124
4370,0.16508965406635945
4371,0.07934739719125306
4372,0.9987475161890675
4373,0.031009276029497213
4374,0.07071046474464796
4375,0.6308375794415666
4376,0.04357103991817732
4377,0.11499257528261803
4378,0.9680317936139855
4379,0.9989903714661115
4380,0.07930646660689014
4381,0.021736499517171493
4382,0.0815896037727357
4383,0.25351063231709725
4384,0.8715531403955687
4385,0.04622467382582064
4386,0.12820346968527577
4387,0.00117135719205767
4388,0.05595745413334001
4389,0.03512264096055036
4390,0.8110696764832799
4391,0.05656700267225108
4392,0.9322476851976288
4393,0.09922813212108225
4394,0.5045180282675394
4395,0.029629909492181826
4396,0.7610698187385355
4397,0.001664171130489693
4398,0.998620545072384
4399,0.08407415971132938
4400,0.9371656303155338
4401,0.23821764029887466
4402,0.10973746969053351
4403,0.009046220649192359
4404,0.039177849841571494
4405,0.07839121775553877
4406,0.0021489534731220688
4407,0.06635432751650222
4408,0.2983697562683214
4409,0.13085545281574273
4410,0.007984221322245341
4411,0.0022161845222396
4412,0.011685749018857508
4413,0.026862761459224643
4414,0.7448316832114765
4415,0.025158915249998907
4416,0.23619799179112766
4417,0.03802978251664013
4418,0.0169609490910781
4419,0.277598536549132
4420,0.022345482216046667
4421,0.00544568583204523
4422,0.0017446584179680782
4423,0.11147470347206216
4424,0.006152002128572983
4425,0.043561181702761125
4426,0.06868325465324214
4427,0.004889485067724157
4428,0.020474451232381882
4429,0.10884888801500203
4430,0.02109802393617578
4431,0.3432485928389877
4432,0.0013503033162856463
4433,0.11262231580483174
4434,0.04747518689354203
4435,0.12140750584493518
4436,0.004074867405916719
4437,0.39634567550576627
4438,0.05028906390119879
4439,0.13671500116184432
4440,0.7649308653101872
4441,0.005832592792520993
4442,0.5582971463617827
4443,0.09300637160942987
4444,0.16263561848253508
4445,0.15219780217374457
4446,0.03250212237270133
4447,0.4013563786529569
4448,0.03402310414791042
4449,0.7765171564179425
4450,0.09820901024679768
4451,0.9162260209475755
4452,0.9525197858986029
4453,0.3150381619006406
4454,0.8897038214058031
4455,0.01834027677520599
4456,0.0752107664520075
4457,0.9859648138188187
4458,0.021008989670595293
4459,0.14863909211492074
4460,0.7120869127217981
4461,0.043020883566477215
4462,0.01998856569390117
4463,0.005854285488598296
4464,0.03690601111156293
4465,0.01371456023439486
4466,0.11899917708062024
4467,0.9982610324668583
4468,0.9553438213284166
4469,0.02858597957993273
4470,0.07177266130052773
4471,0.005924022859298423
4472,0.2140380590470503
4473,0.1624096959225426
4474,0.3482303802789455
4475,0.9925960562191786
4476,0.16055630840069726
4477,0.03962414470607181
4478,0.8758092193213286
4479,0.13607357105082918
4480,0.7728720126301549
4481,0.08918794582564896
4482,0.026817819673985513
4483,0.9640067360078597
4484,0.020604145076997503
4485,0.0390850668201985
4486,0.9530952307784428
4487,0.08126129870395427
4488,0.04887254246091969
4489,0.016319349894213894
4490,0.07359042189519588
4491,0.0013914124261218013
4492,0.03138281007314402
4493,0.3890444045768031
4494,0.26360972707522146
4495,0.17966156548629075
4496,0.19851111962946888
4497,0.2557783617748237
4498,0.010991509428843303
4499,0.023966670421005
4500,0.3900062223376317
4501,0.018829267036140893
4502,0.27597334160634246
4503,0.9871435999714149
4504,0.30511220235029457
4505,0.15119112825124584
4506,0.597080025507855
4507,0.07801681965488716
4508,0.004560348813550292
4509,0.012374626965950576
4510,0.20918181282502712
4511,0.1658350757543975
4512,0.020392320755436937
4513,0.0013655045957995074
4514,0.03560040547517969
4515,0.5079630599920313
4516,0.9555353345364849
4517,0.1075435060328678
4518,0.9783253094906774
4519,0.07598700163256891
4520,0.21703834624679286
4521,0.6395436880322657
4522,0.1895706595653669
4523,0.9600435133721551
4524,0.6389422384050941
4525,0.9702141908245508
4526,0.04228754647632664
4527,0.01724878524318045
4528,0.0017571302566901817
4529,0.977514520829925
4530,0.5472113064316793
4531,0.021780382921712534
4532,0.008195479739707709
4533,0.2559915598496098
4534,0.8176906778807529
4535,0.028737852185359042
4536,0.4220964059649545
4537,0.04884847825025563
4538,0.03704542236319551
4539,0.47792277311362824
4540,0.3257383171477261
4541,0.010196835846324545
4542,0.01996144535568998
4543,0.9863223703375159
4544,0.9822398621023095
4545,0.0387892960992197
4546,0.21964546402800084
4547,0.08070314060351856
4548,0.7599019379916419
4549,0.018500326615103566
4550,0.11519976319867085
4551,0.959227461394364
4552,0.6994541875693205
4553,0.2644611831074152
4554,0.05041824227245026
4555,0.1398998445995135
4556,0.05103773329507038
4557,0.6492424685647911
4558,0.9762156464900303
4559,0.6498827445118416
4560,0.0015649149783278945
4561,0.006354540422333523
4562,0.9813994822493275
4563,0.012101382672732107
4564,0.040671114229637956
4565,0.13439491504241322
4566,0.09154643187760417
4567,0.35974228556855037
4568,0.004273217663873406
4569,0.013353062001374727
4570,0.011599997564831661
4571,0.017262634854527423
4572,0.11268615667559001
4573,0.02752348752319625
4574,0.45940170623691173
4575,0.01580406421559013
4576,0.11656589031003066
4577,0.22467898499298938
4578,0.042067798209765736
4579,0.02079611924495415
4580,0.1267000814260271
4581,0.14279617493342195
4582,0.9446353805912716
4583,0.0358758957623798
4584,0.9731147037508382
4585,0.9069876650659294
4586,0.16699243401378933
4587,0.35074557415256624
4588,0.029361332981718526
4589,0.024559097800913383
4590,0.046223877131477034
4591,0.005988978069119001
4592,0.03321557158806982
4593,0.009436153261276748
4594,0.9655384474121089
4595,0.029031431947398385
4596,0.10730828411849792
4597,0.9791295625602743
4598,0.2844331150367664
4599,0.660340847276734
4600,0.005385046900350753
4601,0.005755951238765962
4602,0.03741365293054673
4603,0.033102979322152115
4604,0.0074924304390863805
4605,0.1258731841238086
4606,0.07988157435609569
4607,0.1295242894763498
4608,0.9814125140608108
4609,0.007880322824405584
4610,0.9755197084154317
4611,0.06976609194359869
4612,0.1492706350762823
4613,0.09209075409075244
4614,0.9395225813029808
4615,0.987474990853958
4616,0.026297565800893853
4617,0.340371212975695
4618,0.986921881211835
4619,0.7380169725116429
4620,0.9815914069139091
4621,0.03447458994761854
4622,0.5527366074494175
4623,0.04929179581603085
4624,0.3516485228661739
4625,0.002721306686143522
4626,0.12067554330662833
4627,0.04758821095049781
4628,0.9720374522800164
4629,0.18960354629654577
4630,0.08437384994879035
4631,0.9115602320753445
4632,0.06069817281657115
4633,0.8359335786862918
4634,0.016361688055940526
4635,0.04206954325626039
4636,0.06878330059203216
4637,0.9698709380877768
4638,0.05936619182599239
4639,0.03236286863113058
4640,0.10182788008201836
4641,0.04190618517623593
4642,0.9854786733014309
4643,0.9989599972886125
4644,0.9986127402997085
4645,0.0031209151906104685
4646,0.6669058627520409
4647,0.07106994367657168
4648,0.027989150778573415
4649,0.5468955892703422
4650,0.007063126109529394
4651,0.7426368226985206
4652,0.011721543470457594
4653,0.2813213960458887
4654,0.09232708460212066
4655,0.010828583362620273
4656,0.666672227092068
4657,0.9671256894417685
4658,0.01779669550956752
4659,0.7115737383068672
4660,0.12183165381980171
4661,0.16916858808501622
4662,0.0380356594719237
4663,0.06938402536813107
4664,0.17798388918224678
4665,0.0017531229253115684
4666,0.5635952395382356
4667,0.006937620139535005
4668,0.04210318661925135
4669,0.015349044622146549
4670,0.33210171762833046
4671,0.9975741711446147
4672,0.13677284097498107
4673,0.00533790966187714
4674,0.005171745059399853
4675,0.9589171537277899
4676,0.028086560331011146
4677,0.045613165229056736
4678,0.014674164473381074
4679,0.9530414566370814
4680,0.03935954051883673
4681,0.024628121561702885
4682,0.017798349254248478
4683,0.512548783004844
4684,0.012375198112040624
4685,0.6774432535185883
4686,0.435938844150516
4687,0.018207803110137234
4688,0.045653412161915374
4689,0.06262436483903144
4690,0.034060448281441606
4691,0.22147249301632943
4692,0.05753404456609042
4693,0.9867821616115469
4694,0.025251639086133967
4695,0.5099033727290393
4696,0.1051464360697576
4697,0.526435904676688
4698,0.9915356683866361
4699,0.05891589851669501
4700,0.531484890724973
4701,0.15104809365151628
4702,0.008684594382317735
4703,0.3093486697230568
4704,0.008228199046887347
4705,0.08753560607895405
4706,0.03422091126987819
4707,0.005605917895657803
4708,0.1279129362335078
4709,0.028145386113468236
4710,0.3687227669564133
4711,0.9722156343023551
4712,0.3003603469458016
4713,0.01896932922584229
4714,0.002855337939273476
4715,0.0863420940161405
4716,0.0012154314553525587
4717,0.026770710162802455
4718,0.8196663260200308
4719,0.28737114066414793
4720,0.014714957787536766
4721,0.1567149712943014
4722,0.9800801970599611
4723,0.8207178257428
4724,0.060389465211784364
4725,0.00626819449084575
4726,0.06240749541582146
4727,0.0999033329550392
4728,0.1518135406617779
4729,0.01610794361738898
4730,0.006172608873989266
4731,0.0067416134143870165
4732,0.09520148381488756
4733,0.9770440034123643
4734,0.022973760208539477
4735,0.015407600747369618
4736,0.9264337621191747
4737,0.19854039283763203
4738,0.8124492316621058
4739,0.45244484829758125
4740,0.9967337650754884
4741,0.011305681253732882
4742,0.9689801329102503
4743,0.04613621921231427
4744,0.10485236482295615
4745,0.36834579191481664
4746,0.07853157850784667
4747,0.044433018490454015
4748,0.00759701014047788
4749,0.18605448743584455
4750,0.6699358899952326
4751,0.9707793819543062
4752,0.03485652525486948
4753,0.17112292199105747
4754,0.14096716450533148
4755,0.23385895736976514
4756,0.013342859936312382
4757,0.03213092709187717
4758,0.07310780704007518
4759,0.10524789449362909
4760,0.9604277515341246
4761,0.597775937143498
4762,0.06481982544909465
4763,0.008696307449276533
4764,0.008841457020253289
4765,0.1765905200440877
4766,0.15690129722383692
4767,0.6344556379801379
4768,0.96075455982685
4769,0.4719653165464557
4770,0.011322051342464282
4771,0.02672598573822893
4772,0.06460877772019656
4773,0.00965793753792575
4774,0.589680028727368
4775,0.0035597558973683475
4776,0.05791291179539296
4777,0.030275459989635926
4778,0.007342969466610949
4779,0.9890583333067702
4780,0.993920804213968
4781,0.3252431279614132
4782,0.9899570373177351
4783,0.14882369507985752
4784,0.31301322883996263
4785,0.05908439962825593
4786,0.024845554095722172
4787,0.8674986876805924
4788,0.12130861872192171
4789,0.0033363518445115787
4790,0.007310751472777639
4791,0.005691475994877873
4792,0.8392645199854574
4793,0.9890482525930308
4794,0.06514257912840933
4795,0.004986521212015697
4796,0.997407808105469
4797,0.009072045881704991
4798,0.8725375907954005
4799,0.5676093266634654
4800,0.6058512227623647
4801,0.49498676876831454
4802,0.009972635451651956
4803,0.012769738447615581
4804,0.017656122681641996
4805,0.01525003253513801
4806,0.3820157345290112
4807,0.9714002645349453
4808,0.059679013090771255
4809,0.03751513336534038
4810,0.029837729762517223
4811,0.10844620039451039
4812,0.11994945096600709
4813,0.7624382513742637
4814,0.958432671683167
4815,0.2528918778849168
4816,0.37724174727011184
4817,0.012961187961449416
4818,0.17649338695767094
4819,0.18689055162078416
4820,0.9970884145477121
4821,0.7723853918418077
4822,0.00999370949982907
4823,0.7433256975220932
4824,0.17578636430304606
4825,0.7575596176021361
4826,0.026474751258322868
4827,0.0796715746964856
4828,0.01756471924541608
4829,0.033899720571302985
4830,0.032382787423675494
4831,0.33380910950559156
4832,0.24468232937164813
4833,0.10890132852908446
4834,0.05883546497778196
4835,0.029367229161327217
4836,0.036363851479747536
4837,0.04772321564289789
4838,0.019837444064085892
4839,0.0070786420526471345
4840,0.9734815708303348
4841,0.2224425399494593
4842,0.9892905983352982
4843,0.06279120292108713
4844,0.11808663518947712
4845,0.07670177906510706
4846,0.01436421897110153
4847,0.9807077463220679
4848,0.7422109239419774
4849,0.0038822521693679243
4850,0.34829693703547415
4851,0.04473622737659992
4852,0.3970872532319749
4853,0.7272745437852021
4854,0.5953776622585097
4855,0.22081235405288857
4856,0.6639874701430375
4857,0.1695686857678182
4858,0.10309050957562918
4859,0.02592522363301377
4860,0.079920081620501
4861,0.8614297507965529
4862,0.04828717640219922
4863,0.0162925236217015
4864,0.7605633369207219
4865,0.17683364611524338
4866,0.004297528382976364
4867,0.11774886571076804
4868,0.17161393067815214
4869,0.002079067611940973
4870,0.12098055156328348
4871,0.31776573696347327
4872,0.3394709383190522
4873,0.1005121761303053
4874,0.9838391645206787
4875,0.27695408512775965
4876,0.018682528245346067
4877,0.02434998777112095
4878,0.8439412655814086
4879,0.5994354747484688
4880,0.8440063399316207
4881,0.9410674603576165
4882,0.05926667410875946
4883,0.0784780965938526
4884,0.12420152014792223
4885,0.8504071072744618
4886,0.9743111689951305
4887,0.007078258698958733
4888,0.03349073035123393
4889,0.30431783068757834
4890,0.024114572177805174
4891,0.6582185244975808
4892,0.9888305183816769
4893,0.921805018518965
4894,0.10086632591020567
4895,0.18151882140435088
4896,0.5868526615621065
4897,0.8809878466388092
4898,0.1186502227664574
4899,0.9359564513268475
4900,0.0061796257761179245
4901,0.8824431736962685
4902,0.20280708636732
4903,0.030791738414733393
4904,0.040262329451890566
4905,0.2397997152570192
4906,0.007512989123071494
4907,0.6988592068428642
4908,0.02628484338752137
4909,0.052540648343166005
4910,0.9705831980357471
4911,0.15760757504207956
4912,0.02480730188647092
4913,0.9112834770796066
4914,0.030596239832188607
4915,0.9803249231729176
4916,0.4668973875033689
4917,0.5848135549370876
4918,0.9810501824139999
4919,0.6670303380840598
4920,0.024180804521481667
4921,0.9702530704519092
4922,0.984070141497063
4923,0.005659109804790104
4924,0.9699078254963001
4925,0.18710466648713528
4926,0.009398910439899839
4927,0.9081477031684987
4928,0.5973072502585679
4929,0.02248834973605561
4930,0.9779195983422928
4931,0.9055687818453402
4932,0.6706932251016988
4933,0.9909875111913888
4934,0.11224910154416297
4935,0.05189352311256441
4936,0.04243871984660854
4937,0.5776467863548367
4938,0.04842948137042495
4939,0.9472450516907416
4940,0.017253039392972597
4941,0.007462783496548829
4942,0.4591868742974589
4943,0.006695539639495911
4944,0.0259842866907374
4945,0.0954212723562646
4946,0.12508456523456454
4947,0.055325104564274585
4948,0.1786038116308603
4949,0.8799369973168909
4950,0.44251080924386754
4951,0.1698985867007591
4952,0.25957138174545946
4953,0.16388116398119418
4954,0.682662843703607
4955,0.5515282501746219
4956,0.11995494532431378
4957,0.09774108931108302
4958,0.9889676961957534
4959,0.6269817378137915
4960,0.002333450180468173
4961,0.7911959334340977
4962,0.07551968225381696
4963,0.29132206848562603
4964,0.8766741610088874
4965,0.016501039730987457
4966,0.008480924437739198
4967,0.3552546542462732
4968,0.0027555220554909632
4969,0.1469959540471979
4970,0.9864492413721189
4971,0.12651885434200175
4972,0.05844218276859364
4973,0.009073580434375318
4974,0.01834130923085033
4975,0.8159554117040833
4976,0.16505007216353096
4977,0.6817553333429365
4978,0.011127545912985452
4979,0.8874737789826853
4980,0.5536404539600834
4981,0.0033137434875435486
4982,0.06525626488471029
4983,0.9542233201937809
4984,0.2584511276464368
4985,0.5736781640405701
4986,0.9914515188395148
4987,0.984377209921915
4988,0.0222545665682463
4989,0.0010927859627318567
4990,0.005906802977536433
4991,0.5655374617863123
4992,0.0065531992869538175
4993,0.042777081741620704
4994,0.1268643706894329
4995,0.011868642446863779
4996,0.9706006914126594
4997,0.010375830736423322
4998,0.3226371638983671
4999,0.5637293646677415
5000,0.022003416540841016
5001,0.009666158944618738
5002,0.05331673609945871
5003,0.5566276097507217
5004,0.372396002792003
5005,0.08994285493574349
5006,0.03427860458532839
5007,0.7931490002634344
5008,0.9690518786279507
5009,0.048356291471759336
5010,0.0028896700707453857
5011,0.5247063719560617
5012,0.030620554024239643
5013,0.0946400472737863
5014,0.11082496781804207
5015,0.6531571700803491
5016,0.895781160484219
5017,0.512162479569742
5018,0.9756847406064342
5019,0.9764858184101253
5020,0.014975496469797513
5021,0.21775596582380863
5022,0.011695435676501751
5023,0.001331831755713494
5024,0.24473049884627163
5025,0.057752596192307167
5026,0.04039640494725099
5027,0.05689092467702368
5028,0.9982055154254912
5029,0.894286172657792
5030,0.0064225065470974434
5031,0.03162497151695845
5032,0.1531534600994717
5033,0.9531308366418239
5034,0.9154686248588924
5035,0.01625596491998163
5036,0.012678079363094515
5037,0.0017818213744421533
5038,0.02072370765319813
5039,0.30976263219975575
5040,0.9187105858856085
5041,0.16957693051017092
5042,0.9771828826052988
5043,0.04690060948916052
5044,0.015457233386533036
5045,0.3872767531116139
5046,0.07743561621630345
5047,0.0018396834697507957
5048,0.4042933723796502
5049,0.13325833591904118
5050,0.09040743555754274
5051,0.794065490230905
5052,0.013047216781577721
5053,0.11392150840503815
5054,0.08980220518994855
5055,0.011107507892178006
5056,0.9535291123477567
5057,0.01339582067084474
5058,0.9722427682053815
5059,0.08711561254033069
5060,0.1514803212206402
5061,0.028387513987079505
5062,0.020140660916071987
5063,0.012410690521434137
5064,0.02581298218137275
5065,0.3885677682235735
5066,0.5742137420131379
5067,0.05137139609378602
5068,0.9778373261467218
5069,0.5805775438023524
5070,0.9783842432351326
5071,0.060978720448023355
5072,0.020607725169808876
5073,0.02339250177101805
5074,0.005053175595548321
5075,0.5406554278267454
5076,0.32698702833293547
5077,0.060779156526218805
5078,0.1677804839261161
5079,0.977573731588166
5080,0.030801605644400702
5081,0.003026246517065811
5082,0.08040141487105823
5083,0.05455340335518631
5084,0.0019176791136286831
5085,0.9704778410244256
5086,0.9987378747312596
5087,0.004959076145827673
5088,0.05475031738464366
5089,0.01474551735070288
5090,0.32719070339097056
5091,0.052562661568371
5092,0.9964326920624758
5093,0.3881716541517046
5094,0.06082635785493472
5095,0.07272185841628027
5096,0.02737562093782675
5097,0.02252890134591597
5098,0.15300152983285087
5099,0.002058891439743451
5100,0.05788577104615758
5101,0.32600019184566253
5102,0.6531053017163384
5103,0.008929119696626105
5104,0.0070782910347175305
5105,0.05636541881170513
5106,0.9983912085624966
5107,0.9836322820718434
5108,0.6156525750819697
5109,0.9241560026422415
5110,0.012651111791003538
5111,0.9696433560792632
5112,0.9165416146027784
5113,0.2042352413892655
5114,0.9338118349431077
5115,0.9027128839729075
5116,0.3991933175892823
5117,0.7730915503778613
5118,0.836540545310074
5119,0.029117027211770383
5120,0.9717634479677566
5121,0.03161903481112095
5122,0.035562397850635925
5123,0.8448750017021069
5124,0.007713625168371737
5125,0.9615120746234096
5126,0.09520927145975999
5127,0.6026205032018604
5128,0.06606104250336495
5129,0.4287776934385338
5130,0.028977469976461192
5131,0.01461536635956713
5132,0.14580858454659598
5133,0.17881363698416824
5134,0.6507044562178002
5135,0.47861685364587103
5136,0.0033692121212460053
5137,0.7523143232918641
5138,0.015034184639869781
5139,0.13438250568544538
5140,0.06382826149618054
5141,0.16836455661784352
5142,0.12735765634034268
5143,0.004103262290677933
5144,0.006716784049852758
5145,0.0025110728802584803
5146,0.027066408273021807
5147,0.014328351187156491
5148,0.026176857558088615
5149,0.012019131361191093
5150,0.30389740201780086
5151,0.804405754696474
5152,0.06862068790270152
5153,0.04009521857938422
5154,0.9918360842553393
5155,0.1030511193458172
5156,0.007713930613229884
5157,0.01682208368918725
5158,0.006195957877634986
5159,0.040754238345700286
5160,0.09467636533756335
5161,0.0329577384949017
5162,0.004832766216743093
5163,0.06899549458416268
5164,0.015661295525241297
5165,0.21279489420233197
5166,0.5804775146191203
5167,0.06637968751456143
5168,0.0838033853715004
5169,0.06332252595151269
5170,0.15709348945263119
5171,0.8270954008628262
5172,0.6966466373396902
5173,0.07142959787282445
5174,0.023059684269345015
5175,0.9988015697077792
5176,0.4119022413693504
5177,0.977490853604559
5178,0.9608288149143835
5179,0.9714183949136078
5180,0.0217272190738431
5181,0.13483072983788966
5182,0.2311000983475304
5183,0.001987192599401287
5184,0.130745846554649
5185,0.04765677977618758
5186,0.0012739710356033302
5187,0.04844943691550706
5188,0.9938345723476055
5189,0.022029316751567204
5190,0.07331998098723258
5191,0.2695097908347666
5192,0.08449781414240812
5193,0.21945510576871
5194,0.3397727310994657
5195,0.4072231764224576
5196,0.059621151082069196
5197,0.018889815700442965
5198,0.017738747905498793
5199,0.006562478150408878
5200,0.0032144480879805555
5201,0.08658820981287552
5202,0.10620404143069775
5203,0.01873662857075724
5204,0.1917500450742324
5205,0.0066828241550353825
5206,0.05478927880913855
5207,0.6088677057336849
5208,0.015367197132385591
5209,0.4729827416072344
5210,0.9835381213541857
5211,0.9302621100312507
5212,0.2567756680489647
5213,0.1344492955626037
5214,0.022263874059215594
5215,0.695267929141819
5216,0.8985107348297452
5217,0.02583347359922387
5218,0.5542854133417981
5219,0.0022542294579738853
5220,0.9498711593425452
5221,0.0251327350887208
5222,0.044424935708941286
5223,0.21533506173660127
5224,0.6496440819880372
5225,0.005852868973712171
5226,0.973581662959426
5227,0.8168380587310814
5228,0.8788796461453761
5229,0.995877473175065
5230,0.04223921515923735
5231,0.4027487235604539
5232,0.9528518260082623
5233,0.029783466696175064
5234,0.053281866556119065
5235,0.00994420517813118
5236,0.006604035508196011
5237,0.934249233806012
5238,0.11893039550654606
5239,0.020399210218057073
5240,0.01987084002837762
5241,0.033067218641365796
5242,0.02710793391952064
5243,0.06372961997196325
5244,0.9930649102008446
5245,0.5217477131252352
5246,0.09489358465197525
5247,0.050050800232832274
5248,0.04582878060833975
5249,0.23270615544059378
5250,0.23900433688452355
5251,0.3082320116741231
5252,0.5030337085313004
5253,0.0061261525762794766
5254,0.024335431973528894
5255,0.29421142286104407
5256,0.0037267448499222157
5257,0.2727807471486221
5258,0.8810561870906346
5259,0.7821022532461003
5260,0.06551526732137478
5261,0.017354290619777592
5262,0.7357842458372084
5263,0.009994950198732172
5264,0.25797513602958333
5265,0.04582288801128785
5266,0.9811680453610307
5267,0.0032422673393603992
5268,0.20056419280309362
5269,0.010808665150557305
5270,0.25629200565387905
5271,0.10857409817969364
5272,0.9680875085843678
5273,0.012801695943475366
5274,0.3675971654256448
5275,0.8985895087640369
5276,0.15440384277889635
5277,0.8518936481539875
5278,0.1855459172104989
5279,0.01685432920687658
5280,0.009884601456192249
5281,0.0022070549923016575
5282,0.9818243750708204
5283,0.05072698729575392
5284,0.01614921974391989
5285,0.0034845074852055515
5286,0.023003073020067363
5287,0.06025813326454969
5288,0.03951281946106741
5289,0.07736638103188562
5290,0.004899352976379718
5291,0.9906150365768944
5292,0.37788759111889436
5293,0.12384839367541975
5294,0.8313372032963052
5295,0.013489007887669796
5296,0.11169186089968175
5297,0.005127732205488362
5298,0.29566971650480517
5299,0.0019530539008846184
5300,0.014562724110166018
5301,0.4727258219333263
5302,0.5648104583592714
5303,0.14178401756525288
5304,0.10450594972947588
5305,0.0499413365056804
5306,0.0962883037920728
5307,0.947492885778878
5308,0.08470467876415361
5309,0.06713143756358422
5310,0.01753802274224845
5311,0.8746918354681525
5312,0.17194209614436196
5313,0.027866375032421578
5314,0.7401465946327374
5315,0.1768828515123084
5316,0.09633664336248786
5317,0.07462821870552933
5318,0.00648781141639429
5319,0.7182956652337301
5320,0.09358044907612226
5321,0.09287527684716498
5322,0.08044005349996466
5323,0.03010379542916934
5324,0.894701208273062
5325,0.18731706348388155
5326,0.002662929504436561
5327,0.018820756407280554
5328,0.05628750757870763
5329,0.9666637316219073
5330,0.010032907002870076
5331,0.10759107162135724
5332,0.005854575084511761
5333,0.03192020265749139
5334,0.9741771891099067
5335,0.5387375054444776
5336,0.009496538445778864
5337,0.036530440719421076
5338,0.37142221235134465
5339,0.07454502987976469
5340,0.012077700407508928
5341,0.0026368549715354637
5342,0.9831076033978494
5343,0.0647471402694381
5344,0.022457114794321362
5345,0.008681560688583157
5346,0.233872250476663
5347,0.9598793959010796
5348,0.04056164811062289
5349,0.03397688590317256
5350,0.8373333656639315
5351,0.9960908036853614
5352,0.7536172957754945
5353,0.022771857994441813
5354,0.16861832277365557
5355,0.8465505366251695
5356,0.02295690486583353
5357,0.1920870902099236
5358,0.9982784029733491
5359,0.005877295800065642
5360,0.04519533835668478
5361,0.768569448823523
5362,0.09739274056729536
5363,0.0077804200405134395
5364,0.004523449507126143
5365,0.9798268795829284
5366,0.0021291643723127234
5367,0.002715638606761257
5368,0.9141503166918326
5369,0.8114481419802005
5370,0.0338735532075231
5371,0.014971805887495148
5372,0.01168560160612496
5373,0.18035516500891374
5374,0.005799903227847441
5375,0.020654675235469037
5376,0.06186802028035521
5377,0.011996939326109572
5378,0.04906309064731063
5379,0.243149893435432
5380,0.4717354933958288
5381,0.027680114315786652
5382,0.23148794471996476
5383,0.1094876271071436
5384,0.05733554860137172
5385,0.039991208708231585
5386,0.0160887777352832
5387,0.6650609004934629
5388,0.012784100602957042
5389,0.9760835573497821
5390,0.5573861707577743
5391,0.00987495685184148
5392,0.004924660961521777
5393,0.987103270496914
5394,0.05972211821800472
5395,0.8569043071613183
5396,0.08907689757697851
5397,0.277987413811082
5398,0.1403131935191738
5399,0.28833325099112117
5400,0.01810328351034439
5401,0.33053578144994417
5402,0.008515386753186669
5403,0.09539886016566988
5404,0.030486711052577994
5405,0.02513919878063722
5406,0.8979190710182249
5407,0.8448417068815345
5408,0.017573090824681118
5409,0.008926343415904061
5410,0.183475925423413
5411,0.18239504645801718
5412,0.9523611202791282
5413,0.0811114407966042
5414,0.0045140739459035885
5415,0.9961192138133023
5416,0.020957279198499414
5417,0.08854827589687651
5418,0.05501600116413647
5419,0.2912962589877889
5420,0.05350438555536649
5421,0.046774125185926475
5422,0.07084169560865144
5423,0.03349296381567088
5424,0.9765542011294494
5425,0.9800405499426391
5426,0.021053238787446697
5427,0.00988082788349289
5428,0.003994387393411448
5429,0.002111919971668129
5430,0.602783967627734
5431,0.044607536427077495
5432,0.7972994887150259
5433,0.1807173832258076
5434,0.9753279642269739
5435,0.6294121494102999
5436,0.9873661022911999
5437,0.023376034400802513
5438,0.1880744233674108
5439,0.39804707800857403
5440,0.944125557353415
5441,0.01000613854078266
5442,0.031661428882728944
5443,0.4503575573517022
5444,0.014553009118357208
5445,0.8661038978243818
5446,0.114371824689682
5447,0.13830681845446993
5448,0.03996424729560852
5449,0.0021014171822280846
5450,0.9803557933873103
5451,0.001998214687753178
5452,0.9653695144499159
5453,0.12284365487146626
5454,0.049699298483489286
5455,0.970141345008908
5456,0.011835060390428951
5457,0.03838207752914867
5458,0.0038819840685587587
5459,0.9460519959628145
5460,0.9738076011968042
5461,0.012230943425967318
5462,0.033062418044544316
5463,0.02469355621883961
5464,0.00692901602355234
5465,0.1338086804414662
5466,0.764041360350758
5467,0.9956362200203903
5468,0.0800963197764592
5469,0.05123308478324918
5470,0.9978491623881818
5471,0.390748071370977
5472,0.08356507860091027
5473,0.0037299072960400243
5474,0.22561170146044157
5475,0.004010286148026005
5476,0.028551098018987628
5477,0.9215194849410664
5478,0.22660043035858876
5479,0.9591120243686393
5480,0.05901509880761626
5481,0.07825337500533458
5482,0.013912454346617363
5483,0.38010365809078206
5484,0.8088733662820232
5485,0.1768860066118751
5486,0.03132905414822304
5487,0.38831617662781814
5488,0.3163640660216016
5489,0.1549664965029926
5490,0.0280163690996275
5491,0.7875417304275423
5492,0.06413850670725468
5493,0.01906131636666942
5494,0.7915398100967229
5495,0.8311774895496964
5496,0.008884045612609873
5497,0.20327574431209705
5498,0.03342512431791461
5499,0.006187127120061349
5500,0.0041128770495962655
5501,0.1943109814233103
5502,0.010571343925540147
5503,0.05083156509063644
5504,0.989078836052041
5505,0.9842390278216128
5506,0.023628135938872107
5507,0.22145085206244242
5508,0.06153068997738327
5509,0.9897868975964321
5510,0.004494336718474845
5511,0.994878686977321
5512,0.004708021654159947
5513,0.02749655352905643
5514,0.3843759682253155
5515,0.004383046065305954
5516,0.04707221166027908
5517,0.1056035216323432
5518,0.21134383717754934
5519,0.023904454723545174
5520,0.016876356628013532
5521,0.9970146864186762
5522,0.8182035347676393
5523,0.198160574097413
5524,0.9775216776891745
5525,0.0885440951681716
5526,0.0947447415095378
5527,0.8607948357769948
5528,0.0077723702844193585
5529,0.027034914754883115
5530,0.08997146602348596
5531,0.04383571286782878
5532,0.10117461407226724
5533,0.07256864493259349
5534,0.30260691305000886
5535,0.030341284673200998
5536,0.09118134731521467
5537,0.04763743480549963
5538,0.006221953545237112
5539,0.044750816020709266
5540,0.7930795582081103
5541,0.004877603757394515
5542,0.25123636214542966
5543,0.004521326398728483
5544,0.009455140686572822
5545,0.8501805171579444
5546,0.4216046098023183
5547,0.07555932938812654
5548,0.042807200984395874
5549,0.9906666255364871
5550,0.03398050932392463
5551,0.1378111546032899
5552,0.04242119916826023
5553,0.036118217666960564
5554,0.49145594126617365
5555,0.0807668676419147
5556,0.0752612763139246
5557,0.6307225983965753
5558,0.9801730779433928
5559,0.11152942633097851
5560,0.9852708602505456
5561,0.6175234001070802
5562,0.0036775867782206737
5563,0.07928073617489832
5564,0.013460250977403809
5565,0.9919394458070141
5566,0.4098316916057869
5567,0.020647562062925836
5568,0.03255284339533591
5569,0.062199454253376946
5570,0.9854868992850013
5571,0.023858107142521658
5572,0.0018652467520747199
5573,0.049541541490308885
5574,0.82373887545442
5575,0.34632822243672645
5576,0.033403837423813476
5577,0.02214790900027497
5578,0.19672365100672057
5579,0.013748239071539516
5580,0.9944095839368021
5581,0.18837162815295422
5582,0.013508240288058637
5583,0.016895161935346723
5584,0.5565924682623972
5585,0.012726937080010874
5586,0.34341850463638773
5587,0.6985798610440941
5588,0.18485134048605772
5589,0.14133324963651622
5590,0.043031347590006194
5591,0.02021940894573517
5592,0.5375674685706799
5593,0.00520139439923881
5594,0.03287959737172656
5595,0.07083358574261409
5596,0.6135360355950416
5597,0.9755249781935548
5598,0.02332359047025547
5599,0.9489790728669956
5600,0.9744008728043596
5601,0.08082398127746393
5602,0.06493226773493366
5603,0.5624641661481925
5604,0.0059520856902146035
5605,0.7682515595435846
5606,0.1345663373752752
5607,0.0025325201625937387
5608,0.4256658209498436
5609,0.8618273334356245
5610,0.04860446127130898
5611,0.0627211907818445
5612,0.055514942880698456
5613,0.18127384900312338
5614,0.164949100638634
5615,0.001400367828581529
5616,0.04013455092179715
5617,0.8754191059674468
5618,0.9981230621727797
5619,0.09712202490636768
5620,0.04328218827838063
5621,0.2226206825193127
5622,0.01594397767350106
5623,0.0035008805680445338
5624,0.10287868412480836
5625,0.7020782213860288
5626,0.15437703426707505
5627,0.99838880277342
5628,0.04523989070619232
5629,0.1617818549474292
5630,0.9779121854946862
5631,0.01941487158853148
5632,0.02499541144634412
5633,0.005814522745826923
5634,0.48204236177962356
5635,0.06714066301935175
5636,0.0023800188562642646
5637,0.10060027277532121
5638,0.8338710624244529
5639,0.0034722132807642886
5640,0.01790703183531157
5641,0.14667246826409097
5642,0.021479231687539707
5643,0.8193227051019749
5644,0.06974470306942329
5645,0.029798180605364738
5646,0.8033867719052862
5647,0.049327016360073805
5648,0.02232083668354186
5649,0.034370475679880746
5650,0.00777134911166495
5651,0.12660922261122895
5652,0.030465911395534218
5653,0.010034779945163962
5654,0.008573818161753665
5655,0.9730766774100066
5656,0.209273241108758
5657,0.17876375872905603
5658,0.013798028389116292
5659,0.09587109750924899
5660,0.026312185553401188
5661,0.8555529002678453
5662,0.038184676969607326
5663,0.2178264674827562
5664,0.008134818226828815
5665,0.9346855926882363
5666,0.07955136666845386
5667,0.9540168055767384
5668,0.9984034116471663
5669,0.2631593321902277
5670,0.9332653108967
5671,0.051419076219446615
5672,0.02275918990032704
5673,0.3504037028889764
5674,0.8589560216095284
5675,0.21836614746950678
5676,0.9976404695499496
5677,0.06241666504408985
5678,0.07301321796743473
5679,0.9885866485917166
5680,0.017111966985053375
5681,0.046964034508147526
5682,0.48449705717719294
5683,0.17729983267847677
5684,0.10022336412911932
5685,0.0882808989674344
5686,0.06592733356217821
5687,0.11307738201868134
5688,0.029497257259454616
5689,0.02207951248230891
5690,0.01783329229124255
5691,0.010525664906385955
5692,0.022643831765841692
5693,0.35217014637536204
5694,0.04711426440803833
5695,0.41763608923077883
5696,0.37965579043185804
5697,0.238943456672633
5698,0.04413163713589087
5699,0.4291858329576306
5700,0.05795061262015923
5701,0.983880116173537
5702,0.07184523991647458
5703,0.2848205107908028
5704,0.9063787993525615
5705,0.6729625170771354
5706,0.08270212032216023
5707,0.019112271727955894
5708,0.10642412265287046
5709,0.9180667801152924
5710,0.9677449399325083
5711,0.06884675629965992
5712,0.002170713453305082
5713,0.015131297530832082
5714,0.27551630795874826
5715,0.022882938563542905
5716,0.0024455193714193746
5717,0.9342263570216756
5718,0.9376741963095827
5719,0.0018947719166396294
5720,0.44667602602463286
5721,0.0023715998223610597
5722,0.9965548177046224
5723,0.5725665880235458
5724,0.01848974290339553
5725,0.05106795549104605
5726,0.35527529109222344
5727,0.9768772721243956
5728,0.8527690524440303
5729,0.005574318891812563
5730,0.312783594095012
5731,0.9801273512350734
5732,0.01831877128517039
5733,0.2690669848940711
5734,0.9970368652945156
5735,0.015504589273939728
5736,0.0014645377649117667
5737,0.9349048507216589
5738,0.9026081050335522
5739,0.00713253260013769
5740,0.18433854069950995
5741,0.045255928287865066
5742,0.10398404297920599
5743,0.9233103803140841
5744,0.2860189057387938
5745,0.005158671138151743
5746,0.02842529094441109
5747,0.07544372856488746
5748,0.06253306404819958
5749,0.38325079041226373
5750,0.9863898337218855
5751,0.003562068687172822
5752,0.09256605036287682
5753,0.025619247249302812
5754,0.006392435306794773
5755,0.048061800167228885
5756,0.005178230917338407
5757,0.17906860683780035
5758,0.9347524142857551
5759,0.21821806512830014
5760,0.015728826441476322
5761,0.003890617392084502
5762,0.4148256745867521
5763,0.9620462360416274
5764,0.0013847202483222838
5765,0.7305034190755842
5766,0.9900212030280731
5767,0.030594537777282185
5768,0.8963172423249525
5769,0.0026913903415956503
5770,0.08854112399002902
5771,0.9984742115130911
5772,0.16450985307176993
5773,0.7044040800557766
5774,0.975304735758393
5775,0.13089339224457053
5776,0.8763012415441328
5777,0.0020977830676555047
5778,0.027900603335310963
5779,0.009886394199011944
5780,0.03433567902975837
5781,0.3653390316715054
5782,0.08040948080796753
5783,0.3809539672360347
5784,0.9648206718925953
5785,0.7818796583277643
5786,0.0017576104323875643
5787,0.06845102320147475
5788,0.9841320599268449
5789,0.03666868583765251
5790,0.9868167489538271
5791,0.9985039758070535
5792,0.04049686879099542
5793,0.19249382698647124
5794,0.1044667459693111
5795,0.09179092515667227
5796,0.08164046268467558
5797,0.935779311728502
5798,0.9942666373882233
5799,0.02094681045173668
5800,0.4802001688381218
5801,0.2494245808003258
5802,0.9643575628380935
5803,0.5686344553020497
5804,0.07885391903389413
5805,0.06455000178105064
5806,0.9236683018520937
5807,0.02482756976968049
5808,0.9986708765952522
5809,0.011718155128319026
5810,0.045100686369265175
5811,0.9646596315721903
5812,0.9883031766876373
5813,0.9844096752704972
5814,0.9637298484737471
5815,0.9604451253889192
5816,0.9383573435808206
5817,0.9438067107933354
5818,0.026437991399011092
5819,0.995303105312102
5820,0.31364271172970526
5821,0.0233840364538504
5822,0.9985819888445693
5823,0.00956035588080052
5824,0.8876435283767266
5825,0.03077666276235143
5826,0.016078295548892653
5827,0.01614884767553139
5828,0.9577666110941958
5829,0.2241569527952474
5830,0.061183969810713064
5831,0.07995792539171043
5832,0.504996428675325
5833,0.20804406129993502
5834,0.06424296140837901
5835,0.597316334495566
5836,0.11408398370208753
5837,0.7370201698660082
5838,0.015224135962090077
5839,0.0027696673094257506
5840,0.006285131948628507
5841,0.9458124032505039
5842,0.07690837807444553
5843,0.13219306573454043
5844,0.11364560236394701
5845,0.6079031884455837
5846,0.932624826186756
5847,0.12483800503308548
5848,0.10069359643850767
5849,0.06142896834889073
5850,0.989942229921768
5851,0.9504942056942493
5852,0.8676410019207956
5853,0.08785074687599148
5854,0.8648291679529525
5855,0.00646644941387382
5856,0.13709670616171798
5857,0.050804890970418036
5858,0.6231320325218059
5859,0.02698769451549226
5860,0.969462216230814
5861,0.014874614605471537
5862,0.6852657908569446
5863,0.1602431173033366
5864,0.16588381478681358
5865,0.14810273426097828
5866,0.05303654858134996
5867,0.08111537515931978
5868,0.040580471554124
5869,0.05896977568195032
5870,0.0020152469783207964
5871,0.12254503032162985
5872,0.007382937473250762
5873,0.11353863444369798
5874,0.9925881987113855
5875,0.9986277323761403
5876,0.052659619824706363
5877,0.9709626583489048
5878,0.1271242408785774
5879,0.03300357124156511
5880,0.1979731532270057
5881,0.1752876135722108
5882,0.024260684039161477
5883,0.1956353827936143
5884,0.8076513707878088
5885,0.008247990702802436
5886,0.5663872565775471
5887,0.9388911244168614
5888,0.5695173714769415
5889,0.9612261291669754
5890,0.006416846574376948
5891,0.030971643494901342
5892,0.5064967124093416
5893,0.03950517274057906
5894,0.031875726390929074
5895,0.09375648931107594
5896,0.01137780701494475
5897,0.05558623669992923
5898,0.7076041333070687
5899,0.10772062881480751
5900,0.0800335154099854
5901,0.6818317794566617
5902,0.6751449747084157
5903,0.9563555063588751
5904,0.9843968330438388
5905,0.35211120141109664
5906,0.03163393080345811
5907,0.9887034902269402
5908,0.0237789720270316
5909,0.0608062635881536
5910,0.14267644566974905
5911,0.09380958674382954
5912,0.9664890494510163
5913,0.0037930948027646034
5914,0.06987397470726045
5915,0.1830736747542215
5916,0.004358074015189778
5917,0.00902361493281296
5918,0.9626413070209582
5919,0.06312381772869516
5920,0.9863902092544448
5921,0.04703843366741124
5922,0.07195128314081345
5923,0.08327847711786543
5924,0.2961424249530767
5925,0.06190074277373061
5926,0.9816430511406447
5927,0.20097627722012162
5928,0.06028111351428303
5929,0.006960400525408778
5930,0.0968925997848294
5931,0.9254966505385813
5932,0.03125735749756879
5933,0.9534997466249407
5934,0.5182436320661373
5935,0.2218035520494207
5936,0.0054525534271542015
5937,0.06728207851376322
5938,0.39430702064413464
5939,0.004659435668467783
5940,0.968289577144898
5941,0.052406920852828345
5942,0.06858928285186117
5943,0.0627911822134025
5944,0.4589501456373196
5945,0.9871982398590871
5946,0.046885485438300234
5947,0.05928100600002151
5948,0.08440960452260202
5949,0.6989453529013149
5950,0.007856990352814343
5951,0.4353999016741489
5952,0.06842099061167747
5953,0.43143488402029107
5954,0.45919137278369593
5955,0.026913815213429504
5956,0.9299283442654589
5957,0.7748244800682587
5958,0.8016900518186856
5959,0.22251591215897873
5960,0.035844778470058056
5961,0.00266341165660611
5962,0.22902417650169504
5963,0.00481790151334573
5964,0.8953979812624189
5965,0.1375585982633976
5966,0.026848575772702908
5967,0.0057946321059919705
5968,0.06416464170534518
5969,0.6779764446506319
5970,0.9540376276493175
5971,0.04331207098814698
5972,0.9404406254385168
5973,0.09587539764385453
5974,0.8386903876621776
5975,0.6493633895592066
5976,0.004883607089475658
5977,0.3211179261565451
5978,0.1860810729913383
5979,0.9449384801189105
5980,0.22936563261965043
5981,0.29230839799211816
5982,0.04243316445682109
5983,0.01774847773015198
5984,0.9256877954598448
5985,0.03397379807082766
5986,0.1510744695323877
5987,0.016983931763527405
5988,0.7667279359663222
5989,0.8803120199662506
5990,0.019300062972295626
5991,0.9910326015590101
5992,0.06306022485611412
5993,0.5330185555915622
5994,0.02669482843901301
5995,0.045722042585742986
5996,0.04743982745430311
5997,0.9375141415885817
5998,0.8051237712135575
5999,0.8523208168647962
6000,0.02134894073406566
6001,0.6473209567296526
6002,0.6616351878377262
6003,0.39187322962942395
6004,0.05037473677991424
6005,0.004241877797792823
6006,0.7341873545620169
6007,0.9797549178421116
6008,0.37931080679001605
6009,0.9633796202079437
6010,0.02317576410935892
6011,0.9582522215020549
6012,0.14224739282838103
6013,0.19101036160169543
6014,0.017256282941251914
6015,0.06752601441591699
6016,0.04446548264416694
6017,0.030609694184031942
6018,0.9982121446142216
6019,0.016537261201615305
6020,0.9801156175835579
6021,0.3128146453042521
6022,0.9799062626658757
6023,0.8874723298428769
6024,0.01918632062653797
6025,0.10407190091614202
6026,0.04832613125878856
6027,0.2947088694685507
6028,0.06277681961973092
6029,0.7144594512499275
6030,0.035141611974220825
6031,0.02465297334853309
6032,0.0589510675670396
6033,0.01591199711590498
6034,0.412725481880011
6035,0.17012729117050351
6036,0.9595471695465945
6037,0.6401612560434473
6038,0.9157927492590865
6039,0.00714802816087722
6040,0.052501392083380644
6041,0.9714682816107767
6042,0.9683520587427389
6043,0.8541614039060528
6044,0.9611511509624586
6045,0.9265677830172399
6046,0.012742164642309296
6047,0.08309594056230195
6048,0.2314951931783948
6049,0.48256357084292845
6050,0.01796181222801165
6051,0.17573228043638922
6052,0.06817508573243118
6053,0.0015904702974768624
6054,0.01597088978617008
6055,0.049765825600439954
6056,0.1363092387733083
6057,0.01838136611800943
6058,0.18942482698285096
6059,0.8510878680438825
6060,0.012585916081485696
6061,0.3899429767247793
6062,0.05465516928037023
6063,0.954488258358126
6064,0.006466362314033533
6065,0.025376420010551442
6066,0.16605077901644935
6067,0.00955262113300959
6068,0.6625330058288159
6069,0.002242099992874701
6070,0.028583226341034502
6071,0.016135267713937373
6072,0.9985198138919276
6073,0.009588841510374688
6074,0.2061538224331793
6075,0.07168133432849105
6076,0.08660118907148853
6077,0.07392057244376633
6078,0.3669418343563492
6079,0.030615849068749347
6080,0.8144062733729978
6081,0.007414315737347181
6082,0.7516764350605414
6083,0.009200018967303382
6084,0.9869178627657298
6085,0.171678422729968
6086,0.031007110709675108
6087,0.03844577564879438
6088,0.2076448202195031
6089,0.05515286261825637
6090,0.023676889485986292
6091,0.03499658934978905
6092,0.9722140740060988
6093,0.3488794099321305
6094,0.026209222003754595
6095,0.514410341217133
6096,0.9711879145544738
6097,0.051106000929047615
6098,0.0019158299338085105
6099,0.9389749269323313
6100,0.9821711682258938
6101,0.8397501324550355
6102,0.08337587855924555
6103,0.23170795844952297
6104,0.07347710534843035
6105,0.007071178450939678
6106,0.02112887952133014
6107,0.7371824290817222
6108,0.9770585772485647
6109,0.0025880974057427668
6110,0.280288956242584
6111,0.965846495701041
6112,0.012078899903716411
6113,0.004712555734610827
6114,0.030299230558696925
6115,0.9680453242558864
6116,0.7379798445895315
6117,0.0023367434212739216
6118,0.045358279801543167
6119,0.7094541234221782
6120,0.4185480669508432
6121,0.008728777851317544
6122,0.03767255517209214
6123,0.8972898279858024
6124,0.08947413670032524
6125,0.6534730429448807
6126,0.003139774081848034
6127,0.9235657398280726
6128,0.005285577951694317
6129,0.8923587993187113
6130,0.032699636690034006
6131,0.04487481938192592
6132,0.9655850007629672
6133,0.10913012922125474
6134,0.5618344966275495
6135,0.04388717394194226
6136,0.8566663359910125
6137,0.1203210822005552
6138,0.011397137923884755
6139,0.14728296095839405
6140,0.04222977431526796
6141,0.9985462267459186
6142,0.9233425225092555
6143,0.8739455110950239
6144,0.024596009203713846
6145,0.9708902263265542
6146,0.6080899848373016
6147,0.026287947338054903
6148,0.7433952182794268
6149,0.2131152204429173
6150,0.00829333141924921
6151,0.032892026640314646
6152,0.03668765223824045
6153,0.019795020632549346
6154,0.8833854944613566
6155,0.010857669863616408
6156,0.359342571624462
6157,0.04863863396621883
6158,0.18247491546317174
6159,0.024047102074740923
6160,0.7354519196331659
6161,0.3527932398258963
6162,0.9600109632779228
6163,0.8315554449743883
6164,0.02340497236214007
6165,0.2968882018507977
6166,0.9667713076979803
6167,0.9919318262503434
6168,0.8013581599182334
6169,0.39266114515652883
6170,0.8094555117769914
6171,0.14739946415886535
6172,0.827184454801744
6173,0.07249851696449072
6174,0.4452065749793122
6175,0.7651896900787303
6176,0.010212739421656977
6177,0.07313983569783157
6178,0.930258566240943
6179,0.0869150315259338
6180,0.6882880370914494
6181,0.9700614331450937
6182,0.15476471865792504
6183,0.017447988948162373
6184,0.12564102417989578
6185,0.6597478467238878
6186,0.3714261032791996
6187,0.0032816329611006366
6188,0.040029004492511865
6189,0.15322365531195556
6190,0.10413092107184518
6191,0.9980927331255538
6192,0.22228739158087918
6193,0.03139354696485266
6194,0.9855833706105634
6195,0.009960995312122304
6196,0.9799223982848654
6197,0.984178469865155
6198,0.8690296392882289
6199,0.0326186644180268
6200,0.9771718023486049
6201,0.008568288379611901
6202,0.013054446839828742
6203,0.016414363622661868
6204,0.09510637799686646
6205,0.021439984149780104
6206,0.019277686497028546
6207,0.03484609690213844
6208,0.9867827422991207
6209,0.206124834673289
6210,0.44681016504264004
6211,0.9502127156204329
6212,0.015754703186248872
6213,0.009335175914291241
6214,0.5834390655086573
6215,0.040032719726885
6216,0.02904739204599538
6217,0.035925082530798354
6218,0.19348565076655572
6219,0.14447532043451133
6220,0.058466660712596485
6221,0.7679897879109878
6222,0.012010278560378066
6223,0.011280875662150754
6224,0.00851824638977102
6225,0.002761995001219455
6226,0.004508980269909757
6227,0.01813632237019473
6228,0.028450111422960885
6229,0.9673042354956323
6230,0.0015514846343877534
6231,0.07986596877768429
6232,0.06290262003769251
6233,0.031416581286643375
6234,0.9976486989884318
6235,0.47234800818888983
6236,0.13262818633027168
6237,0.2764321655211607
6238,0.07291284281422475
6239,0.7240477550260572
6240,0.018931293905153274
6241,0.4897594169722054
6242,0.011290137366066795
6243,0.012356542881750768
6244,0.0011487043774247477
6245,0.0015741510124655657
6246,0.9782821537118462
6247,0.04570483877523092
6248,0.006963057708150813
6249,0.222102897513894
6250,0.33462232335209074
6251,0.07349804774348115
6252,0.9128342332406464
6253,0.7696492370986039
6254,0.9331912735780091
6255,0.9474488732963429
6256,0.9947253690903135
6257,0.46412868465072826
6258,0.9962250485958171
6259,0.010307929204035206
6260,0.004160835367250883
6261,0.054293825998957185
6262,0.08360178291548659
6263,0.2691141891874172
6264,0.5366114344964589
6265,0.061545779982907486
6266,0.9716235926059699
6267,0.0525456345246722
6268,0.0480808552217222
6269,0.006737490362338366
6270,0.06388170586218841
6271,0.02421723423803639
6272,0.1387518164430937
6273,0.02665491638826098
6274,0.1257419775225304
6275,0.004505777922813645
6276,0.9848737123232123
6277,0.05384897866943347
6278,0.06975065296156194
6279,0.9910205427525047
6280,0.12179526533784354
6281,0.002032591706787394
6282,0.13637936457440264
6283,0.29324355813987424
6284,0.6355547437770164
6285,0.3961853568629256
6286,0.019273191096427406
6287,0.0346215953837172
6288,0.9898814138792825
6289,0.7601437804711675
6290,0.04520447174645251
6291,0.06611542972974999
6292,0.034679050867246
6293,0.10068943641867426
6294,0.8009893706455763
6295,0.05525692734244887
6296,0.7627445183783155
6297,0.01270573517237076
6298,0.13952835116613865
6299,0.980751194168606
6300,0.8702956577638249
6301,0.012575796403198796
6302,0.017635248734032407
6303,0.01364015833604977
6304,0.5790329455006596
6305,0.9146200425120546
6306,0.8296804647888654
6307,0.46132983308036113
6308,0.5543670501917628
6309,0.020395946775970446
6310,0.7489609896022391
6311,0.6564172038814698
6312,0.9662599714370136
6313,0.997876570993605
6314,0.03914884041605354
6315,0.4493864758253706
6316,0.36183018230440045
6317,0.03377250868760359
6318,0.28284500315248085
6319,0.09597531753293767
6320,0.11251028669117213
6321,0.0026994985427106592
6322,0.9987436255412352
6323,0.002195762567947817
6324,0.19691657982158217
6325,0.0025015015493348005
6326,0.006352564948719587
6327,0.28045784111005334
6328,0.0066178306837905605
6329,0.045545407587061486
6330,0.7451911685959428
6331,0.012216430581605878
6332,0.9977404086929829
6333,0.9399645562198274
6334,0.007044408823306323
6335,0.9925949320158802
6336,0.28291325595944455
6337,0.6041543165130747
6338,0.12877656206134372
6339,0.24693610750326295
6340,0.00534202257199127
6341,0.020096510486332916
6342,0.7445066378006766
6343,0.018798667267483082
6344,0.09945527193526094
6345,0.014023107907116092
6346,0.08213250143249987
6347,0.029749704187763196
6348,0.0705412074922341
6349,0.9509055882815545
6350,0.8624852753366363
6351,0.29488975342963963
6352,0.4974048487185116
6353,0.04892433206779227
6354,0.013054341002329533
6355,0.08956984254459978
6356,0.1329755079487482
6357,0.19772250148773757
6358,0.0031429721599265242
6359,0.2433559938219573
6360,0.15158832731728447
6361,0.22040812141317168
6362,0.017096989214718437
6363,0.9836111992762384
6364,0.006325435202508075
6365,0.03228126612586558
6366,0.002895201739764481
6367,0.06442877056368573
6368,0.15882656878366977
6369,0.9563903722267529
6370,0.34012909137009895
6371,0.03254803870767513
6372,0.005643100870279919
6373,0.3510055402539515
6374,0.055204426258674805
6375,0.36619403792150135
6376,0.5347984470885363
6377,0.10955357524361617
6378,0.011005759865162732
6379,0.017889740543726766
6380,0.006012075984371803
6381,0.2689289547613579
6382,0.02946615037776983
6383,0.03100923616492971
6384,0.039104909891660364
6385,0.9968811298241099
6386,0.09823941792659481
6387,0.01868855792524577
6388,0.8288618929664857
6389,0.6279331452722059
6390,0.7591459259057689
6391,0.9140470706216942
6392,0.03462577172149942
6393,0.010775215599509115
6394,0.011533180013527398
6395,0.8122905250203721
6396,0.20631692547835256
6397,0.9829696146746524
6398,0.9454061233616368
6399,0.9626714012799432
6400,0.8450452035524287
6401,0.9914684555853799
6402,0.9307799290617498
6403,0.0013430956704739555
6404,0.002897825972655613
6405,0.4818837823207168
6406,0.9742021175242213
6407,0.9457009579518522
6408,0.4482365533575921
6409,0.7012037664133521
6410,0.013053115084925375
6411,0.28553030415567215
6412,0.2985565397044022
6413,0.9344940870958496
6414,0.002605255243304636
6415,0.9821621165578978
6416,0.14241471089591354
6417,0.4812186507898015
6418,0.050511239798670636
6419,0.06571815396954211
6420,0.3145127972086121
6421,0.06219330404757725
6422,0.040176784682991504
6423,0.08352786655510905
6424,0.9466751429190574
6425,0.6428848505761589
6426,0.1904221016892369
6427,0.1922730296887382
6428,0.12319359026748274
6429,0.9817864515731654
6430,0.9887515214761466
6431,0.05096702478655283
6432,0.09414947638766127
6433,0.0018719179352558722
6434,0.07364917223373162
6435,0.05530686460518444
6436,0.08286058515142122
6437,0.9916860902061864
6438,0.06604528170772243
6439,0.0432138361497872
6440,0.021003653364018153
6441,0.031205860094188076
6442,0.014290481292416498
6443,0.008183493999009011
6444,0.951809863785531
6445,0.9270208178763986
6446,0.18488835321347594
6447,0.01861853682201695
6448,0.012615094898080938
6449,0.6564150087382139
6450,0.027351656682602712
6451,0.6842743484484721
6452,0.05075979849241319
6453,0.00987447777326122
6454,0.23994041953893824
6455,0.08539841658196272
6456,0.9373316797117626
6457,0.03752159406472037
6458,0.6452288382787762
6459,0.009786594525552037
6460,0.017948517250102693
6461,0.05834181444898231
6462,0.017517837072162173
6463,0.004066968087340477
6464,0.9646451630492034
6465,0.4105907240367974
6466,0.09248287484047144
6467,0.3110087738968284
6468,0.02382675361263747
6469,0.978379491139179
6470,0.9414651952398758
6471,0.3961696230254092
6472,0.03241820452583455
6473,0.05887604961388681
6474,0.3162796102529864
6475,0.08859021466035708
6476,0.17497322371285423
6477,0.003946934768181197
6478,0.12399534422699762
6479,0.6857683928940494
6480,0.0108522735521012
6481,0.026384143889317684
6482,0.699003352346365
6483,0.06344308984403634
6484,0.04324745118674847
6485,0.18439628316569234
6486,0.40432218476316517
6487,0.018367543808526586
6488,0.039113861605560074
6489,0.012656014977305997
6490,0.4150965238486622
6491,0.112934814431346
6492,0.9860485715634485
6493,0.019658101230284348
6494,0.08214090961929824
6495,0.1879527375142942
6496,0.053962590897411816
6497,0.9669120581787385
6498,0.6836700227584683
6499,0.2657630881394999
6500,0.9984614944041454
6501,0.997489668998879
6502,0.006595588067426013
6503,0.9672986021856547
6504,0.00451424035747524
6505,0.9365601451762411
6506,0.9989115545570804
6507,0.13365966602282472
6508,0.09055009694304358
6509,0.06343143762579255
6510,0.15771231490132398
6511,0.9936906904644562
6512,0.03333710463608944
6513,0.9857733940368708
6514,0.011336342693834302
6515,0.04718196414830771
6516,0.002701950352977157
6517,0.03377462020633014
6518,0.08838889241042207
6519,0.08551526740222537
6520,0.9180418291661248
6521,0.09602697523033492
6522,0.0016053603954379251
6523,0.44324112957991135
6524,0.06786810079849043
6525,0.19111249232874944
6526,0.09651391266291164
6527,0.005063212963387373
6528,0.007513946784268573
6529,0.021887638177164992
6530,0.005293064275043146
6531,0.9630840595001737
6532,0.26939514015666643
6533,0.44073707751250435
6534,0.7849565959972007
6535,0.07286650235611514
6536,0.8162349763300001
6537,0.01924712660209156
6538,0.00451821348289593
6539,0.11401689802985021
6540,0.03988602654423912
6541,0.9673533767788021
6542,0.016179255716683934
6543,0.028048611297659544
6544,0.013425518172809982
6545,0.06478003013557533
6546,0.08553464992966857
6547,0.9243714458777873
6548,0.10987619539746024
6549,0.9876495036265927
6550,0.047189031934527226
6551,0.14254697297745705
6552,0.6416716529704772
6553,0.06829487151270969
6554,0.0538461415521316
6555,0.574383620402031
6556,0.9943446662418729
6557,0.42690439843431055
6558,0.9812456675256296
6559,0.6829481361649232
6560,0.8473841620401914
6561,0.1945966812319127
6562,0.5671447191899845
6563,0.9763241922973238
6564,0.012341477117446528
6565,0.3877712792271182
6566,0.9792341895670338
6567,0.12366803059555992
6568,0.19491930322406192
6569,0.5572097383482789
6570,0.07092398831449634
6571,0.034432235587980295
6572,0.05484208692499728
6573,0.9835171475952598
6574,0.07690561263732312
6575,0.6496641687835668
6576,0.12454207296619357
6577,0.05892841091667447
6578,0.12097156965543623
6579,0.2445256484228317
6580,0.004304206330818338
6581,0.003191822656153574
6582,0.11713619659843318
6583,0.11056488683678922
6584,0.6850380257013403
6585,0.11443760068124764
6586,0.4881817930940654
6587,0.9238092530028381
6588,0.006083802355699348
6589,0.08564092511252588
6590,0.01464882984977984
6591,0.0300168600246253
6592,0.07840182174693852
6593,0.07183667689406782
6594,0.19596646144284435
6595,0.5399890438818737
6596,0.039133046934663504
6597,0.01261243409157685
6598,0.4026890367647341
6599,0.9494921948278751
6600,0.18949001944798655
6601,0.7515271182157317
6602,0.02812502567877041
6603,0.5289717388532086
6604,0.0069916192495970645
6605,0.03831659825248527
6606,0.6564935801099046
6607,0.009142830083518709
6608,0.8904417339926095
6609,0.007742674590668636
6610,0.03566584672608593
6611,0.036411106872588625
6612,0.9618572103131966
6613,0.020006342427934934
6614,0.2682784008390331
6615,0.09959358325755467
6616,0.013809640030926154
6617,0.011649556640851433
6618,0.9685748060568334
6619,0.07281100613183664
6620,0.31245513527091195
6621,0.9982890172565103
6622,0.9563334682748384
6623,0.0031396547532638163
6624,0.047071851263679756
6625,0.09743054076428925
6626,0.12003527547613757
6627,0.025902155569872076
6628,0.008021765935069996
6629,0.02081615283687497
6630,0.17149679006724533
6631,0.026219823648539066
6632,0.02905774947326508
6633,0.11978286264621096
6634,0.010484404878654959
6635,0.21462971056705457
6636,0.015462884142015586
6637,0.04260563126602869
6638,0.045458467829271876
6639,0.9754415421888047
6640,0.014941944894596522
6641,0.05654194879207772
6642,0.9796268760862425
6643,0.1056497718183483
6644,0.18763873989571023
6645,0.28172519911716704
6646,0.923203223891708
6647,0.19269768932408704
6648,0.9189637256666012
6649,0.9013771827757037
6650,0.16845302646847987
6651,0.963353252341526
6652,0.3423764097633138
6653,0.22589609129968358
6654,0.09055762180598047
6655,0.09730484490152128
6656,0.002300665106077287
6657,0.752771410538305
6658,0.04955187032155285
6659,0.9787695396892394
6660,0.045076152687727716
6661,0.15705500163572608
6662,0.9870014673638772
6663,0.02511710163461925
6664,0.037425437061656734
6665,0.9357604344916777
6666,0.0720381157937729
6667,0.3484689280562519
6668,0.03525004881333765
6669,0.21843270933847772
6670,0.1045126823933695
6671,0.9718561708792242
6672,0.032493779214389444
6673,0.0039651820528128524
6674,0.06874683439350682
6675,0.5575833828394432
6676,0.3148994946981507
6677,0.03750404494892433
6678,0.23893960236752024
6679,0.10057106459921146
6680,0.24917791239910209
6681,0.37548635611557823
6682,0.019725077558918773
6683,0.11973468244937306
6684,0.11736276120988506
6685,0.968383051135199
6686,0.707755828705285
6687,0.0017795278535174723
6688,0.002334911745198201
6689,0.921363258802577
6690,0.9843394344976333
6691,0.997716518555604
6692,0.004912716542256303
6693,0.31824279433667446
6694,0.0377937884578331
6695,0.9513071573960392
6696,0.07909934389157738
6697,0.04333816342436801
6698,0.9857939410047336
6699,0.7658376940481946
6700,0.35896634250779413
6701,0.012188442117144305
6702,0.94132258944638
6703,0.9277384286076412
6704,0.11754037211339982
6705,0.9883758897906443
6706,0.013632374979865712
6707,0.05157991737844829
6708,0.02822446381152364
6709,0.1493287996091751
6710,0.06688087387553963
6711,0.05408320027324609
6712,0.002729730086885614
6713,0.4393893037239735
6714,0.9725611483212149
6715,0.02213084709290252
6716,0.04869596426658994
6717,0.8537832584023386
6718,0.9746696632767311
6719,0.09553138804574446
6720,0.001985547391848958
6721,0.0012046088667133832
6722,0.6501421431134786
6723,0.04352183570916161
6724,0.003819294595445658
6725,0.9987281217769339
6726,0.9013033938977995
6727,0.9493599478983343
6728,0.02689399495075731
6729,0.9677456617565909
6730,0.28491920753036837
6731,0.21308057653958445
6732,0.11666695473399387
6733,0.9889839271965248
6734,0.018485570106456618
6735,0.9957107190827744
6736,0.30762137511768695
6737,0.9976448611742583
6738,0.9875624780457363
6739,0.0017564762600951436
6740,0.007002012349729605
6741,0.003939368348116263
6742,0.12851505998620757
6743,0.06430447754554296
6744,0.02183317015080877
6745,0.00217722283114411
6746,0.752502940625492
6747,0.6373863335245326
6748,0.910058179820542
6749,0.12754509183776236
6750,0.9819522819250586
6751,0.2709520971586773
6752,0.013299648967049684
6753,0.25533466781337255
6754,0.00824923535905703
6755,0.19569429766304486
6756,0.9635608300910928
6757,0.09852143820368389
6758,0.7207920419785362
6759,0.020533817914381892
6760,0.0638591112488937
6761,0.020401488606429707
6762,0.9562276011089955
6763,0.0019091321153202182
6764,0.03809422515329451
6765,0.19288827452820728
6766,0.9312793242077005
6767,0.9861255499503159
6768,0.9401030398450563
6769,0.02300332669996842
6770,0.02055854666908976
6771,0.026099975679067827
6772,0.9730851555528076
6773,0.02063650600812606
6774,0.007570558554724657
6775,0.03985733626689025
6776,0.12403338269504391
6777,0.05475066109039499
6778,0.03004139879324652
6779,0.17158815123896332
6780,0.8006891341004034
6781,0.00848743122707259
6782,0.08187697125210408
6783,0.15678327374870835
6784,0.0025700197718437788
6785,0.7320038005797833
6786,0.7210987633232835
6787,0.851130101555793
6788,0.8736767171806709
6789,0.10334000099018129
6790,0.012554986172823229
6791,0.6273035368920655
6792,0.9733147044323042
6793,0.09090603023299611
6794,0.17391869969690216
6795,0.9585554052480545
6796,0.5711454995765142
6797,0.08593740717064406
6798,0.39116823799800804
6799,0.023871041779531338
6800,0.7337254202632554
6801,0.7305236262101336
6802,0.3631938693354376
6803,0.0863860607706828
6804,0.4757893101150882
6805,0.0031186504779897916
6806,0.7651919111392845
6807,0.0031083976730066744
6808,0.045091480321946355
6809,0.1317515708653034
6810,0.7597730150138216
6811,0.027978484623117496
6812,0.019948889510919166
6813,0.8955608655232319
6814,0.025704873850480044
6815,0.18703419015441547
6816,0.03454032376282633
6817,0.013383275999013983
6818,0.9886537275987178
6819,0.014327510984776151
6820,0.05106238137956137
6821,0.9503103153152632
6822,0.009260450694001488
6823,0.19158336127208558
6824,0.016170070982823054
6825,0.024844920368924887
6826,0.06911815711130619
6827,0.00348098626728112
6828,0.9695400706799189
6829,0.0013688797948629512
6830,0.9906770463812296
6831,0.0565169506079384
6832,0.009501583689770103
6833,0.0661124793549606
6834,0.015882364335494257
6835,0.671139470950703
6836,0.5907366043800583
6837,0.9984229465100045
6838,0.20461943327488846
6839,0.11296717024380601
6840,0.8789384798734737
6841,0.05178297962466081
6842,0.9034562512353443
6843,0.0013532276349463403
6844,0.08605852663078699
6845,0.9919156624110581
6846,0.18580784915204238
6847,0.007603966577494605
6848,0.7394550094574467
6849,0.01974970341241734
6850,0.019993552798204542
6851,0.6633758022024481
6852,0.09495998664844292
6853,0.7057366930815763
6854,0.04844556557578836
6855,0.03912027460829301
6856,0.09779274221180098
6857,0.8726643627799365
6858,0.9841396650016279
6859,0.9290851118070458
6860,0.8942335705009998
6861,0.01716278478961541
6862,0.0820449693418398
6863,0.034535504938267625
6864,0.12615370444655777
6865,0.0016780811956443869
6866,0.2054723737957841
6867,0.44709228982234944
6868,0.7618310734328269
6869,0.1673695056009467
6870,0.8482968806535127
6871,0.9455952984661813
6872,0.008538649398565329
6873,0.10853689232803625
6874,0.0675940999343903
6875,0.14596815062046403
6876,0.9760687742281455
6877,0.7840787809136823
6878,0.00997336751265658
6879,0.029114698937278728
6880,0.036217519754264085
6881,0.3638905236245233
6882,0.9129758074887772
6883,0.5529166773058087
6884,0.1378360544263822
6885,0.04195561105304618
6886,0.9924466618353205
6887,0.8265090693207742
6888,0.7052307704582048
6889,0.0935056950615348
6890,0.9750465118736187
6891,0.047324222052496354
6892,0.0038233607255248195
6893,0.04475733994851107
6894,0.09853325990293116
6895,0.044616909486466606
6896,0.9989074129088007
6897,0.0587376921989411
6898,0.968287035597008
6899,0.01394414937623038
6900,0.4663276141251465
6901,0.005692103769925512
6902,0.040446124363810544
6903,0.03467837781478299
6904,0.02761355882408455
6905,0.9939688061056962
6906,0.8572047925569777
6907,0.05495420059533894
6908,0.043643811001491006
6909,0.002742712925766459
6910,0.7987238772179086
6911,0.016676471504110106
6912,0.9872867220574175
6913,0.9861750237591806
6914,0.0031521601433765
6915,0.022624769499513392
6916,0.9822225037126074
6917,0.3232244813813111
6918,0.730280365336113
6919,0.009976135581044888
6920,0.02806744142861759
6921,0.6546236862236641
6922,0.0022527849065522142
6923,0.023753644507473373
6924,0.028926485352426007
6925,0.0061521299290731085
6926,0.5666780633693767
6927,0.009035833174117816
6928,0.0018184654705862106
6929,0.009416908573877308
6930,0.29788780481271676
6931,0.08828332926499351
6932,0.04354726173499188
6933,0.8368169916646607
6934,0.035781102842554174
6935,0.2105461966260737
6936,0.0033584789866863917
6937,0.0048084364257393476
6938,0.21984413029186545
6939,0.04933970737557562
6940,0.9299535162617805
6941,0.003549840451033125
6942,0.9161998162836582
6943,0.04141123065945373
6944,0.9248142876165129
6945,0.678578115034667
6946,0.002202411632235817
6947,0.8371891122238766
6948,0.010893320113457464
6949,0.07399527438215184
6950,0.9156524959299899
6951,0.7025687216060095
6952,0.062448626415536494
6953,0.0027998092749169697
6954,0.018060133917055375
6955,0.9178011015479512
6956,0.05209767663778676
6957,0.9986419979469716
6958,0.9445520325539516
6959,0.08311789771835729
6960,0.07256235189447315
6961,0.13931389271421588
6962,0.5906532261689932
6963,0.03657689365097963
6964,0.46252752998890223
6965,0.0069043426797620044
6966,0.021903771793079466
6967,0.011387941123748947
6968,0.987296658656146
6969,0.997240820652344
6970,0.001583754629644737
6971,0.001979901475863647
6972,0.07583046880049261
6973,0.020238122413411865
6974,0.3308980114631057
6975,0.12579977495813457
6976,0.01816031503169539
6977,0.07032272236518795
6978,0.007600833330523039
6979,0.026081875423247445
6980,0.5694620355155505
6981,0.06782241933468366
6982,0.9987417477408954
6983,0.24738367734745295
6984,0.031797860532679786
6985,0.31536648893036145
6986,0.8658691868662174
6987,0.10847770068905076
6988,0.05313628629651396
6989,0.00611752377301444
6990,0.006175083019162869
6991,0.004956653200032359
6992,0.05446308407752126
6993,0.8997442745706702
6994,0.8644916195737546
6995,0.039744954875364336
6996,0.39803724272345126
6997,0.9078320603250174
6998,0.006302218930625804
6999,0.05622254466587674
7000,0.5162183682679922
7001,0.13760127731074143
7002,0.09914057353981011
7003,0.13699111443807357
7004,0.0016550021737848837
7005,0.06988398873124782
7006,0.004475534416216542
7007,0.9797585448690722
7008,0.05448761076201666
7009,0.025762045626166064
7010,0.13950250518960217
7011,0.924946059770736
7012,0.005058656570987174
7013,0.40654473007104797
7014,0.7038616958458166
7015,0.0031372918030266985
7016,0.9421793706797512
7017,0.07557222622939236
7018,0.2884795113567641
7019,0.027598489043083617
7020,0.01895051285939068
7021,0.010293551195970831
7022,0.4202461009559359
7023,0.25167771708858433
7024,0.7936477039495307
7025,0.031790251803590075
7026,0.012230354051031131
7027,0.04499373570724072
7028,0.0672191043732838
7029,0.09798746616526736
7030,0.2042003656778188
7031,0.9863685197923098
7032,0.007128400907594456
7033,0.9189220740187051
7034,0.11634214411073424
7035,0.34553321606359355
7036,0.8390950686210679
7037,0.9609328598498754
7038,0.025894565029817247
7039,0.001794441447438093
7040,0.07337668179260061
7041,0.9549943768015632
7042,0.0047589973260903865
7043,0.6024341034509272
7044,0.021185909114276952
7045,0.197966713553436
7046,0.6286907175944648
7047,0.925779840138236
7048,0.954483599384023
7049,0.3625901795074002
7050,0.13640666169015997
7051,0.032076682894331174
7052,0.02673263258856675
7053,0.07932094867472265
7054,0.012569069145851621
7055,0.107785714664283
7056,0.2017523976256272
7057,0.1644987475965032
7058,0.6283836421032689
7059,0.05503292374783426
7060,0.01364020626940431
7061,0.8100830012155897
7062,0.9679186242321929
7063,0.048722356593386223
7064,0.05185535931082779
7065,0.16659750014723182
7066,0.13875621016672313
7067,0.03150356751558576
7068,0.047629324229197856
7069,0.9617428689382045
7070,0.9896826170191524
7071,0.08236688498246365
7072,0.006936419589558051
7073,0.0271101937752415
7074,0.04138211438397772
7075,0.9986856955821464
7076,0.4882105719870656
7077,0.9923001454348312
7078,0.9370455457383746
7079,0.4276312231222061
7080,0.03583149986623967
7081,0.21541601978511365
7082,0.029425483104846925
7083,0.7247860642371943
7084,0.07939759217939332
7085,0.41695932313997924
7086,0.2666012836314938
7087,0.009164269102863441
7088,0.011604015070932196
7089,0.9401616259853647
7090,0.09745067414759029
7091,0.30689815633785733
7092,0.01791783928507897
7093,0.7012228383245943
7094,0.763641745839426
7095,0.49746887936318196
7096,0.1988507142383519
7097,0.01864133860088566
7098,0.9857733919200059
7099,0.0033260775270739615
7100,0.9989366829191946
7101,0.8926271508785819
7102,0.4716103026813883
7103,0.9985110554046217
7104,0.001910188318270589
7105,0.029972938615661485
7106,0.0053335368172847605
7107,0.10724835608409389
7108,0.03038494202610014
7109,0.003024564321207475
7110,0.003088344816982954
7111,0.4227599930778868
7112,0.21861729815742542
7113,0.23865407941208056
7114,0.992120519230742
7115,0.017281479893514112
7116,0.03790823217024035
7117,0.5000877917822927
7118,0.018673437352833618
7119,0.22783118527602117
7120,0.138146018192314
7121,0.014692776553514265
7122,0.030621703631356655
7123,0.03390656662639295
7124,0.7666648876900747
7125,0.026320416154393827
7126,0.4481620182112798
7127,0.14708036052216475
7128,0.09557209185293872
7129,0.9496363222035042
7130,0.02745110626489152
7131,0.9744513607904168
7132,0.2019586212128001
7133,0.008396679345543952
7134,0.9669170076365059
7135,0.41918935357222437
7136,0.05710407439681317
7137,0.08469041261413626
7138,0.7359273645694894
7139,0.032894126591241836
7140,0.04465258786285912
7141,0.016133806383743433
7142,0.04423339441071268
7143,0.004443076114916702
7144,0.9662963096349932
7145,0.12235129766542198
7146,0.024095455267563737
7147,0.0017190123609767093
7148,0.9979858067710193
7149,0.09175550202498006
7150,0.030313726761516266
7151,0.011874929073243636
7152,0.05307809395481826
7153,0.4149143235658296
7154,0.06763864298902028
7155,0.18167819652533837
7156,0.005105366751788709
7157,0.028956978668724237
7158,0.008711198515592346
7159,0.027187752861213138
7160,0.02468928082663162
7161,0.9819854585191214
7162,0.0015013473966385281
7163,0.8982251887642962
7164,0.9983957434882857
7165,0.02256520562988439
7166,0.08521841098772032
7167,0.5945387286573499
7168,0.9931673904544378
7169,0.20049441479414298
7170,0.9868141669654779
7171,0.4798456145961114
7172,0.9665431620693461
7173,0.9647370714028813
7174,0.024028316077531267
7175,0.07189048071167883
7176,0.5437945954177517
7177,0.8849223599819422
7178,0.44722688896879664
7179,0.01034956352072933
7180,0.0448400811834547
7181,0.15911055559663861
7182,0.06694109618679357
7183,0.952176916134234
7184,0.015710580991723205
7185,0.33825552691415933
7186,0.8729611709559715
7187,0.022956837451379854
7188,0.8183627432756692
7189,0.635804424400056
7190,0.036269881174044914
7191,0.08887208890976396
7192,0.023840950122855874
7193,0.5254892920266072
7194,0.031257729386291316
7195,0.9926031439058631
7196,0.01908480147182665
7197,0.0054936784674626295
7198,0.02788482629405658
7199,0.13755122500713005
7200,0.027310192988872543
7201,0.04594253972864447
7202,0.11611199246424753
7203,0.016413173981752016
7204,0.17176413654533906
7205,0.11668515520093437
7206,0.8420526188061976
7207,0.9762542187680162
7208,0.7370924428148151
7209,0.7138950144855529
7210,0.8845871641463331
7211,0.027016336323862807
7212,0.1444509157603955
7213,0.9883945402430985
7214,0.060383469655933414
7215,0.029194304315814698
7216,0.02061604117766809
7217,0.24342875302866818
7218,0.05295784772627446
7219,0.006197821898407959
7220,0.5732760566850938
7221,0.43944071051772854
7222,0.0015846241382036271
7223,0.9763926082869403
7224,0.9572255808814837
7225,0.06910222319794945
7226,0.0219679319005349
7227,0.0134709229253352
7228,0.20506654385338613
7229,0.1185609992571629
7230,0.9685699041879444
7231,0.042318106182239995
7232,0.31293087320994895
7233,0.05360416215851918
7234,0.9868938691553697
7235,0.05493611150284805
7236,0.01944436518912244
7237,0.309381853683743
7238,0.660772716443052
7239,0.4479900444520971
7240,0.002897846893990898
7241,0.3593356466506516
7242,0.23055246894420095
7243,0.016409853022317893
7244,0.9546775844360251
7245,0.08628408321707079
7246,0.05835961221585647
7247,0.07490871528364589
7248,0.9615572727400734
7249,0.1829623338817585
7250,0.005991515397300164
7251,0.4488068908345569
7252,0.2653746466732426
7253,0.372007514733949
7254,0.06615379422927242
7255,0.14214195797654194
7256,0.6162933716930464
7257,0.6675374492294968
7258,0.09496175682631569
7259,0.06504264962808372
7260,0.7483737840343316
7261,0.9651630328058292
7262,0.044487460304302326
7263,0.9485917683449397
7264,0.03734302609350422
7265,0.16194907132900244
7266,0.0660941929011158
7267,0.0178341896739459
7268,0.00475737163553217
7269,0.06694078938658327
7270,0.020736255324832198
7271,0.029415523625629044
7272,0.3655596791854481
7273,0.08792421797925415
7274,0.008044714877145342
7275,0.9107572826589543
7276,0.0025225121734986297
7277,0.038910742259753855
7278,0.1624486698200967
7279,0.04755688961351799
7280,0.04878286823373133
7281,0.7886416977844642
7282,0.9661613944152339
7283,0.051804471404405666
7284,0.27992442953272256
7285,0.10083391560507032
7286,0.20798781290825757
7287,0.0017164323720612355
7288,0.954270210384494
7289,0.9536074090688273
7290,0.019394999201436752
7291,0.10394178128054983
7292,0.06263657401944417
7293,0.6362129177018981
7294,0.14617782249541825
7295,0.02905597160245218
7296,0.012478520199213916
7297,0.4710322718858567
7298,0.8582579008519016
7299,0.7584513682862126
7300,0.27782772505114917
7301,0.9027569510512403
7302,0.9732912473186004
7303,0.47432506000763025
7304,0.04808339904505496
7305,0.15100965672748254
7306,0.10139981042644877
7307,0.09356715803382623
7308,0.011566789841251066
7309,0.003946476277144981
7310,0.1004902861928357
7311,0.9691091294357572
7312,0.012418276261422275
7313,0.7365245061786909
7314,0.03925080416427951
7315,0.00606308660770023
7316,0.08352049243107762
7317,0.1268609129077655
7318,0.0627820254787517
7319,0.6414671093829395
7320,0.03897964951727988
7321,0.9123687841709568
7322,0.0036179759596054037
7323,0.027486738496147335
7324,0.8705403490308135
7325,0.03260656855284602
7326,0.023709159578537364
7327,0.3715090683904833
7328,0.982594830845245
7329,0.002035565365735577
7330,0.9593979911301789
7331,0.08627054723628835
7332,0.05657510964474088
7333,0.1071866043971349
7334,0.06284482785060674
7335,0.05502271018856643
7336,0.14590782391511556
7337,0.04108496267773477
7338,0.04014019799033361
7339,0.06492220619616174
7340,0.10708010872765658
7341,0.6324349764680974
7342,0.018827211444513048
7343,0.9894192278565528
7344,0.08385417187794153
7345,0.012356824523880705
7346,0.9564278282162644
7347,0.12808273841957019
7348,0.006309569733675645
7349,0.962175566175855
7350,0.5212156324300237
7351,0.9984581455615369
7352,0.44004724970223663
7353,0.0391488307690305
7354,0.09556918433105172
7355,0.019815458099666595
7356,0.8771431037141402
7357,0.004311817597526819
7358,0.03216155411274114
7359,0.15129460518366722
7360,0.0808932832876798
7361,0.009840139362113113
7362,0.023124143775606773
7363,0.8293332274076115
7364,0.033525231975173576
7365,0.030219394199385227
7366,0.008246819125784892
7367,0.33005264173153903
7368,0.05010573609095955
7369,0.009820023795109585
7370,0.07690542771272994
7371,0.05746756485746637
7372,0.013936180680461197
7373,0.03235164646305974
7374,0.47234202645135803
7375,0.9839490378674715
7376,0.38394099821398653
7377,0.005528146888848125
7378,0.9464195177430577
7379,0.839854186198794
7380,0.5590012598075915
7381,0.005336590652367028
7382,0.028503155390308444
7383,0.0032942423261144247
7384,0.01282900489662386
7385,0.9937101467183317
7386,0.07425458742612956
7387,0.9894629831592476
7388,0.0020559684635693435
7389,0.9070815713771041
7390,0.5279637361424915
7391,0.047359706587337326
7392,0.07336772012166562
7393,0.017787006988868096
7394,0.010652974188577042
7395,0.8262463513084228
7396,0.9986967433169007
7397,0.016254949114407877
7398,0.10560433202509172
7399,0.019447085767717913
7400,0.010497254245808958
7401,0.008568677181780726
7402,0.008273858538497058
7403,0.14303868438550096
7404,0.008927282298782174
7405,0.11727493625899026
7406,0.9509449001944223
7407,0.008154563168956696
7408,0.10595860328941605
7409,0.03946265537886451
7410,0.11773978800229726
7411,0.13061349042584725
7412,0.9978511869710303
7413,0.15400990628103267
7414,0.018290293661673375
7415,0.9986658643416728
7416,0.35355661665073246
7417,0.7234597905877671
7418,0.011487803748782893
7419,0.89699961255699
7420,0.9251258073333197
7421,0.9128624395006533
7422,0.08671397438363132
7423,0.3548819790440321
7424,0.13867272327785765
7425,0.14713005545138524
7426,0.021243566805120594
7427,0.9694019532782583
7428,0.13010183583653295
7429,0.8341742537541869
7430,0.966977258247592
7431,0.03461665610386856
7432,0.01940739220049191
7433,0.35770060052802966
7434,0.40275538650563203
7435,0.5289367518236346
7436,0.9509822125852566
7437,0.04806264186711506
7438,0.9728934048555222
7439,0.06154581891319848
7440,0.002533102095653224
7441,0.9356870411153659
7442,0.013196605384687761
7443,0.07525116453200209
7444,0.11040413769536078
7445,0.9858336119730966
7446,0.2084495559145298
7447,0.9669768626925266
7448,0.47212088855539697
7449,0.7505491623805913
7450,0.2565720474565652
7451,0.2513009950261499
7452,0.02326195583812097
7453,0.9619980873797376
7454,0.019727691602351896
7455,0.1625624569512611
7456,0.14775576845954916
7457,0.057959429698781206
7458,0.04228142382773245
7459,0.20843897874513778
7460,0.03628904409329335
7461,0.04401195432017905
7462,0.6841711846180262
7463,0.1165801204265468
7464,0.09831963694593494
7465,0.0031320002594045033
7466,0.005342611312223569
7467,0.7464520187332218
7468,0.26701981983087164
7469,0.022215363122695713
7470,0.2582879063504486
7471,0.5748990352768819
7472,0.25239083852778166
7473,0.012266123581040598
7474,0.013251608908064726
7475,0.04811816592752167
7476,0.0042697192622394705
7477,0.027132105705490753
7478,0.0020890161935885193
7479,0.008737451972002222
7480,0.5641996688104227
7481,0.09381314272744057
7482,0.006157986072395745
7483,0.9982499710496768
7484,0.02376564992898773
7485,0.010621802905673036
7486,0.12788810793086308
7487,0.1243759023792404
7488,0.0507100912653166
7489,0.06074969993182285
7490,0.0015956802396826916
7491,0.2943895539284451
7492,0.0780018540298667
7493,0.06634146223186346
7494,0.004068514987075266
7495,0.03380621101707352
7496,0.12001605285553196
7497,0.03257453872051813
7498,0.022945397866481882
7499,0.005035629688498324
7500,0.04383378793355764
7501,0.3897770175707912
7502,0.48614925384041147
7503,0.8188048721814407
7504,0.009832593700117007
7505,0.05610178525117684
7506,0.01890617384683438
7507,0.015443199059534438
7508,0.5254904026140148
7509,0.15975731077004376
7510,0.9513549833300471
7511,0.050101064449939434
7512,0.08482532726142719
7513,0.005692018915565405
7514,0.03410925989436396
7515,0.3581984800377853
7516,0.04691870431226661
7517,0.016744064283143158
7518,0.021180032884115588
7519,0.9364444541122543
7520,0.130483530898164
7521,0.006783079765953213
7522,0.016433799090878977
7523,0.919542818561323
7524,0.20645241526417268
7525,0.9774277869970802
7526,0.01139087202302998
7527,0.9986159381443767
7528,0.16522840581736675
7529,0.10276742638311415
7530,0.06319964230043981
7531,0.0019715671710963827
7532,0.9682197730282294
7533,0.1443655756310963
7534,0.01115460306715261
7535,0.9100677439970268
7536,0.8876153648609428
7537,0.2300279274054403
7538,0.0040544594950073344
7539,0.011308203977145426
7540,0.7010304379371404
7541,0.03829133554338473
7542,0.9504090942373355
7543,0.1254440985494906
7544,0.04779963598134847
7545,0.9861239872317247
7546,0.998569900968022
7547,0.1205572584726209
7548,0.08133158293801415
7549,0.12486943745738752
7550,0.026261971235694726
7551,0.9747895563956384
7552,0.34661119490596237
7553,0.31157628189264586
7554,0.25500490832539885
7555,0.852993855533465
7556,0.2286990417640219
7557,0.009144139918692075
7558,0.22299652626963934
7559,0.12869032591668958
7560,0.6821980792059996
7561,0.10700740989831209
7562,0.06639384014523991
7563,0.032921485520086925
7564,0.46489384378859244
7565,0.06399670543716982
7566,0.5993780286678051
7567,0.8504860760447077
7568,0.12216072023041728
7569,0.9789109097322519
7570,0.20335791398926922
7571,0.022486487641120337
7572,0.019005672440128338
7573,0.011296892152573826
7574,0.03439747796068503
7575,0.25008742835511966
7576,0.020112260018849124
7577,0.09483016690658015
7578,0.00838961195354248
7579,0.7764598235052458
7580,0.9866793263509086
7581,0.0888774502444741
7582,0.5046883442836363
7583,0.9076149609115836
7584,0.009063999566241817
7585,0.47252892426206605
7586,0.05892306764385957
7587,0.7837748348052537
7588,0.00241806599714032
7589,0.9671273978123907
7590,0.34955764001457335
7591,0.10305462086796388
7592,0.02483415148259955
7593,0.01739518473799171
7594,0.055886857680114546
7595,0.9954464716117082
7596,0.0148602084659376
7597,0.7340147898812429
7598,0.5751514066281639
7599,0.0664819579456468
7600,0.019298565992627657
7601,0.006840407410943621
7602,0.01576906829712538
7603,0.9269789688323582
7604,0.031553330024417875
7605,0.14346985775894264
7606,0.8944013831498303
7607,0.33158054862363107
7608,0.025584487500698236
7609,0.005659005290881334
7610,0.1262169073178787
7611,0.012321941665766186
7612,0.04972393873609601
7613,0.047279268147421505
7614,0.08689767894955186
7615,0.821390635581536
7616,0.39954734230267275
7617,0.02129659084595623
7618,0.22426484514649192
7619,0.27911053995060897
7620,0.023277410542543536
7621,0.13308886293798833
7622,0.9760918186729839
7623,0.9935586573521291
7624,0.05539176773573516
7625,0.11654533588420274
7626,0.16965164288701043
7627,0.9843373436950182
7628,0.8921084409138302
7629,0.1183362182193809
7630,0.9656213577711548
7631,0.033562869391644976
7632,0.2463265526655219
7633,0.35256265776338463
7634,0.002123151581366106
7635,0.25941056533140083
7636,0.31640322975616797
7637,0.43104945298397024
7638,0.9469578352144393
7639,0.006084819820128378
7640,0.05093882660333567
7641,0.15312644012188084
7642,0.07224582605306708
7643,0.03893481992347216
7644,0.0027137651697476933
7645,0.18190269963408873
7646,0.04707458386785277
7647,0.06322678297002716
7648,0.002779429535095063
7649,0.011836222910481416
7650,0.9761862497988354
7651,0.9907337921967296
7652,0.5961302421144385
7653,0.009031940446278123
7654,0.04652380993033845
7655,0.9905681052325193
7656,0.42580823750324187
7657,0.4451472550175257
7658,0.1031112316279793
7659,0.3848462590823492
7660,0.049081253594214044
7661,0.03733127236177043
7662,0.016114763389450053
7663,0.25923076561345343
7664,0.49769441211430476
7665,0.002191840738382057
7666,0.01705611949524659
7667,0.028608091263018394
7668,0.03515381138197389
7669,0.08138554632313309
7670,0.37786238884162426
7671,0.7033956894213287
7672,0.8160849328832549
7673,0.9501022070133309
7674,0.05047468056901011
7675,0.22289835703433253
7676,0.12507732639534339
7677,0.1865773232957182
7678,0.2867679739796813
7679,0.030539670549988514
7680,0.005590309037590089
7681,0.0012734989968512557
7682,0.003323167152731263
7683,0.8868362088317474
7684,0.01906721921530294
7685,0.960762189281359
7686,0.9981767769173677
7687,0.00667980404578178
7688,0.05015919410979653
7689,0.8079962316482434
7690,0.014617956899039972
7691,0.011668421766109759
7692,0.14824638904442958
7693,0.14779335390145798
7694,0.5720114911006868
7695,0.005788723360035473
7696,0.12012027589139579
7697,0.47052860719152223
7698,0.003595018430644941
7699,0.08099005511369901
7700,0.013737899504963569
7701,0.16555751415277803
7702,0.3748344874858647
7703,0.9594333961065453
7704,0.9551962912380163
7705,0.0073068837968161045
7706,0.13523069744893768
7707,0.4477457862070708
7708,0.0478150685769227
7709,0.07604495352302004
7710,0.016979367556408755
7711,0.07115065958596917
7712,0.013716779712681874
7713,0.6327562224629703
7714,0.0030115443941398532
7715,0.3030370428381438
7716,0.003625737125684485
7717,0.058011655797951096
7718,0.43878438097005723
7719,0.8265506572515904
7720,0.16000053644514223
7721,0.028587331325372813
7722,0.052265971262804675
7723,0.23322957812180373
7724,0.03201330669843593
7725,0.05845731721908627
7726,0.6423702724144935
7727,0.9406572388974765
7728,0.025345760214178795
7729,0.7262042816940949
7730,0.8222699521699274
7731,0.16892544699584627
7732,0.9875012928212488
7733,0.004725431864270585
7734,0.046975483692609454
7735,0.13863690096519102
7736,0.008604702000892613
7737,0.1877526621423057
7738,0.16699598089959553
7739,0.13168424479928403
7740,0.9985015479186986
7741,0.9985416365411012
7742,0.012518331115821785
7743,0.3700805149417778
7744,0.9800571981062147
7745,0.9600526107404412
7746,0.04170229685164979
7747,0.9238154601282196
7748,0.23324439255889218
7749,0.5111429310834299
7750,0.010549420917657952
7751,0.052001523651364234
7752,0.9843491604919388
7753,0.2315707056272316
7754,0.016409148219285397
7755,0.4676154240379602
7756,0.4707208575691564
7757,0.08110675531220554
7758,0.8078057687989818
7759,0.0522853398697759
7760,0.07213339996832338
7761,0.6138273748874039
7762,0.12034050254852717
7763,0.1572896067726819
7764,0.05613339597533224
7765,0.0488651423885587
7766,0.00543690813994267
7767,0.05204518243517233
7768,0.9985284589590029
7769,0.8717973106437102
7770,0.5309169156049885
7771,0.26310344767165655
7772,0.008897635805516578
7773,0.15433247146111134
7774,0.9253118506744951
7775,0.7828221005812348
7776,0.019852666916478696
7777,0.16970700155341512
7778,0.9648820621917045
7779,0.8820813983648985
7780,0.08219488809471277
7781,0.10332173166884259
7782,0.7994983438218751
7783,0.06345542134342427
7784,0.04619826141965375
7785,0.9976448501377038
7786,0.8316250271576348
7787,0.956454764844503
7788,0.98467012962664
7789,0.2791245346879595
7790,0.9541664345208053
7791,0.9943181659727627
7792,0.9507642280264382
7793,0.3019193356336462
7794,0.9922036694752117
7795,0.4942104648180059
7796,0.0400808017037753
7797,0.029716340166938388
7798,0.039097650768557
7799,0.9984035657590313
7800,0.521635842845182
7801,0.3702559125057441
7802,0.010252136708572218
7803,0.004002547008580305
7804,0.005686368078489334
7805,0.0904296850787147
7806,0.8247134091075162
7807,0.9535180480176177
7808,0.7278791034424071
7809,0.01555573051780698
7810,0.9794944869602222
7811,0.9484792127430169
7812,0.06685812036616935
7813,0.9679353040830967
7814,0.9932740740414879
7815,0.25547954671057826
7816,0.24107021735394743
7817,0.0019274923552083378
7818,0.002019279823325205
7819,0.08340378799759418
7820,0.04363629334902179
7821,0.00280273261435668
7822,0.08511504442491022
7823,0.9807980338310698
7824,0.005416212980144794
7825,0.9779564002417753
7826,0.6361552720291498
7827,0.1306164609923427
7828,0.9814948532105071
7829,0.9356629422897507
7830,0.4290635073566217
7831,0.9326983723774416
7832,0.0811529899841165
7833,0.9990381447079277
7834,0.016165512698571048
7835,0.07512403911906892
7836,0.9887530897661376
7837,0.02877592949355353
7838,0.02198140422981453
7839,0.03185218878564755
7840,0.9726546750908163
7841,0.01095586200479149
7842,0.3027370029203537
7843,0.029856032214089098
7844,0.9080074894352226
7845,0.008417193317894013
7846,0.558746293731981
7847,0.00289066554078262
7848,0.3868026671563266
7849,0.7667724009139003
7850,0.18096423236005135
7851,0.0028312080340153092
7852,0.7720892460844642
7853,0.008698289516199841
7854,0.16172019666776843
7855,0.9734636023398053
7856,0.03208905084981302
7857,0.025784811660157454
7858,0.020408527146448818
7859,0.9653438716188192
7860,0.18240429149406237
7861,0.4605997315952446
7862,0.22993396637904345
7863,0.07410755249108265
7864,0.08287904017679487
7865,0.010996188421939855
7866,0.9245923185919371
7867,0.006616686456730176
7868,0.7609214308801722
7869,0.8100181868625886
7870,0.5844365965087823
7871,0.07426240397383785
7872,0.2334288185456369
7873,0.9623045598925085
7874,0.9688552132337418
7875,0.02270699768038248
7876,0.12387980413391736
7877,0.856260771496456
7878,0.9980890712851667
7879,0.9121588836846175
7880,0.9939999122152119
7881,0.3684953362523262
7882,0.9873691701318754
7883,0.5343612994944322
7884,0.009008895103649682
7885,0.06485341699204553
7886,0.008150076044107496
7887,0.035312856169787236
7888,0.8768196381180328
7889,0.023491535206883934
7890,0.9203013852104588
7891,0.020354366389643462
7892,0.17364299333297187
7893,0.6341849608918185
7894,0.0018588121313626474
7895,0.08500671005345282
7896,0.026939542703439866
7897,0.031051164946735578
7898,0.05677577147113101
7899,0.1039960848656303
7900,0.46271710445032654
7901,0.10138482304340404
7902,0.008642495324032488
7903,0.854009276713573
7904,0.002889607867426434
7905,0.08459821921423676
7906,0.26788059888164456
7907,0.6619064077443474
7908,0.6305935786779192
7909,0.05709462264276268
7910,0.028010231300555744
7911,0.992637041046495
7912,0.038423072909413096
7913,0.006855482845467308
7914,0.01649544080273494
7915,0.8533761122145977
7916,0.024544065909207807
7917,0.7490556524392069
7918,0.20761128995093647
7919,0.12870898060503794
7920,0.9329573511940878
7921,0.10648120691259019
7922,0.05990024200870598
7923,0.006954008730188638
7924,0.0245554606381014
7925,0.184591513386265
7926,0.18737613626739968
7927,0.06842546616611349
7928,0.16270897750306668
7929,0.16868919710375174
7930,0.943438852846185
7931,0.005571362166795253
7932,0.022690665958083053
7933,0.018984481327647636
7934,0.0038221355647855967
7935,0.23229745726274426
7936,0.06789364316234772
7937,0.13235210759524207
7938,0.11690478553702587
7939,0.06754266180527267
7940,0.1535450036902905
7941,0.01890474679710506
7942,0.02090912718009531
7943,0.1837773974371516
7944,0.058803505702983594
7945,0.009260951807596954
7946,0.26986686345727073
7947,0.08881867069930091
7948,0.18293723561759756
7949,0.9854077703520739
7950,0.04862606303194876
7951,0.8699279514682494
7952,0.9097317875919351
7953,0.42412330609493987
7954,0.07650022080328815
7955,0.2592126787853333
7956,0.14136961249521773
7957,0.016556474144827377
7958,0.2217749088689369
7959,0.047127525933599805
7960,0.018974968845512863
7961,0.055513877433330756
7962,0.018168541201460046
7963,0.5385686451280796
7964,0.33817320646579246
7965,0.02919734546266741
7966,0.9444016782395537
7967,0.021598217104018727
7968,0.666588240748024
7969,0.012106708606227225
7970,0.9915525002596222
7971,0.0014820188681167802
7972,0.009110778484985383
7973,0.02475611643979144
7974,0.004466982010366321
7975,0.16078157274807203
7976,0.5790647362267569
7977,0.02344450804640432
7978,0.9312639740870106
7979,0.027146448926306535
7980,0.7570807531102742
7981,0.11365543057047905
7982,0.06442388615223887
7983,0.20611009814946452
7984,0.0066456038145524254
7985,0.015179588808091924
7986,0.02318176521376996
7987,0.027184071991261403
7988,0.07846448009684753
7989,0.005360767591493973
7990,0.32829250914437125
7991,0.9818791078664436
7992,0.3539907083713113
7993,0.19821260828379134
7994,0.9496729867610108
7995,0.02493253911951101
7996,0.675443661905477
7997,0.9382349847590252
7998,0.0790080990728336
7999,0.9881377639660889
8000,0.008909362791774888
8001,0.02777255779205149
8002,0.6971474908916535
8003,0.03960528080369634
8004,0.17064220732176028
8005,0.10203609923287385
8006,0.1780838800406205
8007,0.146583532370387
8008,0.40124005855041117
8009,0.006323924586518934
8010,0.06961540571544085
8011,0.2805837721177787
8012,0.3246657422237971
8013,0.28583661672151944
8014,0.9928587998626169
8015,0.07971700728751649
8016,0.04609961348467079
8017,0.1895326366702017
8018,0.7906982197586816
8019,0.022021286673258634
8020,0.0019299388319660438
8021,0.022015821593393353
8022,0.037198593425777554
8023,0.05518250934726962
8024,0.856336625022081
8025,0.013764331498746809
8026,0.864150764138814
8027,0.004809380000261292
8028,0.3177502774671851
8029,0.11699895700583016
8030,0.23797338131776186
8031,0.8541573710452537
8032,0.016265642494984293
8033,0.002434177643836071
8034,0.14076850081076592
8035,0.3636306790485544
8036,0.0019754681681116637
8037,0.015991334684028476
8038,0.03957503591541466
8039,0.005674072323776803
8040,0.009180040725753218
8041,0.09274931553148374
8042,0.8669696772929638
8043,0.8214393902737857
8044,0.012882123892344612
8045,0.059685179175396
8046,0.021015582011776012
8047,0.32347379723549774
8048,0.9984108270844643
8049,0.027946884050520766
8050,0.35706258707171296
8051,0.9347416803813886
8052,0.00458976360002587
8053,0.9896957738646435
8054,0.008744274018166888
8055,0.14057613602883817
8056,0.9802809342610502
8057,0.9821654340501125
8058,0.10603493963612795
8059,0.08143325876479228
8060,0.0010319135140485066
8061,0.02777808926016852
8062,0.42172554150565694
8063,0.021800817548034486
8064,0.11102440850116756
8065,0.750041368236169
8066,0.22822215443760943
8067,0.6007437350426446
8068,0.01376556855220855
8069,0.10017846716246291
8070,0.42543803994477747
8071,0.9082953671871605
8072,0.17685754556389588
8073,0.9708494145864428
8074,0.9022032995391811
8075,0.0034052435848698015
8076,0.9908571826776702
8077,0.9896169547858433
8078,0.06527954944649036
8079,0.9906707487386059
8080,0.08212269737958522
8081,0.09977273429913941
8082,0.00421838077949453
8083,0.8967027484974599
8084,0.0019804749822245346
8085,0.572775638559309
8086,0.0048707597183490145
8087,0.004691044229960244
8088,0.041742470234500714
8089,0.9064917241002891
8090,0.04569483626920763
8091,0.9937830935652144
8092,0.9583185655475293
8093,0.05518846531594638
8094,0.7246152104842042
8095,0.027422783152326893
8096,0.993600594376912
8097,0.05386224381449358
8098,0.0025561043474257115
8099,0.7315397551678231
8100,0.11177384670546406
8101,0.27927206577423697
8102,0.0033990803775210184
8103,0.008295912841514201
8104,0.95532724123583
8105,0.17496007640783195
8106,0.0020556442914104003
8107,0.3333492806651956
8108,0.8253628032658757
8109,0.9451813745312942
8110,0.1337766380177669
8111,0.004124789344376481
8112,0.9551518014492351
8113,0.048086278892870676
8114,0.033984292288632006
8115,0.16229214802480846
8116,0.9850718855910261
8117,0.8900647326592666
8118,0.2024271320814336
8119,0.10763674155022564
8120,0.04779030807358513
8121,0.002485648677466107
8122,0.9820202091410831
8123,0.015965641150913347
8124,0.07773960131028812
8125,0.03621463529982019
8126,0.5048062381449245
8127,0.9877735261671736
8128,0.21403690655843238
8129,0.033537531162820704
8130,0.7278728551408578
8131,0.10980450477359424
8132,0.003932660021281549
8133,0.057662853188072356
8134,0.9289351701466034
8135,0.804056814356912
8136,0.07417634961524179
8137,0.04614830471959219
8138,0.007395327285447835
8139,0.04031347189342801
8140,0.007526162349575985
8141,0.030152907124661243
8142,0.5333747560498933
8143,0.09000199077262824
8144,0.20921521376964797
8145,0.28321355614929034
8146,0.014530475731106485
8147,0.31641817292650426
8148,0.05367366576324421
8149,0.4104167382789911
8150,0.03889899221719831
8151,0.9870168322884518
8152,0.7075063239116848
8153,0.015808993804970813
8154,0.06708833033238584
8155,0.2108103556629511
8156,0.03652548187055349
8157,0.07553886484407858
8158,0.19060724833965173
8159,0.005855883657583216
8160,0.8101270653979236
8161,0.1476116398873554
8162,0.012487344739696243
8163,0.00771516883308823
8164,0.3867766882883359
8165,0.010275707519769316
8166,0.12205287935810488
8167,0.9924443479903643
8168,0.0755949268620487
8169,0.9070127415104688
8170,0.25938861981113776
8171,0.036738463722406474
8172,0.3119307378143252
8173,0.7585059352200239
8174,0.08535211859761302
8175,0.799758105217323
8176,0.10218029365372255
8177,0.116346228576229
8178,0.462328359731661
8179,0.07513466459845439
8180,0.002327114008112265
8181,0.1898598533647257
8182,0.9517588230773948
8183,0.451263183961353
8184,0.027302323222228347
8185,0.023256916707321808
8186,0.42575676494705256
8187,0.6145512063779363
8188,0.9798100348556744
8189,0.1406478734414988
8190,0.17630001373037363
8191,0.07111521087294995
8192,0.96096464880723
8193,0.02574283054838941
8194,0.03713579275909615
8195,0.03379484106798454
8196,0.9662614439626552
8197,0.17895224576265056
8198,0.3768356552534587
8199,0.04603544224963094
8200,0.5164914817013455
8201,0.1580770105990675
8202,0.009931596564606134
8203,0.2619006165240606
8204,0.7290260898904484
8205,0.10271764705500533
8206,0.053800497871947656
8207,0.1754057005582494
8208,0.9906898884626634
8209,0.7154162492960401
8210,0.32053378663998944
8211,0.03733128009030874
8212,0.0042617247473996
8213,0.003981131460909272
8214,0.8810354978068111
8215,0.0989253244459764
8216,0.038875641815052986
8217,0.42555855410101096
8218,0.2206277131806758
8219,0.011912715840265608
8220,0.05787158415993598
8221,0.8477274791154172
8222,0.02786824766269668
8223,0.1255071106510783
8224,0.17948563430538012
8225,0.4299799803191666
8226,0.26259072990358856
8227,0.012177540338328241
8228,0.022876757050021016
8229,0.0023474830955794307
8230,0.21460286372501042
8231,0.024172797818584616
8232,0.9984488605314801
8233,0.028804584106847178
8234,0.22627309825354663
8235,0.9787541770131348
8236,0.9857916312620322
8237,0.00835628806864205
8238,0.03246553193689603
8239,0.036130321196380495
8240,0.9193900104539037
8241,0.9947899461771439
8242,0.0169600089851647
8243,0.038565544744808805
8244,0.10988522112498911
8245,0.15838267247754675
8246,0.0998835587809566
8247,0.9899119130386513
8248,0.34604528807305013
8249,0.4310305621246915
8250,0.30396635210273715
8251,0.050183694556630395
8252,0.23560643290951233
8253,0.3241876851082091
8254,0.0959819305270948
8255,0.957688829131412
8256,0.18169265697589404
8257,0.001601769236478608
8258,0.6577311489836207
8259,0.2590032151778814
8260,0.0025953828813163127
8261,0.006751383950087703
8262,0.21609982739005795
8263,0.047245540061665064
8264,0.004725733632204897
8265,0.04247591000068484
8266,0.1463112436571392
8267,0.9691682987269654
8268,0.0639940899254488
8269,0.6303309289988065
8270,0.021235377992862015
8271,0.3139515451043433
8272,0.14948390320734506
8273,0.0884383182545707
8274,0.07524630030435733
8275,0.973479992867463
8276,0.1062530102757265
8277,0.17866614103645823
8278,0.06611294674627236
8279,0.07211757176647444
8280,0.09379850037414358
8281,0.0018547892449651794
8282,0.028266555965610382
8283,0.997864505167571
8284,0.2339945245038425
8285,0.9685335184609756
8286,0.03913975935432912
8287,0.01766734175346011
8288,0.8034663191006284
8289,0.4394618605717523
8290,0.0247865412942191
8291,0.016351763728340043
8292,0.003830242684342881
8293,0.11644637905566603
8294,0.29135785414883986
8295,0.5492491305425569
8296,0.019294215545918997
8297,0.8936981828203614
8298,0.47406056939658353
8299,0.9862970903764595
8300,0.04633775195814872
8301,0.006754940457435939
8302,0.05674097029527954
8303,0.025547500409715027
8304,0.0386571725324055
8305,0.014185063529084867
8306,0.3284914294142128
8307,0.9785593520448204
8308,0.0029607547969580667
8309,0.13410131153509186
8310,0.1415478068195845
8311,0.9801307399983374
8312,0.8828793505806727
8313,0.38012707520981937
8314,0.0678040089975317
8315,0.9899363559478807
8316,0.8054296720782554
8317,0.024364599365905685
8318,0.008519612618417244
8319,0.023135504362991742
8320,0.020987917768171334
8321,0.023096036798730055
8322,0.4069433820221721
8323,0.10337308974964463
8324,0.02528284897262581
8325,0.008335695967900875
8326,0.7408443254665631
8327,0.02009600548497673
8328,0.033970036478077975
8329,0.320737225899603
8330,0.9910870733432637
8331,0.15614129511665475
8332,0.3183613531109343
8333,0.0019395468768891348
8334,0.626664752887039
8335,0.95870574199249
8336,0.6919730271880937
8337,0.06560191266141392
8338,0.005085004783710813
8339,0.04146353195819642
8340,0.09470359513006596
8341,0.2418679988476766
8342,0.9623297955464802
8343,0.0378301685844174
8344,0.9671179535289838
8345,0.029991803883820962
8346,0.9191572255611439
8347,0.07259677410356417
8348,0.10939821496618035
8349,0.21915850445020518
8350,0.17641312953941568
8351,0.022608020217749294
8352,0.9656790662701205
8353,0.7123129277280347
8354,0.00273965448985599
8355,0.926754343414913
8356,0.0204619832261567
8357,0.39518957161360074
8358,0.10546870941050264
8359,0.6482152568159754
8360,0.9872372419631824
8361,0.24327149750365545
8362,0.918948312948886
8363,0.13710152827738697
8364,0.9982464143446386
8365,0.617477931590906
8366,0.01845333764287801
8367,0.4313394092337104
8368,0.8688890070047307
8369,0.005244857973148158
8370,0.0680167062973718
8371,0.7348497460810629
8372,0.062482112127453276
8373,0.7288221795022507
8374,0.23912022039031816
8375,0.32032251963800096
8376,0.05847586011793622
8377,0.023543845741460297
8378,0.3954728238901081
8379,0.009827943344796187
8380,0.48639275187730413
8381,0.6705389841301621
8382,0.9989104209074693
8383,0.012577519737727957
8384,0.005320885192231639
8385,0.0441639014919813
8386,0.9545467393582883
8387,0.9582809111580592
8388,0.1714829836741277
8389,0.10209660686273136
8390,0.001804871442781753
8391,0.034671761583109806
8392,0.006007361625492474
8393,0.693303881216846
8394,0.3781701508971951
8395,0.11963354107478005
8396,0.06980233610271425
8397,0.9982601052222415
8398,0.970737827882467
8399,0.06551142672176213
8400,0.10669430838140398
8401,0.5915102667810171
8402,0.9330887831411452
8403,0.6674539917472035
8404,0.029872681334854864
8405,0.9382319825151176
8406,0.16276262542905912
8407,0.9637869982475273
8408,0.003097715395248839
8409,0.019465105456082068
8410,0.07364830045171927
8411,0.1333435600522529
8412,0.08797426531201268
8413,0.05515588805482119
8414,0.007681071804407479
8415,0.4269184663903477
8416,0.0026272194341360982
8417,0.05791996860186606
8418,0.017160699581856224
8419,0.8553306856606424
8420,0.005672033119249295
8421,0.9985529581963016
8422,0.03584089269545472
8423,0.3266116423565876
8424,0.0032730461364617863
8425,0.42416514323078514
8426,0.9985562744297066
8427,0.5078074049562704
8428,0.9761127319074863
8429,0.15050304877338053
8430,0.03439830657535537
8431,0.25195941863369237
8432,0.02480272226154944
8433,0.9032875362514944
8434,0.17213941346919343
8435,0.042640117975540126
8436,0.910437113202767
8437,0.8886715162979252
8438,0.022794499285727604
8439,0.11623571484371312
8440,0.01663613791951295
8441,0.5136367561964162
8442,0.00822162493752981
8443,0.2380485876342237
8444,0.034269402405705994
8445,0.004729383915602235
8446,0.03270951194134672
8447,0.16084103542289963
8448,0.04158027353921298
8449,0.6516450160246938
8450,0.00905836346033375
8451,0.06362976761199785
8452,0.0015760299806609932
8453,0.9987819285129027
8454,0.6161811435785395
8455,0.11422636134139405
8456,0.6481509779288033
8457,0.14000624141406776
8458,0.995437902288816
8459,0.2497790239706457
8460,0.1893096991155958
8461,0.05510923286284162
8462,0.027994951198641798
8463,0.03785636553639441
8464,0.06938992703852152
8465,0.011981367772215153
8466,0.8669050379294321
8467,0.003330566452091909
8468,0.619066573486976
8469,0.10706950304672916
8470,0.03076925448104363
8471,0.9791733567783496
8472,0.9925485256314008
8473,0.05340016142760913
8474,0.0103743694427251
8475,0.9303043231838795
8476,0.12287031522041592
8477,0.2738649039197952
8478,0.6866923130416336
8479,0.00640195142114319
8480,0.0057505830533552
8481,0.004736878176937531
8482,0.01869363347174329
8483,0.0077417575825609805
8484,0.28990671922639355
8485,0.16840456006231175
8486,0.10946646427628096
8487,0.06500535142429203
8488,0.002062445014452092
8489,0.8367621614303506
8490,0.08199554782497595
8491,0.9112144001658014
8492,0.6393077066302294
8493,0.008076587647902797
8494,0.03491992172911444
8495,0.9785555906948902
8496,0.10647654962956027
8497,0.04297792622399629
8498,0.11214161525047488
8499,0.3890767178302995
8500,0.026799702823715604
8501,0.1420062235584836
8502,0.06365521311327745
8503,0.8925277615059947
8504,0.03732499310286258
8505,0.011868141622967787
8506,0.04330063681483921
8507,0.05427866726591209
8508,0.05568684813431929
8509,0.017253374973067948
8510,0.035356389217987394
8511,0.0184618434512376
8512,0.02882838798996725
8513,0.006993280340852357
8514,0.03676314231821419
8515,0.27368748010738014
8516,0.027408600073172907
8517,0.04771321071707456
8518,0.1674637005009736
8519,0.01602964495718147
8520,0.009852517726493848
8521,0.08116507222672445
8522,0.9171341542026631
8523,0.12302544353010028
8524,0.9888157499711986
8525,0.004709203294293639
8526,0.6976068500663469
8527,0.016424140920822634
8528,0.08330861645547036
8529,0.6926086182194308
8530,0.7905760750311648
8531,0.8662739890650017
8532,0.6009525534877883
8533,0.01656112346850564
8534,0.013785955366465003
8535,0.9941110717025452
8536,0.12969036168133255
8537,0.07595837898525784
8538,0.33026046046784246
8539,0.06642460203103492
8540,0.2556700060604316
8541,0.21844530776457263
8542,0.05198994501229284
8543,0.9888014593060181
8544,0.9810364638880991
8545,0.15971127449104797
8546,0.02800814490356808
8547,0.18617207703789837
8548,0.1755277768180843
8549,0.031988825075661045
8550,0.04899683856394477
8551,0.08207972694496696
8552,0.04303516237694472
8553,0.10375046641508234
8554,0.24821471650008153
8555,0.03896306442990087
8556,0.23213603051000403
8557,0.8307064876096865
8558,0.9788096437030789
8559,0.8121543886849003
8560,0.972115845661994
8561,0.6429449823217878
8562,0.11396487786177811
8563,0.04466265582214914
8564,0.026485587511258353
8565,0.019542282043586476
8566,0.906520684480649
8567,0.7392460911107872
8568,0.9507903023390604
8569,0.16829372184768773
8570,0.8339166522020672
8571,0.03704520889424223
8572,0.9984057594120596
8573,0.13581353302592705
8574,0.055906282369132726
8575,0.07994039033674277
8576,0.0037611678454420264
8577,0.822513457941614
8578,0.9804201425147558
8579,0.06389287176040793
8580,0.5960059153481645
8581,0.3775266374898282
8582,0.01288062984510907
8583,0.555417806964566
8584,0.8041038964435221
8585,0.027054818505264828
8586,0.06151074617188458
8587,0.06884249485331138
8588,0.17854504556912143
8589,0.011045409522625671
8590,0.5495468886195295
8591,0.9817162219197311
8592,0.09257802358015246
8593,0.1216462123721686
8594,0.004642633364163253
8595,0.965179027669419
8596,0.5095382500881126
8597,0.009785043137613164
8598,0.8812702262666365
8599,0.9215086794644114
8600,0.06855576645351391
8601,0.08426620295242336
8602,0.05276781425925566
8603,0.16773286273943366
8604,0.8594365485431031
8605,0.01930903300122149
8606,0.03749848276657286
8607,0.37484582560875035
8608,0.9776449664517538
8609,0.0340981412980393
8610,0.03686783065935163
8611,0.7704949280745522
8612,0.17387808444214348
8613,0.9827909251727138
8614,0.9576910973000184
8615,0.27026016827325106
8616,0.06000510497168244
8617,0.03638627461789204
8618,0.6294802254560609
8619,0.04868220241264937
8620,0.09808058176937914
8621,0.9037529968774197
8622,0.07751200063543892
8623,0.9586370901154653
8624,0.01535705847196435
8625,0.08169743167841555
8626,0.023152698663950706
8627,0.03512983197990572
8628,0.43912424593606303
8629,0.00902866822310503
8630,0.887549070092859
8631,0.11839299522090738
8632,0.07804715654444926
8633,0.9390974561616736
8634,0.19909998469240725
8635,0.6965839358185246
8636,0.9472054726224777
8637,0.9887212049371061
8638,0.018503007441426363
8639,0.34149533019251854
8640,0.020109774288569925
8641,0.15682837476966827
8642,0.0027376308588480747
8643,0.8885984697542095
8644,0.004365687072832093
8645,0.004504654934823736
8646,0.4135170630497349
8647,0.2771740132010475
8648,0.04682563382648966
8649,0.3999378432184336
8650,0.0022939651933415813
8651,0.009776594974038245
8652,0.7876864849696461
8653,0.004120464147310474
8654,0.009057671274001061
8655,0.0040040491248067266
8656,0.014475807698651758
8657,0.2755879371163655
8658,0.21348808221697538
8659,0.06297870369968445
8660,0.003193143905401855
8661,0.23339489865024882
8662,0.0024311283299568694
8663,0.08193407167611086
8664,0.0017064049555356436
8665,0.0073481279252793855
8666,0.9682557420964368
8667,0.02826695124493052
8668,0.03148729033516693
8669,0.3379005714342051
8670,0.0021619387165103207
8671,0.2811821230167245
8672,0.9370042912954819
8673,0.019713792060657147
8674,0.026953704827629835
8675,0.9777800331141124
8676,0.9174754932819884
8677,0.014422053483084025
8678,0.04927396769939604
8679,0.15589152021933142
8680,0.4509592201561757
8681,0.07067831429479275
8682,0.9543724863941065
8683,0.7628176849485259
8684,0.2821652232034618
8685,0.006524846735029271
8686,0.10248407403396248
8687,0.03077611102366539
8688,0.975129538219673
8689,0.047640234897953694
8690,0.045824874685005394
8691,0.9686393374237522
8692,0.18046396253389754
8693,0.0619812240759538
8694,0.9987148828272723
8695,0.9920360837136867
8696,0.027519147705049415
8697,0.9577375275504192
8698,0.06960859124371474
8699,0.07324804679375936
8700,0.05831794734906222
8701,0.9597653453797559
8702,0.02903557217695036
8703,0.06613957180818614
8704,0.0018074927280003112
8705,0.48088610652623653
8706,0.9988316076892582
8707,0.012909588896831348
8708,0.008359248200668815
8709,0.009981382811960869
8710,0.09834563321602388
8711,0.026427016458964836
8712,0.026699920521353303
8713,0.10044109755128447
8714,0.7684995692280883
8715,0.014700044315158645
8716,0.007366873555691253
8717,0.5022166768082763
8718,0.9310404580781657
8719,0.01350339357703862
8720,0.03249504084605471
8721,0.047778986325614156
8722,0.9628608351567696
8723,0.006486328982619128
8724,0.0058481346568786275
8725,0.018144516136610014
8726,0.026306650360563625
8727,0.008919052391056469
8728,0.2045591326280644
8729,0.9982430104104714
8730,0.7355139994194623
8731,0.6438842065494681
8732,0.8372429535357442
8733,0.8125635304822327
8734,0.005215439072812828
8735,0.05247545456678642
8736,0.7834942875109926
8737,0.920400407231672
8738,0.11145479992817367
8739,0.1377660214972611
8740,0.9676212103715613
8741,0.9855945855500976
8742,0.9960963448291462
8743,0.036787305217100455
8744,0.002073905663783574
8745,0.1265508451568426
8746,0.20846158263738096
8747,0.07458508434275007
8748,0.0237861622018013
8749,0.07439101751428884
8750,0.03182434188213514
8751,0.08981719241745884
8752,0.6087063613291752
8753,0.9218227957317827
8754,0.2230863598378724
8755,0.9699421956021697
8756,0.1954750827057843
8757,0.14237263644274517
8758,0.0298621820209967
8759,0.2940823390198224
8760,0.008177720417044825
8761,0.8809776642439667
8762,0.021360767434223604
8763,0.9916268853602861
8764,0.17144189068887283
8765,0.18750163531253441
8766,0.004042105309620538
8767,0.13319857728643245
8768,0.011746221327911427
8769,0.0864000955709743
8770,0.032059980450423874
8771,0.005956986026831785
8772,0.007358764507082951
8773,0.030504681391562025
8774,0.6468680248402989
8775,0.005436607311307047
8776,0.030098319205659668
8777,0.3625026769653512
8778,0.150071066641439
8779,0.01966870255455315
8780,0.004089287958509397
8781,0.9788025450866791
8782,0.06812492999680303
8783,0.028262732757160753
8784,0.002879989372357135
8785,0.009048230913633996
8786,0.09881230586248946
8787,0.007379825464515497
8788,0.9866639508879205
8789,0.04608254179166289
8790,0.9428578158300445
8791,0.08971526481703476
8792,0.028616626191201398
8793,0.06608905342946804
8794,0.905899492097209
8795,0.8273038952617496
8796,0.005994966979442999
8797,0.6317880749693566
8798,0.9423097645879648
8799,0.06480594472637514
8800,0.02283960631648721
8801,0.012384906212329839
8802,0.011499977107973812
8803,0.5729993934596416
8804,0.0067878936993606065
8805,0.12569159009686498
8806,0.16980888426143334
8807,0.02642371914568509
8808,0.5084126600536886
8809,0.3426475083029621
8810,0.013567159399693881
8811,0.2880121742192667
8812,0.9329294573103413
8813,0.011615190227397997
8814,0.5050893506852097
8815,0.928074340081319
8816,0.9117623249913982
8817,0.9859514967957943
8818,0.8937179647244309
8819,0.2903267290228613
8820,0.338049050236813
8821,0.06123329404550991
8822,0.7305562309445353
8823,0.9594925423168159
8824,0.013982192382090995
8825,0.02681856954498272
8826,0.2639585245120495
8827,0.6962085328511483
8828,0.1443671385628455
8829,0.10332161375697294
8830,0.008910368699443321
8831,0.07941710492002063
8832,0.28640882555655695
8833,0.012494456126759831
8834,0.7570619593158273
8835,0.010733596138822857
8836,0.09340117681913257
8837,0.11965934306845594
8838,0.2926176735137841
8839,0.10880290688436264
8840,0.08215522032634613
8841,0.9858325429331096
8842,0.9826104420530022
8843,0.07432829565478151
8844,0.5466639439310055
8845,0.1468606344538314
8846,0.0044149172655386145
8847,0.04996928056153285
8848,0.9893242681858458
8849,0.07713700457157949
8850,0.896669893448843
8851,0.09417147753001956
8852,0.6969825435026356
8853,0.16810680835028535
8854,0.0015991308883344262
8855,0.03877024747916327
8856,0.017528561489731385
8857,0.04491791934219552
8858,0.08397769376077781
8859,0.5669442163013327
8860,0.06442582654228048
8861,0.10078764657957881
8862,0.06301845394643366
8863,0.1956899621353947
8864,0.005786344681831429
8865,0.9304185793221528
8866,0.9700035971381012
8867,0.02429798146046956
8868,0.8353578842761704
8869,0.3224288007037488
8870,0.02649709471285756
8871,0.2553803078714322
8872,0.09613202239243188
8873,0.009065745597359585
8874,0.35474852744182117
8875,0.0555752898246033
8876,0.002995576985853646
8877,0.9988665536243542
8878,0.0012617278604449256
8879,0.07095400560732917
8880,0.019633657553314837
8881,0.31621332953479697
8882,0.1681867169663221
8883,0.15580862191779604
8884,0.9725037486580059
8885,0.2839184117241521
8886,0.1602372599227902
8887,0.017865733899804042
8888,0.0257772055898564
8889,0.03596632792471035
8890,0.07374842686195278
8891,0.21150850499255436
8892,0.1401464294424219
8893,0.33583230775309536
8894,0.10210263147581272
8895,0.9732913512121172
8896,0.34327405594728455
8897,0.30008975536830834
8898,0.5268654284058385
8899,0.06900941974642263
8900,0.15094474428255159
8901,0.45433451641295386
8902,0.9984050435879929
8903,0.31388169771500807
8904,0.5677716775903255
8905,0.6369835820386058
8906,0.9672600704018488
8907,0.05873299953736696
8908,0.07234987589963723
8909,0.7720814217586435
8910,0.7324174221399854
8911,0.02913470601379296
8912,0.36642177080654303
8913,0.025758875604617433
8914,0.028090278872532938
8915,0.06254244978086954
8916,0.006445328378947766
8917,0.07935425223340001
8918,0.048962339866743886
8919,0.12913474798224897
8920,0.06286626224988409
8921,0.0768144451759737
8922,0.9599456883340214
8923,0.04269633570283121
8924,0.735971026051123
8925,0.5601701525117601
8926,0.02045261533165381
8927,0.551170674311871
8928,0.7090471248679349
8929,0.5423755743926162
8930,0.5698568362521913
8931,0.07929352930439183
8932,0.9641166834268113
8933,0.0435359151015728
8934,0.0878056370705197
8935,0.7243280392045763
8936,0.8501446640646833
8937,0.031141511646362446
8938,0.9454973561623782
8939,0.11697253173458569
8940,0.29676174052026816
8941,0.0037074671127517392
8942,0.33866127555114023
8943,0.37459434781569295
8944,0.7138587102948597
8945,0.8445488976970922
8946,0.08836706077740958
8947,0.9505484884263415
8948,0.12719386535991728
8949,0.2854382508128807
8950,0.5351329158048108
8951,0.9968139686601967
8952,0.030235850313927438
8953,0.041009278933391666
8954,0.03856153933043322
8955,0.9183775031141894
8956,0.7096895216656779
8957,0.9434645844092826
8958,0.951765588674589
8959,0.2645836189549326
8960,0.01907419149456488
8961,0.7447218152236544
8962,0.01349312786868529
8963,0.9677629929282723
8964,0.3288416694647517
8965,0.015905130796526973
8966,0.29637263021494065
8967,0.018856350850541624
8968,0.018860911575757887
8969,0.0056932984380113245
8970,0.004617757901387921
8971,0.01058972006377487
8972,0.005703812759970263
8973,0.4911857014947205
8974,0.062103174510401066
8975,0.8997637295547513
8976,0.22361483637285876
8977,0.05630614792506236
8978,0.43752685422282933
8979,0.0013469166507968876
8980,0.010486308595960156
8981,0.8667442536244423
8982,0.04541372732186916
8983,0.5733415864941525
8984,0.004609868636023806
8985,0.03679615333734944
8986,0.014793770399165181
8987,0.007176618500168158
8988,0.00409352453558719
8989,0.250970067453962
8990,0.015135780956434228
8991,0.11141002903392833
8992,0.012850558075184482
8993,0.06641701758674612
8994,0.9879547560008233
8995,0.5612291031935395
8996,0.03325277730484667
8997,0.9817387656991292
8998,0.02375454961085404
8999,0.12233806575338185
9000,0.07425815849811451
9001,0.20851135216793884
9002,0.00894465986186423
9003,0.9770099600491027
9004,0.09688160234356308
9005,0.8930216831471003
9006,0.9637509016161203
9007,0.07748634696994264
9008,0.051997241154250556
9009,0.025668387882264054
9010,0.8091166389775791
9011,0.8717079234680626
9012,0.025164229894899585
9013,0.009455791162430614
9014,0.09693654671312599
9015,0.008830460792650388
9016,0.33851330698063525
9017,0.07533804600485194
9018,0.842047836266451
9019,0.21491663960582041
9020,0.017848286652134542
9021,0.37127819683108404
9022,0.05921412300261186
9023,0.16314790691214684
9024,0.045280789926338154
9025,0.3771529002251508
9026,0.11502446303480356
9027,0.9981996164395442
9028,0.13076052372809902
9029,0.009383077230401517
9030,0.5826095860759243
9031,0.1697491169665826
9032,0.22028766782710274
9033,0.9876427386763487
9034,0.01345359160425776
9035,0.007414768608360709
9036,0.0188142562870995
9037,0.0393389753473511
9038,0.13733755081994883
9039,0.08967449854598292
9040,0.03294118543599578
9041,0.3905672482679784
9042,0.19849000960044233
9043,0.3194697584919991
9044,0.00633239451239084
9045,0.05247410975730374
9046,0.011000746358302851
9047,0.07509879855266953
9048,0.07912598817010129
9049,0.9867031516620118
9050,0.08245343886308473
9051,0.9744594454198718
9052,0.025123168232508052
9053,0.018280558223782974
9054,0.028734639384712022
9055,0.33947672312644456
9056,0.3501645181839561
9057,0.052419342412847986
9058,0.9978953897242747
9059,0.057118659390756096
9060,0.027304005551996864
9061,0.2729270666601994
9062,0.8742374937258386
9063,0.02595700602106727
9064,0.016290896932473934
9065,0.3498319589977677
9066,0.1664806283182912
9067,0.26838147884189306
9068,0.017175367895740257
9069,0.01573184135828546
9070,0.05825173561274111
9071,0.05751877853961383
9072,0.8411239787471205
9073,0.6454608775861244
9074,0.9476062012529617
9075,0.002757615386056499
9076,0.8826079167144407
9077,0.023242941205742745
9078,0.11855706354123513
9079,0.5985139716232522
9080,0.7616814415322657
9081,0.14457865717537838
9082,0.557489464957328
9083,0.46245595053723665
9084,0.05244892750224396
9085,0.9754827793103407
9086,0.901687065408449
9087,0.9856506168554293
9088,0.7913093740666846
9089,0.15954979899204233
9090,0.27002019795535787
9091,0.383643529008413
9092,0.4294605364543244
9093,0.010852008964998813
9094,0.026917678156205715
9095,0.6279582923764846
9096,0.9436699246987281
9097,0.004123126208958534
9098,0.044194352567251564
9099,0.1145231895901484
9100,0.0029522292766870272
9101,0.8763037516597099
9102,0.04844178625638205
9103,0.7332328586589675
9104,0.1359601539393989
9105,0.09655746879349479
9106,0.07501696546574775
9107,0.007559083411460573
9108,0.39202597810370243
9109,0.1866226860508542
9110,0.0014255548082173948
9111,0.7749638712077715
9112,0.008019479799274008
9113,0.5203924388815543
9114,0.012445125437294719
9115,0.8135322059929436
9116,0.07703190916909608
9117,0.8993165762366843
9118,0.21735567887962343
9119,0.6151353619142118
9120,0.03706902808048127
9121,0.5123158904585415
9122,0.07922074478862913
9123,0.22165273782418385
9124,0.01937680981368313
9125,0.47192894640083566
9126,0.05393308958283322
9127,0.036462409260626744
9128,0.003326992530804879
9129,0.015394944593349053
9130,0.42423900776444723
9131,0.978262293086853
9132,0.08950996937957997
9133,0.01477663684574854
9134,0.06579342131601448
9135,0.40967190488513044
9136,0.010053624750733379
9137,0.047626487532682296
9138,0.01763873193511284
9139,0.0572449968062861
9140,0.9471983231110798
9141,0.1120504262513047
9142,0.040297229731003324
9143,0.8066643358755612
9144,0.100655959479172
9145,0.034881142243586995
9146,0.007863631797128356
9147,0.06913587999051062
9148,0.15517650180277798
9149,0.09478991307732451
9150,0.15771918298780202
9151,0.004386668664110307
9152,0.48309016943870775
9153,0.17003937391896456
9154,0.9437524533358845
9155,0.9949036515364209
9156,0.8187278871497334
9157,0.9116742284349764
9158,0.3005686821373707
9159,0.0037981353747099864
9160,0.27144046888963747
9161,0.013139742959027274
9162,0.09588412195262962
9163,0.003896602280498947
9164,0.07393242530481242
9165,0.010707991166397639
9166,0.9781468565669096
9167,0.015435099804339662
9168,0.23416900968551208
9169,0.984467390160916
9170,0.7784378411559916
9171,0.9690165075030813
9172,0.8723040255255061
9173,0.49442793835372245
9174,0.09032480699914974
9175,0.029906102833291086
9176,0.0026842753378969637
9177,0.2908354280924178
9178,0.3885754079517926
9179,0.048362264344341495
9180,0.011971143549847796
9181,0.295651695404316
9182,0.002138375103598661
9183,0.009878942975264348
9184,0.3388831165130719
9185,0.026440981542227057
9186,0.08098431430361372
9187,0.01480709275409648
9188,0.012977033515866265
9189,0.8451780119803884
9190,0.006444445934317897
9191,0.09152737784219535
9192,0.9925667514298172
9193,0.00291226692961096
9194,0.011661858698299814
9195,0.009183904844759627
9196,0.798069961155764
9197,0.024986303628312452
9198,0.0077244199117255516
9199,0.03897413470478149
9200,0.04518947931895808
9201,0.9987787724122388
9202,0.029802378030655594
9203,0.046118605617598
9204,0.15700650486279444
9205,0.003141446063765236
9206,0.467010797978625
9207,0.5021102497364107
9208,0.0049301590043570424
9209,0.019159908399440883
9210,0.9634361416278366
9211,0.8703250912728692
9212,0.26613398265853677
9213,0.07708697939010126
9214,0.012659846462467251
9215,0.031658370754116885
9216,0.2364503232135887
9217,0.026288419503773322
9218,0.1544610300787565
9219,0.050472660874042695
9220,0.015517767845169658
9221,0.4050102468378883
9222,0.14542122627222587
9223,0.979276499181487
9224,0.10994945754179612
9225,0.9638181526060887
9226,0.9875499357138477
9227,0.027608998455774865
9228,0.005187168934759094
9229,0.008193642331520607
9230,0.11958828859249815
9231,0.0849363377880615
9232,0.917876446269692
9233,0.005111726988470101
9234,0.04394470889493206
9235,0.06955296290811737
9236,0.008955040988565524
9237,0.10598285458649698
9238,0.15394395923321347
9239,0.08032408394318886
9240,0.6225552529042305
9241,0.13589206390771308
9242,0.0012858305267090912
9243,0.9905415818560502
9244,0.011978769315733825
9245,0.0340656545775502
9246,0.2814498418385927
9247,0.03168920007247232
9248,0.9904153876036976
9249,0.9984131944371093
9250,0.01932163240084514
9251,0.4480181085964785
9252,0.009586968104637656
9253,0.002173466286482858
9254,0.0747153454207525
9255,0.998309994312877
9256,0.10436704014357401
9257,0.2646971125414096
9258,0.8953936408856464
9259,0.03501292211356781
9260,0.06383535406550368
9261,0.9770716368498844
9262,0.7605741379755697
9263,0.010097682972776583
9264,0.047768752376724226
9265,0.017570374317800733
9266,0.8858645252537491
9267,0.37853679635598936
9268,0.04810565656807152
9269,0.8063524758993339
9270,0.007322395118952404
9271,0.001969617318491084
9272,0.18491116712410696
9273,0.05786048658743574
9274,0.029242294228150466
9275,0.012796964800879638
9276,0.010669467628127765
9277,0.13818652828617928
9278,0.9952333107787907
9279,0.07176061029823119
9280,0.6636417691470088
9281,0.9808769930761903
9282,0.1990239091268709
9283,0.7356948244520087
9284,0.10081676847408728
9285,0.2504563751451418
9286,0.1191737100592761
9287,0.34179931522605833
9288,0.09795974402614277
9289,0.03807379394609979
9290,0.044045863664768904
9291,0.06918909886784627
9292,0.47969205440028195
9293,0.27705661754119615
9294,0.11776512421294491
9295,0.3546428932417636
9296,0.10874013904359457
9297,0.9781900021466807
9298,0.06639910431500125
9299,0.008593172045187846
9300,0.038569606447375386
9301,0.46970675029286457
9302,0.049462151369692
9303,0.05525858801060838
9304,0.044984274867243115
9305,0.0049645204158723765
9306,0.12831688815971667
9307,0.7097861089021693
9308,0.9649341111111964
9309,0.973020029650949
9310,0.03326101529549036
9311,0.8949942416912187
9312,0.8305846343821418
9313,0.7804995088369613
9314,0.037043822917680255
9315,0.43168824740040634
9316,0.9095331402009398
9317,0.6173049272186197
9318,0.003414415800955556
9319,0.03229627497550405
9320,0.015867535470297206
9321,0.8892859497304317
9322,0.6769228751867435
9323,0.22104197896080932
9324,0.01141555971602475
9325,0.03704907355603769
9326,0.29526385441788006
9327,0.05730015150399145
9328,0.6811920665259094
9329,0.07716903893570443
9330,0.8565092304501496
9331,0.05046837832262298
9332,0.04288143656905308
9333,0.013732944313922253
9334,0.42250760566652984
9335,0.017303491935766
9336,0.11511231551374566
9337,0.7016016314228819
9338,0.09210168160355518
9339,0.39714128910797064
9340,0.10058334007634327
9341,0.04169462968655657
9342,0.06236288011996083
9343,0.01767338235141823
9344,0.11527586505563905
9345,0.0018981951577419628
9346,0.04312972760588923
9347,0.04605626584340237
9348,0.022448056564699295
9349,0.10910362005175005
9350,0.05513895242384573
9351,0.009995529848826273
9352,0.05176485655631008
9353,0.04435118247147239
9354,0.027451201073474124
9355,0.3702143669703798
9356,0.09010942244306912
9357,0.033005270294253784
9358,0.23104999289063965
9359,0.9759820965973556
9360,0.06434852069891427
9361,0.0015429682891776747
9362,0.01719701049817274
9363,0.014467792793454504
9364,0.4885020943739931
9365,0.0029118138760661962
9366,0.09181235208751656
9367,0.9662903762447912
9368,0.11719085979646544
9369,0.05151800521607539
9370,0.9621911311743951
9371,0.46664754062350755
9372,0.010268204414103487
9373,0.003507026621227262
9374,0.03811173162026723
9375,0.2219290465309246
9376,0.820962617082768
9377,0.05583376288022876
9378,0.9987052751825303
9379,0.15886464007218049
9380,0.02534423660259818
9381,0.9876794121507633
9382,0.06136529795010853
9383,0.9831882225659414
9384,0.45606854713695827
9385,0.9643755607029078
9386,0.0034302485176999076
9387,0.45899327242947985
9388,0.3761492518173866
9389,0.6512412153699138
9390,0.014447553698580825
9391,0.16754894296168404
9392,0.04551065200631009
9393,0.04100106020530839
9394,0.35234462878264305
9395,0.846781952033766
9396,0.022442737712171562
9397,0.9987125265794872
9398,0.005929569382285092
9399,0.002312692484124931
9400,0.48799171815980485
9401,0.0189430818330949
9402,0.07407626148861592
9403,0.009481294450190997
9404,0.9860436772448159
9405,0.5765917233503073
9406,0.0017531755676852125
9407,0.005796185583963249
9408,0.48506175754188946
9409,0.1656465712884512
9410,0.9418183505474398
9411,0.13103346114628123
9412,0.03544995068093275
9413,0.03343104199632996
9414,0.017865554733350452
9415,0.2683104542729108
9416,0.021458921174111592
9417,0.026716036575765954
9418,0.04713901307069587
9419,0.18971093133985162
9420,0.9754609117163232
9421,0.11148078988354958
9422,0.9979416456918159
9423,0.03518308609130515
9424,0.8541491243557615
9425,0.982618372594984
9426,0.38153996321317646
9427,0.10091989506419935
9428,0.05813149051435677
9429,0.45660206103269485
9430,0.0011952814298456591
9431,0.9322838918988696
9432,0.011433519647572287
9433,0.9645709671298159
9434,0.005448161280271898
9435,0.998758749669344
9436,0.9821896337708407
9437,0.00800373884368677
9438,0.310821604255513
9439,0.006408886221414979
9440,0.3625248795026327
9441,0.7267297560444586
9442,0.04314928529987965
9443,0.07356889032043516
9444,0.06470134751409885
9445,0.941333606496485
9446,0.005227942376857812
9447,0.9894143566847045
9448,0.05041874125677458
9449,0.017343922087980856
9450,0.048268908432606845
9451,0.009775475765367147
9452,0.9881690393077822
9453,0.3767491150052292
9454,0.014819665541075274
9455,0.033442980949580293
9456,0.006866150218045633
9457,0.515463449820561
9458,0.010931238606988095
9459,0.30394379242016417
9460,0.03820051872269202
9461,0.9239085603780405
9462,0.34641242402133
9463,0.05084841203187766
9464,0.11644541251868944
9465,0.0019259374465181425
9466,0.3361491848135971
9467,0.9185486446449935
9468,0.09704405884203206
9469,0.001775438502009603
9470,0.9728251739063623
9471,0.010146811472025733
9472,0.964865681400147
9473,0.10699633170601705
9474,0.9557149366093469
9475,0.01647618289274563
9476,0.04055406026946638
9477,0.07042233572054718
9478,0.43755789260923095
9479,0.05888751637013681
9480,0.9110688967174341
9481,0.9708279018356734
9482,0.23821237457242306
9483,0.9423636784497449
9484,0.07860860762652275
9485,0.23229383197989292
9486,0.9548100403089073
9487,0.7503477868216861
9488,0.9823074593244412
9489,0.17813727161959658
9490,0.007344921969875411
9491,0.020056143371187565
9492,0.9954992481781236
9493,0.11958485371276695
9494,0.05956997783833071
9495,0.0020407251886653873
9496,0.00785615639642711
9497,0.07644036690267136
9498,0.3553280979993432
9499,0.9708855549478035
9500,0.23494158574826202
9501,0.08813405426929335
9502,0.9758566549504827
9503,0.9857608407561487
9504,0.3321270004396542
9505,0.798082852248325
9506,0.9943347306326156
9507,0.02284028725294404
9508,0.03534286144808349
9509,0.09686482570212133
9510,0.01452221554676322
9511,0.165207450985482
9512,0.29145276190397496
9513,0.7420831405488392
9514,0.14884204120203853
9515,0.051847062868550106
9516,0.17033492653641563
9517,0.0335652450139187
9518,0.009829425469559113
9519,0.046067063351254135
9520,0.0034572677300889684
9521,0.02552881361595231
9522,0.3115698876054817
9523,0.04762005343173337
9524,0.05581935148947016
9525,0.003640000249343879
9526,0.4721025055026956
9527,0.05399832610196093
9528,0.05001638194651565
9529,0.10615567201266567
9530,0.03011006731789298
9531,0.028523627850666228
9532,0.016816484540930217
9533,0.5191961807741449
9534,0.8130321859439358
9535,0.8379109957318251
9536,0.01561231251864939
9537,0.9945266155255958
9538,0.03829303044519691
9539,0.5137805253970451
9540,0.9085696938053265
9541,0.2366190238548243
9542,0.22301538349185157
9543,0.005929328792657318
9544,0.017858745840611652
9545,0.08511174827166948
9546,0.9748696565481669
9547,0.7624672855531938
9548,0.010715700205350584
9549,0.141908874527729
9550,0.7776121278937834
9551,0.6944882450823231
9552,0.9733135121947065
9553,0.6190325631091872
9554,0.9875595967350224
9555,0.3079473562805361
9556,0.012085407843031179
9557,0.9806211903835145
9558,0.06525844040815365
9559,0.07576953503920669
9560,0.0013524877493084366
9561,0.08566485581897809
9562,0.9974157154812682
9563,0.19818503574437493
9564,0.9828922314195572
9565,0.004978851937106215
9566,0.05882265066253804
9567,0.992359749401271
9568,0.04594867232617748
9569,0.08126523029618077
9570,0.06477982776990006
9571,0.05498245107841243
9572,0.13138093540527684
9573,0.8396654586310071
9574,0.7730597248788827
9575,0.03754869572282984
9576,0.9834231889519848
9577,0.2874855569890091
9578,0.005703137945258549
9579,0.008386086789709932
9580,0.9315433308592816
9581,0.9063659272028073
9582,0.011394032312502744
9583,0.8249056819922242
9584,0.922809746730372
9585,0.017127125805574323
9586,0.006030464089706412
9587,0.010128916317807829
9588,0.9221899642573792
9589,0.011999965055639345
9590,0.10320713174414087
9591,0.26103411423268463
9592,0.7046464427679412
9593,0.0156300974081498
9594,0.9468090555446989
9595,0.9870579035829808
9596,0.03651935174308974
9597,0.9380010980695397
9598,0.9814604373782023
9599,0.09929328472616536
9600,0.9385442443872036
9601,0.6212975818834316
9602,0.011050483604246316
9603,0.08185167695454851
9604,0.11880458908005695
9605,0.11805173995605166
9606,0.0012272662396842957
9607,0.2487623896467377
9608,0.7318572589180772
9609,0.6235006480493838
9610,0.012264817871833814
9611,0.0051014796335778516
9612,0.009389362183817512
9613,0.13560092618703354
9614,0.5180147350347702
9615,0.15352154467465584
9616,0.9485909976325023
9617,0.02976037370538075
9618,0.5878326108446577
9619,0.19169510353152613
9620,0.0065062067879508865
9621,0.12415785543682287
9622,0.014371887092173068
9623,0.5084943547442402
9624,0.2516401962962582
9625,0.0050687380235464735
9626,0.082001117634834
9627,0.04150752616427282
9628,0.9760060436454946
9629,0.7686015140114252
9630,0.9428810417074203
9631,0.9977650382681457
9632,0.9954786282848431
9633,0.060439595343158056
9634,0.07684656307568624
9635,0.9984340813983672
9636,0.9909843270027299
9637,0.005174745179043339
9638,0.046291943191528254
9639,0.08022625761823848
9640,0.16529866064315818
9641,0.015269811095247186
9642,0.12117467146898238
9643,0.17498056215203872
9644,0.9784842928350159
9645,0.0725851238351496
9646,0.3207703918965702
9647,0.5232927699887461
9648,0.0012143133595376816
9649,0.15511518622887474
9650,0.011396839811979694
9651,0.9916006680770324
9652,0.6918668100710548
9653,0.20827314279152664
9654,0.2590513651584015
9655,0.020273275366987226
9656,0.4293113067062581
9657,0.9244371478744677
9658,0.9988529748232848
9659,0.055070713821277914
9660,0.03573026589362807
9661,0.03477509735970554
9662,0.9745118761748062
9663,0.008402266053410015
9664,0.005998506790557612
9665,0.10198262870503569
9666,0.035956034605527196
9667,0.05517543555651675
9668,0.2046511390919707
9669,0.0826390034408156
9670,0.6521164963534429
9671,0.4192707685953855
9672,0.03561833619052514
9673,0.047014015935709155
9674,0.6503373235784666
9675,0.14200839036522891
9676,0.10367286639210235
9677,0.002611992538283039
9678,0.9597277339941508
9679,0.03047645954174069
9680,0.4693621409166969
9681,0.5327202276936789
9682,0.19625139316555223
9683,0.9576307754296154
9684,0.03357321442094254
9685,0.8107974276560651
9686,0.09843184162957395
9687,0.09432729737425036
9688,0.03605777179089596
9689,0.009712958580288271
9690,0.16327818186651671
9691,0.9115476178922765
9692,0.07880002952598256
9693,0.02008490516061
9694,0.752348458684179
9695,0.009401203468144836
9696,0.9641118967839711
9697,0.20918634607129516
9698,0.0624598869028134
9699,0.010071930221473985
9700,0.1303120540254737
9701,0.14144692897992767
9702,0.9953614533045506
9703,0.12259137118318857
9704,0.03312552815279087
9705,0.155635390301695
9706,0.7701585707178622
9707,0.061510824132379655
9708,0.022696723689253642
9709,0.2188738180741098
9710,0.44835778617781064
9711,0.0862982673546037
9712,0.44977493832753757
9713,0.5563147288352611
9714,0.0073314586088051754
9715,0.04212361104485349
9716,0.20564930101255643
9717,0.015852033770218044
9718,0.013818178951555987
9719,0.1121448436646855
9720,0.9890379734931288
9721,0.9724305215594573
9722,0.062149358230516344
9723,0.010704036711191226
9724,0.1217400000282999
9725,0.9094217162867523
9726,0.12382986721801106
9727,0.1303574945616986
9728,0.34282729968770786
9729,0.015025550259092508
9730,0.9832123708068842
9731,0.0205723227742399
9732,0.0022535207040138856
9733,0.010613049019885813
9734,0.05661848671671844
9735,0.6254236227787301
9736,0.0844053073988475
9737,0.035592973524875025
9738,0.09078997611815803
9739,0.987616876257591
9740,0.05461806674052358
9741,0.03463029119418068
9742,0.04057538266530181
9743,0.745910654987624
9744,0.03833848055790974
9745,0.7667170296753216
9746,0.00826169971782836
9747,0.4542207085651381
9748,0.763470965838976
9749,0.9738259906797371
9750,0.00974165376626673
9751,0.9927765448872403
9752,0.010768441548100435
9753,0.9579961368729267
9754,0.3445170402636127
9755,0.995931614566356
9756,0.1322883885432675
9757,0.9805942743923339
9758,0.15250518584466372
9759,0.016675165152533963
9760,0.0037763997868951733
9761,0.2621396752534495
9762,0.0017737221756883594
9763,0.12253165834723068
9764,0.8976569566222858
9765,0.12374602466248752
9766,0.09552237192506172
9767,0.9026101713519217
9768,0.46410974659229326
9769,0.004790508363093984
9770,0.63795956538808
9771,0.09083833023269641
9772,0.03504523137043475
9773,0.6071798751665485
9774,0.01476755460073725
9775,0.10256415720172662
9776,0.00583916010446555
9777,0.1083260267659121
9778,0.09468483591666267
9779,0.1378471007479329
9780,0.9934358086287548
9781,0.11193352285063016
9782,0.7696493046804515
9783,0.15796083784860931
9784,0.4175379382006472
9785,0.9697445705496931
9786,0.5352457885469134
9787,0.2164118368940563
9788,0.0025572508705550582
9789,0.20546412840088607
9790,0.2473401278811182
9791,0.043399557865716434
9792,0.1091080316393971
9793,0.1143489129248498
9794,0.6871215361635974
9795,0.0605362554738365
9796,0.05671455343347674
9797,0.8600079967526657
9798,0.4667103391413974
9799,0.02578451580423407
9800,0.043310996164072045
9801,0.013162484590019565
9802,0.13523925870178855
9803,0.013175427488111574
9804,0.7869534824100403
9805,0.00764241443269538
9806,0.8491703745237658
9807,0.056664939733769445
9808,0.026637575626575864
9809,0.07784855954706063
9810,0.0064173002900271
9811,0.01353292666992242
9812,0.04025967606221957
9813,0.0032468546764634213
9814,0.09232981386584382
9815,0.2517000740348341
9816,0.19640215371962444
9817,0.04442320512902606
9818,0.5278896867899647
9819,0.9584375939360321
9820,0.06125936225363877
9821,0.08277631734870423
9822,0.006738260165598448
9823,0.9484613353377229
9824,0.31494996526747415
9825,0.9800849646615006
9826,0.007422106975061888
9827,0.9948186691579282
9828,0.4698447304494206
9829,0.6999040769137652
9830,0.9756387832913445
9831,0.010538905777359844
9832,0.06510472986885041
9833,0.131086842479919
9834,0.04248766279604505
9835,0.3486921139227155
9836,0.9830958679145019
9837,0.9969658441101336
9838,0.0014347749821270917
9839,0.04457761628732354
9840,0.9976131290748329
9841,0.03845628321976753
9842,0.5218116691244337
9843,0.7557259354214575
9844,0.12349044522634103
9845,0.0037861803154818257
9846,0.7552492787691198
9847,0.43502629079729693
9848,0.024685595421186354
9849,0.0066822238745668245
9850,0.21013135302421176
9851,0.05244334597844905
9852,0.11340735083882213
9853,0.018034666620464837
9854,0.11691580664995108
9855,0.2544025981062686
9856,0.04733867883986843
9857,0.9576502554621975
9858,0.036447270387681266
9859,0.8830370764209996
9860,0.07753155967840443
9861,0.060572622157187644
9862,0.032531431482276676
9863,0.004226013485743217
9864,0.9156608701184634
9865,0.9973182500366726
9866,0.042386105704500285
9867,0.002007113546331223
9868,0.5101862225364107
9869,0.08351635056924218
9870,0.839944102443624
9871,0.9847050989895376
9872,0.11336893732056143
9873,0.036433597534894835
9874,0.8484553726889275
9875,0.12604941954195908
9876,0.09069598597815831
9877,0.10504025078406198
9878,0.03348951874391872
9879,0.9081436262676542
9880,0.00921470537341205
9881,0.9565219527906252
9882,0.9588222713936917
9883,0.03134375655822777
9884,0.026035675736959897
9885,0.039381392661969564
9886,0.14966015851758496
9887,0.015099072688485777
9888,0.9548862098693832
9889,0.998626878222711
9890,0.2892991185282887
9891,0.017189966040939957
9892,0.05577462660669097
9893,0.2749367031715767
9894,0.07954616589234066
9895,0.08697722670285699
9896,0.8043363986549925
9897,0.12540158646571464
9898,0.039217812153678686
9899,0.12743827814917832
9900,0.1485810611184062
9901,0.05225512184358795
9902,0.05360856457289867
9903,0.12074386526417046
9904,0.772247965429772
9905,0.08611578467187957
9906,0.10027229465515439
9907,0.4658942885855859
9908,0.005460637521647168
9909,0.9695050724175245
9910,0.977181133451983
9911,0.08674716357403635
9912,0.038462294032807
9913,0.017634152973620507
9914,0.16360936834496495
9915,0.9892411437576255
9916,0.10079999697555272
9917,0.07029449212912603
9918,0.011904427351646634
9919,0.5160655443535106
9920,0.018266656516373887
9921,0.39561598378280016
9922,0.0011595889091918087
9923,0.3646493867931409
9924,0.1349564838816832
9925,0.28904731820195373
9926,0.07535287887230381
9927,0.23040521299674588
9928,0.006680946270116726
9929,0.9455459028673812
9930,0.9586133978069415
9931,0.5402510262285619
9932,0.09522836391927342
9933,0.20227219091083742
9934,0.011641957551292572
9935,0.8229484829657627
9936,0.9902378559209193
9937,0.3276142954679667
9938,0.3401612161596159
9939,0.05749763362614141
9940,0.1711141344934362
9941,0.038135625592750556
9942,0.057994367140365016
9943,0.008577746437305467
9944,0.029400306187346223
9945,0.9695582816597959
9946,0.04995914959299
9947,0.10055892531043206
9948,0.03656387643286352
9949,0.005854294764246554
9950,0.05071121762061993
9951,0.152608429863474
9952,0.00726061831960949
9953,0.9959135743018332
9954,0.7824413394015473
9955,0.10510789363896512
9956,0.8116921158565974
9957,0.013208523163070814
9958,0.975784065787443
9959,0.21068420874532734
9960,0.6787221359162364
9961,0.017073526784558715
9962,0.04061628907569542
9963,0.010274190660345878
9964,0.1716485039525978
9965,0.02313162204767763
9966,0.006521504880904309
9967,0.00549366588376906
9968,0.07910647349495176
9969,0.005512345824675838
9970,0.0735554036406561
9971,0.9949550069461798
9972,0.03272457638505939
9973,0.03422387490814364
9974,0.03137228742320165
9975,0.9774929696385619
9976,0.44965857064613984
9977,0.14840760044396678
9978,0.08754958234923567
9979,0.002620316251696204
9980,0.09392588046945609
9981,0.09359716720551747
9982,0.0054505546764500815
9983,0.17063108479010947
9984,0.027807127492634323
9985,0.0034860589095296393
9986,0.049392773847692945
9987,0.16434983394362282
9988,0.08315517261673891
9989,0.03160607463917988
9990,0.11588394102834354
9991,0.9478514521592067
9992,0.08602878541316507
9993,0.04139879315055658
9994,0.7232593952593224
9995,0.0019203295756009347
9996,0.16580427151104993
9997,0.5362584190170425
9998,0.9917637759765523
9999,0.05000780277493623
10000,0.24160157860984594
10001,0.9747789170393295
10002,0.376470967418037
10003,0.3076747260751347
10004,0.01832830825129101
10005,0.9574214716501596
10006,0.9687814429795034
10007,0.020852734207153917
10008,0.9884733923744506
10009,0.9539586773231337
10010,0.09385612290367515
10011,0.024346912675173825
10012,0.9032414842002432
10013,0.019162679380236327
10014,0.23325989429961416
10015,0.11142684141440953
10016,0.040739853575890675
10017,0.009125873926420959
10018,0.0018367983251527916
10019,0.07203536813599709
10020,0.03591757667019114
10021,0.05109342046702496
10022,0.9890852018616452
10023,0.9938645387845678
10024,0.5859663416834071
10025,0.023334738652087177
10026,0.01944803172826918
10027,0.04913981583962904
10028,0.8405960421705732
10029,0.06339796743878921
10030,0.003053027285181196
10031,0.05682887487909459
10032,0.662291886178909
10033,0.9069527557241901
10034,0.007911739747468075
10035,0.015381067814238153
10036,0.10026153294653212
10037,0.929942031704865
10038,0.006906439273935994
10039,0.3848556979686963
10040,0.14718254731442282
10041,0.012829223127848493
10042,0.9205092203162295
10043,0.021052216951891994
10044,0.2608634297681741
10045,0.013861140084830163
10046,0.008033087014596575
10047,0.8691251291534725
10048,0.1519852088646953
10049,0.8505306698778987
10050,0.005980370537378443
10051,0.5368110984367875
10052,0.987417912720151
10053,0.07151653105358198
10054,0.6575020655622131
10055,0.17605857724424762
10056,0.008186540075825999
10057,0.9742363154145803
10058,0.9656442101784595
10059,0.051336638789397725
10060,0.8353909270200206
10061,0.1044314660158358
10062,0.002825370348292564
10063,0.05488279227132886
10064,0.9865515734920325
10065,0.1230448915984491
10066,0.051308501711838136
10067,0.03712604165365853
10068,0.01625892896338262
10069,0.040381464737582494
10070,0.041708389551434855
10071,0.6163563612063252
10072,0.9610391941459477
10073,0.7513014087258296
10074,0.25639493065432334
10075,0.8912324526821259
10076,0.9617511015765101
10077,0.05244389653476042
10078,0.02696080587374236
10079,0.11354535729126894
10080,0.08355529488035486
10081,0.051577199841176966
10082,0.43447760632492327
10083,0.006529133538244367
10084,0.15272993353577025
10085,0.4170303438970192
10086,0.08315767476210541
10087,0.7903557392343623
10088,0.028782974663011114
10089,0.8277817652172408
10090,0.0022218595408662273
10091,0.08125325846994484
10092,0.004783291218124643
10093,0.032586741625710916
10094,0.45766650322190006
10095,0.040961344779645914
10096,0.02884783922383447
10097,0.9802541728445622
10098,0.1841810508056453
10099,0.2272485459923411
10100,0.009067861491005805
10101,0.007186411766335201
10102,0.06448658779281527
10103,0.015398558641628299
10104,0.9550434361653661
10105,0.004468275370353872
10106,0.1500216101719244
10107,0.002750903261873585
10108,0.3036947893698404
10109,0.07459241336437496
10110,0.16307429316311536
10111,0.02116335202418863
10112,0.012696689412684632
10113,0.05841952007798972
10114,0.15006691669260475
10115,0.004445476647526014
10116,0.7348629173478449
10117,0.045832619929468854
10118,0.162307194243931
10119,0.5132143962439502
10120,0.29129025184923274
10121,0.1441430465221793
10122,0.21562942587328926
10123,0.14280488412151143
10124,0.005704798776604203
10125,0.06870989083298053
10126,0.9838044618746056
10127,0.028470174428780453
10128,0.05350588282635178
10129,0.03631042956829549
10130,0.14938704443119283
10131,0.652727841149283
10132,0.5013668133768853
10133,0.08763239250201588
10134,0.9834241251979814
10135,0.03873692897605936
10136,0.01014006460143603
10137,0.008070407334263131
10138,0.501320868644266
10139,0.9011127378426198
10140,0.23766203016874587
10141,0.17503145358485944
10142,0.014944135092068284
10143,0.07120016908130972
10144,0.0035582349305364708
10145,0.011966423399162922
10146,0.08575503838186488
10147,0.3733814044697064
10148,0.6086197124562691
10149,0.8206513950031511
10150,0.09602814689402969
10151,0.022390451107894557
10152,0.009578680755376871
10153,0.9321083317215328
10154,0.05207369671427567
10155,0.022145991215807834
10156,0.5436773146641619
10157,0.24311760106543034
10158,0.5048982237967283
10159,0.1644664211637984
10160,0.9760641957961786
10161,0.01517460368702683
10162,0.9511457745474936
10163,0.9984878012933163
10164,0.005093828769957825
10165,0.013567642600248198
10166,0.002259573056896788
10167,0.5595527543080229
10168,0.31838626168324924
10169,0.9074213602782097
10170,0.006343298254258967
10171,0.2277704115875721
10172,0.3062703657632647
10173,0.1810275950560509
10174,0.004019076200973518
10175,0.326040217033245
10176,0.0032537335042661926
10177,0.9981956849079763
10178,0.027753082838969836
10179,0.0447829146115343
10180,0.11435248804063983
10181,0.0062482402658633075
10182,0.03165835122097735
10183,0.9699162213128878
10184,0.9981059104361202
10185,0.9428448046245516
10186,0.3192344137922345
10187,0.04007869685362403
10188,0.034027498056504055
10189,0.006870872884229579
10190,0.001573389784083357
10191,0.9840831774985027
10192,0.9637089311343736
10193,0.20469932712679284
10194,0.10204031762563115
10195,0.03222533681463412
10196,0.6073678545513763
10197,0.035485514377672514
10198,0.06327156663355743
10199,0.06801162193384991
10200,0.004816934491229255
10201,0.014289743791963763
10202,0.047040914888288154
10203,0.017458560789076694
10204,0.8957942195104558
10205,0.012680461451547932
10206,0.9972705214453528
10207,0.014793103656893389
10208,0.9798175314093829
10209,0.8849479091962928
10210,0.9851464005268701
10211,0.5759645740474847
10212,0.9193483701260365
10213,0.3926075209035391
10214,0.1444238519023316
10215,0.02334068874905848
10216,0.39083332105439317
10217,0.8422906188990373
10218,0.008573600512600674
10219,0.04927127031711027
10220,0.15237704049450887
10221,0.004532663293927634
10222,0.004058876949266406
10223,0.9669531373415833
10224,0.8904519254812042
10225,0.0743425076075292
10226,0.03132564328949271
10227,0.9986326471096088
10228,0.010894172270319701
10229,0.49183407248131494
10230,0.9977369080496776
10231,0.015046625795322652
10232,0.19758835002249958
10233,0.22436780907434814
10234,0.06820581830664794
10235,0.017030038699172502
10236,0.0280220377154516
10237,0.48446777887411485
10238,0.05138831831712704
10239,0.9166636198505735
10240,0.06983746306003236
10241,0.01741697197191345
10242,0.09475519187306794
10243,0.0856274134380415
10244,0.0069587901111248076
10245,0.9284022420888048
10246,0.03148259620300917
10247,0.45027905440002075
10248,0.6442548341576217
10249,0.754349020350918
10250,0.006229585685261503
10251,0.018911120552292597
10252,0.01926332389220549
10253,0.824263581845091
10254,0.17214933881884642
10255,0.11729186679433715
10256,0.9185133905179497
10257,0.7980680588546869
10258,0.00898350016543098
10259,0.025539029268308852
10260,0.9838237063375435
10261,0.010159210165700929
10262,0.0011425807320472187
10263,0.6805287552607687
10264,0.6884615054246027
10265,0.009510163684804902
10266,0.5791429112317907
10267,0.9013078864320359
10268,0.009494013657578178
10269,0.03888917088387635
10270,0.5729846146102766
10271,0.007487975032627117
10272,0.0766968091266611
10273,0.7754086135305887
10274,0.48610973041671585
10275,0.14300133490797026
10276,0.23165132133846167
10277,0.1479420174940361
10278,0.11811302370108134
10279,0.9861948851248186
10280,0.023336994234243374
10281,0.6598502922777852
10282,0.02235898109191023
10283,0.5612218005964641
10284,0.23762782680076588
10285,0.04341458001961242
10286,0.08040594527175196
10287,0.24795708908570058
10288,0.9421301062040943
10289,0.8749725386715319
10290,0.05806409556129695
10291,0.03496510289731714
10292,0.012332806332188846
10293,0.06540884601013355
10294,0.5322971410129914
10295,0.24371530372087438
10296,0.9778826922993373
10297,0.1658042727580059
10298,0.052743173219993916
10299,0.12736826794569997
10300,0.9387043615494866
10301,0.003656477672091293
10302,0.7907562318130206
10303,0.07676582873233109
10304,0.14834328155550197
10305,0.020901394840240277
10306,0.8957002745599105
10307,0.10011087963403675
10308,0.14194881016101096
10309,0.13083070163024843
10310,0.058071598003790706
10311,0.1400127841790832
10312,0.974692041164223
10313,0.03764464384085811
10314,0.0009802875684765653
10315,0.6893060142985556
10316,0.27726926866722484
10317,0.06357419261837924
10318,0.4276783477269972
10319,0.012793928592662294
10320,0.09897292917301359
10321,0.06335912392802096
10322,0.14263526667457319
10323,0.10317121150570666
10324,0.0021245483102556384
10325,0.22358169959559676
10326,0.4573994530850255
10327,0.010864291403085254
10328,0.8691901385007383
10329,0.14248088062801648
10330,0.017140226645566792
10331,0.048896751132669426
10332,0.05049501227410606
10333,0.4625337279920385
10334,0.9022711480207934
10335,0.9474583069523022
10336,0.3087265751258952
10337,0.34795240252333287
10338,0.446375903634785
10339,0.4482269378604338
10340,0.7349383288573396
10341,0.05781812505552175
10342,0.7717505476745071
10343,0.9484833916129716
10344,0.7654372257270782
10345,0.013443610650615919
10346,0.9657854110676727
10347,0.9565762586500914
10348,0.06778700210548272
10349,0.8377185662459437
10350,0.14926264078155838
10351,0.971817898581124
10352,0.025057504900461575
10353,0.9338080578042074
10354,0.5023413633382072
10355,0.17314416522408704
10356,0.11362092827569399
10357,0.06460212598810122
10358,0.9844881365927436
10359,0.011189800471588913
10360,0.9562508089261461
10361,0.9487545054128472
10362,0.00642053223500146
10363,0.013248927658006279
10364,0.2567663482564593
10365,0.011248443542580927
10366,0.055728979554529365
10367,0.01566280410297586
10368,0.9891665495788061
10369,0.0280670255860695
10370,0.003806007756130937
10371,0.34345281241314796
10372,0.028812388004295822
10373,0.4449313288253264
10374,0.9745122130235947
10375,0.0018683537203096467
10376,0.021668084032274874
10377,0.15914414115768685
10378,0.5398055416748317
10379,0.026237522927905592
10380,0.09872548511965948
10381,0.026155403775512696
10382,0.9783533325172389
10383,0.9988158801599553
10384,0.039786992595836373
10385,0.053665973485568785
10386,0.0656008694535705
10387,0.003875875333523395
10388,0.04394365608050338
10389,0.03884825912564027
10390,0.34227151984851295
10391,0.008968601366072543
10392,0.16748600158243593
10393,0.014504165582886388
10394,0.7823690283996907
10395,0.1270274434630636
10396,0.4868298789377761
10397,0.14621668656354242
10398,0.9405784566798878
10399,0.12227405615249133
10400,0.6974528872634299
10401,0.4570284794160842
10402,0.5722845103567875
10403,0.06472139801096771
10404,0.013472896357959886
10405,0.6668685572382658
10406,0.5363363724865013
10407,0.010850698089658335
10408,0.9803143966117138
10409,0.0755540597814776
10410,0.3687959278255165
10411,0.06884124252880566
10412,0.12498341542534687
10413,0.027894971442050536
10414,0.9871565895760727
10415,0.10760467452162237
10416,0.5740043961705308
10417,0.04486551952272533
10418,0.9858174531860093
10419,0.11984002943405553
10420,0.7574534993105658
10421,0.9367315659491903
10422,0.6050104575182663
10423,0.06731318667819476
10424,0.732335370626499
10425,0.21414560116063797
10426,0.01348821350566777
10427,0.04797834633626419
10428,0.021816200686679048
10429,0.039477945874562714
10430,0.13607340699345283
10431,0.5774189863232951
10432,0.9750896385088732
10433,0.12077801464773696
10434,0.009349308356157873
10435,0.04600603885609819
10436,0.07552401848854803
10437,0.00618580471122686
10438,0.008342931522436592
10439,0.001679498443406269
10440,0.0017697725794783873
10441,0.8627509762220424
10442,0.9408390708463841
10443,0.527731777576266
10444,0.20067065957041375
10445,0.025026917049382397
10446,0.005157999892811642
10447,0.6445291593100659
10448,0.009545190450929445
10449,0.9901517999066459
10450,0.9898234926764495
10451,0.2152752553688697
10452,0.9884392350450845
10453,0.7562876040056608
10454,0.31037886332612413
10455,0.01613430313486709
10456,0.010318634716108825
10457,0.006155642118635121
10458,0.947326755802136
10459,0.06767379634528445
10460,0.03318943198683154
10461,0.3736216990593752
10462,0.19899397175064876
10463,0.06567569528043997
10464,0.9635507667999443
10465,0.037512663632682616
10466,0.10941332812391086
10467,0.025106522667301415
10468,0.6430438778781722
10469,0.8212484945399903
10470,0.820387881521027
10471,0.013870971122637618
10472,0.6798726257073261
10473,0.10936617759276304
10474,0.2344238858211928
10475,0.028302208964134885
10476,0.0725619393867143
10477,0.9941506898658942
10478,0.8830636612020104
10479,0.04806297799967511
10480,0.977713570305464
10481,0.9660542102044753
10482,0.2537893216052741
10483,0.08577486685133581
10484,0.9711564635181695
10485,0.03360362910906959
10486,0.12346259772273355
10487,0.08047913491351022
10488,0.044386022773171205
10489,0.3052574554291646
10490,0.6457103966595021
10491,0.03840131576860595
10492,0.0021520386598802765
10493,0.9925931936818071
10494,0.14689740664992665
10495,0.981124230193755
10496,0.14260579733726453
10497,0.055669790264762646
10498,0.24070189387552815
10499,0.031701469695991656
10500,0.991521165062531
10501,0.4460822454138445
10502,0.6177794719043117
10503,0.9810828708912913
10504,0.16616094779969676
10505,0.027576100168146038
10506,0.39136926118787235
10507,0.12232121108961659
10508,0.038670768412653385
10509,0.05107703903999006
10510,0.8267582904663553
10511,0.2577164202517628
10512,0.03453617246282015
10513,0.08364815249827792
10514,0.8273558339046349
10515,0.005729770843375018
10516,0.7790722783535627
10517,0.03212420497057647
10518,0.28587221691828396
10519,0.8293139768458782
10520,0.9930636067049798
10521,0.28390113371899434
10522,0.00775977747229539
10523,0.017186932927967583
10524,0.9533843197194782
10525,0.579817472585297
10526,0.3040310092855877
10527,0.4831978083885816
10528,0.8993072281787309
10529,0.9641750164886623
10530,0.0660547898027178
10531,0.037380883391756825
10532,0.049001166737154045
10533,0.08874021563430112
10534,0.0775458418128635
10535,0.34405196730742793
10536,0.9781918664237919
10537,0.06928262775987751
10538,0.02302141365923322
10539,0.08516588185099222
10540,0.7278121854153865
10541,0.9452351227203729
10542,0.10712903329706658
10543,0.924584216759407
10544,0.7899231192078329
10545,0.9478886013047896
10546,0.998756088335557
10547,0.7489485432678782
10548,0.01924839865642475
10549,0.9780375865174269
10550,0.15723094296303397
10551,0.0054781575449862115
10552,0.012252473798244474
10553,0.037949107887991676
10554,0.9088466268605461
10555,0.1016780777709764
10556,0.2191088256654904
10557,0.06936462357444775
10558,0.8639174103504864
10559,0.8937585863428319
10560,0.0465101730230461
10561,0.0019937193561873324
10562,0.160035606678614
10563,0.9157075669387366
10564,0.6940670165028446
10565,0.006161511277643427
10566,0.4322527282586494
10567,0.022020923074290776
10568,0.06397272120834978
10569,0.1282480696003076
10570,0.3880587879183528
10571,0.08025417783228027
10572,0.13989728359942857
10573,0.3015110685476255
10574,0.9797446331941999
10575,0.004584080136926199
10576,0.006750745074855629
10577,0.9634263341007745
10578,0.8886323190440324
10579,0.06385084932063312
10580,0.0034151199291031263
10581,0.012050781981710364
10582,0.9474135756474327
10583,0.9792953713317426
10584,0.024734912300653465
10585,0.9569170319155518
10586,0.2502061308604116
10587,0.9582959827911235
10588,0.016275549902451024
10589,0.18111387304761797
10590,0.35087666409856005
10591,0.0070610736404012504
10592,0.874625656625406
10593,0.03310635002781557
10594,0.02656006307561174
10595,0.0035902317914195854
10596,0.11005858214945338
10597,0.965312634394595
10598,0.14002458961078654
10599,0.11128941848169385
10600,0.18601679816237693
10601,0.8554935434481685
10602,0.08708054789228874
10603,0.9544974746312858
10604,0.0011859213700847748
10605,0.762186966772452
10606,0.9924034119809342
10607,0.010597003076378158
10608,0.03708371813532878
10609,0.11849837608962116
10610,0.07491598884400244
10611,0.9561703049913282
10612,0.010236155706799348
10613,0.052468593055315454
10614,0.019564133834099384
10615,0.04473625543410132
10616,0.1571966044224689
10617,0.44680087158699056
10618,0.943883940156256
10619,0.008837644927033497
10620,0.9398695320745271
10621,0.1971385852736116
10622,0.5001542153444213
10623,0.1059349354265019
10624,0.0796033937938253
10625,0.19193776646697447
10626,0.10835619415815333
10627,0.08787980833311337
10628,0.3738525060573986
10629,0.004566038532635484
10630,0.9839577574653053
10631,0.001392772525786601
10632,0.045000774292881254
10633,0.01830559430138592
10634,0.5273877774398593
10635,0.9060456883514509
10636,0.6471524226984716
10637,0.9983574053327036
10638,0.08216082732550609
10639,0.25442377905556524
10640,0.17550340922346783
10641,0.23462495844448356
10642,0.3440599871613778
10643,0.004907525716364488
10644,0.025567665627443947
10645,0.9980612214508491
10646,0.005285075370640463
10647,0.005930551657159664
10648,0.004238908727711803
10649,0.9158649938682198
10650,0.2509161404443612
10651,0.1224534654044581
10652,0.9972837227747346
10653,0.25514244971469224
10654,0.8841032289396417
10655,0.17326229652133646
10656,0.9866092292235555
10657,0.15344777111052438
10658,0.3240112865818019
10659,0.017457512769694462
10660,0.0021019437765347924
10661,0.969657725047584
10662,0.02009636395820938
10663,0.1948811544570075
10664,0.06326112995408796
10665,0.011761543796877914
10666,0.38571428961837134
10667,0.33304306835740793
10668,0.6472956880652976
10669,0.009680798655175423
10670,0.024154692386223635
10671,0.003604590193412866
10672,0.0016772675296192236
10673,0.24029892703738698
10674,0.4640496828089165
10675,0.6889267261594395
10676,0.02611585785508061
10677,0.9859355482570249
10678,0.06259632416903549
10679,0.05865363286483813
10680,0.003274994339796121
10681,0.4818545772276229
10682,0.034150315689232026
10683,0.507485884598117
10684,0.022204663337994875
10685,0.9742517521691791
10686,0.9915648504925814
10687,0.029103457656124456
10688,0.01561886827140641
10689,0.9104264481308373
10690,0.004768536279283909
10691,0.3504857669205838
10692,0.9545502659695655
10693,0.8494011121652252
10694,0.01671398557037969
10695,0.6326460090929849
10696,0.056618884984251425
10697,0.009848289216776194
10698,0.8525261170410621
10699,0.9985640875616684
10700,0.9027288343684524
10701,0.12299083328694786
10702,0.009710151673591707
10703,0.9674935285515108
10704,0.4451876627079723
10705,0.9793102468995444
10706,0.7314925126190928
10707,0.9701736799383338
10708,0.0030726073122006575
10709,0.20335813450192386
10710,0.002921325322547537
10711,0.00189366530710102
10712,0.11093823634155445
10713,0.14225833444990477
10714,0.0036949323523869527
10715,0.2970331813523985
10716,0.814278235786696
10717,0.07244630214497268
10718,0.0018742379552869086
10719,0.13057066569719847
10720,0.772478014171229
10721,0.9850842945093811
10722,0.9699356828470069
10723,0.9414828574937959
10724,0.003788417638610428
10725,0.11987701186158219
10726,0.9255382432202613
10727,0.9918963900594553
10728,0.02697297660672871
10729,0.06748820241097525
10730,0.009406453952831408
10731,0.9976738455596721
10732,0.09380866869677765
10733,0.06160526754712911
10734,0.15945406249142474
10735,0.9758667774998574
10736,0.010279279882989652
10737,0.39227020022708203
10738,0.002866214794055364
10739,0.8800773005123734
10740,0.2562608415076936
10741,0.21062668029494425
10742,0.842845360385647
10743,0.006194984065514593
10744,0.8161184021768002
10745,0.15282509646434955
10746,0.7651787837653924
10747,0.008126242019577179
10748,0.9807773344556842
10749,0.9979437662745663
10750,0.810160455548121
10751,0.014204001332495404
10752,0.043606893251567413
10753,0.16638885721484692
10754,0.1160669617237292
10755,0.01497685396194633
10756,0.1596738684249941
10757,0.66670703015687
10758,0.49177085684136496
10759,0.0661395980586596
10760,0.37380396695032336
10761,0.009709323086953416
10762,0.07382467171795332
10763,0.45927924899276085
10764,0.9524343331437932
10765,0.9286980159730971
10766,0.06553807289588734
10767,0.08006997215117319
10768,0.005776150872926811
10769,0.170112233412372
10770,0.990858286909934
10771,0.046614389494845074
10772,0.023975763740030326
10773,0.002496411898299863
10774,0.010095891822913169
10775,0.4313703541521181
10776,0.5067892285871473
10777,0.02745591083437695
10778,0.07280829937880606
10779,0.9104690906598292
10780,0.004366209904431103
10781,0.09022817345422535
10782,0.003044141999247983
10783,0.8096747195787479
10784,0.08072384963080957
10785,0.2674134093340713
10786,0.9565253162130458
10787,0.08313389680456995
10788,0.02026912841305797
10789,0.9971409782595108
10790,0.3845965560620973
10791,0.04384857149835068
10792,0.007239937474997682
10793,0.7932655110910318
10794,0.23713746825287352
10795,0.6822686911125658
10796,0.07414936810943214
10797,0.06564429274472723
10798,0.7212987078821262
10799,0.22188356577107649
10800,0.23668713696907157
10801,0.03829316827238655
10802,0.010167155432524376
10803,0.08366915266306332
10804,0.9942243395355255
10805,0.8373589573191567
10806,0.03807778573851954
10807,0.06270446460838933
10808,0.0318545316149198
10809,0.15794107271224367
10810,0.9495107746778104
10811,0.02662356353653933
10812,0.026674675509396013
10813,0.01739966693737402
10814,0.05022287928322891
10815,0.3437099602754135
10816,0.08763675832207682
10817,0.9727472613982537
10818,0.05449289431276924
10819,0.08183400923165361
10820,0.004701508184618277
10821,0.06462560895615721
10822,0.03843914125390625
10823,0.051625880372941454
10824,0.009184129110301345
10825,0.04410066718494378
10826,0.06743203987084306
10827,0.0017352045355110773
10828,0.4783515057493577
10829,0.07436273097859955
10830,0.034883031779690356
10831,0.45952422423542
10832,0.286067801664211
10833,0.03309867047050841
10834,0.08765411425437056
10835,0.3017422256793857
10836,0.014079346738147046
10837,0.570782911407327
10838,0.3736872515034572
10839,0.2175001694957158
10840,0.01104037484546418
10841,0.17645814776896662
10842,0.8735699564231142
10843,0.9627841421840397
10844,0.3290237958851302
10845,0.044975059638187216
10846,0.10193203102005757
10847,0.03043021726473081
10848,0.30855160024789174
10849,0.06710033324849439
10850,0.12178160544803504
10851,0.23753475736164076
10852,0.910134147731318
10853,0.041161967976054425
10854,0.0010253258712558343
10855,0.014779784444766884
10856,0.1514568838906514
10857,0.037707198980166126
10858,0.20059855740375132
10859,0.968623789779056
10860,0.2736805869944215
10861,0.06957429646085606
10862,0.08376106197164579
10863,0.0791551513279472
10864,0.9137643902319537
10865,0.23314767602557665
10866,0.07764351417040626
10867,0.06531397953610182
10868,0.022820689385609952
10869,0.9834300589815235
10870,0.29974970904420345
10871,0.01487244931073211
10872,0.05069921699173227
10873,0.057840312504060826
10874,0.9834697694436395
10875,0.1727199234482677
10876,0.07874596463805111
10877,0.03729663914251809
10878,0.003335991227309404
10879,0.9383705644994318
10880,0.02958977100674847
10881,0.9618894207638897
10882,0.8605193422132499
10883,0.759342228967639
10884,0.979650904829979
10885,0.006463565141038387
10886,0.8018760175128294
10887,0.03688993648477525
10888,0.9716630359815026
10889,0.0998889629877916
10890,0.9169629016805028
10891,0.01121944618021626
10892,0.0037486897909021033
10893,0.973409357323614
10894,0.9865752740198335
10895,0.9693672635936906
10896,0.13593072874115314
10897,0.01985172999883073
10898,0.014560581955852057
10899,0.006301731780003633
10900,0.017303031860434206
10901,0.45628779137485975
10902,0.03845157829858594
10903,0.15459893629139457
10904,0.010944442984563816
10905,0.4815841073933023
10906,0.14629561114664333
10907,0.06866968252908885
10908,0.6816617595664745
10909,0.008313890194789487
10910,0.9600168834084357
10911,0.9814959988728429
10912,0.009683764437011622
10913,0.90889324969258
10914,0.9984457172505684
10915,0.894705827270907
10916,0.9915345418683843
10917,0.1797019336332075
10918,0.4350077654151145
10919,0.14305602882132115
10920,0.984620413555974
10921,0.9899532986711771
10922,0.921139002844293
10923,0.8415874713061824
10924,0.588865259739286
10925,0.14943036892215028
10926,0.5773127522721815
10927,0.02521305307032647
10928,0.488683566288862
10929,0.9854103745536074
10930,0.4714459998209276
10931,0.0914568231983957
10932,0.011875250080158814
10933,0.13540962183459637
10934,0.182540225266451
10935,0.9579177175246685
10936,0.32296283799766234
10937,0.16446945761098516
10938,0.967592381763009
10939,0.24697705058003605
10940,0.9324093517219048
10941,0.9952726778972283
10942,0.634244029471561
10943,0.015999132602439885
10944,0.017347302047802892
10945,0.21899468769591252
10946,0.012273233966008986
10947,0.03866087475159165
10948,0.0032711082859361064
10949,0.013761067636081347
10950,0.009309377087394325
10951,0.9277404772581408
10952,0.04200256207388221
10953,0.02504800804813217
10954,0.06942374407646637
10955,0.170346122549497
10956,0.6516997734303479
10957,0.002593238772014253
10958,0.030188802814162773
10959,0.0031188610231267493
10960,0.9622666935498281
10961,0.4294201590324245
10962,0.7252980253304596
10963,0.25290067167547275
10964,0.0018411690151787004
10965,0.6268103712661903
10966,0.9401791976202218
10967,0.9386206515803146
10968,0.16942548194076731
10969,0.15596606708810795
10970,0.03128665877269266
10971,0.1463965362435491
10972,0.4924933565522326
10973,0.6906640206822665
10974,0.26174032497461236
10975,0.5626977009737475
10976,0.12242607407818717
10977,0.9655504316867056
10978,0.16121230963686345
10979,0.004457997182039542
10980,0.9301173027794909
10981,0.4358570506879731
10982,0.9914784302828521
10983,0.05844709138090994
10984,0.03872167735470857
10985,0.9482345438600013
10986,0.0403734074377172
10987,0.021960559143822098
10988,0.10505546990336632
10989,0.04902086524920046
10990,0.05541476401936653
10991,0.05372989663835327
10992,0.014544917044621552
10993,0.05261118440235546
10994,0.0025948327664458
10995,0.18698356388568366
10996,0.41458189804549705
10997,0.038053372776339744
10998,0.03191932366091526
10999,0.06500855538839798
11000,0.02715203670218621
11001,0.010153760882581261
11002,0.4597013173871002
11003,0.38823050012886373
11004,0.9848171494756586
11005,0.003605292256648728
11006,0.003753304880564147
11007,0.13311304160206325
11008,0.13590918565571558
11009,0.023784352520377933
11010,0.044953458203736404
11011,0.003488953643780118
11012,0.14217121958807616
11013,0.5089829427428846
11014,0.04565640936668644
11015,0.07516215197853701
11016,0.008344499665042058
11017,0.9453825392627095
11018,0.006509858256537524
11019,0.10691861950413366
11020,0.9087555055509368
11021,0.01589350586111198
11022,0.1893884603608625
11023,0.00226827596254824
11024,0.7620980903463916
11025,0.08674719881762288
11026,0.7454147467326757
11027,0.24212039295236068
11028,0.8440275090581177
11029,0.025661814065350112
11030,0.023048627433197723
11031,0.012101359082334355
11032,0.9378106787878544
11033,0.04457388849435584
11034,0.015250490168516713
11035,0.9318223360536069
11036,0.09664046765661405
11037,0.9898526858561159
11038,0.28190717767749335
11039,0.9924559084244271
11040,0.0067001149778353015
11041,0.06326490444466921
11042,0.9756743014489234
11043,0.04910338320852666
11044,0.18006771943475147
11045,0.8946181882050839
11046,0.012256710888544967
11047,0.5294470780898217
11048,0.03322780969052003
11049,0.005129766134320732
11050,0.771438402524691
11051,0.33965928618410823
11052,0.39436913629233183
11053,0.5386646673910402
11054,0.989436081422939
11055,0.899341913007051
11056,0.0850792564252966
11057,0.05991033323985287
11058,0.08449335003447772
11059,0.05268166773321486
11060,0.3250912940578451
11061,0.6290963977542515
11062,0.9698727080711633
11063,0.0029929673141668514
11064,0.8945061671060495
11065,0.9735817215416402
11066,0.06058087484208784
11067,0.08238669580059774
11068,0.9563804210250744
11069,0.9412504990374302
11070,0.05759308105171772
11071,0.020862746911090267
11072,0.9555254954880386
11073,0.054093766905212046
11074,0.9973514744705122
11075,0.03811804239613076
11076,0.09668727826045856
11077,0.030310701224311565
11078,0.6321369274380735
11079,0.017432228131236085
11080,0.0017228586969180062
11081,0.022819458895183175
11082,0.9295126537143228
11083,0.10350096225138662
11084,0.014442779956564771
11085,0.09736142872689424
11086,0.24873006069997552
11087,0.004230954637042774
11088,0.004997326400214648
11089,0.9875276991703301
11090,0.9842484041413001
11091,0.010737972082522158
11092,0.9603782479519513
11093,0.7246690713944571
11094,0.10083090268505622
11095,0.9559109135521715
11096,0.5133010093769153
11097,0.05559221949255797
11098,0.10756723628544704
11099,0.9444198248627877
11100,0.09925748483745211
11101,0.22652400371709236
11102,0.03206522519156125
11103,0.9583068747722914
11104,0.07249536438632144
11105,0.0955654179026378
11106,0.9742161504935772
11107,0.9841476952020138
11108,0.29531371782544696
11109,0.9734969416358898
11110,0.06944088186463226
11111,0.967400873129187
11112,0.04085708192444712
11113,0.0022184096435819986
11114,0.07567576028989886
11115,0.27576253845080406
11116,0.20556144862672346
11117,0.9706565443524772
11118,0.08893262579514546
11119,0.9695676449785726
11120,0.006276508502591284
11121,0.046986687246271405
11122,0.007690857228392278
11123,0.9984927331324062
11124,0.8186731987234435
11125,0.9821969515570271
11126,0.06113443123283435
11127,0.08530510334867161
11128,0.9670978169368689
11129,0.017439206527627486
11130,0.08146601098203801
11131,0.9612037683018032
11132,0.0777559618059773
11133,0.49639185901107796
11134,0.06343979917852954
11135,0.9834629257502379
11136,0.15716025082198387
11137,0.012261470315704175
11138,0.952805011558862
11139,0.028805447843596864
11140,0.9579540578596419
11141,0.024646151048138235
11142,0.10817786324717571
11143,0.9482914724571436
11144,0.012933718779377344
11145,0.20412181696734175
11146,0.9742604938107347
11147,0.008951656703337984
11148,0.9808180834543021
11149,0.08027794175679379
11150,0.8511896304701578
11151,0.12339979479581722
11152,0.012902892576940854
11153,0.8532423452921081
11154,0.027221214712052223
11155,0.26646397124917315
11156,0.0371389766322249
11157,0.3399430306397291
11158,0.9833351288685325
11159,0.012127717602699822
11160,0.9486288447799087
11161,0.9768164442316325
11162,0.27220266866454257
11163,0.8429132782496926
11164,0.02165172887156933
11165,0.2592311540340872
11166,0.1188800961158964
11167,0.029433528716378245
11168,0.9862563351376386
11169,0.3988620289531204
11170,0.021511668228737124
11171,0.9019917684631307
11172,0.052921070888785504
11173,0.005072744021541686
11174,0.07415858327825979
11175,0.24975175397026916
11176,0.02619988046493532
11177,0.9701125864319977
11178,0.005218919706950669
11179,0.012936517162251634
11180,0.8266368112721252
11181,0.1639013091386083
11182,0.9834519291315407
11183,0.584099465948847
11184,0.001585464715543623
11185,0.9168374295660694
11186,0.05192221775017212
11187,0.9915082255646225
11188,0.10740528524392046
11189,0.18483001041570804
11190,0.05709438496626234
11191,0.997370779870465
11192,0.19503508376791062
11193,0.039416639735795886
11194,0.07519629886928338
11195,0.14432059618022505
11196,0.009257018186765817
11197,0.03202915268382134
11198,0.7965232851549982
11199,0.9108983322403608
11200,0.25140052052260004
11201,0.00626067964787568
11202,0.0012813236309116283
11203,0.10092567287470489
11204,0.0037136933522092875
11205,0.03090809254860271
11206,0.009204830370595395
11207,0.17529267228822892
11208,0.018363299112565325
11209,0.9701055370174949
11210,0.046614155985010404
11211,0.08221263821413707
11212,0.06303478821369053
11213,0.005908948411871938
11214,0.7444504627801931
11215,0.06613670060965683
11216,0.13787253058295987
11217,0.19999654235516354
11218,0.11415172393213537
11219,0.9963881331654089
11220,0.08165081370743954
11221,0.2650893592116686
11222,0.14259808274458607
11223,0.0014330042874571088
11224,0.042069659960767156
11225,0.9962382356687838
11226,0.009819204758499536
11227,0.1380776986922688
11228,0.4619766449895323
11229,0.09486912757133227
11230,0.0024616212603256666
11231,0.9887170807346676
