index,target
0,0.017695401692662052
1,0.8747367846283428
2,0.03968364676989685
3,0.03602096361137085
4,0.9897189772983791
5,0.0053951622909986004
6,0.9524298834848327
7,0.1659047138019302
8,0.02690829511973145
9,0.9447598576180098
10,0.00799457154330245
11,0.00429835281617965
12,0.06761100397949416
13,0.6009498616064648
14,0.466056048458282
15,0.37198251287982204
16,0.18189829939960916
17,0.8646530498487512
18,0.7747293862211195
19,0.977863850333615
20,0.11390322412508995
21,0.7490553704233884
22,0.9811571407279343
23,0.116198203658258
24,0.9669509330456356
25,0.0336918145898228
26,0.020066904695749302
27,0.011710627954296199
28,0.0122143953607514
29,0.0024020038101465998
30,0.03043097972996055
31,0.00489414312254435
32,0.0061622189540898
33,0.5126425908064605
34,0.1030000236835214
35,0.18870827275230023
36,0.8831760477694761
37,0.009365166723754051
38,0.0570981614546354
39,0.1267503011382673
40,0.090564198016622
41,0.9578708796515374
42,0.00387077310061365
43,0.33168916224222633
44,0.7992209038860945
45,0.01728735594342025
46,0.7809575290702369
47,0.1408577295503199
48,0.4574492338335361
49,0.06764942556537851
50,0.08961988025367884
51,0.00602382858291815
52,0.2832692635654216
53,0.012014368873328799
54,0.1143651049563654
55,0.026423027916827248
56,0.035412766144841346
57,0.9611401038693926
58,0.03402622391549995
59,0.786280537547983
60,0.16763222916342668
61,0.016876512413813702
62,0.8473934168009489
63,0.72992298230081
64,0.22936553577461694
65,0.0043719461233314005
66,0.05800020644228155
67,0.9676741680982988
68,0.9856721260036518
69,0.3216921040237666
70,0.07220769767920045
71,0.4004796124989056
72,0.05453343519050985
73,0.09719911380391816
74,0.13254572182472674
75,0.011146251650570649
76,0.0017383763771627002
77,0.00523782394156075
78,0.02759716159324865
79,0.7820880794039908
80,0.21969819521937856
81,0.27657678216373194
82,0.11186794668448566
83,0.1151387444457008
84,0.17093010090521338
85,0.5891118023134359
86,0.516826131787995
87,0.01497373322597465
88,0.1368912927139519
89,0.00208018591313055
90,0.744920329223743
91,0.04680233608875135
92,0.042284190431405896
93,0.09213166652220114
94,0.12137919596677715
95,0.8066300877749731
96,0.45813165150130575
97,0.07291624245256975
98,0.9790167139492401
99,0.3539161395743018
100,0.009571487524908051
101,0.08213220988989965
102,0.049300409238531004
103,0.12815065676496695
104,0.4454756952867759
105,0.0540303782597651
106,0.9068299586076027
107,0.7632818408973205
108,0.26449815205480587
109,0.13142388703203067
110,0.9247648122099643
111,0.0209637683148719
112,0.10602833177269905
113,0.01130469736090765
114,0.0215731326015249
115,0.24665515764466164
116,0.9732767233716679
117,0.27142026597777646
118,0.31263298361245284
119,0.9901917856882303
120,0.957884188211144
121,0.0026435637933075497
122,0.2823215519916993
123,0.09008464101503486
124,0.19591879076929508
125,0.09641685782019899
126,0.0403595362169461
127,0.15399196005107496
128,0.1081776004100733
129,0.07330504338859074
130,0.005282797076420501
131,0.033063960749699
132,0.9896027816576543
133,0.06454335280700695
134,0.9788585428904399
135,0.924547723910888
136,0.9873882171208626
137,0.9354178483130383
138,0.7093257789118917
139,0.10488099139487181
140,0.014257165034576899
141,0.4417115274003738
142,0.01747256548137975
143,0.0745859158253003
144,0.0036910888423893496
145,0.9818509736315126
146,0.7872665873945935
147,0.9575676829534427
148,0.9525018756241455
149,0.05460576891420185
150,0.6139610969312425
151,0.07509450429308459
152,0.0725135889792852
153,0.01681551952144385
154,0.05174508474288095
155,0.0272965413689548
156,0.4760084099793658
157,0.6154402825098586
158,0.0477188487193969
159,0.0546980199077543
160,0.00589550885784495
161,0.5507482709112228
162,0.043311906216447704
163,0.702503100914305
164,0.05803658634853695
165,0.041116578506871754
166,0.13440851626585745
167,0.010057459022185002
168,0.9831576766085148
169,0.0071088567092832
170,0.041171993239650054
171,0.03938442807009625
172,0.15235632599081567
173,0.9058019237182001
174,0.0105751592043431
175,0.0093536050089527
176,0.9612036489693405
177,0.9707905638701376
178,0.0035023368959257502
179,0.94181166086337
180,0.1018141754768602
181,0.0450897212775626
182,0.7924118620920249
183,0.14531421314514997
184,0.9413180413546478
185,0.07012628711760871
186,0.6260890035073561
187,0.0051466995923336
188,0.1385261387333107
189,0.0170626974726911
190,0.00780930786033275
191,0.9150793101773773
192,0.0556635394368123
193,0.05012157091063565
194,0.1564727804321687
195,0.9853291430098943
196,0.04460578647812065
197,0.9837973073901938
198,0.1412912444521825
199,0.3600041021146184
200,0.17991191707884285
201,0.03157858981226335
202,0.962689811090448
203,0.00586172291608865
204,0.03666409764427035
205,0.01525979529052885
206,0.11359883885522709
207,0.8214488598526679
208,0.06251998221213635
209,0.9982437148196093
210,0.1016405187337418
211,0.0033443174250355
212,0.6006862328376397
213,0.0140535697649552
214,0.019964742067036002
215,0.24865934048103938
216,0.0439535471533692
217,0.5052177023707205
218,0.9584024096512418
219,0.6328657351090692
220,0.1385230580255905
221,0.0375120642023504
222,0.025662292096818903
223,0.024937816606699997
224,0.29013681421450166
225,0.9888872738831204
226,0.9118302001206993
227,0.0546993374544394
228,0.882631529365203
229,0.0022872381017867
230,0.0375503260270699
231,0.9907910113813925
232,0.2004535371645099
233,0.01989257715031165
234,0.29848384358089763
235,0.0528240696605219
236,0.2905217445575168
237,0.5917873775571592
238,0.0580296349460281
239,0.9841717079212338
240,0.04210527585268875
241,0.0110087328105886
242,0.2202323515409007
243,0.3094315285118558
244,0.9220430955680536
245,0.16284942886149384
246,0.1823902012298888
247,0.00630165798181695
248,0.7231756900569584
249,0.9979453284934963
250,0.11109695462795466
251,0.034629772535748754
252,0.048347593579064346
253,0.13564649227919834
254,0.10589654783812805
255,0.1798673020725693
256,0.4008099315240037
257,0.8306547319332616
258,0.0122265391494174
259,0.0354194361701261
260,0.1810257191562819
261,0.07932277535986726
262,0.9961094424243442
263,0.9411320248713702
264,0.00633654449894655
265,0.11248389774305255
266,0.786637691827887
267,0.10739373126619045
268,0.00662748615491085
269,0.002954555879124
270,0.36695621898146447
271,0.40471990870724883
272,0.052557419602488595
273,0.01541952708625645
274,0.9985015504277692
275,0.9953326527908628
276,0.10754432622887215
277,0.0251134975645911
278,0.01327885095895455
279,0.05379998442276265
280,0.9546863230474035
281,0.9452211174562553
282,0.9506016273134528
283,0.01028766409406785
284,0.13990907255058585
285,0.10641988786704365
286,0.01906187947510425
287,0.0193620955952999
288,0.9846566222998491
289,0.29428413787136115
290,0.3985984527079351
291,0.9844935208586657
292,0.8411237504813782
293,0.9900702519181395
294,0.004620387091891951
295,0.1024256796880037
296,0.17616642661510173
297,0.07727368203397506
298,0.004958654066996899
299,0.9875221788389098
300,0.1345842878164498
301,0.9306180710918648
302,0.8098561166128178
303,0.05131959570167745
304,0.5580266777558947
305,0.7944145472009965
306,0.07012942665781945
307,0.03764282879282555
308,0.4834027478077284
309,0.37629385536103066
310,0.9800332140792789
311,0.03590831755873265
312,0.44682921519346197
313,0.011529622260459501
314,0.5018093199933276
315,0.030890800983875803
316,0.961188265627265
317,0.02513824751673205
318,0.0033234556425877
319,0.6878805922180962
320,0.28530380750230366
321,0.044059222019059846
322,0.0027834045080234997
323,0.03016945618726645
324,0.1471647349551494
325,0.8622848024673921
326,0.049722132980237504
327,0.888281821359274
328,0.0155702478725884
329,0.0109476877287555
330,0.8312334171392985
331,0.0133615812819435
332,0.23188096059199595
333,0.04396815351378975
334,0.1401101019177449
335,0.3083217750049325
336,0.0547288040895486
337,0.9791913404451329
338,0.018133702550699952
339,0.05631215754371695
340,0.004163548976421551
341,0.9865048266270449
342,0.8486196292584965
343,0.1998795996855185
344,0.06908089983683441
345,0.9663855533787631
346,0.5115542177391863
347,0.07597844276447005
348,0.00263474295871325
349,0.32967479744328543
350,0.9975195441910012
351,0.040698722090121695
352,0.0375220664954239
353,0.0941576305724344
354,0.1733789209563975
355,0.1829956599638622
356,0.9652194828683637
357,0.024329931213478748
358,0.9749237184295898
359,0.23175316211443192
360,0.11200402129362075
361,0.5922544012109268
362,0.00853653809384225
363,0.0550020417334741
364,0.0048960661714341
365,0.661584630686577
366,0.0250075677501415
367,0.3845620167097781
368,0.3948826144356301
369,0.9652206108715584
370,0.6455795820186793
371,0.8942108420747327
372,0.029023152919942098
373,0.17287278358891645
374,0.02957057502583805
375,0.8255774702759611
376,0.1120602984433611
377,0.02821354642130445
378,0.031832515548596105
379,0.00512336834134435
380,0.0716918892924353
381,0.1396024152358603
382,0.9730803115752416
383,0.138558956839258
384,0.1277847378680684
385,0.17476688851720146
386,0.04037139894811555
387,0.5149563711111014
388,0.09678400193971365
389,0.032307986672407196
390,0.7459270341330726
391,0.0147214810159667
392,0.01510452167297555
393,0.7499655404747636
394,0.9827411984981009
395,0.7991070978447069
396,0.9627157366527398
397,0.37775120686894714
398,0.13324543714589476
399,0.00357422819806685
400,0.049219065184857
401,0.0036486952085902
402,0.00801579818030285
403,0.11271439923488075
404,0.010346631123767401
405,0.03700960241858525
406,0.9855206783678436
407,0.4482664980369261
408,0.03003330052157065
409,0.15251916378120034
410,0.0937891904622628
411,0.8482857090536153
412,0.16136185453528212
413,0.4884727122669541
414,0.0909353289069472
415,0.0529828688584872
416,0.9525774526891135
417,0.1831392795734775
418,0.080273654151239
419,0.9884533613379118
420,0.1041615647867183
421,0.0029284519930042998
422,0.010999214240861
423,0.7080183702747158
424,0.9338017597243295
425,0.013146834549812199
426,0.0651534351482646
427,0.005926745122371849
428,0.8784433958169144
429,0.94747832844549
430,0.9952241623529733
431,0.118989298445321
432,0.3531836616635091
433,0.0735648988318679
434,0.7171698209976408
435,0.024994796045303948
436,0.9770691695136
437,0.055127515366091895
438,0.060452994822133746
439,0.9817843970111628
440,0.8005606194911069
441,0.08467303001684481
442,0.031685176945653246
443,0.007394672896795049
444,0.19745692920713315
445,0.02533867894847215
446,0.9922564037838504
447,0.20845025984022691
448,0.0129099948671869
449,0.2986918306649503
450,0.11873988103941155
451,0.40049960344741226
452,0.9262522492730347
453,0.281524029424813
454,0.1064481410089736
455,0.9235511844031958
456,0.8615814714981858
457,0.04427895987858625
458,0.32501708031270293
459,0.5213603429380673
460,0.1137264379586829
461,0.4418600795927542
462,0.31272448436166655
463,0.9406705833366789
464,0.07550083585634886
465,0.9762437891526946
466,0.938504378180997
467,0.0168718381041403
468,0.8571445272574869
469,0.9610317892067495
470,0.13976346265516745
471,0.3016613541412925
472,0.9645062207030755
473,0.02613419077034435
474,0.03067581429179535
475,0.0081350813782297
476,0.0200824353499206
477,0.06903755572405196
478,0.10087812192665424
479,0.6490867134779879
480,0.01521402080736975
481,0.9897477644423549
482,0.11633394277969925
483,0.973850301929862
484,0.953230071460618
485,0.01284273065113475
486,0.0275735541418303
487,0.08530965763460746
488,0.011246765143182649
489,0.0155162724658578
490,0.05166381262033555
491,0.01800422285331795
492,0.00370184517886585
493,0.0419779698288157
494,0.3368952274879685
495,0.08360345625944296
496,0.019453664312432548
497,0.5770941168696857
498,0.2154885830339098
499,0.07923634756249945
500,0.9763477614062128
501,0.0702066000094344
502,0.1004604436415158
503,0.2516662067204409
504,0.7596482038271396
505,0.22464220033999785
506,0.0126090919311616
507,0.9891188259227538
508,0.7379309837283397
509,0.0472368146938176
510,0.0997824522806029
511,0.6076972192335331
512,0.019970434001085002
513,0.9782649983314111
514,0.9670964846905986
515,0.9608850904381148
516,0.9669409299606397
517,0.4432996077464287
518,0.1339198061185046
519,0.09887263855525075
520,0.6131828224553135
521,0.14119960152226363
522,0.9083918698090006
523,0.5945776736858568
524,0.1113296827497133
525,0.9598700621009211
526,0.44948898587720776
527,0.0069489278073681
528,0.3337521492706419
529,0.9888163569626247
530,0.00677841108068355
531,0.0031925006638066997
532,0.0241382030541059
533,0.008583475001576451
534,0.0088022733833452
535,0.0703939166470627
536,0.05482995125323775
537,0.8675323702666731
538,0.0502241781080592
539,0.9629660868300767
540,0.3253649449454967
541,0.04468655753207885
542,0.00256497301729185
543,0.514982604503921
544,0.9081270837722374
545,0.0094631669084387
546,0.38852486464674607
547,0.003252829152627
548,0.06610273604320865
549,0.0254760122860887
550,0.970604150392192
551,0.7104196598277304
552,0.26063473621562483
553,0.01393245831595315
554,0.07016493113015876
555,0.3607975573781451
556,0.017456479555794303
557,0.0985859727756573
558,0.6276555371418304
559,0.01045097627332005
560,0.0597535518086156
561,0.2968915508325414
562,0.9789135757622541
563,0.4861311313868467
564,0.0038961413928595
565,0.916350597567752
566,0.09075238128185076
567,0.0159396924793076
568,0.48326208420332123
569,0.32509092999826195
570,0.08886633644767644
571,0.12741743167251116
572,0.6712674689084202
573,0.02641535211920725
574,0.41500879393295587
575,0.0727532408513253
576,0.9271853746207244
577,0.00746667099197485
578,0.0380275354739655
579,0.12794112177629352
580,0.13068011361015403
581,0.1491728399728762
582,0.0019450810629768498
583,0.00709734131025715
584,0.0026847065453537503
585,0.31444400568823383
586,0.6619743498821273
587,0.5916406008599255
588,0.00676295229272825
589,0.10105518963001126
590,0.13089275679590762
591,0.0051976137840509
592,0.06854300523489021
593,0.0287702195629013
594,0.0632602307861216
595,0.2781967723191089
596,0.05990937788027805
597,0.0758770325655379
598,0.20077057768083525
599,0.9572521226864432
600,0.0183123521170651
601,0.0134981668719172
602,0.02154937555978335
603,0.26622111239915086
604,0.9207881551161344
605,0.04115764474670365
606,0.0390820364581813
607,0.0089245402254673
608,0.0066446047171825
609,0.00486544376549825
610,0.06974991274972765
611,0.09995730333288236
612,0.01345621886737675
613,0.006052386583027199
614,0.10768818564220906
615,0.4469570575300494
616,0.013589907730864801
617,0.027222341899134
618,0.00443819974035715
619,0.026280706605106702
620,0.01241855550567885
621,0.00726554474716865
622,0.4647893743293433
623,0.01517102390309125
624,0.1027980977283492
625,0.46548979707744287
626,0.7715231423041446
627,0.9860303030151945
628,0.0069555924362227
629,0.9313037829410455
630,0.016640772080708202
631,0.07139388301532504
632,0.5006370677727264
633,0.9853766565506064
634,0.0229512780389536
635,0.6438359398375758
636,0.008115932014530699
637,0.005261468544326849
638,0.0097095541917924
639,0.96295181896123
640,0.0951607896594093
641,0.7339367079424126
642,0.0304812356400583
643,0.03262372962676345
644,0.9345242174264221
645,0.01392953955054815
646,0.020807841113657202
647,0.05996947724267565
648,0.1558279323456695
649,0.5166003126694918
650,0.0736594522177062
651,0.9616845068643571
652,0.9716699082507827
653,0.01283556696570665
654,0.0392240180166951
655,0.0035813290683269
656,0.1458867857169129
657,0.957018780705855
658,0.4953397167943162
659,0.14738893707314604
660,0.0111523988797345
661,0.4635094468375127
662,0.060941996126486944
663,0.15101702160492658
664,0.4961181059043028
665,0.04394382667327785
666,0.03131355417394315
667,0.9633664684099528
668,0.2011533208586819
669,0.705165931338074
670,0.02843503220997185
671,0.517119632553698
672,0.06206157116256965
673,0.0741568490280614
674,0.9983480482788036
675,0.0462256347113138
676,0.0236517080684861
677,0.5958131276500143
678,0.0650448073539994
679,0.7117123033342114
680,0.14749961153344854
681,0.03959819345009865
682,0.9472022407607996
683,0.10585019503525185
684,0.2119369838765621
685,0.18303870277171697
686,0.08762193777972546
687,0.0409034510726055
688,0.9679300794166945
689,0.09684650151291099
690,0.9666282766143888
691,0.09913086838484575
692,0.0040026831924788505
693,0.8821916430533336
694,0.02507566183843075
695,0.8329508841293465
696,0.0160507139111766
697,0.3941271283823762
698,0.994555020564283
699,0.0143060290153254
700,0.021968893581766798
701,0.1032478756338944
702,0.00452625460627645
703,0.0018599338845249002
704,0.03231818753902425
705,0.02773035502644
706,0.0719173368587605
707,0.43084511679317294
708,0.08446845726691174
709,0.0321261406521588
710,0.06190678905803715
711,0.06421083980525995
712,0.9974941247210426
713,0.05647325950491615
714,0.9182242004632941
715,0.07324097233941826
716,0.0059844382593428
717,0.1363837803440588
718,0.1249301147447426
719,0.014062320176873
720,0.0264603875581396
721,0.13697464191266506
722,0.32716787868946273
723,0.7227744745945549
724,0.8888116668916877
725,0.609484997254016
726,0.0232436081867302
727,0.9846743576046729
728,0.06841655452024435
729,0.22984326950520628
730,0.17617714361979375
731,0.0093206448156963
732,0.9870768719800727
733,0.944977070389794
734,0.1872798603274966
735,0.0314095166489355
736,0.9405325951735928
737,0.02574885921529215
738,0.18588659780296873
739,0.479394096370663
740,0.9915431668006534
741,0.6696046492806721
742,0.2625854771948284
743,0.210987475719706
744,0.07727830860616455
745,0.02059111624409075
746,0.953748480830113
747,0.8544592926424082
748,0.13139245358477458
749,0.6271790166744271
750,0.05776529245815725
751,0.12254034114651541
752,0.0735690035645538
753,0.1722194628495942
754,0.028431530921165002
755,0.03884346463717595
756,0.27536378464395783
757,0.0645357043466042
758,0.00553316826703885
759,0.02082570227857075
760,0.8791265161943158
761,0.07053300467636625
762,0.8228743420054012
763,0.01979997890020685
764,0.0040191234691907005
765,0.9777005790842579
766,0.24436505463952266
767,0.7798517578141645
768,0.3384295881453172
769,0.4763596359220445
770,0.20959136535791745
771,0.017564997154395502
772,0.9834308863684712
773,0.010296348666930251
774,0.21988010386883228
775,0.9954603071258439
776,0.32674432425007255
777,0.00984433888646675
778,0.1985376774067287
779,0.5430673720034722
780,0.00759394501307685
781,0.011187639594294
782,0.5886009614419896
783,0.02965477845185245
784,0.5623578885226743
785,0.9805587013752926
786,0.7389457965303077
787,0.00922936325608005
788,0.9317280978612192
789,0.035263883718705646
790,0.843494177658368
791,0.03504384210394995
792,0.06774584195847949
793,0.04495765890744395
794,0.19513722116357674
795,0.160895408684263
796,0.0524159148813286
797,0.00515048254586325
798,0.8087375681475644
799,0.31733991120960303
800,0.4094671057499188
801,0.7714098584026604
802,0.0101188617294971
803,0.00376097540495205
804,0.049081409094952996
805,0.0967540176223565
806,0.01139488113593195
807,0.037461137538410905
808,0.07177440897493806
809,0.2567181466004732
810,0.05592517251607995
811,0.06190463803420665
812,0.9770104560763334
813,0.3402122593737681
814,0.9470655962970914
815,0.017136484394382298
816,0.34524164174110883
817,0.9241787588949494
818,0.5815982870640113
819,0.0224856777942662
820,0.9885063505586424
821,0.9979433078386251
822,0.1604682015055007
823,0.019778447840128603
824,0.32120917362207835
825,0.0017825819941179
826,0.22146591147288036
827,0.08468255886303194
828,0.03617028579733815
829,0.9864103095238999
830,0.8388438126807314
831,0.02272503478634695
832,0.9871220300623447
833,0.4539108222487362
834,0.9255362831779088
835,0.00237235311477355
836,0.26485347719004576
837,0.45095268203103683
838,0.36256359526337123
839,0.9948962701681002
840,0.08309631068379686
841,0.0287807874095579
842,0.1255017783710586
843,0.00719765328160885
844,0.8580780245308579
845,0.9973487688987683
846,0.9985311259281979
847,0.0202209956703088
848,0.0045293605897918
849,0.697174125968204
850,0.4602997314326547
851,0.8623908564536514
852,0.13274164647762143
853,0.03105762233502635
854,0.9407121559695599
855,0.0100931827316561
856,0.8975834795609482
857,0.9751572244404594
858,0.0183139994551079
859,0.7512889947289436
860,0.00807611354949785
861,0.894469059256343
862,0.28942851379393814
863,0.9039371256336806
864,0.0056828553828984
865,0.3320946994346114
866,0.9235941861466714
867,0.06843311756914389
868,0.14004320536639236
869,0.7193347133794297
870,0.0280778228879534
871,0.9983820671707813
872,0.0299329926814859
873,0.0122456245921129
874,0.9766578226624192
875,0.8331040514826851
876,0.0235437549149056
877,0.1170537864815776
878,0.0695815350645844
879,0.9492833590434686
880,0.043868640467281506
881,0.0847122939349797
882,0.8576756780681523
883,0.22651801855745923
884,0.03219675729409535
885,0.9793796345385231
886,0.024373589840872498
887,0.9419109919555972
888,0.037524032805166
889,0.013548161707433101
890,0.17540854831184735
891,0.5342408104814373
892,0.23341679195437234
893,0.05753835557929525
894,0.5188884849681845
895,0.2980388928657097
896,0.8541102058658969
897,0.109970496120164
898,0.00359871569682035
899,0.7255903923313636
900,0.11552136860430395
901,0.00595148628151285
902,0.4125069579427373
903,0.8820973475750999
904,0.027668256688305748
905,0.9656857896362196
906,0.07934874396218515
907,0.0076487703052659
908,0.9834285656840216
909,0.02604867959338105
910,0.03351564137709765
911,0.09807194609948841
912,0.02775780591358945
913,0.06495010956840094
914,0.02169750073119265
915,0.060577986576200255
916,0.18673654898710756
917,0.48115466270116536
918,0.0692302631591715
919,0.49607326795350337
920,0.00770373779131235
921,0.0183257662706081
922,0.0332483172808407
923,0.9973582385542084
924,0.9611330874047352
925,0.9002720905181107
926,0.04280288588761485
927,0.0931582605395829
928,0.03278408772944775
929,0.6152343487375372
930,0.2466168001257206
931,0.03867681769050215
932,0.9475115944451966
933,0.026373690454038298
934,0.02959821593066765
935,0.07139524013795351
936,0.9895333253331042
937,0.03010163984480425
938,0.04032444835823705
939,0.4713170105348984
940,0.044797105266402
941,0.9733544908879275
942,0.95270240560679
943,0.9967459191083317
944,0.4818170025793782
945,0.37078214267501597
946,0.05046859803975355
947,0.7265339902387512
948,0.030133302307527247
949,0.05010721421881065
950,0.9818992554166033
951,0.30967435454538794
952,0.327707467036578
953,0.14942187482361025
954,0.04014119065743045
955,0.4883526852006379
956,0.9844141618824664
957,0.27223889247101957
958,0.0226141144577536
959,0.46514125887470537
960,0.0034080745820961496
961,0.9597381454130665
962,0.0253901834578966
963,0.4818293293098814
964,0.374138828695208
965,0.044193578178163204
966,0.21106174093481375
967,0.0063660630054916
968,0.00986985770241895
969,0.0038915377136415
970,0.13454816511691686
971,0.12488441057658
972,0.9981828092268012
973,0.062359870550882546
974,0.4676170763964212
975,0.010246280927817
976,0.022800517474330602
977,0.8566261572992475
978,0.06151437132338815
979,0.994415257421482
980,0.9278183290350159
981,0.9784580808177665
982,0.4035126081308331
983,0.04070901524657645
984,0.9703097978700651
985,0.05165253869058025
986,0.8879673587206434
987,0.1545925502618346
988,0.2378518921167439
989,0.8390820700124961
990,0.9552249346698418
991,0.07924888492827445
992,0.0403446231959549
993,0.04623446164116375
994,0.0174600889287298
995,0.9972095236795522
996,0.03396530117674705
997,0.0553130730892311
998,0.13061094136283063
999,0.87356305944935
1000,0.9166269872247687
1001,0.9913745955011205
1002,0.00713498381877125
1003,0.0076492256101233
1004,0.5877502574229609
1005,0.890395011648846
1006,0.996642414227598
1007,0.3877337752350098
1008,0.0337084957234388
1009,0.26149064123792004
1010,0.0289801549230446
1011,0.0878984216544704
1012,0.0482001748674284
1013,0.244244463110842
1014,0.5474684407605984
1015,0.040786992890210455
1016,0.01841471992446845
1017,0.5231972960538737
1018,0.8452951494381138
1019,0.00260898086652505
1020,0.06148480139933285
1021,0.9703752524226973
1022,0.642607788018007
1023,0.8617680646186054
1024,0.0080935524036542
1025,0.009959401155582349
1026,0.01894583087340405
1027,0.09955039992213345
1028,0.03024590931940415
1029,0.11186213165903194
1030,0.0029451389896322
1031,0.19202895710077206
1032,0.39287270539078045
1033,0.0068986399681072
1034,0.6584905552819331
1035,0.022947220862039097
1036,0.22278993454782203
1037,0.9695953184700614
1038,0.03058679802897235
1039,0.932109061899447
1040,0.3806953898023257
1041,0.041289250788096296
1042,0.038906406236374896
1043,0.6235534826781473
1044,0.0022124483631835003
1045,0.0652113907371849
1046,0.00399371461545415
1047,0.23109230560137028
1048,0.7921153711827303
1049,0.7663329627278623
1050,0.0044363578463713
1051,0.14541249192838535
1052,0.055165778651051545
1053,0.9749394263923237
1054,0.41725281834987316
1055,0.1046422268186005
1056,0.1976735094181732
1057,0.1874657491152456
1058,0.00255602463547735
1059,0.9512153334759605
1060,0.27247681734004137
1061,0.03226267892130665
1062,0.00537385453977735
1063,0.3369139331766471
1064,0.9431575985894212
1065,0.04819242752334485
1066,0.017648753537457748
1067,0.19428238459596248
1068,0.15488458817591774
1069,0.9885242435803179
1070,0.19448900181961049
1071,0.579131374134804
1072,0.01907754053938715
1073,0.8999477861677707
1074,0.00618589485744505
1075,0.021300118310183053
1076,0.003421553805143
1077,0.01530054569092345
1078,0.02634945562819575
1079,0.9719372329697045
1080,0.008172830934095
1081,0.0440212500858917
1082,0.851063590927833
1083,0.0652288423203306
1084,0.9215199454757685
1085,0.5921669310001356
1086,0.7801063156613129
1087,0.4996562751393804
1088,0.0029111413138046003
1089,0.9112619045849106
1090,0.04673984491052485
1091,0.9752526634624998
1092,0.05672467848318435
1093,0.1051974028519614
1094,0.9982204341728871
1095,0.8200094290898736
1096,0.06353011567606705
1097,0.745211239215485
1098,0.02080150979796375
1099,0.4036514359482535
1100,0.15927656893193565
1101,0.03303582656857325
1102,0.11172078365738605
1103,0.1600154485514523
1104,0.0555941808075238
1105,0.1380637729283104
1106,0.18854587739291157
1107,0.07006805457184584
1108,0.045817515136821446
1109,0.3976444337777379
1110,0.8233350286467993
1111,0.00802451022688945
1112,0.0225468215257
1113,0.585620173698473
1114,0.4070433738360034
1115,0.19543960830337986
1116,0.1127301577711865
1117,0.714424211498736
1118,0.16435553000898545
1119,0.016718692418583453
1120,0.0263319856060374
1121,0.049204064225591496
1122,0.0429819711766209
1123,0.4521492173013001
1124,0.03288493484746405
1125,0.16681588949063592
1126,0.9682917651482912
1127,0.4536345433804575
1128,0.02057752286736555
1129,0.07434443609752325
1130,0.00929570602694095
1131,0.02169510506077615
1132,0.01004176082370945
1133,0.00447351223213205
1134,0.9973088756977788
1135,0.0231818474121094
1136,0.0206378315058286
1137,0.00346039302475905
1138,0.9333369537481024
1139,0.18388440669692865
1140,0.6385857682378309
1141,0.9840206039445902
1142,0.00590987610660675
1143,0.11813527194104215
1144,0.9200346017256642
1145,0.9544797028112132
1146,0.9984504629713045
1147,0.07546452978764775
1148,0.0031784246002273
1149,0.34717497813245785
1150,0.9800364582312937
1151,0.0019438058395223
1152,0.18053039168349166
1153,0.9848422819423517
1154,0.23749871497025835
1155,0.0174326464302184
1156,0.27495407791376403
1157,0.626356111096319
1158,0.6349605287760433
1159,0.8707101458842498
1160,0.02327157451826175
1161,0.01315571081175815
1162,0.37012721251583525
1163,0.00932633178840965
1164,0.20800017777950996
1165,0.02322295654292
1166,0.40562421343558597
1167,0.9349854243942799
1168,0.9773610946980869
1169,0.8026240435115853
1170,0.007262128642653701
1171,0.02001657692513915
1172,0.9527721817907298
1173,0.05070479782269345
1174,0.0320334857172517
1175,0.261461186954823
1176,0.0466495055860095
1177,0.0052822646921763
1178,0.0082502964928781
1179,0.0102626448020779
1180,0.9572401290176877
1181,0.070662654831705
1182,0.0225493933582427
1183,0.039597112999856396
1184,0.693505034738855
1185,0.059420032992792055
1186,0.8674487954214882
1187,0.0174892493341545
1188,0.0044347274329707
1189,0.14008996816170066
1190,0.09239638326952501
1191,0.10139252065440825
1192,0.9751367333862576
1193,0.09516682977308155
1194,0.06161745814673575
1195,0.00837517815068355
1196,0.17307738770846903
1197,0.8218838022671484
1198,0.1036562262360775
1199,0.9692497203504649
1200,0.5921305297783228
1201,0.0946936307071147
1202,0.42653989177581153
1203,0.03278468954542085
1204,0.6008314495220445
1205,0.02446050249628335
1206,0.7233456337689697
1207,0.0282480728875951
1208,0.19242036504907975
1209,0.06927570685182391
1210,0.9381877207390341
1211,0.6120437779988115
1212,0.01103036079552985
1213,0.0127723431986981
1214,0.0153846058042453
1215,0.0327762296512447
1216,0.01469883989666915
1217,0.4955889109843795
1218,0.0895317459017048
1219,0.015625342580375852
1220,0.9131106994652045
1221,0.10579207410952024
1222,0.5553575801274402
1223,0.054957773523252346
1224,0.219304896802799
1225,0.7983765499472621
1226,0.12038172984280625
1227,0.9858772522922238
1228,0.09161972555549941
1229,0.7433041259509878
1230,0.0066349805642455
1231,0.9578521732469002
1232,0.5531601378973376
1233,0.0270963090485449
1234,0.0375944110541481
1235,0.8484133664988945
1236,0.47924739860713683
1237,0.24258582361125341
1238,0.0652428162621877
1239,0.5107251691104701
1240,0.5472744553152342
1241,0.04530477232190865
1242,0.0082841450189507
1243,0.1989633892415129
1244,0.3536529139676693
1245,0.03199204761192815
1246,0.004001041472925199
1247,0.02250089641398035
1248,0.14086186309533205
1249,0.9896669697220166
1250,0.18658012252310405
1251,0.017205624990294
1252,0.9095039640909524
1253,0.9771901805567996
1254,0.9977015030458309
1255,0.7852103419519894
1256,0.0665137857454951
1257,0.9614086052508074
1258,0.007704577817944
1259,0.9980336051942584
1260,0.4770000188247132
1261,0.09025393458957359
1262,0.0028414999990882
1263,0.00599708160341675
1264,0.046773646248229855
1265,0.9875168940773504
1266,0.008771382433028399
1267,0.9743369472986991
1268,0.08486925698340245
1269,0.029440090535083598
1270,0.487760300354513
1271,0.0197543939415637
1272,0.0525949406325078
1273,0.433625033355243
1274,0.9247796870840846
1275,0.21444101670505236
1276,0.03575294279676065
1277,0.1713519341994949
1278,0.2682246948948508
1279,0.0075454417636657
1280,0.9514314726788874
1281,0.0241672042030329
1282,0.899763952928595
1283,0.034373589783791306
1284,0.0843845514132803
1285,0.4906282775997429
1286,0.2572861475172714
1287,0.450992381776829
1288,0.34966845747223196
1289,0.00200196516672455
1290,0.36589271862610884
1291,0.09693832066516886
1292,0.11619969559701734
1293,0.03364448103438525
1294,0.15205249308194008
1295,0.37955452314443044
1296,0.7258504232879399
1297,0.04772900976687585
1298,0.018183949610941552
1299,0.01357892421398445
1300,0.2904242139097647
1301,0.0654095441614185
1302,0.05236178786116685
1303,0.9650911099668974
1304,0.0514578176378256
1305,0.9957893371361197
1306,0.2029568979838676
1307,0.01154382330080235
1308,0.00659328475367095
1309,0.9875493551431944
1310,0.07124140183382854
1311,0.0362205685742414
1312,0.6635642507844632
1313,0.0043077604017942
1314,0.9471316224043794
1315,0.02145436745740185
1316,0.0661458171749679
1317,0.3893753312939203
1318,0.2013705626242127
1319,0.1475917818211252
1320,0.34327862264777687
1321,0.9667039196356042
1322,0.00623134042644095
1323,0.0401570828697608
1324,0.02858331463733315
1325,0.01754430299587645
1326,0.9688982030959844
1327,0.8813708055088181
1328,0.01234378463017655
1329,0.4087278247276507
1330,0.9671944405576528
1331,0.24808830788382719
1332,0.08249284457896315
1333,0.02530906678923395
1334,0.8418333164605092
1335,0.269900592469114
1336,0.0075063648183395
1337,0.00890426987253865
1338,0.00927021726816055
1339,0.06194503696122425
1340,0.5131408800368512
1341,0.9341060446708163
1342,0.9527359987699797
1343,0.34068347896372314
1344,0.35902134254157825
1345,0.03761154192563765
1346,0.9978857777644012
1347,0.8281873860642146
1348,0.08652349294656536
1349,0.00898139372173165
1350,0.17024848159813355
1351,0.07946167006271705
1352,0.2634608717027457
1353,0.01357316377265815
1354,0.07524128993633811
1355,0.9852211473219795
1356,0.0218755196201416
1357,0.6462872159799633
1358,0.2189693503575294
1359,0.0646570860972672
1360,0.9522803193332815
1361,0.1411191518132489
1362,0.9051654307419091
1363,0.8698825890591886
1364,0.02082462679960605
1365,0.9595866187650692
1366,0.048256035202033545
1367,0.9284225937136124
1368,0.8101246037100314
1369,0.2730548887102189
1370,0.49015106333657843
1371,0.3514012565044833
1372,0.02635608784384235
1373,0.24620039884630873
1374,0.0233126466670989
1375,0.9491012091362137
1376,0.11362585195323624
1377,0.9984653725342959
1378,0.0422759538214953
1379,0.0085016900136859
1380,0.9108441940473087
1381,0.8429564460712076
1382,0.0027900409584624497
1383,0.9885435969510826
1384,0.027277143597534602
1385,0.48112097857141156
1386,0.7572299982468693
1387,0.9625432514259757
1388,0.9106574623413195
1389,0.997603545012494
1390,0.00648228564355045
1391,0.97122662266242
1392,0.40662941921267676
1393,0.6980528744797094
1394,0.0066900898228008
1395,0.5966114503385223
1396,0.06683596684536305
1397,0.0441136444803773
1398,0.02068856357682375
1399,0.992895895731448
1400,0.02856010684640705
1401,0.00911482966574355
1402,0.0045071965980175
1403,0.45397421852650305
1404,0.01232304671975375
1405,0.09771139670273024
1406,0.0332648220328214
1407,0.13512856546409002
1408,0.0154948791379535
1409,0.00439493702974715
1410,0.01090697220403605
1411,0.0626175520795437
1412,0.6856848436271105
1413,0.9053967070745522
1414,0.015870180799168097
1415,0.2029019142920043
1416,0.978502694465114
1417,0.12886003370770235
1418,0.16513292700564056
1419,0.5841504072823338
1420,0.27780126257502236
1421,0.9740185240882919
1422,0.0433837154036125
1423,0.0058436941974932995
1424,0.01362558671168845
1425,0.01547271162352545
1426,0.0294000582913998
1427,0.00716249741284545
1428,0.0389517469979746
1429,0.0115079335319779
1430,0.1386183256745171
1431,0.6388427549944089
1432,0.05987621140603875
1433,0.7193523152896238
1434,0.6782113390798812
1435,0.0063175607662677
1436,0.0031456875736970502
1437,0.9707513510233424
1438,0.01641337540846555
1439,0.9761397086746542
1440,0.015784694410851348
1441,0.03646769934497345
1442,0.5732889115749222
1443,0.02864675909644505
1444,0.1030608423298988
1445,0.7424593938904371
1446,0.8493486061781625
1447,0.075363436037054
1448,0.09096738600739959
1449,0.8196134716503413
1450,0.1840189506510384
1451,0.00646912925769925
1452,0.22485604497695125
1453,0.9725502072939439
1454,0.9814539719147719
1455,0.06734089090926905
1456,0.06870718697118519
1457,0.0653854159813402
1458,0.9673668360056312
1459,0.966338735947471
1460,0.0145684340516073
1461,0.0486696349086337
1462,0.0488382234778179
1463,0.9351905134875225
1464,0.1738746860095389
1465,0.027420255701608248
1466,0.7232752976991788
1467,0.3949439970120237
1468,0.9487351706296063
1469,0.9887226736355271
1470,0.9843516984896198
1471,0.13536669678387145
1472,0.2668452695793677
1473,0.9852155396556547
1474,0.1968335462846627
1475,0.1602089184022324
1476,0.9788956269846261
1477,0.7076916249954349
1478,0.22191912755825027
1479,0.053117703616178305
1480,0.2678788561697829
1481,0.0152133178471642
1482,0.9444535300076724
1483,0.047968470413701045
1484,0.0658317383750094
1485,0.0289148261489439
1486,0.09192369126915555
1487,0.25732894078684004
1488,0.19113393428470582
1489,0.061958113014377356
1490,0.8320469136691424
1491,0.005246839874951101
1492,0.9827137301892702
1493,0.9955966295547365
1494,0.9964547454747488
1495,0.0923133718280767
1496,0.600359008095162
1497,0.02633060480232905
1498,0.8102326792620376
1499,0.8259875111310568
1500,0.057304142096828645
1501,0.053535396918879555
1502,0.1349811467920124
1503,0.0816523870133205
1504,0.040651021588455655
1505,0.26946595297892983
1506,0.1129005302856573
1507,0.919380531423645
1508,0.0390862508230593
1509,0.010000120185848949
1510,0.1431014911035689
1511,0.5584972702905696
1512,0.053255279144493003
1513,0.4413412654940938
1514,0.8427404190335523
1515,0.029542533567010247
1516,0.08854634562217134
1517,0.0035883011739838997
1518,0.38025627645190563
1519,0.07683748968519305
1520,0.0133522112645721
1521,0.010384164770261401
1522,0.04251786910881945
1523,0.0284282229675086
1524,0.9130194287801049
1525,0.0111185040800229
1526,0.009170714441832751
1527,0.6911209704286381
1528,0.0244331238218191
1529,0.9575666672087304
1530,0.027564899649358952
1531,0.294411030980239
1532,0.9470042151598803
1533,0.0989168297067058
1534,0.0333387425076159
1535,0.00680126583191535
1536,0.0792278040831193
1537,0.5420050981066933
1538,0.14404087468577126
1539,0.5639454057734703
1540,0.9419343728449887
1541,0.8285556621236181
1542,0.1334873332447878
1543,0.0044328255146304
1544,0.0417319972693596
1545,0.09068397612077765
1546,0.7542460394836625
1547,0.6412285337965979
1548,0.03683101407138925
1549,0.9023132599559498
1550,0.6645093851993296
1551,0.0984824600273045
1552,0.00522773476105475
1553,0.817404977620128
1554,0.0277346976608451
1555,0.012791732623898749
1556,0.0051601973561432
1557,0.062364219897412546
1558,0.01103724205195685
1559,0.20272983328873562
1560,0.0284513882700849
1561,0.041283411417540855
1562,0.206431661189476
1563,0.26529837384305716
1564,0.20902084616041766
1565,0.01819347524570105
1566,0.0033621934627828002
1567,0.15077572033551206
1568,0.6226726560028839
1569,0.18588100004600716
1570,0.0448647276025574
1571,0.391780220814649
1572,0.24289899389176034
1573,0.4896837880588093
1574,0.2670495071742186
1575,0.043832322591185
1576,0.8756352969412999
1577,0.0726937172832689
1578,0.0055193595744452
1579,0.5326648594777924
1580,0.9768852334926038
1581,0.975859932765338
1582,0.11041960300546655
1583,0.0173811612674551
1584,0.099946776811272
1585,0.9703943251349172
1586,0.0263724269703622
1587,0.009123802021259099
1588,0.9622707748393948
1589,0.9327089316092321
1590,0.04583519114576955
1591,0.0182454140552816
1592,0.027643692974286448
1593,0.12227323992522615
1594,0.007462395125923799
1595,0.38392618231391534
1596,0.17758405425438925
1597,0.9178282905270578
1598,0.5210468184074626
1599,0.08993465210473085
1600,0.08832776552709529
1601,0.1445211463036504
1602,0.28216967188114567
1603,0.907459035420356
1604,0.8383801811604333
1605,0.9806591744756896
1606,0.0128037362037393
1607,0.0270063831530125
1608,0.05264760033301895
1609,0.8427524248299864
1610,0.9222437065473832
1611,0.7391334454082812
1612,0.10047462061045564
1613,0.06227466877907925
1614,0.0416650564129524
1615,0.9621283909666758
1616,0.13435267044184995
1617,0.0031597161214986
1618,0.027819885609756297
1619,0.062099095541904153
1620,0.0764200001852364
1621,0.8821273710070661
1622,0.07583977376046586
1623,0.12647865167869798
1624,0.9777797013851829
1625,0.00447557994676455
1626,0.0128292649396382
1627,0.2640338809686836
1628,0.9898353608759548
1629,0.04776459357013295
1630,0.048668888056938545
1631,0.013548386814466299
1632,0.0565688056801598
1633,0.8563084039140052
1634,0.5192903488765533
1635,0.0224389143309979
1636,0.1111280631243318
1637,0.24318496095503334
1638,0.997245926726912
1639,0.06858207519054005
1640,0.16202880699522346
1641,0.0499317394984835
1642,0.0758895178253038
1643,0.0394559109792567
1644,0.13557630106481305
1645,0.00614975535724295
1646,0.03429003731120165
1647,0.2106022868862766
1648,0.0076581419946634005
1649,0.011896670995399952
1650,0.15240699073127856
1651,0.10705197747009595
1652,0.11475843052994039
1653,0.016641468263043
1654,0.06406878341734634
1655,0.1972720389037556
1656,0.4854463636096828
1657,0.21822429302176616
1658,0.18435598324487895
1659,0.09745497535907971
1660,0.00627009084113085
1661,0.628901580849909
1662,0.16610208434086526
1663,0.17398681519075831
1664,0.0081827338782204
1665,0.6476369805564848
1666,0.4111600410226881
1667,0.9559537446141129
1668,0.036444712228221904
1669,0.03017892264555025
1670,0.0127676071932321
1671,0.114737824922739
1672,0.09397782154790985
1673,0.00559419954870575
1674,0.9832094423457671
1675,0.0219623675470202
1676,0.004094194998544401
1677,0.5648276495577658
1678,0.1472289499403748
1679,0.045742962679649904
1680,0.16081532122789627
1681,0.1021469585703415
1682,0.00207924943535365
1683,0.024138391632084352
1684,0.0038946950262998496
1685,0.08931703666314961
1686,0.0719640550179908
1687,0.12360492468643915
1688,0.06808842491183931
1689,0.9981368963092034
1690,0.3375589448816454
1691,0.9494382273125868
1692,0.9878026573359229
1693,0.9840671295831008
1694,0.602471144064743
1695,0.909019548145776
1696,0.9601900137365913
1697,0.0453062806208258
1698,0.24800037157604382
1699,0.5619268205820216
1700,0.23442534074229
1701,0.011007369493548351
1702,0.02726532907814845
1703,0.9978781901315454
1704,0.00770200777385165
1705,0.45689867124948025
1706,0.07011318508712645
1707,0.23307752218012534
1708,0.01211158922832525
1709,0.954981929181953
1710,0.00335160702828255
1711,0.07312917192375121
1712,0.0296909633513886
1713,0.19610921734401565
1714,0.18857904446707405
1715,0.00298900774141695
1716,0.01340684366283405
1717,0.24400184793786273
1718,0.05664565852955605
1719,0.16255011761017596
1720,0.0026389418435971
1721,0.034827317409004105
1722,0.031003483196027554
1723,0.8505284887281858
1724,0.00434588405256985
1725,0.058598902432611455
1726,0.0138711449948562
1727,0.39827809086257093
1728,0.3784751577855092
1729,0.01449659318306115
1730,0.9827542899073316
1731,0.36795547992506383
1732,0.0088177618586518
1733,0.98764478526929
1734,0.9664657039358862
1735,0.076053794291566
1736,0.06104088624541275
1737,0.9981457862860932
1738,0.2289592810557104
1739,0.8230691771019145
1740,0.014328526690472701
1741,0.9766533752405678
1742,0.0142757872891646
1743,0.04993714586519845
1744,0.0174845193897554
1745,0.12626107768735145
1746,0.09041776719482295
1747,0.0039085588753654
1748,0.03562216797872725
1749,0.9669096873682506
1750,0.057548516864767155
1751,0.0027273604042259997
1752,0.8839557495719239
1753,0.22571804893064878
1754,0.36073334654812345
1755,0.9405840048718466
1756,0.7498400181020747
1757,0.02410760964274385
1758,0.1312139216106606
1759,0.01196959222157305
1760,0.7011420892280712
1761,0.01521806734503645
1762,0.8553527580783417
1763,0.24800365646028205
1764,0.06297964795334485
1765,0.0683873871069412
1766,0.02627006552113185
1767,0.8823291613269282
1768,0.9877862775806598
1769,0.00332696415226675
1770,0.04299984075980165
1771,0.7142913715115422
1772,0.9078400971190241
1773,0.9967369678906342
1774,0.5962663718921624
1775,0.9265501178846727
1776,0.7868669599430627
1777,0.00255778028386805
1778,0.0494145659844686
1779,0.4065294974293831
1780,0.0055342657127063506
1781,0.9820803476275101
1782,0.02045398465341875
1783,0.7987347105476967
1784,0.20811304693704114
1785,0.014292213365998
1786,0.5677160453395826
1787,0.7637569952373147
1788,0.01456312407248095
1789,0.0198960227904591
1790,0.02036692127853655
1791,0.01357902147025555
1792,0.2792983467922471
1793,0.0998128696817288
1794,0.00407628902259545
1795,0.04691905789610505
1796,0.16255515054763886
1797,0.32214353444229166
1798,0.0422863872919025
1799,0.01344013093773265
1800,0.031145152857795996
1801,0.019259849177304098
1802,0.1766788590683542
1803,0.540971605248662
1804,0.0016573980591554
1805,0.12383415722298945
1806,0.6839073092482004
1807,0.01044730083073235
1808,0.08270924528017295
1809,0.027269252187665752
1810,0.015128678833319451
1811,0.02198250428923505
1812,0.23473472833178124
1813,0.0574397422164881
1814,0.2360137565400742
1815,0.06874773152651835
1816,0.0679712320689185
1817,0.3405540292570791
1818,0.03274898592691235
1819,0.0667185120298937
1820,0.9694477853165262
1821,0.0123234328106673
1822,0.1819670723110019
1823,0.2961568838771088
1824,0.0298973054380545
1825,0.9853779922946642
1826,0.017187577628415447
1827,0.9847384522870402
1828,0.0076422746701489
1829,0.11984864403824645
1830,0.353316624321381
1831,0.05373058169775695
1832,0.04953129612129875
1833,0.9882344992163827
1834,0.07620357474640124
1835,0.01534968503206695
1836,0.02472992634961915
1837,0.0289439904724423
1838,0.0181005982766545
1839,0.0239314978048029
1840,0.0630943125640442
1841,0.972872553075575
1842,0.11303321215410544
1843,0.18450552300811535
1844,0.00952464202943965
1845,0.974896854602963
1846,0.0725191585365497
1847,0.04078018714112655
1848,0.8816294490762241
1849,0.38069642120919533
1850,0.1177600327911392
1851,0.04767196209298255
1852,0.0767396693072489
1853,0.04345926423462395
1854,0.06558460265825194
1855,0.01689486793122355
1856,0.9487905014348548
1857,0.012893473168029
1858,0.0298237322281204
1859,0.16014792635003539
1860,0.1059430512997325
1861,0.014427420183758
1862,0.1814726081305488
1863,0.0052085833242715
1864,0.7838502022382654
1865,0.0074264793275717
1866,0.05974112459750195
1867,0.0605876123558297
1868,0.3592425717534625
1869,0.9880675644348569
1870,0.0489225565497988
1871,0.33222741817785517
1872,0.09388094260420245
1873,0.022820182172188
1874,0.6299886205963345
1875,0.3075958007625835
1876,0.038118859208454245
1877,0.01141584288465255
1878,0.009474103724983252
1879,0.09438857107552234
1880,0.11709798647764075
1881,0.12098065251792756
1882,0.0056073228847153
1883,0.9923434681122902
1884,0.9624921535864301
1885,0.00496650372661095
1886,0.2618214822032294
1887,0.32073071940960796
1888,0.0528756688051464
1889,0.00344408646989695
1890,0.0076925893861804
1891,0.40353794021603934
1892,0.7802404289593282
1893,0.8969059271283388
1894,0.09135049810863616
1895,0.020551448111250453
1896,0.9375594038432019
1897,0.0025795183090671
1898,0.8835649437022772
1899,0.02523655600363615
1900,0.07392855551939065
1901,0.2570871688225861
1902,0.12364845556001966
1903,0.0377791278937052
1904,0.07795231229455825
1905,0.03295064186661735
1906,0.9986087512743853
1907,0.05351481569049235
1908,0.00546808384092695
1909,0.226769091730189
1910,0.9801892706150737
1911,0.06727133125900206
1912,0.05233451141131515
1913,0.7766623832988537
1914,0.07541096252309751
1915,0.9781416159375373
1916,0.08405076916289139
1917,0.9847940046519237
1918,0.5789958507443002
1919,0.1969762729847015
1920,0.2260623543007112
1921,0.9650258712901449
1922,0.24515584617097397
1923,0.0050091659909255
1924,0.8647153854528706
1925,0.22374023530805384
1926,0.9552340956893166
1927,0.9602536667897457
1928,0.39476704682323066
1929,0.23605971435698644
1930,0.9482355830335698
1931,0.01867738401835395
1932,0.05678851652689605
1933,0.13385813838284516
1934,0.26829277906126403
1935,0.9776339195786234
1936,0.14227325062359364
1937,0.026676903090052197
1938,0.0592862702772547
1939,0.03481289525168185
1940,0.4759210039489218
1941,0.00891294194257935
1942,0.9205030731138237
1943,0.4475419606071963
1944,0.009686671714888951
1945,0.00329392742379165
1946,0.26946392365505395
1947,0.0713893616193059
1948,0.39345855248901096
1949,0.0059431713216759
1950,0.4226952806174285
1951,0.9447968471950763
1952,0.9444405953328938
1953,0.20305871317617213
1954,0.05958072694074475
1955,0.020075388140667748
1956,0.03243964408004405
1957,0.8466987979826999
1958,0.2580529327159059
1959,0.05957445737739375
1960,0.050324737122900254
1961,0.185336370706261
1962,0.16554817360738974
1963,0.1242777697808179
1964,0.12264332973937109
1965,0.07791274289016395
1966,0.9772834427168011
1967,0.03403443829237175
1968,0.038794110119501055
1969,0.15499139341688795
1970,0.17358720248598494
1971,0.9777426808945004
1972,0.7536610972327713
1973,0.047003718853280446
1974,0.8989704289303981
1975,0.6475639784723394
1976,0.01871770342310725
1977,0.9786373669814485
1978,0.03374838268888555
1979,0.9978499593524888
1980,0.9645372056388561
1981,0.5171709385655763
1982,0.2374081745472377
1983,0.045771250977831454
1984,0.4161633590144501
1985,0.0595168415586924
1986,0.13065395849611788
1987,0.5272189015998597
1988,0.0033772086068923
1989,0.04991331831486405
1990,0.3491919238689509
1991,0.9686327632161575
1992,0.090152303051179
1993,0.0067841871213792995
1994,0.9122669918945344
1995,0.5156369599363493
1996,0.3676998544804301
1997,0.4738732228173943
1998,0.5705742775973097
1999,0.9360664215040738
2000,0.17261357265104796
2001,0.043592127715242804
2002,0.0630929000349387
2003,0.9811048206397688
2004,0.0357337165111273
2005,0.04745615953929265
2006,0.9729775494828028
2007,0.053214233795385896
2008,0.2446069371128999
2009,0.11012162445171139
2010,0.9532100211098433
2011,0.9038301445084012
2012,0.7175401779230466
2013,0.8575775563556132
2014,0.9803125496566287
2015,0.0075640722091209495
2016,0.8928814940564459
2017,0.8136265084588845
2018,0.0042416096115873
2019,0.0993102437722528
2020,0.005199691065114
2021,0.8731162752876281
2022,0.4039643861379911
2023,0.40472418429100654
2024,0.9864792124488297
2025,0.8511373742925938
2026,0.7081010444314366
2027,0.00947737213091985
2028,0.1076430976147187
2029,0.00238563086762475
2030,0.977052635863214
2031,0.15998426907116306
2032,0.9884013528090798
2033,0.48154946290264966
2034,0.96049413336104
2035,0.9913895576195413
2036,0.05925647958781045
2037,0.01429373347714025
2038,0.03623753432883455
2039,0.9907529199432004
2040,0.0046235212510481
2041,0.48229084872724304
2042,0.2253431282846049
2043,0.9781245334793266
2044,0.782665738681187
2045,0.00382789096419865
2046,0.0082380133229255
2047,0.20415815521050484
2048,0.0708145406812925
2049,0.9643848545515439
2050,0.9629990078794555
2051,0.7243010671685075
2052,0.02807580242087395
2053,0.22447700693716188
2054,0.7897606471477325
2055,0.00574866531883805
2056,0.014851372266940301
2057,0.8297790952742439
2058,0.00328548230088785
2059,0.0095345088941337
2060,0.024448976248063747
2061,0.3335811335152252
2062,0.13307165512267535
2063,0.0372697753219698
2064,0.8557532250707557
2065,0.8378692154866845
2066,0.2789718947095676
2067,0.9807812133358266
2068,0.7235155853267454
2069,0.3391442511682811
2070,0.1714854084797236
2071,0.47163186205697816
2072,0.3181269463602592
2073,0.00624219360015075
2074,0.08710251366095109
2075,0.4173076885425949
2076,0.0167604205344175
2077,0.1171230423936013
2078,0.00971543408870745
2079,0.029452940186771498
2080,0.01335749886513075
2081,0.6139228339583256
2082,0.22489375905335535
2083,0.022214988918209153
2084,0.735064767428267
2085,0.07263945876894445
2086,0.019020408705736
2087,0.042194549972651596
2088,0.97734708708178
2089,0.0438884809626878
2090,0.6402840261363246
2091,0.10634689162800151
2092,0.02364385060356855
2093,0.016444505465566202
2094,0.5102266633977202
2095,0.9982232008485752
2096,0.25558647332749773
2097,0.0058618834142852
2098,0.5610172987009571
2099,0.4582994891829094
2100,0.990320291426448
2101,0.02194079455072275
2102,0.788422117736754
2103,0.15402281162868403
2104,0.0234077748521498
2105,0.004440009091778651
2106,0.02786158486772335
2107,0.8504449643091909
2108,0.01825547921239705
2109,0.0099182244842798
2110,0.0138282431632995
2111,0.6526594158497162
2112,0.0390455383587006
2113,0.4620319777597969
2114,0.32824104897339235
2115,0.15350937238071954
2116,0.9513069466938371
2117,0.9141407531246378
2118,0.00661163190957895
2119,0.9461752836442697
2120,0.16720467477056034
2121,0.0322325956378602
2122,0.19778086054424543
2123,0.9341707095705865
2124,0.013252519405961501
2125,0.8073179470122596
2126,0.06606507454881025
2127,0.0590862315761961
2128,0.04378636686507975
2129,0.10432056584461824
2130,0.0357178699611074
2131,0.11861079755611195
2132,0.9641971680692074
2133,0.03635670993377785
2134,0.01356130464817185
2135,0.16677439502534785
2136,0.0072174874322652495
2137,0.9922103284783377
2138,0.0057682083926076
2139,0.06234613226929995
2140,0.0156275601486807
2141,0.27483863659161967
2142,0.1805058966866421
2143,0.737964311377016
2144,0.8255363212739331
2145,0.9139535030045007
2146,0.3741894317637444
2147,0.9958172840158368
2148,0.010910320584428451
2149,0.9732430309127937
2150,0.41869260900768757
2151,0.9218412439341688
2152,0.7703940612872695
2153,0.1629889773692626
2154,0.0439527832876358
2155,0.16731466694677682
2156,0.9724567357142128
2157,0.0080543598469502
2158,0.5914980454030634
2159,0.8912906441053099
2160,0.7331262448563483
2161,0.00910486223131615
2162,0.1782623279667053
2163,0.02058618439637365
2164,0.059104989275228254
2165,0.19081782814200787
2166,0.20339594952219542
2167,0.278350615777502
2168,0.05090401011052
2169,0.05084892891641625
2170,0.9421061721470496
2171,0.0167919002707514
2172,0.5285908709929494
2173,0.9731542742389505
2174,0.2339645102643818
2175,0.0175626509107678
2176,0.07023269218918554
2177,0.02498863217819635
2178,0.05108678501938745
2179,0.0564463907508595
2180,0.9057099801202578
2181,0.0196447409155166
2182,0.0049338833286002
2183,0.31391597748125755
2184,0.049791114332123645
2185,0.08472880533297775
2186,0.37051693227873617
2187,0.0351486303421431
2188,0.06010175231553655
2189,0.4672787770240545
2190,0.00346019582390895
2191,0.9764823615585823
2192,0.9520272653291769
2193,0.0341349420080589
2194,0.02262370480175365
2195,0.0464831207546847
2196,0.07147305331578545
2197,0.9673618292535052
2198,0.9033903842017788
2199,0.03307739409706705
2200,0.01302610594298005
2201,0.1146436838424218
2202,0.00590703158209095
2203,0.939916716825288
2204,0.9284003892451171
2205,0.5573449621832687
2206,0.29819404720738607
2207,0.16313233385529213
2208,0.9375526557541045
2209,0.33503634933129267
2210,0.13907108011108704
2211,0.0423559142651502
2212,0.620814313393165
2213,0.00832322142743455
2214,0.012051850565238949
2215,0.01168095078632945
2216,0.5451157000581985
2217,0.1745427297967047
2218,0.04037589082269345
2219,0.00578008689417995
2220,0.0067613530116139
2221,0.028737305286766553
2222,0.0058085437378025
2223,0.9385662046222352
2224,0.18001356547492986
2225,0.0053709180481065506
2226,0.3034971538212168
2227,0.7975171156667997
2228,0.2724233722872069
2229,0.0031436421423609003
2230,0.7578616886133009
2231,0.032448108123601244
2232,0.3942073541915526
2233,0.00692067443967325
2234,0.9622219295670391
2235,0.05955710130817725
2236,0.31882238179296174
2237,0.059159518533509245
2238,0.21401398732525295
2239,0.8095575920021593
2240,0.3770203896383157
2241,0.0095447429510719
2242,0.0086789996020571
2243,0.13697910367807975
2244,0.0023679763574322
2245,0.007271399906631349
2246,0.0774992834704333
2247,0.0351666000511203
2248,0.050884903621109
2249,0.5563754947320203
2250,0.03125421344507315
2251,0.40093273596598167
2252,0.5936356317580941
2253,0.9768342582710339
2254,0.0183145372335352
2255,0.0332071267675275
2256,0.19000288718322894
2257,0.008990790267373351
2258,0.01339345270544735
2259,0.02764015887848985
2260,0.35421032765961524
2261,0.5652735881377873
2262,0.8395295408156566
2263,0.320640736567696
2264,0.052423594136303445
2265,0.00542660666241635
2266,0.4786116368519953
2267,0.9560217652279226
2268,0.12776567617595747
2269,0.35968374225440447
2270,0.07985405080508695
2271,0.25855000452947563
2272,0.08069056391959564
2273,0.9825869327198
2274,0.9175628737550209
2275,0.0020669010352595
2276,0.04735146476936035
2277,0.9689432256000738
2278,0.7024574635273078
2279,0.03370568485033515
2280,0.042566714411695294
2281,0.281628615366025
2282,0.07057975367170835
2283,0.1240340996707311
2284,0.6140759295697706
2285,0.05159496165021165
2286,0.9820103338429487
2287,0.055092607245722
2288,0.006080624698033
2289,0.0074331330534725005
2290,0.0085428153289231
2291,0.9173445883309526
2292,0.2319905775097587
2293,0.02373430546222765
2294,0.04267014938315865
2295,0.9734179535109718
2296,0.8670377657211996
2297,0.20055450282647344
2298,0.0103693556803508
2299,0.05009318181632465
2300,0.0360826964806078
2301,0.03764751533599695
2302,0.05997061304639225
2303,0.23866972264323522
2304,0.8165166015214514
2305,0.0473398686181761
2306,0.0703393368447972
2307,0.1542115789024226
2308,0.11799756895995735
2309,0.0036154916489489998
2310,0.01299969606293925
2311,0.0051158541599279
2312,0.0058774295276133
2313,0.009467829505231201
2314,0.9785561423011497
2315,0.09011959900723521
2316,0.0823700814313716
2317,0.8256278476329344
2318,0.1707066697265352
2319,0.003261858362327
2320,0.1048808782129563
2321,0.9984923176214398
2322,0.5367336075923974
2323,0.16229044751580063
2324,0.9422835916077406
2325,0.13062708898475478
2326,0.5527549516928384
2327,0.0065789654245314
2328,0.9893289506686952
2329,0.17562280833751764
2330,0.04434822430179225
2331,0.00314079014013205
2332,0.07926332844476289
2333,0.9868306639749217
2334,0.00269229440725865
2335,0.13117264055774458
2336,0.0315176319495876
2337,0.9766669180997545
2338,0.08672676568233384
2339,0.983217475889475
2340,0.03408971700419145
2341,0.0098900295772762
2342,0.2692389453551872
2343,0.9880377349592473
2344,0.0670142761452922
2345,0.0149457945403077
2346,0.040379098822084
2347,0.4804517685559413
2348,0.00180758732762805
2349,0.4190080745998076
2350,0.1134748042912816
2351,0.8878551241719388
2352,0.6148100886440422
2353,0.9733862348721345
2354,0.0122945001282716
2355,0.0980678501646457
2356,0.22024184527100665
2357,0.9596701997128054
2358,0.0262244894631041
2359,0.01378029593242625
2360,0.216990627881824
2361,0.19495469660449705
2362,0.0126005847968234
2363,0.0804798012037716
2364,0.0164378116995694
2365,0.5993570702949367
2366,0.7049517130309336
2367,0.08377379167545265
2368,0.0147762879374116
2369,0.01650628312916555
2370,0.10303974834727275
2371,0.9905888251471512
2372,0.3203566561735788
2373,0.0235332586339859
2374,0.0025947530750308
2375,0.9186741714058072
2376,0.029904417229530952
2377,0.27436792022947354
2378,0.9239967505760494
2379,0.011167661323286799
2380,0.0170434358395874
2381,0.01516373701472735
2382,0.7493383072107178
2383,0.5560876392489036
2384,0.9396914855677871
2385,0.3330999421730423
2386,0.0650798816124902
2387,0.13258512299439368
2388,0.9899582903820641
2389,0.0064582309560751
2390,0.17096777321114076
2391,0.252899760179935
2392,0.01941398884661245
2393,0.057225916667927104
2394,0.6242147556855885
2395,0.1096705958270279
2396,0.038357090097351096
2397,0.6642015887466037
2398,0.027703375649887653
2399,0.24657598428176508
2400,0.00946116106618995
2401,0.02943300143496535
2402,0.0847678428366592
2403,0.17054887380741623
2404,0.9677964695820451
2405,0.07653211036648794
2406,0.061258548121753395
2407,0.6084346794456699
2408,0.3886471983922881
2409,0.0722874784007135
2410,0.06613848475119449
2411,0.02601439126849525
2412,0.0063689077489483496
2413,0.9666651342143546
2414,0.008849614272815949
2415,0.9908263039742486
2416,0.5801987198372112
2417,0.9141533686769714
2418,0.0184750453861629
2419,0.0351624980278271
2420,0.985294114212621
2421,0.1572837234649522
2422,0.00364362824072075
2423,0.021835915013443848
2424,0.0198832139343585
2425,0.5346270147040371
2426,0.8739593005032367
2427,0.9984968246967572
2428,0.0035841276686059
2429,0.9510676523261723
2430,0.5389094783474675
2431,0.49282299170014093
2432,0.9567561290837339
2433,0.08564709033667545
2434,0.06431647123150941
2435,0.10371163464832195
2436,0.2589468355997014
2437,0.9695152221299745
2438,0.1207823222030538
2439,0.14335755179578114
2440,0.3056578363632036
2441,0.9965360280683433
2442,0.20509309254794134
2443,0.0840887585613575
2444,0.8860002359865607
2445,0.17393796833867145
2446,0.4725996830968594
2447,0.04885313845102
2448,0.0207254254909642
2449,0.8506138695063208
2450,0.17997795395208274
2451,0.01184148170268955
2452,0.4725394562147222
2453,0.5167346231364554
2454,0.018988725069804098
2455,0.2219230767357772
2456,0.00457104367853735
2457,0.9839379747091033
2458,0.2241983051977956
2459,0.9050851844358005
2460,0.05568238902100585
2461,0.00698777565478565
2462,0.01497969158814255
2463,0.9155479153066857
2464,0.005303008519950849
2465,0.0104602641838842
2466,0.03281938904944445
2467,0.0347833302754714
2468,0.9512472081275438
2469,0.6122181510107901
2470,0.9924520417895986
2471,0.0102435688470159
2472,0.0837436960658913
2473,0.01754714956050265
2474,0.0037514212766857
2475,0.0043184149324124
2476,0.7534955817837068
2477,0.04165589190018355
2478,0.009855432397950399
2479,0.2869104012289616
2480,0.9819437788677283
2481,0.027184557844988147
2482,0.20919270583209404
2483,0.558495437960805
2484,0.00787300531888735
2485,0.859612255309095
2486,0.0772339579294475
2487,0.9749211391655301
2488,0.4330040429357711
2489,0.03804603477949475
2490,0.30196637705275065
2491,0.0022387493850112503
2492,0.36781093609445026
2493,0.442098229745455
2494,0.0190794785341573
2495,0.5877138604494576
2496,0.039432634480117704
2497,0.1154490019779436
2498,0.11343947682524494
2499,0.9981636038697865
2500,0.0179993359505332
2501,0.04319294795869595
2502,0.03001674868853705
2503,0.159141303347795
2504,0.9962875755026837
2505,0.08861780827851246
2506,0.08879413612858605
2507,0.45501772828965803
2508,0.10185327700717015
2509,0.030363445441273
2510,0.0419549984849544
2511,0.17925745089362743
2512,0.037768596328564
2513,0.06332350502358786
2514,0.12422707098078944
2515,0.06930363597814465
2516,0.0405472035785431
2517,0.7343547766756622
2518,0.20463011269150322
2519,0.2183974993213469
2520,0.029951857233007098
2521,0.22521095633628346
2522,0.2494579076384482
2523,0.07914374950236695
2524,0.014040929674864651
2525,0.06311555683576706
2526,0.059201532322239805
2527,0.39423481784017517
2528,0.2522519745202126
2529,0.0804308999795941
2530,0.795379815762939
2531,0.01277510033392085
2532,0.9181200565968075
2533,0.15640010212913918
2534,0.0298326516229055
2535,0.9872041935647017
2536,0.09430922389171381
2537,0.03021184232086585
2538,0.01701967273112575
2539,0.5862166762896796
2540,0.06509558819557984
2541,0.21207695953735975
2542,0.15350513597894677
2543,0.1829344525561944
2544,0.9861513318976822
2545,0.00403090366435205
2546,0.378500486739463
2547,0.01633934101482625
2548,0.3843836996806471
2549,0.00171508517607885
2550,0.9017514657603811
2551,0.47474055786568237
2552,0.0324051001368313
2553,0.015923291095203948
2554,0.0032231511499902
2555,0.868209062589448
2556,0.9710364341725556
2557,0.197491439198567
2558,0.01921109930089515
2559,0.2008044636941113
2560,0.1616431962148271
2561,0.01287826294442165
2562,0.7572647544014637
2563,0.21084295302632383
2564,0.895747627825306
2565,0.9114921052027732
2566,0.06565437494586165
2567,0.9769108969630446
2568,0.1728418580460167
2569,0.0036593552859429997
2570,0.024555780417770748
2571,0.5237834883197179
2572,0.051186275208683546
2573,0.05433731810029205
2574,0.0140670400638853
2575,0.9328123535624808
2576,0.9976602876893517
2577,0.07756192640992035
2578,0.01223824747509675
2579,0.31649294461980304
2580,0.11705810016855706
2581,0.9506165803554696
2582,0.035980744713799404
2583,0.13487475466872964
2584,0.15178101781988465
2585,0.07649047963414995
2586,0.016252500618659148
2587,0.08380847265323241
2588,0.8402145463644796
2589,0.008537133649865601
2590,0.0055464870595216004
2591,0.051078340952959406
2592,0.11476172270745086
2593,0.1495539672574088
2594,0.16625672527232896
2595,0.0383471337044394
2596,0.05981549826442341
2597,0.9620689203104553
2598,0.960411240765539
2599,0.08904274954182825
2600,0.176514272790875
2601,0.0290450518994358
2602,0.0718520876049148
2603,0.9770811000058058
2604,0.9245535903210909
2605,0.0623945315447374
2606,0.14302951172597606
2607,0.26240556927857506
2608,0.9928517489230939
2609,0.0679040414160541
2610,0.9648363450133199
2611,0.916044747652446
2612,0.00437107579245305
2613,0.5178580083978219
2614,0.0045638959982776
2615,0.00964354130664485
2616,0.01266911982687335
2617,0.02042298413848025
2618,0.00670992391529255
2619,0.9777031898265817
2620,0.0450211291250297
2621,0.9467189299693242
2622,0.1784416301655543
2623,0.02689083961264335
2624,0.087314756525326
2625,0.031547010440771295
2626,0.8188217473863608
2627,0.0038783204227063497
2628,0.21685381322921266
2629,0.9504874342304099
2630,0.33244045731543004
2631,0.8146918698432591
2632,0.9645171969246302
2633,0.31162880018904027
2634,0.9770262782179691
2635,0.6432390842406127
2636,0.9978415115352857
2637,0.19679376327181106
2638,0.023300004955696348
2639,0.054291523543957707
2640,0.0056150857691023
2641,0.01987157010683755
2642,0.4311428363743383
2643,0.9970536688048972
2644,0.9367067398532344
2645,0.0034140129577468
2646,0.0019394014149618
2647,0.3722263432894203
2648,0.00764091785852885
2649,0.906207342344655
2650,0.14050858389945792
2651,0.03280079646389615
2652,0.7333657144485013
2653,0.6766089901296155
2654,0.0206869206330903
2655,0.0467289718499339
2656,0.10307668587005994
2657,0.7905136228185627
2658,0.5543080921100009
2659,0.23902715390576507
2660,0.9730364265021516
2661,0.00669400728108605
2662,0.0060401790656471
2663,0.0141994772429699
2664,0.0165916403490015
2665,0.9769425585357978
2666,0.9742810235891997
2667,0.11863895562901515
2668,0.4099275237885388
2669,0.3908897257872912
2670,0.632236801236783
2671,0.22367275601551115
2672,0.08229843130642389
2673,0.054354042151551596
2674,0.0578210110145616
2675,0.0422202961348288
2676,0.976949818265466
2677,0.9968565971472025
2678,0.09334766860438645
2679,0.038215695361420804
2680,0.9750363422489964
2681,0.00845366483716445
2682,0.0028390661682730503
2683,0.6010473076625438
2684,0.0028888065971404498
2685,0.3187957965601359
2686,0.9330186419933764
2687,0.0148060051402355
2688,0.8395178120440634
2689,0.08846016356675435
2690,0.011246213527867949
2691,0.03930125909730445
2692,0.008307883586877899
2693,0.2101299126848307
2694,0.0856640950014407
2695,0.08029205515356215
2696,0.1079193703244247
2697,0.9935187361655293
2698,0.3653228240621149
2699,0.0555541845283044
2700,0.23294075709766549
2701,0.937757074353518
2702,0.9375147407634734
2703,0.9661801780600419
2704,0.9053986344119177
2705,0.23973498860547715
2706,0.04468984112255405
2707,0.998380262061356
2708,0.00508872121485095
2709,0.9127855233491238
2710,0.39787494900993037
2711,0.0169537811288233
2712,0.0410921465363068
2713,0.01920617496111655
2714,0.9331009719010483
2715,0.0839829818201102
2716,0.0022550522692271003
2717,0.9440948579891859
2718,0.15789449929526966
2719,0.1525631301129912
2720,0.48127230712349894
2721,0.036743973613185
2722,0.979754534077462
2723,0.0228043365111488
2724,0.24172348760835416
2725,0.0049607552039306006
2726,0.9075248730442596
2727,0.932845220127777
2728,0.00991983837380505
2729,0.59303360660867
2730,0.29789584101373556
2731,0.0228231994945267
2732,0.41955807629482456
2733,0.0073025524788227995
2734,0.016776027562114798
2735,0.0143251826411979
2736,0.3498979423623686
2737,0.0140162187597208
2738,0.6730935236466531
2739,0.21054061431979043
2740,0.8402942409438107
2741,0.9982077491452355
2742,0.9968809203370823
2743,0.08793627065216181
2744,0.24455242969024182
2745,0.920573548168801
2746,0.9602314253815016
2747,0.6424437643211232
2748,0.06539360376800965
2749,0.06249441848683886
2750,0.01254596076584155
2751,0.057463600461689995
2752,0.1315660040040235
2753,0.0701286957640796
2754,0.05655458780062665
2755,0.7774164972129625
2756,0.30698977100849667
2757,0.0902092519897361
2758,0.0788322717105458
2759,0.10802177064316515
2760,0.24463050475468545
2761,0.8073897132872005
2762,0.9668766205542556
2763,0.42940620775602095
2764,0.024695834650165498
2765,0.15445894454842665
2766,0.0858713038412539
2767,0.5622406807199204
2768,0.0093922739918441
2769,0.9742273098945798
2770,0.033314165837878454
2771,0.03229822598140455
2772,0.1183992050493745
2773,0.8720894263033655
2774,0.11558322169720706
2775,0.18018701577327656
2776,0.49844838814521364
2777,0.040269102024582004
2778,0.08217806533753445
2779,0.040248949354784
2780,0.5343571247315568
2781,0.7703315820562725
2782,0.004262978068500451
2783,0.00284997556962645
2784,0.048585327863953004
2785,0.01058086856341685
2786,0.00422791960196785
2787,0.00372232422761165
2788,0.0382228774017082
2789,0.02852187537767035
2790,0.0067710183016759
2791,0.01256656445059655
2792,0.8313342583052938
2793,0.9237997427736685
2794,0.37832530749006
2795,0.1823378739434898
2796,0.0078126492332361
2797,0.02732618072348795
2798,0.597903076133803
2799,0.92665244033446
2800,0.04691495507720715
2801,0.9128696820108083
2802,0.0389561954697155
2803,0.9730708996952491
2804,0.02280806360123085
2805,0.029322614928511452
2806,0.04172237910374785
2807,0.03379892815548085
2808,0.08171777283512865
2809,0.15518323830813008
2810,0.013111617128957101
2811,0.0028617438306228
2812,0.9746345230065334
2813,0.03188167711336605
2814,0.0038203142523936503
2815,0.7686542887199497
2816,0.0516293928168025
2817,0.0315497066169817
2818,0.6328907153260868
2819,0.9752714578319541
2820,0.890522526810173
2821,0.020703860681942902
2822,0.12652515014347135
2823,0.37431383217119796
2824,0.26175374846554705
2825,0.0486375519133243
2826,0.9831133049497633
2827,0.03526390317671515
2828,0.02890900246285405
2829,0.8835084707023493
2830,0.02941131718840595
2831,0.03180355950274985
2832,0.05914643355870265
2833,0.7910796461453576
2834,0.978964773994607
2835,0.019833814684580252
2836,0.0219484409546234
2837,0.0681628941089329
2838,0.04247191490582165
2839,0.0523500574922255
2840,0.0212089961706542
2841,0.9936715542175636
2842,0.9896416123345023
2843,0.9228734683372284
2844,0.0200772515430705
2845,0.01891025779636045
2846,0.20488400513558747
2847,0.014807133783287098
2848,0.01644561114416905
2849,0.017431170563488398
2850,0.063052426050707
2851,0.8586712308254121
2852,0.0123795403263342
2853,0.9034277387660647
2854,0.0026527942125326503
2855,0.5623444939822912
2856,0.0073023497696272505
2857,0.12163731600819584
2858,0.0095267434074024
2859,0.09815916258324735
2860,0.01448913155799205
2861,0.09074205522603876
2862,0.5496953692744098
2863,0.022313054693361
2864,0.4986592057567709
2865,0.9230571002893183
2866,0.014770522602773999
2867,0.06662404407751164
2868,0.00284777638514545
2869,0.1041436473270483
2870,0.0267742298820076
2871,0.0161488782023295
2872,0.2047394291320295
2873,0.1199274157107998
2874,0.036520088382428054
2875,0.0425924486786788
2876,0.02087144697299375
2877,0.0398209115284079
2878,0.2729727266835894
2879,0.1294150697472261
2880,0.9460797817544854
2881,0.4400784461860236
2882,0.24372896149938839
2883,0.00936497406513655
2884,0.7856619189613175
2885,0.9601350136801433
2886,0.9969971783672132
2887,0.8113328184282558
2888,0.11589196424794546
2889,0.04194944067062835
2890,0.4077242973469681
2891,0.9894948226117268
2892,0.0024425795323799
2893,0.45783896198086294
2894,0.22848742718436588
2895,0.956257722090541
2896,0.0485615764200418
2897,0.0067234947134958
2898,0.5424905808509083
2899,0.05925695305485375
2900,0.07370107064515585
2901,0.0387933170022648
2902,0.18445185416507634
2903,0.0025964389014138
2904,0.02051846918274805
2905,0.5187390629859008
2906,0.1779570900709088
2907,0.00223603697137035
2908,0.122477443062553
2909,0.00856980058429745
2910,0.5613188104132161
2911,0.08893059517913185
2912,0.5918250462227848
2913,0.02434599576150545
2914,0.9782392815142005
2915,0.10532499010328356
2916,0.5442725726136418
2917,0.06985651976984295
2918,0.6193163598587276
2919,0.1133578159970409
2920,0.03189835833936235
2921,0.1158772131231797
2922,0.07210037049949115
2923,0.0112955017446989
2924,0.6291347441584239
2925,0.8164993032054271
2926,0.6291834376206309
2927,0.14703423460117215
2928,0.8275266805983387
2929,0.9666641599748328
2930,0.0685845577291779
2931,0.9956163632940197
2932,0.9776866168443985
2933,0.11368048464907066
2934,0.0111701967211288
2935,0.44304332192957163
2936,0.0053401800571841
2937,0.03002853123990195
2938,0.745797271883262
2939,0.9633127474332929
2940,0.4053675964996335
2941,0.00512106658794405
2942,0.9159880152948605
2943,0.01934921934891655
2944,0.45970031666453665
2945,0.06518446908800515
2946,0.05651186825087745
2947,0.035433732807638355
2948,0.09352181716038249
2949,0.0121466798979032
2950,0.034683852268249146
2951,0.00710452388749435
2952,0.5545598946453671
2953,0.9743793713009625
2954,0.047637670403958596
2955,0.021131647848916
2956,0.9653389444683186
2957,0.4285446169134133
2958,0.03751758855802305
2959,0.2198420475374884
2960,0.020239547917464802
2961,0.0034946825419337997
2962,0.6718978265518163
2963,0.0895167116669406
2964,0.693437567401094
2965,0.9326527224500356
2966,0.03991416053755395
2967,0.27581411859328997
2968,0.013791151462416
2969,0.314150630647118
2970,0.0177242199744937
2971,0.05520224737793375
2972,0.01626317144716375
2973,0.2684826018299641
2974,0.8763312543643422
2975,0.12667906444124785
2976,0.08057894193023216
2977,0.9820998297347222
2978,0.0034463210136962
2979,0.05263467400711735
2980,0.0114111646356493
2981,0.030777224969561298
2982,0.6799403584989112
2983,0.8264465241097048
2984,0.084319864186339
2985,0.17207151999715736
2986,0.0422422237866314
2987,0.0240243644973075
2988,0.0265963878771435
2989,0.05068803018479365
2990,0.0348220081113952
2991,0.889906213114346
2992,0.9523987987251377
2993,0.18413788143228044
2994,0.20680817258850084
2995,0.033069325459261445
2996,0.1143602923563259
2997,0.1704159185557802
2998,0.09716133125651315
2999,0.6400383166387702
3000,0.10284378812086395
3001,0.0027072724846359
3002,0.9760102071690274
3003,0.0029139544112108
3004,0.40411023297674675
3005,0.7740329436216433
3006,0.1299726728051892
3007,0.15393423547764828
3008,0.3960689898633974
3009,0.12926405829348486
3010,0.009262140384435801
3011,0.0319641542584873
3012,0.9623518396609945
3013,0.1430857785941369
3014,0.0025593818699618997
3015,0.0026853131188876002
3016,0.008533622820977901
3017,0.8513718866028067
3018,0.0156309827264006
3019,0.45239222789473515
3020,0.06237954338011689
3021,0.31510350459248976
3022,0.9717120445605204
3023,0.0060708700325756
3024,0.07695608238784005
3025,0.15614717925976784
3026,0.9137239691022612
3027,0.0812523928667915
3028,0.28586477072252925
3029,0.18335289516737963
3030,0.0161475817411048
3031,0.008339313747383201
3032,0.03660404242468975
3033,0.6415830261798134
3034,0.2155852539296237
3035,0.4004796870594798
3036,0.5343122808848793
3037,0.10430072811216254
3038,0.3734282490844527
3039,0.0177864480782099
3040,0.0592766767414711
3041,0.0686794654847154
3042,0.9315414507046145
3043,0.0142140631858979
3044,0.13532811393978406
3045,0.7003469387304898
3046,0.030041535637757646
3047,0.0513761461098292
3048,0.9769882779513798
3049,0.7592336019593676
3050,0.9956270207435958
3051,0.9627199649246105
3052,0.00872706428233575
3053,0.8958616162201937
3054,0.09085243972316745
3055,0.04461170512478005
3056,0.7569479650430506
3057,0.0049583515812613
3058,0.9955131074599797
3059,0.0017879885931909
3060,0.9211508012095637
3061,0.9975996473128224
3062,0.125930113806152
3063,0.3792880998994519
3064,0.0527130295961066
3065,0.0061327562225293505
3066,0.6166301599000952
3067,0.10112972580370234
3068,0.6139882693820924
3069,0.0566713533221541
3070,0.00560551675427595
3071,0.0067101683715568
3072,0.01955953623963815
3073,0.23815936719118114
3074,0.4588872187468812
3075,0.1398354885772761
3076,0.0027041300580723003
3077,0.9880566115442007
3078,0.992366747134968
3079,0.0851268959576446
3080,0.00851136670336145
3081,0.0533361563207563
3082,0.882360345456461
3083,0.0211435174207397
3084,0.44793569660573485
3085,0.47980678732856846
3086,0.0577218109817327
3087,0.0602759959385275
3088,0.04287352778170145
3089,0.057112478023823
3090,0.03621226283852305
3091,0.06217838182386905
3092,0.012931108652941201
3093,0.9055239683308867
3094,0.0094588066071109
3095,0.13485232032874145
3096,0.1110107550532647
3097,0.01420334030802845
3098,0.9983828394409464
3099,0.0094288776741074
3100,0.03974993992733545
3101,0.00942050185333845
3102,0.009739517261702899
3103,0.018425341571492053
3104,0.16190315165352204
3105,0.29388395980183024
3106,0.06766511617793769
3107,0.7281170739879743
3108,0.0262472597445816
3109,0.0073586035379641
3110,0.00688305650515935
3111,0.0387881905074826
3112,0.0018467444321475
3113,0.057957284989681654
3114,0.009591585009135099
3115,0.7931149211208164
3116,0.0522827518830311
3117,0.0040553823196127
3118,0.42023425028152134
3119,0.5273398749077827
3120,0.00209177386220055
3121,0.01193689091328465
3122,0.0157857890302991
3123,0.9869758826879913
3124,0.02899854555252475
3125,0.4020790122494251
3126,0.016321307206075802
3127,0.8246196780760662
3128,0.00473457669541725
3129,0.03916644369755335
3130,0.7289881088004719
3131,0.812449540798114
3132,0.0579313885267889
3133,0.1405682525646792
3134,0.013605400870952699
3135,0.0095358214807368
3136,0.22142881427164002
3137,0.0149655530866121
3138,0.0318777565336274
3139,0.98257729473743
3140,0.12332726264524871
3141,0.00743466235072885
3142,0.9429836262025675
3143,0.6400724149421602
3144,0.9744069104035737
3145,0.04917236817897875
3146,0.13495849802526344
3147,0.06978216681549634
3148,0.15265110605829155
3149,0.9682901067385876
3150,0.0021295545014
3151,0.26951551027065823
3152,0.004773472317735001
3153,0.0167610097166824
3154,0.024667536264089497
3155,0.02217023518408015
3156,0.028563464320474352
3157,0.18621902722523656
3158,0.0045024711693681
3159,0.0484503340861595
3160,0.8052300360321074
3161,0.04094743565909345
3162,0.9487846240994
3163,0.016222603585082852
3164,0.15783544220315726
3165,0.0291698801071223
3166,0.06399345789081895
3167,0.020502665915847297
3168,0.0251704656530733
3169,0.9607995626001495
3170,0.013367390331421251
3171,0.18415466384842566
3172,0.15503270374551753
3173,0.0172484025010344
3174,0.9300634061070712
3175,0.7239149514264007
3176,0.0022639088950992
3177,0.2870810757801801
3178,0.24476595934544484
3179,0.00338266086651845
3180,0.1045381973945011
3181,0.031009059579319202
3182,0.1263623401980495
3183,0.6021904827330069
3184,0.0032935367083269003
3185,0.3313664063074184
3186,0.049383323229389445
3187,0.9766812209601576
3188,0.0185545569131615
3189,0.0250364462447877
3190,0.9982678103164644
3191,0.6688520870249999
3192,0.01202281997252365
3193,0.06812565899402606
3194,0.02603140638642125
3195,0.9065649999236383
3196,0.8386045983780543
3197,0.00893968257508195
3198,0.00511268088103175
3199,0.5026275379714427
3200,0.9928521084175056
3201,0.1257099815848599
3202,0.0069555949939383
3203,0.1064331752321296
3204,0.402053418347078
3205,0.9482697867739436
3206,0.7264999950102135
3207,0.0280085141364339
3208,0.08668081470533659
3209,0.9723003816197116
3210,0.0040455867749285
3211,0.9758034583647297
3212,0.055744985252156695
3213,0.7546195342669275
3214,0.026779658715671652
3215,0.05544770739717715
3216,0.9839990136637831
3217,0.9717668002523788
3218,0.9602165664349447
3219,0.9202064667067461
3220,0.7685724839407334
3221,0.11775944418450925
3222,0.20083851319436624
3223,0.9174986784486473
3224,0.0107111278516657
3225,0.010140490040555849
3226,0.16023138914424565
3227,0.9925994099818298
3228,0.9685931276187427
3229,0.6894858890878024
3230,0.03592285816194895
3231,0.01406661102653715
3232,0.26034909333982403
3233,0.2167810566260303
3234,0.184130726204602
3235,0.03289430263720185
3236,0.3302850817507078
3237,0.9198323108408363
3238,0.013691878786946249
3239,0.3869139341528537
3240,0.0342591444586719
3241,0.02170482493960465
3242,0.3189420793594864
3243,0.10377921544936795
3244,0.11141449430952435
3245,0.8280742368325981
3246,0.21005918560400424
3247,0.18300121757347027
3248,0.05971904230659025
3249,0.0393471182624993
3250,0.3867537870700334
3251,0.017877628209220252
3252,0.03272644491891615
3253,0.0066438265435716
3254,0.2706429647490609
3255,0.01203194381565105
3256,0.0080709100349941
3257,0.0031086482097568
3258,0.8624549914580955
3259,0.02237243589125085
3260,0.7880484794685221
3261,0.21368573514723893
3262,0.02308021178484845
3263,0.548264865595864
3264,0.014163916626414301
3265,0.18479002755567195
3266,0.15747560330633387
3267,0.9103246483888836
3268,0.9872348897008008
3269,0.0428230568949305
3270,0.14673874408039825
3271,0.9121984786746831
3272,0.2677649221397232
3273,0.0500369566734343
3274,0.0098393488925401
3275,0.1908687723869136
3276,0.3209067355666518
3277,0.3281708379876571
3278,0.9705818829284523
3279,0.6146156192272627
3280,0.10649003687467054
3281,0.00552516340400255
3282,0.0850838010953606
3283,0.0089378831319613
3284,0.9806265921276602
3285,0.011498847511489899
3286,0.6520808480947068
3287,0.3679661514798905
3288,0.7283911158740769
3289,0.0047415446463017
3290,0.2732341300692482
3291,0.0211782854676256
3292,0.12337983866739086
3293,0.5724082759789177
3294,0.866150919341883
3295,0.9010957330593197
3296,0.0234865934999081
3297,0.7537790846785433
3298,0.707738713806908
3299,0.9486847925451026
3300,0.0029776463968692497
3301,0.05170731351391575
3302,0.6619533810457161
3303,0.009297076888436801
3304,0.3745836254280773
3305,0.9979007688817803
3306,0.9917581109427471
3307,0.7910307760510293
3308,0.6810357939175729
3309,0.035509540767813305
3310,0.987490443325505
3311,0.5436263237410869
3312,0.39795787015545636
3313,0.07440603498964074
3314,0.287914492988596
3315,0.19571955579005412
3316,0.9470671233967947
3317,0.9892384465915471
3318,0.5438946365569417
3319,0.972923294377595
3320,0.0023942838790517998
3321,0.01995900244725755
3322,0.0040194959380711
3323,0.0409177881479315
3324,0.8211560224905479
3325,0.0879940443312035
3326,0.00595207565580925
3327,0.0900481584793919
3328,0.03147080473812425
3329,0.9652460859689789
3330,0.9861005973005494
3331,0.128698794344419
3332,0.8843959201013889
3333,0.6716387462111062
3334,0.13476721347923531
3335,0.944861633349714
3336,0.9601848349860356
3337,0.8136090120404247
3338,0.4001739278058301
3339,0.05161006534005565
3340,0.9566868310600366
3341,0.940117095446064
3342,0.4297498045212338
3343,0.02110041669406345
3344,0.6404913419731324
3345,0.35179438578383737
3346,0.9583049134651687
3347,0.7823415767744502
3348,0.617250502149307
3349,0.01259032072353105
3350,0.08407420200532395
3351,0.46835002941011783
3352,0.7528686580802575
3353,0.02176606084634375
3354,0.0069591444321475005
3355,0.35405728517742585
3356,0.0130385730694269
3357,0.2682729493288696
3358,0.0031688166696101
3359,0.03013847778433065
3360,0.0029135354376016
3361,0.00277642949717585
3362,0.08851641362824875
3363,0.1812148428209152
3364,0.26966898636582437
3365,0.0089223585069121
3366,0.9445946112641688
3367,0.0812649380546247
3368,0.12140796241064865
3369,0.0098055318010122
3370,0.6446926549496406
3371,0.18421083509901726
3372,0.01408702121316265
3373,0.0043721399834795
3374,0.6394611637004695
3375,0.03523378774768685
3376,0.0138205648351164
3377,0.5732399028917399
3378,0.9765613510241706
3379,0.05169437809106335
3380,0.14293703565188925
3381,0.00986549292957895
3382,0.07812213893352005
3383,0.26306193522026666
3384,0.9674760392209709
3385,0.948491690896831
3386,0.0140062734643479
3387,0.01280022915218475
3388,0.31113334552444416
3389,0.14195454461227475
3390,0.3793605781057826
3391,0.9986009087761558
3392,0.0033872712852975996
3393,0.12788605751851045
3394,0.1409661208771273
3395,0.1044221798660613
3396,0.9582558737842146
3397,0.9911622161015214
3398,0.0058850534523951
3399,0.0386934169128792
3400,0.08415024141894145
3401,0.06053880257706375
3402,0.025034610780086952
3403,0.9410068728544073
3404,0.17001179931698757
3405,0.026399444040114697
3406,0.3876948718350196
3407,0.8608783834853517
3408,0.0558670034425679
3409,0.01621488734943215
3410,0.9913178054905531
3411,0.0791628065664162
3412,0.9765263131290024
3413,0.9280379175450755
3414,0.11954139811411865
3415,0.3472448077763851
3416,0.011454908383122148
3417,0.06744187589677214
3418,0.0110744733550388
3419,0.0681185353641224
3420,0.7489747687605415
3421,0.019007924569156898
3422,0.04882602009035785
3423,0.041028192291657606
3424,0.0354569467461546
3425,0.0261571144924674
3426,0.058481126116180907
3427,0.034533908328624505
3428,0.04309191484535155
3429,0.5694848204311802
3430,0.00278104937638065
3431,0.4870832552566092
3432,0.36980264004170094
3433,0.01156728493361285
3434,0.9685252137926748
3435,0.049832414878908604
3436,0.08244370933197956
3437,0.17677775506103574
3438,0.1531195966023006
3439,0.3052604684506124
3440,0.9342126806922654
3441,0.4771739895928112
3442,0.00385999832833715
3443,0.34829489200198827
3444,0.4775380982837779
3445,0.1633018363550604
3446,0.4904062729490591
3447,0.0325812608555787
3448,0.03257633277974535
3449,0.03688722762160075
3450,0.05186128903229545
3451,0.01808473403387885
3452,0.194151057261767
3453,0.8433431481621372
3454,0.9974623758530716
3455,0.89065423504797
3456,0.47450694625276724
3457,0.11415134247119255
3458,0.2751324940309766
3459,0.002554551443713
3460,0.0901130873202065
3461,0.9741345760042853
3462,0.2988554897555804
3463,0.0327931339766041
3464,0.01003067621020195
3465,0.03415991176698475
3466,0.006952929103532349
3467,0.009870035770994049
3468,0.13758725113059328
3469,0.8970435088195299
3470,0.00819127303458245
3471,0.4490795040030061
3472,0.027231122718125653
3473,0.0072641020903086995
3474,0.0049029834695788
3475,0.5809352725960154
3476,0.0927548801308858
3477,0.027042369960625298
3478,0.007843993577006301
3479,0.9772270753424919
3480,0.9708534456922957
3481,0.047515940129072703
3482,0.11058929612462255
3483,0.802181300873215
3484,0.0054289888443924995
3485,0.7747218237133559
3486,0.9815072605282125
3487,0.03338265644769135
3488,0.016953170968948952
3489,0.2605749400379315
3490,0.037389088237492096
3491,0.032655561976667496
3492,0.0954088376659741
3493,0.05816475833763165
3494,0.2730267430767822
3495,0.2938477837989056
3496,0.5587498762865724
3497,0.8099300931937488
3498,0.00172482416156855
3499,0.3947446046635068
3500,0.9613009007586752
3501,0.7702157883141753
3502,0.015456153725011301
3503,0.060631209099058
3504,0.06389053945026421
3505,0.00435900774093515
3506,0.017999708198840503
3507,0.11376094907782636
3508,0.747170175964656
3509,0.014703938018826999
3510,0.0068613688438280505
3511,0.9614200488755618
3512,0.00817765766276825
3513,0.03183744953741995
3514,0.03641429912864255
3515,0.039142126898562696
3516,0.01248019834696645
3517,0.9580446480624003
3518,0.5234598388965961
3519,0.9861747791212792
3520,0.01535514482057175
3521,0.0234596268080533
3522,0.26889518607244206
3523,0.1638806914297878
3524,0.30544043598091675
3525,0.17549093781783248
3526,0.2686818399954408
3527,0.01737663570025505
3528,0.048124144296719504
3529,0.6899157148291974
3530,0.023381863745487
3531,0.0270866180149174
3532,0.987486688079535
3533,0.0182734518728914
3534,0.15809700381825642
3535,0.0088503887014909
3536,0.02367270627460185
3537,0.0426094083324271
3538,0.0084252045570063
3539,0.959012169854303
3540,0.0045502065470348005
3541,0.10823055071164711
3542,0.035843383919386504
3543,0.7173819256344309
3544,0.050772246741833005
3545,0.0551999698463191
3546,0.0374801982717911
3547,0.00357722437685715
3548,0.00681119002165785
3549,0.022756531438392902
3550,0.0213487688788012
3551,0.9626923154480986
3552,0.9965980815963138
3553,0.31352205945515516
3554,0.455878433540712
3555,0.9803065244011788
3556,0.14953610102945708
3557,0.3586105113775614
3558,0.0035891127129857
3559,0.2661002492032434
3560,0.008791798419661951
3561,0.1320255221049964
3562,0.10040416590546815
3563,0.9522323472648614
3564,0.2906377738751754
3565,0.9499293867255287
3566,0.9551756520402896
3567,0.0500533445448431
3568,0.00413387348356495
3569,0.8637922733662251
3570,0.15201392576939626
3571,0.7990965737656803
3572,0.7284942914073671
3573,0.0044187083575819
3574,0.017115632388348498
3575,0.5919855473111347
3576,0.9985535038904185
3577,0.01860404525789005
3578,0.9788282860095625
3579,0.928258704358714
3580,0.28141147716434994
3581,0.008311309860388
3582,0.5742716605829647
3583,0.04414537222999505
3584,0.9909546782340717
3585,0.3157913764096839
3586,0.7469008276574541
3587,0.007175230780890799
3588,0.09622670260964836
3589,0.9883382334544466
3590,0.0526618386498181
3591,0.5246570808778808
3592,0.9131848365260271
3593,0.9023426294756609
3594,0.9830201443834502
3595,0.0394406664646763
3596,0.08646344537184875
3597,0.920251758556375
3598,0.021880726261526248
3599,0.01065023773926315
3600,0.9608713582561716
3601,0.00410671314642215
3602,0.00327390618553235
3603,0.0570376205554664
3604,0.07479586050442685
3605,0.2503974144346339
3606,0.9850909320098767
3607,0.001918749789747
3608,0.3391270172466363
3609,0.00140453225913805
3610,0.17875186333933765
3611,0.7566526773583884
3612,0.16833780130209494
3613,0.8988890358891827
3614,0.7997915724150582
3615,0.032611014694113
3616,0.01134354032389875
3617,0.0268738136355937
3618,0.988756121349936
3619,0.9105705070100092
3620,0.084007455208892
3621,0.5560557879333778
3622,0.00559833894388855
3623,0.9756211778823225
3624,0.01902060404040025
3625,0.5665146245743193
3626,0.6902765544203722
3627,0.4247601321004445
3628,0.26342221477111083
3629,0.0555639386837854
3630,0.9106593569765622
3631,0.0816922184460804
3632,0.0415429451002646
3633,0.029870359227141048
3634,0.0329484865595954
3635,0.01916755422972985
3636,0.04699360293419515
3637,0.0287759057781276
3638,0.9194440896274765
3639,0.02704754164746245
3640,0.09415596221564959
3641,0.13685160514835254
3642,0.0039980870998718
3643,0.0044307632935644
3644,0.9968999442628788
3645,0.7571254913136041
3646,0.936654059570478
3647,0.1063254556492385
3648,0.5660496011541745
3649,0.9284297918507954
3650,0.01116816782674615
3651,0.01191019097425825
3652,0.008600170101013351
3653,0.02358139485803055
3654,0.6697279886588341
3655,0.35294435054721757
3656,0.0105608017320166
3657,0.00256183095953795
3658,0.02410013162446625
3659,0.8386356750714423
3660,0.2063024897847598
3661,0.6475423066394927
3662,0.00808745958423365
3663,0.150244421972621
3664,0.008962162499873801
3665,0.4689799112009606
3666,0.8955827939758436
3667,0.026417857398564247
3668,0.8745912574994741
3669,0.7190698724334853
3670,0.1144847541639027
3671,0.00546367789216675
3672,0.0215423645379393
3673,0.7245807068329092
3674,0.10908505759536866
3675,0.9654475263159301
3676,0.0684614281388598
3677,0.12446804472691361
3678,0.9694618039389999
3679,0.9338455702632368
3680,0.0091188529131099
3681,0.0642899373900848
3682,0.01605179921032395
3683,0.1008603561976929
3684,0.508068767610599
3685,0.19115573677575645
3686,0.9930604321044589
3687,0.1923691548693732
3688,0.22420702221610345
3689,0.8119504580154063
3690,0.01729824612088015
3691,0.8069916232659716
3692,0.39050284942369806
3693,0.9965685933401044
3694,0.00868005418527705
3695,0.9389660985047679
3696,0.01368107593700885
3697,0.7786252790690942
3698,0.008372430581981
3699,0.025081711996537498
3700,0.34655061446885355
3701,0.0580864217402913
3702,0.9926124821354109
3703,0.1253978742410752
3704,0.9610624660461258
3705,0.9894767519261238
3706,0.2015524610201351
3707,0.31966878149234385
3708,0.31909895538177974
3709,0.00379188773723485
3710,0.01317896325283495
3711,0.969878846654969
3712,0.07778586672921084
3713,0.13119593445789374
3714,0.431578043815888
3715,0.0051696340395922
3716,0.10793231761386496
3717,0.7052481038544979
3718,0.945481625623233
3719,0.11752376091530085
3720,0.9010174255916623
3721,0.321846905201166
3722,0.9650022711033168
3723,0.9911594411078917
3724,0.0235209278257502
3725,0.10546671372705055
3726,0.037055552872567496
3727,0.1804432571978558
3728,0.21707151349936488
3729,0.5211303003822801
3730,0.9041363000398601
3731,0.01600926792230815
3732,0.1283184065429133
3733,0.054243205571123054
3734,0.026576323241144
3735,0.19531553695652498
3736,0.0034485962758434
3737,0.00786060377595795
3738,0.9931485216378757
3739,0.9619195793688664
3740,0.4267101596343164
3741,0.8259186419437611
3742,0.9406152164203244
3743,0.035747301719589605
3744,0.5046698705523002
3745,0.3035232976754859
3746,0.46800205611106666
3747,0.08175976821407195
3748,0.7269989036080311
3749,0.0129343022368373
3750,0.05523083635714915
3751,0.012761210363155251
3752,0.01639948842777665
3753,0.3310246082849761
3754,0.9332697613986469
3755,0.02318861051811245
3756,0.0177235363594682
3757,0.0483902931541389
3758,0.012340188227447601
3759,0.33126308404209603
3760,0.5996080050121082
3761,0.9412425715053253
3762,0.6219927512978526
3763,0.2895499817668026
3764,0.09344890407376315
3765,0.15778813394502156
3766,0.08578151768706099
3767,0.2465428187289591
3768,0.07088110221660746
3769,0.9543982809494762
3770,0.10530390566628545
3771,0.9858230293572527
3772,0.5298684975238446
3773,0.02431462935151605
3774,0.0102735755164751
3775,0.07878922835245206
3776,0.1056580365275379
3777,0.1289592461264294
3778,0.00627141682612945
3779,0.0471074405002363
3780,0.1507236404784375
3781,0.3505617591321185
3782,0.6191450573033865
3783,0.1156814529725856
3784,0.18089064908092284
3785,0.9083092438727918
3786,0.07057007517524815
3787,0.37723776558429956
3788,0.02153067343583395
3789,0.824669250554721
3790,0.9651381053150943
3791,0.9903004581238308
3792,0.9095771367231554
3793,0.10045673657874504
3794,0.29572483329600263
3795,0.5706721024718919
3796,0.9186113741666027
3797,0.0717813634462489
3798,0.17037262068794606
3799,0.0235826306741933
3800,0.0034742284891638
3801,0.0332491083295746
3802,0.9844374111243912
3803,0.14635428896251615
3804,0.8077057178277489
3805,0.022410692507637102
3806,0.11725363930053714
3807,0.9966322441592235
3808,0.22358332302221076
3809,0.0853179049331717
3810,0.08158275513231594
3811,0.11338941700587454
3812,0.06896865794385434
3813,0.024897074127296602
3814,0.955174887360795
3815,0.0328420423086792
3816,0.444822813621199
3817,0.0709536571699218
3818,0.9616123883118554
3819,0.9366172421330783
3820,0.3692395780672779
3821,0.0770798932195558
3822,0.9126786590234761
3823,0.03685014122767405
3824,0.04935076112681075
3825,0.9984624998719035
3826,0.44180536417654265
3827,0.04703527305197365
3828,0.8947230126629875
3829,0.0580244151140144
3830,0.059807511823734755
3831,0.9981515701781618
3832,0.00648891452606695
3833,0.12407002925468194
3834,0.5672148786274663
3835,0.0246087465281812
3836,0.7117715795506023
3837,0.9976627750005547
3838,0.6255486244337517
3839,0.955623278831929
3840,0.13663923570765923
3841,0.06373962263009775
3842,0.08110462175130385
3843,0.2338482346431383
3844,0.13639140563274832
3845,0.9953579448331162
3846,0.0093966452319828
3847,0.9708294744884232
3848,0.0025117575927147
3849,0.01713430528043065
3850,0.4784451447804958
3851,0.9867625121868648
3852,0.0578634579760064
3853,0.5595896777653928
3854,0.9251136826573544
3855,0.0033011034451669004
3856,0.0237040876615615
3857,0.01030095426176425
3858,0.03087203752517365
3859,0.038010023325347
3860,0.0139505172382353
3861,0.07032532294778085
3862,0.0230020765218398
3863,0.9676545886742288
3864,0.9982309380252131
3865,0.1806514164822431
3866,0.9983273210119743
3867,0.0230606940961379
3868,0.42656297201479254
3869,0.0294746689578952
3870,0.5927695498067719
3871,0.030028924932856
3872,0.46231597997878165
3873,0.34182593036316183
3874,0.07259425970888675
3875,0.9971249169900984
3876,0.2744934675634976
3877,0.9877558343453573
3878,0.0513321142271775
3879,0.00409538574589815
3880,0.9979032067269837
3881,0.9914345750198901
3882,0.2699782925937897
3883,0.4800827217802881
3884,0.02034190231681195
3885,0.05828108614461405
3886,0.9292754900786357
3887,0.2376561394251675
3888,0.08330973636637279
3889,0.0964066906589941
3890,0.02390774159910215
3891,0.9427038958536419
3892,0.008156451338644701
3893,0.8460942351208183
3894,0.08527867392293076
3895,0.3886239809331514
3896,0.13594608102870084
3897,0.9640631288819631
3898,0.31184559969307074
3899,0.26502923981443094
3900,0.06372655220243945
3901,0.00392778073036155
3902,0.946513032144451
3903,0.597602353645551
3904,0.0213945379355719
3905,0.1012992325236077
3906,0.9777103394812983
3907,0.053682380073728
3908,0.0641464270163536
3909,0.9984248196566465
3910,0.00297528847303405
3911,0.0055483121310791
3912,0.2879024753139118
3913,0.02648105891030405
3914,0.9107395341197408
3915,0.037659123406537806
3916,0.7622509200463718
3917,0.0265386418565395
3918,0.0811450716788022
3919,0.013674108950413651
3920,0.07091806657714611
3921,0.0050620029151876005
3922,0.3317108168711628
3923,0.037887530033035396
3924,0.048231684788076754
3925,0.9722058478401668
3926,0.40186180939676797
3927,0.0177741053515895
3928,0.0808172098982397
3929,0.9340156615531738
3930,0.9861848926931613
3931,0.00249233957231435
3932,0.3029476035139318
3933,0.00308591808970345
3934,0.9142073433712058
3935,0.0065864164535253
3936,0.12775569929287317
3937,0.22695258011694505
3938,0.9634573907289634
3939,0.04317250154357285
3940,0.11291234610133645
3941,0.9760043331328073
3942,0.01412513843396965
3943,0.20702909254438479
3944,0.8878955481231197
3945,0.7137305238449918
3946,0.03755897340505545
3947,0.008337729572298651
3948,0.2525558407149374
3949,0.9738382988200016
3950,0.04763543499671765
3951,0.06231231253912074
3952,0.9183540406764024
3953,0.024630169244740152
3954,0.9970628859982305
3955,0.008439416707468249
3956,0.11795833565835374
3957,0.3287367187724164
3958,0.11675534701255949
3959,0.9519298561162237
3960,0.07151955664458565
3961,0.042826865236125056
3962,0.02777523896005395
3963,0.8561958409361298
3964,0.3045260482888854
3965,0.1473835850576074
3966,0.6817725498235083
3967,0.014786475575346101
3968,0.0026585756008561997
3969,0.0901303557573159
3970,0.23691328814457663
3971,0.9743364550372142
3972,0.5730702157190715
3973,0.4040525743055642
3974,0.023114417691874653
3975,0.9279388451013298
3976,0.9445384388624891
3977,0.21635689702360075
3978,0.03508423289510215
3979,0.6552862826564394
3980,0.755802336406245
3981,0.9405372826753378
3982,0.9687832812822325
3983,0.0069355856642956005
3984,0.5180986651072237
3985,0.0150992007862061
3986,0.5199984341838297
3987,0.00340475038782115
3988,0.7809899306934345
3989,0.00967004847214745
3990,0.4549402499543399
3991,0.7002237232240454
3992,0.00789286759198565
3993,0.14677301872056606
3994,0.7988399481294148
3995,0.9686284702911487
3996,0.5764710528564176
3997,0.0034041735665014
3998,0.1868116997364891
3999,0.0202720336830984
4000,0.040150878383859154
4001,0.0347054302067062
4002,0.02061378290941955
4003,0.11478326788960194
4004,0.5841244519194528
4005,0.2229721443436903
4006,0.1296406514619381
4007,0.0052057062438456
4008,0.9913776508122301
4009,0.1025330899077884
4010,0.9977894833807136
4011,0.9094502555839213
4012,0.09461111465353511
4013,0.02343930600610275
4014,0.9985191586048899
4015,0.9555970788147579
4016,0.08697229905900411
4017,0.0558727428517792
4018,0.10552207282003155
4019,0.01367818696411775
4020,0.0292686951563979
4021,0.0358661155505142
4022,0.017090649460383252
4023,0.00718748868711455
4024,0.00481842720454175
4025,0.8213814323991857
4026,0.7135894925956086
4027,0.011277932911376451
4028,0.0385584858594098
4029,0.05086562927507355
4030,0.00659111913907055
4031,0.8773622427318841
4032,0.1240284317292933
4033,0.0204366629715465
4034,0.057221232255123405
4035,0.0245678242416545
4036,0.014976596041529549
4037,0.00943843509461845
4038,0.9697170513299194
4039,0.0068277023628062
4040,0.4519615534102522
4041,0.9780039424117615
4042,0.04341345537639995
4043,0.07170102387504154
4044,0.0220206083415009
4045,0.00404880650593115
4046,0.011155604247335499
4047,0.12487247021454245
4048,0.13842561570316336
4049,0.10956647361161595
4050,0.0744601150932102
4051,0.08759857684809175
4052,0.2260712723587341
4053,0.9031215539070316
4054,0.07655793170229035
4055,0.012365003972171051
4056,0.09333398455542755
4057,0.3468546361917473
4058,0.5480170839674757
4059,0.046537060606226
4060,0.07842608168346715
4061,0.9892481850623034
4062,0.1967972758816986
4063,0.3553007484362607
4064,0.3208129575511972
4065,0.15438319582545665
4066,0.0091230292709073
4067,0.4924009074775859
4068,0.01289645790461575
4069,0.0232401411797461
4070,0.0372848156902985
4071,0.9844317535445946
4072,0.0031522806294868
4073,0.0411714265305963
4074,0.06398360610012355
4075,0.02923070327444225
4076,0.4354493966054276
4077,0.07201640175671589
4078,0.3784351807928952
4079,0.13042113840881775
4080,0.00351559117763745
4081,0.7505385052539408
4082,0.9347604908401059
4083,0.23658352372144736
4084,0.0472610395076665
4085,0.16762453348757445
4086,0.11682383168687305
4087,0.00656630712158635
4088,0.10403067358946236
4089,0.01301013365355465
4090,0.16454292421571737
4091,0.00495855114219465
4092,0.161604479911152
4093,0.30819707373112465
4094,0.0128920634497714
4095,0.010800827392146401
4096,0.02741115808559095
4097,0.2270870170784581
4098,0.02597941696938735
4099,0.9708187631884235
4100,0.5114742108922283
4101,0.12120057956217059
4102,0.12207295249672655
4103,0.30608758723407614
4104,0.9743194391028445
4105,0.6211728944227424
4106,0.35976976641871944
4107,0.584726360105114
4108,0.9916630439630116
4109,0.9777285289198031
4110,0.10864490612005831
4111,0.0027552773747410502
4112,0.9795149653052919
4113,0.27425306063272314
4114,0.03469680720416615
4115,0.0136415223010403
4116,0.01598151623948205
4117,0.9919524100566062
4118,0.037594519991585904
4119,0.12973959526025844
4120,0.9629905958619764
4121,0.45217444381570837
4122,0.7533086777093168
4123,0.0063477143244279
4124,0.3924831304251659
4125,0.01085518659120575
4126,0.13109567922671206
4127,0.0589816551796533
4128,0.11638413828564581
4129,0.325698937280965
4130,0.011683116952879751
4131,0.2961120572273832
4132,0.9298910505526927
4133,0.9688772800450355
4134,0.02832998537981685
4135,0.3457561133726822
4136,0.023833173397869348
4137,0.8961826098114696
4138,0.0032139457142833
4139,0.0462623205816095
4140,0.9981184689264215
4141,0.9289670169220314
4142,0.0714413607605839
4143,0.05407356557842925
4144,0.9676114884669589
4145,0.08929942628008536
4146,0.1831316466986762
4147,0.19728892325534486
4148,0.23570639942225396
4149,0.0143506349351279
4150,0.2782731484168368
4151,0.05131132360713555
4152,0.009398727473111549
4153,0.12221838195027415
4154,0.5068412995532263
4155,0.794665681546632
4156,0.06907575031338305
4157,0.00225586910488195
4158,0.9667938352567378
4159,0.2079505136822078
4160,0.2292126168628127
4161,0.27777960058624807
4162,0.0074606196127693005
4163,0.0096002086810196
4164,0.9772843175432854
4165,0.24735761542978385
4166,0.00879682230740975
4167,0.9914933052466195
4168,0.1981258098603939
4169,0.0949690424134258
4170,0.998172199062634
4171,0.03020443657268765
4172,0.8924342825310401
4173,0.0314270651663904
4174,0.01446354942288575
4175,0.3480868470197518
4176,0.030549929524101998
4177,0.0062163310331675
4178,0.8372184523784748
4179,0.20486948028124485
4180,0.9640106588686681
4181,0.34146286413084675
4182,0.00546459254633225
4183,0.7940373502730342
4184,0.9620614134880129
4185,0.7113010938259663
4186,0.976222416240107
4187,0.05125763992299165
4188,0.02227472486159055
4189,0.0867777230126057
4190,0.0017185652605526
4191,0.1948929103733953
4192,0.9649372333431026
4193,0.17013960682044327
4194,0.9092255637607595
4195,0.098041717701911
4196,0.9984476492956675
4197,0.7048022524344274
4198,0.10065131407980205
4199,0.8872698406910409
4200,0.0177199629872912
4201,0.5370442077104225
4202,0.1626337932976007
4203,0.1490468141562205
4204,0.052629936880841846
4205,0.056418695128213556
4206,0.5904546803804847
4207,0.2156925910407249
4208,0.2197871879297252
4209,0.16861629368497388
4210,0.2776603085989719
4211,0.12592009404649573
4212,0.1484072394406853
4213,0.4029494829799764
4214,0.03917391512601095
4215,0.0744058567899471
4216,0.01970561388367575
4217,0.9843797475995784
4218,0.9953010040117458
4219,0.00854007771404605
4220,0.159292647250136
4221,0.9860849539584151
4222,0.1518536926274616
4223,0.41267585468206547
4224,0.04841467516195315
4225,0.03987223790326455
4226,0.995521163246585
4227,0.4209573791884722
4228,0.01528497774236915
4229,0.31631978676703154
4230,0.8176960351591898
4231,0.0131086647101257
4232,0.0069096944749991
4233,0.052258770518140304
4234,0.00213763760000765
4235,0.3489138512831832
4236,0.037145091039457345
4237,0.08943332862778239
4238,0.0287400470890973
4239,0.1796949088189882
4240,0.5313060462889816
4241,0.9048373823199884
4242,0.01037564407963875
4243,0.03665925489626655
4244,0.9871291919375869
4245,0.0674665842515724
4246,0.02562982876816475
4247,0.00628678949498545
4248,0.06035221967521915
4249,0.5894447548830853
4250,0.6736565767182461
4251,0.13975291476123414
4252,0.0052327813693061
4253,0.8340222005439666
4254,0.0691326031052377
4255,0.0349007843895247
4256,0.07412531604001195
4257,0.004963042555114
4258,0.805209409664732
4259,0.0053652979712723505
4260,0.9847948480181664
4261,0.9716674017330234
4262,0.6262188641587264
4263,0.9346644519651894
4264,0.01297571816263755
4265,0.2669145769369527
4266,0.9324867744236018
4267,0.0254244443068787
4268,0.9580293643614433
4269,0.1587010324594122
4270,0.3009307865128109
4271,0.0100373936948026
4272,0.13642364104539173
4273,0.00656506856693495
4274,0.01155243955273835
4275,0.9473044385435401
4276,0.7271258485283748
4277,0.0130459380593958
4278,0.0130199168602875
4279,0.2143801372633558
4280,0.9863471288716492
4281,0.32682542053483443
4282,0.3084921953895201
4283,0.00757660111666805
4284,0.01390052322848595
4285,0.4014689346528788
4286,0.1038156790674549
4287,0.796525924713763
4288,0.7337331292949771
4289,0.01767730417965805
4290,0.7256733385020195
4291,0.03198864174143215
4292,0.02045019719884535
4293,0.7320091410080862
4294,0.9260318127497533
4295,0.333563926373723
4296,0.19279330606956185
4297,0.9792295237112075
4298,0.1239124129378911
4299,0.019198960917626698
4300,0.0951314275315777
4301,0.9985807164254181
4302,0.029639611714337398
4303,0.0738859262333732
4304,0.2654132788532982
4305,0.00940191496784625
4306,0.07027477952177169
4307,0.033597042706573294
4308,0.9483987738342858
4309,0.9605594998174324
4310,0.06648033603708906
4311,0.008637662942015949
4312,0.9778985959114421
4313,0.9214854430794638
4314,0.0520569968097543
4315,0.02129910259639245
4316,0.8856998546731372
4317,0.9181624194638407
4318,0.8222557138608935
4319,0.0103557907720394
4320,0.7961924113394776
4321,0.00316597869238655
4322,0.4330468830700877
4323,0.10225450844815995
4324,0.5380828379738554
4325,0.41809229147436033
4326,0.00224135628572625
4327,0.49501820875609703
4328,0.9837752509392844
4329,0.02357940405023105
4330,0.09103953187559125
4331,0.03429541611358925
4332,0.020748054792576652
4333,0.02759076736266565
4334,0.1430955351341428
4335,0.04149795164570605
4336,0.04178448898872405
4337,0.07108713104396974
4338,0.06767806122302705
4339,0.49435254413532076
4340,0.08725955651769621
4341,0.02763534279591915
4342,0.12407666573712385
4343,0.9793473340672161
4344,0.8847453789119245
4345,0.03114296267074335
4346,0.01053828999826985
4347,0.04445742077078865
4348,0.06967990913883745
4349,0.00361021209341655
4350,0.012176510651869699
4351,0.01895164087230765
4352,0.9875705674855032
4353,0.3441875765024348
4354,0.08192050955724485
4355,0.038827710230102
4356,0.959788134743971
4357,0.05827363553818285
4358,0.162819334766066
4359,0.005510586195768901
4360,0.9550052085369845
4361,0.4110350836746858
4362,0.8027991775780317
4363,0.0396387710492012
4364,0.8713994849298639
4365,0.1938364052926298
4366,0.12541713221557269
4367,0.9669479010464379
4368,0.0022621691128256504
4369,0.03868938835481595
4370,0.21909940734483563
4371,0.08703855385133265
4372,0.9984078655548241
4373,0.02675721629430115
4374,0.07845671060605755
4375,0.6694940808348031
4376,0.046794812344118045
4377,0.1396414281294771
4378,0.968559439960547
4379,0.9986691423202327
4380,0.08387390717045776
4381,0.02410708252762735
4382,0.09081502272039024
4383,0.2968759295247131
4384,0.8662813496754007
4385,0.04540147630953595
4386,0.11468865914487265
4387,0.0017943210770961
4388,0.06855141926226754
4389,0.0384473628265648
4390,0.7696230507487527
4391,0.0585079863597788
4392,0.9322668405214101
4393,0.08996268736686824
4394,0.452932019070114
4395,0.03011126632898295
4396,0.7835732932133315
4397,0.0022959526364229503
4398,0.9981813540731811
4399,0.0827320904032529
4400,0.9328234929203492
4401,0.2625490627102502
4402,0.09879387345395349
4403,0.0098229381649523
4404,0.03599269848580195
4405,0.1014817203913953
4406,0.0023579034435823503
4407,0.058994445624599004
4408,0.29375774860123005
4409,0.12846415788147136
4410,0.01364531713812045
4411,0.00218755487920755
4412,0.0137757571571079
4413,0.03610032921734825
4414,0.728420021145556
4415,0.02937245487171355
4416,0.2776059107378056
4417,0.040361243774674954
4418,0.015973107834573452
4419,0.26817275482227043
4420,0.02328582402421155
4421,0.00650845319031995
4422,0.0019451417066917
4423,0.1101725235479065
4424,0.0061295734617988
4425,0.05057288365775165
4426,0.0758069066982032
4427,0.0053143603883757
4428,0.02195682842693995
4429,0.11178105949185549
4430,0.021194653334683698
4431,0.38446148915036826
4432,0.0020498873349356498
4433,0.09504394921793824
4434,0.043227516085100004
4435,0.12501249432572795
4436,0.004728771765975651
4437,0.36618304140895996
4438,0.06553075501210584
4439,0.1455495340175616
4440,0.7787041146553533
4441,0.00713717450739915
4442,0.5551523163499497
4443,0.09182977226370295
4444,0.1797047798986148
4445,0.12301798279331269
4446,0.0516677605966566
4447,0.4046790659082288
4448,0.04067104383680485
4449,0.7510663287353403
4450,0.08880687589316365
4451,0.9214457991685603
4452,0.9537714875144581
4453,0.36690866877422784
4454,0.8968791879971489
4455,0.021267273744021098
4456,0.0709198258144545
4457,0.9820119369423512
4458,0.020949636866334498
4459,0.16408264718510865
4460,0.8015636544752927
4461,0.04776020501511885
4462,0.01838490604137305
4463,0.006590734699335949
4464,0.07209528234508325
4465,0.0154131948735759
4466,0.09589255955147799
4467,0.9974016648150014
4468,0.9494775508614668
4469,0.0334456985809119
4470,0.0978854215617144
4471,0.0107912787454555
4472,0.2241069209433389
4473,0.20633357521197804
4474,0.3317093486823489
4475,0.9869560140493923
4476,0.18679661436445233
4477,0.037065449703894
4478,0.8531596294616934
4479,0.16170875912430083
4480,0.6615210765782751
4481,0.0855951205748979
4482,0.0233051453348745
4483,0.9636537845174122
4484,0.02225428168731575
4485,0.0364438776923317
4486,0.9554460921252204
4487,0.1233148535528451
4488,0.05759124429276605
4489,0.0212926836617731
4490,0.075220133330555
4491,0.0021951104862861
4492,0.029526238217225248
4493,0.437266621969988
4494,0.20402932931416884
4495,0.16995525325302113
4496,0.1636750566982499
4497,0.23739964901084276
4498,0.01028820780525815
4499,0.02783880250767545
4500,0.41736227811110727
4501,0.0214296240539281
4502,0.223906885138101
4503,0.9849488258171515
4504,0.290818854053042
4505,0.16186509799881876
4506,0.5709006770385943
4507,0.0972839067403409
4508,0.0059918743334937494
4509,0.016928003901784852
4510,0.23643961208899023
4511,0.19151391918576094
4512,0.020174235228718952
4513,0.00173051866066585
4514,0.034928127446248694
4515,0.4472675203907696
4516,0.9558636149225318
4517,0.12123215252290201
4518,0.9799089539529455
4519,0.0825373901175389
4520,0.2062769460383086
4521,0.6074445644901396
4522,0.16242575129894765
4523,0.9565180986338218
4524,0.6533922591255314
4525,0.9619030634532192
4526,0.04459271673084475
4527,0.02289245133366575
4528,0.00209756136174735
4529,0.9790044090878705
4530,0.4560427668328244
4531,0.02411741378662165
4532,0.0081306336608255
4533,0.24361311130043667
4534,0.7814540003025807
4535,0.0286852233342487
4536,0.3665886778029176
4537,0.05376443932307065
4538,0.04373089588519235
4539,0.52668875127118
4540,0.31387680158214254
4541,0.013083351242859899
4542,0.018510461421543847
4543,0.9820035623976342
4544,0.9793048073518722
4545,0.039768933211674254
4546,0.2589611131450878
4547,0.0775292145857889
4548,0.7867108876175254
4549,0.0295193438490814
4550,0.10472450440341044
4551,0.9381697203474364
4552,0.7490650031832318
4553,0.2560245379646289
4554,0.0466056299799257
4555,0.1570787523635203
4556,0.04462809953938375
4557,0.6401104077363968
4558,0.9776709997492813
4559,0.653184475107971
4560,0.00210961325842165
4561,0.0072903980888065
4562,0.9795916876718994
4563,0.01334591115351395
4564,0.04620816803435435
4565,0.146859450424697
4566,0.0939231399091901
4567,0.4680643439251566
4568,0.00461665557634705
4569,0.0145043725756088
4570,0.011079742673182
4571,0.02391192773811845
4572,0.125859238800556
4573,0.0276723081143786
4574,0.5007245418591418
4575,0.01303692171978455
4576,0.14004514706632626
4577,0.23615641210068244
4578,0.06147301307363236
4579,0.023708676718726403
4580,0.13031159974816894
4581,0.13724337597170244
4582,0.9439087163119936
4583,0.033525006919496655
4584,0.9626093683587154
4585,0.901838215005461
4586,0.17211773241237655
4587,0.3767430270034442
4588,0.03581409671778445
4589,0.03132675288425605
4590,0.0488516290895881
4591,0.006076261547870349
4592,0.03636527855905765
4593,0.0175566234158094
4594,0.9649645101749115
4595,0.03405825829359755
4596,0.10833535864810295
4597,0.9769982823925112
4598,0.21349138737028814
4599,0.6783706075233689
4600,0.00820606411506545
4601,0.00481140932076635
4602,0.038150529445802
4603,0.03396186059294245
4604,0.0089078244101292
4605,0.13185017422067613
4606,0.1281465600486968
4607,0.11303404979377116
4608,0.9816440241333655
4609,0.010252120374847351
4610,0.9680333666306011
4611,0.07050123513030805
4612,0.16290829064683324
4613,0.0878431060127857
4614,0.9314725151987939
4615,0.9807652876207449
4616,0.032085202641125396
4617,0.31545728699119946
4618,0.987711092276339
4619,0.7505732893525335
4620,0.976363142844774
4621,0.04959669234750365
4622,0.5025735282980517
4623,0.06711650339356151
4624,0.32976738189480437
4625,0.0030239140651323
4626,0.1201282470046984
4627,0.07175691327922254
4628,0.9642470776805154
4629,0.13817067033124697
4630,0.07715458382009929
4631,0.9064478207583168
4632,0.0701626335078194
4633,0.822230102342443
4634,0.0193684964418643
4635,0.0481405169458772
4636,0.0770178902597312
4637,0.9663187041292756
4638,0.061331972192275555
4639,0.0332276991868534
4640,0.10739120732894655
4641,0.043133239067914095
4642,0.976917261562927
4643,0.9986082093667237
4644,0.9980116618371802
4645,0.0051523001269702
4646,0.6476822151545585
4647,0.1048506996605996
4648,0.03104610970254145
4649,0.591776225412085
4650,0.007589926044293449
4651,0.7436964492562614
4652,0.01418938248170435
4653,0.3094219680744912
4654,0.0970740325614631
4655,0.01642673709328335
4656,0.6685601989247996
4657,0.9701463858723653
4658,0.02063794617884835
4659,0.7355893138119494
4660,0.15404666251786608
4661,0.17829464378515095
4662,0.0407975881897071
4663,0.0716782548838759
4664,0.1565879352722479
4665,0.0027010426998998
4666,0.5041945114093858
4667,0.0095832641501178
4668,0.0437536280566657
4669,0.0178289621606071
4670,0.3286983974432165
4671,0.9967785518697359
4672,0.16133578549343597
4673,0.0069404845618935
4674,0.0056093165297372
4675,0.9477383548690295
4676,0.0259603441860866
4677,0.04731657877987905
4678,0.01588512811124865
4679,0.9474879621949804
4680,0.06179456729945035
4681,0.02625206599429345
4682,0.022867532456359148
4683,0.5028564001062817
4684,0.016874360447355248
4685,0.6695262323376695
4686,0.4299747795368949
4687,0.0145113161393071
4688,0.047561939418392554
4689,0.0735825324446736
4690,0.0392932794338155
4691,0.2479048431056289
4692,0.054655452524331
4693,0.9833090977984265
4694,0.026889069814054603
4695,0.5382462386034643
4696,0.11780289395204116
4697,0.49900473812784274
4698,0.990154256047955
4699,0.06632847570028895
4700,0.5367606706166095
4701,0.117789352523119
4702,0.00858917120642045
4703,0.34045242730636094
4704,0.0145493297045363
4705,0.10291801368735025
4706,0.0394759628254777
4707,0.0071264536578092
4708,0.1058428316787469
4709,0.0327100682553669
4710,0.3029592580846719
4711,0.9734587165164095
4712,0.30285040902016847
4713,0.0231211577726393
4714,0.0040677984232368
4715,0.09045208931596835
4716,0.00178824142288755
4717,0.0404513403188599
4718,0.7663691114242229
4719,0.35628693628639807
4720,0.01843887834254445
4721,0.13449988929725354
4722,0.978260717424108
4723,0.8537766926505559
4724,0.0583917985573575
4725,0.010503384336905449
4726,0.13791208346309258
4727,0.0832512324042502
4728,0.17821169205145088
4729,0.0133049577912408
4730,0.0076652084579556
4731,0.00678273286730485
4732,0.09632045376625326
4733,0.9747461108193802
4734,0.021925335059470148
4735,0.01401501140414305
4736,0.9092901140823935
4737,0.21427696563732934
4738,0.7991617783236088
4739,0.3903883514869204
4740,0.9960124529813613
4741,0.01398339731294495
4742,0.9606768141866301
4743,0.04674832413817825
4744,0.10769310157887504
4745,0.2835514448617895
4746,0.06910951606018614
4747,0.053859168810529254
4748,0.0080263741978394
4749,0.22642314207286074
4750,0.7575362129460048
4751,0.9710311201608672
4752,0.037731942685268346
4753,0.16654687933288576
4754,0.14761922179734435
4755,0.19182085086123926
4756,0.01252559032950645
4757,0.05009542575953735
4758,0.0764324044851657
4759,0.09388108952524679
4760,0.9602362052257591
4761,0.6173461057810101
4762,0.05201775777945275
4763,0.00913876956163385
4764,0.008426888820847099
4765,0.3535545396930677
4766,0.14784157798216718
4767,0.6507283924180018
4768,0.953610193437537
4769,0.47793566583858804
4770,0.0135060615264996
4771,0.02735026314051255
4772,0.07362805976829785
4773,0.010415967163708649
4774,0.5844591691572594
4775,0.004692161839774649
4776,0.0609205210236088
4777,0.03243141192191015
4778,0.00842343492261155
4779,0.987585636443575
4780,0.9920902007027348
4781,0.30704945975094533
4782,0.9898789442776461
4783,0.18557992452750244
4784,0.2868782911181731
4785,0.08784223453484699
4786,0.0254044237042619
4787,0.8768229773188854
4788,0.11223865668580915
4789,0.0040738065216069
4790,0.00640379053471085
4791,0.0115967151034412
4792,0.8664446493804275
4793,0.9858970776226084
4794,0.07719408663073515
4795,0.0060267316254026
4796,0.996337718968257
4797,0.011391105202301851
4798,0.8580721338928312
4799,0.6220450789529327
4800,0.6427649900777704
4801,0.52429780373655
4802,0.0073917994943353
4803,0.0114901313099064
4804,0.02604286071066135
4805,0.016077472509212598
4806,0.38500076955510254
4807,0.9666263515005671
4808,0.07891795396353804
4809,0.035776537982548054
4810,0.03133794130758395
4811,0.114836973399234
4812,0.1275660904604317
4813,0.7587514722567263
4814,0.9550755686853392
4815,0.24595421766040698
4816,0.4667154244121241
4817,0.0241149890309173
4818,0.15991173158678845
4819,0.175703662707171
4820,0.9941325068183704
4821,0.6076261047962619
4822,0.01076238428073515
4823,0.792934292913372
4824,0.3112787240388854
4825,0.7614697009496302
4826,0.028668330806358548
4827,0.084143508464053
4828,0.01588099780937035
4829,0.038905513693496305
4830,0.034474038673663804
4831,0.3035691562693499
4832,0.2607047401719769
4833,0.105076681828498
4834,0.0503621612875912
4835,0.0371976295897894
4836,0.03770659393089555
4837,0.050103319639091703
4838,0.0259777449676134
4839,0.00709969511495845
4840,0.9623790972769658
4841,0.2543105797528967
4842,0.986082246424663
4843,0.05171034477582155
4844,0.12789851186410434
4845,0.0982550115652052
4846,0.014737428039855099
4847,0.9761548781924905
4848,0.761751054935214
4849,0.0048199769106326
4850,0.42075620255735874
4851,0.05360131229472885
4852,0.44625437816808855
4853,0.7214583123373932
4854,0.6175508063839007
4855,0.2161251945844614
4856,0.66599185910219
4857,0.13972124897584737
4858,0.09892262615627345
4859,0.0479392202545546
4860,0.08865559675693646
4861,0.8398886407682964
4862,0.046053198406717996
4863,0.0193259455311142
4864,0.7075356808622957
4865,0.2513913627248755
4866,0.0052713704229651
4867,0.13705999551181058
4868,0.1565860874170785
4869,0.0032419603645629
4870,0.14280971824513244
4871,0.3322233196726553
4872,0.41467385992402894
4873,0.0967656598581742
4874,0.977098654715379
4875,0.2838021497044574
4876,0.0257472710634385
4877,0.02674562351450505
4878,0.8693510906430026
4879,0.6783652169331968
4880,0.8097511482820132
4881,0.9471055770425323
4882,0.06495819003847769
4883,0.06838771867800825
4884,0.13863618440141806
4885,0.8300424732194045
4886,0.97565264435324
4887,0.00669629607914095
4888,0.03616234307566865
4889,0.29792083678694037
4890,0.01943837191462005
4891,0.6778878716523895
4892,0.9878945655669555
4893,0.8880786050507983
4894,0.11996376348559545
4895,0.1652817327955036
4896,0.6347184332623261
4897,0.8783718292686227
4898,0.12787811787805425
4899,0.9326261544419145
4900,0.00735069043051055
4901,0.8537605108476123
4902,0.22538738767209793
4903,0.0473156036204396
4904,0.04114494247561355
4905,0.3038783364421056
4906,0.009679363342311849
4907,0.6808340427516064
4908,0.027290625109120448
4909,0.0503808922558351
4910,0.9591919389066026
4911,0.1738693402427656
4912,0.02620029248787815
4913,0.8869683557091396
4914,0.04361384494938955
4915,0.974281999638435
4916,0.49304836132465035
4917,0.5950041056258509
4918,0.9817975230500834
4919,0.712131669805512
4920,0.0269292869710357
4921,0.9730940915576404
4922,0.9815390708583502
4923,0.00683869963648365
4924,0.9707129652410862
4925,0.13833612229035963
4926,0.0148419737766395
4927,0.9127929627574707
4928,0.6083067823452071
4929,0.02301688478451275
4930,0.9802158597020877
4931,0.872521863424425
4932,0.7009879853753748
4933,0.9875490009787842
4934,0.12413746866043425
4935,0.057914964623928006
4936,0.03973816329356585
4937,0.5781505929999455
4938,0.0550124197498544
4939,0.9509059027512815
4940,0.0201125334859846
4941,0.0089613959817635
4942,0.41064032005377105
4943,0.008479347225184
4944,0.0268904872438279
4945,0.11148241248086255
4946,0.1192359344628929
4947,0.0596915071679048
4948,0.20050918715940655
4949,0.8854142430861123
4950,0.43075419089303446
4951,0.17154663961449562
4952,0.23038133045774872
4953,0.17419022521310612
4954,0.6609568072459262
4955,0.5522249624729407
4956,0.1076277038326766
4957,0.12138193456445384
4958,0.9859549019512136
4959,0.5764415400750489
4960,0.0024944458150395503
4961,0.8024730806521809
4962,0.06970149583068555
4963,0.27601367102675667
4964,0.8870799865283105
4965,0.0193470253476756
4966,0.0106625765680908
4967,0.3913747794869936
4968,0.004300047440421451
4969,0.19637939131880225
4970,0.9858979784597198
4971,0.14320380498054752
4972,0.0565694655712125
4973,0.011418005115994001
4974,0.031220507993115203
4975,0.8131130987570989
4976,0.17076852200062004
4977,0.7032846380959652
4978,0.011382113876658051
4979,0.8726971567384181
4980,0.5401631417044812
4981,0.00391288837266535
4982,0.06916166318253575
4983,0.954921771293629
4984,0.3398227382689527
4985,0.5318536925942596
4986,0.9903299421488612
4987,0.9859286131611578
4988,0.02799113784924745
4989,0.00179627713035025
4990,0.0055877964900115
4991,0.5845158026417562
4992,0.0079660817312734
4993,0.05295242972947155
4994,0.13979381801829022
4995,0.0159016911325334
4996,0.972259648643423
4997,0.01713720702756795
4998,0.29990038112742856
4999,0.5965799096223601
5000,0.02045270777949285
5001,0.011544204568691051
5002,0.06508285435270815
5003,0.5284497859946098
5004,0.4392215309629488
5005,0.1068769774334869
5006,0.0384585189117619
5007,0.7518856230144075
5008,0.9648905399822536
5009,0.05041789129318845
5010,0.0027646704674146
5011,0.5638398689346014
5012,0.0276743023347105
5013,0.09074096886695375
5014,0.12015353565262195
5015,0.6803857775957581
5016,0.8969626768344428
5017,0.45224551257429324
5018,0.9652029212734217
5019,0.96944661130579
5020,0.0169929391316474
5021,0.21253338897295654
5022,0.0131074394283356
5023,0.0017677831848629
5024,0.32535534337324684
5025,0.06494727302815465
5026,0.03939342203352805
5027,0.08599950836796995
5028,0.9976070223600868
5029,0.8844970085543714
5030,0.0085772552923553
5031,0.035104782766835
5032,0.14374157528795978
5033,0.9572526120673307
5034,0.916608309171699
5035,0.01478500310244665
5036,0.014254467706404449
5037,0.0023990295554087
5038,0.01625143256249895
5039,0.35789824729955627
5040,0.920150377333857
5041,0.17106823157616455
5042,0.9668716325888892
5043,0.0437147294616482
5044,0.014444698051552851
5045,0.3751830208843808
5046,0.11485450971087005
5047,0.0026647129887373998
5048,0.3918958865589102
5049,0.1777920175260192
5050,0.08646192743316955
5051,0.788592778522264
5052,0.0133300179425709
5053,0.13402421727195596
5054,0.11049784702796656
5055,0.0212866381415803
5056,0.9471290338702992
5057,0.014690651296199751
5058,0.9670142031658521
5059,0.08849982079894986
5060,0.13274390407595404
5061,0.03600270743616695
5062,0.01982313688928805
5063,0.0135306937546224
5064,0.03313031305018485
5065,0.35734817076371805
5066,0.5629375341805218
5067,0.06444057790755105
5068,0.972540862700547
5069,0.6085763546092604
5070,0.9722629012289128
5071,0.07437825058993536
5072,0.025078238963974847
5073,0.02714894708839405
5074,0.00876814113852295
5075,0.5596672281753075
5076,0.4240862505101096
5077,0.08240061909905061
5078,0.1750030405365258
5079,0.9765865340317317
5080,0.0223560308629579
5081,0.00361560772627745
5082,0.08386974087670965
5083,0.06276642478957566
5084,0.00284441194026705
5085,0.9674456495853154
5086,0.9982876141457765
5087,0.008528986535353701
5088,0.06047497920104525
5089,0.01269551245264245
5090,0.3511336799818771
5091,0.06333003221769165
5092,0.9955741554863295
5093,0.38732360067050925
5094,0.0587217992946776
5095,0.0859877091395832
5096,0.0215247441452898
5097,0.023827859409924247
5098,0.16956248098159044
5099,0.0029728504146567
5100,0.06905516393879679
5101,0.3349573579093086
5102,0.6610105075254867
5103,0.01446826408684165
5104,0.00851948057800025
5105,0.05164778293931045
5106,0.998121279091724
5107,0.9778023347291918
5108,0.5318890198587464
5109,0.923348831267883
5110,0.0154549416960315
5111,0.9578557991967848
5112,0.911247197430771
5113,0.21067362457836086
5114,0.9428759377793348
5115,0.8774337655974571
5116,0.379680023815102
5117,0.8240966431722567
5118,0.8126954205711714
5119,0.03214909191817305
5120,0.9489927527519798
5121,0.0381149911423559
5122,0.03987536674394475
5123,0.8763928789717268
5124,0.009291460088393249
5125,0.9672960099681647
5126,0.10440988635698256
5127,0.557898682559139
5128,0.06906363636172025
5129,0.4232348319439331
5130,0.032019287806340044
5131,0.022125485245907052
5132,0.14507219294162849
5133,0.1801563585533284
5134,0.6550865245542418
5135,0.49781487788416806
5136,0.00435481048136335
5137,0.7262725058843538
5138,0.022219255228984748
5139,0.16793730527075607
5140,0.0706166149596934
5141,0.19790226711815612
5142,0.15606279065472195
5143,0.00477859846715505
5144,0.007026420254725701
5145,0.0026804088280218998
5146,0.0326824270638994
5147,0.0181425293836167
5148,0.0325770954071687
5149,0.0117115228788806
5150,0.2792329129756548
5151,0.8162282723238985
5152,0.0817257860077758
5153,0.04181228289960725
5154,0.983686518328289
5155,0.1090879891429676
5156,0.006567656512882001
5157,0.019607806355865898
5158,0.00894068768052965
5159,0.043599254088772646
5160,0.10286213499303476
5161,0.032299186896093304
5162,0.0060422319216770996
5163,0.121022413357375
5164,0.02251039434964445
5165,0.24249070490170005
5166,0.46089254209299685
5167,0.0918429869323276
5168,0.0791668783123668
5169,0.0646199403793448
5170,0.15637864839092086
5171,0.8141541351190246
5172,0.6455540930613912
5173,0.06325500396964465
5174,0.0263133207635411
5175,0.9985456750537025
5176,0.3858523335083073
5177,0.9722884807931972
5178,0.9487837974183841
5179,0.9680159180691184
5180,0.02158199750987205
5181,0.14811583562411273
5182,0.22063821777196446
5183,0.0026868018465206
5184,0.15704246790071158
5185,0.050675680434101145
5186,0.0020006950373611
5187,0.04924476712804955
5188,0.9908027008219682
5189,0.02874713639733125
5190,0.08132440281672555
5191,0.29607882533417906
5192,0.10033646521661495
5193,0.33975538268000244
5194,0.35535362463429176
5195,0.3845977741225468
5196,0.06560433149481201
5197,0.01870359602212055
5198,0.023809664191758548
5199,0.0082515082040457
5200,0.00335121933730185
5201,0.120066095349155
5202,0.0892996505795107
5203,0.01753853186320155
5204,0.18590377028886285
5205,0.00838374172283855
5206,0.06803638432142431
5207,0.6428823022133053
5208,0.0143958443077348
5209,0.5159602790449097
5210,0.9751619972211705
5211,0.9319513940522808
5212,0.2909513690439269
5213,0.13659611000557587
5214,0.02442092356266325
5215,0.69654790503936
5216,0.9044950499250914
5217,0.02230251515833755
5218,0.519450535672966
5219,0.0027064955909248
5220,0.9428840570943222
5221,0.02468084263464545
5222,0.0441919810677482
5223,0.22890936833051975
5224,0.6729590827335288
5225,0.0073274027458647
5226,0.9748035727500162
5227,0.8403137025206264
5228,0.8869590206250724
5229,0.9944358940448249
5230,0.0355704380093239
5231,0.4524711852960651
5232,0.9531595860585912
5233,0.0283563434337636
5234,0.0492184386276496
5235,0.012217259783747051
5236,0.00926864375870965
5237,0.934368830347388
5238,0.14186664600786114
5239,0.02932423112343945
5240,0.020818530534642152
5241,0.03041931310202255
5242,0.02819582739069245
5243,0.0609753703913055
5244,0.990703508699541
5245,0.5391494944377925
5246,0.1047231834313825
5247,0.05321294593447695
5248,0.05098645693144285
5249,0.2341529688930996
5250,0.2839631891388631
5251,0.32325840746954004
5252,0.47562225010501447
5253,0.0062532816393624496
5254,0.02933586620589965
5255,0.27244461329127856
5256,0.00576499116219255
5257,0.27091156390224336
5258,0.8858442690063177
5259,0.7462042358980475
5260,0.06839767632965976
5261,0.0224158276653866
5262,0.7282593283195766
5263,0.00901048971058675
5264,0.2496141688836269
5265,0.05900761823104485
5266,0.9772029496368579
5267,0.00306219215463525
5268,0.16275978233634059
5269,0.0135290006824879
5270,0.2419666771296332
5271,0.11594484921178175
5272,0.9570924802842242
5273,0.01090743801042985
5274,0.41160759003027403
5275,0.796912055241193
5276,0.1581743378664794
5277,0.8141785360890121
5278,0.20883682028605835
5279,0.014344062782059599
5280,0.0140353025944332
5281,0.0031364150672383
5282,0.9826416235320576
5283,0.04849982861536995
5284,0.015776837404857448
5285,0.00684453848066
5286,0.021555992314137948
5287,0.07695629919823166
5288,0.061518143988127
5289,0.06659707411322754
5290,0.00405407979453595
5291,0.9869910672323118
5292,0.4519549148944073
5293,0.14310646560469886
5294,0.8580471976852726
5295,0.02156533692749095
5296,0.12323683419405734
5297,0.00537003094910715
5298,0.2905649449408998
5299,0.002539595970087
5300,0.01479532961576895
5301,0.41107474078993406
5302,0.5312137013313711
5303,0.11578341494684875
5304,0.0962054890465643
5305,0.04833842414227185
5306,0.10456178870691725
5307,0.9353217617942784
5308,0.0769981126018747
5309,0.08673201088463485
5310,0.024137076719202052
5311,0.8607811232629927
5312,0.16710674558206384
5313,0.03289418359078155
5314,0.7727847232622178
5315,0.20146598846028274
5316,0.09514502572798014
5317,0.08753318713642011
5318,0.0061282173080284
5319,0.6824754368447759
5320,0.07126696559083096
5321,0.07152750669523156
5322,0.10638192000901414
5323,0.0312483654666575
5324,0.9068186144780206
5325,0.1481618330151627
5326,0.0039953496423438
5327,0.026548153113096502
5328,0.07457289207159015
5329,0.958223584180373
5330,0.0114919944099771
5331,0.1113187774447583
5332,0.0069742709220511
5333,0.03278139589719645
5334,0.9646075783242859
5335,0.53635330662437
5336,0.0074438262925441995
5337,0.03342574670262715
5338,0.42821340248097184
5339,0.08451454910997855
5340,0.014997825216784201
5341,0.0043541361595933
5342,0.9708720615755634
5343,0.07796805108283605
5344,0.025561597031821648
5345,0.0103788612099977
5346,0.25453160972115696
5347,0.9504645331340189
5348,0.049211110623269
5349,0.03297282418069525
5350,0.8229821204619683
5351,0.9944842699178926
5352,0.7520771507288389
5353,0.03468113630066835
5354,0.21681646049158476
5355,0.819306580154713
5356,0.02558568790458355
5357,0.22014859224410238
5358,0.9976389813996791
5359,0.00843200489615285
5360,0.04553320408856325
5361,0.8134660566223233
5362,0.10862375348943855
5363,0.0083401771034696
5364,0.00583979339722365
5365,0.9785999852189697
5366,0.0026859051274085
5367,0.0033473274828563
5368,0.9102191800992476
5369,0.856722819525315
5370,0.0294564997328004
5371,0.03425527200632365
5372,0.013899480355454949
5373,0.2126699396425272
5374,0.00658921261605285
5375,0.0239952812744178
5376,0.0706347330097993
5377,0.013050119965708151
5378,0.046858944524594104
5379,0.27693794024560703
5380,0.4429679766626003
5381,0.03142995087565805
5382,0.22648252128440982
5383,0.10828103587094925
5384,0.06823593209713966
5385,0.04128582273425825
5386,0.0178765382248331
5387,0.6961631303466438
5388,0.014547872586511301
5389,0.9631657168202161
5390,0.5456369850989
5391,0.0108464357690717
5392,0.0055331141793272
5393,0.9817762916336883
5394,0.051640924433991445
5395,0.7733367150481045
5396,0.07730198323513784
5397,0.26281183077527065
5398,0.15668248254560746
5399,0.27645404221203407
5400,0.0183941013302788
5401,0.38513109731285644
5402,0.01179498008837655
5403,0.08279593989060174
5404,0.032313422653280854
5405,0.03779802001921835
5406,0.8890535662334933
5407,0.8317889150455111
5408,0.01465261725109955
5409,0.01328904621570505
5410,0.2021738207874985
5411,0.2154629321435497
5412,0.9532910563475943
5413,0.07088049835988675
5414,0.00537344350986045
5415,0.994859829051628
5416,0.0340628837982624
5417,0.07794586792069674
5418,0.06725093855611874
5419,0.3540336823736599
5420,0.0434129340391989
5421,0.05452228560121255
5422,0.07778882877416435
5423,0.0381221221640079
5424,0.9764150152823057
5425,0.9756208835276822
5426,0.03101175925119095
5427,0.0153591933870876
5428,0.0071236553377680995
5429,0.0025390645695903
5430,0.5709106318199624
5431,0.0449250266301275
5432,0.7890801663659297
5433,0.17330357550059916
5434,0.96843320291136
5435,0.6467456058967649
5436,0.9862082012746082
5437,0.029870428736607647
5438,0.1765192528088271
5439,0.44498005921829414
5440,0.9380927151642269
5441,0.008523568554852649
5442,0.034780070916400604
5443,0.45165452256728794
5444,0.012572296480453101
5445,0.8737693805642248
5446,0.10356412468941209
5447,0.15792339253030718
5448,0.040784842267511695
5449,0.00322831241288675
5450,0.9808373719830318
5451,0.0030889200811562
5452,0.9626398644779697
5453,0.1271279506874422
5454,0.052407483175567995
5455,0.9522730940789514
5456,0.0103225712329846
5457,0.039871568375685396
5458,0.005210571456769401
5459,0.9437276145998721
5460,0.9736780357134656
5461,0.018503071105565
5462,0.029404326475766948
5463,0.0342758657793531
5464,0.00927219088080115
5465,0.16407760828191245
5466,0.8248450563598666
5467,0.9933359605425665
5468,0.07112056155334855
5469,0.0618107294835653
5470,0.9955565583457073
5471,0.3574138163898172
5472,0.07394945380263196
5473,0.0039836811543414
5474,0.2301527049060218
5475,0.0069467175443984
5476,0.040995601229745146
5477,0.9249285421704008
5478,0.2009363723405598
5479,0.9580772755149586
5480,0.06545635922129955
5481,0.07262601161791954
5482,0.0143631918096351
5483,0.3773856044432127
5484,0.7532191780298161
5485,0.19068032993223288
5486,0.0425683280242202
5487,0.3853580650737697
5488,0.2881622038513722
5489,0.1779713599858695
5490,0.03775031504620295
5491,0.7729062512199765
5492,0.06780387496334185
5493,0.0171014770274136
5494,0.7754562131447316
5495,0.8220657963582834
5496,0.01055368753385145
5497,0.1709124091551244
5498,0.029716912940658202
5499,0.0056055953038116006
5500,0.0044740367766703
5501,0.1642982331631212
5502,0.01893306345040945
5503,0.0521254382574015
5504,0.9877055504216173
5505,0.9834018807144327
5506,0.02549083901469435
5507,0.275813154094908
5508,0.05287755254408775
5509,0.9873276781084659
5510,0.0095187662756439
5511,0.993675658134398
5512,0.005038161977981501
5513,0.028915664516980452
5514,0.2927186831056947
5515,0.00574233843028185
5516,0.0531606620936421
5517,0.10104604293394445
5518,0.23833209727448995
5519,0.0235116848482635
5520,0.0262611232783397
5521,0.9972720452654639
5522,0.8265746252984482
5523,0.1990375091185993
5524,0.9796261886622123
5525,0.09242127083855765
5526,0.0783202453185111
5527,0.8947632178205145
5528,0.0084737442739726
5529,0.023431506334270498
5530,0.0920293042709871
5531,0.04717083200698705
5532,0.11258627031128926
5533,0.07871762906647131
5534,0.2793730454374814
5535,0.037462059360188246
5536,0.0876427823875418
5537,0.050529081226262346
5538,0.0075416499264696
5539,0.05422336291591415
5540,0.798777177623937
5541,0.0067252447861567005
5542,0.1921352219342796
5543,0.0056160543477909
5544,0.01080805146268555
5545,0.8658478733552146
5546,0.5419885526088748
5547,0.0623752640145018
5548,0.05164917379709355
5549,0.9906858132584233
5550,0.0353411255630018
5551,0.14418391586925167
5552,0.0371045766809436
5553,0.04117239166449305
5554,0.475879181743538
5555,0.0804829889325284
5556,0.09538401462314475
5557,0.6064524821110293
5558,0.9804064495876221
5559,0.08520238636293209
5560,0.979361398395403
5561,0.6058755714699573
5562,0.00942718878352175
5563,0.0839959381324463
5564,0.013250051700132551
5565,0.9881829085704099
5566,0.40954502879779864
5567,0.024270261164057748
5568,0.035464662566920296
5569,0.06787860829695905
5570,0.9857688401142977
5571,0.025685409914263498
5572,0.00211802580861105
5573,0.047364762599561905
5574,0.8181299732881204
5575,0.3680886083089418
5576,0.0334443535596472
5577,0.0346622812481074
5578,0.19991300816224433
5579,0.0144697394836149
5580,0.9900737607413158
5581,0.19764206838113885
5582,0.01580490347360035
5583,0.016162849823797752
5584,0.5483526326866304
5585,0.0149742631508036
5586,0.3377652017967815
5587,0.724896092481192
5588,0.237589870385722
5589,0.1687514270238144
5590,0.046423320826290054
5591,0.020868686139805498
5592,0.5011561626255008
5593,0.00669488067748915
5594,0.031959819317569346
5595,0.06767585147316035
5596,0.5913531260120053
5597,0.9657445857787678
5598,0.0344019010876577
5599,0.9250566754202287
5600,0.9739779144661472
5601,0.08812728605189925
5602,0.0836550909222924
5603,0.5858035278179157
5604,0.0065060071801175505
5605,0.7530234376426281
5606,0.17813072818567866
5607,0.0030912712138399003
5608,0.4321502411190816
5609,0.824678008412191
5610,0.04717112054226415
5611,0.0668199203964808
5612,0.0491391626554189
5613,0.1986476709010567
5614,0.15169680116429865
5615,0.00239628212038325
5616,0.047085949837246996
5617,0.8734849165812927
5618,0.9974695606281168
5619,0.12258274734958541
5620,0.03909038006438455
5621,0.20611564650184055
5622,0.01979533637204385
5623,0.003938400014251751
5624,0.09972657527478271
5625,0.7336562300191769
5626,0.1282851218625615
5627,0.9969728553984971
5628,0.0515135448589113
5629,0.17336550565004277
5630,0.9792520321291946
5631,0.016943028361875
5632,0.0279560137469591
5633,0.0062216571165104005
5634,0.5027201847189076
5635,0.0757912560126141
5636,0.0032871163588697
5637,0.12762278429062524
5638,0.757220551881429
5639,0.00338460687927165
5640,0.018349281313678252
5641,0.14105291026198652
5642,0.0282838897478548
5643,0.8224212964416089
5644,0.05985538853065005
5645,0.0286856014574111
5646,0.7763950497762515
5647,0.0501576975548248
5648,0.02505423023928775
5649,0.042574415696211745
5650,0.0093024214499382
5651,0.17156020055177434
5652,0.035895847299003594
5653,0.01086157184894195
5654,0.0097657402556806
5655,0.9682270056210319
5656,0.2038822596845975
5657,0.19484523046037128
5658,0.016828389180367
5659,0.10088111882496885
5660,0.025239656063729403
5661,0.8701785005692604
5662,0.0435513216663403
5663,0.21598097743855776
5664,0.008320023274467299
5665,0.9454461094812544
5666,0.08648807999002175
5667,0.9480682308153809
5668,0.9977107587126354
5669,0.2716765956683746
5670,0.8884222071929071
5671,0.07349460118465545
5672,0.02323776635452405
5673,0.3212505706294348
5674,0.8666329145720478
5675,0.22679447942201608
5676,0.9962445965536393
5677,0.06179208906164545
5678,0.09195034494535481
5679,0.984536939244943
5680,0.018584414594326998
5681,0.0442512936618657
5682,0.47775065074566647
5683,0.18297602343154168
5684,0.056165504761263654
5685,0.10518863842762474
5686,0.0963273403195081
5687,0.1805081646568947
5688,0.0298181078257485
5689,0.0296529613631674
5690,0.016145364281385098
5691,0.0103885702022373
5692,0.02656306433491555
5693,0.2594783326652585
5694,0.0510819255522363
5695,0.4040238703704791
5696,0.41002686643358344
5697,0.2698119531307128
5698,0.0461296156015452
5699,0.3840946024075963
5700,0.06491987499244585
5701,0.9830544300500326
5702,0.08915306167268405
5703,0.30114385503985563
5704,0.88218410647105
5705,0.659450219701125
5706,0.09035549513919494
5707,0.024645831296569998
5708,0.1022737811252526
5709,0.9075561727404386
5710,0.9653139044899413
5711,0.0743218504906431
5712,0.0029230432979972
5713,0.01356784725056665
5714,0.27368966748760454
5715,0.024183638609045502
5716,0.00307441053166465
5717,0.9457577959392096
5718,0.954069539133625
5719,0.0024467720325703
5720,0.42501837855020846
5721,0.0034560542329414
5722,0.9952479410059114
5723,0.6123847506746698
5724,0.02237432765025755
5725,0.0568369462971271
5726,0.3289267013231222
5727,0.9737058079831005
5728,0.8409847019194387
5729,0.00693556186710845
5730,0.31090570765637476
5731,0.9789953910932074
5732,0.017588602002660998
5733,0.23627945709850345
5734,0.9965012044568805
5735,0.02175078923665865
5736,0.0022290630083216002
5737,0.9419135862349834
5738,0.8908922229076415
5739,0.00989739770892595
5740,0.2048061186411702
5741,0.0653839720872949
5742,0.1130587154745379
5743,0.9236719850361694
5744,0.2624987107293255
5745,0.0065403668470425
5746,0.0279312975310615
5747,0.0778301722363942
5748,0.0675723513893503
5749,0.3418372636701871
5750,0.9767542686225588
5751,0.004066475025106851
5752,0.11052949175731035
5753,0.01977714392424365
5754,0.0065446389222950496
5755,0.0406904022620586
5756,0.00697998499151525
5757,0.21772539028167082
5758,0.9319519043209998
5759,0.2593773876997248
5760,0.0184581836853471
5761,0.00472791449487375
5762,0.4397271782177121
5763,0.9633724340356198
5764,0.0019516289231947001
5765,0.6997223313194093
5766,0.9876867497866793
5767,0.043214367382192295
5768,0.8878544787009914
5769,0.0041322058633133
5770,0.095193323490954
5771,0.9977123110308839
5772,0.1759307705598786
5773,0.6725029620583518
5774,0.962906624038756
5775,0.1133926745132354
5776,0.8607551921129812
5777,0.0032124890138153003
5778,0.037788778821742405
5779,0.01453421588306885
5780,0.040530443660346055
5781,0.3639451128224003
5782,0.06993536385338014
5783,0.46555489359888136
5784,0.9657355065961062
5785,0.783782826666683
5786,0.0021816092962733498
5787,0.0770315723770991
5788,0.9792185727320746
5789,0.03695408176448545
5790,0.984737494711478
5791,0.9982064586675408
5792,0.042468555158275204
5793,0.2458149975929985
5794,0.11505518469459995
5795,0.09809444040844015
5796,0.10336834054544089
5797,0.9429934618707247
5798,0.990548114554207
5799,0.0244208088449078
5800,0.4446341328124582
5801,0.27696794135157377
5802,0.9643468744464883
5803,0.5046120306437778
5804,0.056049667361020156
5805,0.09170848895732935
5806,0.9264409738530164
5807,0.02342623930385285
5808,0.9982855130384665
5809,0.013425280419384952
5810,0.049799946579453705
5811,0.9627910741160205
5812,0.9871773100306359
5813,0.9817382375359704
5814,0.9633378408791271
5815,0.9585908537961771
5816,0.9386445734701983
5817,0.9472920105943402
5818,0.0296791937575577
5819,0.9942625511261665
5820,0.28673265564061556
5821,0.0206638361785151
5822,0.9981050246168612
5823,0.011302854092473849
5824,0.8734370823800917
5825,0.05043774659021465
5826,0.026090597607091398
5827,0.0159887181172588
5828,0.9517056224920593
5829,0.27704179485644914
5830,0.06774056312819929
5831,0.0904281680183078
5832,0.49715148832403366
5833,0.215281750247241
5834,0.06795825868922195
5835,0.6630695531623017
5836,0.1104441712012712
5837,0.5737569222924106
5838,0.018558023525427847
5839,0.00431879285090345
5840,0.006052720636378
5841,0.9477668261538603
5842,0.07309244265109721
5843,0.1791011555882669
5844,0.1391043687539119
5845,0.568914987861459
5846,0.9347280230340129
5847,0.19400039234121752
5848,0.10066519414299245
5849,0.08062065681712854
5850,0.9890513259572737
5851,0.9450290196537986
5852,0.8718967439501051
5853,0.0967299615047178
5854,0.8619340819817813
5855,0.00783528335825325
5856,0.1232757084485386
5857,0.06765276947951404
5858,0.5873418779908531
5859,0.0295693965733881
5860,0.9683138164341603
5861,0.0166638414729124
5862,0.6533459478157706
5863,0.11865743503482079
5864,0.18943582888613855
5865,0.14449637202773563
5866,0.06369974384943444
5867,0.08658253202931696
5868,0.06500678920991144
5869,0.05943544316734205
5870,0.002867512603282
5871,0.12585161672644504
5872,0.0073728373619050495
5873,0.09966105372038539
5874,0.991315427464348
5875,0.998117934732307
5876,0.05677695481474245
5877,0.9680743488781824
5878,0.15442515752344885
5879,0.0347554144403464
5880,0.3180731205736256
5881,0.1794285106784062
5882,0.0194235922728404
5883,0.1796709874583478
5884,0.7444815908194425
5885,0.009089161620694751
5886,0.5568605564972975
5887,0.935871262511342
5888,0.5646970150900482
5889,0.9543993436449828
5890,0.00782306495224115
5891,0.03591026388584105
5892,0.5525733157253615
5893,0.04111767555116595
5894,0.04411557339299005
5895,0.1031968752691364
5896,0.01232355353485675
5897,0.04888227501864505
5898,0.7059780801483557
5899,0.1221780258569264
5900,0.0927735226109637
5901,0.6730335389581581
5902,0.6994924766677002
5903,0.9587149062756514
5904,0.9818663310235713
5905,0.464123176526981
5906,0.045768967548049946
5907,0.9880323077928912
5908,0.02737546015685955
5909,0.07071055122208045
5910,0.15269533678681396
5911,0.11378192789023306
5912,0.9711287062682553
5913,0.0048130842065741
5914,0.07466386387484175
5915,0.1612331043294509
5916,0.00782813874019325
5917,0.010736652305122649
5918,0.9594238681442198
5919,0.07839513744627664
5920,0.9800122720264495
5921,0.0553410841129127
5922,0.0690544947759604
5923,0.07478858803413205
5924,0.2765278188806034
5925,0.08290138192933305
5926,0.982327656289222
5927,0.17961224975239837
5928,0.05721131801077445
5929,0.0065773607750997005
5930,0.0955879541417479
5931,0.9126458743109268
5932,0.043087297655057796
5933,0.9384510905999792
5934,0.5252249422670219
5935,0.19041256044364685
5936,0.0073554543044985505
5937,0.07602583818723666
5938,0.34948499388182896
5939,0.00500474942459775
5940,0.9595630554549932
5941,0.05809177579776055
5942,0.10007335004875585
5943,0.1056538092741517
5944,0.44210811740332345
5945,0.9855040334239593
5946,0.06039386506009115
5947,0.06725667815875055
5948,0.08295546075181329
5949,0.7076513496975716
5950,0.0098213080928537
5951,0.46643060835393896
5952,0.09913389912765234
5953,0.44144622377507425
5954,0.49504283021258594
5955,0.0254446106723602
5956,0.9314727462726823
5957,0.8258334690637521
5958,0.7621011987105367
5959,0.2465320936883551
5960,0.0593885826556506
5961,0.004352627847517301
5962,0.23112180722517894
5963,0.00542575413409945
5964,0.8914396666967295
5965,0.15571548154760917
5966,0.031942778949384895
5967,0.005926361765470451
5968,0.06494424712810254
5969,0.7074120347904835
5970,0.9592322796196493
5971,0.03927435902678875
5972,0.9290723320588208
5973,0.11068021585089946
5974,0.843666588848717
5975,0.6135462301269159
5976,0.00568805122432765
5977,0.30460409552592516
5978,0.2531194200715356
5979,0.9290945691365701
5980,0.26383271204546777
5981,0.2962514555031248
5982,0.0424540528540342
5983,0.020714875098515398
5984,0.9312527449707256
5985,0.039618208521923354
5986,0.14544106279910674
5987,0.0228447611065953
5988,0.741088627256324
5989,0.8957193755565058
5990,0.019579548588934348
5991,0.9831210181246801
5992,0.07988232491853
5993,0.4956407545647197
5994,0.01891999638537615
5995,0.045151869402732844
5996,0.04724535497236495
5997,0.9490590746879541
5998,0.7950378805136806
5999,0.8530572308602957
6000,0.03349673335474365
6001,0.7137109600534813
6002,0.6507822620551875
6003,0.39106000104668853
6004,0.058591790113796796
6005,0.0049416004743569
6006,0.7259044452945345
6007,0.9637503097139114
6008,0.6508250988050723
6009,0.9432285548413419
6010,0.0288082874892883
6011,0.9603193059117222
6012,0.0902001084308675
6013,0.18185820304128456
6014,0.01885110799800185
6015,0.0657604078086716
6016,0.06412076841737929
6017,0.03141166580513735
6018,0.9977405970216007
6019,0.02145137089515
6020,0.9766914150057956
6021,0.35123460949697466
6022,0.9731231396300604
6023,0.8809293448527619
6024,0.0197694954592419
6025,0.0970413605630912
6026,0.05445602862330495
6027,0.3377924142104941
6028,0.06740726741121356
6029,0.7086136959706887
6030,0.02989074789396485
6031,0.0243808016196558
6032,0.0607466287716302
6033,0.016899842491844952
6034,0.3535704325187623
6035,0.17425691939
6036,0.9531896848530931
6037,0.6034166905111321
6038,0.9115981757377869
6039,0.00652957232938665
6040,0.0600657275917205
6041,0.9721480454524506
6042,0.9685981388347871
6043,0.848922397515498
6044,0.9540520127750722
6045,0.9097171431366469
6046,0.0110429754886219
6047,0.0785038651356887
6048,0.30070851662867176
6049,0.5443439553749658
6050,0.01716959979189575
6051,0.18114273850422394
6052,0.07743412562657326
6053,0.0021093581540924
6054,0.01906496445594195
6055,0.07216676896882096
6056,0.15430527019552265
6057,0.017238963365042048
6058,0.16221633627655768
6059,0.8098266096733397
6060,0.01525095232618845
6061,0.3556574094651994
6062,0.055451070474739905
6063,0.9538100454772059
6064,0.008110695751123949
6065,0.0282771855423071
6066,0.16030759203814626
6067,0.0116876593173675
6068,0.5995517037680732
6069,0.0029580620001184
6070,0.03188705041938855
6071,0.01693756300278
6072,0.9980903556015156
6073,0.015213575116606398
6074,0.18149107155173988
6075,0.062036037888006046
6076,0.12638141276954085
6077,0.0764500266998028
6078,0.3472781576126649
6079,0.03718945194948735
6080,0.7959347351780426
6081,0.0088229059660152
6082,0.7366313333382264
6083,0.011393281364673349
6084,0.9856786629070886
6085,0.1700986870818978
6086,0.0365962515142043
6087,0.043409726180802355
6088,0.1951470508401327
6089,0.07202437698440985
6090,0.026722039573183448
6091,0.05516156314821615
6092,0.9755044356457732
6093,0.3101935796640699
6094,0.033465400263403
6095,0.4189776873043784
6096,0.9621208792841884
6097,0.051426239195895646
6098,0.0023992036777995
6099,0.9315371210536498
6100,0.9760065487504164
6101,0.8139819859871962
6102,0.08583669270649955
6103,0.2260470319344779
6104,0.07877202234434025
6105,0.0074524709633743
6106,0.0231301085687665
6107,0.7311223810045306
6108,0.976492424567827
6109,0.00381349321998535
6110,0.3041861611759447
6111,0.9610745048011239
6112,0.014127360879932601
6113,0.0054196889793138
6114,0.03246016483079825
6115,0.9633824077906303
6116,0.7165261607292523
6117,0.00549429539990175
6118,0.061152830569632555
6119,0.7009227329267871
6120,0.4172277204461854
6121,0.0097682243147876
6122,0.040954252071705
6123,0.8882535255566234
6124,0.09614577430740154
6125,0.5777836792293536
6126,0.0031073917333705996
6127,0.9063789555326851
6128,0.00621394848247445
6129,0.9011740661738163
6130,0.03306500671815725
6131,0.0389191514030217
6132,0.9595965689142911
6133,0.10321560085742285
6134,0.5410674002355483
6135,0.04539027334938235
6136,0.8514233337215867
6137,0.12145278801211085
6138,0.011867584460525101
6139,0.144299143192279
6140,0.0374778563870931
6141,0.9980536538051568
6142,0.8901239419445269
6143,0.8677000804559125
6144,0.0269211886472148
6145,0.9728025081478378
6146,0.6257537483544688
6147,0.03579580168674425
6148,0.7317861807608965
6149,0.21616402661780204
6150,0.02223978334976115
6151,0.047353337091595005
6152,0.03649106213184175
6153,0.025184385847155752
6154,0.813782046146407
6155,0.0152995501938498
6156,0.3508418063596529
6157,0.050487791118115896
6158,0.16599059880413053
6159,0.03486306079144985
6160,0.6485529467302338
6161,0.5572355932892856
6162,0.9609669749305765
6163,0.838802816866686
6164,0.0265228055397696
6165,0.2639394240628049
6166,0.9572543541204337
6167,0.9910219300725278
6168,0.8136041862677719
6169,0.3967361071381488
6170,0.768895187613146
6171,0.15260939345047259
6172,0.8222592773416962
6173,0.10625824503700924
6174,0.4052374516044597
6175,0.7750661669366878
6176,0.01376469381329045
6177,0.06811195892392449
6178,0.9250234879240625
6179,0.08703022762655255
6180,0.6732097972906651
6181,0.9631180468223203
6182,0.15742543862337616
6183,0.030810908125733002
6184,0.14015483513149019
6185,0.6014875845335996
6186,0.3677580357036059
6187,0.00367631558368395
6188,0.044598346611377196
6189,0.15652774284964432
6190,0.119222357595321
6191,0.997985536138623
6192,0.21162307725700555
6193,0.03222901181687585
6194,0.9856847782198983
6195,0.0125303400442121
6196,0.9738146689020378
6197,0.984748604898402
6198,0.8374801904010534
6199,0.037044073875430156
6200,0.9746715193924086
6201,0.00898412077361405
6202,0.0160608041301601
6203,0.018414583405526902
6204,0.1501664991514935
6205,0.02365347585649335
6206,0.02771797600927145
6207,0.02876295526293085
6208,0.9846245288861174
6209,0.24176257800223105
6210,0.4543513874941582
6211,0.937979363008302
6212,0.013872187563039848
6213,0.0092321035150288
6214,0.48872994021161686
6215,0.04942647849818235
6216,0.045364966177154
6217,0.040212308766615454
6218,0.20616222605899645
6219,0.1393780185924772
6220,0.07504226192488835
6221,0.7471701114732414
6222,0.01446102960661285
6223,0.01164219964786525
6224,0.01018785858831185
6225,0.0032544386354646498
6226,0.0043788457703608005
6227,0.02670578478937085
6228,0.02937073474508195
6229,0.9686673619385233
6230,0.0022329806713239
6231,0.08153696695238971
6232,0.08071366643294905
6233,0.03339957942547945
6234,0.9971054330547928
6235,0.4805567124565092
6236,0.12058413290835504
6237,0.27504278766962653
6238,0.05577095199376475
6239,0.7664860258578813
6240,0.01914942878125475
6241,0.37882918175260194
6242,0.01095301512456655
6243,0.0128431865223397
6244,0.0016790817219852
6245,0.0026931799164574
6246,0.9783651510741114
6247,0.055662169969797545
6248,0.00876907418648405
6249,0.2311715276845024
6250,0.3546165164857703
6251,0.08031507312764925
6252,0.8918141601857011
6253,0.7792428677791674
6254,0.9286356238528534
6255,0.9567390005037899
6256,0.9942560569624928
6257,0.4512152068043279
6258,0.9964770521570778
6259,0.011120119254278
6260,0.00569134700618335
6261,0.0569548153990549
6262,0.0920177141999238
6263,0.30329978076588976
6264,0.5504004943188077
6265,0.07066335256894865
6266,0.9782395846805375
6267,0.04910104796140905
6268,0.0614217561406055
6269,0.00907695758574115
6270,0.0671742149186429
6271,0.02171562195548515
6272,0.1577200379739649
6273,0.03710563912816245
6274,0.15652244362721196
6275,0.0061274894568957
6276,0.9804785208400746
6277,0.0584094004666521
6278,0.08570154662844115
6279,0.9874103298839735
6280,0.132073606320687
6281,0.00281222910651055
6282,0.12926049029241443
6283,0.27888107283124286
6284,0.6444719092984904
6285,0.3827284935200592
6286,0.0275184126275553
6287,0.02711935009854915
6288,0.9886734027766402
6289,0.747252723091989
6290,0.0518531252998153
6291,0.07338613184290735
6292,0.035445767121945554
6293,0.11909808452439219
6294,0.8433128231908054
6295,0.0690348591553043
6296,0.7685653824943259
6297,0.0186013283057016
6298,0.15731572293076856
6299,0.9757722020823207
6300,0.876172860993139
6301,0.01743668956584325
6302,0.0205922560896681
6303,0.0185824147299639
6304,0.5731108066740753
6305,0.8864305125181072
6306,0.7939072852327138
6307,0.4416108571211937
6308,0.5325834704162125
6309,0.0229050050920074
6310,0.7483506337748314
6311,0.6221855095222921
6312,0.9661615188159158
6313,0.9970043761643888
6314,0.0337443528406982
6315,0.45685662651999004
6316,0.32626967139187957
6317,0.030678926914157398
6318,0.2943701822667713
6319,0.10520118211487064
6320,0.1285981644819429
6321,0.00344576300164285
6322,0.9984040615247711
6323,0.00317480101070615
6324,0.2072897243023442
6325,0.00324440617343515
6326,0.0064463406080301
6327,0.2553852079306599
6328,0.0080405297682353
6329,0.0364946770106449
6330,0.7143008792879728
6331,0.01388127078024455
6332,0.9974784231664582
6333,0.9463647832144111
6334,0.006171832061755
6335,0.9913787120743921
6336,0.29879568936163786
6337,0.6034006940072787
6338,0.1394196380896848
6339,0.23939971438030133
6340,0.0067130470567827
6341,0.019342749699370852
6342,0.7713428048964328
6343,0.0242098004678312
6344,0.10564649137863799
6345,0.02000248251252355
6346,0.1398380650380853
6347,0.0398214698740936
6348,0.07344739568081604
6349,0.9354974002513405
6350,0.8661020386938691
6351,0.3392934219503171
6352,0.5304481318051242
6353,0.048875204213566656
6354,0.0160922817686485
6355,0.1056553259772902
6356,0.15263181948050164
6357,0.16828328874987766
6358,0.00424890257576165
6359,0.2883900674085579
6360,0.14196150375531208
6361,0.20210624256475465
6362,0.020521007065458702
6363,0.982870568129881
6364,0.0105966529978709
6365,0.0335949387452598
6366,0.00358806675633575
6367,0.0490978486529713
6368,0.2122843050316
6369,0.9426420732952681
6370,0.41154758515667045
6371,0.04036281578490525
6372,0.0062165133176153
6373,0.3085687578723635
6374,0.062519793922827
6375,0.34267516615016924
6376,0.47192108157259494
6377,0.12422681867614725
6378,0.016100915452274
6379,0.01623397098813105
6380,0.005981320417908199
6381,0.3178664026137577
6382,0.034533496833418054
6383,0.0359195237556038
6384,0.04879860187591885
6385,0.9944616520422537
6386,0.12970326919882594
6387,0.019217364837210447
6388,0.8040476958505793
6389,0.6864114501352421
6390,0.7893639548947782
6391,0.9148518793818322
6392,0.040207358753991895
6393,0.0150015352442463
6394,0.012158086307689001
6395,0.8181157713564613
6396,0.22334073954397166
6397,0.9824186224867943
6398,0.9486716405687874
6399,0.9550805310941963
6400,0.8560211821030999
6401,0.9894781990185977
6402,0.9278062654012103
6403,0.0017144107675966
6404,0.0033119870758967
6405,0.534896205123573
6406,0.9685331888878503
6407,0.9407969475098017
6408,0.4630852266749015
6409,0.6464478959635882
6410,0.018195865728147048
6411,0.2534238546402783
6412,0.3113167776771185
6413,0.9447616726577419
6414,0.00288889335597915
6415,0.9767007971883928
6416,0.12296826856199938
6417,0.5215262207172099
6418,0.046924816746537895
6419,0.07201352140939696
6420,0.3455322649445186
6421,0.0913733129224748
6422,0.0432068026509737
6423,0.09969462054853775
6424,0.9424181016879073
6425,0.623942450299248
6426,0.2107171427179426
6427,0.17451762952087174
6428,0.1575662391692306
6429,0.9787511415575794
6430,0.9888523713253918
6431,0.0470154782634113
6432,0.09778882179749805
6433,0.0023190997942879
6434,0.07518098645933925
6435,0.0665018926641119
6436,0.09094504791205665
6437,0.9869820271298366
6438,0.0683821837182528
6439,0.058557000085008
6440,0.0221901299358165
6441,0.03307272751530145
6442,0.0163997611977496
6443,0.009750817699286249
6444,0.945948967265294
6445,0.9252750355509792
6446,0.1404519064134063
6447,0.02359309691013875
6448,0.00964185889461
6449,0.6605922254900053
6450,0.0287669580994682
6451,0.6735556593086711
6452,0.0549542176920637
6453,0.0144507601185744
6454,0.255578032442092
6455,0.1232013473625494
6456,0.878431377577855
6457,0.050372885642446005
6458,0.6023919069893678
6459,0.012216031258115
6460,0.02288306430559625
6461,0.08563425292517055
6462,0.025188391535485848
6463,0.0039818747533284
6464,0.9593057851761151
6465,0.4734432117589289
6466,0.08234499984449195
6467,0.3323963208970888
6468,0.037644889737408746
6469,0.9768662749966432
6470,0.9306022195082295
6471,0.3693369489737049
6472,0.04019415789435675
6473,0.06934249910143665
6474,0.32043773524746666
6475,0.0771877262884426
6476,0.1841528553948272
6477,0.0048773018330459
6478,0.1104147635312826
6479,0.7126520740353965
6480,0.0127695539583693
6481,0.02367713879683385
6482,0.6672292583240178
6483,0.060447622987680846
6484,0.06320293029716215
6485,0.1483958722996172
6486,0.39420944424341287
6487,0.019629534521492298
6488,0.049238421944535246
6489,0.013940474373195351
6490,0.47481256336387323
6491,0.1368025209308485
6492,0.9725661427247421
6493,0.030397951681694402
6494,0.10474973262677535
6495,0.17567105862680527
6496,0.0502199420318022
6497,0.9674746248690664
6498,0.6817554912318171
6499,0.24808498433526824
6500,0.9980000182548202
6501,0.9969405001442095
6502,0.0064422134352798005
6503,0.9657754112334602
6504,0.010162481660810449
6505,0.9318475291421684
6506,0.9984819241458383
6507,0.14238489107981278
6508,0.0948210414202271
6509,0.06869075181695969
6510,0.17501384018346844
6511,0.9875462106934332
6512,0.03517726930802505
6513,0.9752918464917251
6514,0.0108217524261299
6515,0.05121187318597135
6516,0.0042626096607326
6517,0.0419222788310742
6518,0.13012738113579297
6519,0.09973170597760075
6520,0.8998796002646865
6521,0.10169949119257041
6522,0.0020595585695428
6523,0.4952094548928548
6524,0.0839069801962577
6525,0.20553531834580205
6526,0.0893635699150913
6527,0.0071312616875452
6528,0.00653218928009075
6529,0.01835553557403145
6530,0.00625649754710125
6531,0.9665543357259672
6532,0.25309890462489554
6533,0.42171532198885514
6534,0.7617457999419954
6535,0.11384373829524246
6536,0.7886194895322614
6537,0.0295589154233446
6538,0.0056311894546102505
6539,0.14608032720383154
6540,0.04971348609628565
6541,0.9493789709480662
6542,0.01177603821361185
6543,0.02485298017351155
6544,0.022512222425409248
6545,0.0801807655887301
6546,0.09671721307105205
6547,0.8853738318401038
6548,0.12115055068315844
6549,0.9857936100719937
6550,0.060712969692733945
6551,0.14467985658252625
6552,0.5983927226313737
6553,0.05977777012351735
6554,0.05242828960522665
6555,0.5667403324326202
6556,0.9929502328517883
6557,0.43382135705204117
6558,0.9788268319873318
6559,0.7051281205322777
6560,0.8348546280904509
6561,0.18664696792023755
6562,0.5670462757656605
6563,0.9762679655306992
6564,0.01171537998648945
6565,0.46845499573810023
6566,0.9682674700229466
6567,0.13751166998293057
6568,0.20250627640088337
6569,0.5109172766596506
6570,0.0711169754354113
6571,0.02953365977272565
6572,0.0457461263305853
6573,0.9857774017159736
6574,0.0706923398452502
6575,0.5792361814162548
6576,0.1241959639905174
6577,0.07093406634744814
6578,0.1045597331545072
6579,0.20038206025147814
6580,0.0037629404113111
6581,0.00451947931208075
6582,0.11063150260862295
6583,0.13423053973990684
6584,0.6997574895839394
6585,0.1061630615919877
6586,0.526889756952035
6587,0.9206458512710838
6588,0.0069053775424209995
6589,0.08165337698210895
6590,0.0168300576778064
6591,0.029825708036425154
6592,0.0579592296799392
6593,0.0781432160808242
6594,0.18586790424423025
6595,0.5504481423134235
6596,0.0645002236239
6597,0.01305726413604965
6598,0.3083380744292131
6599,0.9428109328082034
6600,0.2828212680207996
6601,0.7565093457863723
6602,0.0248170642731283
6603,0.5152628861099119
6604,0.00923742395085455
6605,0.037940983570393494
6606,0.7186248694240466
6607,0.015049938718002951
6608,0.8560913247215467
6609,0.010807513478552501
6610,0.03658939408350545
6611,0.0377106558679028
6612,0.9553248242407666
6613,0.020200797416286602
6614,0.26862219232756135
6615,0.0970210246586746
6616,0.01751823711073695
6617,0.02617239395353225
6618,0.9592852073183915
6619,0.08316224977972306
6620,0.3661793082674525
6621,0.9974025134831894
6622,0.9487921256786449
6623,0.00421358745148045
6624,0.04924300114216275
6625,0.1066164644452436
6626,0.11888496620876875
6627,0.02987718844265335
6628,0.00809280350286735
6629,0.02202104368400285
6630,0.16256186443731374
6631,0.0258405303803365
6632,0.031825725829107504
6633,0.15217962804422044
6634,0.018351700552371952
6635,0.1952821810082698
6636,0.019352736423562847
6637,0.0497220902750959
6638,0.0552395668366897
6639,0.9663758984801032
6640,0.0160211527739878
6641,0.0607138034546809
6642,0.9721632570486856
6643,0.1226981968768669
6644,0.19166132865190494
6645,0.29213913329916763
6646,0.9023895856876498
6647,0.1932203272603375
6648,0.9147691061916281
6649,0.8986789349572781
6650,0.18718441353529752
6651,0.9517408296380566
6652,0.38713274509002993
6653,0.23121531186189398
6654,0.15032685915139998
6655,0.12045950019583675
6656,0.0028567285087448
6657,0.7423042465299245
6658,0.0566856138306353
6659,0.9748771095845594
6660,0.04418224256035
6661,0.16408746280893527
6662,0.9821420324427133
6663,0.0292848730290256
6664,0.05251956492272975
6665,0.9289633452215658
6666,0.06772533163072314
6667,0.41854126792844576
6668,0.0372624993046115
6669,0.2122550113046813
6670,0.11244725989114865
6671,0.9579509066439916
6672,0.03020657066973115
6673,0.0038800027033717
6674,0.07240033144030525
6675,0.5111296722537174
6676,0.2492645575734409
6677,0.0334932606597608
6678,0.26238703832771393
6679,0.1004317581075679
6680,0.27390041062934223
6681,0.3582429810166283
6682,0.0224188637330804
6683,0.13939064679447244
6684,0.09882727053098575
6685,0.9789949485929725
6686,0.7310158970215663
6687,0.00328507196920865
6688,0.0037264728931512498
6689,0.912690425005114
6690,0.9805241738144863
6691,0.9973341194117598
6692,0.007392231410636101
6693,0.3809443437410328
6694,0.0413540136939027
6695,0.9542336387701468
6696,0.08592876709783095
6697,0.052976187270552796
6698,0.9862225798470421
6699,0.7794866946997413
6700,0.3551780520719131
6701,0.0138641182038776
6702,0.9382778956572104
6703,0.9390734674445504
6704,0.1479453903256179
6705,0.98019061277253
6706,0.01932234148919975
6707,0.05235144850814375
6708,0.04093419559098125
6709,0.16125197816675374
6710,0.08062432826200774
6711,0.05013223088774585
6712,0.0039658909100875
6713,0.44720958794821697
6714,0.9652069505651735
6715,0.024988149553878798
6716,0.04276725254336325
6717,0.8661737996939811
6718,0.9727629290820525
6719,0.1082368164800783
6720,0.00254983209473885
6721,0.00167951852264365
6722,0.683332368609551
6723,0.0487190798312907
6724,0.0059996224498948
6725,0.9983373504552102
6726,0.9141586307705475
6727,0.9387804069542687
6728,0.029983083987933347
6729,0.9582818223738334
6730,0.28133740353074965
6731,0.21634691654260385
6732,0.12064322349078474
6733,0.9869436532190334
6734,0.01749587220449645
6735,0.9934657219210599
6736,0.3261376000501722
6737,0.9968952757166085
6738,0.9837384695357275
6739,0.0022963934415793997
6740,0.007701169432412549
6741,0.00516261527247645
6742,0.1143374002829256
6743,0.06632600920858694
6744,0.02756948723890385
6745,0.00377842375429415
6746,0.7221995914032535
6747,0.5308416806803442
6748,0.9073944694080779
6749,0.12345590573944926
6750,0.9782029615011313
6751,0.29151634720729624
6752,0.01483693790858465
6753,0.27480385462722046
6754,0.0082956236673526
6755,0.23619618393391284
6756,0.9628493454609097
6757,0.0946672033808961
6758,0.7274283302689437
6759,0.02680644745866105
6760,0.067679150363081
6761,0.0233688259132227
6762,0.9529112804955836
6763,0.00314853758190125
6764,0.0448019913726171
6765,0.17338557625452305
6766,0.9321345458293344
6767,0.9866072759391749
6768,0.9444822064491054
6769,0.0283776287896698
6770,0.021582862172041202
6771,0.031857697467184
6772,0.9694841086485173
6773,0.0273846364943148
6774,0.0078367577377902
6775,0.0395407041678122
6776,0.121672369450297
6777,0.0593968342054117
6778,0.03178317799060375
6779,0.21036292808913404
6780,0.7865309500875457
6781,0.0118597581191385
6782,0.06753441832930951
6783,0.13246511193877206
6784,0.0050038600051209
6785,0.7286647082461735
6786,0.747893954628815
6787,0.8450274137241915
6788,0.8691709289685765
6789,0.09389911966216245
6790,0.01615908431297125
6791,0.6717366638745337
6792,0.9693131950643766
6793,0.09923883540562595
6794,0.31418280821293887
6795,0.960926063895478
6796,0.6460441129524994
6797,0.07601060835774995
6798,0.42569340046484644
6799,0.02565276476052945
6800,0.7327632959709555
6801,0.7005039570910623
6802,0.31559488392316964
6803,0.0965317645603874
6804,0.3850872996767643
6805,0.0046915893076094495
6806,0.7764372964553714
6807,0.0054337468281599
6808,0.04018704678671415
6809,0.1305867598319527
6810,0.7338476779991701
6811,0.02653904805652845
6812,0.0184406619454903
6813,0.8898940504864319
6814,0.0270169807427369
6815,0.2171575970198915
6816,0.03121702295389855
6817,0.014977589565654401
6818,0.9858317564190668
6819,0.012569565170946349
6820,0.052715957540686406
6821,0.9596106732278396
6822,0.00917899843076755
6823,0.18652477300995166
6824,0.01853636654707115
6825,0.02850867552947945
6826,0.0741899469602865
6827,0.0034745302333208
6828,0.9634704548357738
6829,0.0023289486737758
6830,0.9902856003541247
6831,0.04257457382781275
6832,0.0110030832095237
6833,0.0616628731968836
6834,0.0177509087614771
6835,0.6313581515910744
6836,0.5999284693510599
6837,0.9983022174118529
6838,0.20626381117298054
6839,0.12383559586623344
6840,0.8581434479559137
6841,0.0579225155760996
6842,0.8933285035709805
6843,0.00209345239501915
6844,0.09139721396544781
6845,0.9905450470743238
6846,0.1745484979993757
6847,0.00893521246209725
6848,0.7692070341413195
6849,0.026624196499892352
6850,0.0210917633575146
6851,0.6570946970509526
6852,0.10527086340965945
6853,0.7667049575794571
6854,0.08026360191130225
6855,0.0405523750097327
6856,0.0925752656399374
6857,0.8705181029762465
6858,0.9849040328843616
6859,0.9203756314161695
6860,0.8940566329723083
6861,0.018210795233626897
6862,0.09070537400120335
6863,0.0316233702769685
6864,0.122834973267215
6865,0.0027840452162122
6866,0.2104302019354948
6867,0.4541904398945321
6868,0.735655723480063
6869,0.1512824399549037
6870,0.8577999356802817
6871,0.9420737861741957
6872,0.009401790588742649
6873,0.14392157392192884
6874,0.06717549090093974
6875,0.14072935617754262
6876,0.9768327597463916
6877,0.7808305567669298
6878,0.0081458180216649
6879,0.03027440789393615
6880,0.0444566763021751
6881,0.35855580026314726
6882,0.9075756917611684
6883,0.5800279478464172
6884,0.15420669186857586
6885,0.04906428051695795
6886,0.9917829716465618
6887,0.7980602719761689
6888,0.7237466377210676
6889,0.09923565259657155
6890,0.9705692037147218
6891,0.0584562893075917
6892,0.01257739487331055
6893,0.04991768328082395
6894,0.13574415379359114
6895,0.05987039288195505
6896,0.9982910599030618
6897,0.0626062184499236
6898,0.9648821396248124
6899,0.01285620963243915
6900,0.4801839330688965
6901,0.006117597625950251
6902,0.03968660581365495
6903,0.0408599484336748
6904,0.03327674539284495
6905,0.9904632689381521
6906,0.8689788101024921
6907,0.07128075312977791
6908,0.04825416552351885
6909,0.0040903615015918
6910,0.7963288474246097
6911,0.0146296181916829
6912,0.9848592258206796
6913,0.9838101860180135
6914,0.0036265162939942497
6915,0.031128462869273447
6916,0.9769685093282795
6917,0.307424780658358
6918,0.7195216021331259
6919,0.010609320048147151
6920,0.033990816101367255
6921,0.6480556477384962
6922,0.0023651899863996
6923,0.0273364281345488
6924,0.03630985402679345
6925,0.0140050209250633
6926,0.5657534081342306
6927,0.010459894342445101
6928,0.0032241034712105
6929,0.012506759783877
6930,0.3136225411998145
6931,0.09017676430788785
6932,0.053331966717394
6933,0.8104291048162824
6934,0.04989169648082105
6935,0.2426639327686969
6936,0.00466530515744985
6937,0.00433938569115425
6938,0.27851739017381255
6939,0.04878605876221775
6940,0.9204056031754392
6941,0.0038434085195049
6942,0.8758641239313472
6943,0.0468869736784131
6944,0.9358351279160844
6945,0.6538467025068845
6946,0.0034499852404617
6947,0.8280141793861129
6948,0.0089382010693921
6949,0.0826708052329245
6950,0.916446123455981
6951,0.7045662401788209
6952,0.0705388737948143
6953,0.0033918221182119
6954,0.0178759940866819
6955,0.9262979664840709
6956,0.0592836559190775
6957,0.998302749062428
6958,0.9264912836870574
6959,0.0801816883209436
6960,0.09272941428960205
6961,0.1608322018406124
6962,0.5982874846000439
6963,0.0393165540359608
6964,0.45453167588261745
6965,0.009176708026401002
6966,0.030085855969548853
6967,0.01517021777662005
6968,0.9852922018224284
6969,0.9943029609815548
6970,0.00178405695219555
6971,0.00325982097390165
6972,0.07879641027417195
6973,0.02154748847881805
6974,0.33758905556830543
6975,0.1012345123457388
6976,0.01646252159762945
6977,0.0899595335696773
6978,0.01067593277753015
6979,0.0264036820558047
6980,0.5239282950110322
6981,0.0731864004203356
6982,0.9984441809216302
6983,0.271261576595752
6984,0.0328831322531103
6985,0.38101862258054053
6986,0.8574258478508164
6987,0.11331947363930661
6988,0.059366224612005455
6989,0.00897215093977035
6990,0.008375628409122
6991,0.006000368586013549
6992,0.054752659992688454
6993,0.9083137817896381
6994,0.8499284977456767
6995,0.0454825303411311
6996,0.4165213626754632
6997,0.911516085665683
6998,0.0088379260283318
6999,0.053842341749034295
7000,0.5030788727540478
7001,0.1134903265937527
7002,0.09070207694721169
7003,0.1521739955684122
7004,0.00221897587555385
7005,0.0686641100089942
7006,0.005483909071453149
7007,0.9719228054261817
7008,0.0723396697715491
7009,0.035632624741893396
7010,0.12843892232325935
7011,0.9262459120040026
7012,0.00551877593343835
7013,0.4304993115483686
7014,0.7068536494162729
7015,0.0049134027372031
7016,0.9359914181871081
7017,0.06016212121134945
7018,0.30747377895980266
7019,0.023392456049306502
7020,0.01820996646244505
7021,0.011381543905506851
7022,0.3830764659927759
7023,0.2382750810115108
7024,0.7497693656961543
7025,0.03337077617243415
7026,0.0139654193294862
7027,0.03740491660467995
7028,0.05883051238516135
7029,0.0952729157799891
7030,0.279311973335057
7031,0.9796998112455669
7032,0.0085322007729504
7033,0.9140755983970901
7034,0.11760009147845321
7035,0.30990510806614047
7036,0.8785886164523726
7037,0.9511341197518179
7038,0.02479554147449405
7039,0.0024791162007176
7040,0.08520087539074785
7041,0.947441526458416
7042,0.0061167936380995
7043,0.6286249115772646
7044,0.0281623470019082
7045,0.18348022335878436
7046,0.5918527544461089
7047,0.9014525000519154
7048,0.9488696412240368
7049,0.45457115177901236
7050,0.14483996577809885
7051,0.03077108519953585
7052,0.02744476807686195
7053,0.09726563910752485
7054,0.01661761554625405
7055,0.1080049872933016
7056,0.17599110587690975
7057,0.22831276385118035
7058,0.6925097968493161
7059,0.05289685077538235
7060,0.0186495817611328
7061,0.8168269837732447
7062,0.9496084237492621
7063,0.044912884280305904
7064,0.04921959440514285
7065,0.1561132986570393
7066,0.18052387233966122
7067,0.03176556665556725
7068,0.05391335024403235
7069,0.9613689161475294
7070,0.9895300522824115
7071,0.0901548842911348
7072,0.0058569736955028495
7073,0.0395258616123864
7074,0.05863151099084565
7075,0.9983531225653378
7076,0.5220695599503693
7077,0.9891709666083874
7078,0.9281658744046206
7079,0.41979999854272604
7080,0.0473347146868223
7081,0.2156054449077587
7082,0.03263166283316945
7083,0.7680274516102557
7084,0.07608645393270165
7085,0.6059983353639196
7086,0.3010144341682023
7087,0.01009883778089845
7088,0.0171405034721153
7089,0.9310376695597673
7090,0.09629426156119744
7091,0.33075400390117826
7092,0.024886429261415953
7093,0.7145700922655972
7094,0.7905533709514273
7095,0.5483981179317943
7096,0.22562350916417712
7097,0.02429119829373605
7098,0.984438188034868
7099,0.0047241221769921005
7100,0.9984611406644606
7101,0.8762167138394201
7102,0.4713056260638967
7103,0.9981797759150153
7104,0.00250975500680165
7105,0.02962004241184455
7106,0.006098706079649151
7107,0.1114205263836347
7108,0.042329574415114646
7109,0.0029185573024601503
7110,0.0033304283701918
7111,0.42806321268096764
7112,0.23776793673784796
7113,0.2568910458489112
7114,0.9881907774754076
7115,0.02483246274393605
7116,0.0386727180669564
7117,0.4667150826106218
7118,0.01974318932601315
7119,0.22556433606866635
7120,0.1392210468732428
7121,0.01288870552103045
7122,0.0280380397345592
7123,0.0373075196764797
7124,0.7692250625555374
7125,0.03342805740332675
7126,0.4582082127720123
7127,0.14595515193434516
7128,0.10522914870828914
7129,0.9491792280310556
7130,0.030813356599506098
7131,0.9711513094833337
7132,0.2622391806407458
7133,0.0089473901366785
7134,0.9655251832280051
7135,0.45923606014250706
7136,0.05981461614155735
7137,0.14064475925077805
7138,0.7476464873133574
7139,0.03473818186937935
7140,0.054476658310023
7141,0.01297444922868925
7142,0.046795360839806996
7143,0.00538662329463995
7144,0.9719491622962795
7145,0.13976593053499586
7146,0.0306189234124672
7147,0.00264213176762585
7148,0.9973649248283418
7149,0.09255209935351505
7150,0.0368014160818312
7151,0.011265386979605399
7152,0.08094294799852975
7153,0.49461787817161795
7154,0.06786402665603866
7155,0.19566299365494055
7156,0.0071711977822946
7157,0.02848857193624315
7158,0.01022404793741195
7159,0.028898443057259998
7160,0.02974076514950725
7161,0.9803776464020186
7162,0.00215286238575755
7163,0.8910330786299974
7164,0.9980071077807644
7165,0.022062419705127102
7166,0.09200529696167414
7167,0.5988525972277228
7168,0.9896055320674964
7169,0.22417293491439955
7170,0.9852641337250692
7171,0.44752470669870614
7172,0.9721246265433687
7173,0.9557991005081741
7174,0.02384452162535355
7175,0.07424685369274839
7176,0.538629145322192
7177,0.8881306097926919
7178,0.4406426628918054
7179,0.01105533735413715
7180,0.039169842725252396
7181,0.17707624873356287
7182,0.06898056436298555
7183,0.9258560291099248
7184,0.01733715013839645
7185,0.31712852511857514
7186,0.8597586298221407
7187,0.033130905596649704
7188,0.7653462393307082
7189,0.6532935011248926
7190,0.0344594681258752
7191,0.09473267652276166
7192,0.0211834591244947
7193,0.5843785212425167
7194,0.0410701356408802
7195,0.9902766000809318
7196,0.02324643859360815
7197,0.0055178081964476
7198,0.034065678919013145
7199,0.1672225467234594
7200,0.02961640319975475
7201,0.053126098093768004
7202,0.1221459215307954
7203,0.021389381352333953
7204,0.12791607481332545
7205,0.13243987118816902
7206,0.8378275454620827
7207,0.9788460816128339
7208,0.7067955322916684
7209,0.7694698107255216
7210,0.8764833415847352
7211,0.028896167498144047
7212,0.4164168893053134
7213,0.9871010208813148
7214,0.05860506698405015
7215,0.02859209711522965
7216,0.0195617302937929
7217,0.20550427048951153
7218,0.06304870137334051
7219,0.0052010537074487
7220,0.5097725691677488
7221,0.5331048983923982
7222,0.0021719934723727
7223,0.9747144501596151
7224,0.956579433381246
7225,0.0837988813546896
7226,0.024236768654943
7227,0.01492559029761065
7228,0.189156827111034
7229,0.1080530678218007
7230,0.9541668813446256
7231,0.0550159896848191
7232,0.45872515785285894
7233,0.0650911246778932
7234,0.9845912961957435
7235,0.061914041594277
7236,0.027073722486744
7237,0.3443576623605737
7238,0.7354711571522123
7239,0.4613635975541568
7240,0.004071756764850699
7241,0.39197302290378544
7242,0.2259521831252263
7243,0.01579596126826315
7244,0.9539477527036617
7245,0.08526439049839285
7246,0.0642043631864622
7247,0.078336872452418
7248,0.9566536003323962
7249,0.23688960476206955
7250,0.00698856238030595
7251,0.543856035630342
7252,0.26609426849155354
7253,0.37243374676152025
7254,0.0737223764277964
7255,0.1443866525420813
7256,0.6293320135674166
7257,0.6275287662659927
7258,0.0643778194196335
7259,0.0732813641724238
7260,0.740908043734731
7261,0.9569108176657508
7262,0.0517825681464981
7263,0.9474059190957331
7264,0.042903704034375004
7265,0.2107825541429896
7266,0.0539786562183559
7267,0.01684218819544495
7268,0.0061864235963449005
7269,0.0625385238993062
7270,0.02188593832391665
7271,0.0310463098732551
7272,0.3531942426314917
7273,0.09398365705585984
7274,0.0075604863129866
7275,0.9029428086642912
7276,0.0027469506737983
7277,0.04576898023011371
7278,0.188024063523998
7279,0.06434299054172725
7280,0.056739659697279746
7281,0.7665575464735974
7282,0.9640738940345914
7283,0.06248347303289026
7284,0.31610860885551056
7285,0.08652981577729871
7286,0.19220713952804655
7287,0.00220473642054125
7288,0.9454855765992662
7289,0.9478054000253605
7290,0.021807461221534652
7291,0.08969488694504865
7292,0.061453323490533396
7293,0.6267985942260876
7294,0.1999351194178041
7295,0.03280246413756145
7296,0.01566311412153105
7297,0.46382423328396344
7298,0.8560511751461727
7299,0.772654857996641
7300,0.27579427680415647
7301,0.8851636050609324
7302,0.9726387068244642
7303,0.4677391132018473
7304,0.0456949906166852
7305,0.14759452997817485
7306,0.11981852534363294
7307,0.0839260449744614
7308,0.0134228025611968
7309,0.0046810097531678994
7310,0.0889980833934775
7311,0.969188463120126
7312,0.0144606932981333
7313,0.730886549803692
7314,0.0347329942622004
7315,0.0067526129950197505
7316,0.10578803928345651
7317,0.12730400909308695
7318,0.0958814983140913
7319,0.6325358148984526
7320,0.029016228520376948
7321,0.9088444089705963
7322,0.00421237787458575
7323,0.0296281721475474
7324,0.8729577482502151
7325,0.03796720745993825
7326,0.025973493182395148
7327,0.31830423289407217
7328,0.9720060569290526
7329,0.00253207993100915
7330,0.9634605497453639
7331,0.08464786586280135
7332,0.06284918691562849
7333,0.11828665805018104
7334,0.0745736475367302
7335,0.0608715699780231
7336,0.1767973504970063
7337,0.036165936868703744
7338,0.047788796040875395
7339,0.07547127486782496
7340,0.10683906664248766
7341,0.6066278213717335
7342,0.018878204391517703
7343,0.9848753857632901
7344,0.08116638129514944
7345,0.01657714202551505
7346,0.9554250758681616
7347,0.17484960180099826
7348,0.0077070165159776
7349,0.9658182817178097
7350,0.543306421526695
7351,0.997990302538637
7352,0.4358636016393196
7353,0.0451362298053128
7354,0.0936414810214827
7355,0.02841615712909375
7356,0.8635827525514624
7357,0.00871370001872995
7358,0.034515911819868406
7359,0.15827345918916896
7360,0.0885795437256415
7361,0.0112674129276052
7362,0.023566137392638402
7363,0.8370622643860962
7364,0.02743130158597855
7365,0.02070488113523905
7366,0.010499280018309552
7367,0.29995104448063664
7368,0.05919666440240405
7369,0.0126432452377499
7370,0.08151738569610209
7371,0.0422788712903198
7372,0.018309538644875
7373,0.033621091160927555
7374,0.5122649938198862
7375,0.9806202725587325
7376,0.33196792300257383
7377,0.005175680368977999
7378,0.9409420188055342
7379,0.8079801861304108
7380,0.5340694757648894
7381,0.006066914264508
7382,0.029013506294872253
7383,0.004187403447503
7384,0.0155965935422086
7385,0.992559743771834
7386,0.1149855590992112
7387,0.9882538821065491
7388,0.0026505211869085003
7389,0.9173424515853277
7390,0.5391429929123247
7391,0.053486504294289944
7392,0.06907756975383525
7393,0.0189751587513025
7394,0.018016610408671703
7395,0.8248080583144424
7396,0.9982315976743773
7397,0.016111009956756052
7398,0.1088557318766927
7399,0.0253431072166847
7400,0.0141152490867459
7401,0.01118361283430965
7402,0.00789757196394095
7403,0.16252949603793682
7404,0.0092970610984638
7405,0.12333124453628899
7406,0.9252262788039681
7407,0.0082453049232389
7408,0.1482692112780118
7409,0.03683504061286515
7410,0.12446798042808545
7411,0.1263552451709143
7412,0.9973159761370827
7413,0.1450466783128146
7414,0.0189502073134114
7415,0.9984062169576577
7416,0.44685852937287396
7417,0.7194893056947242
7418,0.0147171732718409
7419,0.8818193126833515
7420,0.9306963525636721
7421,0.8700414543229458
7422,0.10682875421240359
7423,0.39556579504538947
7424,0.13155596502087
7425,0.1476478065235319
7426,0.025992699630826753
7427,0.9738911809736757
7428,0.16966212198906194
7429,0.8246493825363717
7430,0.9580561595068583
7431,0.03287506086196425
7432,0.0164890104076907
7433,0.410963090940917
7434,0.324896863699896
7435,0.5404415070836268
7436,0.9534734491877845
7437,0.05047201339916505
7438,0.9744269641901904
7439,0.05714324554068785
7440,0.0030215915190436003
7441,0.9116899110366417
7442,0.0187747080217181
7443,0.0670004918345031
7444,0.10972650499517256
7445,0.9789321742088958
7446,0.1606142516548852
7447,0.9614600774015942
7448,0.4359092096012958
7449,0.7155822238831724
7450,0.2893190544334585
7451,0.25251547452545464
7452,0.022108826067820102
7453,0.9596945301019806
7454,0.01658058751412375
7455,0.17090068003425712
7456,0.14315266798378712
7457,0.05737578735521345
7458,0.0427121447250878
7459,0.2275068637892709
7460,0.03477099602364585
7461,0.04541753337933075
7462,0.8067832843439295
7463,0.1026678814789519
7464,0.10723970173493999
7465,0.003907703952824
7466,0.00554932895463875
7467,0.7142657256831926
7468,0.2145167016128569
7469,0.02569567407162325
7470,0.25493511018278336
7471,0.7145240804709032
7472,0.2315203944218554
7473,0.0144643028601904
7474,0.0144952029130107
7475,0.05974100775234435
7476,0.0050592411184884
7477,0.020572770171698652
7478,0.0030835944542909497
7479,0.0123653401863576
7480,0.5965349315176236
7481,0.0831550108510548
7482,0.00546855461077025
7483,0.9974206689531608
7484,0.023142429630917
7485,0.011455365153918599
7486,0.12424325231244304
7487,0.1334914588160604
7488,0.05675613574678255
7489,0.0555881704487707
7490,0.0024288254199264997
7491,0.27564061192169387
7492,0.07900259299294704
7493,0.06686988181316975
7494,0.00704759570343225
7495,0.02641240273739075
7496,0.09512908191267005
7497,0.0376862589038468
7498,0.0391188334082123
7499,0.0055526802920427
7500,0.05489478336981745
7501,0.32144931952548556
7502,0.4994733047301749
7503,0.8142717392620045
7504,0.0147150432482125
7505,0.054972095349397454
7506,0.0216016435231949
7507,0.01657069372205805
7508,0.5559843071878374
7509,0.1898896846425581
7510,0.9531133836067234
7511,0.049126829356149454
7512,0.0977501145692386
7513,0.00482896743594965
7514,0.0317592257331618
7515,0.3033024691115703
7516,0.0468511257730702
7517,0.01943924097831995
7518,0.024468027485975603
7519,0.9416167701150089
7520,0.11766411351315906
7521,0.0104847098336335
7522,0.0203902444916591
7523,0.9323687977760728
7524,0.2889456992236789
7525,0.9761350082424118
7526,0.0113335383309411
7527,0.998332400431837
7528,0.16705357333865045
7529,0.09387187811203004
7530,0.0637086774597248
7531,0.00344712334712955
7532,0.9662660922675491
7533,0.15112871488708818
7534,0.016253765529813752
7535,0.9034877095618249
7536,0.8867397156772574
7537,0.2061700663363374
7538,0.0053461600671869496
7539,0.0119315712924761
7540,0.6764909335677624
7541,0.040047766432084506
7542,0.9464358204405262
7543,0.11606166075822569
7544,0.05152121494287195
7545,0.9823893399474242
7546,0.9980884413462257
7547,0.11538932850268266
7548,0.11692709530975551
7549,0.13242535702614905
7550,0.0323125945566552
7551,0.9751943286370405
7552,0.3125199061588011
7553,0.259108965867476
7554,0.25899128056347803
7555,0.8397070189860194
7556,0.23023966531301682
7557,0.010886735842074901
7558,0.2149410680766483
7559,0.15259212318731716
7560,0.7067809050705529
7561,0.16001152222510917
7562,0.07514937671086844
7563,0.04004726352071475
7564,0.45185306094614225
7565,0.07164562879322015
7566,0.575651826851616
7567,0.8554617236078687
7568,0.12130036654444909
7569,0.9772734110837031
7570,0.2108218137369373
7571,0.019631719649483098
7572,0.02765063736254265
7573,0.01428575104722535
7574,0.03781182042392145
7575,0.3203101967463211
7576,0.0159528939160239
7577,0.14423159559579635
7578,0.009470818366083999
7579,0.7823372809607664
7580,0.9859982360419014
7581,0.10861836150375359
7582,0.4921304643368361
7583,0.9171189893678473
7584,0.01010999209961415
7585,0.43715285024067907
7586,0.0756701270160291
7587,0.789368064055368
7588,0.0032133591773854
7589,0.9628876572843365
7590,0.3441280128030211
7591,0.12652331757646895
7592,0.0305054318671407
7593,0.0170374347013262
7594,0.0641487068077822
7595,0.9938981266444378
7596,0.0169590165501164
7597,0.7045297069345231
7598,0.6056169846545723
7599,0.09339252483421234
7600,0.01942802334414365
7601,0.00906110117852615
7602,0.02169159374429035
7603,0.8996586275222078
7604,0.03630532633733615
7605,0.1430794138536559
7606,0.8795243126993486
7607,0.4175940971516679
7608,0.0260320531615379
7609,0.0067375118447034
7610,0.1446636009127274
7611,0.0141654001916752
7612,0.0503165963327241
7613,0.04405936073592455
7614,0.10741534266581951
7615,0.8101681990861694
7616,0.34388024493073344
7617,0.0303216145311146
7618,0.21105728255664064
7619,0.23948594691377764
7620,0.0295685187521584
7621,0.1430711503766574
7622,0.973236068737847
7623,0.9913338851870386
7624,0.0623407973744505
7625,0.10743482780953045
7626,0.19214140002720426
7627,0.9803893923853229
7628,0.9085694916065076
7629,0.12180554414280495
7630,0.9596204687369518
7631,0.04897190168190485
7632,0.2575239909438716
7633,0.4174070989740326
7634,0.00258156432352875
7635,0.25168880532556676
7636,0.3118828525427618
7637,0.5182283155586808
7638,0.9342042636094083
7639,0.00796798899936025
7640,0.04698092556780485
7641,0.17091189792069422
7642,0.0885182396788321
7643,0.0499940252159412
7644,0.0029898392199871502
7645,0.20030166461927415
7646,0.0417740560158118
7647,0.07549633653678425
7648,0.0052288483501872
7649,0.01801349322701485
7650,0.9764021778633181
7651,0.9891227521773587
7652,0.5432868375056062
7653,0.011208034510525999
7654,0.0491912184813848
7655,0.9867371258962202
7656,0.459764492725946
7657,0.4586458403492626
7658,0.11178223270519791
7659,0.3983284081043692
7660,0.06670466319788675
7661,0.031153147195291102
7662,0.0194012088484438
7663,0.27135476611361325
7664,0.48301016904676564
7665,0.00442138887345945
7666,0.02585289027113005
7667,0.036381189532227354
7668,0.03465437663068535
7669,0.10601221577365985
7670,0.39214327731489124
7671,0.7637289091176112
7672,0.8299754401158398
7673,0.9245339742119698
7674,0.052625016330800856
7675,0.2617838084520049
7676,0.11793490912446185
7677,0.2089391098468831
7678,0.317415801892564
7679,0.03338205744233865
7680,0.005516750602785499
7681,0.0018626469440088497
7682,0.0047250538191412495
7683,0.8154687427415105
7684,0.016084813493408998
7685,0.9403897096458669
7686,0.9976912753666888
7687,0.013664939516649849
7688,0.060874887846853
7689,0.8926800074284333
7690,0.01572895149712605
7691,0.016411570529207102
7692,0.1626920694135288
7693,0.14217488241276638
7694,0.5189298443988963
7695,0.00556087971223495
7696,0.1391381530855584
7697,0.4560670245228825
7698,0.00412261371939575
7699,0.0749957985874619
7700,0.017287437428966802
7701,0.1655005654838443
7702,0.35106484296908064
7703,0.9540131977776527
7704,0.947433850654818
7705,0.0084608614003174
7706,0.1285978700334597
7707,0.4132782212079449
7708,0.0627607802143585
7709,0.0679860698681744
7710,0.02484549244455465
7711,0.07072659081985544
7712,0.01645898637712675
7713,0.6659281775681076
7714,0.0030849013740710503
7715,0.2643574802017432
7716,0.00422748973248495
7717,0.0505103306570354
7718,0.49756986515623935
7719,0.8157044318334109
7720,0.2022904986598221
7721,0.0295484662990805
7722,0.05395854145494455
7723,0.21919704006869262
7724,0.039562596427040755
7725,0.050278042965664904
7726,0.6168877496736038
7727,0.9396152994563005
7728,0.02899223744873915
7729,0.6991081546142119
7730,0.7546192159490942
7731,0.19268098950530066
7732,0.9880525854719435
7733,0.0098228919862345
7734,0.0554363759956931
7735,0.12869299565893566
7736,0.0104386875959409
7737,0.17710879340737157
7738,0.1448386944888358
7739,0.1410760921078681
7740,0.9981235568295825
7741,0.9982576282574447
7742,0.0153268274793201
7743,0.39823922813068596
7744,0.975408859209319
7745,0.9607003425100401
7746,0.045001433406176
7747,0.9350016021477212
7748,0.2771403584954758
7749,0.4215003156031816
7750,0.0117955796635307
7751,0.06850823098830945
7752,0.973586207041054
7753,0.20574236054105588
7754,0.016856010545379302
7755,0.6007838883945861
7756,0.4510072867064703
7757,0.0973277672776065
7758,0.8128429067013816
7759,0.061141477649830994
7760,0.0732014883775571
7761,0.5958766820532613
7762,0.09830265900245536
7763,0.18953098876763363
7764,0.056827555709743446
7765,0.0571145992749794
7766,0.0064681114652733
7767,0.0575579800337445
7768,0.9982764944860766
7769,0.8053154511166667
7770,0.5131802247947665
7771,0.28395564903681714
7772,0.011249167538144748
7773,0.1677325226172492
7774,0.9275057148430523
7775,0.8030818685809875
7776,0.0240664483168817
7777,0.1736075382798638
7778,0.960009482953956
7779,0.8557122893780503
7780,0.12389838115677801
7781,0.12554644024437506
7782,0.7875008587840825
7783,0.0590729923759126
7784,0.0476425316153391
7785,0.9966932709660681
7786,0.8119054700084463
7787,0.9407906942746187
7788,0.9863937383491729
7789,0.296758833486786
7790,0.9391303776050997
7791,0.9924976607438604
7792,0.9389535522538166
7793,0.3022461845819908
7794,0.9872755242651973
7795,0.6060330829277485
7796,0.0399160479198514
7797,0.0259719841142539
7798,0.037655116315248496
7799,0.9982152697104292
7800,0.5486021594885192
7801,0.3089410663159593
7802,0.0109350417048662
7803,0.0052282545652443
7804,0.0077155274583862
7805,0.09256871136516695
7806,0.8205924598248666
7807,0.9424649954999309
7808,0.7232654739950883
7809,0.01627803697745535
7810,0.9763442716976667
7811,0.9283598557919158
7812,0.06994998178149335
7813,0.9675317226857914
7814,0.9899712625135308
7815,0.22886883757872784
7816,0.27947477643939866
7817,0.0027101662112235
7818,0.00273219515444465
7819,0.0905565968071146
7820,0.055433822409654
7821,0.0030633189466435498
7822,0.1021964110653669
7823,0.9772550601521829
7824,0.0053261479300879995
7825,0.9734209575759755
7826,0.6215187346677955
7827,0.12896057616663958
7828,0.982742404279043
7829,0.919622645883697
7830,0.4282328773734999
7831,0.9284177765890753
7832,0.0811518330143665
7833,0.998730531389487
7834,0.0177881885086339
7835,0.06914595934400661
7836,0.9860567053296253
7837,0.024012768313553402
7838,0.02274662216504025
7839,0.0375616506877612
7840,0.9734389306794045
7841,0.01423537166148825
7842,0.23194412455460675
7843,0.028716060237869552
7844,0.869345162202102
7845,0.0079438467862572
7846,0.6374527384515201
7847,0.0032062384877655
7848,0.32462321535053196
7849,0.7827588738687217
7850,0.1927610432367492
7851,0.0027653874915775497
7852,0.7671400481109993
7853,0.0083869721783063
7854,0.1947055837987832
7855,0.9754589262837721
7856,0.02552740221549
7857,0.02516231538343775
7858,0.0272895924054704
7859,0.9606808217736829
7860,0.2117179691211408
7861,0.5057582599423716
7862,0.23073177665229166
7863,0.08625951831549265
7864,0.11872005785376645
7865,0.01099553669174575
7866,0.9012808651052826
7867,0.00792193495537145
7868,0.7778342146294621
7869,0.8008455787451607
7870,0.5565129832003637
7871,0.0705294372446542
7872,0.2505892652469198
7873,0.9678970257367243
7874,0.9693829795753064
7875,0.02381120528239605
7876,0.14213473509759925
7877,0.844168787072239
7878,0.9977133400561335
7879,0.8943480175294221
7880,0.9901470066856688
7881,0.2986580838513092
7882,0.9836551064874033
7883,0.5084076333317471
7884,0.0120806869089759
7885,0.07180730780746805
7886,0.00866284412931265
7887,0.0360844915867967
7888,0.8631785596570152
7889,0.0238034304387245
7890,0.908775324432363
7891,0.0252268607412851
7892,0.26900978206580894
7893,0.624125205881094
7894,0.00269265142335
7895,0.1181835842043066
7896,0.0261748508244735
7897,0.0411124239740778
7898,0.06444596577257294
7899,0.09306078483224435
7900,0.46759129757616025
7901,0.11386034894652305
7902,0.009910409225217399
7903,0.8449647499409896
7904,0.0037637566810659
7905,0.08204442096836935
7906,0.35137176431220596
7907,0.6668038516533432
7908,0.6096815053884269
7909,0.07852003974754705
7910,0.03423899577117615
7911,0.9912545125853209
7912,0.04469332436688665
7913,0.0115174776480843
7914,0.01627184931209515
7915,0.8567552508023673
7916,0.025293500809151402
7917,0.6981702753011285
7918,0.24342797208636305
7919,0.14664048356787396
7920,0.9294050629946218
7921,0.0894031797101207
7922,0.05499746763550005
7923,0.0067215142736203
7924,0.02826697078407185
7925,0.21706995380141386
7926,0.2015277359093527
7927,0.13198608299686634
7928,0.1860065844354836
7929,0.16383661824382229
7930,0.911963326388662
7931,0.00889734519573325
7932,0.02456871122190895
7933,0.02533523326427945
7934,0.00491427568936135
7935,0.2857604903074942
7936,0.08861659998376631
7937,0.1845884190542103
7938,0.117172393339041
7939,0.0734487321939101
7940,0.19544529293788804
7941,0.01882332810769455
7942,0.019449453366957997
7943,0.1798128466991096
7944,0.06133645677873195
7945,0.009909353084339202
7946,0.2796926602027164
7947,0.09097625782400176
7948,0.19584291410563415
7949,0.9734994839378506
7950,0.0804796490136096
7951,0.8780106074638077
7952,0.8951920821181387
7953,0.43996822457323737
7954,0.0834803737718597
7955,0.25395712653367675
7956,0.12551174823676525
7957,0.0187769261207668
7958,0.2942970587968319
7959,0.0489369181804907
7960,0.02998590643788985
7961,0.06413216830997875
7962,0.01769465221792115
7963,0.46961907102187883
7964,0.3252006420644721
7965,0.03316562333464755
7966,0.9270265384628429
7967,0.02534487353120105
7968,0.5864128218189916
7969,0.012577276963235
7970,0.9868163494676494
7971,0.002118649727731
7972,0.010554502399090001
7973,0.0204042858002066
7974,0.01141755433334955
7975,0.18904357330596877
7976,0.5792244415117055
7977,0.02466248553321575
7978,0.9177961473390662
7979,0.0292185619981703
7980,0.7936631793192781
7981,0.1022439176211627
7982,0.052890241671169805
7983,0.21192826257195296
7984,0.0070943390952231
7985,0.0168971793007647
7986,0.02437604279013155
7987,0.0296002694881167
7988,0.0823511734462071
7989,0.00606390996870865
7990,0.2763837155304349
7991,0.9803826009221284
7992,0.3200216072839883
7993,0.2089047422849544
7994,0.9599897542840596
7995,0.0236723331082673
7996,0.505754094662675
7997,0.9395769409224279
7998,0.07876030455586286
7999,0.9859554310629133
8000,0.01034754284949085
8001,0.0256950260247232
8002,0.6323108054971518
8003,0.0532363995206767
8004,0.20807347654095
8005,0.10071409199428565
8006,0.1431598447708036
8007,0.16594974380164054
8008,0.4367396725003859
8009,0.0072173829436543
8010,0.08494053608165765
8011,0.30864392234149296
8012,0.30412436699422596
8013,0.2900082855794158
8014,0.991324190978734
8015,0.10434858739657604
8016,0.05202567602320045
8017,0.175894045915651
8018,0.8119364501943713
8019,0.024440723703444647
8020,0.00269335860042995
8021,0.0213439539649539
8022,0.03958000750869735
8023,0.05654450647655835
8024,0.8259133334878327
8025,0.0154643124885322
8026,0.8360958428962733
8027,0.0072676602723742
8028,0.48466327750209315
8029,0.1050842347372019
8030,0.2606472421412686
8031,0.85074125684059
8032,0.027747771235169402
8033,0.0039303541548976
8034,0.10927758140724819
8035,0.4436695931488943
8036,0.00299687966246345
8037,0.014946931664918
8038,0.03348041561926805
8039,0.0064790065369595
8040,0.008968370483689252
8041,0.084967612012876
8042,0.8569527512397832
8043,0.8387393358490598
8044,0.01797789042901595
8045,0.06959028641122375
8046,0.0274557665257388
8047,0.3298480976309393
8048,0.9979103332581174
8049,0.02975511875098725
8050,0.37062494944798285
8051,0.9376570024596182
8052,0.0051971760406177
8053,0.9862580868403072
8054,0.00784787294289865
8055,0.1537991955967552
8056,0.9813400432841034
8057,0.9788947208759141
8058,0.1070022392223744
8059,0.06853953726555545
8060,0.0015685193362323
8061,0.03061193751067135
8062,0.4192652253254508
8063,0.03942419591558195
8064,0.10779573098923739
8065,0.7177303738053307
8066,0.23638300815754582
8067,0.5094589867182352
8068,0.0176648848443683
8069,0.10772776429029454
8070,0.4375776788628558
8071,0.8799410928901862
8072,0.18212937699379744
8073,0.9693734729051591
8074,0.875551384215937
8075,0.009630837221506
8076,0.990137962884917
8077,0.9878126536481506
8078,0.06789222516486845
8079,0.9881229547048854
8080,0.09525888651056635
8081,0.09365740465889565
8082,0.004524988220648051
8083,0.8991421855350618
8084,0.00327730395724495
8085,0.5692237052623494
8086,0.0051301124434783504
8087,0.0074541094082327996
8088,0.04725958610278305
8089,0.9067546722835177
8090,0.050782171347439495
8091,0.9935690329311972
8092,0.9424460343595289
8093,0.0509714217232458
8094,0.7183955583269936
8095,0.024387848969772148
8096,0.9894129765682371
8097,0.043656452467238746
8098,0.0040480022434599
8099,0.7098451373028021
8100,0.11693881722637095
8101,0.2097284748977311
8102,0.004119404919433
8103,0.00966046018710835
8104,0.9575778760841476
8105,0.266523818542357
8106,0.00256528999084975
8107,0.3541673960638893
8108,0.8688442020814786
8109,0.9409959039315847
8110,0.15209271180713554
8111,0.00491867912849
8112,0.9310570006073575
8113,0.0473640584312506
8114,0.0372044767809067
8115,0.13764639156998099
8116,0.9820381195954282
8117,0.893411739462511
8118,0.23261899253991752
8119,0.11801470270392644
8120,0.05009308176728315
8121,0.0038453866538282998
8122,0.9806843997702902
8123,0.01738870080860495
8124,0.08276146323140116
8125,0.0347818634788419
8126,0.46573060193892657
8127,0.9881454334061812
8128,0.21396355426894836
8129,0.03231374211805325
8130,0.706453350785712
8131,0.1664072582178151
8132,0.00610140879623835
8133,0.04897328070812555
8134,0.9184726819338183
8135,0.7756124873675286
8136,0.06998889573622874
8137,0.0475626074163438
8138,0.007880939812304751
8139,0.045806860689404705
8140,0.0075509636437777
8141,0.040299758834128105
8142,0.49026094733951286
8143,0.09277120904657625
8144,0.19575762179733835
8145,0.3069355488871838
8146,0.0150874181340362
8147,0.3021672568527958
8148,0.0670426989725666
8149,0.4523589674098434
8150,0.04526084669090475
8151,0.9881709035187262
8152,0.748506356780336
8153,0.0302266258015529
8154,0.0928534808932446
8155,0.22537237327338916
8156,0.03314343923242695
8157,0.07093018706133415
8158,0.1887297193654267
8159,0.00565630555223815
8160,0.7508180746843245
8161,0.16354893231177015
8162,0.013159656525157649
8163,0.008119351704564
8164,0.4355048301530547
8165,0.01646398405069365
8166,0.1193590508855486
8167,0.990979477301941
8168,0.06674706200158234
8169,0.914174822880838
8170,0.20830821164887542
8171,0.045622329129773403
8172,0.300268709754139
8173,0.7454080552575568
8174,0.09921118962372115
8175,0.7848427080085398
8176,0.1141474945966321
8177,0.09823384853525205
8178,0.48632721973933657
8179,0.0783324743316938
8180,0.00300654925037665
8181,0.2297717783832888
8182,0.9379729711183376
8183,0.5170033153116997
8184,0.02762038870928215
8185,0.03620960192674995
8186,0.3838963610765619
8187,0.6574542166627289
8188,0.9797397850520646
8189,0.13678456741691394
8190,0.20234620082458285
8191,0.06068360897419385
8192,0.9516438117731182
8193,0.0329351646952766
8194,0.0438723765718916
8195,0.0552242038206226
8196,0.9636401683350608
8197,0.1950788085639349
8198,0.38955016888663646
8199,0.046596325169630345
8200,0.4542382200385129
8201,0.1839200213801218
8202,0.0125176615990028
8203,0.2604724328462651
8204,0.7164647599817162
8205,0.12038971447762885
8206,0.0625084556530411
8207,0.15317199918448782
8208,0.988883838571142
8209,0.7346458205549681
8210,0.32691358351276323
8211,0.04571849392372915
8212,0.00417414711302785
8213,0.0047350258460875
8214,0.8697411396272682
8215,0.09628260698843985
8216,0.050489224776790395
8217,0.4445452108798041
8218,0.2934587994183218
8219,0.009873302019317399
8220,0.05568653030801495
8221,0.8560372902436912
8222,0.03140638974916505
8223,0.13820599449025164
8224,0.17409959277793663
8225,0.44504023960635075
8226,0.22231221246162203
8227,0.0303995144681243
8228,0.02927411478414685
8229,0.00343188492541595
8230,0.1489039552994256
8231,0.033811312304070654
8232,0.997253383996783
8233,0.0290743490836202
8234,0.2965357439661525
8235,0.9610547378043239
8236,0.9843531126044494
8237,0.0095688442823566
8238,0.0289379206554642
8239,0.0330390976913377
8240,0.9173206071434654
8241,0.9915870586871356
8242,0.0167687245211939
8243,0.045937304595073905
8244,0.11017658602962216
8245,0.1523304453394435
8246,0.09898604008842515
8247,0.9896088586553036
8248,0.31256723178935253
8249,0.5307850210087037
8250,0.32013892428025814
8251,0.062762975106988
8252,0.28423787072857043
8253,0.33382882630814137
8254,0.1247038764966969
8255,0.9200667825176689
8256,0.18003090412045644
8257,0.0018383043746005
8258,0.6929245092305704
8259,0.24890343774192425
8260,0.00334119993656015
8261,0.008802257743066349
8262,0.18558276172737903
8263,0.0511193596676923
8264,0.00602452083859715
8265,0.043111405786887255
8266,0.1411648562869842
8267,0.9708785456341162
8268,0.0645080914753315
8269,0.6199200782430204
8270,0.02039871200113405
8271,0.3144426972650216
8272,0.1370353529956374
8273,0.07293069993365625
8274,0.07629260286053041
8275,0.9753374331578866
8276,0.13178129770137925
8277,0.1650340219647471
8278,0.06887057858661519
8279,0.0782430139560614
8280,0.1066612155439754
8281,0.0023258506733945
8282,0.027090983252741452
8283,0.9966134638007709
8284,0.24388593628795596
8285,0.9652606417738179
8286,0.04260563336516485
8287,0.0183334132477862
8288,0.8014001545484295
8289,0.5558511924957873
8290,0.033460783387002646
8291,0.01820042565039065
8292,0.0041913924141434005
8293,0.15767691777408838
8294,0.29237887460249157
8295,0.539148724522341
8296,0.0245837518680325
8297,0.8981807720178838
8298,0.535838731888107
8299,0.9853913589610641
8300,0.026978524349585697
8301,0.007795614629991751
8302,0.0411337137007878
8303,0.02618309778737675
8304,0.04227332541636635
8305,0.016235798205803502
8306,0.43960494983401405
8307,0.9793826940655981
8308,0.00428628560256345
8309,0.145184995524521
8310,0.15808650797523388
8311,0.9748049911460726
8312,0.8109327756604761
8313,0.40254196543949844
8314,0.0553608566736834
8315,0.9879765344754924
8316,0.8075937701077469
8317,0.026692183829588
8318,0.0096430120694965
8319,0.0189077011422299
8320,0.025514728776667897
8321,0.021084193872227798
8322,0.43827048835499227
8323,0.10300928988677174
8324,0.0242467711411224
8325,0.00891685977560635
8326,0.7349673519990215
8327,0.02224017145881
8328,0.04033958435859735
8329,0.3280794908773395
8330,0.9904916523618408
8331,0.1664747958307741
8332,0.3076859605749376
8333,0.0054246552176949
8334,0.580014536657826
8335,0.9622505393175171
8336,0.69087503337054
8337,0.08071350064933294
8338,0.006883339163590799
8339,0.05715752986786175
8340,0.0792588614606322
8341,0.2322533033936669
8342,0.9651372003474536
8343,0.044678031446959005
8344,0.9545533329695043
8345,0.0289069680351058
8346,0.9182435832865511
8347,0.0989540796859868
8348,0.13207134253389474
8349,0.21583535640152496
8350,0.19896851464255824
8351,0.02948123912051355
8352,0.9643637861389596
8353,0.7024573751858314
8354,0.00444824290408265
8355,0.9233757650166581
8356,0.0290876131151546
8357,0.401325478799636
8358,0.108096397700343
8359,0.6369090236078131
8360,0.9865941964860636
8361,0.2355757249542966
8362,0.9207285048901803
8363,0.12272730506702939
8364,0.9974513248131146
8365,0.6490785503510381
8366,0.020675662080230903
8367,0.5205818000525386
8368,0.8086867469111101
8369,0.00610764203438285
8370,0.10246194298172595
8371,0.7590138994805614
8372,0.0603694195628124
8373,0.7571671337853239
8374,0.26876062296007164
8375,0.3303728476337522
8376,0.06936754683479
8377,0.0208813004340951
8378,0.43667214201197757
8379,0.0162863811495019
8380,0.4823026605197252
8381,0.6841667548129977
8382,0.998583261064398
8383,0.01576358179578985
8384,0.0067659809157865
8385,0.0452346327753411
8386,0.9432923557811057
8387,0.9646917040912959
8388,0.16652815604897908
8389,0.1093353123052104
8390,0.0033941365065540503
8391,0.0328099954911603
8392,0.015761597543509698
8393,0.6329898645379552
8394,0.43835951200095413
8395,0.116851702105234
8396,0.071399106066715
8397,0.9973215456700042
8398,0.9716705788572404
8399,0.0722111290614071
8400,0.1112244012556068
8401,0.475133677605239
8402,0.934844505053835
8403,0.7365482392441101
8404,0.027290378621226
8405,0.9489598051971928
8406,0.14766942416463147
8407,0.9679185150520005
8408,0.0036569621049242
8409,0.024714914586564447
8410,0.06343022085508129
8411,0.11912972664810284
8412,0.0800668191920912
8413,0.0624783575039176
8414,0.010783212538956151
8415,0.46223240742887106
8416,0.0032058805553347
8417,0.053269465993071946
8418,0.01946576277109845
8419,0.8236148196725228
8420,0.01133932423243525
8421,0.997866006924732
8422,0.04479713699374245
8423,0.367165738743463
8424,0.0040316798237784
8425,0.3999693193134789
8426,0.9982667597678383
8427,0.5251969921034902
8428,0.9732058998657345
8429,0.13152475876189074
8430,0.034291951069108095
8431,0.3152453023197489
8432,0.025681173330793748
8433,0.8955862868919263
8434,0.18882497611268975
8435,0.0455286264877469
8436,0.8648919292554074
8437,0.8966674175467155
8438,0.02253900463266515
8439,0.13079674681094483
8440,0.01780220154240575
8441,0.38925867825939753
8442,0.008548125319834749
8443,0.3611710434516505
8444,0.041162487036065745
8445,0.0064777077930766504
8446,0.03571519759680875
8447,0.11204043064340174
8448,0.0490429406751069
8449,0.5474837406155132
8450,0.01549823030091425
8451,0.0779929710594893
8452,0.0023542722922461
8453,0.9983973697257179
8454,0.6328151841575111
8455,0.14309672323907402
8456,0.5697501982237452
8457,0.12486370250378599
8458,0.9947346402889279
8459,0.26726373958316196
8460,0.20602470598045444
8461,0.0515673645418867
8462,0.0393680256754846
8463,0.03841246100214305
8464,0.0632979183750941
8465,0.010311924358940901
8466,0.8327010413731784
8467,0.00356239909226285
8468,0.6177582728143455
8469,0.12050995072396425
8470,0.0340159300452489
8471,0.979073449545163
8472,0.9918379777198496
8473,0.041305677870728905
8474,0.010111724648647302
8475,0.9341645713327279
8476,0.1693915013358713
8477,0.3166223651068061
8478,0.6685117481124767
8479,0.0073839516874287005
8480,0.00626204046875225
8481,0.0044774597350451
8482,0.017240271328232103
8483,0.00648344579636825
8484,0.3374530370267066
8485,0.2282640146052862
8486,0.12604855675272125
8487,0.06844827331075384
8488,0.0022006641150916504
8489,0.7875620773641687
8490,0.09446921506879119
8491,0.877700053953349
8492,0.66729198480508
8493,0.0095298961432143
8494,0.0365341429583821
8495,0.9699633254286404
8496,0.1197977463359942
8497,0.04417331040363675
8498,0.10574216903023764
8499,0.34566552324055355
8500,0.0237247093965434
8501,0.1383226063951258
8502,0.06531570968701775
8503,0.9055018631691492
8504,0.0430053009929013
8505,0.011715185412165749
8506,0.0413755764230518
8507,0.05936204248839145
8508,0.051452817475144255
8509,0.018553942680825948
8510,0.030993290020811352
8511,0.02377972308129165
8512,0.02663807079450525
8513,0.00882209959255195
8514,0.0288066975801507
8515,0.2944381476866448
8516,0.03227514595815515
8517,0.0525838761596769
8518,0.209928766358765
8519,0.02217955343469605
8520,0.01169338295265605
8521,0.0841289042151329
8522,0.9124401656014771
8523,0.1082117791383472
8524,0.9861727127897849
8525,0.0057451791960725
8526,0.6928510407668576
8527,0.017147740105387548
8528,0.07865307682650474
8529,0.7790444386283433
8530,0.7812646743509052
8531,0.8730284175822023
8532,0.6142392333064539
8533,0.0182743487232438
8534,0.015602816398537049
8535,0.9941167089313342
8536,0.16514216537304183
8537,0.0643882719274569
8538,0.32123930875971074
8539,0.047154181299806294
8540,0.27878220472610254
8541,0.19608899789885126
8542,0.0532581297574511
8543,0.9865185875987894
8544,0.9767568303069423
8545,0.12872136854670205
8546,0.03321671721403325
8547,0.17960484017693806
8548,0.22748682065099035
8549,0.05257202891581955
8550,0.058091104095805104
8551,0.07946095551834195
8552,0.037713042010418155
8553,0.11565698482832901
8554,0.33489852295672573
8555,0.04115702892963895
8556,0.23775616696312754
8557,0.8281072789424146
8558,0.975097917309276
8559,0.8267460994812528
8560,0.9694911529803286
8561,0.5821979150214878
8562,0.14376012091210283
8563,0.05465804080765835
8564,0.028564400063231903
8565,0.020594706200761398
8566,0.883785917494495
8567,0.70484973845309
8568,0.9523730151831162
8569,0.17493628850516085
8570,0.8078487059831905
8571,0.03736517269616835
8572,0.9980302980606837
8573,0.1630189897032609
8574,0.050862257405523845
8575,0.079034813991191
8576,0.0039738097604155
8577,0.8227784768305672
8578,0.9767500823861253
8579,0.061448418963001405
8580,0.6303245425653776
8581,0.3921081467630459
8582,0.015623706003626451
8583,0.5639315475186042
8584,0.7503334555638101
8585,0.03054309537403145
8586,0.0609475797040063
8587,0.05299561002794635
8588,0.19353461000448566
8589,0.013318739754229
8590,0.5086490709411522
8591,0.9798064403292026
8592,0.0919073670049473
8593,0.1183998894847444
8594,0.00452750092580105
8595,0.95974383335266
8596,0.48028745183459476
8597,0.00856381326034325
8598,0.9125355615017021
8599,0.9128769384388
8600,0.0959020837879386
8601,0.0811851632428013
8602,0.06432092031184855
8603,0.16069956457786286
8604,0.8519021920508473
8605,0.025697733829774902
8606,0.04611285317205035
8607,0.37898694656677945
8608,0.9767725374874576
8609,0.03261518813969875
8610,0.035031260501536196
8611,0.8727045343067111
8612,0.15054788891595539
8613,0.9784438395006404
8614,0.9518341797674448
8615,0.2910398202812772
8616,0.0780321373979331
8617,0.049606701036488954
8618,0.6133542605799016
8619,0.05699102051238105
8620,0.0841926908076179
8621,0.8990348449314638
8622,0.07558132460721101
8623,0.9539986319450218
8624,0.0192403316313732
8625,0.0830705671444576
8626,0.0357954748611694
8627,0.037405680908458555
8628,0.47577928393787117
8629,0.009653734350907151
8630,0.8907377744718072
8631,0.116192586002938
8632,0.07394908062963605
8633,0.9516987191174575
8634,0.21338955652396663
8635,0.6973114441090236
8636,0.9329555944616047
8637,0.9846753882011399
8638,0.0234798696573912
8639,0.3883148046858669
8640,0.0215574004590845
8641,0.1651179947618768
8642,0.0030770865861334
8643,0.8606709168980535
8644,0.0057148365862236
8645,0.0046417399532780994
8646,0.35871482240131536
8647,0.23480213823146154
8648,0.057400517595919395
8649,0.4280894758211088
8650,0.00322985912946625
8651,0.0097507892923925
8652,0.8077129986383731
8653,0.00418076484090815
8654,0.00898971767164195
8655,0.00432357481127865
8656,0.019946109637658402
8657,0.23434134455841998
8658,0.227138840516259
8659,0.06898741022380694
8660,0.00401850423151135
8661,0.25603349155931654
8662,0.0030499835087306
8663,0.08144393654543969
8664,0.002535041772867
8665,0.01346219599692045
8666,0.9674124038574123
8667,0.0430247383778003
8668,0.0291403559778088
8669,0.3086426004993542
8670,0.00284123310706395
8671,0.28044917019814364
8672,0.8916700176119792
8673,0.02342234710037395
8674,0.058236290897085846
8675,0.9754878974151804
8676,0.9111338857803397
8677,0.0123970084353583
8678,0.07283444362364949
8679,0.108162426171246
8680,0.44650657226159385
8681,0.07227549920608545
8682,0.938270911117888
8683,0.7121242239218142
8684,0.38170509454334633
8685,0.0071390247358877
8686,0.1055008117424471
8687,0.0370855286556841
8688,0.9429354347703924
8689,0.043627765722930104
8690,0.0535437665354733
8691,0.9707104728836538
8692,0.17569329999881672
8693,0.0547852851774095
8694,0.9984493054526244
8695,0.9905134071873494
8696,0.0373724982794476
8697,0.9669143332935299
8698,0.07953772652007074
8699,0.09245810204573725
8700,0.06607338641214555
8701,0.9527730927548694
8702,0.031907555737328896
8703,0.05688424682753205
8704,0.00247750779456275
8705,0.566433217964379
8706,0.9985542999939256
8707,0.0163091096471422
8708,0.0104495920183384
8709,0.01054879376796805
8710,0.1288211153856592
8711,0.02583861672517675
8712,0.0397863365794617
8713,0.11795902931666495
8714,0.7264022255779403
8715,0.02135608784867125
8716,0.01175501558757565
8717,0.48330949373965953
8718,0.931865904976527
8719,0.0175956830090375
8720,0.0366885434271386
8721,0.053690545585524954
8722,0.9612179585961373
8723,0.0066579162942816995
8724,0.0062592742237306005
8725,0.02224954724694525
8726,0.026484375256208698
8727,0.01029913207687745
8728,0.18789610600650405
8729,0.9978350328804905
8730,0.779149924673731
8731,0.6945003787768492
8732,0.8274646210225511
8733,0.7711821708458808
8734,0.00502472451365315
8735,0.0565801390458705
8736,0.7995746267040824
8737,0.9185168628728425
8738,0.0967106052781038
8739,0.13164948723432607
8740,0.970456813729732
8741,0.9850994822249135
8742,0.9954256390497243
8743,0.039476362674226995
8744,0.003481248285211
8745,0.16376084691967036
8746,0.20255721405584076
8747,0.10234888633091224
8748,0.0319269253993499
8749,0.08182933070514664
8750,0.03216100503971435
8751,0.08745009310943144
8752,0.6119900221057664
8753,0.8990907376963868
8754,0.2711319360295137
8755,0.9657344519131861
8756,0.2235038087093934
8757,0.160276426543213
8758,0.027582829812602253
8759,0.286841954054862
8760,0.00894219205627745
8761,0.8498974270713581
8762,0.0255647398925102
8763,0.9891269035547681
8764,0.17138506987688365
8765,0.18587747382145703
8766,0.00503227508030765
8767,0.1393859168396889
8768,0.01640168258607575
8769,0.08419933930777146
8770,0.03411756061264265
8771,0.0050840052835141
8772,0.009302477208369301
8773,0.030277674255735097
8774,0.6167777729455581
8775,0.0072871472505506
8776,0.0337861283970331
8777,0.3924738625842499
8778,0.12541261632047995
8779,0.0244139558467105
8780,0.0042081290165331
8781,0.97211659788108
8782,0.06329532124611861
8783,0.030132792787748303
8784,0.00350548123727675
8785,0.00941870682329905
8786,0.10214460904128975
8787,0.00721447825961315
8788,0.9830469434282113
8789,0.05843376162948345
8790,0.9376066205565927
8791,0.09348562109111244
8792,0.031016262679114802
8793,0.0769861090833859
8794,0.907071489448543
8795,0.8121045229886401
8796,0.005204834860504401
8797,0.588755082498112
8798,0.9081916076863222
8799,0.061479631459458145
8800,0.018742559007958702
8801,0.01516630261706325
8802,0.0133542278412314
8803,0.6131642822906158
8804,0.0079311678186889
8805,0.12175161289658935
8806,0.1767190680158988
8807,0.027519493122804252
8808,0.5203396971729712
8809,0.33340461774997115
8810,0.01202422658379905
8811,0.28424749933085486
8812,0.9409613764330896
8813,0.015483284429610049
8814,0.5804713417602866
8815,0.915414736275697
8816,0.9240041604159648
8817,0.9853847231688294
8818,0.8780242974873584
8819,0.35719222167560083
8820,0.334596858548897
8821,0.07513505405112189
8822,0.7486212400779553
8823,0.9477457690935649
8824,0.013080992634368651
8825,0.0361539576916836
8826,0.2569736264678346
8827,0.653585235086366
8828,0.1842508812893997
8829,0.10317557556213465
8830,0.01295402833116385
8831,0.0924141657264469
8832,0.2512330875522147
8833,0.01646503060234705
8834,0.768763536309071
8835,0.0089896718784519
8836,0.08715613645288695
8837,0.11371039959796225
8838,0.3201406546770724
8839,0.1394534566850966
8840,0.135398778378786
8841,0.9849917922544151
8842,0.9744124303800699
8843,0.07324246994273685
8844,0.5303891249210828
8845,0.17851582846927866
8846,0.01041322048716355
8847,0.06481295957450506
8848,0.9854446591711762
8849,0.066322810386336
8850,0.8761970747757724
8851,0.11569472732140865
8852,0.6779063732723667
8853,0.19353320218484424
8854,0.0019837594328865503
8855,0.04692147183998525
8856,0.018696985393308697
8857,0.03685144086348975
8858,0.08672971108639696
8859,0.5223327152681589
8860,0.07162221186565455
8861,0.10493229761547605
8862,0.051594937563115
8863,0.24954262000234623
8864,0.0082513214173945
8865,0.912649742200573
8866,0.9594524173004121
8867,0.02275830389383185
8868,0.851374927572639
8869,0.2869459048339156
8870,0.03420685566112495
8871,0.25593230279993834
8872,0.11060147365987194
8873,0.0109375765273243
8874,0.3224576802589656
8875,0.05580436173674125
8876,0.0052538579863061
8877,0.9985303036199529
8878,0.00147754191580835
8879,0.0744296995987988
8880,0.0184011859024486
8881,0.3104205765952178
8882,0.187128441584287
8883,0.1695074952437654
8884,0.9706482403853466
8885,0.2867392558316325
8886,0.18481798668493798
8887,0.021474239541955098
8888,0.03043044566917725
8889,0.03513852357604285
8890,0.09451014220323314
8891,0.22817179695555306
8892,0.14325233291251854
8893,0.3070190803454118
8894,0.13828804454197197
8895,0.9576447568698276
8896,0.38429043336142504
8897,0.23709816911955583
8898,0.5318775687939554
8899,0.07587380076602535
8900,0.16247835021385826
8901,0.39741894935758526
8902,0.9981668035439606
8903,0.343816635835354
8904,0.5366421939211501
8905,0.5747428677776825
8906,0.9686734150032302
8907,0.0708047024470013
8908,0.07135972057642465
8909,0.7396993103667604
8910,0.7224688304514304
8911,0.032057492869088045
8912,0.4255591899422553
8913,0.02548254258783515
8914,0.04617214807875365
8915,0.06134268644695925
8916,0.007532440400778349
8917,0.08201239292546744
8918,0.05764614389033005
8919,0.1334235382620078
8920,0.0969053432327151
8921,0.07499749481963505
8922,0.9467197644599155
8923,0.03997323482723525
8924,0.7294797951279346
8925,0.5488538779729608
8926,0.02103268362141595
8927,0.5756672537923665
8928,0.7487009734398477
8929,0.5819038594734298
8930,0.624614088680224
8931,0.0931069186638197
8932,0.9537382924230278
8933,0.036911741294731654
8934,0.0850185214406903
8935,0.7507813874550213
8936,0.8519384462533397
8937,0.035528563636736996
8938,0.9211604026311055
8939,0.0954749871606879
8940,0.3342332631766317
8941,0.0057664665776826
8942,0.3449887092719247
8943,0.41299141977890763
8944,0.691938989742369
8945,0.831996340774274
8946,0.1089982725715713
8947,0.9508961530881008
8948,0.14295200098984515
8949,0.317571375158556
8950,0.4778698360261971
8951,0.9956261107145615
8952,0.04197772704599595
8953,0.04444967235343475
8954,0.0364561927456979
8955,0.909924549918139
8956,0.6738965626258354
8957,0.953419735079263
8958,0.9493480738180327
8959,0.24865966623694524
8960,0.019307096720548998
8961,0.7853854913608597
8962,0.010772682194870702
8963,0.9644485044974843
8964,0.3390341164816058
8965,0.01999537091296795
8966,0.288070335585888
8967,0.021924112076029602
8968,0.02057788183396055
8969,0.00715471496603725
8970,0.0041728933959896495
8971,0.012153887056431001
8972,0.0074356586256779
8973,0.46569454722811016
8974,0.0483286869791819
8975,0.9097641989870118
8976,0.19871089620341645
8977,0.0555115912735127
8978,0.4317427112999085
8979,0.0025009950372665
8980,0.0108635077676889
8981,0.8372945463631323
8982,0.0524925104142526
8983,0.5346592080641522
8984,0.0065014636185841
8985,0.02999502392109835
8986,0.0131867349466386
8987,0.011178416890873
8988,0.0052995741977473
8989,0.29943960897523214
8990,0.0141052509370535
8991,0.12578041723264805
8992,0.0176607868698054
8993,0.09561373714606135
8994,0.9883078644151562
8995,0.560530676159019
8996,0.0315056396958789
8997,0.9719022539417514
8998,0.022273752454412002
8999,0.14733541152523466
9000,0.07958677019762775
9001,0.1703193677331935
9002,0.0116355816695781
9003,0.9733567966587318
9004,0.09822742539984619
9005,0.8759898312103276
9006,0.953415327870655
9007,0.1081337195056961
9008,0.0528985647558538
9009,0.0302800644268744
9010,0.80673624183443
9011,0.8446785619928046
9012,0.02424237951972575
9013,0.01237850724108265
9014,0.10885612925328945
9015,0.0100715664456074
9016,0.27208008132735606
9017,0.0712734861008415
9018,0.8323900536987505
9019,0.21199338862619238
9020,0.02543013813264005
9021,0.3010337745394422
9022,0.05892702347740805
9023,0.1976640624362831
9024,0.04893589782328585
9025,0.4292727612434386
9026,0.12955835345409844
9027,0.997348095503912
9028,0.1004135574536642
9029,0.0096494430295595
9030,0.6035480098937873
9031,0.20932397176659656
9032,0.21719889495566358
9033,0.9849352093859406
9034,0.021653863546937102
9035,0.0094513976368505
9036,0.018898390133627
9037,0.040973290015982
9038,0.1300039488447703
9039,0.13978430449358326
9040,0.025655550282610802
9041,0.378119038646842
9042,0.26523869176910064
9043,0.2744079361263313
9044,0.00811396132319105
9045,0.0919040971023278
9046,0.017146639399868102
9047,0.07251838569854499
9048,0.10410844649156575
9049,0.9820261324702018
9050,0.08064623801152075
9051,0.9704181133968193
9052,0.0310841420415015
9053,0.020049812099549702
9054,0.041209107040186196
9055,0.3694639529024041
9056,0.32995203517141575
9057,0.05849014574733235
9058,0.9969807709851959
9059,0.060312104098897354
9060,0.03645139088391665
9061,0.25942031532895926
9062,0.8880614248354322
9063,0.026016890131034198
9064,0.0221764861139927
9065,0.3601799697507065
9066,0.17543128299728283
9067,0.2558802668291237
9068,0.019409051154957897
9069,0.01385629050777555
9070,0.0697059578711566
9071,0.059930347522827304
9072,0.8625827506363513
9073,0.6043005784975952
9074,0.9494746615308969
9075,0.00396874235070395
9076,0.8749620260042735
9077,0.02248107902529775
9078,0.11155811355129525
9079,0.5721316116527905
9080,0.7392941488292136
9081,0.13940414399514
9082,0.5481292849224358
9083,0.48593108567394044
9084,0.06197861604442645
9085,0.9741639693998929
9086,0.9159822845058607
9087,0.9833724483501038
9088,0.7704608620513853
9089,0.16220083536547894
9090,0.2785631136595389
9091,0.39455313740213666
9092,0.4079033408433823
9093,0.0127089341176224
9094,0.0318527438991596
9095,0.5584699005908922
9096,0.9433818950432415
9097,0.00380463568086945
9098,0.046519538842456104
9099,0.1113123944853793
9100,0.0043610841214361505
9101,0.8104509616973425
9102,0.05128732704025525
9103,0.7442590738282355
9104,0.16245337632073045
9105,0.13673962648729882
9106,0.1039072289554004
9107,0.0093493078077195
9108,0.3906625882388609
9109,0.13667927293295806
9110,0.00172247771690065
9111,0.7829510698434041
9112,0.0099713769159686
9113,0.4977693513887742
9114,0.01642739697831145
9115,0.8583793057417779
9116,0.07779280563061705
9117,0.8955790369801402
9118,0.188574832452779
9119,0.606736633518596
9120,0.0719374495165611
9121,0.5735557420632196
9122,0.12596758570198602
9123,0.2075174085018254
9124,0.0202279779381869
9125,0.47949503562868656
9126,0.0569351595147933
9127,0.0475101711241786
9128,0.00451100151992335
9129,0.01538533312120435
9130,0.4370448395591558
9131,0.979950791073292
9132,0.09258725107366564
9133,0.0272417578226146
9134,0.0772501076000674
9135,0.4287740102269889
9136,0.011125192846724901
9137,0.0423506062673346
9138,0.017544051394351
9139,0.04893802989281425
9140,0.9363609535444348
9141,0.09552365245762584
9142,0.04085212718648465
9143,0.8131107336267107
9144,0.09999576026135884
9145,0.0397196490630425
9146,0.007663597102452201
9147,0.0648916497253329
9148,0.16135116659346266
9149,0.09839759363240964
9150,0.17381960436043906
9151,0.0077519764939277
9152,0.5467526203498145
9153,0.17341407377026535
9154,0.9465640571784322
9155,0.9933075874272347
9156,0.8534024236563704
9157,0.90078481646908
9158,0.28117084203299564
9159,0.0039001327891956504
9160,0.3047982690791385
9161,0.01455789429655335
9162,0.096010956008281
9163,0.0038549765224771496
9164,0.0680030166415673
9165,0.01222652013289815
9166,0.9587266958946721
9167,0.01528053455394715
9168,0.2782584703836556
9169,0.9857101348995786
9170,0.7907854548093457
9171,0.9624326829503134
9172,0.8727635616125491
9173,0.46934589394166104
9174,0.0869657588319941
9175,0.04670729644672135
9176,0.0031298291826639497
9177,0.3047792600242511
9178,0.3795315882541044
9179,0.052301801134188294
9180,0.0125556258628013
9181,0.3412648025087559
9182,0.00364743891496605
9183,0.01515014747857095
9184,0.4055405199889961
9185,0.03167972286286705
9186,0.09418619064675855
9187,0.02136654299909825
9188,0.01705629272354235
9189,0.8387331768858333
9190,0.00675892325067555
9191,0.10871319737844526
9192,0.9890121122920958
9193,0.0028465548475665
9194,0.01211478807601545
9195,0.011802012315236449
9196,0.7507835108659844
9197,0.02613402707826255
9198,0.00904148165873485
9199,0.05077610121671205
9200,0.04510583850172535
9201,0.9983642938826822
9202,0.0307436898340903
9203,0.057742249576797855
9204,0.15994257846010965
9205,0.0031814030546585
9206,0.5259182430557976
9207,0.4950624941803252
9208,0.00643472014722895
9209,0.015580653844325849
9210,0.957840515982572
9211,0.8868409257704065
9212,0.29925040837312855
9213,0.07598603409976826
9214,0.016015541179715
9215,0.04003003922655375
9216,0.20966082030660854
9217,0.0315697169215307
9218,0.16862309423216865
9219,0.04424153254504275
9220,0.01903607390447925
9221,0.4471941405946621
9222,0.14314944088971598
9223,0.9674078157733842
9224,0.10234499057682185
9225,0.9651390490722093
9226,0.979287934664434
9227,0.03460557886402835
9228,0.007748137177257249
9229,0.0094356034377876
9230,0.0905929905680685
9231,0.07749677350119975
9232,0.9211735293486987
9233,0.0060734613097617
9234,0.0440246106490217
9235,0.068513025783658
9236,0.010780002063617351
9237,0.1115295172870375
9238,0.1697420256636754
9239,0.08621423279985374
9240,0.596897427455168
9241,0.16503770537873336
9242,0.00227079706506895
9243,0.9874465197237408
9244,0.0173838406669379
9245,0.037880321073757245
9246,0.3074147739503036
9247,0.03192864767982785
9248,0.988613608425313
9249,0.9979332097999614
9250,0.022496640747241198
9251,0.35774448479375387
9252,0.00872918932217915
9253,0.0029440673189605497
9254,0.0834600182322103
9255,0.9978941606474294
9256,0.11840754203814274
9257,0.4008979135810139
9258,0.8886632160006471
9259,0.027280802863388902
9260,0.06559043811080785
9261,0.9759874500946271
9262,0.7853843330435593
9263,0.01378114125990095
9264,0.04259702918399205
9265,0.02035686461037835
9266,0.861521230210333
9267,0.38580419117615417
9268,0.05249388703948325
9269,0.8045344460714183
9270,0.00660851277639795
9271,0.0022459924511181
9272,0.19530846164426885
9273,0.0560270351115881
9274,0.0347066465022597
9275,0.014678069998234199
9276,0.0110032338420634
9277,0.12318459724223355
9278,0.9936639938578293
9279,0.07476796505420899
9280,0.6789800804030155
9281,0.9786495591817865
9282,0.25167259933671815
9283,0.7505934748880037
9284,0.08946445992789455
9285,0.22117154657194177
9286,0.1207152582543734
9287,0.38774764662089944
9288,0.10381339771336875
9289,0.046898209439326405
9290,0.05718594206727835
9291,0.08643963055904924
9292,0.40936474391771854
9293,0.27658690521477847
9294,0.1144388027583634
9295,0.4487247580715098
9296,0.1256462280910278
9297,0.9775727865147451
9298,0.0572992894484394
9299,0.01750316697197465
9300,0.0386432356358436
9301,0.43710801634472407
9302,0.06255433683200876
9303,0.06850805714490929
9304,0.0423358196696418
9305,0.005711631336276
9306,0.13304788346715224
9307,0.6719983507495468
9308,0.96179880246402
9309,0.9706597622241764
9310,0.040130011463185
9311,0.9106497803195146
9312,0.8453651870212837
9313,0.7838312852329145
9314,0.0342386380940769
9315,0.43149801675359734
9316,0.9038651137981858
9317,0.6159771519240538
9318,0.0038208288985959503
9319,0.0389058977851856
9320,0.021537873409760752
9321,0.8649189912865559
9322,0.6949319346919756
9323,0.3182208165787789
9324,0.0117599301623737
9325,0.03645058581991545
9326,0.33997836536922577
9327,0.06226099909499205
9328,0.6550616856307971
9329,0.0867431345329272
9330,0.832076513412839
9331,0.0670763806441674
9332,0.034656464168096895
9333,0.0231635672198191
9334,0.38836888288217075
9335,0.01797348876003
9336,0.1060620951353516
9337,0.7400036863622885
9338,0.0750780493082502
9339,0.3581374496943236
9340,0.0998407951078733
9341,0.0392394503017028
9342,0.061100103763033
9343,0.016453874699625053
9344,0.10560129824868175
9345,0.0033297331213999496
9346,0.034968753966468896
9347,0.04987888763581585
9348,0.028151077312593
9349,0.12587431211470446
9350,0.05360657133498065
9351,0.01150994071042965
9352,0.04463569816337625
9353,0.0473589583420148
9354,0.0303609017787406
9355,0.39518870124934635
9356,0.1383344161445662
9357,0.0293206165127873
9358,0.23346107545118688
9359,0.9753693043989624
9360,0.05372668578853295
9361,0.0019143724244457998
9362,0.020843084544763052
9363,0.01493700502384
9364,0.4799085811357645
9365,0.0033876895756677497
9366,0.09117714011598604
9367,0.9664109583219359
9368,0.106581682125115
9369,0.04960038471731325
9370,0.9495355133453806
9371,0.4114228646906015
9372,0.01486076272089995
9373,0.0032077515769613
9374,0.0344225149951211
9375,0.19881351138195397
9376,0.8429578599909823
9377,0.06040369535156495
9378,0.9982448198174725
9379,0.14956267256303862
9380,0.028243755962834148
9381,0.9813593851854612
9382,0.06948638002019056
9383,0.9769885968614994
9384,0.4894642071544473
9385,0.9681366296129434
9386,0.0043667576431705
9387,0.510520459754308
9388,0.43256900050038244
9389,0.7087301807260465
9390,0.02449798815121655
9391,0.18838489573308956
9392,0.0397980857194571
9393,0.04194806337502315
9394,0.3616541777195066
9395,0.8501825885464431
9396,0.0275172330436829
9397,0.9981480907509956
9398,0.0068424746831427
9399,0.00278683854248085
9400,0.37928833450087546
9401,0.0225387348612908
9402,0.0649978231451059
9403,0.01320317399749615
9404,0.9847225823080132
9405,0.5333482247926351
9406,0.00249778832080095
9407,0.00589833053002825
9408,0.5173425704993244
9409,0.20359528837990026
9410,0.9319222463900838
9411,0.13177677531674964
9412,0.03919068995002895
9413,0.040393018717615706
9414,0.0188529491741039
9415,0.20296318773662597
9416,0.0222268542044386
9417,0.02888556121016665
9418,0.0504782052935994
9419,0.2065507257011583
9420,0.9773547599620805
9421,0.12610667783396015
9422,0.9965549952472748
9423,0.03955154136421375
9424,0.7608293215453783
9425,0.9842350314677106
9426,0.3566056083505962
9427,0.10847808375414925
9428,0.06961351879036526
9429,0.5322401762259634
9430,0.00187901972545705
9431,0.9254063179803029
9432,0.0098841306293582
9433,0.9557022013297729
9434,0.00582695223585485
9435,0.9983763392423339
9436,0.983606495053341
9437,0.007558342321697151
9438,0.3322883113492998
9439,0.00815539947191585
9440,0.3777276718202502
9441,0.7051570581023242
9442,0.0721323036939146
9443,0.0698811025059621
9444,0.07034167519611956
9445,0.9358082511589317
9446,0.0052629534895378
9447,0.9847030187705139
9448,0.0653173267343625
9449,0.022088803417170698
9450,0.047508506284461
9451,0.0137759300365572
9452,0.9852340070089531
9453,0.36168227096663563
9454,0.01634676804673885
9455,0.039512800353805805
9456,0.00661888708276015
9457,0.45460752839795326
9458,0.010948517789211
9459,0.3197035332083829
9460,0.033477992017692304
9461,0.9110690139433661
9462,0.3591566559698275
9463,0.051881536302772646
9464,0.11191827635765475
9465,0.0020907154683373003
9466,0.2795234825372412
9467,0.9108426518625425
9468,0.1252277386698339
9469,0.00302666982188615
9470,0.966058604246042
9471,0.0109200741321769
9472,0.9147076773844721
9473,0.1094928104796315
9474,0.9588924364569984
9475,0.02156399343699435
9476,0.037204391807194453
9477,0.0813998061075217
9478,0.3890834589301301
9479,0.11127817593019865
9480,0.9037926674820207
9481,0.964130808127897
9482,0.20767322052176845
9483,0.939784987065192
9484,0.09552817169983241
9485,0.21889126992431035
9486,0.9507307894492634
9487,0.76158913928504
9488,0.983462093398207
9489,0.22209201553979457
9490,0.01000622946408755
9491,0.02744837475282235
9492,0.9927728328803711
9493,0.113128749816004
9494,0.11479265808200155
9495,0.0027174760447121003
9496,0.00916574158434445
9497,0.09094901539680825
9498,0.3888690989513424
9499,0.964389122571971
9500,0.2126852418349625
9501,0.0965245103295561
9502,0.9757082830456474
9503,0.9822876960493092
9504,0.35660232076664883
9505,0.8286753008460219
9506,0.9927662217016873
9507,0.02916684424879125
9508,0.033045958123025854
9509,0.0977428061800944
9510,0.0154882913487496
9511,0.20416757935519236
9512,0.2981492596328298
9513,0.722451467127638
9514,0.1630347319273569
9515,0.05585595692747855
9516,0.23774435462842586
9517,0.03812250085144165
9518,0.031943871942751556
9519,0.0518795677213687
9520,0.0031705911385059
9521,0.02274466270125995
9522,0.3427671922446367
9523,0.05843918135498735
9524,0.0534575910233934
9525,0.003735243776773
9526,0.5464301399055385
9527,0.0478792242231461
9528,0.05551349292649285
9529,0.11854197395314056
9530,0.0314071531627204
9531,0.02238006947179515
9532,0.0175288859548093
9533,0.4717013532660273
9534,0.8115214486590048
9535,0.8712109182749336
9536,0.01980030953718695
9537,0.9927988664672691
9538,0.02182599104724325
9539,0.5237748142272713
9540,0.8935737073640835
9541,0.2145013972191167
9542,0.3149316310868665
9543,0.0054726864852223
9544,0.016761817261243248
9545,0.09596870439805495
9546,0.9687813130822374
9547,0.7781684868221135
9548,0.01371312338175275
9549,0.11782217305932441
9550,0.7101991418478782
9551,0.6873484359609361
9552,0.9722024696792126
9553,0.6199276483876657
9554,0.9865259650647651
9555,0.29590465745653927
9556,0.0150022675049723
9557,0.9787048059405137
9558,0.0773556491687169
9559,0.0748060845601248
9560,0.00177953479797555
9561,0.09748624872279166
9562,0.9964442638441449
9563,0.18107554184831304
9564,0.9820465778712586
9565,0.008323830146617549
9566,0.07492463142105014
9567,0.9905286267850784
9568,0.0463972713709913
9569,0.068488394988856
9570,0.07838833237880366
9571,0.057656505946520706
9572,0.17097678144892955
9573,0.8309865249344921
9574,0.7298709376960386
9575,0.05639341346615255
9576,0.9769089019408812
9577,0.29303757615044856
9578,0.0054037666310111
9579,0.00744652179382015
9580,0.9084883472820859
9581,0.9138472507242696
9582,0.0112615182792403
9583,0.8179059080194824
9584,0.9149587231378424
9585,0.03448024418518285
9586,0.0068914836741684
9587,0.0117977147282438
9588,0.9156832409960907
9589,0.0226141687999931
9590,0.1229795008207973
9591,0.31836385936209555
9592,0.645677104133431
9593,0.0188026617334403
9594,0.9490953583809218
9595,0.9823919432309165
9596,0.029259395496779098
9597,0.9401693497394499
9598,0.9727527548387958
9599,0.09605446505338716
9600,0.934514362506516
9601,0.6022257803014487
9602,0.009144669740899499
9603,0.1113380528874031
9604,0.11115588680165464
9605,0.1416610229264432
9606,0.0016516128112861002
9607,0.2719800848650622
9608,0.7468788740056482
9609,0.57020408231588
9610,0.01027074238461475
9611,0.0047911809876116
9612,0.011319981697253501
9613,0.0930968650276583
9614,0.48995837690576066
9615,0.14233925522426305
9616,0.9227413845591026
9617,0.02805413956630685
9618,0.5801195168632787
9619,0.1763927701953863
9620,0.0070207617320798
9621,0.17360053738562514
9622,0.0117701972182219
9623,0.5217493618014872
9624,0.25177507889539763
9625,0.0047956462611497
9626,0.08069033844397105
9627,0.05956106858336045
9628,0.9779914635868702
9629,0.7967356326051005
9630,0.9324415466295786
9631,0.9959811416330328
9632,0.9937310399234716
9633,0.06533194887655284
9634,0.0836993562254441
9635,0.9981232966407905
9636,0.9907800966701432
9637,0.00598598336996955
9638,0.04395284552565265
9639,0.0839718956362059
9640,0.1718833916720128
9641,0.0208667991886431
9642,0.10671347970747595
9643,0.14187465294842022
9644,0.9682123819495222
9645,0.0855889053278871
9646,0.33782435140822564
9647,0.39775066873054477
9648,0.00194501138372995
9649,0.21314464959854879
9650,0.01354267071213235
9651,0.9915217359422899
9652,0.675176943858133
9653,0.22545463045240485
9654,0.2332972625468935
9655,0.0290415311249268
9656,0.39057987046770126
9657,0.9384009511928253
9658,0.998513173752491
9659,0.06913333159155799
9660,0.039746348397684456
9661,0.036915666297145
9662,0.9676676782328645
9663,0.00811663608367465
9664,0.00627445351730085
9665,0.12087529496883151
9666,0.04090896471228975
9667,0.06237169828378875
9668,0.2381867325505974
9669,0.10197763447848965
9670,0.722316677116863
9671,0.40344642855121077
9672,0.041147285268425246
9673,0.05024764557083635
9674,0.667799511264077
9675,0.13026273222509804
9676,0.09424938980159506
9677,0.0038880363585637
9678,0.9374633867430369
9679,0.0330528245277107
9680,0.4518370015182882
9681,0.5931367833257543
9682,0.1761520873144465
9683,0.9609462514873921
9684,0.03869112073155935
9685,0.7864636137535148
9686,0.10138263541427865
9687,0.10474439727195739
9688,0.03451215387777095
9689,0.00951946909989555
9690,0.1596040526782489
9691,0.9120644283063413
9692,0.1269938489398022
9693,0.021817568659352
9694,0.7816135088994564
9695,0.01042506760970425
9696,0.9632790149438379
9697,0.24788011347605604
9698,0.05950550101217935
9699,0.010619985697017751
9700,0.1161262584144216
9701,0.0981698284309022
9702,0.9939038781892284
9703,0.12766521362914304
9704,0.04166933042459875
9705,0.16847003549251388
9706,0.7695024376942019
9707,0.10063977823344925
9708,0.01942789528101115
9709,0.21900653008048993
9710,0.43078678833122525
9711,0.07572420819697605
9712,0.436838448794117
9713,0.5736244031165181
9714,0.0085618871646397
9715,0.0465107214302563
9716,0.24189980893705104
9717,0.016424355841120147
9718,0.0165085188690146
9719,0.0948661209764674
9720,0.9845064509647008
9721,0.9768496685608192
9722,0.0735858066807397
9723,0.01290217047388625
9724,0.12770978741194455
9725,0.9076511154231254
9726,0.1273983852413559
9727,0.1412982060327114
9728,0.3058967152382429
9729,0.01900402886656035
9730,0.9795735802012318
9731,0.037016433972363705
9732,0.00428618807459555
9733,0.012263221237177699
9734,0.06571904509066434
9735,0.6343417346049782
9736,0.10906350480576245
9737,0.03486576840800085
9738,0.11739371293262951
9739,0.9855526658730458
9740,0.06552397266456131
9741,0.03890623535521545
9742,0.04042358633238575
9743,0.7155519887072562
9744,0.043439277433719795
9745,0.7585049870532676
9746,0.015803900625673252
9747,0.45031016018656334
9748,0.6346830951230422
9749,0.9658833249533497
9750,0.0086527497996855
9751,0.9897151959157725
9752,0.01126652301752315
9753,0.9510824640702215
9754,0.351699958496253
9755,0.9953993173200302
9756,0.14996966686064744
9757,0.9743314231681748
9758,0.14281564145304626
9759,0.0211244619075745
9760,0.00596806712148305
9761,0.24956294572682652
9762,0.00239516695691135
9763,0.13457825900560272
9764,0.8642687286921855
9765,0.13739328293476416
9766,0.10376433331693136
9767,0.8908757507906768
9768,0.47967689363527977
9769,0.00757474947348985
9770,0.624868708766898
9771,0.0940662846033517
9772,0.0615693146522302
9773,0.5857964491083156
9774,0.01709492246423975
9775,0.09194575368495295
9776,0.0060665478647774
9777,0.12889569233065726
9778,0.1069100590927856
9779,0.16566081340923278
9780,0.9885035012689821
9781,0.14442842741202905
9782,0.7787316435803102
9783,0.18008885134170977
9784,0.4345440091428461
9785,0.9713243998590471
9786,0.5969013695029844
9787,0.230706946371036
9788,0.0039283953906032
9789,0.2120997484462283
9790,0.2692959966329259
9791,0.05914106477950915
9792,0.1144595719835064
9793,0.1225048126297896
9794,0.7451355717514767
9795,0.09628058179164375
9796,0.058869854473579605
9797,0.8712225575711423
9798,0.49367138519396303
9799,0.036303235791650096
9800,0.04401448667479215
9801,0.014403095177853851
9802,0.14921020050868325
9803,0.0169499674903628
9804,0.8128685628287511
9805,0.009400604851433899
9806,0.8398036408640521
9807,0.06309385510640125
9808,0.02676320168288515
9809,0.060752644448788196
9810,0.006026464674033149
9811,0.021621974030383448
9812,0.0446078371736233
9813,0.00329055606068985
9814,0.0953999643210709
9815,0.26029703776188784
9816,0.18198953067996032
9817,0.0630120308274572
9818,0.5067306477781693
9819,0.949383670704559
9820,0.07038818513194085
9821,0.07507089126096059
9822,0.008514641069668951
9823,0.9447049759274491
9824,0.31293761339998594
9825,0.9819793521906336
9826,0.0088195192236945
9827,0.9947954403507562
9828,0.4978977664617863
9829,0.7579673725609091
9830,0.974100439821023
9831,0.0143833853807003
9832,0.0535567285174411
9833,0.1709335612666798
9834,0.04694627062514915
9835,0.33882062314247463
9836,0.9834580962059556
9837,0.9957327240390408
9838,0.0021094606551939
9839,0.0501826018393917
9840,0.9970704122396843
9841,0.04660491033161655
9842,0.49511908943664906
9843,0.734441583197131
9844,0.1067389965963533
9845,0.0046873976223746495
9846,0.8169508843259283
9847,0.4432201507978858
9848,0.029043480959127052
9849,0.005475166199722849
9850,0.21633985453959886
9851,0.061090655421789056
9852,0.11286729802240669
9853,0.02096925244412145
9854,0.12494736534016851
9855,0.20885695901178142
9856,0.043435349571717255
9857,0.9474184116365142
9858,0.047747784637360596
9859,0.8887240461716996
9860,0.07680833422320041
9861,0.0600515017182268
9862,0.05232488052410615
9863,0.00574539501512655
9864,0.9222740455808494
9865,0.9965514994693163
9866,0.057787777159443554
9867,0.0029197078192680003
9868,0.46910056527476096
9869,0.10081584120845924
9870,0.8447969372060702
9871,0.9775566032177849
9872,0.0940199590688229
9873,0.04691919023428985
9874,0.8570519909719663
9875,0.12224568559591215
9876,0.0883213139672398
9877,0.13256450043868173
9878,0.03782273913802045
9879,0.900552434749395
9880,0.009654130062067601
9881,0.9417662495051868
9882,0.9473062333441794
9883,0.0347764569096497
9884,0.02431622066919225
9885,0.04966597478750045
9886,0.16045396825897923
9887,0.01574309086787025
9888,0.955844112072477
9889,0.9982849206514663
9890,0.25725991132552634
9891,0.0197509614965942
9892,0.09091517325852236
9893,0.34327570947842856
9894,0.07332162012819585
9895,0.0911740148388583
9896,0.8058401950194868
9897,0.11083149732909005
9898,0.043689276866211504
9899,0.1270226284023407
9900,0.1643327791040522
9901,0.058774461926359
9902,0.049647887223345746
9903,0.12140109880411551
9904,0.7418741242925184
9905,0.0810137932526473
9906,0.09809534446102544
9907,0.48790269023801325
9908,0.0068500782551862505
9909,0.9697995373544499
9910,0.9790514975290947
9911,0.09901053561371176
9912,0.0482470033328377
9913,0.020835164172211998
9914,0.1508907756924759
9915,0.988081805696846
9916,0.0810384468155244
9917,0.07003292931006519
9918,0.0146980789230623
9919,0.47298094929620754
9920,0.022197808664685452
9921,0.3340812168051688
9922,0.00196018740297205
9923,0.3713412501641799
9924,0.14896729355630214
9925,0.2845681280361536
9926,0.0782562450008931
9927,0.2745762033074871
9928,0.00659730772836695
9929,0.943992918293528
9930,0.9565909178346403
9931,0.5501701286154834
9932,0.11862091098543605
9933,0.2050779127099625
9934,0.0126582481799115
9935,0.8011656436032801
9936,0.9874459604607813
9937,0.29994643118893544
9938,0.3499910615306989
9939,0.05456702909295835
9940,0.18074073352728054
9941,0.041604609019605054
9942,0.0625099840467465
9943,0.01111740866570185
9944,0.0361263590160328
9945,0.9657383355246258
9946,0.044786717012008495
9947,0.09671281188457075
9948,0.0366122466342124
9949,0.00718418839204285
9950,0.0508656431063979
9951,0.1512726238402277
9952,0.0093333799783048
9953,0.9942730256875003
9954,0.7402322919660944
9955,0.12929946852567897
9956,0.8552220215870039
9957,0.013242934228638651
9958,0.9774003389743292
9959,0.2165605814514224
9960,0.6600461293320512
9961,0.02224712280924905
9962,0.03230297611454995
9963,0.0134364015552659
9964,0.1827214058100325
9965,0.028023126355162152
9966,0.008528185082669549
9967,0.00525666714483565
9968,0.09324187504163495
9969,0.005511860839341151
9970,0.08307865801654635
9971,0.9915006418658464
9972,0.036700338754189155
9973,0.038989118856357405
9974,0.04907055902281665
9975,0.9745989133231948
9976,0.405679782179741
9977,0.1455199064403703
9978,0.10352874598834215
9979,0.0030489030407223
9980,0.07601471913225305
9981,0.08747909848450766
9982,0.00790641388229415
9983,0.1657119575777709
9984,0.022190218699228
9985,0.005064643143889699
9986,0.0425913926882982
9987,0.15930871093552365
9988,0.07274873396323815
9989,0.04663023977022725
9990,0.13761313469655756
9991,0.9517221590567073
9992,0.09265833669971679
9993,0.0503795694999595
9994,0.7220871636664018
9995,0.0022053469360324
9996,0.20635124767265484
9997,0.5248173682815774
9998,0.9899262901274155
9999,0.0639735066355123
10000,0.3071217093793408
10001,0.9666222074941977
10002,0.3777022842101352
10003,0.2773961860636905
10004,0.01978290916712825
10005,0.9513995771407737
10006,0.9613272555453067
10007,0.023652702190666453
10008,0.9866582622442902
10009,0.9556551297294242
10010,0.10087145682805654
10011,0.024433777158130353
10012,0.8993835745305959
10013,0.01807843495601205
10014,0.24064239212663213
10015,0.09316901444642595
10016,0.04108804334329695
10017,0.0134044218385143
10018,0.0037091578757394
10019,0.0672730853513598
10020,0.04245215192743525
10021,0.056072798243205
10022,0.9836045461545622
10023,0.9918641998157908
10024,0.5615207473545425
10025,0.022886541620114248
10026,0.01733802834529015
10027,0.052679126981166405
10028,0.8431672449700753
10029,0.0659596357804528
10030,0.00447528963249
10031,0.07979844811034745
10032,0.6711846692940944
10033,0.9179168687353321
10034,0.00798698687433715
10035,0.0208837357327174
10036,0.09778757741498376
10037,0.9349843200290058
10038,0.014721498251016
10039,0.41047656267414734
10040,0.1921964668481093
10041,0.0205402661068953
10042,0.8914981026248869
10043,0.026094263038358552
10044,0.29552725057628926
10045,0.015736810227555
10046,0.00775296059456475
10047,0.8728897335385793
10048,0.1486553983374062
10049,0.8056454764716822
10050,0.009527804771628401
10051,0.45935071640806713
10052,0.9849835533355268
10053,0.0875919900258049
10054,0.631352608310155
10055,0.2035609640123005
10056,0.009640710387600799
10057,0.9672660330055284
10058,0.9612619415773981
10059,0.050731876267628
10060,0.8347948550075452
10061,0.0892959584313967
10062,0.0036210158581208
10063,0.05313985337425385
10064,0.9855338588171307
10065,0.1282344704465342
10066,0.06866721062503064
10067,0.041280788437046204
10068,0.0160971427480594
10069,0.045188752299052545
10070,0.0443317014713895
10071,0.6828446226692808
10072,0.9621553682489246
10073,0.7563618723493847
10074,0.2400643086087051
10075,0.8769378540737895
10076,0.948586882710956
10077,0.0551111154198838
10078,0.02823124594222525
10079,0.11835109025216965
10080,0.091150186637105
10081,0.0751659948574554
10082,0.39777895474292047
10083,0.0078411526232007
10084,0.14000977879706833
10085,0.34801808356707686
10086,0.07659294068452385
10087,0.7600778375696791
10088,0.0262801436062925
10089,0.7779864765816571
10090,0.00318503522708875
10091,0.06722878548849184
10092,0.0051532925493386
10093,0.036605289588846346
10094,0.4121390923540805
10095,0.04186191225264345
10096,0.02834344638421745
10097,0.9800681370081161
10098,0.16983764982906485
10099,0.24594698873590337
10100,0.0111764450261139
10101,0.0064293449035336
10102,0.060178605299042454
10103,0.02604497024225845
10104,0.9538240768106192
10105,0.00535286710266385
10106,0.17557178250952005
10107,0.00431471408457565
10108,0.30770485048005486
10109,0.08131361008224236
10110,0.15614204048862426
10111,0.02838789349521845
10112,0.017450692479142348
10113,0.06757096463461221
10114,0.14920118020250311
10115,0.0053736557632089
10116,0.7378507009561937
10117,0.04502832087874935
10118,0.135379429242093
10119,0.5601975734813038
10120,0.3347421726389333
10121,0.14597463940617406
10122,0.19699426291911426
10123,0.12459426211195415
10124,0.0069584729952001
10125,0.06890719658062144
10126,0.9841733991128017
10127,0.0338031136208999
10128,0.0436211025571215
10129,0.04071717248423345
10130,0.1499262006834779
10131,0.7063564062953478
10132,0.4717572180293922
10133,0.111984089492196
10134,0.9844357183156531
10135,0.05467759183672495
10136,0.01255633995165875
10137,0.0075812417097761
10138,0.4856968485105035
10139,0.8843252703345279
10140,0.23653741539129108
10141,0.19056166870014624
10142,0.0172137107086639
10143,0.06691581724301494
10144,0.0030734615708764
10145,0.011591825592705898
10146,0.084991810432861
10147,0.3702886398916546
10148,0.6550892769084975
10149,0.78470231465536
10150,0.0900314645523881
10151,0.0354561248088785
10152,0.0087707636160783
10153,0.9429141126536298
10154,0.0551811370891487
10155,0.02609420373155915
10156,0.573874117028608
10157,0.23095192223594418
10158,0.6284479077718387
10159,0.18487158052363517
10160,0.9732171754705086
10161,0.01871841552709565
10162,0.9481793229064273
10163,0.997865655370371
10164,0.008594107951670201
10165,0.0136759821632126
10166,0.0027962444099370997
10167,0.640945994235437
10168,0.33249873020383175
10169,0.9103880517529359
10170,0.00816895638692465
10171,0.22832682334908025
10172,0.27410276609500883
10173,0.19589971171275544
10174,0.00645639139674295
10175,0.39891278751544335
10176,0.0046446766003043
10177,0.9976515151493004
10178,0.02535625023515565
10179,0.04425750254162365
10180,0.1597262213035074
10181,0.00600392299210925
10182,0.03872284603109105
10183,0.963727229265405
10184,0.9975585438173815
10185,0.9227445312488046
10186,0.3951306626168143
10187,0.037703715604398
10188,0.03451255261343595
10189,0.0073164350061138
10190,0.00264514075356755
10191,0.9811259853931639
10192,0.9612125541301174
10193,0.23113874706133114
10194,0.09790878458265309
10195,0.034122542769286945
10196,0.6290196155028946
10197,0.03327431413084475
10198,0.06800625752772245
10199,0.084095746579498
10200,0.0053207322926756
10201,0.01489986464345615
10202,0.04244370713060615
10203,0.0188882404621056
10204,0.8874674822955326
10205,0.012831798395237851
10206,0.9963575650429723
10207,0.01871072088424765
10208,0.9801423010277173
10209,0.8973904752804835
10210,0.9858555398286442
10211,0.560582969210413
10212,0.9043928167574422
10213,0.3631141975832617
10214,0.16361450516681492
10215,0.024554364512786447
10216,0.42516316207199795
10217,0.8269071678776312
10218,0.008837487885619801
10219,0.0463577079270815
10220,0.13976650315110212
10221,0.01327587952069935
10222,0.0038614763369796004
10223,0.9664472080812344
10224,0.8526837818023201
10225,0.069049694315305
10226,0.0310912815003431
10227,0.9981950294701233
10228,0.0109763920752825
10229,0.45414384251235773
10230,0.9974116762671872
10231,0.01568624380266115
10232,0.17783682034527998
10233,0.18447629301457924
10234,0.079944675093648
10235,0.01727590636048775
10236,0.03426830425458595
10237,0.5073228423002512
10238,0.0660124722011349
10239,0.9156336719018321
10240,0.06925147521814401
10241,0.03529586439060345
10242,0.12553720635384263
10243,0.0790582479054432
10244,0.0059816210545361
10245,0.9382237369079631
10246,0.0450317738612967
10247,0.491545353507423
10248,0.6457925359630448
10249,0.7499056938778967
10250,0.01023239439298295
10251,0.02216938046363815
10252,0.020504225308520398
10253,0.826710700644377
10254,0.1942225780317391
10255,0.08101475753992515
10256,0.9037976960385222
10257,0.8164501978790493
10258,0.0151274024519235
10259,0.03637804570892855
10260,0.9777799413510511
10261,0.0151689181576568
10262,0.002375924220678
10263,0.6720933631952322
10264,0.700224598707277
10265,0.014494712978819501
10266,0.5968322384755119
10267,0.8889656398567861
10268,0.01057251895583935
10269,0.0399295721993414
10270,0.5669642711518481
10271,0.0102458685385232
10272,0.08226660159265715
10273,0.7553259600643455
10274,0.5077059531380088
10275,0.1690929888857143
10276,0.24429422008117435
10277,0.13828762803604944
10278,0.15368036546082925
10279,0.9849179010859822
10280,0.025257204551284
10281,0.6543061727838855
10282,0.0199262246738358
10283,0.5375293216018945
10284,0.25183370474717903
10285,0.048745853659084154
10286,0.1024823575784864
10287,0.2746780245842997
10288,0.9378945328576029
10289,0.8326079616809419
10290,0.0511726222813632
10291,0.0354833809483411
10292,0.01449806509939215
10293,0.0840551522893587
10294,0.5004542381802153
10295,0.2888701003248879
10296,0.9755218785853543
10297,0.1393353764952341
10298,0.0664415610680115
10299,0.13846967659901577
10300,0.9202886320805912
10301,0.00577796838783165
10302,0.7876589998853467
10303,0.07251860157067105
10304,0.1966516319536463
10305,0.02833329794965815
10306,0.8827933378562982
10307,0.1014326091086352
10308,0.14002479961096026
10309,0.1558004973493757
10310,0.07435992929118415
10311,0.13941804987852785
10312,0.9748842000422545
10313,0.03913971764891775
10314,0.00151712491988865
10315,0.6388420572080794
10316,0.29702951064267613
10317,0.060901299828595545
10318,0.4130974966696521
10319,0.0133190893492641
10320,0.0945816836243269
10321,0.066938417766709
10322,0.1266188584917884
10323,0.0822812930685034
10324,0.0035162833560628
10325,0.2670833520417569
10326,0.4607240925234164
10327,0.012127807656309001
10328,0.8395803142754068
10329,0.11977022082821931
10330,0.0218970938334746
10331,0.05266794339975385
10332,0.0461124138291919
10333,0.3253543819816006
10334,0.8697640630280836
10335,0.9312701077248161
10336,0.29853267743674083
10337,0.38585726182805524
10338,0.47792240423399684
10339,0.468297020678889
10340,0.6981210296935602
10341,0.0568816542772531
10342,0.7563842345216303
10343,0.9219748341009024
10344,0.7507489411467592
10345,0.01405371743639635
10346,0.9672468464051992
10347,0.9535940941097378
10348,0.07587018550045865
10349,0.8229088479144708
10350,0.1575857928844257
10351,0.9650197536328826
10352,0.021903705086673803
10353,0.924111221528529
10354,0.5140141456139147
10355,0.14411970934003326
10356,0.11487725597977211
10357,0.07644377567492991
10358,0.9824597598012816
10359,0.01779019531760625
10360,0.9534105770510288
10361,0.9586703975323316
10362,0.00699001633714215
10363,0.0174184654411816
10364,0.2537434231024296
10365,0.01326799507536685
10366,0.06490731096241781
10367,0.016177626837704
10368,0.9866724567868851
10369,0.03061444191913045
10370,0.0030889829011754
10371,0.2842405474564695
10372,0.02966129727725405
10373,0.41079049318066196
10374,0.969408913898004
10375,0.0021534849471776998
10376,0.022278055985285
10377,0.1650111017858895
10378,0.5770564668172993
10379,0.03011419511188375
10380,0.09488976948448136
10381,0.02693352072409075
10382,0.9760176978574007
10383,0.9984574363740903
10384,0.0416130740969857
10385,0.04013489312024765
10386,0.0760461403124999
10387,0.0049379006648671
10388,0.0408299627070723
10389,0.0511544736498952
10390,0.3341342844493051
10391,0.00828730936223785
10392,0.1531636404344659
10393,0.01443301831677115
10394,0.7785218148653521
10395,0.12298801113095484
10396,0.4832313230795084
10397,0.109015579050859
10398,0.9353482409530867
10399,0.1215467359365641
10400,0.666130917062484
10401,0.4718940418829236
10402,0.5304422458325687
10403,0.051118739383625156
10404,0.01568794007837865
10405,0.6484144965700624
10406,0.5608434347942051
10407,0.00961383643662715
10408,0.9745539331953454
10409,0.0707868004826154
10410,0.4877362451025722
10411,0.084750046833294
10412,0.1224424175705559
10413,0.0420834866976378
10414,0.9848097081768696
10415,0.1546028645796107
10416,0.6196177314808123
10417,0.051730092168540645
10418,0.9771789833809138
10419,0.13926814911517235
10420,0.7799666296044228
10421,0.9369775039110093
10422,0.5855397080121956
10423,0.08944787914813296
10424,0.740379710878498
10425,0.20162249446710576
10426,0.012724786672567951
10427,0.056704263000656105
10428,0.01966769555102145
10429,0.04095681942773245
10430,0.1370489906547333
10431,0.5773040951056749
10432,0.9697477520272507
10433,0.1127633696373341
10434,0.0100662314208835
10435,0.04559598984072315
10436,0.072841052536404
10437,0.0065121946974672495
10438,0.009172242327290352
10439,0.0024850398914445498
10440,0.0023257517580993004
10441,0.8710671258097202
10442,0.9471854387668671
10443,0.5261042848449653
10444,0.20135405066660056
10445,0.028238074080458198
10446,0.005828565513350901
10447,0.7149566735956139
10448,0.0111951543114161
10449,0.9815693858167154
10450,0.9878921291254762
10451,0.23301654233241498
10452,0.9858872337493242
10453,0.7453137367959444
10454,0.2730962584422868
10455,0.014988934921580151
10456,0.01188827193941605
10457,0.00824899627403655
10458,0.9378748474357832
10459,0.08491667829870944
10460,0.0334350520168335
10461,0.31629322668310944
10462,0.2197268782061284
10463,0.0717010214485701
10464,0.9543630339595127
10465,0.03520835724443175
10466,0.1215711152728903
10467,0.027016781714257553
10468,0.6720079353475517
10469,0.8415904317825644
10470,0.8316262149406213
10471,0.01740660547460595
10472,0.6703190798386529
10473,0.10284174737234135
10474,0.23649199414348615
10475,0.02630581950474895
10476,0.087064117174037
10477,0.9912866098052795
10478,0.8702621935316064
10479,0.060792876979531
10480,0.9771768001039456
10481,0.959365468341447
10482,0.2299573706928863
10483,0.08478486879159006
10484,0.9705820190265029
10485,0.0361534689595298
10486,0.12201520295186985
10487,0.08694940450046384
10488,0.03884625536943405
10489,0.2210606599072115
10490,0.6748945095828742
10491,0.038161599633732946
10492,0.0025159906662869
10493,0.9902315047911268
10494,0.17607683793423495
10495,0.9814781410356934
10496,0.16546465734150506
10497,0.0441107477620231
10498,0.2388365398814424
10499,0.040179737769534346
10500,0.9890456743112338
10501,0.41160296355132975
10502,0.6087479550978563
10503,0.9674818801077987
10504,0.20513797973323
10505,0.0230277103437733
10506,0.3674007974313118
10507,0.15841125955426605
10508,0.04187770726085055
10509,0.056152297418291405
10510,0.8347740733504174
10511,0.2387555008780191
10512,0.0343521819545706
10513,0.08241368000671764
10514,0.8223599111096607
10515,0.008748072714734701
10516,0.7831099676938664
10517,0.040075967937184195
10518,0.27788145940545006
10519,0.809770187191154
10520,0.991627134610163
10521,0.31730667360417125
10522,0.008284289941869999
10523,0.0160012385140452
10524,0.9416057664387469
10525,0.6427361317256537
10526,0.2865599512553077
10527,0.48866652623141205
10528,0.8379488669161246
10529,0.9604742907240026
10530,0.08028996790549035
10531,0.0376033543328749
10532,0.048713576997910096
10533,0.07001261311995574
10534,0.07990806705612405
10535,0.33828134932107046
10536,0.9802565551484059
10537,0.08733987629637865
10538,0.02244015704156265
10539,0.09758019054339576
10540,0.7097877866789704
10541,0.9426136699361236
10542,0.0941018937030022
10543,0.9258534049680406
10544,0.7560975421118543
10545,0.9519422669456183
10546,0.9984795624413548
10547,0.7524241481755489
10548,0.0208284267248629
10549,0.9793150267895843
10550,0.15950959334173345
10551,0.00682538086171445
10552,0.01206365519727815
10553,0.042667468874873146
10554,0.8701423629166447
10555,0.09735759984455519
10556,0.22492424700511854
10557,0.047136641239506144
10558,0.8865915973084245
10559,0.891030844468689
10560,0.0575935079691008
10561,0.0020943405260855
10562,0.17963128754863184
10563,0.8971926879232963
10564,0.6985788108756725
10565,0.00831942272249505
10566,0.4484513562499678
10567,0.026569537665260552
10568,0.0601358027985228
10569,0.11279932788017405
10570,0.41551730102395695
10571,0.07480618477742315
10572,0.129647125658095
10573,0.31382055957953575
10574,0.9764001719449835
10575,0.0048319135945682
10576,0.0111140797342912
10577,0.9626471582180243
10578,0.8223039156059685
10579,0.07027309069543294
10580,0.0051105202228738
10581,0.0248443444046117
10582,0.9491911945069118
10583,0.9650456245779169
10584,0.028589256219216902
10585,0.9563152718921986
10586,0.3799220478561808
10587,0.9413983174668175
10588,0.0207940948582277
10589,0.16903613668054374
10590,0.4164696544664487
10591,0.0081050521869469
10592,0.7852574768132274
10593,0.03979775808401055
10594,0.036984858220300995
10595,0.004097353429834701
10596,0.15554187694511765
10597,0.9574111991171486
10598,0.1472650372395298
10599,0.10096890327715449
10600,0.17665411679149762
10601,0.7551206674787958
10602,0.07153759623416134
10603,0.9590768250110617
10604,0.00189634205580425
10605,0.6743158744662996
10606,0.9878056079272737
10607,0.01250143333016685
10608,0.0435040562324543
10609,0.11398679333332565
10610,0.07471775838523415
10611,0.949290056328985
10612,0.01285882506596465
10613,0.057450500917436045
10614,0.0235437205974273
10615,0.04702743008206435
10616,0.1589332954275681
10617,0.4134019148699553
10618,0.9316202168061813
10619,0.0087403427317216
10620,0.9375308284664516
10621,0.1958580773211996
10622,0.5251610759439522
10623,0.0920562175714068
10624,0.0959050108072107
10625,0.220368300854473
10626,0.1217560141693876
10627,0.0821331726742905
10628,0.38635365082283724
10629,0.0044808928511518
10630,0.9842649371928935
10631,0.0025464488630826503
10632,0.04220311183511945
10633,0.02351856174268005
10634,0.5787303624185216
10635,0.9203112017078747
10636,0.6880030825618889
10637,0.9980185247802233
10638,0.08744442761786025
10639,0.23402316061441364
10640,0.19945391044708174
10641,0.24334991596231415
10642,0.2962513591685033
10643,0.0051491193001692494
10644,0.0250438163754364
10645,0.9975698781596506
10646,0.007466872514685349
10647,0.0072699278618397496
10648,0.00381744951681415
10649,0.9171377722095602
10650,0.2510229431705835
10651,0.13144314434008203
10652,0.9964085907487257
10653,0.28251221182141945
10654,0.8807508650320018
10655,0.17645149270934055
10656,0.9832379724351754
10657,0.18497103176147034
10658,0.29728875173318026
10659,0.020811911338665702
10660,0.00341473939471865
10661,0.9706962273925244
10662,0.0211844138003312
10663,0.18159740852279332
10664,0.0634530008764168
10665,0.01543304845991795
10666,0.35624000560133706
10667,0.3183630526489081
10668,0.626233069437955
10669,0.011656622159562549
10670,0.02413704945117775
10671,0.0031791416120752003
10672,0.00230353770919555
10673,0.20774865346324445
10674,0.4639779559805117
10675,0.5916582590660194
10676,0.036585394998574
10677,0.9864508859067966
10678,0.06805693956397785
10679,0.06483881402052499
10680,0.00338070567558455
10681,0.4966803429528539
10682,0.0363188354845888
10683,0.45824542919354605
10684,0.03285815196886925
10685,0.9749456135740802
10686,0.9869899034012548
10687,0.023513112023283052
10688,0.020286242778444548
10689,0.8578790421179268
10690,0.0066286846285857
10691,0.3636151672998247
10692,0.9425037747919407
10693,0.8205615403006761
10694,0.0189370113126958
10695,0.5615542550165461
10696,0.0819965799475085
10697,0.01182082429432775
10698,0.8065763108168217
10699,0.9981133878306094
10700,0.9008497999239754
10701,0.12006536116288055
10702,0.00953572677466125
10703,0.9601873393067576
10704,0.45172840287416716
10705,0.9816463701162175
10706,0.7382255661475368
10707,0.9608623906634702
10708,0.0036674402509098997
10709,0.1627992942258254
10710,0.0055073920595262
10711,0.0025393462919231
10712,0.10081194857696066
10713,0.1315852352615447
10714,0.0076557440844767
10715,0.3130618150530943
10716,0.8478499580169172
10717,0.08163093617401096
10718,0.00200820823988265
10719,0.14593191957723994
10720,0.7750507879400829
10721,0.9794637338604792
10722,0.9677509472517007
10723,0.9415703149297006
10724,0.0052409404397535005
10725,0.12819707226887186
10726,0.9225276228784218
10727,0.9905263525158317
10728,0.0314929134092429
10729,0.07122385852411639
10730,0.010176385902148699
10731,0.9968064650575847
10732,0.10101374366632346
10733,0.05292466678919985
10734,0.1574191286539664
10735,0.9769930078427274
10736,0.01200811829560605
10737,0.4178021968007374
10738,0.0034081848518066
10739,0.8951679014605496
10740,0.25058589382107244
10741,0.19426708154359007
10742,0.7917494633209998
10743,0.00995632042898945
10744,0.8287202841666678
10745,0.18802477698456666
10746,0.6829726425216666
10747,0.0092055395331051
10748,0.9762339186970836
10749,0.9966180288875779
10750,0.8282501417838941
10751,0.013670204332917602
10752,0.0527978544016433
10753,0.18133208137867196
10754,0.14915658951833993
10755,0.01770853271366015
10756,0.1447422513060111
10757,0.7245908031484368
10758,0.4594848727804749
10759,0.0744985907154055
10760,0.32433128620305796
10761,0.01057048482873215
10762,0.07997300817634895
10763,0.4927485038035774
10764,0.9593307745791972
10765,0.9194134543431075
10766,0.06683841354347395
10767,0.08222827097289451
10768,0.0062865891080289005
10769,0.16995825886043756
10770,0.9888462246897517
10771,0.052600609193463946
10772,0.02730867990165855
10773,0.00336286864804305
10774,0.0121586963628471
10775,0.4338984798339516
10776,0.5716026443344211
10777,0.03220537019764395
10778,0.07406889821524354
10779,0.8733535006448607
10780,0.00531631740525805
10781,0.09902979194992009
10782,0.004050996996749949
10783,0.7937143625452575
10784,0.0917273955966907
10785,0.35321204671543494
10786,0.9519059136088124
10787,0.09318812178029
10788,0.01811882414605855
10789,0.9966992821847451
10790,0.4213329402721038
10791,0.04952326944855185
10792,0.0082393868512676
10793,0.738366705843035
10794,0.23396649805337
10795,0.6818531490957085
10796,0.07152353642393144
10797,0.05160347392966195
10798,0.7525957431999184
10799,0.25952330699397097
10800,0.2702832767822123
10801,0.042355824403296646
10802,0.0097050950435596
10803,0.09044133754186005
10804,0.9910306063799611
10805,0.9007039365090819
10806,0.04526318802468955
10807,0.06523613842210929
10808,0.0445259290270391
10809,0.190841754029613
10810,0.9455567751591458
10811,0.0345075540288974
10812,0.02882088540349835
10813,0.02401893125065955
10814,0.05197372526035945
10815,0.3822977991461098
10816,0.0878736117279124
10817,0.9719627764148776
10818,0.07306784292971874
10819,0.08775741527324521
10820,0.0050417374381397
10821,0.07153964468874655
10822,0.03969208403334305
10823,0.05679680323494965
10824,0.0110222749973269
10825,0.04612857474853895
10826,0.0656569452213675
10827,0.0023006925408262
10828,0.4937784514013128
10829,0.0803294494542249
10830,0.06166902136880155
10831,0.42094387529208743
10832,0.3082497661478345
10833,0.0365162673571717
10834,0.08564328289521389
10835,0.38646928962652105
10836,0.0146517220086854
10837,0.5338564642070656
10838,0.4449879119488413
10839,0.19302457363412712
10840,0.01274109493554235
10841,0.1431157229967428
10842,0.8552637548835282
10843,0.9655798028657654
10844,0.3469353961375895
10845,0.0569868169821247
10846,0.1273199556036576
10847,0.035439582558825594
10848,0.2868125624314647
10849,0.08075081886202315
10850,0.1054462126701045
10851,0.2487622511615779
10852,0.9149254335223949
10853,0.04328410190005045
10854,0.00156924973041635
10855,0.013010525183789201
10856,0.1240277201099282
10857,0.0458365031689194
10858,0.17756579894573354
10859,0.9624137941877885
10860,0.2777099827228152
10861,0.06751494382383115
10862,0.09928855814782725
10863,0.10460609480718144
10864,0.9083436902805394
10865,0.21592425925964326
10866,0.0809184173014438
10867,0.057093199168546646
10868,0.025625974766814448
10869,0.9730861650380613
10870,0.3086978923763284
10871,0.0173366707768177
10872,0.0781822126618758
10873,0.060408016347929555
10874,0.9818769032438959
10875,0.15446091638010626
10876,0.0926712459757395
10877,0.0471207971933332
10878,0.0044167098911578
10879,0.9349314628041951
10880,0.0295929043741733
10881,0.9590034239337706
10882,0.8500764288581238
10883,0.6819721872790963
10884,0.9769231336107209
10885,0.0059976415784846
10886,0.8214702871316817
10887,0.04108877518909125
10888,0.971205248296228
10889,0.1490540085206458
10890,0.8980378525227378
10891,0.0155632801021722
10892,0.0048136050682822
10893,0.9648828932946765
10894,0.9842412001924734
10895,0.9642781784203546
10896,0.11463463254164091
10897,0.02762134389155005
10898,0.014576526864280799
10899,0.0068264281671881
10900,0.01644653615183555
10901,0.387715557011018
10902,0.06013725304268895
10903,0.1511130120673376
10904,0.0143836317491013
10905,0.49039217921245826
10906,0.142442905126318
10907,0.0587319638089853
10908,0.7056888176812491
10909,0.01010436974875145
10910,0.9630961413627332
10911,0.9767298063454579
10912,0.0126770494864228
10913,0.8976270587912523
10914,0.9978826905768701
10915,0.8567522598580473
10916,0.9917597293168117
10917,0.15220539614241185
10918,0.37875190518978774
10919,0.1447567680998186
10920,0.9859636246946157
10921,0.9901840531883376
10922,0.9220682391780617
10923,0.8622770098902368
10924,0.5735149804973864
10925,0.14807270645816326
10926,0.5470671084861055
10927,0.030422920066371352
10928,0.48890091291977067
10929,0.9828218405590676
10930,0.4625348091554417
10931,0.1248587646126389
10932,0.0158868347548864
10933,0.1858989517999251
10934,0.2215161901230125
10935,0.9666728320974336
10936,0.32222364661333136
10937,0.1677171079212266
10938,0.9684809729265995
10939,0.25456295565622267
10940,0.914156765626995
10941,0.9934942529857314
10942,0.6130846150654283
10943,0.01602770569269025
10944,0.017505465263529148
10945,0.26059569812868477
10946,0.0176066088717642
10947,0.0389878391954596
10948,0.0039312356954317
10949,0.018379901935247252
10950,0.0111693325253695
10951,0.926801782014582
10952,0.05101647042800205
10953,0.032976590635039355
10954,0.0733408865609188
10955,0.2020885618445037
10956,0.6660707380529952
10957,0.00294299459056575
10958,0.02925264121632125
10959,0.0031988414152209
10960,0.9577561293485553
10961,0.44259076223123883
10962,0.7239937926008697
10963,0.27196762355171067
10964,0.00197218424381325
10965,0.746554897710505
10966,0.9426188359168461
10967,0.9348057229054982
10968,0.20654051565012485
10969,0.13810093005022467
10970,0.03033004619125705
10971,0.14383978456620894
10972,0.5232241670923707
10973,0.6512298458179939
10974,0.2584438785664226
10975,0.5711415080778537
10976,0.126552184739391
10977,0.9537978191738343
10978,0.14860971598631167
10979,0.0047197771991273
10980,0.925377027773301
10981,0.4716365914551594
10982,0.9893360378437762
10983,0.07727905754035805
10984,0.03770907912436535
10985,0.9250774149275991
10986,0.04940897346061125
10987,0.03143778068482845
10988,0.1244459702723124
10989,0.0616280237126401
10990,0.05652636394752565
10991,0.05854072765116915
10992,0.01805522576444295
10993,0.04840309371411875
10994,0.0035692052273539002
10995,0.19287419574871761
10996,0.3830860064316053
10997,0.0383143938939025
10998,0.0334559188621314
10999,0.0612451414039746
11000,0.028466053852147448
11001,0.01134033264007275
11002,0.3359043967809733
11003,0.42940788442146405
11004,0.9838733878543333
11005,0.004381967969221551
11006,0.004388314354404999
11007,0.1218188210080533
11008,0.1848781856249263
11009,0.03200531214875805
11010,0.05346534595781195
11011,0.0040505193592173
11012,0.16194407448796094
11013,0.5232323612421845
11014,0.04948318192101895
11015,0.10033470880574535
11016,0.0107112165088159
11017,0.9453052756523033
11018,0.00786712158901595
11019,0.09655751867895976
11020,0.9126512908503859
11021,0.018589476378900953
11022,0.18165500618481012
11023,0.00377715739875675
11024,0.7449109301130473
11025,0.09326111313469809
11026,0.7375651452027103
11027,0.27052127842119794
11028,0.881870077384924
11029,0.02589474325565435
11030,0.02039077459618515
11031,0.0121732656337976
11032,0.9344932101755932
11033,0.04776659935556555
11034,0.019090984118938253
11035,0.9318082273420127
11036,0.08759081454891625
11037,0.9891113800008315
11038,0.32488767196253554
11039,0.9902232491422052
11040,0.01114786316026955
11041,0.0534181664513333
11042,0.9697540167345153
11043,0.06643649963364175
11044,0.19341153139968195
11045,0.9014159982025223
11046,0.019073955957256798
11047,0.5291042719571273
11048,0.03102061823994285
11049,0.0083199489481598
11050,0.7413152609591313
11051,0.3214163518491999
11052,0.38125067333591844
11053,0.5171700279996128
11054,0.9872860968811807
11055,0.877970300735165
11056,0.1205845359413702
11057,0.06240718533347925
11058,0.08844378536858291
11059,0.0503992854743283
11060,0.3181528992161382
11061,0.6252299470454812
11062,0.971047287550345
11063,0.00269255565657275
11064,0.8797157452669488
11065,0.9695906507151565
11066,0.05536458794763845
11067,0.09442318129076874
11068,0.94900487932724
11069,0.9420618056530228
11070,0.08619496210901334
11071,0.02638121680338065
11072,0.9332178925865018
11073,0.058547756054250555
11074,0.9965528135108213
11075,0.0397471389572196
11076,0.10189053143203665
11077,0.0314377213951358
11078,0.5570905583262398
11079,0.02111716049613825
11080,0.0036151515620304
11081,0.024365144801777948
11082,0.9290576819846147
11083,0.0759589619562875
11084,0.0251195788460844
11085,0.09523268759775219
11086,0.2442499076937688
11087,0.004787364090672101
11088,0.0090546944848356
11089,0.9876510980359704
11090,0.9820919451173532
11091,0.01737252789736955
11092,0.9550980228005503
11093,0.6991793884352394
11094,0.10597056206753006
11095,0.9475367053442938
11096,0.4873591314951269
11097,0.06252572295952424
11098,0.13500930688854906
11099,0.9511903304642094
11100,0.0878096671091947
11101,0.27112007118967446
11102,0.03067809660615545
11103,0.9482802935209336
11104,0.077438565238763
11105,0.10656184520233819
11106,0.9701383258172407
11107,0.9841796804905654
11108,0.28800163220844843
11109,0.9752060613662581
11110,0.07145122432445605
11111,0.9642620659533665
11112,0.0572811873408332
11113,0.00297892214879815
11114,0.07415843910682204
11115,0.25963175902553526
11116,0.1957606689593284
11117,0.9680731607672028
11118,0.1078387986375557
11119,0.9621286967169731
11120,0.00701077103226735
11121,0.0744116277846345
11122,0.008230324189974849
11123,0.9979622966944408
11124,0.8538361916697816
11125,0.9839140900435637
11126,0.0730952502750905
11127,0.09171708361197575
11128,0.9581581377909993
11129,0.0178119407998586
11130,0.07066450536909685
11131,0.9514696632808565
11132,0.0744224259920248
11133,0.4785243216852513
11134,0.07170310744180615
11135,0.9836787274730499
11136,0.23322997887524644
11137,0.012512463379386201
11138,0.9473645234754421
11139,0.0265263833802981
11140,0.9635245210027884
11141,0.02763548829342935
11142,0.1088116602168323
11143,0.9528621223078853
11144,0.01549960812372645
11145,0.18714469540359316
11146,0.9748242362638645
11147,0.016480776533673948
11148,0.9784518704891074
11149,0.060842234238224505
11150,0.8442334483305263
11151,0.10878761376679676
11152,0.01963723217287145
11153,0.8635017947267005
11154,0.026115268896104847
11155,0.24158433320973
11156,0.0365223988132473
11157,0.39251899275027535
11158,0.9764035627900005
11159,0.01387573351072845
11160,0.9403870965772476
11161,0.9789381630445078
11162,0.2612904187475493
11163,0.868209983506693
11164,0.04538470968071575
11165,0.3054015076323442
11166,0.11929699328757964
11167,0.0289107814642448
11168,0.9767819427945267
11169,0.35746776003736286
11170,0.02701372158849645
11171,0.8886547449143939
11172,0.05627412383415785
11173,0.0049037619853747
11174,0.09684364733730344
11175,0.2432436590477018
11176,0.030940886656978948
11177,0.9629578660455648
11178,0.00687034289325875
11179,0.01178384939546445
11180,0.8495548723713692
11181,0.20824855547083299
11182,0.9685885988110388
11183,0.612151053918645
11184,0.00269535441211855
11185,0.8972643926773388
11186,0.04261374338761095
11187,0.9900817606520858
11188,0.08016399547241294
11189,0.16515234455697905
11190,0.054652363643747495
11191,0.9923993648385852
11192,0.25529925156593963
11193,0.053869185276839954
11194,0.13228666570118264
11195,0.16781777105619425
11196,0.01686974888849195
11197,0.036890914979875344
11198,0.7973312843862723
11199,0.8896667167086637
11200,0.2542238926851498
11201,0.00902486179046885
11202,0.0021105380896132503
11203,0.09876360551943875
11204,0.0040582284821253
11205,0.034045733855648797
11206,0.008876850344354651
11207,0.1582048630447033
11208,0.0194707767282186
11209,0.9710001515276723
11210,0.058670314397885254
11211,0.07595008516898705
11212,0.06353425509183269
11213,0.0055875084833337495
11214,0.7075840272002356
11215,0.07540048988600129
11216,0.11940039301761735
11217,0.23068451556263136
11218,0.11014979861317716
11219,0.9947997789026723
11220,0.09683919077366335
11221,0.2630630711424914
11222,0.19847627720471178
11223,0.00253446168964415
11224,0.04091961538150085
11225,0.995542826808733
11226,0.011279076822174001
11227,0.127914907589681
11228,0.44599466457575915
11229,0.1007435282032412
11230,0.00227737407718195
11231,0.9848754626882394
