index,target
0,0.018946120126395398
1,0.8705484301837803
2,0.03884217889506789
3,0.03713287630747956
4,0.9890555639920854
5,0.005185328936610288
6,0.9501384064204237
7,0.16380921052368694
8,0.02782203444759646
9,0.9428458752943664
10,0.00837345140145617
11,0.0041344555055471315
12,0.06583714007845023
13,0.6026738355547135
14,0.4650307973400237
15,0.3716989403389784
16,0.18202215345104705
17,0.851267093781332
18,0.7689103032898897
19,0.9788981692111756
20,0.1118127072213223
21,0.7559521861755927
22,0.9817307132754743
23,0.11573015235288796
24,0.9674253119308563
25,0.03502058812388403
26,0.020341909707984517
27,0.011419652163116537
28,0.011930966267867115
29,0.0022924169365566875
30,0.030196026119235914
31,0.0047965737039382655
32,0.006178043124245199
33,0.5104919740282927
34,0.10372982097316094
35,0.18844516449724963
36,0.8858051197847063
37,0.01006575597872681
38,0.05794159615410165
39,0.12339846243179191
40,0.08732651464710078
41,0.9586917059153426
42,0.003689697880591053
43,0.33582250517201645
44,0.802020535896728
45,0.016450349958934494
46,0.7795404830599195
47,0.14497798884133745
48,0.46128749497871074
49,0.07044607531152088
50,0.08901661298468729
51,0.005846308415231405
52,0.285448705660869
53,0.011798501538122808
54,0.11498358690182478
55,0.02600299907216362
56,0.03498580854304913
57,0.9609135786494521
58,0.036396909890017926
59,0.785863142062378
60,0.16707637953558896
61,0.0166989942976739
62,0.8485441624727096
63,0.7324640978958199
64,0.2338068046178541
65,0.004134919817096354
66,0.05902574606302505
67,0.966890956302803
68,0.9864749013308087
69,0.32614437004718316
70,0.07146161559328126
71,0.3938789054025665
72,0.05355307444375306
73,0.09658307167685243
74,0.13225082079067732
75,0.011140189456307745
76,0.0016809677017715966
77,0.0056437091623580075
78,0.027747673117625188
79,0.7799951072976107
80,0.22276168272063626
81,0.2843112485247645
82,0.11661124778505838
83,0.11772784536514214
84,0.17356422760713408
85,0.5798548087857669
86,0.513997545773775
87,0.014564759100438408
88,0.1426823691763181
89,0.00199405959942234
90,0.7487608487678166
91,0.04919155757996401
92,0.04382512735655882
93,0.09507738679633448
94,0.1253515560172546
95,0.7975221108099857
96,0.4627890393009395
97,0.0757614385556274
98,0.9795287278122382
99,0.3591780576523511
100,0.010495030679408959
101,0.08226794624162036
102,0.049221771800526705
103,0.13063849839359107
104,0.4432715899512561
105,0.052915574794804875
106,0.9018432524963037
107,0.7617298396064108
108,0.2722289900375214
109,0.1357252929960071
110,0.9242718283380758
111,0.02268090491349439
112,0.10815392696533889
113,0.010862702498325508
114,0.021086550752372913
115,0.24722773354019728
116,0.9704091988969623
117,0.26965235867774173
118,0.3131837142154449
119,0.9899774957422234
120,0.9576750744825309
121,0.0024791146444619917
122,0.2817663062021901
123,0.0898466576950246
124,0.19410532958369756
125,0.10137501515370692
126,0.03920111946259357
127,0.15678870588816568
128,0.1073665985643515
129,0.07073095006770413
130,0.005824084426413562
131,0.03261702870046341
132,0.9895247113318437
133,0.06659960306328408
134,0.9798616088165435
135,0.9240412535464628
136,0.9878764498216869
137,0.9336116743863826
138,0.7106972764069234
139,0.10523387190079027
140,0.014022206054510305
141,0.4426668142636202
142,0.017177690292180255
143,0.07730235440002707
144,0.003632919287038504
145,0.9823371460487347
146,0.7827563112766078
147,0.9578815276251971
148,0.9517556944180754
149,0.05501035745639187
150,0.6256811912273371
151,0.07579463050439303
152,0.07057940421298615
153,0.018643182497196084
154,0.050386122410200865
155,0.02852099670117582
156,0.47063215598473535
157,0.6183010481096586
158,0.04814205293301497
159,0.054372103610672046
160,0.005752348157115124
161,0.5475576084648733
162,0.044445013390291666
163,0.7026112476701565
164,0.060105559958285315
165,0.040741551003408254
166,0.1328727143158482
167,0.009530125630800537
168,0.9832530378377353
169,0.007321304483408102
170,0.04309071363281541
171,0.0394095590398997
172,0.1502661612515691
173,0.9061562483519354
174,0.010339946960919406
175,0.009350611945733885
176,0.9624128241805991
177,0.9705123449936937
178,0.003382671892010827
179,0.9414659972242703
180,0.10376198976862637
181,0.04803753541970339
182,0.7810742646150621
183,0.14434232441478456
184,0.9430033892707536
185,0.0749137091016831
186,0.6166240288527174
187,0.0049048239613049644
188,0.13955472251051307
189,0.017149060847252713
190,0.007749284800689035
191,0.9165279618523684
192,0.05517163228759207
193,0.05291532151971422
194,0.15938016145309597
195,0.9854668198984625
196,0.04380198707135041
197,0.9844759543062859
198,0.14382181153911416
199,0.36737772036048755
200,0.18496230671945232
201,0.03461941671046827
202,0.963159354953612
203,0.005744764971807442
204,0.035841323611027806
205,0.01552968054505302
206,0.11667760169722254
207,0.8233340629087336
208,0.06732526449601403
209,0.9982952679408171
210,0.10571755473077316
211,0.0034399511197327004
212,0.5973507206230866
213,0.014208695766519439
214,0.019543966656242303
215,0.24664806864053682
216,0.04364744855746088
217,0.5083146937175066
218,0.9559328951125685
219,0.6346986600441149
220,0.14236081975574988
221,0.04187978869572407
222,0.026767358168682212
223,0.0266709932929919
224,0.2884595056887479
225,0.9895466228621133
226,0.9141422555733967
227,0.05370086671917927
228,0.8772796820386055
229,0.002177229711780086
230,0.03797528608525419
231,0.9911011334857055
232,0.20660063724782185
233,0.01918717224823852
234,0.3062096173320319
235,0.05436634628064027
236,0.2894545058878916
237,0.5976983451635028
238,0.05671197686364344
239,0.9845610492369313
240,0.04163612141500381
241,0.01048387064535542
242,0.2214181042494551
243,0.31032461787105786
244,0.923463848536558
245,0.16240426293353855
246,0.18799249283927746
247,0.00603311482988156
248,0.7175652180315064
249,0.997989182056077
250,0.11080251845513647
251,0.03367754788905861
252,0.04996514828417491
253,0.13479050217730792
254,0.10571200064084747
255,0.18112521151789493
256,0.3976438735841875
257,0.8233536513880533
258,0.01198373814749285
259,0.035023880553864614
260,0.18526882538363248
261,0.08044411501879843
262,0.9958273881010181
263,0.940747453598041
264,0.005997580101729423
265,0.11487993383030504
266,0.7840813588259637
267,0.10742365312101722
268,0.006685326791275256
269,0.002780818932256781
270,0.37106584104482854
271,0.3904805061122937
272,0.05053349930530656
273,0.015891410114786994
274,0.9985364491384049
275,0.9946585850418667
276,0.10955345024294089
277,0.024771644765208333
278,0.012901340383462311
279,0.058924909056239205
280,0.9519832700259697
281,0.9414663977659629
282,0.9466372149704325
283,0.009931110478850782
284,0.1427868361041596
285,0.11040934039546753
286,0.020110957535212234
287,0.02059713376349719
288,0.9842537608996194
289,0.29900579280549
290,0.4074447170448055
291,0.9852730381517094
292,0.8396198883620775
293,0.9906489631095218
294,0.0044955519994501255
295,0.10844799059218649
296,0.1823857360102719
297,0.07705908087974682
298,0.005241293224981215
299,0.9861108914548244
300,0.13491836484069855
301,0.93160937664916
302,0.8084587544722425
303,0.052199572596273024
304,0.5590188726137553
305,0.7985632464642255
306,0.06972776009614645
307,0.03674295547799783
308,0.48443607198127536
309,0.38277207226399584
310,0.9808305080397929
311,0.03604183489741776
312,0.44476293717022886
313,0.011478581525403195
314,0.5076060248428198
315,0.030412260458290156
316,0.9611032671487512
317,0.025024769041977594
318,0.0031656191258033883
319,0.6839168669340276
320,0.2894971648216088
321,0.043664183040548026
322,0.0027179656500499355
323,0.030505929775853098
324,0.15115549116874355
325,0.8590526082561603
326,0.04847521789664503
327,0.8857688385406626
328,0.016988437577483334
329,0.011221203573297691
330,0.8220430021959699
331,0.01305706141372087
332,0.2321235408976434
333,0.046120941624891124
334,0.1412396269413406
335,0.3127938742762712
336,0.05429017433669278
337,0.9790217017983566
338,0.020049654215848704
339,0.058927330858914696
340,0.0042370149155113775
341,0.986912554158387
342,0.8477464081702762
343,0.20470017745122282
344,0.07002424768903004
345,0.9683814731680935
346,0.5031813269006582
347,0.07453864057633436
348,0.0025242883581599574
349,0.32968364526869554
350,0.9976452378135519
351,0.03988400875931721
352,0.036210004485213526
353,0.096080241099949
354,0.17287012383704892
355,0.18715951237262354
356,0.9645445952410161
357,0.024906081684810073
358,0.9755899359320546
359,0.2308265962376732
360,0.11542802309754802
361,0.5900984681883482
362,0.008350768212414521
363,0.05463620245800944
364,0.004902615381623346
365,0.6624290493180318
366,0.02568524017978148
367,0.38645815811948353
368,0.39891705904964675
369,0.9650022344621908
370,0.6518823426675759
371,0.8891527100216216
372,0.02974539469890083
373,0.17299364603520345
374,0.03039296733621362
375,0.8250209231372454
376,0.1120022469703529
377,0.02744222823662952
378,0.03186644286193055
379,0.004972714987202054
380,0.06965261382834971
381,0.13975977559324315
382,0.9693046567299558
383,0.13965656945230964
384,0.13471640450481936
385,0.17590335607427351
386,0.04048866548481815
387,0.5158807027059505
388,0.09675145375132053
389,0.03286298356521397
390,0.7501476217449632
391,0.015039112489931943
392,0.014972249889573366
393,0.7517437860987619
394,0.9825923862973087
395,0.7916170590259991
396,0.9579127241601877
397,0.3821602443611125
398,0.13305931463203802
399,0.004432588040356731
400,0.048566635370046955
401,0.0034452156272383474
402,0.007845916156656339
403,0.1148602660192474
404,0.010432453620148533
405,0.036685897998546574
406,0.985998957160786
407,0.4354542737993257
408,0.031876467106737555
409,0.14782392683323348
410,0.0943499426567029
411,0.842464448659152
412,0.1643945538933501
413,0.4823138594566292
414,0.09397062551336367
415,0.05754237943484713
416,0.9519778644403554
417,0.18624800038757214
418,0.08089433906029661
419,0.9888828179259533
420,0.10795087706957487
421,0.002796084856373147
422,0.01102126275944744
423,0.7093090996555942
424,0.9350041639228972
425,0.012743612847282737
426,0.0684661677886786
427,0.005786103283623055
428,0.8794771930508521
429,0.9495768438789499
430,0.995207514049727
431,0.12033716798738506
432,0.35486092214499876
433,0.07699380582669688
434,0.716074417703107
435,0.02497643614391297
436,0.9767494850321662
437,0.05697298235647923
438,0.05788892111111091
439,0.978915006103005
440,0.8033887449102405
441,0.08499866109042205
442,0.03129508632345691
443,0.007189960197069073
444,0.19829807463848653
445,0.024920599709776132
446,0.9921576538425212
447,0.21387993765114383
448,0.01301981558161128
449,0.3016401525961918
450,0.11565529067180966
451,0.39680081572062426
452,0.9280018322260596
453,0.2761626706454035
454,0.10554646724955251
455,0.921493352301507
456,0.8585266357023082
457,0.04508752390501834
458,0.3250259242712872
459,0.5140491643162582
460,0.12107926053586295
461,0.4481880430298917
462,0.31513018105463464
463,0.9425972356224179
464,0.07401935164819089
465,0.9772243869150435
466,0.9353829300910904
467,0.016572794895639505
468,0.8554651453418933
469,0.9594435507462197
470,0.13850810566883537
471,0.29869796111376923
472,0.9656505644317421
473,0.029571494940792475
474,0.029366674648229805
475,0.008313629129808455
476,0.01995630301863683
477,0.06933807297512237
478,0.10376898957412056
479,0.6468454087719809
480,0.014937028094882806
481,0.9900212136361906
482,0.11550058696404986
483,0.9753403241001969
484,0.9533637463482721
485,0.012897026581143656
486,0.0270223301443048
487,0.08578865843038909
488,0.011472245845753612
489,0.01678332335909262
490,0.052418330003451544
491,0.01775629502572205
492,0.003506860734043045
493,0.04161670598100843
494,0.3276544965689701
495,0.08508988901240193
496,0.019416492165275794
497,0.5680555591778598
498,0.22171995810121137
499,0.08070017157905326
500,0.9769511086663559
501,0.06810147835476468
502,0.1039174343296811
503,0.2480698046573435
504,0.7557939117653987
505,0.22648759123346765
506,0.012638930405344296
507,0.9896738873103204
508,0.7409875210591998
509,0.04816224695030631
510,0.106276176118898
511,0.6144516310646082
512,0.021619491646284867
513,0.9788732962683631
514,0.9677369043739786
515,0.960717907864954
516,0.9616181134597599
517,0.43558967663026243
518,0.13466159244497436
519,0.098145707186887
520,0.6089134923985481
521,0.13955114643645303
522,0.9081764601195649
523,0.5946492170930994
524,0.11224481742962156
525,0.9602001728737165
526,0.4502668831368958
527,0.006734179426031048
528,0.33574551707802397
529,0.9894244796627013
530,0.006584655239119112
531,0.0030520426661565046
532,0.024043302434301226
533,0.008254306726283
534,0.008396212577244733
535,0.07754551694069188
536,0.055439947466855294
537,0.8716089361775254
538,0.04820456077952408
539,0.9624201771161589
540,0.33217430509968626
541,0.04394996837452821
542,0.002466542171591672
543,0.5104630979560928
544,0.9083893121838361
545,0.009475302044464534
546,0.3893739171914286
547,0.003131494285954362
548,0.06569907503846907
549,0.025406532157178953
550,0.9678615696528832
551,0.7115331052310578
552,0.2601028936866849
553,0.013689405873826239
554,0.06977554257420363
555,0.35339589650727443
556,0.017414699938603975
557,0.10030228520535903
558,0.6216544111937887
559,0.010795392877841484
560,0.05853071643880145
561,0.2982265004675006
562,0.9797616509363762
563,0.48149883193882875
564,0.003730057471300242
565,0.9176175896908612
566,0.09088755404031715
567,0.015950759241787474
568,0.4865459694146407
569,0.3308087478674665
570,0.08977497281219161
571,0.12985823458624327
572,0.6719334116597877
573,0.026324101959826825
574,0.41550403415563497
575,0.07242732830496408
576,0.9243400906751701
577,0.008004218794246874
578,0.03747570577553645
579,0.12642864164906303
580,0.1341932679515082
581,0.15148964078945476
582,0.0018738860194573838
583,0.007109585371769286
584,0.0026111607737636933
585,0.3100959936156712
586,0.652729621550546
587,0.5886576911932921
588,0.006511916957030101
589,0.1004937087893812
590,0.1266267549814923
591,0.004982730566730321
592,0.06954312015275904
593,0.029448346985396445
594,0.06368076871958454
595,0.2768827593004724
596,0.059499519043371
597,0.07630481691961802
598,0.20043118048519687
599,0.9570357719109915
600,0.017717211628627095
601,0.013018464183290088
602,0.020844886820591397
603,0.2683854378873997
604,0.9202293957778189
605,0.04415617563429503
606,0.03909588345692579
607,0.011210769358551705
608,0.006473180109058393
609,0.004966193025316611
610,0.07141266493755369
611,0.10382165630139123
612,0.013298043448393523
613,0.005905539191944285
614,0.1084262460392677
615,0.44504203276368254
616,0.013159330028519763
617,0.02758849945654772
618,0.004194447634623605
619,0.024902060955071026
620,0.012275404158762736
621,0.008215691269746903
622,0.46672779101798584
623,0.014335050576334225
624,0.10294874514614075
625,0.46326748271779783
626,0.7695290884987049
627,0.9868522387912289
628,0.006902419484571377
629,0.9304403770659759
630,0.016155327226792447
631,0.07082508753187074
632,0.4959151395821434
633,0.9859616263267745
634,0.02332846046172488
635,0.6422616309857597
636,0.007778547663956684
637,0.005300242178700256
638,0.009727443640044662
639,0.9623822336413816
640,0.0970811029800139
641,0.7355537756360273
642,0.02939361917607892
643,0.034906509944652254
644,0.9362817178032068
645,0.014028540390219685
646,0.020872064386443435
647,0.06262720906762109
648,0.16101764078948114
649,0.5190080852503944
650,0.0760188597902884
651,0.9605281959004952
652,0.9709012184966341
653,0.012422501369181759
654,0.03902988149555762
655,0.003968428292827751
656,0.1482133346845596
657,0.954311536736014
658,0.49365709722282247
659,0.1475760263755685
660,0.010610936925118362
661,0.4688728529507615
662,0.061374981959800574
663,0.14976691938417774
664,0.508759062580071
665,0.04570525434694329
666,0.031732363415967156
667,0.9633754477078501
668,0.2033487106778952
669,0.7098943400305872
670,0.02749528600212129
671,0.5177238145884977
672,0.061325957693559
673,0.07500013992302784
674,0.9984447478038141
675,0.046315462833933944
676,0.023017875504467784
677,0.5904300825807488
678,0.06548558078799742
679,0.7064314865475522
680,0.14693347242609242
681,0.04105603531615989
682,0.9457584657782779
683,0.10641690847132411
684,0.2109038896310776
685,0.1813686488224428
686,0.08692701068000717
687,0.04253452125863459
688,0.9669157480993534
689,0.10355781592196335
690,0.9667916456913744
691,0.09774254772201821
692,0.0047650797215409635
693,0.8839387678062713
694,0.028485305577496414
695,0.8319793859745557
696,0.015643952453540423
697,0.3934927741254056
698,0.9943013930027914
699,0.014278391398758934
700,0.022937304258967253
701,0.10623622484634923
702,0.0043104432064635535
703,0.0017585641803817542
704,0.032157404755939825
705,0.028037187839524635
706,0.06969923778881622
707,0.43080545659023917
708,0.08648679705952511
709,0.03294861061738529
710,0.06008700021359424
711,0.06470384073322083
712,0.997549016360104
713,0.060394359882969165
714,0.9161440782460695
715,0.0736898320919335
716,0.006285439264646041
717,0.1356062953361365
718,0.12348314234728436
719,0.015689235948415255
720,0.025303165513735616
721,0.13591111926772437
722,0.32483854816940066
723,0.7182908486052032
724,0.8840417361395975
725,0.6006318084157511
726,0.022826484032036257
727,0.9851729811608927
728,0.06969616206086994
729,0.23062293979125703
730,0.17811774162111757
731,0.009782230888146578
732,0.9876686074460537
733,0.9446107604289666
734,0.19314834419663524
735,0.031926299888494374
736,0.9350740889621106
737,0.02655186954959248
738,0.18674767815892493
739,0.47627164869594635
740,0.9913476269550847
741,0.667610422520713
742,0.26645467978432313
743,0.2143287786812515
744,0.07934644377199741
745,0.020346174672655704
746,0.9546461280785127
747,0.8468627065064123
748,0.13083434029108765
749,0.6347137632758926
750,0.057608924745521366
751,0.11979685508861382
752,0.07952755589656045
753,0.17598905863899872
754,0.02851852687132385
755,0.0381040879133065
756,0.2751471189485171
757,0.06725162829275774
758,0.005346646571348809
759,0.020923523964801218
760,0.8763390283435151
761,0.06771154385869416
762,0.8277894906672354
763,0.02033427740387616
764,0.0038784701364874257
765,0.9770734820411827
766,0.24067657760405087
767,0.7847579212544838
768,0.347982950768452
769,0.477240002172269
770,0.21313463023452836
771,0.017915511539563035
772,0.9835230221436821
773,0.009995795850278613
774,0.22285511407287015
775,0.9954226127098319
776,0.3273392417276448
777,0.009514627255174206
778,0.2027313368870414
779,0.5425104232017255
780,0.008024075813908368
781,0.011256487921973845
782,0.5756986601520302
783,0.02947807689903006
784,0.5626897075083179
785,0.9807553324828958
786,0.740356900529525
787,0.008812845096809394
788,0.9309630284210939
789,0.034725816978742725
790,0.8387039255938763
791,0.034192484644598786
792,0.06737562236438871
793,0.045727599812253335
794,0.19672073569563742
795,0.16605914930948495
796,0.05307504462186145
797,0.0050224810265600914
798,0.8044473048719414
799,0.320540510900483
800,0.4191789342781126
801,0.7674183792297345
802,0.010289096980609307
803,0.0038156275624117745
804,0.051556920373835254
805,0.09618306753553262
806,0.010910089771852084
807,0.0367364599918725
808,0.07138275567567433
809,0.2579320692434068
810,0.057671218563665826
811,0.06454370894166772
812,0.9770064950464047
813,0.34201867344539955
814,0.9477607248379909
815,0.017082536423900944
816,0.3471166276350741
817,0.918976773411204
818,0.5819468224016459
819,0.021963402542238934
820,0.9888340982698057
821,0.9980432890790518
822,0.167762585861347
823,0.021711181388219092
824,0.32408745392711535
825,0.0016786856541658054
826,0.22241352688053795
827,0.08620695034236873
828,0.038142677549962964
829,0.9857751509749082
830,0.8383154050025978
831,0.021958126945857904
832,0.9868092074117497
833,0.45454356405449264
834,0.9249259080636401
835,0.0022547173236013227
836,0.26998774334209785
837,0.44205211848375603
838,0.35883581549369925
839,0.9950141029137308
840,0.08322258055731503
841,0.0288727860919967
842,0.1285059350176304
843,0.007231639226271771
844,0.8535772146736428
845,0.9974772677721542
846,0.9986248117053337
847,0.02136281217513393
848,0.0043162022484668295
849,0.6999198550427166
850,0.46133487915324645
851,0.8595890301619733
852,0.12635572749396903
853,0.03308596918998085
854,0.9413398249131012
855,0.010463741413821183
856,0.8941762852465868
857,0.9733324959792564
858,0.018088820636305077
859,0.7428959161649069
860,0.007660052054513142
861,0.8917399686787965
862,0.2926005385901538
863,0.9041667439390004
864,0.0057498778145513765
865,0.33258183241631817
866,0.9241436771548108
867,0.06741855219779076
868,0.14100993415521623
869,0.7156912377211408
870,0.028709275086592743
871,0.9984711203031388
872,0.030031650251878688
873,0.012310570636342033
874,0.9767169311783489
875,0.8281127599972682
876,0.023126531948449665
877,0.12077818633007276
878,0.07260926017333051
879,0.9487544424629188
880,0.042245043938381736
881,0.09124319277320464
882,0.8555643842903335
883,0.23105280578870813
884,0.03129165740212863
885,0.9793607621414177
886,0.02368612847347612
887,0.943748283778579
888,0.03869554759546334
889,0.014256035047057825
890,0.17474739901728017
891,0.5390909055817644
892,0.23521336933064185
893,0.05657537662084934
894,0.5203559494755954
895,0.3011606806776598
896,0.8471229989507714
897,0.11073361632111788
898,0.00340030917308569
899,0.7253753299140107
900,0.11701911665567895
901,0.005823676259023889
902,0.4197521552565641
903,0.8841759133839876
904,0.027340206221970136
905,0.9662385627468616
906,0.07947279109483027
907,0.007336784518021269
908,0.9794035782612251
909,0.026246960280694672
910,0.03543145297247728
911,0.10006859065241863
912,0.02762738936803091
913,0.06247385900559838
914,0.02132585818924198
915,0.05984618304246705
916,0.18774895820285606
917,0.4805764250898283
918,0.06913668236286773
919,0.49761368379269877
920,0.007357269030804986
921,0.01814116704199662
922,0.03196536603204648
923,0.9966885129588356
924,0.9611198110740653
925,0.9028590303558428
926,0.04237383823365568
927,0.09501077154879575
928,0.03601149039244859
929,0.6117847834296825
930,0.2500330118512561
931,0.03809712764362237
932,0.9472356827990042
933,0.026354067298244722
934,0.029582783537481408
935,0.07260873821936793
936,0.9884437277167234
937,0.030259294164108753
938,0.043131632921922305
939,0.46268211996343866
940,0.04458148831686391
941,0.9727106940441599
942,0.9513170824359262
943,0.9968215497574394
944,0.4796036662356292
945,0.37319769462177915
946,0.04904773392970013
947,0.7232784293133394
948,0.030460184636598834
949,0.050862040907712604
950,0.9811639881361826
951,0.3135419554850341
952,0.32436328454548136
953,0.1548943906402181
954,0.03992323359440656
955,0.4899016824415477
956,0.9838700123958615
957,0.2758997794616078
958,0.02239079906800941
959,0.46359290477592074
960,0.004145793106662379
961,0.9603479622378919
962,0.024316870383038362
963,0.4844180025628659
964,0.38250881454912083
965,0.046619065694287344
966,0.21231220159638733
967,0.006277662990700054
968,0.0103950623183716
969,0.003725955331764262
970,0.1340396193789185
971,0.12316141176028651
972,0.9982376918022451
973,0.061864447805074094
974,0.46828333657804616
975,0.009896575860658995
976,0.02208103131889161
977,0.8518776302412742
978,0.06064316096051495
979,0.9943393111666408
980,0.9240548977958354
981,0.978468544209007
982,0.4020161967729492
983,0.03927865322335861
984,0.9682148401714398
985,0.051647612581835714
986,0.8845909110888438
987,0.16000806243129764
988,0.24049287934228608
989,0.8327976752013446
990,0.9554761428480463
991,0.08044799172050206
992,0.04159833811283574
993,0.04532749725576832
994,0.017291943650721286
995,0.9973651977913276
996,0.03681388450391221
997,0.053790753317549005
998,0.13164760502123302
999,0.8733607244062446
1000,0.9187669460773497
1001,0.991182952496141
1002,0.0068848279918785164
1003,0.007522398335201101
1004,0.5870362077715874
1005,0.8893905244642976
1006,0.996469751921135
1007,0.39243803718754844
1008,0.03365594409850935
1009,0.26785981689998695
1010,0.03127846760678373
1011,0.09000198675005906
1012,0.047814911604791926
1013,0.2445001569872638
1014,0.5536083503225441
1015,0.03952719365824631
1016,0.017932506753070978
1017,0.5262954570805948
1018,0.8440423716058583
1019,0.0024737160081137917
1020,0.06698643276880326
1021,0.9713263398155405
1022,0.6358051725690432
1023,0.8563858191610685
1024,0.007901028246854373
1025,0.010043467438779694
1026,0.018810007615536778
1027,0.09766155343925029
1028,0.029657144362690083
1029,0.11445132527971241
1030,0.0028150648204406073
1031,0.2010301523307162
1032,0.40072103408508764
1033,0.006983717625576458
1034,0.6634211125300296
1035,0.02465609083837099
1036,0.22196176619319333
1037,0.966786621859528
1038,0.031096004507677272
1039,0.9324898315051748
1040,0.3840167687487821
1041,0.04110148806709124
1042,0.03815032548260061
1043,0.6231458586923707
1044,0.002103548614515425
1045,0.06391856811944499
1046,0.0038685243067187155
1047,0.2312352170604168
1048,0.7847470082289628
1049,0.770360419731035
1050,0.004264235190897002
1051,0.14997709546304724
1052,0.053122419518364605
1053,0.9760680939791154
1054,0.41018561568717543
1055,0.10414348473392568
1056,0.1964614619220409
1057,0.18682598493950545
1058,0.0024195256150681007
1059,0.9514881556168119
1060,0.2657381784802357
1061,0.030807418828746415
1062,0.0052169877153862955
1063,0.3366264913683432
1064,0.9445371306038892
1065,0.04883035077561578
1066,0.01833940153896977
1067,0.19265423573563992
1068,0.15231043130024932
1069,0.9891058011122142
1070,0.18527424042668092
1071,0.5785301587277706
1072,0.018885760717825776
1073,0.8996959457337255
1074,0.006705293183952293
1075,0.021048556839170656
1076,0.0032615160129122974
1077,0.014744283787713109
1078,0.02576341080250777
1079,0.9718364035658399
1080,0.008716573512012825
1081,0.042894163161939884
1082,0.849166790718396
1083,0.06462163108630689
1084,0.9176984167431224
1085,0.582831876879578
1086,0.7736409663710887
1087,0.49466889299672295
1088,0.003010944921257112
1089,0.9076867935798689
1090,0.046739599985038564
1091,0.9761740032728711
1092,0.0563313119480492
1093,0.10206592051758923
1094,0.9983047687461427
1095,0.8146905973651727
1096,0.06729334410668161
1097,0.7368300533019116
1098,0.02029647355174321
1099,0.40654413948717383
1100,0.1612096963921703
1101,0.03444288003416027
1102,0.11247926921006135
1103,0.1589315767566907
1104,0.05709203452329609
1105,0.13676376949680905
1106,0.19035516202898956
1107,0.07238222447229578
1108,0.044633197935202894
1109,0.4009917553465283
1110,0.8252884707475145
1111,0.007882239008373617
1112,0.021466157996784165
1113,0.5803132436147688
1114,0.40623777018800233
1115,0.20131307409237437
1116,0.11584383954135538
1117,0.7122810279513206
1118,0.17099245821952028
1119,0.016419401582063467
1120,0.028208029995140556
1121,0.05231543027324981
1122,0.0420703503478336
1123,0.451992615752534
1124,0.03166736260658938
1125,0.1678761756840505
1126,0.9686728390752629
1127,0.4503278865109642
1128,0.021042832971996363
1129,0.07472208828437829
1130,0.010226077468088705
1131,0.02090277879176666
1132,0.009822967474916178
1133,0.004239466903732765
1134,0.997221938944932
1135,0.025581538465301455
1136,0.019737106110853084
1137,0.0033009751854734372
1138,0.933518638614153
1139,0.1901257928606094
1140,0.6370652910482402
1141,0.984668774880793
1142,0.00567054242856004
1143,0.12383220309848554
1144,0.9219112818634665
1145,0.9550999296686492
1146,0.9985384399460103
1147,0.07732372501788319
1148,0.003039107778355736
1149,0.3480177189357396
1150,0.9801206152545843
1151,0.0018224961406269808
1152,0.1813327965254276
1153,0.9844036722792194
1154,0.23174088406454232
1155,0.01651463326376419
1156,0.27394848547901457
1157,0.6356721791826047
1158,0.6366698727868255
1159,0.8724801660630547
1160,0.025950311498245983
1161,0.01349610289990546
1162,0.371686517604115
1163,0.009993111568694996
1164,0.20754191493860358
1165,0.02255242667446485
1166,0.4188114275669349
1167,0.9331701731006629
1168,0.9778893212634048
1169,0.8071087040731404
1170,0.009432105570543123
1171,0.019392426703416794
1172,0.9549110796405254
1173,0.04967290352073842
1174,0.031263715541427206
1175,0.2606923753141144
1176,0.04601412605366161
1177,0.005861472090217497
1178,0.00793579252572735
1179,0.010431301040846254
1180,0.9561748886702198
1181,0.0729384233703953
1182,0.025269409113455946
1183,0.039798912277445454
1184,0.6991614257833726
1185,0.06133466187598739
1186,0.8681572837978647
1187,0.01716286811883891
1188,0.004261178364378519
1189,0.14155887197426018
1190,0.0963556598865128
1191,0.10711827483981559
1192,0.9757358010077023
1193,0.09524347752691921
1194,0.06480978320374708
1195,0.00859821158409008
1196,0.17577876553044958
1197,0.8195288513818639
1198,0.10418353321137125
1199,0.9686006189915232
1200,0.5911041516705537
1201,0.09417465945424569
1202,0.4249550606704161
1203,0.03521776257659857
1204,0.5925002586144277
1205,0.02337539664633073
1206,0.7227843785967121
1207,0.02908893011656393
1208,0.19426200917860495
1209,0.07352519467981447
1210,0.9377785974528862
1211,0.6160848708554366
1212,0.010547070207070432
1213,0.01457405961988344
1214,0.015598607975961654
1215,0.032874720862665775
1216,0.01490176510768207
1217,0.5001509450889209
1218,0.090008360545084
1219,0.015066695523845904
1220,0.9082557687362113
1221,0.10879278039115486
1222,0.5550722133023296
1223,0.05732035198720167
1224,0.22006204492086692
1225,0.7978247772123928
1226,0.11865685190416983
1227,0.9861801975517467
1228,0.09079293938623065
1229,0.744779074485586
1230,0.0064776858824824824
1231,0.9579150582489915
1232,0.5505793763483435
1233,0.02690299098294696
1234,0.04022219237594889
1235,0.845537285810627
1236,0.4737934725844229
1237,0.24431083737016085
1238,0.06360886731838271
1239,0.5185630374468857
1240,0.5465255122163851
1241,0.04386875842557903
1242,0.00807584724718502
1243,0.201768665056058
1244,0.3527883209665202
1245,0.03227794203055353
1246,0.004038845974280077
1247,0.022551904675375347
1248,0.14256915651130445
1249,0.9899034289111583
1250,0.1813672203873391
1251,0.017797283549970965
1252,0.9043446197331888
1253,0.9773991834808975
1254,0.9977984595757007
1255,0.7801893504931244
1256,0.06841667183243409
1257,0.9615407649331945
1258,0.007444652988401902
1259,0.9981231780808915
1260,0.47709259635095486
1261,0.08919554425153331
1262,0.00269777704310478
1263,0.005805899541192577
1264,0.04839346828315608
1265,0.9881036989411622
1266,0.008547756938596815
1267,0.9749636224393541
1268,0.08485693533138636
1269,0.029516313811041847
1270,0.48871142188778194
1271,0.019248731649046346
1272,0.0523510236743798
1273,0.4400674478401133
1274,0.9229562980100647
1275,0.21123707691913077
1276,0.03486240890720708
1277,0.1724188186871255
1278,0.2766197020999384
1279,0.00711953303664715
1280,0.9516379969251628
1281,0.023649821173401864
1282,0.9015372817016961
1283,0.03594428461167458
1284,0.08490192138256826
1285,0.49535728071016216
1286,0.2568457935305056
1287,0.44917955273527066
1288,0.3491987405443612
1289,0.0018700697176338731
1290,0.3696519585508039
1291,0.09881829286516589
1292,0.11692186624598562
1293,0.03265367016210981
1294,0.15233836687677121
1295,0.38180850087411367
1296,0.7330686723897984
1297,0.048769080838096085
1298,0.018129342747401266
1299,0.013262751175324012
1300,0.29712561456268755
1301,0.0641942035358333
1302,0.05257177283465815
1303,0.9661803286573579
1304,0.05022436467375847
1305,0.9956680330116484
1306,0.2025103444561957
1307,0.011122729550183189
1308,0.006307874872688716
1309,0.9880072401103311
1310,0.07095564355687378
1311,0.03602842484071055
1312,0.656612911775368
1313,0.004275885146147636
1314,0.9468963704279527
1315,0.020481311538928668
1316,0.06597016852013779
1317,0.3902290882230082
1318,0.19973434327044529
1319,0.15304092477540177
1320,0.34330813556105416
1321,0.9654208201836714
1322,0.005977804960614423
1323,0.04230664533769574
1324,0.028915065992567004
1325,0.017644416515519783
1326,0.967555649725326
1327,0.8772195618402119
1328,0.01299365691252126
1329,0.40522007172826896
1330,0.9669262463362639
1331,0.24924251670120706
1332,0.08191927496591214
1333,0.026630837687698177
1334,0.8381207877953063
1335,0.27619634020950257
1336,0.0073428900271512365
1337,0.008562297398458832
1338,0.0099553993901333
1339,0.06245701720094304
1340,0.50428710572456
1341,0.9324546000801358
1342,0.9531378179991739
1343,0.34496754604304614
1344,0.3563775368240314
1345,0.03911758734057651
1346,0.9977823735997019
1347,0.8275598966244431
1348,0.08969275462511346
1349,0.009149563637256095
1350,0.1713299295892188
1351,0.08315554149054219
1352,0.2608382134211296
1353,0.013015310582120049
1354,0.07812257815048276
1355,0.9857434214229674
1356,0.022484238190820068
1357,0.6443713873437944
1358,0.2224829339174471
1359,0.062855348030672
1360,0.9519817916992398
1361,0.13918819654528908
1362,0.9013643591015966
1363,0.8708181505688022
1364,0.02067721796350878
1365,0.9609381161875656
1366,0.04943345233834489
1367,0.9273727099843424
1368,0.8051136193294024
1369,0.2746114927771986
1370,0.4909782564746265
1371,0.35562281061805673
1372,0.0250799609866232
1373,0.24153534278989908
1374,0.023810841583945214
1375,0.9489654537061606
1376,0.11255354325208379
1377,0.9985352622097454
1378,0.04138033553231846
1379,0.008610730963243456
1380,0.908547655811504
1381,0.8421827459604404
1382,0.00361501651640411
1383,0.9891447753577912
1384,0.029542358682768673
1385,0.47719211375270953
1386,0.7503725048863479
1387,0.9634447221362007
1388,0.9096845920627123
1389,0.9974292346768536
1390,0.006430850332385597
1391,0.966279525862242
1392,0.40527975944243777
1393,0.6924515071439158
1394,0.006829771205085768
1395,0.5994972317098667
1396,0.0677586125590612
1397,0.04465623360975046
1398,0.02049326974851313
1399,0.9931851212514546
1400,0.02766796531331327
1401,0.009063535707324826
1402,0.004390799097992922
1403,0.45993522151768484
1404,0.013537689661632237
1405,0.09870291270078603
1406,0.033336481547059336
1407,0.13472793933262717
1408,0.014812285350076495
1409,0.004252880207297523
1410,0.010300026010320535
1411,0.06333182340979596
1412,0.6874066733938212
1413,0.9048958104029869
1414,0.015695887613352402
1415,0.20564847726709992
1416,0.978784329118403
1417,0.1359831571740114
1418,0.16687225204397577
1419,0.5904166084709701
1420,0.27739597060025345
1421,0.9732095349266874
1422,0.0450434535648953
1423,0.00611710638303509
1424,0.016029199935066393
1425,0.015668525346454933
1426,0.030282125524826304
1427,0.007427076613619616
1428,0.039235198327599786
1429,0.011003481922472745
1430,0.1401865188059418
1431,0.6331903620947126
1432,0.060286772875471364
1433,0.7198519670498433
1434,0.6759581345859939
1435,0.00597958231520308
1436,0.0029981798564371856
1437,0.9712634379740451
1438,0.01723688236205711
1439,0.9768540168054336
1440,0.016553140221349783
1441,0.03655808656620489
1442,0.5741325164455551
1443,0.03036085271110077
1444,0.10873504049381802
1445,0.7384020092849175
1446,0.8470227292065889
1447,0.0757266554394348
1448,0.09179152772429536
1449,0.8216196622935866
1450,0.18377194811556397
1451,0.0069663093553543895
1452,0.22396400523320786
1453,0.9719820287201529
1454,0.9814636750806583
1455,0.06794196843269139
1456,0.069964029568819
1457,0.06644967107471239
1458,0.9677750532063447
1459,0.9664731217737063
1460,0.013713527796645792
1461,0.048981455310195425
1462,0.048634577104386324
1463,0.9337858263146452
1464,0.18206201497481828
1465,0.02943599331694879
1466,0.7171488735720698
1467,0.39973483824547407
1468,0.9488471789129141
1469,0.989041480708259
1470,0.9850547485724672
1471,0.13777306689196797
1472,0.26068020066549735
1473,0.9852992760885261
1474,0.19507010451577653
1475,0.1584296085788696
1476,0.9796382125824995
1477,0.7128463278806166
1478,0.22276778174595127
1479,0.05225712247517745
1480,0.2728850535479742
1481,0.016473573278461398
1482,0.9403540996960134
1483,0.04740988120687219
1484,0.06976984012044786
1485,0.02895413523820201
1486,0.09199451285516343
1487,0.2576722904302516
1488,0.18986556734392454
1489,0.06397598493214647
1490,0.8316089814650488
1491,0.005195151753058585
1492,0.9819661520011717
1493,0.9956982456580141
1494,0.9963149784217484
1495,0.0932107026633466
1496,0.5955837055346227
1497,0.025866737012240976
1498,0.8120624037621177
1499,0.8234076126342669
1500,0.0569002488812383
1501,0.05719609403316876
1502,0.13917899377150433
1503,0.08350143738431087
1504,0.044275014056470524
1505,0.2730141288870626
1506,0.11726438874256791
1507,0.9155797142214479
1508,0.039236360430687046
1509,0.009606323312348517
1510,0.15161221332382213
1511,0.5590553255616759
1512,0.05134498345073478
1513,0.4385331216820234
1514,0.8435591582491044
1515,0.030882001738377726
1516,0.08739851945396815
1517,0.003559442569801482
1518,0.3790408576385961
1519,0.07803061532998846
1520,0.013411830830076198
1521,0.010812501075141461
1522,0.04250270338344478
1523,0.029824957416190505
1524,0.912858558660713
1525,0.012498980678226041
1526,0.009144368724949205
1527,0.6910019099596191
1528,0.02426762238063487
1529,0.9560189109385745
1530,0.027560128389467555
1531,0.30170854523706436
1532,0.9461504626940669
1533,0.10018726357145333
1534,0.03523272319519242
1535,0.0066805285885478865
1536,0.08043848040850808
1537,0.5453654188350606
1538,0.14771162539984894
1539,0.558906874393566
1540,0.9419344283504134
1541,0.8368491441530798
1542,0.13251415364315408
1543,0.004320430842609316
1544,0.041759566213521615
1545,0.0886004543899021
1546,0.7546776478291752
1547,0.6375163317614525
1548,0.036550703307909986
1549,0.9051560906697543
1550,0.661135853254627
1551,0.10243261489599836
1552,0.005550422884734529
1553,0.8191779197328852
1554,0.028039324139907
1555,0.013459943942112015
1556,0.004933562250538533
1557,0.06654038208970676
1558,0.010698128636365285
1559,0.2039747694698083
1560,0.0291587389184046
1561,0.039249387491716116
1562,0.20414522801736057
1563,0.26806197461330616
1564,0.20607805866109527
1565,0.018286993584308523
1566,0.00316037173537296
1567,0.1508597078218743
1568,0.6169376686582089
1569,0.18922909967763066
1570,0.045974758123591086
1571,0.3855372579601746
1572,0.2420508479915563
1573,0.4868672297973726
1574,0.2687640373938
1575,0.04278521630193432
1576,0.8697702117553192
1577,0.07568130986488524
1578,0.005387032710198603
1579,0.5233234179777668
1580,0.9768503898705638
1581,0.9773366538600026
1582,0.10857259894267313
1583,0.0176363384668423
1584,0.10704338203563722
1585,0.9690259184981945
1586,0.02605415768868303
1587,0.008649086661979943
1588,0.9613746244744985
1589,0.9329595829227812
1590,0.0450082542636511
1591,0.017431928531388023
1592,0.029172899362207672
1593,0.12241091536179549
1594,0.008630349067521815
1595,0.3855976291100201
1596,0.17355485695061307
1597,0.9167229281108786
1598,0.5218805650970634
1599,0.08944983261286298
1600,0.09141450006163818
1601,0.14767492177137234
1602,0.2907244658964083
1603,0.9109264315069181
1604,0.8392144395219542
1605,0.9814584214408965
1606,0.01268091248892035
1607,0.02586522164168537
1608,0.05710086950231708
1609,0.8451921494895905
1610,0.9239209289199075
1611,0.7382810140077987
1612,0.10153202509104481
1613,0.06356354858363347
1614,0.04142649478709143
1615,0.9625204210149807
1616,0.13521763032148224
1617,0.0030335512137457162
1618,0.029046668606613226
1619,0.06440871545369306
1620,0.0783431336468456
1621,0.8798543251268806
1622,0.07532070312298277
1623,0.12856669048001748
1624,0.9786655719515868
1625,0.004314183413787698
1626,0.0125162760032171
1627,0.2572124719699583
1628,0.990318099897328
1629,0.0482842343096225
1630,0.049030448900412894
1631,0.013675510874522052
1632,0.05748982823749242
1633,0.8560994067198996
1634,0.5210605419750977
1635,0.023229641645428234
1636,0.11273888275801833
1637,0.24443394324762158
1638,0.997167073689105
1639,0.07267769374489261
1640,0.16304110851559056
1641,0.050129410735243005
1642,0.07663680111396928
1643,0.04002381089797308
1644,0.13706980880414688
1645,0.0059921178906889045
1646,0.034427303771073184
1647,0.21281248080573023
1648,0.007776402680610596
1649,0.011881705585188791
1650,0.15429189698782825
1651,0.10695926715654805
1652,0.11364962669977566
1653,0.016415091240057147
1654,0.06447967136701335
1655,0.19800139400400657
1656,0.4853056213107465
1657,0.2193187549184937
1658,0.18784810562739016
1659,0.09747234906062124
1660,0.006307986506658769
1661,0.6282087081522673
1662,0.16493451632579562
1663,0.17313132568189565
1664,0.00968242561111766
1665,0.6500198916053446
1666,0.4139311744558108
1667,0.9572483583175746
1668,0.03708739769088602
1669,0.034510872550066365
1670,0.012280895125766666
1671,0.11157213552718782
1672,0.09228873276596809
1673,0.005448418469227555
1674,0.9831948104900661
1675,0.02323387609539502
1676,0.003893120529954661
1677,0.5582045612657677
1678,0.14808200537333097
1679,0.04302698852859659
1680,0.15865699053390583
1681,0.10682370237889319
1682,0.0019649969663574785
1683,0.025583725266655498
1684,0.0038324715429566766
1685,0.0905715757971624
1686,0.07218335022583443
1687,0.12095431957679094
1688,0.07008661342598155
1689,0.9982073841992424
1690,0.3371315584390298
1691,0.9513923599945708
1692,0.9886119914998918
1693,0.9846752822038871
1694,0.6057076808416371
1695,0.9096554759548153
1696,0.958960880972879
1697,0.04849331972845672
1698,0.24969898232634893
1699,0.5665066008940199
1700,0.23858479706411637
1701,0.010762395017352436
1702,0.026598984839019457
1703,0.9979786399585185
1704,0.007706132102545406
1705,0.4648740213203782
1706,0.06974058257843156
1707,0.24027393200724206
1708,0.011720485006691416
1709,0.9544265590859501
1710,0.0036317471058552246
1711,0.07117532384976931
1712,0.029421125819583747
1713,0.19347903386486331
1714,0.1852371917728636
1715,0.0028420218706846382
1716,0.013467546753299144
1717,0.259469087263434
1718,0.0552035967746268
1719,0.16090390987602454
1720,0.002519438463234521
1721,0.03640123287838341
1722,0.030148894446434767
1723,0.8513134458739173
1724,0.004173265206664738
1725,0.06202060323676323
1726,0.014514028657774136
1727,0.39958139291584216
1728,0.37768562621147506
1729,0.015129612734889542
1730,0.9790819156005297
1731,0.35098521760275714
1732,0.008772428339519252
1733,0.9883312459126599
1734,0.965858898742941
1735,0.07552863990740928
1736,0.06102498916348338
1737,0.9981112871334562
1738,0.22733845870128158
1739,0.8198609183932987
1740,0.014044434707763054
1741,0.9764006553553983
1742,0.016541730929167733
1743,0.04859131279012479
1744,0.020082271409690787
1745,0.1241157850608952
1746,0.09515128913198583
1747,0.003695813547413308
1748,0.036770233709176495
1749,0.958058232692397
1750,0.058186553066616
1751,0.0025881602509224473
1752,0.8807081452464112
1753,0.22429431339209652
1754,0.3618920598411623
1755,0.9433213968888269
1756,0.7479894113939923
1757,0.023677562848307555
1758,0.13134011301657292
1759,0.0118769610825524
1760,0.6946690170443871
1761,0.015749200509394705
1762,0.8455001984791465
1763,0.25676461793084265
1764,0.06344108852759721
1765,0.06687805674601248
1766,0.026492108252838716
1767,0.8819810273259017
1768,0.9884168957775742
1769,0.0031695279159216316
1770,0.0435191679313825
1771,0.7055573149696095
1772,0.9112588257313834
1773,0.9967914656093495
1774,0.596146584514429
1775,0.9239932537734515
1776,0.7882768521475317
1777,0.00247915849687908
1778,0.047771872671507974
1779,0.4078629544919417
1780,0.005373520607056922
1781,0.9830226854598321
1782,0.021312337168389463
1783,0.7937489109813084
1784,0.2064522204294675
1785,0.014838261484710987
1786,0.5670295483110331
1787,0.7576367257292088
1788,0.014881567207122663
1789,0.019470042847395314
1790,0.01955257109908458
1791,0.01427030512842425
1792,0.2828015465453756
1793,0.10225571024106667
1794,0.003950283147291139
1795,0.050127496625221216
1796,0.1631567183266864
1797,0.3168829837531058
1798,0.04000196569196253
1799,0.014247976127416927
1800,0.030623326476623827
1801,0.01846322547350394
1802,0.18069540948051235
1803,0.5337674461075883
1804,0.0015431406978103522
1805,0.13079388875540796
1806,0.6832551280323848
1807,0.009890840197015591
1808,0.08304551627594496
1809,0.026071415526362874
1810,0.01523123958592083
1811,0.025544247037438548
1812,0.23839417896929313
1813,0.05754457734137321
1814,0.23577495566282072
1815,0.07058813959175458
1816,0.06985273744275586
1817,0.34109914694881494
1818,0.03369472984913869
1819,0.06673892047179922
1820,0.9671350152468862
1821,0.012015273668456087
1822,0.18118335669667882
1823,0.2988478299367968
1824,0.029360751469997014
1825,0.9858945232675784
1826,0.016838921316215075
1827,0.9851247745826817
1828,0.007660499271973602
1829,0.12392180277070838
1830,0.3580726083892292
1831,0.05433816133123941
1832,0.04866940110513639
1833,0.9886222511456002
1834,0.07721384544390854
1835,0.014875917411209664
1836,0.02565091807194822
1837,0.029443455034396937
1838,0.018812532402835928
1839,0.023076208968690906
1840,0.065707749381334
1841,0.9710282985331157
1842,0.11412713003046013
1843,0.18485969990031115
1844,0.00976521806578221
1845,0.9754668200615647
1846,0.07665646183445249
1847,0.041812184179710075
1848,0.8759389373790712
1849,0.3793258500210978
1850,0.12000564646406126
1851,0.04764249820861792
1852,0.07707459680883057
1853,0.042358625312300835
1854,0.06779315483593298
1855,0.01667274752836159
1856,0.948930423683318
1857,0.01303114981838017
1858,0.0287363636737915
1859,0.16115440117514196
1860,0.10725682595629579
1861,0.013929966066337488
1862,0.18619531267279943
1863,0.005062919920551566
1864,0.7840411686217628
1865,0.007075397502041218
1866,0.06347474343504309
1867,0.06199712002707672
1868,0.3602196833569185
1869,0.9886697351120053
1870,0.04874275816737377
1871,0.3248542928877444
1872,0.09495245327788468
1873,0.02198033649049738
1874,0.6251462801295675
1875,0.3075548008487484
1876,0.036425897214506425
1877,0.011522094780398152
1878,0.009143855790501003
1879,0.09324019559069799
1880,0.12350860128455249
1881,0.11977742904338402
1882,0.00534473640123379
1883,0.992567547344243
1884,0.9614522746881443
1885,0.00498725289446365
1886,0.26072461086442045
1887,0.3174647874634852
1888,0.05618475191243912
1889,0.0034889118091070074
1890,0.00738538042117865
1891,0.40383888104612553
1892,0.7818011424541573
1893,0.8942280691105591
1894,0.08925306053775968
1895,0.020254796518089785
1896,0.9371645958150614
1897,0.0025415890601938056
1898,0.8809288240344374
1899,0.024484214454425522
1900,0.07335322178281145
1901,0.2567251995022238
1902,0.12492987779786274
1903,0.03832944571025812
1904,0.07785300710524733
1905,0.031383387034889694
1906,0.9986692845216159
1907,0.05536713414516473
1908,0.0052666900900400805
1909,0.23210208880686184
1910,0.9805884160610181
1911,0.0681636809745226
1912,0.05293642446255546
1913,0.7772460982247242
1914,0.07365948813097922
1915,0.9782896518045944
1916,0.08301393824057937
1917,0.9857949306255002
1918,0.582168389866852
1919,0.19714340931626598
1920,0.22749214556649688
1921,0.9658512917776783
1922,0.24865841274695694
1923,0.004854340008194385
1924,0.8602463734336091
1925,0.22201744674102974
1926,0.9553476865802563
1927,0.9595211033487333
1928,0.387341228662106
1929,0.2377787750594188
1930,0.9493591119109867
1931,0.01814769319200565
1932,0.05723298244709252
1933,0.13186055411600486
1934,0.27315806625641487
1935,0.9775980586344363
1936,0.14190869486941615
1937,0.028571600954893216
1938,0.05987514644352496
1939,0.03339432541953187
1940,0.4729631633390278
1941,0.008718615748465858
1942,0.9200532176828108
1943,0.44561151286515793
1944,0.009164631188801538
1945,0.0031425415140104306
1946,0.2756449068118897
1947,0.0703843083741497
1948,0.3906162780631355
1949,0.005821713634295786
1950,0.42168306374692105
1951,0.9466322149039319
1952,0.9443971231600791
1953,0.20252833507417273
1954,0.06361282489889579
1955,0.019870008130413164
1956,0.03210100744132079
1957,0.8441535545378032
1958,0.259776290520056
1959,0.05904386489649367
1960,0.04927910927798912
1961,0.18593033103535547
1962,0.17104696731720898
1963,0.12508286736803303
1964,0.1260503613354655
1965,0.07825012554883307
1966,0.977984894272493
1967,0.03275405937219819
1968,0.04017490537169206
1969,0.15807226907723287
1970,0.17569858144027842
1971,0.9776131473249041
1972,0.7542762449689796
1973,0.04455644554219678
1974,0.8956660753206829
1975,0.6479645841521126
1976,0.01844907209763423
1977,0.9765335996540525
1978,0.033749146181381376
1979,0.9979513295251957
1980,0.9656471064489176
1981,0.5185712520806339
1982,0.23270415544964765
1983,0.04678589991336155
1984,0.41934605070900755
1985,0.06099555049299981
1986,0.1310270965244583
1987,0.52919272467024
1988,0.0031928827853118253
1989,0.05026832692114807
1990,0.34938381392930806
1991,0.9698934622479531
1992,0.08861412771297629
1993,0.00653619408181829
1994,0.9106459433273516
1995,0.5057628862661849
1996,0.37046858333311233
1997,0.4732943872991029
1998,0.5705031041049641
1999,0.9365618233122075
2000,0.17386220415081113
2001,0.044664555195088065
2002,0.06760450686103965
2003,0.9821406600296759
2004,0.037553227710554776
2005,0.04744551577793767
2006,0.974535055044464
2007,0.05421064012172771
2008,0.24711216791707546
2009,0.11137905492092164
2010,0.9538619767618624
2011,0.8984778183052214
2012,0.7159408051693562
2013,0.8534183428123723
2014,0.9802621783426134
2015,0.007549416869689725
2016,0.8898885309660921
2017,0.8140919209172116
2018,0.004057563053918093
2019,0.10392522525953087
2020,0.005403335827004484
2021,0.8737329509224213
2022,0.3972510966616951
2023,0.4102165724620318
2024,0.9871894681617456
2025,0.8476505408100882
2026,0.7098440911552203
2027,0.009202278526246636
2028,0.10628162277347629
2029,0.0022545596575965004
2030,0.9776553729357812
2031,0.16049231023601307
2032,0.9887039147341707
2033,0.4760510223906317
2034,0.9612795619251409
2035,0.9917984363388703
2036,0.05778817964149486
2037,0.015180350681290842
2038,0.034252058619672135
2039,0.9871130535144035
2040,0.004514300710285997
2041,0.4863444178867174
2042,0.22277804619718516
2043,0.977087520380419
2044,0.7818214577549717
2045,0.0038975783961808074
2046,0.008342281141179972
2047,0.2026879359145798
2048,0.0717559682733394
2049,0.9655620203979863
2050,0.9633439176072562
2051,0.7282378904199133
2052,0.028230949360742053
2053,0.22398817947708421
2054,0.7822321513214857
2055,0.00567226771459757
2056,0.014003084195620028
2057,0.8283156913683454
2058,0.003122751689344755
2059,0.008894381416344539
2060,0.024208935196031286
2061,0.3370521786059677
2062,0.13377582194990548
2063,0.03763796317303903
2064,0.8561654373339602
2065,0.829346802785648
2066,0.28083553801020283
2067,0.9806081373028741
2068,0.7141886020438681
2069,0.3388466851340977
2070,0.17538178576516536
2071,0.47054775762058193
2072,0.3186035205696518
2073,0.006134169376588523
2074,0.08956141995162441
2075,0.4129660127154382
2076,0.016047716589502253
2077,0.11681260067057436
2078,0.009991462185037641
2079,0.030960258490211133
2080,0.015123692627402792
2081,0.6134730737610598
2082,0.22406235190342302
2083,0.022365849883596346
2084,0.7227529195678704
2085,0.0723374602645377
2086,0.019141346019604412
2087,0.047508907146635096
2088,0.9773306767742777
2089,0.043317945717142196
2090,0.6406786094876169
2091,0.10616143108057857
2092,0.0269882577200206
2093,0.016306351790707194
2094,0.5171110759625601
2095,0.9983025244182264
2096,0.2533417797233413
2097,0.005923680735333069
2098,0.5647467539403411
2099,0.45179800984483803
2100,0.9907697107458603
2101,0.02186592053586521
2102,0.7883672142631725
2103,0.1547784919065337
2104,0.02233184509094436
2105,0.004250600918319028
2106,0.027367680485386115
2107,0.8451960252984612
2108,0.018257500939027956
2109,0.010436694414438749
2110,0.014758874402460298
2111,0.6514415417392695
2112,0.04068237218964941
2113,0.46847790849888143
2114,0.3289328996412736
2115,0.15849007102230347
2116,0.9534195297300719
2117,0.9140305547083026
2118,0.006617851550829746
2119,0.9440605832626978
2120,0.17011406147183997
2121,0.032249251660893055
2122,0.19855846073958341
2123,0.9353939448489076
2124,0.012943046199464849
2125,0.8051368281522985
2126,0.06583930263137398
2127,0.061039044478501926
2128,0.04233287862638018
2129,0.10456364976012614
2130,0.03869358161162991
2131,0.11909690183882014
2132,0.9628429426185725
2133,0.03913597109848886
2134,0.013968798341461466
2135,0.16656105500021212
2136,0.006908694003309546
2137,0.9910472461797145
2138,0.005685124487302799
2139,0.06063920104434364
2140,0.015306487374502797
2141,0.27399746459795415
2142,0.1848402577259298
2143,0.7355614547186332
2144,0.8195594960528406
2145,0.9141128482641345
2146,0.37260851808580137
2147,0.9957909433405036
2148,0.0108274400212849
2149,0.9697922546915765
2150,0.41132466002699253
2151,0.9223573520666558
2152,0.7611357190901418
2153,0.16189097294191923
2154,0.04479941770081491
2155,0.1764326216066439
2156,0.9739280754243165
2157,0.007746825455918067
2158,0.594545501241551
2159,0.8895666690482561
2160,0.7335668152494037
2161,0.01005312123641754
2162,0.1858176340752602
2163,0.021156925191431062
2164,0.05947503123856402
2165,0.19554885786983514
2166,0.2053767306009164
2167,0.2817031047029427
2168,0.05089208523977355
2169,0.04883054336914983
2170,0.9417112558599886
2171,0.01646877057611861
2172,0.5268078931177849
2173,0.9736121779384594
2174,0.23977804621585275
2175,0.0172488749332152
2176,0.0707047217406481
2177,0.02412536878702958
2178,0.052578101886186744
2179,0.05561606525879663
2180,0.9031377796742803
2181,0.021066113482333504
2182,0.004687624532285875
2183,0.3114041453242622
2184,0.05071502527975326
2185,0.08782276671792853
2186,0.37281823831715905
2187,0.0345482531493801
2188,0.06068785644638585
2189,0.4627353025212845
2190,0.0034458211718036134
2191,0.9772256354373376
2192,0.9529596397691875
2193,0.033573929544404885
2194,0.02148965293565226
2195,0.05073933188583843
2196,0.07242162460315026
2197,0.9683600440816637
2198,0.9030597245986064
2199,0.03577033965729766
2200,0.012456763275972099
2201,0.11765592996765831
2202,0.005656210923050909
2203,0.9397110451729581
2204,0.9301868920930647
2205,0.5658038715934289
2206,0.3037175965430955
2207,0.17198519843549184
2208,0.9378488576727992
2209,0.33661977470825144
2210,0.14138702917175183
2211,0.04424987308030409
2212,0.611673385029304
2213,0.008030739507425012
2214,0.012210313478138028
2215,0.012105211672278167
2216,0.5368730503354853
2217,0.1751958050450845
2218,0.040999270777405276
2219,0.006361939966558984
2220,0.00644776910415089
2221,0.028263784056374877
2222,0.0065516653611690095
2223,0.9358897328131378
2224,0.1757634638011125
2225,0.005171318953242191
2226,0.3040565742913344
2227,0.7954748871767396
2228,0.2758531384528541
2229,0.0030975534089296578
2230,0.755156484838467
2231,0.03158687428941683
2232,0.3934597434954616
2233,0.006855784424451968
2234,0.961902005918639
2235,0.05900348835078853
2236,0.3178993278509482
2237,0.06214735505975196
2238,0.21000235214230434
2239,0.8115190325239683
2240,0.3785293273264764
2241,0.009492668574527893
2242,0.00873996709865412
2243,0.1364518825294305
2244,0.0022562121902240427
2245,0.006902155792226733
2246,0.07932936192065129
2247,0.03467496050977546
2248,0.04977653997671452
2249,0.5516709804434363
2250,0.031476869783747696
2251,0.41171541544797274
2252,0.595206981923753
2253,0.97715737542633
2254,0.0198016408971751
2255,0.03378562587275267
2256,0.19121770447423064
2257,0.008914945995238961
2258,0.01334980831908366
2259,0.02774173600128247
2260,0.3545668566951704
2261,0.5614777585812003
2262,0.8344245435530223
2263,0.3255461825112854
2264,0.052724044150840234
2265,0.0052009050022413655
2266,0.48949606429752046
2267,0.9563524632260141
2268,0.12840018574587314
2269,0.3597265930511505
2270,0.07947143562032283
2271,0.2562912028889917
2272,0.0805896179834452
2273,0.9822899699714068
2274,0.9161221458346336
2275,0.0019724236456978438
2276,0.04884793441497324
2277,0.9689759989388329
2278,0.7047402624809067
2279,0.03447674577784675
2280,0.046842635393386296
2281,0.27760319076938594
2282,0.07320303743898382
2283,0.1272121001508189
2284,0.6136156502236015
2285,0.05237985959432102
2286,0.982787638635906
2287,0.055276694325492995
2288,0.0058261007116978064
2289,0.007358355968004747
2290,0.008697233214145582
2291,0.9192323718080885
2292,0.2279992123707173
2293,0.02378356184372752
2294,0.04185211282761661
2295,0.974427062861972
2296,0.8663525945551076
2297,0.20037626047237092
2298,0.010138087859725418
2299,0.050366032442416886
2300,0.03951203967228985
2301,0.03817548332706841
2302,0.06280196294439838
2303,0.24030555484263263
2304,0.8167011792260566
2305,0.047759550946789076
2306,0.06917489913389066
2307,0.15199696449042616
2308,0.12304386219984395
2309,0.003686692868586243
2310,0.012865969094184918
2311,0.005151621736757826
2312,0.005728989327848974
2313,0.009191280476587967
2314,0.9789779320925985
2315,0.09265106912124868
2316,0.08784509144974574
2317,0.8293793937386669
2318,0.17342211368173993
2319,0.0031807938539963887
2320,0.10703378558812891
2321,0.9985640825934053
2322,0.5524146138051286
2323,0.16370687647333962
2324,0.9407637408238226
2325,0.13329010994284513
2326,0.5501066364530328
2327,0.007683854449886392
2328,0.9898761898273605
2329,0.17697225274076445
2330,0.04598343079661995
2331,0.00299018843773347
2332,0.08002710889920679
2333,0.9869827117740458
2334,0.0027802925344636515
2335,0.1352974226664171
2336,0.03301833250583766
2337,0.9769714679187672
2338,0.09213276853350459
2339,0.9838604011414216
2340,0.03737884553574444
2341,0.010771467090871033
2342,0.27000065438951537
2343,0.9885863069428985
2344,0.06522108722839103
2345,0.014887979241443555
2346,0.039299471442913146
2347,0.47448519192666594
2348,0.0017155482541769882
2349,0.42136498197627203
2350,0.11523335116242764
2351,0.8778404318765705
2352,0.6146348301213899
2353,0.9722161303701855
2354,0.012507132275553098
2355,0.09693248007511665
2356,0.22042443733011094
2357,0.9595149292750103
2358,0.02542208603989301
2359,0.014577001652841884
2360,0.21468396041746088
2361,0.19920590867807356
2362,0.012889630076359779
2363,0.08205914623714022
2364,0.01564070606188621
2365,0.5928995419636762
2366,0.6988547721109526
2367,0.08269195928216308
2368,0.01493137968409214
2369,0.017361903359361622
2370,0.10477226597243054
2371,0.9901933260085937
2372,0.3173637487298913
2373,0.024553572371767286
2374,0.0024731990849247124
2375,0.9205428802577936
2376,0.030516466515607122
2377,0.2795461300748816
2378,0.9241191233717
2379,0.011102164229199117
2380,0.017481602855692075
2381,0.014880477564472
2382,0.7498863519185082
2383,0.5600777942069134
2384,0.9407205126671421
2385,0.3330662015414184
2386,0.06570770347334326
2387,0.13268548506611852
2388,0.9902848758984342
2389,0.006165717528435507
2390,0.17183854195401754
2391,0.25375530274686964
2392,0.020209825053397117
2393,0.06158698581494057
2394,0.6136750693311311
2395,0.11332757779411176
2396,0.03926043408021547
2397,0.6572270218235309
2398,0.028067220335898146
2399,0.2534453879332192
2400,0.009573575025234354
2401,0.028704714366862272
2402,0.08519195286923942
2403,0.17308309235169847
2404,0.9684540820099833
2405,0.07889221604553988
2406,0.0612284868335806
2407,0.5989418070250124
2408,0.3940288913666714
2409,0.07428432926551408
2410,0.06654571859699336
2411,0.027050120905084907
2412,0.006287774755491656
2413,0.9658368584522654
2414,0.00929145615354248
2415,0.9913342167367756
2416,0.5760232569138457
2417,0.9142946447079628
2418,0.01786411787874173
2419,0.03492916031455987
2420,0.9847974445689556
2421,0.1608261968663081
2422,0.0035419427300287134
2423,0.02288979084486295
2424,0.019735385934088943
2425,0.5281836051529885
2426,0.8753123420051058
2427,0.9985731902081856
2428,0.003578542885520457
2429,0.9509490617196673
2430,0.5408100926070945
2431,0.4970131385563571
2432,0.9521703969892734
2433,0.08341431829537004
2434,0.06533836736545141
2435,0.10093382962082009
2436,0.2594312617893604
2437,0.9702936336594458
2438,0.11902007069840355
2439,0.1483295149404057
2440,0.3054934331196469
2441,0.9964753524812778
2442,0.2066174222406318
2443,0.0844041308646131
2444,0.8867092947762519
2445,0.17322820931025704
2446,0.4741213457987905
2447,0.04812055271828768
2448,0.024565586076064773
2449,0.8514380024164261
2450,0.18154121340132268
2451,0.011940132497141775
2452,0.47522178720347696
2453,0.5150427324992746
2454,0.01821942545257522
2455,0.2257164284944057
2456,0.0044789175864732925
2457,0.9843044385818189
2458,0.2334666623213858
2459,0.9085185173674207
2460,0.06011445103914202
2461,0.006648397444450616
2462,0.014675557268696047
2463,0.9132025502664858
2464,0.00530906853763883
2465,0.010510844171087774
2466,0.03298516222207497
2467,0.03479091288474859
2468,0.9467343482400448
2469,0.604647865094825
2470,0.9925681915063975
2471,0.009814037782177959
2472,0.08171634106334486
2473,0.01646433464407317
2474,0.00365875951745193
2475,0.004111934459161515
2476,0.7572840908490382
2477,0.04051243068198532
2478,0.009893569029671772
2479,0.2820592862677371
2480,0.982846873364757
2481,0.026169589087723533
2482,0.2061670699765326
2483,0.5657642722990964
2484,0.007956992155171483
2485,0.8501942855441089
2486,0.07918354150865718
2487,0.9757325280238535
2488,0.43880627881189693
2489,0.03740631046443474
2490,0.299729013909144
2491,0.002111322516039341
2492,0.3775748650189513
2493,0.43787342566725634
2494,0.02025102784654573
2495,0.5886546075149524
2496,0.03974226939030635
2497,0.11637873059553697
2498,0.11727153295321156
2499,0.9982321901734228
2500,0.017796428947761903
2501,0.04205984420445588
2502,0.03212689249350534
2503,0.15566720741532855
2504,0.9962820551643132
2505,0.08934095888550911
2506,0.08987576027383537
2507,0.45790516669356424
2508,0.10382366194987465
2509,0.030508171942651548
2510,0.04402800334642096
2511,0.18444228031171123
2512,0.03914631485188452
2513,0.06331525855222182
2514,0.12281056913571525
2515,0.06980181015637987
2516,0.04064566414040702
2517,0.7346638126268202
2518,0.2095340749856828
2519,0.2173374194040774
2520,0.030928710510237257
2521,0.22530576449032302
2522,0.24847554740233238
2523,0.08047278466260806
2524,0.014686707457572522
2525,0.06402999924441187
2526,0.06168639625051861
2527,0.3963130791672435
2528,0.2527284901090946
2529,0.08611113514368782
2530,0.7954946493113768
2531,0.012325485819338101
2532,0.9185841178565098
2533,0.15943842736150315
2534,0.028536537489240257
2535,0.9876476137430824
2536,0.09355458041462583
2537,0.030532757915800415
2538,0.017261626695366458
2539,0.5832837996436767
2540,0.06819064686393665
2541,0.21199507726881064
2542,0.15807679212341763
2543,0.18902814565970658
2544,0.9870406299314766
2545,0.0042476895770835405
2546,0.366376430398296
2547,0.016103345419034455
2548,0.38807834255908535
2549,0.001610680260251261
2550,0.899084430952353
2551,0.4741900286796667
2552,0.031790620203056265
2553,0.015753438375501746
2554,0.003097929338613147
2555,0.8599841722785689
2556,0.9719541112685508
2557,0.1974211326284087
2558,0.01865917031962856
2559,0.20093936609943458
2560,0.16616251226317902
2561,0.013341815420521817
2562,0.7627845798263766
2563,0.20960340706656308
2564,0.8908127494527945
2565,0.911212134204282
2566,0.0665345761909744
2567,0.9768611900987179
2568,0.1725471667451759
2569,0.003504491588422474
2570,0.023919848268249923
2571,0.5250469339920971
2572,0.051331406891969425
2573,0.05527705786434702
2574,0.013530609646793994
2575,0.9330125364140549
2576,0.997754405374236
2577,0.07842238376427733
2578,0.011945792778495794
2579,0.31149173379917766
2580,0.12053434679130584
2581,0.9495103650680876
2582,0.03720345518234111
2583,0.1345261496949484
2584,0.1578422961243995
2585,0.07426372541192232
2586,0.01656169145457009
2587,0.0831768331797083
2588,0.8300032801516972
2589,0.008521405848486124
2590,0.005564409287236383
2591,0.05275437607674222
2592,0.11383261388543664
2593,0.1540174274955492
2594,0.17114120680263487
2595,0.03799297143804036
2596,0.06407887029579518
2597,0.9626686227882864
2598,0.9612882360803437
2599,0.09011122023975832
2600,0.1841546208790399
2601,0.028608102842628744
2602,0.07084970841198632
2603,0.9741004134353027
2604,0.924214516868901
2605,0.06481248103913922
2606,0.14448622988309237
2607,0.26855348818495595
2608,0.9927607865801837
2609,0.0733431978828874
2610,0.9647538172669993
2611,0.9123220082946747
2612,0.004176817447921033
2613,0.5221761058275801
2614,0.0044669524695874615
2615,0.009798339442866493
2616,0.013130374032803233
2617,0.020276596228592347
2618,0.006837138512713833
2619,0.9760676309604426
2620,0.04472019781841465
2621,0.9440994474606645
2622,0.17590380361385238
2623,0.027080998137076068
2624,0.09024264432401863
2625,0.03426495416108003
2626,0.8146258318816301
2627,0.003729430004889988
2628,0.2141952845660988
2629,0.9506332249284385
2630,0.33208055620892607
2631,0.8121582293279788
2632,0.9648003452514404
2633,0.310785349408325
2634,0.9782220558911436
2635,0.6438518213803491
2636,0.9976516530082314
2637,0.1917551345424207
2638,0.023890999163943966
2639,0.053334008524872266
2640,0.005354474950705989
2641,0.020095969457992215
2642,0.42994192302549256
2643,0.9969603092813961
2644,0.9353683705369924
2645,0.0035060070648580254
2646,0.0018546934075817198
2647,0.36642521864360283
2648,0.007906656946594851
2649,0.9036039642867857
2650,0.14576786548725376
2651,0.033264833758823574
2652,0.7276260045928987
2653,0.6709843667142296
2654,0.02050687432965936
2655,0.04623195544179989
2656,0.10714297138833889
2657,0.7954685283650533
2658,0.5612938750156676
2659,0.2406982662268431
2660,0.9712677359152888
2661,0.0067987188400598
2662,0.006661083301836814
2663,0.014645642026924578
2664,0.01602381351467539
2665,0.9758116122150493
2666,0.9744224655955307
2667,0.12065568269574747
2668,0.4059937973662011
2669,0.3913308051247691
2670,0.6373860560429278
2671,0.22913464646872395
2672,0.08481613359137424
2673,0.05490309931315458
2674,0.05909896873578766
2675,0.04129285180907942
2676,0.9776472257052313
2677,0.9968363837782086
2678,0.09115503925315692
2679,0.03662526003707009
2680,0.9756205052964594
2681,0.008530514866436063
2682,0.002726110018331928
2683,0.6031994186014398
2684,0.002912769427215403
2685,0.3195197557055553
2686,0.9331244704126667
2687,0.01408520648688522
2688,0.8345664046646358
2689,0.09262865299754793
2690,0.010647706987755003
2691,0.03853590650877861
2692,0.008498982970448727
2693,0.2075015405179451
2694,0.08499618196012401
2695,0.08125348495508682
2696,0.11093869915278089
2697,0.9924462671527592
2698,0.3732555704246975
2699,0.05437388402954989
2700,0.23368879592486508
2701,0.9386149475185992
2702,0.9392583242012923
2703,0.9673462238058541
2704,0.9079390631360931
2705,0.2392513204613949
2706,0.043794442067606534
2707,0.9983867624933696
2708,0.004937776781121502
2709,0.9108118257874501
2710,0.3962082315797323
2711,0.01923762353995553
2712,0.03939228581924023
2713,0.018715653013014366
2714,0.9302057771734874
2715,0.08340642060455396
2716,0.002151322909703781
2717,0.9460692852411297
2718,0.15679060222318872
2719,0.1504826669558099
2720,0.48287233191931905
2721,0.03506962575723089
2722,0.9806160683933082
2723,0.02505033641304827
2724,0.2436804150875981
2725,0.004931171126718548
2726,0.9088636611994192
2727,0.9312879653890996
2728,0.010289041928901213
2729,0.5957632481859313
2730,0.29730070344328424
2731,0.023856974016393452
2732,0.41490792774157936
2733,0.007064309552508678
2734,0.01691235966103159
2735,0.013646834537148598
2736,0.35145658978619554
2737,0.013743263993449262
2738,0.6721031363202791
2739,0.2139843601905731
2740,0.8418632803560545
2741,0.998258601005414
2742,0.9970002361114922
2743,0.09305581622013423
2744,0.24451579294496537
2745,0.9161049166773171
2746,0.9565718857338286
2747,0.6394223719762774
2748,0.06427465183192074
2749,0.06260418311657022
2750,0.012245603107884124
2751,0.05561533772313321
2752,0.1424243703886824
2753,0.0685377961733333
2754,0.05621286467234466
2755,0.7662100500264347
2756,0.3114804915012317
2757,0.09008213154321348
2758,0.07730929926306011
2759,0.10572702697525108
2760,0.2536807661201186
2761,0.801438652633228
2762,0.9680220829373974
2763,0.44138583938613696
2764,0.02381656612248168
2765,0.15452057108200273
2766,0.08953513101062338
2767,0.5599075629271397
2768,0.009049767606939799
2769,0.9728148760172692
2770,0.03417470973989267
2771,0.031719658621816374
2772,0.12229942662964143
2773,0.8735474935480697
2774,0.11607507882250963
2775,0.17862679320486932
2776,0.5060176907868491
2777,0.0392201111439144
2778,0.08274643622159915
2779,0.04226197716124856
2780,0.5362825946579513
2781,0.7683256257572689
2782,0.004182674136309836
2783,0.00274994604301219
2784,0.04896715011392233
2785,0.010208994902455824
2786,0.004121297399271657
2787,0.0035402570369273863
2788,0.0395789251089201
2789,0.030130913190507196
2790,0.006372409076309958
2791,0.012255488221638702
2792,0.8305844223710774
2793,0.9249122132068722
2794,0.37787020048936376
2795,0.1861197990206535
2796,0.007730179571128058
2797,0.02723899390625307
2798,0.5984936069863583
2799,0.9254052908300008
2800,0.04646517983313375
2801,0.9149591659411318
2802,0.03926416980255845
2803,0.9744272736892376
2804,0.022461723817937075
2805,0.02951207950377111
2806,0.04248937555967729
2807,0.03423958018296991
2808,0.08650136997222205
2809,0.15882452559334873
2810,0.012857980207546587
2811,0.002726558893386032
2812,0.9752663872508308
2813,0.031745726553187595
2814,0.003656602417520851
2815,0.7680518172234442
2816,0.05076784546415656
2817,0.03168987880823168
2818,0.639539369744182
2819,0.9763101423622499
2820,0.8872195757267799
2821,0.02137684657663484
2822,0.12739049135635602
2823,0.38270693965185243
2824,0.2649401177955245
2825,0.04704246012940468
2826,0.9834726776978873
2827,0.03563962449294486
2828,0.02821814564489539
2829,0.8851209156766686
2830,0.02973722376308698
2831,0.032206361530859276
2832,0.059458985838433474
2833,0.7905342395507867
2834,0.980235894331341
2835,0.01995457260052215
2836,0.022027717385744494
2837,0.06821070972212705
2838,0.0423908720867924
2839,0.052664483775367706
2840,0.020422431614875645
2841,0.9939198648294109
2842,0.9886019162891523
2843,0.922887792778192
2844,0.020767816326702507
2845,0.018797564901387728
2846,0.20752683032415103
2847,0.014675406679942146
2848,0.015968772895347778
2849,0.016615421482934312
2850,0.06549579975712058
2851,0.8569112764470321
2852,0.012780199179026935
2853,0.9054161332680707
2854,0.002550475845347167
2855,0.5702276643035213
2856,0.007416074633449508
2857,0.12550057517281205
2858,0.009723448924981407
2859,0.09855877397789865
2860,0.01457769455193276
2861,0.09219627770043244
2862,0.5515263377447497
2863,0.022223610809654046
2864,0.49098953455183086
2865,0.917706897174161
2866,0.01886181424654013
2867,0.06522453694124089
2868,0.002814712399913725
2869,0.10680740476902326
2870,0.027609633543893102
2871,0.01557774393644214
2872,0.20347932208910688
2873,0.12152753399159866
2874,0.03525304922625152
2875,0.04229676113156994
2876,0.020797449018917273
2877,0.04058881058947868
2878,0.2747368587130275
2879,0.13284175283020172
2880,0.9446447317056621
2881,0.44235709371226806
2882,0.24221663032078014
2883,0.009884101511888092
2884,0.7850224877469901
2885,0.9602280416917562
2886,0.9970284530436369
2887,0.8057973563309844
2888,0.11413809383373644
2889,0.04111801565042303
2890,0.4123561355370395
2891,0.9898950535055595
2892,0.0023240217971795024
2893,0.4622985064430593
2894,0.23166324812675101
2895,0.9570708397968211
2896,0.04839863980365634
2897,0.006461304315464027
2898,0.5413633959601873
2899,0.0593253085099643
2900,0.07449458016577917
2901,0.040495534203556324
2902,0.1911632416078524
2903,0.0024796976731151802
2904,0.019828698749499565
2905,0.5127639421160688
2906,0.17854585343525722
2907,0.002122968709190161
2908,0.12192132972571065
2909,0.008109084317174005
2910,0.5508097252522055
2911,0.09093340951443882
2912,0.596162568948191
2913,0.026676598976239904
2914,0.9787014241494735
2915,0.10477565724151736
2916,0.5380592271260581
2917,0.07168376381043401
2918,0.6182414520746641
2919,0.11551982346587958
2920,0.03257787754441719
2921,0.11385870387593279
2922,0.07195619692063436
2923,0.011565307370640742
2924,0.6327754458064399
2925,0.8132547140420883
2926,0.6317360661581201
2927,0.1465838772520325
2928,0.8283904789056098
2929,0.9659344618577511
2930,0.06529122539317907
2931,0.9955124045428143
2932,0.9785977776619657
2933,0.11592233867351547
2934,0.010908329789062745
2935,0.45032491455131796
2936,0.005248210738300578
2937,0.029949918787792774
2938,0.745624714857962
2939,0.964611146446569
2940,0.3976714973276947
2941,0.0048379068413412826
2942,0.9160596050251354
2943,0.019371058526901026
2944,0.4588752199975063
2945,0.06288205247390427
2946,0.05747858990728891
2947,0.03782326445234468
2948,0.09920768552810223
2949,0.012103584368973354
2950,0.033816905776774694
2951,0.007116221181027257
2952,0.5470127490293966
2953,0.9745762670751315
2954,0.047978293055494885
2955,0.02127929644419241
2956,0.9663071907385411
2957,0.42297556516264734
2958,0.037153569858416766
2959,0.21700356302839624
2960,0.02159024913911065
2961,0.003366303250028582
2962,0.6724576982675812
2963,0.09194725692877445
2964,0.6899090572752995
2965,0.9328838124495455
2966,0.03812705864526983
2967,0.2753718979746318
2968,0.01344947900431741
2969,0.3165881618993272
2970,0.01759153125698735
2971,0.055801267187395344
2972,0.015595062441924306
2973,0.2678143944329052
2974,0.8769469088677752
2975,0.126839992930014
2976,0.08138543500895083
2977,0.981255837062821
2978,0.0033149409842037104
2979,0.05458311334104001
2980,0.010959480332640246
2981,0.02915019927493952
2982,0.6837543166874663
2983,0.8247158486835352
2984,0.0832598338200107
2985,0.17480914605493117
2986,0.04315578565531762
2987,0.023222249183503546
2988,0.026024465967592572
2989,0.05392160589564698
2990,0.03497036235947136
2991,0.8889418453437087
2992,0.9517281794534909
2993,0.18540977136390985
2994,0.20388670331235742
2995,0.03739655465335954
2996,0.11744784022546656
2997,0.1706497628640897
2998,0.09930327731997915
2999,0.6267407166440612
3000,0.10232200513717168
3001,0.002577143386114052
3002,0.9769010698496139
3003,0.0027614245704544156
3004,0.40202413574844564
3005,0.7760442999238939
3006,0.1266195007083905
3007,0.15828832435283663
3008,0.3922712289876021
3009,0.12869495860441052
3010,0.008750300866623975
3011,0.031459692588419685
3012,0.9637713534974747
3013,0.13966597933394
3014,0.002539740075419732
3015,0.002553851368537946
3016,0.008283277560004118
3017,0.8553685908193713
3018,0.015730949145629662
3019,0.4529287024236237
3020,0.06436437862639888
3021,0.3113506551485065
3022,0.9727988310387178
3023,0.00583133351738933
3024,0.08328796039747892
3025,0.15655462405917486
3026,0.9092827284043814
3027,0.07952686718496726
3028,0.28735824639803875
3029,0.18382881690241037
3030,0.01555815077737179
3031,0.008478106745384933
3032,0.035287369957959815
3033,0.6458845083829272
3034,0.21201057409524174
3035,0.39723204174793775
3036,0.5340177979394374
3037,0.1045609516527941
3038,0.37893788839150094
3039,0.017479446988933826
3040,0.06383749148253105
3041,0.07047844666369851
3042,0.926212156786367
3043,0.01410797842039703
3044,0.14781947857511862
3045,0.7069450602298348
3046,0.031622468331780874
3047,0.05267268111230823
3048,0.9779315681990729
3049,0.7572458400670902
3050,0.9957816116147435
3051,0.9627272711618988
3052,0.008998053313517693
3053,0.8999595060357305
3054,0.09475520873514924
3055,0.0463592367575774
3056,0.7557191262757161
3057,0.005225588462587888
3058,0.9956925627924442
3059,0.0017005683314371034
3060,0.922805685223571
3061,0.9972920231098054
3062,0.1266769807276591
3063,0.3802881686489307
3064,0.05262883990136274
3065,0.005999027563390198
3066,0.6238958642546865
3067,0.10742838513647272
3068,0.6195926477969008
3069,0.057830788802048026
3070,0.005717653816930544
3071,0.00676177309808348
3072,0.021692383472610585
3073,0.23863544901838893
3074,0.45286695460654963
3075,0.14211049372909695
3076,0.002526924611756174
3077,0.988462246545869
3078,0.9926723758246712
3079,0.08358325184821548
3080,0.008276540790163591
3081,0.05332897490718652
3082,0.882694361890645
3083,0.0217369500395668
3084,0.45348166582177907
3085,0.47070461536653957
3086,0.05822095192133863
3087,0.059253927227093446
3088,0.043599182990232105
3089,0.055783673825861316
3090,0.03640561448664613
3091,0.060444800149723206
3092,0.01409215220299725
3093,0.9057079872714023
3094,0.009661202797345492
3095,0.1353102791175553
3096,0.11670230523818317
3097,0.014598258955924632
3098,0.9984478737819188
3099,0.009263639736198903
3100,0.04405596158577037
3101,0.009113603562995298
3102,0.009585014797332763
3103,0.018842787290842954
3104,0.1616752701815657
3105,0.29723952702220496
3106,0.06734648825955364
3107,0.721099234759528
3108,0.027177904637314024
3109,0.007526332009176729
3110,0.006657483017558517
3111,0.03888291726051327
3112,0.0017201248442189703
3113,0.05977504872106308
3114,0.009899134514275845
3115,0.7935187523192495
3116,0.052924477742578885
3117,0.00393896440643614
3118,0.41541413822761614
3119,0.5247889176147384
3120,0.0019756535311730794
3121,0.011738920198670422
3122,0.016782955667629995
3123,0.9875477477751594
3124,0.02945759875296656
3125,0.40030511084378734
3126,0.015473836287372873
3127,0.8200082058091698
3128,0.004644860689756948
3129,0.038841557340929
3130,0.721000348307377
3131,0.8145178871135949
3132,0.05778862757460626
3133,0.14195008279559249
3134,0.013643425954181282
3135,0.009910506914729134
3136,0.22496397188847486
3137,0.014490328960094556
3138,0.0321423919944658
3139,0.9837272615119503
3140,0.1256888805310442
3141,0.008455955641200445
3142,0.9398879039720902
3143,0.6434618666302866
3144,0.9754809583925332
3145,0.04908246182169203
3146,0.13775400814891975
3147,0.07305202057806948
3148,0.15318172746702016
3149,0.9687866122726246
3150,0.0020222437594714605
3151,0.2779633043772338
3152,0.004683858121196725
3153,0.017453924795322477
3154,0.02484204160065596
3155,0.025262280364229405
3156,0.02822629830750934
3157,0.1841968648375653
3158,0.0043702186186238825
3159,0.04866715708385174
3160,0.7985342661439971
3161,0.04086298290429906
3162,0.9501166124147941
3163,0.01632269526741108
3164,0.15453795535556397
3165,0.02784174930470299
3166,0.06469520310160519
3167,0.022391833538017672
3168,0.024628051140153536
3169,0.9594520144483292
3170,0.014259503900005582
3171,0.1797921709122943
3172,0.15755208102614987
3173,0.0175990222798728
3174,0.9294780637550772
3175,0.71493106505101
3176,0.002164958375911631
3177,0.29071383856190436
3178,0.24996946845129747
3179,0.003170393257306779
3180,0.1053371485902793
3181,0.030130300366293786
3182,0.13156767009150994
3183,0.6041311378188466
3184,0.003174342213775054
3185,0.33161658645601166
3186,0.04912250039449409
3187,0.9774212577179123
3188,0.019253108120387673
3189,0.027243154918495573
3190,0.9983704161167231
3191,0.6636402064285883
3192,0.012057011123701966
3193,0.07240498526668865
3194,0.027250185508017943
3195,0.9040386246704026
3196,0.8394693897267506
3197,0.009108787729701385
3198,0.005117466287829933
3199,0.49554555940321465
3200,0.9930895867821632
3201,0.12935924451818473
3202,0.007050878002950919
3203,0.10667486397880319
3204,0.4069617421250571
3205,0.9475766081232188
3206,0.7251825182598645
3207,0.02802617170638483
3208,0.08645464254357524
3209,0.9736780417366423
3210,0.00393523224666668
3211,0.9760144771972938
3212,0.05765913679792761
3213,0.7472354856562282
3214,0.026033937071304466
3215,0.05543469549451963
3216,0.9848261667467834
3217,0.9721082982415816
3218,0.9611581231744093
3219,0.9211810054953264
3220,0.7658221056840263
3221,0.11920808801811816
3222,0.1986516537479278
3223,0.918861678435254
3224,0.011066838238762748
3225,0.010073708729753692
3226,0.15602917432843083
3227,0.9921026103181309
3228,0.9693559374563558
3229,0.6804216058151176
3230,0.03546764319509544
3231,0.01431156822171251
3232,0.2605757120222995
3233,0.21675631522963196
3234,0.18622296060417123
3235,0.03515491367786926
3236,0.33055072631850146
3237,0.9209532486642134
3238,0.01325991827312462
3239,0.38658707315460616
3240,0.03402276925085369
3241,0.02090421558330362
3242,0.3192283078195066
3243,0.10146855475081272
3244,0.10974584754938686
3245,0.8260851183708932
3246,0.2082024663336049
3247,0.18106052214933183
3248,0.059034976700904206
3249,0.03869465283581426
3250,0.38649152144649856
3251,0.01740772742367708
3252,0.033197482897829686
3253,0.00641951490144959
3254,0.26932180371656683
3255,0.013892921257942297
3256,0.007880116444406926
3257,0.003095229298928507
3258,0.8646135548084977
3259,0.022252017609462493
3260,0.7838399806169685
3261,0.20896063306446602
3262,0.025385433367680788
3263,0.5543239956422734
3264,0.014098353309213338
3265,0.17658311228925033
3266,0.1658569898852942
3267,0.9085979652137242
3268,0.9876829147080928
3269,0.043193583270447374
3270,0.15101613843248948
3271,0.9136698736202956
3272,0.2655714766941284
3273,0.049666433033889
3274,0.010670591110317585
3275,0.1905110647611694
3276,0.3277013983645087
3277,0.3278844436594468
3278,0.9705331685974311
3279,0.6202723909261332
3280,0.10594238373396286
3281,0.005260235434826049
3282,0.085740665296925
3283,0.00903835223981596
3284,0.9820245623888267
3285,0.011425047059632378
3286,0.653329435103424
3287,0.3777823858374338
3288,0.7312586044986673
3289,0.004952342575742642
3290,0.2734877215869302
3291,0.02324741064187321
3292,0.127075968761951
3293,0.5699764700874915
3294,0.8641031388384692
3295,0.9019773304451822
3296,0.02415876933799773
3297,0.745033051068217
3298,0.7076587492810468
3299,0.9456811360150987
3300,0.0028739048838095573
3301,0.05533735876549821
3302,0.6632709501665988
3303,0.009886783918950034
3304,0.3795783874225286
3305,0.9979549871877965
3306,0.991971447451944
3307,0.7921561006419049
3308,0.6775863911986395
3309,0.03433568060420185
3310,0.9879368811138018
3311,0.5407939116204475
3312,0.39356073401473374
3313,0.0741274022587317
3314,0.2896272733720374
3315,0.19651515458601881
3316,0.9436951724995102
3317,0.9896020803858552
3318,0.5411944282397299
3319,0.9725943686458539
3320,0.002289014413956683
3321,0.019511023286481355
3322,0.003846906793337309
3323,0.04263019719937214
3324,0.8155665356372435
3325,0.08851032410376757
3326,0.00610204577103673
3327,0.09216824480854324
3328,0.03109032897804404
3329,0.9662897491333481
3330,0.9868142002507714
3331,0.1310380229994548
3332,0.8850468477424189
3333,0.6667412251753568
3334,0.13302555889572915
3335,0.9454562476868361
3336,0.9605821342581206
3337,0.8078680592625809
3338,0.4048941900327082
3339,0.05135922532662427
3340,0.9579756554023239
3341,0.9382133924964108
3342,0.42790240112352407
3343,0.02078159463434496
3344,0.6414543143961787
3345,0.3528902417249638
3346,0.9583525990391017
3347,0.7731247847826718
3348,0.613787675356517
3349,0.012487478199317375
3350,0.08655584571788127
3351,0.4694443906711
3352,0.7526708651729388
3353,0.02215563392695407
3354,0.006674018550106782
3355,0.3565922174305822
3356,0.012376007566891584
3357,0.26781726130528094
3358,0.0032722366487681967
3359,0.030727207809159617
3360,0.0028867727926458115
3361,0.002697224103969398
3362,0.08824060437695933
3363,0.18314679919870153
3364,0.2689971354893651
3365,0.00846340279587074
3366,0.9440162349078649
3367,0.08230302242574125
3368,0.12353999420061856
3369,0.01001807398799883
3370,0.640793229342346
3371,0.18307423874610912
3372,0.0141112811748175
3373,0.004157103763087
3374,0.6291515244582583
3375,0.03519404249962609
3376,0.013525845216109458
3377,0.5723321863436361
3378,0.9769344103105683
3379,0.05172126770067081
3380,0.1455310013588736
3381,0.00971864153585039
3382,0.07794382200857504
3383,0.2631386611563412
3384,0.967734507779221
3385,0.9492024348335344
3386,0.013497519628868488
3387,0.012969922685157533
3388,0.31888653085322044
3389,0.14361251602911754
3390,0.3747005010132491
3391,0.9986556215757305
3392,0.00358239199644391
3393,0.13146031584462095
3394,0.1455751052999577
3395,0.10226056478197551
3396,0.9601166685787249
3397,0.9907376688239454
3398,0.005818971023735538
3399,0.03759035923803087
3400,0.08579686038649087
3401,0.06503730870570484
3402,0.024955010507488384
3403,0.9425844487623397
3404,0.1666902954202431
3405,0.028287990502117583
3406,0.39311899033727493
3407,0.862356656566757
3408,0.05556959065717984
3409,0.0161494737711973
3410,0.9909926532649845
3411,0.0768835687059719
3412,0.9764474502733181
3413,0.9284488999617407
3414,0.11797427318135614
3415,0.34998442794611145
3416,0.011015248245533477
3417,0.0675533715210144
3418,0.011583371782417261
3419,0.06714341525255668
3420,0.7368550817771595
3421,0.019053706054154428
3422,0.04814194281084851
3423,0.04126488519699586
3424,0.036389800126175875
3425,0.025568509974649333
3426,0.058629586621299065
3427,0.03654435779635681
3428,0.04476580343021005
3429,0.5734860418357071
3430,0.00267737607790485
3431,0.48676490108813236
3432,0.37589379307542503
3433,0.012161887018592284
3434,0.9694264844157072
3435,0.04944974234023034
3436,0.08459179460975616
3437,0.17736517350395847
3438,0.15593401887981045
3439,0.3015155759525279
3440,0.9353289316615088
3441,0.4717263502877896
3442,0.0036723711533394347
3443,0.3423487907029284
3444,0.4798352037993067
3445,0.17006072904353048
3446,0.4975512230060536
3447,0.033488832301303714
3448,0.033457626660887856
3449,0.040443877802740044
3450,0.05214111934071275
3451,0.01769204826112578
3452,0.1930259936244115
3453,0.8403066314118711
3454,0.997307865628896
3455,0.8870590335380557
3456,0.4719043712729624
3457,0.1148838093913244
3458,0.27610982309845666
3459,0.0024242217069708797
3460,0.09088203546250832
3461,0.9725515059933225
3462,0.29852172648370534
3463,0.03124233876201838
3464,0.009617105302410505
3465,0.033654446320904224
3466,0.006775678200043402
3467,0.011000332004811196
3468,0.13792968811169995
3469,0.896091503627613
3470,0.008169681422126603
3471,0.45463968361067475
3472,0.02808725559771833
3473,0.007326370909710348
3474,0.004819211261633901
3475,0.5830697791837627
3476,0.09201420084177661
3477,0.02653916817788703
3478,0.007777428770828337
3479,0.9776894972451805
3480,0.9707289206527014
3481,0.04714263746182016
3482,0.10956456983180801
3483,0.7987654795523891
3484,0.0052392012324939275
3485,0.7678066617631767
3486,0.9809849341530632
3487,0.03250235449618105
3488,0.018105346518212405
3489,0.2633037206525232
3490,0.037370459407870434
3491,0.03213023851537756
3492,0.09074475043051036
3493,0.05607565088216626
3494,0.2902388222365268
3495,0.2999239385678756
3496,0.5619601993612268
3497,0.8125925688234902
3498,0.0016401294480104219
3499,0.3911814199381347
3500,0.9607215646916145
3501,0.7693605409396211
3502,0.01616139949827511
3503,0.06094884332400239
3504,0.0653532797207212
3505,0.0043607573304905185
3506,0.018685055662510535
3507,0.1188856665333439
3508,0.7397331626105462
3509,0.014098049760856912
3510,0.0072275794816470534
3511,0.9628889996249539
3512,0.007801462163455783
3513,0.033402184128345336
3514,0.036758039493288534
3515,0.03835553556490515
3516,0.012237632598613195
3517,0.959023025327481
3518,0.5187687939149854
3519,0.98662355326022
3520,0.014897791252796274
3521,0.02247513108588261
3522,0.2679412636516291
3523,0.17358733802703727
3524,0.3023754400226308
3525,0.1779106471608651
3526,0.269411203159598
3527,0.018306410791584286
3528,0.050632226031700894
3529,0.6837818865218024
3530,0.02347887438365943
3531,0.027934648460552765
3532,0.9867998318379344
3533,0.01811920096876881
3534,0.16700722790323927
3535,0.0084344429735524
3536,0.023352879208178582
3537,0.04237308655527577
3538,0.008272767484495444
3539,0.959357788664299
3540,0.004439116710015802
3541,0.10808512893081815
3542,0.03883727978109898
3543,0.7120214910877566
3544,0.049621011252452184
3545,0.05957806455586625
3546,0.039188693189482086
3547,0.003625421416372514
3548,0.007829208709366216
3549,0.02208433630281032
3550,0.020813145630823503
3551,0.9642520112998139
3552,0.9964224623374621
3553,0.31733756147403597
3554,0.44852793812066105
3555,0.980952395845258
3556,0.1557612426495258
3557,0.3574785084974303
3558,0.0034776031154952042
3559,0.2645562084419108
3560,0.00891141098600267
3561,0.13571794481364519
3562,0.09976408821093236
3563,0.9523591872284475
3564,0.29085159687302553
3565,0.9478016263428402
3566,0.9557925085403868
3567,0.04806034663275505
3568,0.0040269685881918985
3569,0.8639196114557526
3570,0.15493739374411525
3571,0.7935147212731392
3572,0.7295624943807831
3573,0.00432130054602695
3574,0.016628050389793834
3575,0.5981342231301906
3576,0.9986343521734425
3577,0.018268472890442942
3578,0.9781253533318021
3579,0.9279143249487584
3580,0.2779763186213367
3581,0.008174050222601606
3582,0.559087378125769
3583,0.044676887519963564
3584,0.9911206174354091
3585,0.315179631560497
3586,0.7488172381875347
3587,0.006927221798926759
3588,0.09558538405274483
3589,0.9888911053615909
3590,0.056566823601400446
3591,0.5300246472508716
3592,0.91333951775326
3593,0.900032089431405
3594,0.9839120431228423
3595,0.03786091615578422
3596,0.09100735469878356
3597,0.9187103074740411
3598,0.02196791574523444
3599,0.010867336598537359
3600,0.9607185148161586
3601,0.003936896576988895
3602,0.003780765498033951
3603,0.05491394953544983
3604,0.07862485611009612
3605,0.25927632210267115
3606,0.9857701263666498
3607,0.001792359421637289
3608,0.3450376571986104
3609,0.001317466972751676
3610,0.17711949783956116
3611,0.7550817464443017
3612,0.17608379507859917
3613,0.8979722603118031
3614,0.79844453278139
3615,0.030631702834218313
3616,0.01130979106676552
3617,0.02694687570106603
3618,0.9891055507149105
3619,0.906167980387668
3620,0.08196516005667769
3621,0.5545522028519829
3622,0.00561842815167304
3623,0.976656021948533
3624,0.019353156570110722
3625,0.5702129888077706
3626,0.6882709023308802
3627,0.42963542882931
3628,0.2711823337397843
3629,0.05682775682984803
3630,0.9105201858686792
3631,0.08585863003670156
3632,0.04092413353030784
3633,0.031132377895827658
3634,0.033075542435832515
3635,0.02110109438080166
3636,0.04462878072341867
3637,0.0300037043779152
3638,0.9178346531746286
3639,0.02615840890152572
3640,0.09560235291868001
3641,0.14143826545451993
3642,0.0038349297145406015
3643,0.004396343317000579
3644,0.9970149972682445
3645,0.7583932356362393
3646,0.9385989595110472
3647,0.10526143576063378
3648,0.5603636216813469
3649,0.9284765010451664
3650,0.010933030458043306
3651,0.013606625932945919
3652,0.008240972804718917
3653,0.02288378078419922
3654,0.6688749096981255
3655,0.35437453773487226
3656,0.010307554902077003
3657,0.0024302509598087014
3658,0.02500889477913156
3659,0.8409341998618267
3660,0.20861152383610526
3661,0.6559220822755254
3662,0.0077302715775782824
3663,0.14669434655419114
3664,0.009091405387107707
3665,0.47256862634195757
3666,0.8952971267865574
3667,0.026448739725325368
3668,0.8727319276038586
3669,0.7076596242966998
3670,0.11527504449927162
3671,0.0054545392691717435
3672,0.02066266295307023
3673,0.7279408858897151
3674,0.10804824607881622
3675,0.9666688833142824
3676,0.06940481272430667
3677,0.1254446966197272
3678,0.9696121695320116
3679,0.9340533611243972
3680,0.008834350774117242
3681,0.06608498962305577
3682,0.015531227225941652
3683,0.10101061346951773
3684,0.5060485561102448
3685,0.18676116121037434
3686,0.9927846188995311
3687,0.18996279694218093
3688,0.22711499786311679
3689,0.8189477630228083
3690,0.01692846491883834
3691,0.7995196757663441
3692,0.38809372600901537
3693,0.9961152155569497
3694,0.00820228395160074
3695,0.9372367347432985
3696,0.013164558752970382
3697,0.7813927836874436
3698,0.008306108205513663
3699,0.025001122317945865
3700,0.34883659301876574
3701,0.057650652517273165
3702,0.992998167315329
3703,0.13073485122401693
3704,0.9608735524264564
3705,0.9875766341217196
3706,0.20681509885074634
3707,0.3219198060794885
3708,0.32782379551586704
3709,0.003649355936325421
3710,0.013016888981664818
3711,0.9702358187873585
3712,0.08137458984729398
3713,0.13541346264014117
3714,0.43712608765356975
3715,0.004883841955737583
3716,0.10787728730237754
3717,0.7120651021505473
3718,0.9457299239944705
3719,0.11870288677152852
3720,0.9036256699821568
3721,0.32736135026703456
3722,0.9657387805458212
3723,0.991630112926527
3724,0.028667959886478512
3725,0.10410804341755138
3726,0.03893530193361451
3727,0.18146179657690792
3728,0.2139213957455429
3729,0.5329209327732054
3730,0.9049565740329785
3731,0.015467030383391452
3732,0.12614625074779945
3733,0.05525227318666187
3734,0.027013583438165917
3735,0.19787281722038025
3736,0.003353035044598611
3737,0.008181202331360757
3738,0.9930149360573658
3739,0.9552202828226549
3740,0.4244027236516411
3741,0.8276700093107471
3742,0.9370060753529695
3743,0.03548190691204382
3744,0.49833324199951645
3745,0.30050735534503326
3746,0.4719684069848695
3747,0.0830675156832541
3748,0.7290584908555968
3749,0.012393103290572135
3750,0.05572982049126511
3751,0.012966121746645414
3752,0.016601407106542603
3753,0.3327807566701758
3754,0.9341444728148587
3755,0.02233794619211206
3756,0.01753822820996183
3757,0.04943443709253009
3758,0.012050551315540498
3759,0.3205538736518134
3760,0.5968507988260243
3761,0.9419548361860199
3762,0.6215999982906323
3763,0.29957171066770244
3764,0.09466105498773375
3765,0.15974043693721326
3766,0.08444491652138954
3767,0.24039774096511973
3768,0.07266337402126695
3769,0.9561208893933509
3770,0.1072260313926436
3771,0.9863160576288381
3772,0.5275775457461468
3773,0.026467160491441336
3774,0.009866762311721887
3775,0.08077717525760432
3776,0.10702509257677255
3777,0.12734542216176803
3778,0.006144868538048853
3779,0.046208561968108915
3780,0.15199591707983484
3781,0.35426636079366375
3782,0.6201763323889985
3783,0.11515238858170435
3784,0.18025016011996975
3785,0.9081662711537707
3786,0.07407217860717352
3787,0.38139473329399765
3788,0.021098611637971516
3789,0.8216125510533253
3790,0.9654571474699931
3791,0.9908353463393658
3792,0.9056273681907303
3793,0.1005717459573896
3794,0.29809399972761486
3795,0.5595792636381024
3796,0.9170524710915856
3797,0.07302375019665377
3798,0.17030142148959254
3799,0.023142084798153068
3800,0.0037072680906291935
3801,0.033148492647618495
3802,0.9845936021216488
3803,0.14997310426984417
3804,0.8046151556837424
3805,0.023958822716042296
3806,0.11639614445762728
3807,0.9962004146771706
3808,0.2245227149145798
3809,0.08821316467961304
3810,0.08015801197211272
3811,0.11290345937575604
3812,0.06818013726955903
3813,0.024412274061535934
3814,0.9552956758420059
3815,0.03373386310674652
3816,0.4404333728517512
3817,0.07221881936734705
3818,0.9627090798587367
3819,0.9374198222680957
3820,0.36886777667255094
3821,0.07613257381421963
3822,0.9100297833363804
3823,0.036373983424159456
3824,0.04971221310714956
3825,0.9983912700475066
3826,0.4486999136451645
3827,0.04712284962843986
3828,0.8917611133287331
3829,0.05668215177323256
3830,0.05708090239255462
3831,0.9981963023308933
3832,0.0067921413574207785
3833,0.12175569250493433
3834,0.5670127202147822
3835,0.024483601762315035
3836,0.7090837233501764
3837,0.9977296622981444
3838,0.6310199060848258
3839,0.9579244447835082
3840,0.13690338899449803
3841,0.06455913558237036
3842,0.07986602969938536
3843,0.23326381474431993
3844,0.14202610221982298
3845,0.9953860393572069
3846,0.009784710696417823
3847,0.9717412255501386
3848,0.002392519958831122
3849,0.017646150284003917
3850,0.4804683531753277
3851,0.9871882539795204
3852,0.064846147511931
3853,0.560242963281387
3854,0.9255528830657965
3855,0.00313810038485838
3856,0.023045223471430242
3857,0.011841781248235065
3858,0.03387724438033873
3859,0.037453873663910106
3860,0.013609846151136603
3861,0.07000841963799911
3862,0.022772474960351598
3863,0.9677756478471319
3864,0.9980433569578494
3865,0.1824468038521854
3866,0.9984032017116764
3867,0.02392998104162752
3868,0.4219229815946514
3869,0.029474352511421643
3870,0.5967334395800459
3871,0.028578621582464235
3872,0.4548782491365879
3873,0.3407524921326492
3874,0.0766779933375934
3875,0.9972210982665097
3876,0.28075641425423575
3877,0.9883578752057335
3878,0.05198522670745107
3879,0.004051231086443515
3880,0.9979761867551488
3881,0.991303447835752
3882,0.2771858472249714
3883,0.4879698156477552
3884,0.019465130465784693
3885,0.05972959753372488
3886,0.9292698986256828
3887,0.2467714177638868
3888,0.08349411150942082
3889,0.09248323620199934
3890,0.02324008385121494
3891,0.9434672128587274
3892,0.007899356457515723
3893,0.8489078346291543
3894,0.08466878875429686
3895,0.38876561193140086
3896,0.1406001089336546
3897,0.9629676985583606
3898,0.308220141798561
3899,0.27239864483978043
3900,0.062156970346690495
3901,0.0038447672699528494
3902,0.9453350480438503
3903,0.5937981506697889
3904,0.02100318014716756
3905,0.11180314928050378
3906,0.9786637996763665
3907,0.053578646452163765
3908,0.062363804320777295
3909,0.9984941273238768
3910,0.0028444763430488258
3911,0.00561182219390967
3912,0.2923215084512254
3913,0.026559391657321473
3914,0.9086060854136138
3915,0.03746369353251432
3916,0.7555611823967229
3917,0.02666229163221222
3918,0.08038620830622566
3919,0.013416186527713907
3920,0.0685470688074645
3921,0.004913192276532913
3922,0.3334385377882002
3923,0.036918728403567885
3924,0.05605944353063062
3925,0.9692532878460288
3926,0.40679963221368526
3927,0.018146637515139275
3928,0.08162137911064309
3929,0.932632807173631
3930,0.9863076134913129
3931,0.0023537747802771097
3932,0.3059975006323427
3933,0.0029637938632099256
3934,0.9137171809956461
3935,0.00648751894195213
3936,0.12938167262153066
3937,0.22490077035631756
3938,0.9642234271024301
3939,0.04281569548037032
3940,0.11614430637761816
3941,0.9766400689155502
3942,0.0135195092507691
3943,0.20776588500398896
3944,0.887787743239724
3945,0.7113441979421063
3946,0.03781463383807093
3947,0.008486491148176758
3948,0.25279310795411736
3949,0.9749264842443328
3950,0.0466093337625455
3951,0.06359923738602931
3952,0.9196927387789349
3953,0.02374064076362791
3954,0.9971866326666119
3955,0.008664623930737674
3956,0.12102664905729431
3957,0.3330386981079341
3958,0.1163145071873094
3959,0.9513373597053616
3960,0.07260955191254863
3961,0.04401717331766156
3962,0.026904188215781655
3963,0.8527671307286712
3964,0.30767324120077444
3965,0.14679569259831465
3966,0.6755103918359069
3967,0.014257849116096089
3968,0.0025137284261828783
3969,0.09013977358534211
3970,0.23938328738117112
3971,0.9739968109732013
3972,0.5699381362715248
3973,0.4000434823898724
3974,0.022999583114839874
3975,0.9217601394683311
3976,0.9465271289244824
3977,0.2124340034564863
3978,0.03342419721600166
3979,0.6559190102265228
3980,0.7590061540640918
3981,0.9400154152990254
3982,0.9693514767527857
3983,0.008558401529817258
3984,0.5139936314995484
3985,0.015389548075968307
3986,0.5280646040698929
3987,0.0035731914379107587
3988,0.7743387617303675
3989,0.009767976924237724
3990,0.45238251454300404
3991,0.7015988865163213
3992,0.007576138854255409
3993,0.14667913724400614
3994,0.7945423468084938
3995,0.9695852834490252
3996,0.5696333590243171
3997,0.0035075485266457865
3998,0.18919174067480335
3999,0.019953311424103174
4000,0.03944464178604263
4001,0.03358616499546766
4002,0.02099028067027179
4003,0.11352872702297075
4004,0.580833977745367
4005,0.22828882652753196
4006,0.13324884127404146
4007,0.005035050651107503
4008,0.9909594639074174
4009,0.10451120093307566
4010,0.9978732806607515
4011,0.9095067289796654
4012,0.09837544442337327
4013,0.022991236854857926
4014,0.9986049064197868
4015,0.9549023109564899
4016,0.08625424608236038
4017,0.05579715125228129
4018,0.10642313591620212
4019,0.013092511373322888
4020,0.03219677314297692
4021,0.034855060487183426
4022,0.017323567637225173
4023,0.006996874224436388
4024,0.0055896051030635075
4025,0.8137516679585365
4026,0.7127790945799654
4027,0.01147487609772393
4028,0.03785287699136901
4029,0.05328201674746541
4030,0.006234007691373569
4031,0.8817475530289935
4032,0.12380629183959421
4033,0.02005993051326957
4034,0.055724827354436145
4035,0.025168092423584067
4036,0.014871771255159488
4037,0.010397176922255117
4038,0.9680472920485652
4039,0.007159456268115333
4040,0.4561753131699148
4041,0.9753548865021572
4042,0.043064957299086014
4043,0.07581403403419804
4044,0.0212263613017573
4045,0.0040006941018789184
4046,0.01077110932985447
4047,0.12342010412398025
4048,0.14481820374395854
4049,0.11403913011818702
4050,0.07240110595688982
4051,0.08815945399949605
4052,0.23305787272866885
4053,0.8987818716581308
4054,0.0791804276286837
4055,0.011831733696685161
4056,0.093349723257136
4057,0.3512939956240871
4058,0.5532453434017219
4059,0.05063546209062486
4060,0.07916997351695707
4061,0.9895154812992278
4062,0.1951103115393239
4063,0.35181986443052776
4064,0.32399442879497103
4065,0.15169313057017508
4066,0.008815358227330412
4067,0.49738505750849205
4068,0.01349635021343942
4069,0.02369431474515221
4070,0.037742313942219934
4071,0.9815335277794976
4072,0.00308461218958404
4073,0.046715713411711025
4074,0.06465901208767888
4075,0.02898334672685868
4076,0.44084195488765865
4077,0.07281753509672541
4078,0.38081705459589005
4079,0.1294803562464766
4080,0.0034835350092438824
4081,0.7515054601662199
4082,0.9341995870426737
4083,0.24583546437734333
4084,0.04689711849820441
4085,0.16950350704724926
4086,0.12137077753099955
4087,0.00632974823518928
4088,0.10252865345442838
4089,0.012427956238438105
4090,0.16417536488141418
4091,0.004728830733848104
4092,0.1603054118263257
4093,0.30521592875541637
4094,0.012495639734183335
4095,0.010378432282462678
4096,0.026663870978482017
4097,0.22831322547222185
4098,0.026187581823914393
4099,0.9721448280174905
4100,0.5139765894632237
4101,0.12079004569428094
4102,0.12154391081019553
4103,0.3037253625682387
4104,0.9753019948378717
4105,0.6179807394546495
4106,0.3650261908485566
4107,0.5768334760567819
4108,0.9920950907171544
4109,0.9758011778382418
4110,0.11092268214006955
4111,0.0026128661381482243
4112,0.9780686144342786
4113,0.2818258324661672
4114,0.035515865311702303
4115,0.013270487013782873
4116,0.01591177053866882
4117,0.9920103832237523
4118,0.03635204879770635
4119,0.13454040537493325
4120,0.9636048531703176
4121,0.4511153923792655
4122,0.7495449218646082
4123,0.006013620277296014
4124,0.39992037659003143
4125,0.01208353444027032
4126,0.13424794045343935
4127,0.060399276574619486
4128,0.1169757792415257
4129,0.3264712534297296
4130,0.012442397210018389
4131,0.2911341278709876
4132,0.9301701979052148
4133,0.9697451060639637
4134,0.02783404924478871
4135,0.34717262422721074
4136,0.024183920025125698
4137,0.8943397156191608
4138,0.0030124525048990007
4139,0.05087844278959066
4140,0.9982125233368229
4141,0.927449184427427
4142,0.07087298741218484
4143,0.053127339208940236
4144,0.9678697478667482
4145,0.08905952921373901
4146,0.1842605257109645
4147,0.19673198499755498
4148,0.23582965431443
4149,0.01525196394128217
4150,0.27455718288953673
4151,0.05373131351686836
4152,0.008952654667803645
4153,0.12443216942591742
4154,0.5061212112632303
4155,0.7893195235380697
4156,0.06772575682686732
4157,0.002127499207354193
4158,0.9646850592462348
4159,0.21061903070212903
4160,0.24244153994673584
4161,0.28759690706550434
4162,0.007129523602121436
4163,0.010570550543037618
4164,0.9777688212175564
4165,0.24895521222838365
4166,0.008409833510200195
4167,0.991919816323994
4168,0.19773007158457373
4169,0.09925364068057826
4170,0.9982449412865877
4171,0.03409843152910755
4172,0.8923679179982587
4173,0.030886122377115455
4174,0.0140002879461172
4175,0.36077114520118764
4176,0.029781194313165713
4177,0.005977623020654783
4178,0.8333790591365867
4179,0.2061477703096885
4180,0.965589947277879
4181,0.3434056494116777
4182,0.005745234578135656
4183,0.7938026134737266
4184,0.9612160111429591
4185,0.7068563995921084
4186,0.9770351789411307
4187,0.05226709152609749
4188,0.022359957370728784
4189,0.08959396654968826
4190,0.0016414804147291961
4191,0.19330604536205367
4192,0.9649046337349322
4193,0.17052511419740743
4194,0.9084789644594602
4195,0.10197702072776856
4196,0.9985293619342334
4197,0.7045191989068414
4198,0.10046136679768171
4199,0.8863130692702789
4200,0.017157969904772002
4201,0.5272791500502902
4202,0.16404672574767185
4203,0.1513966242596752
4204,0.055571336491905196
4205,0.05694949388665877
4206,0.5731796008632926
4207,0.2182424805677937
4208,0.21948410892976036
4209,0.16496471773442029
4210,0.27338168976421595
4211,0.12922121443199097
4212,0.14994042417486483
4213,0.3992061403552164
4214,0.03948570675002572
4215,0.07421518609975622
4216,0.021684173055340622
4217,0.9834282629359583
4218,0.9953658920719672
4219,0.00851411412413183
4220,0.15977218963433987
4221,0.9864906722399214
4222,0.15402892470910928
4223,0.4108136019053305
4224,0.0464111893930588
4225,0.040138253963997075
4226,0.995548869171521
4227,0.4268277080445484
4228,0.015846423480296655
4229,0.3189679207851395
4230,0.81615751918876
4231,0.01286605735047658
4232,0.006554690188747965
4233,0.05221487422710852
4234,0.002019885421087266
4235,0.3488740801884455
4236,0.036554980464265134
4237,0.0890002547414599
4238,0.029750426492382093
4239,0.18652747396426847
4240,0.5234029159605379
4241,0.901712994524201
4242,0.01044592128086886
4243,0.03627345728180686
4244,0.9873422970576606
4245,0.06947284954626182
4246,0.025332609021717925
4247,0.006348763128022738
4248,0.05786977697247508
4249,0.5935878090694681
4250,0.6776418711555535
4251,0.14661317559180986
4252,0.00499317633661639
4253,0.8316291042949957
4254,0.0717935264344527
4255,0.03445198751765323
4256,0.07687047953425001
4257,0.004972753369234141
4258,0.8048512420870224
4259,0.0052171701727336236
4260,0.9855127487094549
4261,0.9701351664159888
4262,0.6283746008394727
4263,0.930736370128294
4264,0.013021439460777124
4265,0.26865813585407927
4266,0.933584531880204
4267,0.02958721527275712
4268,0.9578619971337385
4269,0.15570646115200143
4270,0.3053247818054396
4271,0.009642525943710376
4272,0.13913121766942865
4273,0.006753546008456083
4274,0.011531151063934821
4275,0.948666470938278
4276,0.7252259701682523
4277,0.013176920681299035
4278,0.012409938452636453
4279,0.21946597274553034
4280,0.9860805842693371
4281,0.3278913085798903
4282,0.3055550585558435
4283,0.007402826828478745
4284,0.013729615147025725
4285,0.4034356540636329
4286,0.10009386048274371
4287,0.7944521935768631
4288,0.731611589784798
4289,0.018125931766177016
4290,0.727316351188884
4291,0.03358583157333465
4292,0.020319837315848018
4293,0.7313231334091606
4294,0.926944788184518
4295,0.3346161725059505
4296,0.19693948775066178
4297,0.9768370636418534
4298,0.12517074255626803
4299,0.019805365698000555
4300,0.1019942050831155
4301,0.9986503116093475
4302,0.030406398928698435
4303,0.0745142230869853
4304,0.2623129853176216
4305,0.009095394046582123
4306,0.07029403757563754
4307,0.03273480072047782
4308,0.9467697154808381
4309,0.9541840382830831
4310,0.06695977397232976
4311,0.008709453902534971
4312,0.9779661368045415
4313,0.9223820465874141
4314,0.05547360791763408
4315,0.02159051008300817
4316,0.8834836575861209
4317,0.9169588214556783
4318,0.8206171986933323
4319,0.0103154937249783
4320,0.7981497233454918
4321,0.0030234623989811604
4322,0.4309087571840847
4323,0.1069354953031141
4324,0.536839477263243
4325,0.4201071616510575
4326,0.00211450993417925
4327,0.4913455201093073
4328,0.9837937961037265
4329,0.022691741087589437
4330,0.09412706791212706
4331,0.03362273158840197
4332,0.02104459060391679
4333,0.026768800545419278
4334,0.13916106710120427
4335,0.041219812906094395
4336,0.041030443524319504
4337,0.07028559138972626
4338,0.06817354191318792
4339,0.4959860689463764
4340,0.08831436294150505
4341,0.029789098863448323
4342,0.125586853422302
4343,0.9805371733788245
4344,0.8832396724730034
4345,0.03251415360647239
4346,0.010888868319017335
4347,0.043227560456356305
4348,0.07168101814550731
4349,0.0034763494288219793
4350,0.0132569462585537
4351,0.01856315193065151
4352,0.98795477394244
4353,0.34956881126939954
4354,0.0827599544710125
4355,0.038657970924169185
4356,0.9609250542645316
4357,0.05762127299932281
4358,0.16623474094739188
4359,0.0053566216437078255
4360,0.9544749490158914
4361,0.40183391966370513
4362,0.7987169693975347
4363,0.03884662215595824
4364,0.8690965768065925
4365,0.19383569474085013
4366,0.1296606621232889
4367,0.9684846461004666
4368,0.0021738419119082444
4369,0.04141797407444915
4370,0.21920831649157907
4371,0.08624384928598805
4372,0.9984966804197766
4373,0.025975998844470854
4374,0.07974934776089919
4375,0.67164567214672
4376,0.04685104837754499
4377,0.13979970353346724
4378,0.969437344502088
4379,0.9987274589600653
4380,0.08234433168496348
4381,0.02431524141396932
4382,0.09000782928326856
4383,0.3020971627537861
4384,0.863285329726049
4385,0.04629806285823229
4386,0.1144266422272433
4387,0.0017463313587152867
4388,0.06717193269643902
4389,0.040163694535309644
4390,0.7730685998415499
4391,0.057747786332441556
4392,0.9299549206656349
4393,0.09028190768932037
4394,0.45231418487148284
4395,0.029189824239573687
4396,0.7870920301354998
4397,0.0021947425956964947
4398,0.998261154621673
4399,0.08497927247593097
4400,0.9320187135519019
4401,0.2589074820968566
4402,0.09853688601462998
4403,0.009997141888168453
4404,0.03498351686883704
4405,0.10283175373934013
4406,0.0022217572807885404
4407,0.0595166148250525
4408,0.29285751909287644
4409,0.12810456602034673
4410,0.012986045442595368
4411,0.0020674236141890725
4412,0.014103214490388255
4413,0.036093975308470985
4414,0.734923708379133
4415,0.028953489242560936
4416,0.2830975669104477
4417,0.03884428272556955
4418,0.01617976514588394
4419,0.2692181261980359
4420,0.022791630895176232
4421,0.006440340171136624
4422,0.0018626070977650485
4423,0.10936554728198862
4424,0.006224169927741916
4425,0.05018566482287678
4426,0.07595229831090919
4427,0.005094025851757174
4428,0.022877475552206757
4429,0.1133364135154914
4430,0.021045806163144557
4431,0.38484480444238944
4432,0.0019106235212977471
4433,0.10013357379093576
4434,0.042163400290595614
4435,0.12611102959973677
4436,0.004488481544652844
4437,0.3650843690839345
4438,0.06556555455453378
4439,0.14428859316975623
4440,0.7750181946636591
4441,0.007152570764725127
4442,0.5496511843847309
4443,0.09264229224514343
4444,0.18126969601230025
4445,0.12870827551259573
4446,0.053313316404329035
4447,0.4084548621832328
4448,0.04152941754790407
4449,0.7413693356395806
4450,0.09355075102065452
4451,0.9225935128441329
4452,0.9528085166452013
4453,0.3595322356893264
4454,0.895052149279616
4455,0.021834963777490002
4456,0.06965244480329161
4457,0.9828308762786269
4458,0.020749283224736962
4459,0.16203880479953997
4460,0.8023616616151673
4461,0.050083040706881285
4462,0.01840943902832463
4463,0.006259300554289765
4464,0.077456417242173
4465,0.015616923619884555
4466,0.0964098927993237
4467,0.9973461418678065
4468,0.9491904613931084
4469,0.03260234550548903
4470,0.09921553152109086
4471,0.011418582515267273
4472,0.22438770669646874
4473,0.20839204397311228
4474,0.33488742562109086
4475,0.9862908639976163
4476,0.18366928138942362
4477,0.03679927646525408
4478,0.8534391386072087
4479,0.16410703761145512
4480,0.6661010085262947
4481,0.08594760107439661
4482,0.023856583084558965
4483,0.9635857255256348
4484,0.02124174026079021
4485,0.03594499611874688
4486,0.957040135216925
4487,0.12325931043711413
4488,0.0566571117492802
4489,0.02120748487610384
4490,0.0757981378292042
4491,0.002098099949202755
4492,0.030059266527870374
4493,0.4311237447494372
4494,0.20404833999394265
4495,0.1725025667354661
4496,0.1694721287789352
4497,0.24200922972610658
4498,0.009900002492791394
4499,0.029042973751134262
4500,0.42704790772247675
4501,0.021076829824494204
4502,0.21965547194862486
4503,0.9848675843866783
4504,0.2884668955018727
4505,0.161926952092549
4506,0.5675341598948678
4507,0.10352833148117636
4508,0.006349987043691501
4509,0.01643248700846435
4510,0.24036863879929538
4511,0.20168229357526318
4512,0.019554050289562624
4513,0.0016363650885453382
4514,0.03598482423261253
4515,0.4477590160108188
4516,0.9568804042102047
4517,0.12298102085126399
4518,0.9807271249481174
4519,0.08349781110506328
4520,0.2156324850853257
4521,0.6031301932327897
4522,0.15641682288941997
4523,0.9540975318847501
4524,0.6463626211919371
4525,0.9607982388579347
4526,0.044632917434301124
4527,0.02274408720100744
4528,0.001998945645572408
4529,0.9795799331754834
4530,0.45868660910682657
4531,0.024953832055906504
4532,0.007945273407312787
4533,0.24495802439434505
4534,0.7848509677096935
4535,0.02792851575292016
4536,0.37200315637893594
4537,0.055267722508895174
4538,0.043550476839175734
4539,0.5246706057992244
4540,0.3193259613336632
4541,0.01377735872671259
4542,0.018398302412496337
4543,0.9827781618443419
4544,0.9804692216963811
4545,0.03912358850819523
4546,0.26075821227100093
4547,0.07698428822386476
4548,0.7891546303569152
4549,0.02968928564942576
4550,0.1020338506631472
4551,0.9381810860821319
4552,0.7435218182825573
4553,0.25713140051849176
4554,0.047172709421349455
4555,0.16044507498319474
4556,0.0451109322144976
4557,0.6336872201222011
4558,0.9776050883861507
4559,0.6494964455008645
4560,0.0020060208838728337
4561,0.007040454089927602
4562,0.9800026367245813
4563,0.013199070327164832
4564,0.04834842832593321
4565,0.15029950958456204
4566,0.09517011265155494
4567,0.4681117976123006
4568,0.004453348369603546
4569,0.01455578316770576
4570,0.010549361658119273
4571,0.025713090702993574
4572,0.12668677306238388
4573,0.02718877469829265
4574,0.49729484483007635
4575,0.012986322789429105
4576,0.14104134742192995
4577,0.23636143267598064
4578,0.066978644062558
4579,0.023009076424780214
4580,0.13546154813580286
4581,0.13518663100965167
4582,0.9427947504264037
4583,0.034929494162914965
4584,0.9613583434429014
4585,0.9028222567199251
4586,0.17261466328039032
4587,0.37985793914521626
4588,0.03691436586121816
4589,0.030693895267218357
4590,0.05097637736779397
4591,0.006012687338890924
4592,0.03882706595487446
4593,0.02126136907438334
4594,0.9649658789615797
4595,0.0340692244663665
4596,0.11446425998713088
4597,0.9777136166933392
4598,0.22193712930045315
4599,0.6753048471484437
4600,0.009867827245191422
4601,0.004549481443043472
4602,0.037138581190658285
4603,0.034733186568527225
4604,0.008716318940269951
4605,0.12953498759460866
4606,0.13744048754533075
4607,0.1135891933778653
4608,0.981323232402956
4609,0.01085953595277267
4610,0.9689854731638472
4611,0.07221459370639703
4612,0.1668498261895512
4613,0.09021189590913994
4614,0.931041492055688
4615,0.9796356731415445
4616,0.03223826363631844
4617,0.31491142144593487
4618,0.9883208234396048
4619,0.7553999318511206
4620,0.9760555423621785
4621,0.050276504558186316
4622,0.5024256312345703
4623,0.06829285393906705
4624,0.32852997473009055
4625,0.00286949108695216
4626,0.1234985006703807
4627,0.07317349815724161
4628,0.9612567306749136
4629,0.13725809853203483
4630,0.07823080869371832
4631,0.9036496646716297
4632,0.07624262190802117
4633,0.8180801063116466
4634,0.020197530593603377
4635,0.050363747539046724
4636,0.07950161223329474
4637,0.967482969517
4638,0.06585249367468432
4639,0.03469995224500601
4640,0.10907222727675984
4641,0.04155406140555768
4642,0.9776989314435618
4643,0.9986770516847505
4644,0.9980148058613937
4645,0.005028884143908875
4646,0.643235161873616
4647,0.10539315059828143
4648,0.030554022587609163
4649,0.5826410766592247
4650,0.00730250753302681
4651,0.744041385025692
4652,0.01364274383364355
4653,0.3049652613232744
4654,0.09316982929930133
4655,0.015848939832466033
4656,0.6651460949565199
4657,0.9710065126988404
4658,0.02033354912342203
4659,0.7369560290226749
4660,0.1539637609184794
4661,0.18643598693543761
4662,0.039671883229577556
4663,0.07433784562671357
4664,0.15527439250544486
4665,0.0025437787892598333
4666,0.5027670002772948
4667,0.01046441341761747
4668,0.044729695710093054
4669,0.018036422616408004
4670,0.33413699415864767
4671,0.9968135840177732
4672,0.15855422554702656
4673,0.006600975318357858
4674,0.005416246539352291
4675,0.9476168469527103
4676,0.025302756939365786
4677,0.04587563266555658
4678,0.01646854719986597
4679,0.9463832520685544
4680,0.06529005691137932
4681,0.027976080646323738
4682,0.022842456360739706
4683,0.5070447847563505
4684,0.016180672025873213
4685,0.6707612369857892
4686,0.4229683785393704
4687,0.015612282521753208
4688,0.04819311665302853
4689,0.07628451267079919
4690,0.03869293738508271
4691,0.24517824659343854
4692,0.06224961957286017
4693,0.9827116746856119
4694,0.026760820175896215
4695,0.5328786161390239
4696,0.11772762669380542
4697,0.4917059670617839
4698,0.9896056695568388
4699,0.06627252142211573
4700,0.5371698242954966
4701,0.11826544792507838
4702,0.008403669728578577
4703,0.34469094066899386
4704,0.016035772265141898
4705,0.10185775684020734
4706,0.041056224349146006
4707,0.006997577007518373
4708,0.10963507883837696
4709,0.032019854150961355
4710,0.30110184883804114
4711,0.9742341771883084
4712,0.30205058333467116
4713,0.023317918583570792
4714,0.004280869359556743
4715,0.09269626159987654
4716,0.001680651583476404
4717,0.04101179356916749
4718,0.7700790803685443
4719,0.3429459388278263
4720,0.01817432112657448
4721,0.1366039782722887
4722,0.9791513295464569
4723,0.8511691846953042
4724,0.05842216148626578
4725,0.010390856247229203
4726,0.1473489072862081
4727,0.08260664245000703
4728,0.1817193417834302
4729,0.013320241078127086
4730,0.007352994473216513
4731,0.006467564152766269
4732,0.10020415370676541
4733,0.9738893101583703
4734,0.020831882391779022
4735,0.013493619511231235
4736,0.9086770575317672
4737,0.21806375353911578
4738,0.8019720313872829
4739,0.38696215369333964
4740,0.9961837706710674
4741,0.013957824701165198
4742,0.9608561092008986
4743,0.045233144648480966
4744,0.11044048889679889
4745,0.2808527245590522
4746,0.06604636149290158
4747,0.05371054974141033
4748,0.0077228762674020224
4749,0.22431343604158824
4750,0.7523531693404493
4751,0.9703147353335196
4752,0.037814530064518306
4753,0.17007291368795652
4754,0.15136083290316735
4755,0.1883412454414785
4756,0.012447124077827885
4757,0.0513130852283223
4758,0.07972769087972059
4759,0.09497802940032961
4760,0.9611766030895239
4761,0.6139073254233456
4762,0.0525203905291347
4763,0.008821258101051464
4764,0.0083644489452586
4765,0.35303978810555814
4766,0.15090479277901372
4767,0.6555243892894573
4768,0.9541652433286387
4769,0.4792786576620267
4770,0.013461864616729685
4771,0.02738245293464182
4772,0.07384344314411233
4773,0.010393123036242482
4774,0.5807289083926729
4775,0.004765951609937918
4776,0.06176355684038956
4777,0.03309253433739501
4778,0.008307896953464433
4779,0.9875783602979744
4780,0.9919755620008479
4781,0.3097211537991604
4782,0.9892876229126977
4783,0.19137534568976522
4784,0.2901075018625239
4785,0.0905420126791012
4786,0.025461428956119955
4787,0.8732018223736953
4788,0.11425008037748921
4789,0.004080430948528164
4790,0.006071885025996066
4791,0.014174612147188494
4792,0.8642625924402142
4793,0.9865256480775187
4794,0.07668722207019221
4795,0.005869699590885709
4796,0.9961309569690594
4797,0.01224996967394548
4798,0.8595342487700458
4799,0.6174242771716046
4800,0.6426418986161113
4801,0.5184754111129041
4802,0.007032774080849825
4803,0.010916603681346495
4804,0.026549567819776316
4805,0.01628482365960278
4806,0.39445210068247627
4807,0.9684776645786761
4808,0.08238668655321951
4809,0.03461777710343792
4810,0.029879311798608945
4811,0.11774353517021953
4812,0.12617593746040479
4813,0.7569106560762617
4814,0.9555686185514931
4815,0.24819890980117695
4816,0.4674155789500254
4817,0.023605250773274227
4818,0.1569810409382465
4819,0.17375457984356624
4820,0.9939323061437616
4821,0.6060843542469325
4822,0.011010420364970755
4823,0.7948605387431584
4824,0.3201738546331756
4825,0.7642899673140034
4826,0.030073304751266218
4827,0.08525421195026586
4828,0.015290852726515357
4829,0.03962744829624151
4830,0.03307410787655095
4831,0.29990722326491853
4832,0.2601633396900199
4833,0.10747086474722241
4834,0.04964782615324848
4835,0.03847626558357717
4836,0.03705465968467138
4837,0.049089762172292536
4838,0.026157345225432414
4839,0.00685890607543391
4840,0.9617407394831138
4841,0.255108738808422
4842,0.9858056113290213
4843,0.052886984290449926
4844,0.12841925317413116
4845,0.09635641506138619
4846,0.014248539198973707
4847,0.9768076482596036
4848,0.7581826241100905
4849,0.004556435692573494
4850,0.41848351653646393
4851,0.0542450939864788
4852,0.4386862641496578
4853,0.7198559671683578
4854,0.6262052013145465
4855,0.2183634453304219
4856,0.6715233180082619
4857,0.14181932226143462
4858,0.10088894680984598
4859,0.05903001257659732
4860,0.08844591934051943
4861,0.8386551194125115
4862,0.04668756946747193
4863,0.019313305652811513
4864,0.7031994437317204
4865,0.24625845432994292
4866,0.005319654061212891
4867,0.1382249930649694
4868,0.15901103870099995
4869,0.0032325808765673136
4870,0.14137700688675334
4871,0.33641044441043405
4872,0.40657877738065534
4873,0.099296788927542
4874,0.9739215463840315
4875,0.2821183820852965
4876,0.02489358814481705
4877,0.027328622969725217
4878,0.8689512216064393
4879,0.67242589945513
4880,0.8042119701085225
4881,0.9480642187411465
4882,0.06535000334304933
4883,0.06929436285090851
4884,0.1372053904501792
4885,0.8295340603845355
4886,0.9767397879234501
4887,0.00635634913570312
4888,0.03604614922590315
4889,0.30268620062714124
4890,0.019218185322057893
4891,0.6675704747045492
4892,0.9886340899350903
4893,0.8800445746270124
4894,0.12121847460536378
4895,0.16829830209710542
4896,0.6305384452435434
4897,0.8764994593493338
4898,0.12938189499854205
4899,0.9332340425370195
4900,0.007281860150669734
4901,0.8555523813045977
4902,0.22525841631203952
4903,0.05269829516301956
4904,0.040607537920359385
4905,0.30825386020419077
4906,0.009202605970705961
4907,0.6825566667564467
4908,0.025917333614900638
4909,0.05149976726398876
4910,0.9586127379314253
4911,0.17645986190011298
4912,0.02604210772913682
4913,0.8876897499964064
4914,0.04723435749360608
4915,0.9752464848866095
4916,0.49765944713423405
4917,0.5945313709456309
4918,0.9825412058655021
4919,0.7038108790967303
4920,0.027013154195506612
4921,0.9734957748157025
4922,0.9821317113871127
4923,0.006763383185043959
4924,0.9714020096063045
4925,0.1405686328558101
4926,0.01596845549082948
4927,0.9120138290349618
4928,0.6083562157670248
4929,0.02210311216367496
4930,0.9804784852823795
4931,0.868453752339089
4932,0.7003620118538013
4933,0.9880233495110472
4934,0.12331914899536073
4935,0.05797340458427895
4936,0.040959815222889544
4937,0.5751587031630663
4938,0.05465245751317432
4939,0.952172059732166
4940,0.019560212135081734
4941,0.010252554612708416
4942,0.4221842385941278
4943,0.008364563705075498
4944,0.026909958890938338
4945,0.11206649643169095
4946,0.11901417243900744
4947,0.05872412328684829
4948,0.1990140531703416
4949,0.8842653681801202
4950,0.4302563319040641
4951,0.17524932063694124
4952,0.22832661758901376
4953,0.17949700574526864
4954,0.6558938772018039
4955,0.5505708837355971
4956,0.11404163444903329
4957,0.12113749641366664
4958,0.9858815795707371
4959,0.5769923469407301
4960,0.0023375018213039416
4961,0.8053200310224364
4962,0.06930239222300133
4963,0.27069385760111425
4964,0.8908955632619336
4965,0.019902506263109274
4966,0.010504478374591104
4967,0.39280840289279595
4968,0.00429246638184115
4969,0.2040597742900523
4970,0.9852341250263692
4971,0.14519313975360304
4972,0.05785764492215433
4973,0.011611413787151593
4974,0.03199353071034953
4975,0.8150987742491045
4976,0.17119942927897727
4977,0.6957380107992898
4978,0.011270770953821996
4979,0.8712283700066876
4980,0.5395903931315035
4981,0.0037878440752340346
4982,0.06942303752508139
4983,0.9522266534617783
4984,0.33718813403745834
4985,0.5288911873538592
4986,0.9907839212376849
4987,0.9864244602390955
4988,0.030552884138388282
4989,0.0017253580038377426
4990,0.00557816350668175
4991,0.5769794105493374
4992,0.007595023398830338
4993,0.05320845003746515
4994,0.13978723129730236
4995,0.015206543737100758
4996,0.9726775131326747
4997,0.01658686804653328
4998,0.29862776858632195
4999,0.5939384622242944
5000,0.020374015954956252
5001,0.011192669281364634
5002,0.06678127169418013
5003,0.5270500245813414
5004,0.4339380595690597
5005,0.10584582992223794
5006,0.03901399843861912
5007,0.7491918282811455
5008,0.9658402696334165
5009,0.05028514826608405
5010,0.0026313886096245736
5011,0.5640209016586353
5012,0.02800952872706089
5013,0.09274095006736063
5014,0.11944236089007663
5015,0.6804691712570804
5016,0.8982896859309893
5017,0.45584682712516006
5018,0.9633374478613189
5019,0.9683955387693248
5020,0.01753907689219347
5021,0.21664610165516401
5022,0.013746735691617103
5023,0.00168829795813207
5024,0.3241144464871692
5025,0.06361910499850025
5026,0.03786672312488097
5027,0.08655460128621704
5028,0.9976313973929869
5029,0.8815576049073239
5030,0.008481188372480202
5031,0.03585179542843457
5032,0.14310592321508475
5033,0.9585245526799738
5034,0.9155108188130131
5035,0.014129260939354626
5036,0.015033936742272252
5037,0.0023453170457061203
5038,0.01608293500091422
5039,0.3592018260240831
5040,0.9208812462583335
5041,0.17137350233966556
5042,0.96500553078961
5043,0.04509609390570317
5044,0.014194088898241754
5045,0.36405056330452085
5046,0.11707867458293714
5047,0.0025807199498142815
5048,0.3906913330102256
5049,0.17522737364406096
5050,0.08580907846091457
5051,0.7828198087359062
5052,0.013366535234253574
5053,0.13808011113003296
5054,0.11833610228981668
5055,0.024054951126025657
5056,0.9453175755704628
5057,0.014045175903029505
5058,0.968616511123938
5059,0.09136932340697107
5060,0.13657760508948474
5061,0.03562847629569535
5062,0.01963959374932616
5063,0.01357642441264389
5064,0.034061600448226474
5065,0.34918283021122726
5066,0.5657816388972025
5067,0.06429199870301854
5068,0.9720818698697313
5069,0.6034121197951712
5070,0.9732852430900787
5071,0.0742038563445564
5072,0.025647301716479637
5073,0.027027040332565967
5074,0.009075723540691452
5075,0.5531842499304901
5076,0.4204913989670853
5077,0.08727366102761813
5078,0.17440937645734494
5079,0.9769903608118204
5080,0.022277205040279347
5081,0.0034247195081817438
5082,0.0833885908935573
5083,0.06239089321154889
5084,0.0027363739138725677
5085,0.9665290178609944
5086,0.9983577651221022
5087,0.008661890711471965
5088,0.05911684812692046
5089,0.012757964716867654
5090,0.35054129632407277
5091,0.06167115780799569
5092,0.9957345255252849
5093,0.38877301440619805
5094,0.05768059633324871
5095,0.0896144131118511
5096,0.020876935038699067
5097,0.02300327190803495
5098,0.17298154727594878
5099,0.002804770302339014
5100,0.07030010829575267
5101,0.3314347048036945
5102,0.6528605024888775
5103,0.015490609647938709
5104,0.008836729983739333
5105,0.05091877719648092
5106,0.9982051174062505
5107,0.9773354485036014
5108,0.5311273307593585
5109,0.9238899630715096
5110,0.015501136294607434
5111,0.9533024461008616
5112,0.909409430401972
5113,0.20795984108578683
5114,0.9439522052177851
5115,0.8778299796788384
5116,0.384363095527976
5117,0.8201199481930667
5118,0.8142847433818436
5119,0.0349591009845493
5120,0.9434631394869587
5121,0.037197495471092155
5122,0.04107170292517876
5123,0.8741822679332971
5124,0.009814733952163274
5125,0.9673887710834445
5126,0.10353039187390443
5127,0.5557469862337268
5128,0.06762892385091376
5129,0.42339099392128643
5130,0.031778190396891
5131,0.02413362479358739
5132,0.14286923187255052
5133,0.17984739284672632
5134,0.6553949527016922
5135,0.5022022789782264
5136,0.0042876062308267095
5137,0.7278662714199964
5138,0.024692236783530153
5139,0.17520190287883416
5140,0.07046170087056966
5141,0.19589363880456898
5142,0.15785639364396303
5143,0.004889933491829812
5144,0.007698769673605665
5145,0.0025601580736377898
5146,0.03776350177213959
5147,0.018570337373977466
5148,0.03702705784107124
5149,0.011429659679428487
5150,0.2806993312873844
5151,0.8158236869624808
5152,0.07875595684894766
5153,0.041285915931474314
5154,0.9824497895653473
5155,0.10737639804513123
5156,0.006336463625942634
5157,0.020278426222681445
5158,0.010464346194126124
5159,0.04407467017786401
5160,0.10167797608683293
5161,0.03087108743452887
5162,0.0060978100084293965
5163,0.12345434966728826
5164,0.024356786465554368
5165,0.24079305959804614
5166,0.4586404043599027
5167,0.09418623210059926
5168,0.08006119589201142
5169,0.0648516240151878
5170,0.15845396985062046
5171,0.813935886785942
5172,0.643900488341263
5173,0.0647599408301242
5174,0.027906498284419722
5175,0.9986246450911168
5176,0.3771652851107839
5177,0.9740348674001883
5178,0.9431307047833871
5179,0.9680148968312201
5180,0.02118772336627625
5181,0.1503498035600286
5182,0.22317363258798603
5183,0.0025572560285748868
5184,0.16015061867043048
5185,0.05089449259008362
5186,0.0021043387966223786
5187,0.04769139300266943
5188,0.991323480168549
5189,0.02914653711439006
5190,0.08142216179272024
5191,0.29815078731967987
5192,0.10014183832847066
5193,0.337952245872587
5194,0.3618374977691873
5195,0.39189750648657923
5196,0.06605519777370777
5197,0.01792332209027302
5198,0.024508900151295913
5199,0.007899942756387132
5200,0.0031652418653285628
5201,0.12399639747965378
5202,0.08870888231913182
5203,0.017236094183188878
5204,0.1863081473081321
5205,0.008218312246007798
5206,0.06621168507257036
5207,0.6352663124437677
5208,0.014937607031561226
5209,0.5193332120093517
5210,0.9757033941573486
5211,0.932558403544364
5212,0.2912577356822302
5213,0.13737139411659605
5214,0.023449427132067165
5215,0.7015919990612806
5216,0.9031934953092616
5217,0.02205117416907945
5218,0.521935722528733
5219,0.0026203768634884867
5220,0.9351967413561494
5221,0.026341009736403055
5222,0.04377254920890872
5223,0.2320534893211899
5224,0.6709969287620057
5225,0.007601556675784127
5226,0.9756329959277297
5227,0.8354497339238021
5228,0.8898841107202607
5229,0.9944980715899254
5230,0.034002696675184796
5231,0.4486005522212298
5232,0.9540223018703692
5233,0.03080117133090903
5234,0.04771933713182658
5235,0.014273622785972356
5236,0.009840006079218502
5237,0.9328681652209502
5238,0.14429509568151333
5239,0.030382626935494803
5240,0.021027073527027932
5241,0.03007732579147643
5242,0.028961908001502692
5243,0.061296730900456405
5244,0.991218252752372
5245,0.5359635100126102
5246,0.10844539953853881
5247,0.05272168101259396
5248,0.05222692271991361
5249,0.23324462436048085
5250,0.2889335961704888
5251,0.32192536280154727
5252,0.47111039144758843
5253,0.005957174724694469
5254,0.02872542576631488
5255,0.27049882383798035
5256,0.005578292008068009
5257,0.270916000436442
5258,0.885909738744815
5259,0.7488928130379567
5260,0.0692385829491849
5261,0.021417316568251955
5262,0.7313064959106734
5263,0.008660489459614742
5264,0.24933120094796582
5265,0.05873129382684552
5266,0.9772790367535039
5267,0.0029071104255555015
5268,0.163221066705507
5269,0.013689950532501244
5270,0.24618482002842088
5271,0.12027523191464544
5272,0.9580541082086238
5273,0.010630014689041397
5274,0.4052035752130204
5275,0.7913377836741066
5276,0.16341945773384386
5277,0.8128610380637544
5278,0.20615194632805917
5279,0.014509691247045686
5280,0.014130697462744143
5281,0.0032146357395585147
5282,0.9837418713900611
5283,0.05128229135007481
5284,0.015055114549880119
5285,0.006936918359833165
5286,0.02230489509762089
5287,0.07859778998022503
5288,0.06086794120284549
5289,0.06687610799774972
5290,0.003832056572445449
5291,0.9856557951847228
5292,0.4651812548182294
5293,0.14570068976635508
5294,0.8525437057915307
5295,0.0227228916904455
5296,0.1271114116677147
5297,0.005238784050986071
5298,0.29357721074988863
5299,0.002377548459422306
5300,0.015168459616925822
5301,0.4059706870502927
5302,0.5351115935300115
5303,0.11944931436302195
5304,0.09726502908058712
5305,0.049315886990646256
5306,0.10182576244858746
5307,0.9345150468286889
5308,0.07570246305688441
5309,0.08438958328396179
5310,0.02547847680670253
5311,0.8591527308784129
5312,0.1634844119251596
5313,0.03233489103585599
5314,0.7723739913789026
5315,0.20251685636985925
5316,0.09096953138269132
5317,0.0865063711115364
5318,0.006047628884669074
5319,0.6830698112621302
5320,0.07284744342200189
5321,0.0701668854526804
5322,0.11124379974813928
5323,0.03151382125536569
5324,0.9027004017829987
5325,0.14854589120744954
5326,0.0037857816271470203
5327,0.026790237572701495
5328,0.07308608844540054
5329,0.9551829727007902
5330,0.011180771663056038
5331,0.11027813139416395
5332,0.006856133883645062
5333,0.0345171067938518
5334,0.9633282926080678
5335,0.5403759454044009
5336,0.007190834486727197
5337,0.03354116080955989
5338,0.43267786012175136
5339,0.08736730679964311
5340,0.014533332075533369
5341,0.004442650432837993
5342,0.9685120473109791
5343,0.078467020033197
5344,0.026034596117850965
5345,0.009891479829126316
5346,0.25502169644764766
5347,0.9514006162602636
5348,0.050355115771041584
5349,0.032343412934494414
5350,0.8223555466782062
5351,0.9943918316120309
5352,0.7458894771194802
5353,0.03755369197245087
5354,0.21650016051217744
5355,0.8222916467057342
5356,0.024650087796363993
5357,0.21867819587578358
5358,0.9975428400521218
5359,0.00841390310755305
5360,0.046339465819602785
5361,0.8118232639602913
5362,0.10836342218861139
5363,0.007922597764622964
5364,0.0056049663263995474
5365,0.9799249648930807
5366,0.0025185646362759074
5367,0.003218100739787678
5368,0.9089287641358825
5369,0.8583694883968161
5370,0.029402905145002826
5371,0.03434924109996301
5372,0.014645181346204291
5373,0.21749344911441817
5374,0.006498918414703834
5375,0.023667883638000688
5376,0.07400608844631869
5377,0.013226639369682854
5378,0.047509453628349435
5379,0.2794860428044031
5380,0.4440963997263065
5381,0.03123499298686988
5382,0.22647197232432056
5383,0.10593191018275493
5384,0.06775920312986486
5385,0.03958475435448735
5386,0.017176720828182782
5387,0.6911769958786614
5388,0.014331606357693856
5389,0.9594921523113582
5390,0.5372276392124267
5391,0.01146148142149174
5392,0.005354906365170241
5393,0.9784190670473586
5394,0.050146372261003706
5395,0.7723293991754828
5396,0.07901043905102242
5397,0.26405959191260403
5398,0.15599691730411908
5399,0.27709325089539655
5400,0.018453287085430665
5401,0.3783417757348707
5402,0.012169083299053491
5403,0.09350767004845892
5404,0.03238115031806741
5405,0.042668644296994976
5406,0.8901058117983398
5407,0.831443660587604
5408,0.015183369459471728
5409,0.013479895600137954
5410,0.20668747078904232
5411,0.2192448411956576
5412,0.9500448445780438
5413,0.06968070743410915
5414,0.005262197849809641
5415,0.9946014332408449
5416,0.03696595909677965
5417,0.07979296096923226
5418,0.06744957969813276
5419,0.3597773939908513
5420,0.04241218266355176
5421,0.05406530120317803
5422,0.08225258369607998
5423,0.03831997551554692
5424,0.977565677905779
5425,0.9750256766984852
5426,0.03198514273744021
5427,0.017088351641824207
5428,0.008518071388082995
5429,0.002395780961831296
5430,0.5646284732763136
5431,0.0448768075262575
5432,0.7855864002684199
5433,0.17377454920459912
5434,0.9695134994638638
5435,0.6424509789702201
5436,0.9864893428813094
5437,0.029764855622338857
5438,0.17928126288835303
5439,0.4502798811719168
5440,0.9402007888365103
5441,0.008718760429140592
5442,0.033712098106007615
5443,0.4495416860357326
5444,0.012610920113204522
5445,0.873676801758884
5446,0.10675580957067671
5447,0.1581927897020486
5448,0.040705229766680374
5449,0.003490790710149904
5450,0.9821621031158213
5451,0.0032633773913165456
5452,0.9614714468044319
5453,0.132837428024197
5454,0.052129677818027215
5455,0.9520465100185664
5456,0.010199476850496714
5457,0.039384208651253055
5458,0.005023158452711127
5459,0.9446633348999587
5460,0.9749061173898177
5461,0.018533694194727515
5462,0.029265551065970695
5463,0.033661280481330505
5464,0.009580213330743312
5465,0.15927810539842407
5466,0.8216160288455174
5467,0.9932110284767399
5468,0.07127172370847859
5469,0.06730438944258957
5470,0.9956850132176647
5471,0.36084393627126304
5472,0.07554187546943544
5473,0.0038163825166288422
5474,0.23711209062781094
5475,0.0072178049753909715
5476,0.04380250184626178
5477,0.9199190260244081
5478,0.20422797655220903
5479,0.9595128748772037
5480,0.06914557690920176
5481,0.07360120095923435
5482,0.014315954086745951
5483,0.37905016507392
5484,0.7507362517851028
5485,0.18594294788299068
5486,0.04326501443528623
5487,0.3862776180999247
5488,0.2855393393170925
5489,0.18603376806576222
5490,0.03894060949250738
5491,0.7667474426147403
5492,0.0679669907564785
5493,0.017058652569826735
5494,0.7763045524469933
5495,0.8133243780111112
5496,0.010314864244508537
5497,0.17137500487466278
5498,0.032492478965223164
5499,0.005335476776908608
5500,0.004334740089860002
5501,0.16285745748563435
5502,0.020628637290129218
5503,0.0539423785215964
5504,0.988145481050515
5505,0.9843185916133446
5506,0.02751781991001371
5507,0.26873917817846743
5508,0.05462644791794678
5509,0.9879665781603175
5510,0.009557118343009638
5511,0.9937460462526144
5512,0.004847864967948522
5513,0.029692180022266063
5514,0.291931160966199
5515,0.005879384771026606
5516,0.053390447682788514
5517,0.10417418216477081
5518,0.2430982440452578
5519,0.02298627900398186
5520,0.028057111762995086
5521,0.9973593705230497
5522,0.82915942031587
5523,0.19595772463897415
5524,0.9803037975452548
5525,0.09088884036606533
5526,0.07797223153501515
5527,0.893765762698961
5528,0.00819379338261133
5529,0.022531273497430802
5530,0.09133560229156366
5531,0.048469071161220116
5532,0.11158904731428863
5533,0.07942969755033313
5534,0.2733192309033409
5535,0.03717041435340623
5536,0.08951039590512654
5537,0.050118957831008906
5538,0.0073998032372799534
5539,0.05360229555227853
5540,0.7942841184455598
5541,0.006314868959999768
5542,0.19543827823424037
5543,0.005524752329512216
5544,0.010632859732253407
5545,0.8641415738088326
5546,0.5417254504365743
5547,0.06354785781476922
5548,0.054033471102650416
5549,0.9912294996874635
5550,0.03523835892041364
5551,0.14360786900589978
5552,0.03949408406007155
5553,0.045991024548481196
5554,0.47645041454786824
5555,0.08288390237924337
5556,0.09802981744287702
5557,0.6019630028753093
5558,0.9787157417221866
5559,0.08728103159945316
5560,0.9794393977650424
5561,0.596405964095917
5562,0.012117694381995166
5563,0.08398802800423356
5564,0.012769931403371446
5565,0.986624336837403
5566,0.4129690824496688
5567,0.023993724227157173
5568,0.03489911137664362
5569,0.06722275521478005
5570,0.986341656135794
5571,0.0266954365334574
5572,0.001994688244032731
5573,0.04655751855441614
5574,0.8163448935822819
5575,0.365855550933369
5576,0.033152723786102026
5577,0.03393420264783645
5578,0.19790929067740726
5579,0.013775401490613815
5580,0.9882755213700637
5581,0.19319876007309347
5582,0.015199937422739103
5583,0.016533804073114118
5584,0.5432506844052527
5585,0.015815249536262902
5586,0.33618869985957506
5587,0.7229660511985537
5588,0.2375346477445675
5589,0.1722058935718744
5590,0.04649123793798455
5591,0.02131092585724317
5592,0.49504492838742287
5593,0.006836627203532852
5594,0.03145145921798996
5595,0.066727193641079
5596,0.5910972613556346
5597,0.9627768111320585
5598,0.03885038250313455
5599,0.923626644010168
5600,0.9748917790684793
5601,0.08717938246241097
5602,0.08615815538900128
5603,0.5864645691073705
5604,0.007153303227051472
5605,0.751884157567839
5606,0.17079124410667681
5607,0.002993019140564516
5608,0.4327651647271081
5609,0.8281575187408812
5610,0.04795399317852442
5611,0.0673775597038189
5612,0.04950629193093426
5613,0.19400284484768165
5614,0.154217254938054
5615,0.0022996818129150717
5616,0.046720473223870206
5617,0.8722775730669812
5618,0.9973323739004426
5619,0.12650952285759987
5620,0.03820363170026804
5621,0.20710136951045513
5622,0.019506602307118006
5623,0.0037174917421582167
5624,0.10020296962083833
5625,0.7328083356568462
5626,0.1277939000308406
5627,0.9963986674999822
5628,0.050341431961634424
5629,0.1739801205050502
5630,0.9799409009702138
5631,0.016832155945043465
5632,0.02858442411157203
5633,0.006177852003763594
5634,0.5014054952431755
5635,0.08289256254008373
5636,0.003075983814636376
5637,0.12933928439024905
5638,0.751996098502408
5639,0.0031993371868337963
5640,0.018414829268757142
5641,0.1381877602413532
5642,0.03033968699694219
5643,0.8217344361513401
5644,0.059144885721741196
5645,0.028015979442372423
5646,0.771050676795455
5647,0.049799062197522066
5648,0.024110402641513887
5649,0.044736885105037705
5650,0.008980560210961632
5651,0.17339170979391522
5652,0.03607021392447538
5653,0.01054923607994935
5654,0.009892714658810106
5655,0.9696015061661288
5656,0.203013824836405
5657,0.1927343781668644
5658,0.016150620828373406
5659,0.10243908247702008
5660,0.025474116920930243
5661,0.8723008301539257
5662,0.04178847614841893
5663,0.21654606271455143
5664,0.0086003563662543
5665,0.9443571948551223
5666,0.0857018627833433
5667,0.9462571092699754
5668,0.99761380088583
5669,0.2747328785591752
5670,0.8898252101261883
5671,0.07631044850853863
5672,0.0237425162475713
5673,0.32182395087745763
5674,0.8710567207043197
5675,0.22926618536770305
5676,0.995588718884398
5677,0.06089677384668902
5678,0.09884255423263753
5679,0.9853036214914934
5680,0.01899388553321956
5681,0.04507351233281542
5682,0.4783837389141906
5683,0.18235355118312158
5684,0.0570874749921978
5685,0.10889838548841288
5686,0.0995503592503883
5687,0.18367449475784864
5688,0.02967947784219295
5689,0.029309121790821315
5690,0.01567895632452456
5691,0.009833003467519977
5692,0.027265244900854115
5693,0.26614088196463553
5694,0.04949195555258335
5695,0.40629351838056704
5696,0.4132956899776261
5697,0.26841516946296307
5698,0.047368632601025216
5699,0.38287948156599194
5700,0.06767315093580026
5701,0.9836832877794848
5702,0.08919407120389101
5703,0.2990153000049312
5704,0.8817986881539459
5705,0.6608110338653576
5706,0.09277769464992545
5707,0.025452093014066812
5708,0.10300698121581299
5709,0.907530943541822
5710,0.9634208124007375
5711,0.07808717799680047
5712,0.0030185571490876045
5713,0.013057521556443227
5714,0.2661546253353336
5715,0.024915593599023372
5716,0.0029726907198314514
5717,0.9453422825718151
5718,0.9530078961841335
5719,0.002323862882995493
5720,0.4172296074709773
5721,0.0033370446627738505
5722,0.9951817958016909
5723,0.6150684409554179
5724,0.021537425388225034
5725,0.05657214923945956
5726,0.3323062784311246
5727,0.9741155105410836
5728,0.834635907811974
5729,0.006722523954029576
5730,0.3184083018211255
5731,0.9791433466277258
5732,0.016992511861135068
5733,0.23928584621468904
5734,0.9966112424617022
5735,0.021023226333927506
5736,0.0021425580090074286
5737,0.9414085079936455
5738,0.8913715319947404
5739,0.009731674756679517
5740,0.2070414232867681
5741,0.0693056533809285
5742,0.11545642586714747
5743,0.9203312067932679
5744,0.2642372600963423
5745,0.006336581835002677
5746,0.028417408536020653
5747,0.07610773194688407
5748,0.0703167306016203
5749,0.3489965505040624
5750,0.9760153343177197
5751,0.004015927394361815
5752,0.11047888815900425
5753,0.0192117671145919
5754,0.006242291144156455
5755,0.03885681297040701
5756,0.00662767213043854
5757,0.21582299133412222
5758,0.9321434199453216
5759,0.25835875891846805
5760,0.017646229666907546
5761,0.004557975733454127
5762,0.4498766224221971
5763,0.9628432971907732
5764,0.0018246439025448328
5765,0.6960671987368553
5766,0.9873000304719594
5767,0.04356516863014907
5768,0.8864582630185434
5769,0.004226675251703908
5770,0.10181795476174185
5771,0.997758332440183
5772,0.1785885638471815
5773,0.674494623732964
5774,0.9639734047358157
5775,0.11303661215034244
5776,0.8598593304262157
5777,0.003225578632502806
5778,0.03940628608472735
5779,0.014499816602814637
5780,0.042176251404577536
5781,0.37324777891789035
5782,0.07237038198423994
5783,0.4583524554239817
5784,0.9629208160697805
5785,0.7809792608118984
5786,0.0020634161343809116
5787,0.07966992711386339
5788,0.9775622184777025
5789,0.03800824877137017
5790,0.9846741455929667
5791,0.9982827028764151
5792,0.042052176002934476
5793,0.25051908501117703
5794,0.11832126548525919
5795,0.10266767228763951
5796,0.10628043002185747
5797,0.943763521415327
5798,0.9896038961895718
5799,0.023734539853815524
5800,0.44369639324225396
5801,0.2846071351405176
5802,0.9652127060365814
5803,0.5051708102010899
5804,0.056333787372622166
5805,0.09770883011986199
5806,0.9263838713323169
5807,0.02407131950649816
5808,0.9983612663518697
5809,0.013351579797044029
5810,0.050168038608000155
5811,0.9629645869391066
5812,0.9866728965735818
5813,0.9814902597461781
5814,0.9642367128606032
5815,0.958902392487072
5816,0.937449586358472
5817,0.9480855407761133
5818,0.02939596372506485
5819,0.9943186920768584
5820,0.29221206500226043
5821,0.019918816290596265
5822,0.9981396889376926
5823,0.011798801006490077
5824,0.8703435229262055
5825,0.05422613480910486
5826,0.02902374561231602
5827,0.01589473314903124
5828,0.9498409051348916
5829,0.2744080172841592
5830,0.06776925014986813
5831,0.08980211742781623
5832,0.5030545009204419
5833,0.21980974953089044
5834,0.06631058008214902
5835,0.6707214569505447
5836,0.11038561782702597
5837,0.5823441650244188
5838,0.018412529930572075
5839,0.0042413701184552625
5840,0.005880658688983861
5841,0.9479769315590332
5842,0.07500850962221842
5843,0.181634395060384
5844,0.1388419686791054
5845,0.5679471377112267
5846,0.935931447533241
5847,0.1960357812617735
5848,0.10321740831564165
5849,0.0832372980878399
5850,0.98972661948225
5851,0.9389801804210061
5852,0.8707094767169219
5853,0.09884802007643376
5854,0.8590804825044983
5855,0.007483196750255952
5856,0.129358883632086
5857,0.06674845318370998
5858,0.5881489531399555
5859,0.029621687378123807
5860,0.9684219586686108
5861,0.016860083613927202
5862,0.6530822227833873
5863,0.11955074439161682
5864,0.18896244668859666
5865,0.14406037084004605
5866,0.06272440208061943
5867,0.08739742268848266
5868,0.07122598545109943
5869,0.06062631504274921
5870,0.0027197423353853014
5871,0.12786256114401615
5872,0.008254685790333541
5873,0.10176034589982658
5874,0.9918113713337029
5875,0.9982146238918755
5876,0.0552443767904046
5877,0.9694337010226732
5878,0.16144697400958127
5879,0.03351279643682588
5880,0.3166496537758439
5881,0.17916014079975326
5882,0.0194284952521732
5883,0.18364294689035937
5884,0.7339785785160314
5885,0.008754688553891202
5886,0.562085870794049
5887,0.9374925120937112
5888,0.5588984952984272
5889,0.9533954606247403
5890,0.007911742370190074
5891,0.03703410914443712
5892,0.5546922126187216
5893,0.03968508863449569
5894,0.0445764849741211
5895,0.10444669114071692
5896,0.012647440933966346
5897,0.04848689422306527
5898,0.7049682338172429
5899,0.12129341434061489
5900,0.09455020484776101
5901,0.6673679924504173
5902,0.69527720207488
5903,0.9603479504475148
5904,0.9822013008986992
5905,0.45703563388924995
5906,0.04534290743907013
5907,0.9886289454019325
5908,0.026700303291485754
5909,0.07033943124778234
5910,0.15436054163247942
5911,0.11428483089860295
5912,0.9721329601963798
5913,0.005011736581928803
5914,0.0747064098941689
5915,0.1628925325375162
5916,0.008853901618704831
5917,0.01109707108053994
5918,0.9610254809287793
5919,0.0820800050276411
5920,0.977513578587283
5921,0.054667592163980094
5922,0.0699433955424686
5923,0.0763310652345376
5924,0.2713429239046919
5925,0.08361876560848727
5926,0.983061634516692
5927,0.1856713044932439
5928,0.056295815852957384
5929,0.006329299485287619
5930,0.09731922058418255
5931,0.9140641591697363
5932,0.0430759764097621
5933,0.9388134209685096
5934,0.528768400796624
5935,0.18933103880276866
5936,0.007730968675851262
5937,0.07565667113793167
5938,0.3479494575642434
5939,0.004884998931665397
5940,0.958856832365248
5941,0.05762422772394589
5942,0.10008819327643513
5943,0.11207363315181718
5944,0.4432389918696891
5945,0.9855328092350633
5946,0.06144461723715198
5947,0.06641366771686408
5948,0.08085276922274111
5949,0.7094285573271388
5950,0.009394326872387376
5951,0.4705751771318289
5952,0.09674777717443338
5953,0.4443101911170218
5954,0.49853996314927534
5955,0.025562104785096677
5956,0.9310678054090733
5957,0.8247136709186788
5958,0.7676920188490246
5959,0.24912823539004222
5960,0.06001901689743063
5961,0.004223250327027494
5962,0.237851802684252
5963,0.005143435054010909
5964,0.8882762575311768
5965,0.1567447524477277
5966,0.03211403159160531
5967,0.005706147995530192
5968,0.06669691384134682
5969,0.705221014222519
5970,0.959305094381575
5971,0.04081385452087832
5972,0.9284701318349489
5973,0.11050233948623267
5974,0.8428804580221267
5975,0.6104628835430159
5976,0.005723018358170176
5977,0.29528536520593923
5978,0.2568693208914343
5979,0.9316224339487953
5980,0.2651587804228976
5981,0.29929119491660683
5982,0.041828577052661804
5983,0.02126342526772081
5984,0.9305743413998365
5985,0.03861057834927682
5986,0.14904347815253366
5987,0.02286651958141616
5988,0.738499582977204
5989,0.8979275091778471
5990,0.01946656208667613
5991,0.9824340744908664
5992,0.07960409778722163
5993,0.49459474182483765
5994,0.019351655710561307
5995,0.04344814546036185
5996,0.04577316190916072
5997,0.9479452119091165
5998,0.7896049265109425
5999,0.8497941063495562
6000,0.03561327570675823
6001,0.7080050273300864
6002,0.6481151143319431
6003,0.3893964936248285
6004,0.05969767806956301
6005,0.004719741961158598
6006,0.7241690035237319
6007,0.9637164966522159
6008,0.6427335993141394
6009,0.9394460331331284
6010,0.029686228250117193
6011,0.9575901345501092
6012,0.09556636959849878
6013,0.18125685220674378
6014,0.02032235357780838
6015,0.06710616490961932
6016,0.06395094714668931
6017,0.03157944573357446
6018,0.9976883373024579
6019,0.020845115131113354
6020,0.9775597782839767
6021,0.3529080872194174
6022,0.9740432386266337
6023,0.8757444324193969
6024,0.01946134800842266
6025,0.09621198180436483
6026,0.05521735830446525
6027,0.3412426766238573
6028,0.0697916454734909
6029,0.7082348343273269
6030,0.029193899020615324
6031,0.025300575528411414
6032,0.06028843519167942
6033,0.016765114749493153
6034,0.35671596442723585
6035,0.1777257841011237
6036,0.9537108998945069
6037,0.5968129736792925
6038,0.9105095144275073
6039,0.0062057559713865305
6040,0.06064718586177989
6041,0.9727854986275432
6042,0.9680485631484856
6043,0.8489989086035303
6044,0.9545938129251954
6045,0.9110395910503128
6046,0.011316970984164298
6047,0.07799476610653398
6048,0.29916826907161886
6049,0.5464759406322857
6050,0.017877335274864414
6051,0.18296782702072312
6052,0.07647198213134787
6053,0.002059116176653337
6054,0.01854824400472454
6055,0.07211621865744322
6056,0.15642261548761321
6057,0.017623700539555386
6058,0.16200835502141042
6059,0.8096259117323985
6060,0.015832337328341148
6061,0.35478505122494386
6062,0.0556543871892277
6063,0.9522472610337936
6064,0.008625054163234941
6065,0.027709334831400003
6066,0.15964533229729372
6067,0.011478767994790275
6068,0.6005991155229569
6069,0.002846072186626198
6070,0.032349493231924854
6071,0.017184969963386042
6072,0.9981315485450702
6073,0.014711774931068665
6074,0.1862554336444611
6075,0.06501343199097082
6076,0.12156083663980766
6077,0.07724756520959183
6078,0.34823675633269185
6079,0.036940416908493354
6080,0.7993704733149332
6081,0.00859988296202801
6082,0.7349915445001151
6083,0.011694611070193534
6084,0.986297975603907
6085,0.16843146130069997
6086,0.0362497362829091
6087,0.04420880346553269
6088,0.19621471704582252
6089,0.0707510090672054
6090,0.030579444970656837
6091,0.05896027352746859
6092,0.9758990894891865
6093,0.30989363219909233
6094,0.03486319397301825
6095,0.42583771084265254
6096,0.9608123948224235
6097,0.05210665715646148
6098,0.002292721402530148
6099,0.9298695103159348
6100,0.9749937962841704
6101,0.8165794414830896
6102,0.08520616635642606
6103,0.2230294216680196
6104,0.07719400847701725
6105,0.0074538669063084475
6106,0.0228651551603665
6107,0.7377279173770792
6108,0.9777339027075707
6109,0.0038726275034207383
6110,0.300063416375397
6111,0.9588019117097899
6112,0.013464513181281133
6113,0.005286367597212081
6114,0.03202355567158849
6115,0.9626373230464792
6116,0.7171815192404599
6117,0.005711425024292367
6118,0.06113753143052069
6119,0.7019056387583592
6120,0.41154559107094607
6121,0.010503466484321607
6122,0.04015300803843988
6123,0.8868551745703807
6124,0.09788218010285624
6125,0.5682480860458217
6126,0.00299644671378702
6127,0.8985957904511721
6128,0.0059619145379126975
6129,0.8991954856482873
6130,0.03207200054232703
6131,0.037698078957392606
6132,0.9590277365363704
6133,0.10235919164073652
6134,0.548715978795835
6135,0.04373082384980947
6136,0.8473504835156135
6137,0.11867809969371808
6138,0.012963176402185389
6139,0.1461718317746097
6140,0.03642856292449301
6141,0.9981544560446367
6142,0.8806057402981656
6143,0.8612014707715409
6144,0.027643392397705115
6145,0.9735386908571543
6146,0.6287405071365589
6147,0.035814265958723134
6148,0.7291509031656778
6149,0.2202571339606497
6150,0.025221687464381394
6151,0.05197539038260053
6152,0.03658657128833089
6153,0.024828870979001688
6154,0.8078118355158381
6155,0.016096139866137876
6156,0.34742117894894264
6157,0.05081349778195645
6158,0.1645918856840295
6159,0.03563801379460486
6160,0.636782994248849
6161,0.5474152751298009
6162,0.9622330871846296
6163,0.8394531839400482
6164,0.025436695565297384
6165,0.26686769504980673
6166,0.9548468433632941
6167,0.9909924001104959
6168,0.8136274595077488
6169,0.39610999993865337
6170,0.7697373483097203
6171,0.15572203484948935
6172,0.8240586697781044
6173,0.10923365645224979
6174,0.40223113304056
6175,0.775242108229315
6176,0.013932240992041621
6177,0.07335236297472374
6178,0.9261951107326396
6179,0.08558309452472679
6180,0.6861702967112016
6181,0.9608776584321959
6182,0.15956049715994336
6183,0.033532076974484785
6184,0.1444418616858021
6185,0.6021102586056194
6186,0.3671536025858639
6187,0.003726581185638263
6188,0.044519216229975234
6189,0.16019015022226257
6190,0.11994958519031693
6191,0.9980764224772575
6192,0.21728141311824542
6193,0.03129782637643802
6194,0.9856177561968688
6195,0.012892976559175182
6196,0.9744363340226383
6197,0.9855709407286541
6198,0.8313794751833448
6199,0.03822074019390003
6200,0.9751279812111764
6201,0.00919451155262722
6202,0.016277239638592213
6203,0.018140843732799637
6204,0.15363694164049685
6205,0.023758252453015296
6206,0.027876892270952927
6207,0.028732317836109217
6208,0.9844256843275319
6209,0.24155801280397374
6210,0.45086676033744166
6211,0.9397426320351154
6212,0.01370325566429463
6213,0.009196378604973058
6214,0.49621698056478164
6215,0.050832682516730204
6216,0.04934242608684032
6217,0.040277002095061895
6218,0.2045019454354091
6219,0.1400843326860551
6220,0.07776175830515081
6221,0.7451713463534714
6222,0.014103268354342264
6223,0.012713640730862803
6224,0.01075465943004396
6225,0.0032244519263412157
6226,0.004176707289943737
6227,0.030363022995813914
6228,0.028406796129807385
6229,0.9693982230554257
6230,0.002092312111409465
6231,0.08314562080336933
6232,0.08287652549752685
6233,0.03269203844848489
6234,0.9972090986072302
6235,0.47345486832964967
6236,0.12662741383907158
6237,0.2697261893226838
6238,0.05752568483154662
6239,0.7613217734273755
6240,0.019284878962592473
6241,0.3897095934789614
6242,0.010806352006549398
6243,0.013323401635639373
6244,0.0015963586762317201
6245,0.002630412423720521
6246,0.9789966869266259
6247,0.05780554511287445
6248,0.009149632920557607
6249,0.2309013130966396
6250,0.34801411417932954
6251,0.07829201492629673
6252,0.8906665013834221
6253,0.7787666965549133
6254,0.926711216935518
6255,0.9558965408964346
6256,0.9942875809032525
6257,0.4524917695932146
6258,0.9965056256441112
6259,0.010849360192122638
6260,0.005759746045522751
6261,0.05687916333687502
6262,0.10085456358686067
6263,0.3135054198736577
6264,0.5523575610111617
6265,0.07481444338678796
6266,0.9792816991807871
6267,0.04888933211743766
6268,0.06378899863850293
6269,0.009485306354625536
6270,0.06504857527632635
6271,0.021576027165495545
6272,0.16204292907776574
6273,0.0393421471963562
6274,0.15211016564483454
6275,0.005865688031608054
6276,0.9794654016215176
6277,0.060865343722690174
6278,0.08512396081629216
6279,0.9873008031867402
6280,0.1377507656553619
6281,0.002685961902175325
6282,0.13443092282408411
6283,0.28091768445795756
6284,0.6436117902731949
6285,0.3883042574165173
6286,0.028527382417729744
6287,0.02703292243597226
6288,0.989330112554526
6289,0.7449712502615852
6290,0.05192130586530865
6291,0.07545866982607825
6292,0.035843190221377975
6293,0.12389737725078091
6294,0.838037456699574
6295,0.06812219856877784
6296,0.7742080672293457
6297,0.01818521630409885
6298,0.15575158064579236
6299,0.9751247105169764
6300,0.8793670708262082
6301,0.018269142343077513
6302,0.02004012292679115
6303,0.018261823991274278
6304,0.5735039473984563
6305,0.8812798939553985
6306,0.7914979131294622
6307,0.43708947546002874
6308,0.5367304190035377
6309,0.022782169166512288
6310,0.7512513572521435
6311,0.6188025356514588
6312,0.9664011220732661
6313,0.996703517050368
6314,0.03312069323172105
6315,0.4558379485620465
6316,0.32341175585250914
6317,0.03264923322432396
6318,0.29774872455133616
6319,0.10350611561562928
6320,0.13242648434884038
6321,0.003418494775008762
6322,0.9984408750875126
6323,0.0031094698930604564
6324,0.20669682603253137
6325,0.0031910051791438636
6326,0.006087434407913135
6327,0.2590169482489219
6328,0.008071458070413061
6329,0.03574856670991407
6330,0.7086490759519983
6331,0.013196346643684862
6332,0.9975370437864075
6333,0.9482811686286472
6334,0.006245583139385896
6335,0.9919371341399914
6336,0.2898271753232142
6337,0.6032079614690216
6338,0.14067506924413858
6339,0.24705851767862583
6340,0.006372683607753869
6341,0.0191293019694334
6342,0.7700037852839636
6343,0.023761518403922283
6344,0.10242154127049043
6345,0.02026923508460707
6346,0.14112343992541865
6347,0.03879507462971088
6348,0.0742561497695789
6349,0.9339070622943316
6350,0.8665455730925994
6351,0.3368042982410947
6352,0.52185852614244
6353,0.04981017342430715
6354,0.01728002868437162
6355,0.10418585298065623
6356,0.15164537391284583
6357,0.17495476395889084
6358,0.004133489850458435
6359,0.2931151007065393
6360,0.14705669760694146
6361,0.20558340198286104
6362,0.020598666295440594
6363,0.983283561061941
6364,0.010311049177224817
6365,0.03473268145571831
6366,0.0034720612845072756
6367,0.04952818333988379
6368,0.2121521372790532
6369,0.9417061790416817
6370,0.40597821877832335
6371,0.04264762508139361
6372,0.006578454393125982
6373,0.30906381920552023
6374,0.062077425065599816
6375,0.34610371595245654
6376,0.46958200133580286
6377,0.13030561205604616
6378,0.01597009442073211
6379,0.01599051878310186
6380,0.0057873333416618
6381,0.32104050566415965
6382,0.03520055439729318
6383,0.03633135455351216
6384,0.0486385657694976
6385,0.9940217606622093
6386,0.13741629213229148
6387,0.01869373511669493
6388,0.8047636527296247
6389,0.692520994661536
6390,0.785449706602903
6391,0.9140533041097579
6392,0.04184638483472389
6393,0.014476845017326994
6394,0.012177857523959106
6395,0.8185858514505409
6396,0.22305130820833324
6397,0.9830776518585045
6398,0.9481631531111399
6399,0.9542363491381737
6400,0.8499496802898404
6401,0.9898696221957295
6402,0.9278515545283733
6403,0.0016035956303360219
6404,0.0032253639492837733
6405,0.5397890646802102
6406,0.9698686522015503
6407,0.9393374184803427
6408,0.4637782644290142
6409,0.6489800998676375
6410,0.017419760446626728
6411,0.247730279835243
6412,0.3100192796714502
6413,0.9437161666784878
6414,0.0028055388715487713
6415,0.9760301424477157
6416,0.12580534707474064
6417,0.5171081790886379
6418,0.046430097036646946
6419,0.07126679765263959
6420,0.3487092107069727
6421,0.09592705138516937
6422,0.04315556202375087
6423,0.09746714303399248
6424,0.9421731971379176
6425,0.6219749093612579
6426,0.2162574831114238
6427,0.18300489120074237
6428,0.15914102678792053
6429,0.9786517751986891
6430,0.9893835516621999
6431,0.04793338398659417
6432,0.09988853852957298
6433,0.002196887936383213
6434,0.07725091197160276
6435,0.06896868756286789
6436,0.09128572980482966
6437,0.9873750381168579
6438,0.06728600861406614
6439,0.06177950232478333
6440,0.021859695570832845
6441,0.03460753064845686
6442,0.016190459847934754
6443,0.009525568443398405
6444,0.9472181996346214
6445,0.9228253014415727
6446,0.14205830317481152
6447,0.023504653350024426
6448,0.009534455566328197
6449,0.6579899602786868
6450,0.029497017833594593
6451,0.6733613684106418
6452,0.05298841185000101
6453,0.014827379876996415
6454,0.2569283356162215
6455,0.12733086125272072
6456,0.8784286035566009
6457,0.05048731386007758
6458,0.6092477347731198
6459,0.01290253641531395
6460,0.02215588147950075
6461,0.08863286730658322
6462,0.02653463327550969
6463,0.003878586101704279
6464,0.9607511033107325
6465,0.4700897992058952
6466,0.0828043330833201
6467,0.3346212856458664
6468,0.04074029323341364
6469,0.9769199364681598
6470,0.9311168042017125
6471,0.3712010694553861
6472,0.04111734598551482
6473,0.07263843673032536
6474,0.3205315145757313
6475,0.08052408561005653
6476,0.18271955670580037
6477,0.004852174273691801
6478,0.11105820992041653
6479,0.7135359840490605
6480,0.012659045646859574
6481,0.02393086521777021
6482,0.6678692807466113
6483,0.06216883902778126
6484,0.0692007344712686
6485,0.14859136176952298
6486,0.3906012827084971
6487,0.020669757684007292
6488,0.053926071077791606
6489,0.01367339138986743
6490,0.474420374108299
6491,0.13299665046712092
6492,0.9699024470351073
6493,0.032406582201491514
6494,0.1066370752975757
6495,0.1724109703197431
6496,0.049835654040112844
6497,0.9683355512926053
6498,0.6793848563683279
6499,0.2454045540508612
6500,0.9980929681594881
6501,0.9970667913229935
6502,0.006129666134172852
6503,0.9667235746699633
6504,0.011289038860083872
6505,0.9330845286299994
6506,0.9985491180533262
6507,0.1430064457002215
6508,0.09870593070383821
6509,0.07004821589884556
6510,0.17511469259955345
6511,0.9866534092230522
6512,0.03396661256120027
6513,0.9760603814687889
6514,0.010733394653619615
6515,0.04948224462720162
6516,0.004105356003989657
6517,0.04285239293015832
6518,0.13120148736004392
6519,0.10494510332347133
6520,0.8965971531805381
6521,0.1048531849251984
6522,0.0019790661073171754
6523,0.4900905035010441
6524,0.08647464062040922
6525,0.20885395796101477
6526,0.0894076270374216
6527,0.007578118914888795
6528,0.0061789598741141235
6529,0.018946565022601617
6530,0.0063391239806546195
6531,0.9673454083873604
6532,0.25744130703114226
6533,0.4201086614820183
6534,0.7625342126001469
6535,0.11608354699084436
6536,0.79165775887452
6537,0.029781241223249034
6538,0.005844096422985119
6539,0.14848585989596808
6540,0.05035937902963293
6541,0.9510983866327218
6542,0.013026459538500072
6543,0.025319210811966423
6544,0.023254170057998912
6545,0.08168624617595101
6546,0.0976086041913204
6547,0.8837179226716161
6548,0.12166453402333328
6549,0.9861369723117746
6550,0.06216505674568516
6551,0.14950477357230463
6552,0.6040719470296296
6553,0.05858561474910141
6554,0.05197492348894331
6555,0.5645810309548719
6556,0.9933099025498322
6557,0.4331345655021974
6558,0.9803212973461357
6559,0.7040497003130315
6560,0.8346860973540923
6561,0.18661382017991912
6562,0.5700385642235858
6563,0.9771872058798201
6564,0.011323741457398753
6565,0.4813280555315964
6566,0.9677038340708817
6567,0.13620991785247824
6568,0.20246518176697856
6569,0.5030715377773833
6570,0.07093303170296389
6571,0.02998782694762313
6572,0.04580176611404002
6573,0.9866196101759149
6574,0.07256784854336128
6575,0.577577540997515
6576,0.12492151917293491
6577,0.0746268204327491
6578,0.10231466531348725
6579,0.20650367964038202
6580,0.003572844719078066
6581,0.0049187181202519
6582,0.11650741888645726
6583,0.1378245088044796
6584,0.6941304490389777
6585,0.10765169137212188
6586,0.5319361007998483
6587,0.9207484120613773
6588,0.006644456652490868
6589,0.08049960881006017
6590,0.016519551737558622
6591,0.032123542832260786
6592,0.06009788990755202
6593,0.07734274548035057
6594,0.19069475046453904
6595,0.5506993979807518
6596,0.06921162504500694
6597,0.012881231861025974
6598,0.3074165051708972
6599,0.9394382273253439
6600,0.28360993720187455
6601,0.7479613226728588
6602,0.024416998159331366
6603,0.5185579782057406
6604,0.0096389639756934
6605,0.03638905841956987
6606,0.717631529426651
6607,0.014681383790766955
6608,0.8541432529544538
6609,0.010855914064550996
6610,0.03660385907690612
6611,0.03621347555128624
6612,0.9559533973201805
6613,0.019698280057170503
6614,0.27327103889586635
6615,0.09813398479559816
6616,0.017740685153635864
6617,0.027827302319012273
6618,0.9588985114597717
6619,0.08984566891031086
6620,0.36116623105000595
6621,0.997427791173933
6622,0.9485498451720134
6623,0.0042623796797947745
6624,0.047268673467708446
6625,0.11013429742558378
6626,0.12063509804408105
6627,0.029218340254719234
6628,0.0077513416761574435
6629,0.02414012489400847
6630,0.1627456074911689
6631,0.025957232512704622
6632,0.03191437461464942
6633,0.15183434797499612
6634,0.01839158092741185
6635,0.194638419777221
6636,0.01873357061119669
6637,0.04953700898489239
6638,0.0567441589941831
6639,0.9653751713904057
6640,0.015335762948415703
6641,0.06066429117245277
6642,0.9737469380309295
6643,0.12189062644674906
6644,0.19786102465508676
6645,0.29074870674258635
6646,0.8943752680981334
6647,0.19739474175030358
6648,0.914000760413133
6649,0.8937577829878254
6650,0.1935137437840203
6651,0.9538896686757079
6652,0.38335454052150536
6653,0.23590559593771437
6654,0.15032084581687843
6655,0.1202741946600036
6656,0.0026967912161211783
6657,0.7398297544323869
6658,0.059230321779252706
6659,0.9730191697222697
6660,0.04456396035886258
6661,0.1671101128955821
6662,0.9816814112505069
6663,0.02888434609670343
6664,0.05716936088179844
6665,0.9296260318898495
6666,0.06650119294367769
6667,0.4182730953100485
6668,0.03777948761039985
6669,0.21516954169969815
6670,0.11545176081147901
6671,0.9592505889723287
6672,0.030313786444225915
6673,0.0037363593947671555
6674,0.07473223588679478
6675,0.511987496103122
6676,0.24690176586586196
6677,0.034977150268830935
6678,0.2602941271610229
6679,0.09877006876165928
6680,0.279085321235128
6681,0.3624500030515889
6682,0.02318962612450672
6683,0.14808023926437458
6684,0.10142399329283418
6685,0.9787418836451043
6686,0.7346416868363801
6687,0.0031741865470117313
6688,0.0036475158648179504
6689,0.9125693509682404
6690,0.9811422433228232
6691,0.9974145924869173
6692,0.006977938535293131
6693,0.3811664881306439
6694,0.04030657029397314
6695,0.9552887315816201
6696,0.08682278048636183
6697,0.052656804625911234
6698,0.9868808550893025
6699,0.776009816807963
6700,0.3520874286394386
6701,0.014322890036204818
6702,0.9386710760156214
6703,0.9401554956829581
6704,0.15318698938024933
6705,0.981255369025356
6706,0.019480451156400604
6707,0.05141584705727347
6708,0.04195955407271705
6709,0.15909087618002854
6710,0.07987977925337927
6711,0.04885707272360437
6712,0.0037351360254850984
6713,0.4419693860986892
6714,0.9659489526690221
6715,0.0246980781012686
6716,0.041465484738084916
6717,0.8666252968586506
6718,0.9733262107627959
6719,0.11297784652324225
6720,0.002461125809911115
6721,0.0015844764030348139
6722,0.6812922885643371
6723,0.04755348999902508
6724,0.007006261656511272
6725,0.9983956629952442
6726,0.9146364026372578
6727,0.9373016996315874
6728,0.03117726649213689
6729,0.9557829424867204
6730,0.28026900119129783
6731,0.22254752678713552
6732,0.12334176996241368
6733,0.986943313124308
6734,0.018726131926251794
6735,0.9929811286264366
6736,0.3336085782998791
6737,0.9969631266142314
6738,0.9845034430695475
6739,0.0021885987122380545
6740,0.008104233289975664
6741,0.005109091336290024
6742,0.11477053831024023
6743,0.06654515905047055
6744,0.027869745775142483
6745,0.0036199084689565947
6746,0.7201271715819372
6747,0.5297207537328045
6748,0.9096721207442664
6749,0.12626179811744753
6750,0.9764323915833546
6751,0.2952783790443855
6752,0.015242417064790468
6753,0.2716293887957042
6754,0.008062500225218334
6755,0.23626955510697475
6756,0.9643481350277309
6757,0.09298101755992862
6758,0.7285365195423477
6759,0.027218515607403557
6760,0.06849274345098219
6761,0.024523390721588382
6762,0.9541971805260756
6763,0.002975064757087398
6764,0.04481256627064243
6765,0.17244876583446697
6766,0.9314411788235958
6767,0.9871697633642582
6768,0.9444442109978989
6769,0.029350417440064967
6770,0.022200341458521834
6771,0.033706168251284474
6772,0.971171559524066
6773,0.028929877262413382
6774,0.00793796029548472
6775,0.040245877394531004
6776,0.11750679505658622
6777,0.058752197871333886
6778,0.032044380945089934
6779,0.2097726105952034
6780,0.7793694418634707
6781,0.011334576308257264
6782,0.06768418299557528
6783,0.1340104978682722
6784,0.004940555868851453
6785,0.7278118035681226
6786,0.7377853899189935
6787,0.8446630269689175
6788,0.868659136620487
6789,0.09337569799040796
6790,0.01622313276668722
6791,0.6703280087618877
6792,0.9698365005517979
6793,0.10204518111154963
6794,0.3229544925880223
6795,0.9614289692358253
6796,0.6447855230188247
6797,0.0743549038694965
6798,0.43006322886188414
6799,0.024666272985469553
6800,0.7306411792406909
6801,0.7001941029078336
6802,0.3265515618141534
6803,0.10001780696898384
6804,0.3794325035815188
6805,0.00461204425786316
6806,0.7733434683578778
6807,0.005955327506714108
6808,0.03990878526323106
6809,0.13415988318543293
6810,0.7281048398793334
6811,0.026333241431180276
6812,0.01781185039177773
6813,0.8869528507180781
6814,0.02639458542926704
6815,0.21491813860818904
6816,0.03193857071060978
6817,0.014681935421911756
6818,0.9867387957648017
6819,0.012223413588872783
6820,0.05233661988429566
6821,0.9611211856981646
6822,0.008734616440947631
6823,0.18584508019670903
6824,0.01825326431319478
6825,0.027270681879787602
6826,0.07502783603675299
6827,0.003291354461448487
6828,0.960802419905814
6829,0.002207170754122538
6830,0.9906900319044525
6831,0.0424478867593254
6832,0.01133415115375747
6833,0.062403992040397
6834,0.017398387915157704
6835,0.6228892317476842
6836,0.5979565597046753
6837,0.9983588309663352
6838,0.20202467882345235
6839,0.12546826653543602
6840,0.8598791109245154
6841,0.05868253080124787
6842,0.8915651986340348
6843,0.0020672722754658014
6844,0.09278851988070563
6845,0.9906473844674927
6846,0.1752793101217598
6847,0.008988609220053947
6848,0.7621671530772788
6849,0.026367382298628703
6850,0.02183305690515446
6851,0.6664210455541363
6852,0.10712086742418193
6853,0.7581485181086847
6854,0.08380638157911983
6855,0.041947752818445656
6856,0.09490335531887194
6857,0.8725399120359871
6858,0.9856404068119672
6859,0.913921080665634
6860,0.8930874792860009
6861,0.017689162900223113
6862,0.09291923956127837
6863,0.03188105595762232
6864,0.12207342658471132
6865,0.0026373229053205196
6866,0.2138637848419257
6867,0.4652137257768801
6868,0.7297908004388212
6869,0.15603747579754623
6870,0.8612495678263667
6871,0.9402124279131819
6872,0.00897881645894656
6873,0.1458623840768207
6874,0.07017042671830373
6875,0.14271004101669363
6876,0.977603012430708
6877,0.7776846824914697
6878,0.007670871598254866
6879,0.030332787165171207
6880,0.04581549900013387
6881,0.36846642743716884
6882,0.9062259710133362
6883,0.5836454805895729
6884,0.15482569712797736
6885,0.050760148277128214
6886,0.9922445288322288
6887,0.7954790871091036
6888,0.7169919855112091
6889,0.10503171577959702
6890,0.9702159867875829
6891,0.058959234644804265
6892,0.015845482902369448
6893,0.04821725926968437
6894,0.13917686260944034
6895,0.06386098501144377
6896,0.9982507156184918
6897,0.06448244848972291
6898,0.9661329810242149
6899,0.012456099073144088
6900,0.48030628913857204
6901,0.0060379030669760496
6902,0.03985604279201721
6903,0.040533005641970446
6904,0.03475541475210138
6905,0.990973013258283
6906,0.8708419114782323
6907,0.07510121117536972
6908,0.046952727418791695
6909,0.00393914826275857
6910,0.7962417509978459
6911,0.015605149184094641
6912,0.9848990820146175
6913,0.9846833918266353
6914,0.0034897468286113004
6915,0.03329484395542614
6916,0.976409929188062
6917,0.31438139845199436
6918,0.7160948772809164
6919,0.010488236641703756
6920,0.03378461362113214
6921,0.6483335789290489
6922,0.0022743839781947457
6923,0.026772399033069504
6924,0.03853231233513747
6925,0.01548931719106137
6926,0.5632936098525964
6927,0.010920693554478592
6928,0.003440544283243229
6929,0.012595561442891385
6930,0.3160618657129782
6931,0.09325992121236061
6932,0.05505201767218817
6933,0.8098803477326724
6934,0.05327450897652902
6935,0.24642738673965203
6936,0.004696852283248383
6937,0.004389539522476929
6938,0.28158770913532594
6939,0.048056114599584025
6940,0.9219611507361537
6941,0.0038706017504677418
6942,0.870002126659875
6943,0.04661094720872199
6944,0.9365516656888018
6945,0.6479862899256278
6946,0.0034350073982989293
6947,0.8268335425692355
6948,0.008632149507192306
6949,0.07961488895564231
6950,0.9157445853214753
6951,0.7032633558927245
6952,0.07022225664748954
6953,0.003588926624561602
6954,0.01812313218888779
6955,0.9246135130072737
6956,0.0629608697814231
6957,0.998340188234718
6958,0.9277197458990032
6959,0.08093549062509982
6960,0.09650999897094988
6961,0.16304194992472365
6962,0.6018544702563215
6963,0.038265845481761505
6964,0.4521987320635189
6965,0.008937058500807551
6966,0.030258220523613356
6967,0.014402415530428083
6968,0.9851310313689559
6969,0.9934532380859701
6970,0.00168702932781916
6971,0.003117272094907244
6972,0.07630564381912418
6973,0.02137806269524538
6974,0.33592743390660723
6975,0.10004837026994386
6976,0.016082411235650136
6977,0.09114689209864557
6978,0.01061690042901655
6979,0.02547187690949139
6980,0.5230986198048948
6981,0.07651283495843798
6982,0.9984985907614115
6983,0.2726934507530527
6984,0.03331527494010184
6985,0.38246671571535507
6986,0.8555977505789338
6987,0.11712515226307646
6988,0.05919438628573427
6989,0.009902245690276194
6990,0.008047174499600079
6991,0.005776266758898362
6992,0.054987660617075634
6993,0.8953229457799314
6994,0.8470836532526539
6995,0.045005763931503844
6996,0.41929419486760316
6997,0.9062949698331803
6998,0.00981362566104367
6999,0.05514738607851194
7000,0.5046777227919053
7001,0.11220515244445428
7002,0.09449946964595068
7003,0.15167148096578698
7004,0.0021712035208564457
7005,0.07079306614141548
7006,0.0053037951136477674
7007,0.9725289143804217
7008,0.07197933977763943
7009,0.03593417933676841
7010,0.12817155826714943
7011,0.9270973341029891
7012,0.005355881508530356
7013,0.42857706095656856
7014,0.7051171125236197
7015,0.00468656920605658
7016,0.9364718226638222
7017,0.061158127248586006
7018,0.30663655815127844
7019,0.02318888277913959
7020,0.017514346059983452
7021,0.0113411989627696
7022,0.38603272644335307
7023,0.24591587190342562
7024,0.7352876489788971
7025,0.03334675398302615
7026,0.013721963341859076
7027,0.03716221583352815
7028,0.05828685424287593
7029,0.10243787774457308
7030,0.2873868213435833
7031,0.9799109312577524
7032,0.0084847556707583
7033,0.9119072709671171
7034,0.1185746215830373
7035,0.3100439481475924
7036,0.8799245287541592
7037,0.9512073509338175
7038,0.02481923305205679
7039,0.0023744311834478535
7040,0.08505710195255348
7041,0.9454822683719988
7042,0.006119099719135445
7043,0.6255255501667544
7044,0.028869976278294348
7045,0.18570534166960287
7046,0.5914295929830187
7047,0.895474346245698
7048,0.9476545542411616
7049,0.4496703317996089
7050,0.1472715038252012
7051,0.029893497800055444
7052,0.02849924715560675
7053,0.09907020138721244
7054,0.01703945113165857
7055,0.10948913651190445
7056,0.1762294269134825
7057,0.23501130358001499
7058,0.6953653446056568
7059,0.05297907131056311
7060,0.01925633577440007
7061,0.8124568886949824
7062,0.9485016279402366
7063,0.04574643118094439
7064,0.04985376455219418
7065,0.16127441072369889
7066,0.1881952809990376
7067,0.032916337366681835
7068,0.054317502816345675
7069,0.9621323901895283
7070,0.9897197249251609
7071,0.09260075861215455
7072,0.005655425744682811
7073,0.04063648020599736
7074,0.05864411048408017
7075,0.9984315339315144
7076,0.5136159754334382
7077,0.9894750705357643
7078,0.9291862130613842
7079,0.4180334850432418
7080,0.04887128047593142
7081,0.21057819470122266
7082,0.033652693304842274
7083,0.7623048331307993
7084,0.07943749431202775
7085,0.6035231831311059
7086,0.29902924685047233
7087,0.009924099955527795
7088,0.017367781404693784
7089,0.9288951536696718
7090,0.09745886491720956
7091,0.32617484744696496
7092,0.025180449557595495
7093,0.7019919758043184
7094,0.798875426202254
7095,0.5454000529965529
7096,0.23458619162686592
7097,0.024650024867409692
7098,0.9844186357339312
7099,0.004913466758579749
7100,0.9985163590456948
7101,0.8719003576166212
7102,0.4660100835578052
7103,0.9981431467118944
7104,0.0023700946681836604
7105,0.028568253073914578
7106,0.006177914599468901
7107,0.11226872372917476
7108,0.04318030265832567
7109,0.002809788665252108
7110,0.0032746130367835567
7111,0.42448424033489274
7112,0.23987126951916232
7113,0.257351276192529
7114,0.9877383928964752
7115,0.027727154907567116
7116,0.03745838560730898
7117,0.4633049441615028
7118,0.018968590785883744
7119,0.22491576912646347
7120,0.13755340420171833
7121,0.01221248076091196
7122,0.027312477621258553
7123,0.038643523694969574
7124,0.769073927267663
7125,0.03594042726647695
7126,0.4653534956480389
7127,0.14757039963843074
7128,0.10558918085142513
7129,0.948005966188196
7130,0.03037634656659026
7131,0.972255694905719
7132,0.26603691306062494
7133,0.008734920467506381
7134,0.9660663681068168
7135,0.46131826957025324
7136,0.05871110647044977
7137,0.14510772886527268
7138,0.7503759527293749
7139,0.03750623334464978
7140,0.05764637055755457
7141,0.012534596478552911
7142,0.046303833992564415
7143,0.005384367766596801
7144,0.9727838205024679
7145,0.14284825828913716
7146,0.030372250191013396
7147,0.002592762259344972
7148,0.9974036945611913
7149,0.09263961420278237
7150,0.038189741543874535
7151,0.01099410233456222
7152,0.07912951321407086
7153,0.48805845301613726
7154,0.06715974451872345
7155,0.1928418685732602
7156,0.007188520664954401
7157,0.02727552841005649
7158,0.009681925557417308
7159,0.028393322563219806
7160,0.02887510111216399
7161,0.981680663913643
7162,0.0020521402925310446
7163,0.8908155393073277
7164,0.9980741431305938
7165,0.022136865189316797
7166,0.09136899520097677
7167,0.5997816459318267
7168,0.9901978528500318
7169,0.22336368644598298
7170,0.9858111741992207
7171,0.4499121296374363
7172,0.9724548637601921
7173,0.9567048989981068
7174,0.022991847540515
7175,0.0752084423062525
7176,0.5386614483891531
7177,0.8884687225323831
7178,0.4369528156791307
7179,0.011258710409355588
7180,0.039563342138478626
7181,0.18103060547513153
7182,0.06810547655141677
7183,0.9247940755722103
7184,0.017141821229447247
7185,0.3109999499949783
7186,0.8500059439687467
7187,0.033753512521325475
7188,0.7573583559590766
7189,0.6543982197927637
7190,0.03399125221699842
7191,0.09738550678686532
7192,0.02052008167522145
7193,0.5759322481914524
7194,0.04548458614950074
7195,0.9906152932439237
7196,0.022984371068647903
7197,0.005661359750709201
7198,0.03418507462021748
7199,0.17391745711920584
7200,0.02911366143152478
7201,0.05397473849522057
7202,0.12136228336160303
7203,0.02389366997808619
7204,0.13463996744240697
7205,0.13684149002228627
7206,0.8341046775342742
7207,0.9799838033048056
7208,0.7105689619918603
7209,0.7649116017234139
7210,0.8790406262025753
7211,0.028791307713059586
7212,0.41226094174020683
7213,0.9874468138544007
7214,0.05898047159547068
7215,0.028031668070433564
7216,0.018302415820612546
7217,0.1998281464873834
7218,0.05983912994250297
7219,0.004989949696129982
7220,0.49878101636810973
7221,0.5309922114248501
7222,0.002053999826318369
7223,0.975329158961867
7224,0.95772834274167
7225,0.08648576614614537
7226,0.023416390683006303
7227,0.014560552227100029
7228,0.18945383233056365
7229,0.11241144928256948
7230,0.9525535774779662
7231,0.055454252484387234
7232,0.4547534777537095
7233,0.07313254316264757
7234,0.9850223194898711
7235,0.06145023568424518
7236,0.027270419187528705
7237,0.3480001091025597
7238,0.7242901582788104
7239,0.45871072120782175
7240,0.004070292594308817
7241,0.3937323442989764
7242,0.22679791379889006
7243,0.015436450057763838
7244,0.9539963146200168
7245,0.08647525807646893
7246,0.06461132862280615
7247,0.08074329960500434
7248,0.9583050654394601
7249,0.24471820050532458
7250,0.007007217871395767
7251,0.5391812494920504
7252,0.2711169639086014
7253,0.37592940999961966
7254,0.07935970705176199
7255,0.1445015807244645
7256,0.6333521632943134
7257,0.630367140429501
7258,0.06715617854345263
7259,0.07612260589809686
7260,0.7382561650366225
7261,0.9577696078172168
7262,0.05120304595718802
7263,0.9433334042719661
7264,0.044079595469451484
7265,0.21200298209405308
7266,0.05512889729361365
7267,0.016084430751897402
7268,0.0071292950509891356
7269,0.0637762251049393
7270,0.02278854192190469
7271,0.030094319971167342
7272,0.35945638205577224
7273,0.09739581465991382
7274,0.0073338756197339075
7275,0.8991727127862192
7276,0.0028237823355456056
7277,0.04452344929764123
7278,0.1869198530128846
7279,0.06433845589378386
7280,0.058317356472811305
7281,0.7654561021120087
7282,0.9656867164371608
7283,0.06280973288618416
7284,0.3143339534023297
7285,0.08502176369242925
7286,0.19566941308490388
7287,0.0020944844983691135
7288,0.9464817691591499
7289,0.9494315135840424
7290,0.023662244374310866
7291,0.09187141987382155
7292,0.05966821383747575
7293,0.6298842470110582
7294,0.19959136854730328
7295,0.032441934171869954
7296,0.015314853765121686
7297,0.4624407297644383
7298,0.8482432636962953
7299,0.7624625535364158
7300,0.27652322671366986
7301,0.8862879559964818
7302,0.9737004217363014
7303,0.4702630561059364
7304,0.04518585460136155
7305,0.14807366348439163
7306,0.12005940881556569
7307,0.08239774569101067
7308,0.013178235623447478
7309,0.004580421722774957
7310,0.08884182537441448
7311,0.9699718269529309
7312,0.013923640202805466
7313,0.7212790896542112
7314,0.03441898627367647
7315,0.006587361171033349
7316,0.11044230297417582
7317,0.13119609221927664
7318,0.09999853809452763
7319,0.6357471486104096
7320,0.028292208580818462
7321,0.9108283027217534
7322,0.004019546113285648
7323,0.03019925158828463
7324,0.8744283865104555
7325,0.038735811190200885
7326,0.02569116395041215
7327,0.3121654069640465
7328,0.9697819039317115
7329,0.0024101599451839904
7330,0.9638956396984973
7331,0.08909161478898507
7332,0.06458847413410891
7333,0.11887269547830998
7334,0.07465221585152906
7335,0.06028040853733436
7336,0.18043459765503497
7337,0.036516709660476446
7338,0.050165537307987826
7339,0.07721713296996197
7340,0.11187920813458285
7341,0.6124779111408163
7342,0.018869588855178525
7343,0.9854036349108466
7344,0.0809753854928829
7345,0.01854732636068042
7346,0.9542454764516968
7347,0.17214235800387737
7348,0.007564720818316067
7349,0.9656845021899098
7350,0.5404486830936905
7351,0.9980425979532533
7352,0.4232738278435589
7353,0.04628916948370305
7354,0.09305158651123202
7355,0.028944044784331838
7356,0.8566497488399405
7357,0.010804686093271856
7358,0.03405613625130491
7359,0.15653241750487146
7360,0.09044027013526973
7361,0.010887679035387397
7362,0.02335947152387398
7363,0.8362780896591081
7364,0.02711965509689294
7365,0.02059928430301307
7366,0.010315864479943575
7367,0.29964698779666765
7368,0.06405486354082829
7369,0.012784780140796915
7370,0.08078589944346755
7371,0.04337811563440832
7372,0.01972613346428987
7373,0.033997480814702184
7374,0.5113001945913195
7375,0.9813172524391668
7376,0.3376698118829728
7377,0.004969647525559211
7378,0.9412954968034837
7379,0.8095828642310781
7380,0.5321456624158578
7381,0.005864247376491687
7382,0.027729769271930632
7383,0.0040180294781184235
7384,0.014882776286990917
7385,0.9928760955157181
7386,0.12074286556176667
7387,0.9883952198712991
7388,0.002442342795159112
7389,0.915760054295218
7390,0.5352687198841914
7391,0.054584096628082925
7392,0.06740272361717155
7393,0.018841174572457407
7394,0.01900885171504882
7395,0.8169707949599092
7396,0.9982279556602358
7397,0.016144660006594678
7398,0.11372201700466428
7399,0.026322628895545427
7400,0.013521138656727674
7401,0.011410366356312438
7402,0.007448830293612917
7403,0.1648185643429205
7404,0.009837003248539478
7405,0.12664299692112888
7406,0.9266749187633909
7407,0.007881788610066345
7408,0.15227187302506964
7409,0.03811662370404158
7410,0.12348929178556908
7411,0.12687316666454776
7412,0.9974629362489712
7413,0.14762318521515705
7414,0.018846834653504025
7415,0.9984716053422472
7416,0.4415875508132214
7417,0.7154680203913449
7418,0.01466830708249002
7419,0.8815949408814557
7420,0.9321743217592657
7421,0.8677630810499568
7422,0.11484595474352038
7423,0.40215444387561344
7424,0.13039088369295648
7425,0.15055287415328994
7426,0.026493566791747164
7427,0.973905695782177
7428,0.18367362282890987
7429,0.823129104123453
7430,0.9581424323693143
7431,0.03389849178514006
7432,0.016066932167614956
7433,0.3986155464163038
7434,0.3314501304974892
7435,0.5322792625849473
7436,0.9553910791903587
7437,0.0511383051105993
7438,0.975417379954597
7439,0.05832892942026947
7440,0.00288854030523615
7441,0.9078492560151524
7442,0.01843165164543265
7443,0.06943467425701455
7444,0.11152617378460622
7445,0.9789365652245551
7446,0.1612944050825287
7447,0.9618814942909188
7448,0.4367667090098931
7449,0.7172824021587005
7450,0.2946711224794576
7451,0.24892902845912962
7452,0.02118094653217591
7453,0.9605051628562294
7454,0.01613117655306301
7455,0.17460259631963937
7456,0.1437575991596871
7457,0.05661798210906297
7458,0.04249823651422647
7459,0.2335563286083464
7460,0.03446016009864325
7461,0.04520183270477403
7462,0.8041956224211904
7463,0.10287184809163741
7464,0.10649546804816748
7465,0.0037944072894588584
7466,0.005406410176158976
7467,0.7067343704741865
7468,0.21197674023627858
7469,0.025119816035224698
7470,0.25644710518371727
7471,0.7100763889929264
7472,0.23431919452944078
7473,0.014982562735469978
7474,0.01426963244823054
7475,0.06037792029958294
7476,0.0050659416981234905
7477,0.020977638816908353
7478,0.0029897458187833057
7479,0.013694572072676582
7480,0.5909169825598849
7481,0.08282197383937505
7482,0.005211381803905145
7483,0.9974064614174041
7484,0.022718673872512876
7485,0.011054169389718859
7486,0.12314148968607642
7487,0.13305705372145318
7488,0.058694129704659995
7489,0.053817539619580974
7490,0.0022848713923944173
7491,0.277681772120007
7492,0.07939916568118927
7493,0.07314013858951392
7494,0.006929246847394002
7495,0.025764925469724673
7496,0.09744782671422231
7497,0.03831014799000828
7498,0.04287296275608663
7499,0.005886380216954373
7500,0.054442051505352904
7501,0.3261314520308801
7502,0.49874454217621633
7503,0.8123236266699371
7504,0.014157234201195927
7505,0.05446947449067817
7506,0.021417092406911163
7507,0.016634941277497744
7508,0.5494763238232524
7509,0.19421704010808077
7510,0.9550164816779337
7511,0.047844621017457664
7512,0.10307831809445238
7513,0.004590631198407435
7514,0.030726366699826375
7515,0.30244409336671846
7516,0.04716934140851606
7517,0.021613086620446302
7518,0.023780533391213433
7519,0.9402961396999292
7520,0.12007011560613816
7521,0.010257669103097725
7522,0.02113350852183833
7523,0.931986096926091
7524,0.2947540858264586
7525,0.9766631535943366
7526,0.01145235738669437
7527,0.9984164755285772
7528,0.1738822814759388
7529,0.0967043568022704
7530,0.06332081733148863
7531,0.003657374765580319
7532,0.9670660283380822
7533,0.15398308007239547
7534,0.017420676213937912
7535,0.9050466155330623
7536,0.8852334990504657
7537,0.20883019723380616
7538,0.005338161648239848
7539,0.011453542373881543
7540,0.6799233398553269
7541,0.039783710686620344
7542,0.9469315124291456
7543,0.11351106197486152
7544,0.054046749094040364
7545,0.9810750901381512
7546,0.9981635514809365
7547,0.11797939656454973
7548,0.12001169921915046
7549,0.13732211116866297
7550,0.03357213994068121
7551,0.9749767463006911
7552,0.3160136542040193
7553,0.25158339672429253
7554,0.2685249269440361
7555,0.8359639592286658
7556,0.2313321770882769
7557,0.010582291881292555
7558,0.21694669523468035
7559,0.15427366056529074
7560,0.7138206027249285
7561,0.15686664214779056
7562,0.07461166725528943
7563,0.04434619539768248
7564,0.45081059531044687
7565,0.07199201985158972
7566,0.5683918864481516
7567,0.8556001487709926
7568,0.11936680327604703
7569,0.9784569749706127
7570,0.213814673702045
7571,0.019481331610989104
7572,0.031103463042360432
7573,0.01522169014833943
7574,0.03848881690313077
7575,0.3188557242269893
7576,0.01577799118660371
7577,0.14698309656364658
7578,0.008964632179883974
7579,0.7822053475460679
7580,0.986336407351985
7581,0.10846921358894508
7582,0.49188912753346015
7583,0.9187021177111002
7584,0.010677067645379689
7585,0.4445563520172074
7586,0.07964179489609668
7587,0.7866372452195226
7588,0.0032506320560791763
7589,0.9634922268290756
7590,0.33962251580760927
7591,0.12287060689352124
7592,0.030617166746649715
7593,0.016578676354018686
7594,0.06668976246426095
7595,0.9935679015623816
7596,0.017518669599312132
7597,0.7069845280043031
7598,0.6021744246862651
7599,0.09625689033883253
7600,0.018821426553000398
7601,0.00885488262266443
7602,0.02327729071999577
7603,0.902605015057758
7604,0.036242874717074484
7605,0.142393270774307
7606,0.8759679055874461
7607,0.4198770220403699
7608,0.025561601847938147
7609,0.006717681797626845
7610,0.14815238271766984
7611,0.014164187913338596
7612,0.05162232412484177
7613,0.04420405928458363
7614,0.10940465391879618
7615,0.8092907768837112
7616,0.34956662323544646
7617,0.03145831583286419
7618,0.2170899897925826
7619,0.24527855925293715
7620,0.02965226409700312
7621,0.14163880007159968
7622,0.9743791454351617
7623,0.99177242928506
7624,0.06160350723619771
7625,0.10992586770390249
7626,0.19736149347154017
7627,0.9818352035271171
7628,0.9098998278610845
7629,0.1191222579895501
7630,0.9615284786661075
7631,0.05078959766923017
7632,0.25861623647945964
7633,0.4135738714736379
7634,0.002560390454170302
7635,0.25880467548036545
7636,0.3107614460723917
7637,0.5166684024585346
7638,0.931872149613194
7639,0.0076014015696305014
7640,0.048558188693258175
7641,0.17028449105988447
7642,0.08845956596207478
7643,0.0488902803404658
7644,0.002863719442649418
7645,0.20446500155951247
7646,0.041751727762560156
7647,0.0770432483732848
7648,0.005254908537738447
7649,0.021806204245798433
7650,0.9765158392578901
7651,0.9895655832665404
7652,0.538494102809218
7653,0.010821180366598229
7654,0.0532641333099243
7655,0.9873899653920097
7656,0.46776968583725953
7657,0.4560402671775877
7658,0.11269800857752468
7659,0.3961461470028353
7660,0.06879085115247882
7661,0.031496884001860084
7662,0.020577193874657892
7663,0.2760118995231522
7664,0.4843547709984285
7665,0.005805081157974961
7666,0.026364962974429296
7667,0.03623830178234193
7668,0.03651400175169975
7669,0.10982076959971772
7670,0.39519398912831993
7671,0.7561949439796114
7672,0.8330264821456476
7673,0.9073946110018694
7674,0.052004187755571044
7675,0.26860619493226284
7676,0.11865390468252422
7677,0.2105645383200679
7678,0.3278215685064253
7679,0.033491169133964445
7680,0.0053971309165819215
7681,0.001763198718071695
7682,0.004643273314292446
7683,0.8127579540121885
7684,0.015592744393649372
7685,0.9366044234691676
7686,0.9978252550003427
7687,0.015092250986908385
7688,0.060608269439169166
7689,0.8908459498783596
7690,0.015091947068494756
7691,0.017139975795306
7692,0.16497092179871212
7693,0.14954978148925538
7694,0.5209840957700227
7695,0.005293168271735327
7696,0.13595090487437636
7697,0.44376022513648367
7698,0.004005033444883645
7699,0.07367101967348591
7700,0.01811183448579079
7701,0.17024414697350118
7702,0.34310739791188005
7703,0.95556608175577
7704,0.946409342813333
7705,0.008277616002563023
7706,0.13064433547665444
7707,0.41841243487717855
7708,0.06242118118654953
7709,0.07282215727723422
7710,0.02508708212690827
7711,0.06877396854800255
7712,0.016602620492914864
7713,0.6631647384686477
7714,0.003003135607104836
7715,0.26359549022190326
7716,0.004146823364685584
7717,0.05198249422803165
7718,0.49085204118349113
7719,0.8187875824504333
7720,0.1999835290324679
7721,0.028977165542793403
7722,0.054056961409385665
7723,0.22227674814419549
7724,0.038831784728421886
7725,0.051617559472300824
7726,0.6251103319714844
7727,0.9394732081408741
7728,0.028891288330357867
7729,0.6932668343951167
7730,0.7553733429806139
7731,0.19092184743814486
7732,0.9883832032404722
7733,0.010360114135871928
7734,0.057496422809812354
7735,0.13506374583761827
7736,0.010315135007110317
7737,0.1769383930943638
7738,0.1450307414632027
7739,0.14051414362540177
7740,0.9982258798296676
7741,0.9983582934425996
7742,0.014917705177547445
7743,0.39837709635262336
7744,0.9756577754622481
7745,0.9603192497863038
7746,0.04303995239799446
7747,0.9358760713844078
7748,0.2788869061403743
7749,0.4222361246202087
7750,0.011620935120376876
7751,0.07040797252396576
7752,0.9743885457305433
7753,0.2049159914966883
7754,0.01614721265185528
7755,0.6053308715290106
7756,0.4622157758217345
7757,0.09921794497339625
7758,0.8114344989321487
7759,0.061071807499435846
7760,0.07227492057304552
7761,0.5958352770787052
7762,0.10073199317412818
7763,0.19129589394089583
7764,0.05631492617410481
7765,0.05971091480049577
7766,0.0064641905448078775
7767,0.05941303427114606
7768,0.9983816390429329
7769,0.8005687138279648
7770,0.5072920002086553
7771,0.2836478653637401
7772,0.011155797295009456
7773,0.16958596221921893
7774,0.9274170075361967
7775,0.8041859156881208
7776,0.023067565737912417
7777,0.17316624049892743
7778,0.957854731672868
7779,0.8529247646660989
7780,0.12682092845733967
7781,0.12823702172638715
7782,0.7855084191619232
7783,0.05913025040156865
7784,0.046042140801791996
7785,0.9966270951937155
7786,0.8121226778956911
7787,0.9392209770592392
7788,0.9872398841361341
7789,0.29440842464458533
7790,0.9374841968510705
7791,0.9920773548359504
7792,0.9393760219542635
7793,0.3138679778018438
7794,0.9874901039635573
7795,0.6070249997025734
7796,0.03989682146473053
7797,0.025569530373396772
7798,0.036932128298087605
7799,0.9982831816431921
7800,0.546840076919809
7801,0.3139567330662284
7802,0.011015676815749515
7803,0.005414327472854487
7804,0.007857805877991661
7805,0.09265420308314457
7806,0.8235536175191782
7807,0.9429329487834721
7808,0.7199409309020534
7809,0.016053024681172305
7810,0.9777545461676769
7811,0.9307934625907792
7812,0.06744766376139015
7813,0.9690587823103421
7814,0.990154277997028
7815,0.22769145279445743
7816,0.2814183107259225
7817,0.002571454764515328
7818,0.002618273090252984
7819,0.09141435136100379
7820,0.05483732937174417
7821,0.003023185856120399
7822,0.10331489804905021
7823,0.9771428610579206
7824,0.005151885584207694
7825,0.9703496994896778
7826,0.6325682249955648
7827,0.13246548683769435
7828,0.9835552740052128
7829,0.9155811560538939
7830,0.4308880007242131
7831,0.9262360302162199
7832,0.07967384205337599
7833,0.9987862416683393
7834,0.02028020564532366
7835,0.06815579486856323
7836,0.9862343082990781
7837,0.023219260302128352
7838,0.023348378914231572
7839,0.03762989680919898
7840,0.9736866831071213
7841,0.014778944907856199
7842,0.23773170182051426
7843,0.02863629897173598
7844,0.8684260002562664
7845,0.008199818446954612
7846,0.6332570074687596
7847,0.0030341739734284453
7848,0.32428108412370027
7849,0.7769400318024318
7850,0.1973882932929506
7851,0.0026413124570685478
7852,0.7602329550693949
7853,0.008004820854028254
7854,0.19697645545057368
7855,0.9747978924517149
7856,0.027283440805889483
7857,0.02456555312252084
7858,0.028132406003559374
7859,0.9572212519255688
7860,0.21540000240844243
7861,0.5084876557357441
7862,0.23176951061936757
7863,0.08587485641026112
7864,0.11861337977054935
7865,0.010877018300272467
7866,0.9005848796124828
7867,0.008307076108157008
7868,0.7798828526063489
7869,0.8012357567411568
7870,0.555994330028314
7871,0.06897974730514116
7872,0.2522209338911179
7873,0.9675249954316029
7874,0.9703349501812562
7875,0.023919712844037527
7876,0.1444347011581249
7877,0.8464767777276023
7878,0.9977864957640947
7879,0.8945831135656253
7880,0.9880994663962741
7881,0.3040688415200187
7882,0.9842288805115988
7883,0.514476758688956
7884,0.011769150487186157
7885,0.07246266624102679
7886,0.008517265033928098
7887,0.03661417695758761
7888,0.8636801776340823
7889,0.022977015898762884
7890,0.9043539148527502
7891,0.025066230534769956
7892,0.26503863122812943
7893,0.6209018208288422
7894,0.002508440032027138
7895,0.12560169261966345
7896,0.026879408773721344
7897,0.04253877800119875
7898,0.0644396728892336
7899,0.09305297032624035
7900,0.4704320885989496
7901,0.11602657310196557
7902,0.009503928645162295
7903,0.8460851020885106
7904,0.004078775705330072
7905,0.08468497911962598
7906,0.35059109741837313
7907,0.6676112026927519
7908,0.6078770345898744
7909,0.08081589327222431
7910,0.034046880878208084
7911,0.9913565377780114
7912,0.04486574293997006
7913,0.011706735626082869
7914,0.01572159133045156
7915,0.8602414557557864
7916,0.024334303900325437
7917,0.6948936860406362
7918,0.2481599931992601
7919,0.14954944367934267
7920,0.9299110238379212
7921,0.09056074570774231
7922,0.05629677201896954
7923,0.006416093048388828
7924,0.028199217080577793
7925,0.22023237462695236
7926,0.20443018635479845
7927,0.1380328531897501
7928,0.18760052015538992
7929,0.1690496316254557
7930,0.9137360280720338
7931,0.009436083212256228
7932,0.025665490145183465
7933,0.02483675380937654
7934,0.004887645866156265
7935,0.29105554295429253
7936,0.08940358306743723
7937,0.18563592193915174
7938,0.11948167496329556
7939,0.07530604633758411
7940,0.1951750498745928
7941,0.01877909149800703
7942,0.020411095345837727
7943,0.18028217028741658
7944,0.06543406828732747
7945,0.009632443448425511
7946,0.2792997732407272
7947,0.0919746214756191
7948,0.1951684209148655
7949,0.9715185211525664
7950,0.08012595435667272
7951,0.8791640390556218
7952,0.8968026352210887
7953,0.4388934463287635
7954,0.08271147351902891
7955,0.257095628097783
7956,0.12376085989904045
7957,0.018386026122644405
7958,0.2949747390648061
7959,0.0480126644528611
7960,0.031590435941010006
7961,0.0671387351166488
7962,0.01748341071439333
7963,0.4700802408119612
7964,0.3225789748174171
7965,0.036002828812377
7966,0.9285323195669664
7967,0.02444592690273743
7968,0.5896365908964645
7969,0.01239817712370073
7970,0.9826330695529145
7971,0.002002603184102666
7972,0.010115254006865606
7973,0.021814273548688604
7974,0.012057039061356438
7975,0.1935159360540666
7976,0.5761273140102451
7977,0.024375411009744614
7978,0.9189623829063965
7979,0.0295314352953179
7980,0.7890613138092987
7981,0.10381189866495646
7982,0.05366644610652888
7983,0.2120930253844239
7984,0.007225969855029731
7985,0.01676795359377777
7986,0.023742760315350574
7987,0.029323386965828254
7988,0.07959391201489306
7989,0.0059943483026807555
7990,0.27809884312777244
7991,0.980399589393286
7992,0.32234780526707146
7993,0.2132149134422094
7994,0.9608477533840746
7995,0.02311117653566108
7996,0.5023523697745553
7997,0.9385721724197209
7998,0.07983332943020766
7999,0.986027001682738
8000,0.010241089999528868
8001,0.025533948149319412
8002,0.6349386820024676
8003,0.053271364332794065
8004,0.20753302090756504
8005,0.1032783720833215
8006,0.14892206597405935
8007,0.1706893435874709
8008,0.43192311881337725
8009,0.006832457863648748
8010,0.08521426548359454
8011,0.3129520150740762
8012,0.3047606606182923
8013,0.2887462390418861
8014,0.9918226955356125
8015,0.1075770272335894
8016,0.05137644078864553
8017,0.1815532578032365
8018,0.8098701379463512
8019,0.023768390696041614
8020,0.0026240913420683414
8021,0.021336898927987083
8022,0.03953506643570797
8023,0.05377193360164239
8024,0.8236639056857615
8025,0.01655040104328518
8026,0.8321460591229808
8027,0.0071944939359245745
8028,0.4802085739943819
8029,0.10914211054684567
8030,0.2632202645369439
8031,0.8465000230993345
8032,0.028481791785961656
8033,0.004163655633317168
8034,0.11035581427992976
8035,0.4409973332729305
8036,0.002908690998635377
8037,0.014631666280283681
8038,0.03421223157056633
8039,0.006442536181481337
8040,0.008671244688973479
8041,0.08290207318796172
8042,0.8556830106072953
8043,0.8363695806102971
8044,0.018778427135108015
8045,0.07093839282564028
8046,0.02698051847118362
8047,0.3364639150764267
8048,0.9980207092431985
8049,0.03066732612892138
8050,0.36926688108660183
8051,0.9375485419180389
8052,0.004945416745302294
8053,0.9870119763177404
8054,0.007814073989730774
8055,0.15553850911495534
8056,0.9817906113730316
8057,0.9798662557768758
8058,0.10631383094829708
8059,0.06984234817409045
8060,0.0014724282767484222
8061,0.031609732133147654
8062,0.4292512609033591
8063,0.03914963994365881
8064,0.10750970121503031
8065,0.7090294303264812
8066,0.23845399046306304
8067,0.496962549530326
8068,0.01755998201305386
8069,0.10570253725422846
8070,0.43776257539812746
8071,0.8783898717783879
8072,0.18096997557733502
8073,0.9708002651606582
8074,0.8765653432041601
8075,0.011161846981239227
8076,0.9907128305430334
8077,0.9885239454228182
8078,0.06727543301603789
8079,0.9884839981309181
8080,0.09617620849996712
8081,0.0937509682283937
8082,0.0043998068038189056
8083,0.8981198068503059
8084,0.0030907865566554304
8085,0.5731598039936862
8086,0.005148865821473193
8087,0.00836381971531864
8088,0.05096838366426132
8089,0.9085176965892056
8090,0.051525910148666705
8091,0.9933850059016609
8092,0.9436829796592554
8093,0.0503852166484118
8094,0.7175948288915133
8095,0.02428925124155236
8096,0.9886785844932136
8097,0.04636658227297408
8098,0.0038772972784355216
8099,0.7076090806045883
8100,0.11975969920617166
8101,0.20687048832757915
8102,0.0038981116390164636
8103,0.009104532390466418
8104,0.9562675821821862
8105,0.2650790727830156
8106,0.002463855142697336
8107,0.35862714842521776
8108,0.8675013049008291
8109,0.9395454985651279
8110,0.156742549737873
8111,0.004738376975338267
8112,0.9305423730577808
8113,0.046051539255158626
8114,0.035885851854138076
8115,0.13875125478632755
8116,0.9829787526688121
8117,0.8890718703876352
8118,0.237096402064346
8119,0.12087128744088182
8120,0.050997083667361255
8121,0.0037812749721631584
8122,0.9797939983082345
8123,0.01817316515044299
8124,0.08434174450825246
8125,0.03464722438767678
8126,0.4678779276752618
8127,0.9888900681041014
8128,0.21569534115516525
8129,0.03278695322312532
8130,0.7049077535426386
8131,0.16440297911318236
8132,0.006276898337279414
8133,0.04847537722870067
8134,0.9207994302581259
8135,0.7743301376044854
8136,0.07231786429831348
8137,0.04667493836926137
8138,0.007976282382098984
8139,0.044226896609812764
8140,0.007252501658056729
8141,0.04023055161358811
8142,0.48673114866838946
8143,0.09962431540353826
8144,0.1978421573695376
8145,0.3061885298514588
8146,0.014666571284604888
8147,0.30625545859360964
8148,0.06500491354438782
8149,0.44873642882133247
8150,0.05063374174708821
8151,0.9888325252155004
8152,0.7470739851366062
8153,0.030888737846605736
8154,0.0935861407794713
8155,0.22428706748703314
8156,0.03321940642629459
8157,0.07176538199504379
8158,0.19461256851870734
8159,0.0057593293892191245
8160,0.7491655849129112
8161,0.16656767037723286
8162,0.012987968615945963
8163,0.00826352470864029
8164,0.4346127271217054
8165,0.016192724422399343
8166,0.11899910626418264
8167,0.9913155421797235
8168,0.0675758728957923
8169,0.9106201468947385
8170,0.20450060715852172
8171,0.0474354194189753
8172,0.3013396356962142
8173,0.7423195792344516
8174,0.09936144669847637
8175,0.781116028469712
8176,0.11667766926872897
8177,0.09539625625118368
8178,0.48188162312455823
8179,0.07799149296081212
8180,0.002896897915676604
8181,0.22968673248955182
8182,0.9394711730857428
8183,0.5219965259233953
8184,0.027079865769942504
8185,0.038039771284968715
8186,0.38190524333033704
8187,0.6590157454106123
8188,0.9804963022725782
8189,0.13878544605690935
8190,0.20184118483937405
8191,0.06028533888820414
8192,0.9504042316896653
8193,0.032526478522002245
8194,0.04443519092441683
8195,0.06069209469370718
8196,0.9633827573926389
8197,0.19645703743787654
8198,0.3862906592110724
8199,0.04509967432939398
8200,0.454358906708664
8201,0.18680723805163374
8202,0.013133534172502768
8203,0.2608764314095877
8204,0.7144200695262914
8205,0.12406290679758711
8206,0.06303821956596141
8207,0.15373698606336994
8208,0.9885723888928413
8209,0.7319498633953178
8210,0.32298125145386
8211,0.044336687434302344
8212,0.004064149796277024
8213,0.004917399969272356
8214,0.8657725887328395
8215,0.09379745024057842
8216,0.05046118920344955
8217,0.4415850530543965
8218,0.29191984033525736
8219,0.00962477618339832
8220,0.055234110733125286
8221,0.8544894814006049
8222,0.03166187748789796
8223,0.13709209201276512
8224,0.1699906065883183
8225,0.4427662489534408
8226,0.22585184186975335
8227,0.03371048566696422
8228,0.03061602711290895
8229,0.003254703190960958
8230,0.15068633654933836
8231,0.03277102464949617
8232,0.9971277861285247
8233,0.028906726564258314
8234,0.29581987605358356
8235,0.9573148856109223
8236,0.9848077215871419
8237,0.009317491285586023
8238,0.029032484466389487
8239,0.03319593518346251
8240,0.9171098642465164
8241,0.990014883628011
8242,0.016782687588904527
8243,0.04484823310018745
8244,0.11009605402623195
8245,0.15492498860219325
8246,0.09880833755987485
8247,0.9901941797619784
8248,0.31564419508360675
8249,0.5195130379924783
8250,0.31291525276156285
8251,0.0638453520171858
8252,0.28449823582042166
8253,0.330170904131576
8254,0.12542500588303768
8255,0.9078044590256857
8256,0.17905111432323031
8257,0.0017812763330322
8258,0.6805833907032769
8259,0.2563294935804799
8260,0.003622235666525254
8261,0.009115193456926435
8262,0.19111443230195638
8263,0.0498918019729113
8264,0.00582678625380691
8265,0.04458987688147393
8266,0.14118694835180645
8267,0.972187557883179
8268,0.06576930716709059
8269,0.6225914931596821
8270,0.020476918349384234
8271,0.31619811302554324
8272,0.14386829772660537
8273,0.07119369149732838
8274,0.0752417569262256
8275,0.97500700051373
8276,0.13567605493967597
8277,0.16798877405398666
8278,0.06967837147415949
8279,0.08079897068998562
8280,0.10512574321867087
8281,0.002210026636232199
8282,0.026070155134353942
8283,0.9963543834932934
8284,0.2416204511924777
8285,0.9650190892087582
8286,0.0431584316096389
8287,0.019042011653942006
8288,0.8018065339217411
8289,0.5553342346222884
8290,0.03448267251731786
8291,0.01780026480456406
8292,0.004101450725717571
8293,0.15323804123184287
8294,0.28739839826939595
8295,0.5355500100876686
8296,0.02481251326027928
8297,0.8953008109743652
8298,0.5348962797287237
8299,0.9859834484217074
8300,0.026853700889641213
8301,0.007484868037554493
8302,0.040182155184865995
8303,0.025349023349511023
8304,0.04117420267512655
8305,0.016327286906129352
8306,0.43166252813080325
8307,0.9789966365767295
8308,0.004387802982867841
8309,0.14599428727134753
8310,0.15972849988708288
8311,0.975183278738126
8312,0.8138378657998724
8313,0.3975400740957832
8314,0.05563377716614553
8315,0.9886375644215424
8316,0.8001025895006162
8317,0.028618335557485323
8318,0.009491284718074667
8319,0.019243457400692353
8320,0.02612066960081983
8321,0.020602453615374286
8322,0.4342735048752178
8323,0.1068903838816016
8324,0.02361336882694586
8325,0.008795092561606427
8326,0.7364563885665095
8327,0.02248278188045287
8328,0.04043143844424182
8329,0.3317987090110233
8330,0.9908389064378199
8331,0.16445465249832023
8332,0.30321742458074924
8333,0.005759450173702119
8334,0.5788557738554455
8335,0.9615689434815059
8336,0.6905219920713535
8337,0.08452182377381229
8338,0.007393243001566624
8339,0.05717385308974132
8340,0.07972502470060017
8341,0.23296242648812535
8342,0.9660801172801048
8343,0.04417576212662345
8344,0.9502399696990067
8345,0.030470497948408063
8346,0.9201029120500707
8347,0.09666980448245646
8348,0.13750833211053354
8349,0.21966037593181145
8350,0.20925259919419714
8351,0.030421382056175526
8352,0.9638113095124909
8353,0.6970169000732986
8354,0.0042533220391742675
8355,0.9215230631069851
8356,0.034969983022642336
8357,0.40030215803789054
8358,0.10649746052781832
8359,0.6319452074488738
8360,0.9870100688493129
8361,0.2327470930625289
8362,0.9191166042639769
8363,0.12431909890623742
8364,0.9974777234495612
8365,0.6388998058665534
8366,0.021117095033912174
8367,0.5252896479620911
8368,0.802190641980558
8369,0.005903610026471125
8370,0.10427668448004447
8371,0.7575749520308166
8372,0.058324238883301925
8373,0.7540542403529841
8374,0.2654439868527552
8375,0.3337657669416253
8376,0.07208234116316944
8377,0.020062623167608006
8378,0.43426075391668106
8379,0.016813352023345458
8380,0.48219002333825445
8381,0.6816656131582497
8382,0.9986455507624178
8383,0.016587277722918296
8384,0.006691727468429688
8385,0.0457137064848878
8386,0.9423588083316934
8387,0.9649749147160716
8388,0.16790985570088185
8389,0.11508828292340957
8390,0.003310256423263835
8391,0.03306376492110449
8392,0.017765529480173837
8393,0.6339264264138309
8394,0.43109312227645136
8395,0.11431647932447979
8396,0.07028953984563766
8397,0.9973503777715373
8398,0.9726867991820979
8399,0.07150573782408862
8400,0.116376990137843
8401,0.4703963306645066
8402,0.9303872176329718
8403,0.7397939177366472
8404,0.027615507775150913
8405,0.9454972157464737
8406,0.1438331547359652
8407,0.96900893144381
8408,0.00347984728991402
8409,0.02521557137794931
8410,0.0663892187893428
8411,0.11943640006486425
8412,0.08284268259818313
8413,0.0634459348057766
8414,0.010553738012034481
8415,0.4619503061464977
8416,0.003043856065988591
8417,0.05383253460257449
8418,0.018560395409216918
8419,0.8220156664676226
8420,0.012194003076088929
8421,0.9978810068823399
8422,0.045910618988093746
8423,0.3643418691380619
8424,0.004239647471216707
8425,0.3906280324740844
8426,0.9983368859929664
8427,0.5248102776611072
8428,0.9743248099576499
8429,0.13413766065226257
8430,0.03419095508643994
8431,0.313123017806381
8432,0.02516127945238424
8433,0.8939121413477088
8434,0.1921568870793665
8435,0.04696715153621532
8436,0.8613344763772325
8437,0.8961499783990554
8438,0.02236055480441095
8439,0.13277237257241564
8440,0.01818699933487862
8441,0.38813202316604717
8442,0.00830550821476024
8443,0.3571112653986878
8444,0.041067372473896475
8445,0.006506748523624853
8446,0.03660499699972176
8447,0.11214404799685139
8448,0.049105446156800785
8449,0.5490100846514765
8450,0.015659283487895772
8451,0.07855711212182985
8452,0.0022201652277865757
8453,0.998436264272969
8454,0.6267261250028626
8455,0.1533009932512345
8456,0.5720982418902988
8457,0.12051152190714268
8458,0.9948365344087475
8459,0.26486575919030503
8460,0.20844587280239657
8461,0.05264114495937906
8462,0.04042425097470108
8463,0.039044061371181785
8464,0.06512608590187234
8465,0.009730438469432516
8466,0.8337499102000682
8467,0.003393971430587586
8468,0.6132625058342708
8469,0.12054469167621198
8470,0.033243548923960586
8471,0.9800787030563067
8472,0.9914182278169495
8473,0.04204231329817783
8474,0.01004651916258669
8475,0.9316848088541554
8476,0.1655004893616314
8477,0.3245425879027846
8478,0.6627249013289909
8479,0.0071529708201657745
8480,0.005781995861232723
8481,0.00433156607566863
8482,0.016919543264568526
8483,0.006190190451343708
8484,0.3390065624284109
8485,0.22759745789391225
8486,0.12153032209162686
8487,0.06889498939879066
8488,0.0020790121381073926
8489,0.7769927779989616
8490,0.09586822782993257
8491,0.8756239426150472
8492,0.6663961257256117
8493,0.009154762609365518
8494,0.03507756419826784
8495,0.9712965034546267
8496,0.12250956195383368
8497,0.04456664601083913
8498,0.10403754262661949
8499,0.3423106356345322
8500,0.02283553355601188
8501,0.1431253426843986
8502,0.06668692413022342
8503,0.9041809651571027
8504,0.04401364042339947
8505,0.011456202043527906
8506,0.04130355768847854
8507,0.0597698949496884
8508,0.05179950753353244
8509,0.018337693309223663
8510,0.030572259448380316
8511,0.02348155062440377
8512,0.027169348727189065
8513,0.008524381051996703
8514,0.0298564390617225
8515,0.2986568935008293
8516,0.032031030497314726
8517,0.053101968969981796
8518,0.2185997011959334
8519,0.024830064417745115
8520,0.011271178865757566
8521,0.08231622539893801
8522,0.9121444338964991
8523,0.11012672984894573
8524,0.9862252653226866
8525,0.0059007069159823415
8526,0.689801846758956
8527,0.01700874344544764
8528,0.07924801818283754
8529,0.7770137938840165
8530,0.7802604768805069
8531,0.8684939106176367
8532,0.6094209744107736
8533,0.01896471854278555
8534,0.016043196457987987
8535,0.9937876960600175
8536,0.16776515563333072
8537,0.06454331586580864
8538,0.32906073296298516
8539,0.05094265773965369
8540,0.27364957665130296
8541,0.1948425074040595
8542,0.05231455296065973
8543,0.9868659121417346
8544,0.9773328210678525
8545,0.12769326537557799
8546,0.03245784458111107
8547,0.1823440255255263
8548,0.22146882965961695
8549,0.051839563897858584
8550,0.05949498891372934
8551,0.08140785635013958
8552,0.0388816787637924
8553,0.11667682312969141
8554,0.3410365507247932
8555,0.03952908742799521
8556,0.2403103238594398
8557,0.829598734625868
8558,0.9762293115458365
8559,0.8276287696569223
8560,0.9688101324675285
8561,0.5766819874179325
8562,0.14668009823611325
8563,0.0556618765548392
8564,0.027083945025074774
8565,0.020130433243488333
8566,0.8821407884131173
8567,0.699824700887301
8568,0.9512516737242587
8569,0.17116513780819306
8570,0.8047054709212306
8571,0.03686848555764313
8572,0.9981043268247586
8573,0.16559278014413997
8574,0.050781285906116906
8575,0.07894921846816297
8576,0.003930707531235762
8577,0.815643543641006
8578,0.9774998210095492
8579,0.061477858662748186
8580,0.6264566700157099
8581,0.38612479304759106
8582,0.016189099986274935
8583,0.5625102930027521
8584,0.7486397285769764
8585,0.03203397783921864
8586,0.06095228229143203
8587,0.05367833917971971
8588,0.19682906082441606
8589,0.012746788435366604
8590,0.5184822932988197
8591,0.9804819369365171
8592,0.09493746583555993
8593,0.12076193760024609
8594,0.0043206612837751335
8595,0.9597752286868201
8596,0.4870338036875619
8597,0.00831029129069635
8598,0.9131326459689193
8599,0.9122656691537377
8600,0.09606411346309635
8601,0.08592214477150562
8602,0.06677392519141122
8603,0.16294018341354774
8604,0.853877358072279
8605,0.025634791283095048
8606,0.0478754593869538
8607,0.36588368528253573
8608,0.9766275918430876
8609,0.031015631814920126
8610,0.033756922793877826
8611,0.8724758921146841
8612,0.1542791465482729
8613,0.9786412065622219
8614,0.952523384583113
8615,0.28189023307938865
8616,0.0782012006735849
8617,0.05059000511421264
8618,0.6159711028846354
8619,0.05595844419533761
8620,0.08146277763130731
8621,0.8999525097438681
8622,0.07479325578212272
8623,0.9526762363504869
8624,0.019003680068786753
8625,0.08394661602920041
8626,0.035455335250939544
8627,0.036080043623714586
8628,0.47821179497182886
8629,0.009273053481485105
8630,0.8948053150734689
8631,0.11763839106413493
8632,0.07554398036038042
8633,0.9505230604104737
8634,0.2167453754406546
8635,0.6968803412542091
8636,0.9278673976858504
8637,0.9842117762719147
8638,0.025556583624174557
8639,0.39185185854241783
8640,0.022513482549686898
8641,0.16645612906804488
8642,0.0032440237559245707
8643,0.8611799041105349
8644,0.0057738290962361
8645,0.004499377805556599
8646,0.36205979871162886
8647,0.23475051072875722
8648,0.06148939415356613
8649,0.4208873900541035
8650,0.0031482677720471594
8651,0.009547639259086816
8652,0.8133993386530685
8653,0.003998552884734767
8654,0.008542800711297984
8655,0.004131871128686766
8656,0.02032913816240424
8657,0.23956711038033146
8658,0.23301158239804526
8659,0.06906443462776167
8660,0.0038729615788248564
8661,0.2534120956760549
8662,0.0029573759505095087
8663,0.08922373397230371
8664,0.002407768282048999
8665,0.014379309744169297
8666,0.9681045790835173
8667,0.042447741977804564
8668,0.028260221976478733
8669,0.3107978590302197
8670,0.0027970667957095113
8671,0.2818737793010572
8672,0.8845433813934305
8673,0.022888455044991204
8674,0.06334696740937704
8675,0.9765024053982074
8676,0.911056718212453
8677,0.012496069043258767
8678,0.07748597209798115
8679,0.11796111183188009
8680,0.44757821525722974
8681,0.07734632396384385
8682,0.9362880096265616
8683,0.716657064851649
8684,0.38576751652424407
8685,0.006850645293194285
8686,0.10476990979590159
8687,0.03706391375392271
8688,0.9358425490013734
8689,0.042508619924170016
8690,0.05399947616905825
8691,0.9712324492004859
8692,0.17946585565728357
8693,0.05815505464195505
8694,0.9985481811581788
8695,0.9911178097437556
8696,0.03820318810937977
8697,0.967411400371445
8698,0.07808399969707103
8699,0.09355260624467088
8700,0.06993291373867624
8701,0.9541969079559667
8702,0.03115233684616384
8703,0.05974682449339697
8704,0.002414046156432901
8705,0.5697483398778493
8706,0.9986061770378829
8707,0.01573446791374713
8708,0.010299752299524314
8709,0.010508923276452774
8710,0.12639579827404593
8711,0.02634210996209401
8712,0.0391517829289686
8713,0.12272290959904515
8714,0.7301353689550294
8715,0.023926423128273963
8716,0.011165246162679485
8717,0.4838787931260023
8718,0.9311737017474171
8719,0.017313714261001645
8720,0.03559620525952372
8721,0.05305783007016432
8722,0.9607799595774916
8723,0.00639286486998508
8724,0.006050548706239794
8725,0.021532222342962173
8726,0.02603232986081403
8727,0.00976673031585733
8728,0.19248577643949874
8729,0.9979393181036046
8730,0.7782903037882074
8731,0.6892636219947007
8732,0.8298813113826689
8733,0.7655168248091635
8734,0.005220158000495973
8735,0.05819887063577089
8736,0.7956498103708777
8737,0.9208270848703892
8738,0.09692267052068669
8739,0.13537488978093523
8740,0.9713936688685464
8741,0.9859014875812971
8742,0.9953738513897221
8743,0.03887631700545067
8744,0.003511369549908158
8745,0.16195057058055648
8746,0.20461887508664522
8747,0.10118757142502602
8748,0.033608635719651656
8749,0.08238503745816138
8750,0.031214706363468802
8751,0.08735679895773785
8752,0.6116865623224232
8753,0.8971448662519856
8754,0.27961733025150276
8755,0.9659706826780291
8756,0.22657968171537446
8757,0.15940911334118602
8758,0.027936725796873646
8759,0.2938379700992252
8760,0.00878181108886534
8761,0.8473202309959048
8762,0.02492782623337158
8763,0.989508844508563
8764,0.17408896694106896
8765,0.191407034913023
8766,0.004991985512933997
8767,0.14451364559055047
8768,0.017324733873300233
8769,0.08399977402602013
8770,0.034067940335872786
8771,0.0051193507387112085
8772,0.00880338872079835
8773,0.030839009748973
8774,0.6120186638591955
8775,0.007379990965945722
8776,0.03417507586558198
8777,0.4001888104905518
8778,0.1309015961379935
8779,0.02549123240795176
8780,0.003984983133893988
8781,0.9716881349129233
8782,0.06338404107069268
8783,0.029439686216932253
8784,0.0032914225998323123
8785,0.009061969744271708
8786,0.10531709106976442
8787,0.0069026486491793534
8788,0.9826511072496712
8789,0.058583416158942456
8790,0.9389988544302178
8791,0.10089066361237861
8792,0.0311734488565193
8793,0.07672381034650502
8794,0.9055754424275972
8795,0.80787524272242
8796,0.005009916735809806
8797,0.5966771445447556
8798,0.9104592962867752
8799,0.0608604958862397
8800,0.018387387208049277
8801,0.01505470123410862
8802,0.013102050481443545
8803,0.6098523099038721
8804,0.00785812141928484
8805,0.12073949635347161
8806,0.1726966089475095
8807,0.027846743267996476
8808,0.5145038812050754
8809,0.3352984040018444
8810,0.011740591035468503
8811,0.28036739898676627
8812,0.9418432917329299
8813,0.015497343734282288
8814,0.5791807452811054
8815,0.9163168957267946
8816,0.9260597523400493
8817,0.9851044136943254
8818,0.8794028538793901
8819,0.351256136074365
8820,0.33346261641960784
8821,0.07692975643128774
8822,0.7463223013308582
8823,0.9473025853359431
8824,0.012493374500235986
8825,0.0360225575681069
8826,0.25301908995282746
8827,0.6536044012439141
8828,0.18668536734678698
8829,0.10554092024990762
8830,0.01424351680044636
8831,0.09375981348158494
8832,0.25537798374287884
8833,0.016390185302252128
8834,0.7651643839475111
8835,0.008599785765658998
8836,0.0883590092719007
8837,0.11147126618576353
8838,0.3257718145624701
8839,0.1381209571874385
8840,0.13489456244919112
8841,0.9855488609044997
8842,0.9758400984910472
8843,0.07560203245726355
8844,0.5278122853667462
8845,0.17515007276435365
8846,0.012345780098193301
8847,0.06672667389561164
8848,0.9854254205992411
8849,0.06808039329811934
8850,0.8740379471141768
8851,0.11725380469688734
8852,0.6772841675211737
8853,0.19357934118115974
8854,0.001856403877440225
8855,0.046050723214521166
8856,0.018141287378131386
8857,0.03643842659088208
8858,0.08841047023664599
8859,0.5180908755704529
8860,0.07153178966635675
8861,0.1039862911675575
8862,0.0512257859038332
8863,0.24373750783739764
8864,0.008424947208705564
8865,0.9137729099010518
8866,0.958281703913475
8867,0.02293151326547611
8868,0.8444882200079424
8869,0.28679472274100026
8870,0.0343397289003344
8871,0.25996630277535393
8872,0.10883321990474058
8873,0.012419033550898408
8874,0.33123373446495674
8875,0.055707578825836594
8876,0.005500562003908123
8877,0.9986059745190752
8878,0.0014011543200819238
8879,0.07673832046547215
8880,0.017452941808467293
8881,0.31599882200307494
8882,0.18293387242477668
8883,0.17101900412283158
8884,0.9722668780764443
8885,0.2943916388039228
8886,0.18917617716606988
8887,0.02185565272557704
8888,0.029639917113664236
8889,0.03686995568941271
8890,0.09788092538777282
8891,0.21896041900984703
8892,0.1458142606035418
8893,0.30785392218563973
8894,0.14556445889896616
8895,0.9550883882229481
8896,0.38306769832070575
8897,0.24002051519229023
8898,0.5292858593494363
8899,0.07308405874098955
8900,0.16463725771096585
8901,0.3921503480368825
8902,0.9982383782359199
8903,0.33820477897112555
8904,0.5329243737769591
8905,0.5758786838552844
8906,0.9690313671911099
8907,0.07823418681216857
8908,0.07182502126284751
8909,0.735854669023533
8910,0.7135838418220117
8911,0.032593916094997046
8912,0.4289923099944152
8913,0.026771489970362824
8914,0.04887285343945713
8915,0.060592524787535094
8916,0.008484493514742817
8917,0.07838628924099818
8918,0.05896708529489962
8919,0.13756720799808198
8920,0.10073645503798512
8921,0.07561562675468221
8922,0.9413449715393927
8923,0.04126207961566398
8924,0.7216685219688386
8925,0.5483402733221667
8926,0.021157659054835198
8927,0.5769223753917954
8928,0.7413730580889959
8929,0.5756654816479676
8930,0.6205951318469315
8931,0.09096041383951287
8932,0.9544407839468912
8933,0.03849030397744688
8934,0.08269968610629981
8935,0.7500577479258691
8936,0.8500951676185764
8937,0.035733753441065656
8938,0.920464441932211
8939,0.09718640563260726
8940,0.33778357923081836
8941,0.006545622662316021
8942,0.340787271460205
8943,0.40975796517426044
8944,0.6919747293204559
8945,0.8242088761960561
8946,0.1086666139450798
8947,0.9501274919851664
8948,0.14523520481948154
8949,0.32235038718563613
8950,0.4706636383702788
8951,0.9955315205532645
8952,0.044549376082910354
8953,0.04433444573934428
8954,0.03741100142190356
8955,0.9112517539285777
8956,0.6748489609098745
8957,0.9550206388141909
8958,0.9500022936027904
8959,0.2556685697253193
8960,0.019376238388643347
8961,0.7872883005565091
8962,0.010141134621696758
8963,0.9642740659362566
8964,0.33938623071491597
8965,0.01998859756886205
8966,0.2873950206306132
8967,0.021633490876590333
8968,0.020287002879760478
8969,0.006763289040717082
8970,0.004038520171718874
8971,0.012662566727014503
8972,0.008084974632984219
8973,0.46677374722456877
8974,0.047137413236711674
8975,0.9121870289454451
8976,0.19747235953092307
8977,0.05514227494725532
8978,0.4371457077790171
8979,0.0023778912264834718
8980,0.010310168876240956
8981,0.8383256362877024
8982,0.055067865340498054
8983,0.5374664354566933
8984,0.006628158777662895
8985,0.031951574050991055
8986,0.012941018260047248
8987,0.011144354864434181
8988,0.006751457121489434
8989,0.303609083567271
8990,0.014739805429366584
8991,0.1291717436717398
8992,0.017997271358800533
8993,0.09804783949212381
8994,0.9889206444140991
8995,0.5559628676358896
8996,0.03224897457696521
8997,0.9702403537026023
8998,0.021889371622135435
8999,0.15138198862746902
9000,0.07994105889012128
9001,0.1723834755854759
9002,0.011249599591740645
9003,0.9748952728573141
9004,0.09743820277851271
9005,0.8739245525675631
9006,0.9501199809060076
9007,0.10500960601725065
9008,0.05518111327287799
9009,0.030425421948750652
9010,0.8043091973858095
9011,0.844674972761181
9012,0.024347591983339516
9013,0.012635773152921678
9014,0.10853835320660593
9015,0.009592161330503942
9016,0.2693529917506069
9017,0.07072180746804167
9018,0.8336914234965396
9019,0.21305662091669797
9020,0.026022356536590928
9021,0.3068287667929141
9022,0.058845034573449764
9023,0.19444918543323192
9024,0.050081090932820406
9025,0.42357800912209537
9026,0.1327730078949183
9027,0.9973655882101768
9028,0.10080302492860446
9029,0.009287232641201279
9030,0.6084327018672997
9031,0.2107835415908856
9032,0.2222496437776628
9033,0.9854409214700539
9034,0.022905620434952662
9035,0.00952532538384949
9036,0.018686048327253235
9037,0.041372726773426696
9038,0.13065130898901006
9039,0.13471841141789956
9040,0.02576451822873521
9041,0.37413074554408565
9042,0.26721973486109163
9043,0.27827714194616493
9044,0.007836863699200999
9045,0.09062963782546345
9046,0.01751783769941516
9047,0.07321422999841708
9048,0.10800181672602752
9049,0.9813175752598435
9050,0.08480248013798489
9051,0.9716462889298788
9052,0.029723877003967725
9053,0.019314669169582032
9054,0.043406403243094506
9055,0.37576997009470736
9056,0.3328727459148596
9057,0.0598593039654059
9058,0.9969546958230152
9059,0.06205348368032686
9060,0.03575537296859184
9061,0.26377362212428856
9062,0.8866445403853735
9063,0.02537449229505767
9064,0.02530578371424002
9065,0.3587314109060133
9066,0.17190010126773858
9067,0.2624600155775358
9068,0.019013241423136137
9069,0.015026983101123874
9070,0.06979209777317927
9071,0.061969344910965216
9072,0.860897172761193
9073,0.6018683570912798
9074,0.9490958610106359
9075,0.0038256742397197157
9076,0.877143857312736
9077,0.021742857623568212
9078,0.11190630147851213
9079,0.5698443000671742
9080,0.7412344151808924
9081,0.13863005610970566
9082,0.5403204134975027
9083,0.4838434667024869
9084,0.06143351406828762
9085,0.9746545678038806
9086,0.9170321398056516
9087,0.9839570109739757
9088,0.7669437187277532
9089,0.16262515686947207
9090,0.27618733199682005
9091,0.3896449919939064
9092,0.4117702993340732
9093,0.012725910693777508
9094,0.031717031812235605
9095,0.5460305419081015
9096,0.9448746693896797
9097,0.0035747891529123274
9098,0.04599674141149609
9099,0.11345185575173757
9100,0.004503071724974052
9101,0.8088584739666009
9102,0.0515143326844317
9103,0.7449364159222858
9104,0.157716115417043
9105,0.14021447469614712
9106,0.10511244542718623
9107,0.009153796444210218
9108,0.3950588536818225
9109,0.13827424245081288
9110,0.0016350949570709454
9111,0.7822110801887645
9112,0.009547898727743566
9113,0.49853235210549457
9114,0.015922575127887046
9115,0.8554288667906239
9116,0.07926761242200059
9117,0.8953962253623745
9118,0.18863438869522003
9119,0.6052782466131252
9120,0.07493658569645457
9121,0.5714735879142443
9122,0.1259357277256829
9123,0.20777558362015697
9124,0.019764110173062087
9125,0.474480950127415
9126,0.05613115841160228
9127,0.04573321134809326
9128,0.004680650172120758
9129,0.015108494311036821
9130,0.4384112999905363
9131,0.9803147973714689
9132,0.09124734346504998
9133,0.02743430961743729
9134,0.07788900211219779
9135,0.425479263220498
9136,0.012061715261653555
9137,0.04390029517019581
9138,0.017615984418032905
9139,0.05282397787807276
9140,0.9366042500038592
9141,0.09312463940297606
9142,0.0411695611679377
9143,0.8135155160277205
9144,0.09881762724342556
9145,0.04254292321866642
9146,0.00738708478097918
9147,0.06688160626126988
9148,0.16062620456235516
9149,0.09982561132769546
9150,0.17695147416975698
9151,0.007978762251813293
9152,0.5432927207203675
9153,0.1733155819108071
9154,0.941676889466425
9155,0.9934905287761582
9156,0.8472027740092398
9157,0.9010239031187421
9158,0.28140954278159114
9159,0.004079919829093068
9160,0.31308540285546693
9161,0.014014290751531626
9162,0.09690821818851796
9163,0.0038782421799721445
9164,0.06723026853777887
9165,0.012743230453482485
9166,0.9539036655827711
9167,0.015351858247577137
9168,0.2828618802954098
9169,0.9865747255141937
9170,0.7911228956604021
9171,0.9617957167140722
9172,0.8716398676898367
9173,0.46375318474446675
9174,0.086510149176243
9175,0.04859830401606062
9176,0.0031265339455335247
9177,0.30190182705531926
9178,0.3698078463235383
9179,0.05308837289659784
9180,0.012693605054208095
9181,0.3339384631562395
9182,0.0038893155191807886
9183,0.01448316042155113
9184,0.40303641257219874
9185,0.03257631720204374
9186,0.09723573070069297
9187,0.02096656736329519
9188,0.016716690570629657
9189,0.8396324480340722
9190,0.006697093487206434
9191,0.10744165367198855
9192,0.9893188070006327
9193,0.002770808395983013
9194,0.011936153533053533
9195,0.011998224263384462
9196,0.751328335020383
9197,0.024782410638789474
9198,0.009046843314113836
9199,0.05674832134599124
9200,0.047779463223166715
9201,0.998457900934831
9202,0.03079206797109205
9203,0.05880774108572696
9204,0.16368194178285744
9205,0.0030278001446226487
9206,0.525059634010897
9207,0.5018019364089382
9208,0.0063863894528395715
9209,0.015490604220476939
9210,0.9577725353155492
9211,0.885629454988737
9212,0.2976411818637192
9213,0.07800580706355811
9214,0.01572126428895014
9215,0.04225546015774175
9216,0.20986102095736117
9217,0.031450951558364214
9218,0.16505939119683777
9219,0.04284047784902263
9220,0.018599897717276586
9221,0.44581950684189275
9222,0.1475746872939644
9223,0.9677246465092768
9224,0.10682917081466953
9225,0.9630548151007992
9226,0.9789894405784676
9227,0.03684421396791884
9228,0.007910557105299953
9229,0.009271871513725178
9230,0.09108034527559812
9231,0.07632016866583087
9232,0.9185032599186038
9233,0.005799302858659228
9234,0.04291055872253988
9235,0.06809585277655372
9236,0.010510067596841921
9237,0.11389617382746363
9238,0.1699854735996676
9239,0.08715565462518844
9240,0.6015097455396038
9241,0.16326527896984167
9242,0.002420445469379054
9243,0.987787138891265
9244,0.017188485790791134
9245,0.03716412278548493
9246,0.30628674779553156
9247,0.03215380321042098
9248,0.9889730016370579
9249,0.9979880061095437
9250,0.02249705842964491
9251,0.3575239011244499
9252,0.009132172289605528
9253,0.0027684695368164975
9254,0.0822064096496551
9255,0.9978448434073507
9256,0.11828731035822204
9257,0.3987288296290976
9258,0.8857820458845085
9259,0.026166414691828645
9260,0.0679457878282688
9261,0.9768508180149161
9262,0.7820936753231067
9263,0.01457044528947473
9264,0.04229545298528417
9265,0.020666087307388895
9266,0.8600809350261428
9267,0.3920418334457393
9268,0.05096157953815667
9269,0.80275108143136
9270,0.006343339495559773
9271,0.002169937337792857
9272,0.19538530954708871
9273,0.05611895360680976
9274,0.03475788307990642
9275,0.014210865028768277
9276,0.01076102076969894
9277,0.12108215396933555
9278,0.9939610514199053
9279,0.07538057277410498
9280,0.6739476680475845
9281,0.9795801747239339
9282,0.25051799466102154
9283,0.7425526366495913
9284,0.08759892204991362
9285,0.220263700376315
9286,0.12008607359068735
9287,0.38443892224172727
9288,0.10311779258132779
9289,0.05189685626500176
9290,0.05914662415671131
9291,0.09083638002324014
9292,0.4100055225482021
9293,0.2741525453134357
9294,0.1151226803937715
9295,0.4414328906307096
9296,0.1251765843151175
9297,0.9769779962948295
9298,0.059515024058557506
9299,0.022384874990604015
9300,0.03774344663359167
9301,0.43331551134361485
9302,0.0655433079520884
9303,0.06695893215387003
9304,0.04128261359729478
9305,0.0057027652604830234
9306,0.13533903714626003
9307,0.6657505378973032
9308,0.9616269505527962
9309,0.9716183851486933
9310,0.04066100173792198
9311,0.9040772148674316
9312,0.8396940259277185
9313,0.7903125789652002
9314,0.0354628576820412
9315,0.4320574304872911
9316,0.9044506958559569
9317,0.6054334998898983
9318,0.003911025250014776
9319,0.038468060001809634
9320,0.02266299728220219
9321,0.8590490784508955
9322,0.7004909376918015
9323,0.32058865257050545
9324,0.01117615104435212
9325,0.03537854345579922
9326,0.3385143327107188
9327,0.061472798491033494
9328,0.6628203144688682
9329,0.09011072767513349
9330,0.8268382344719882
9331,0.06648952240677088
9332,0.03397284528366367
9333,0.024729674013880258
9334,0.38798728284437606
9335,0.018591951112150087
9336,0.10578533413243117
9337,0.7366922892360331
9338,0.07620271903737155
9339,0.3639376268078681
9340,0.10219768921962324
9341,0.04082946710379631
9342,0.062094697647943564
9343,0.01574253368349973
9344,0.10557696212491499
9345,0.003404772099117601
9346,0.035458761012430805
9347,0.04998420625482948
9348,0.028552798817361228
9349,0.12802264235923225
9350,0.05408523968242858
9351,0.011669229822510025
9352,0.04571915715776067
9353,0.04958635594593062
9354,0.02928353074693004
9355,0.39381115101577363
9356,0.14087981936998362
9357,0.03248891071669281
9358,0.23473798759165168
9359,0.9758863401831838
9360,0.05351450083836839
9361,0.0017974103303926212
9362,0.020654487788890567
9363,0.014429312038405438
9364,0.48015838344830786
9365,0.003345286994227595
9366,0.09249250117450505
9367,0.9667320538078684
9368,0.10752447953425233
9369,0.05115047959661568
9370,0.9492700883230049
9371,0.4052144929516707
9372,0.014880044803762727
9373,0.0030574805743703807
9374,0.03365095610796467
9375,0.19995517277356759
9376,0.8356641300708418
9377,0.06089041664973851
9378,0.9983443119416692
9379,0.15093109984767847
9380,0.028203757887107102
9381,0.9805643554628585
9382,0.06920915524556669
9383,0.977249831835526
9384,0.4803656370409009
9385,0.9684402269406893
9386,0.004159059568052793
9387,0.51244506408386
9388,0.4406718629998509
9389,0.7115348850607723
9390,0.02637482246524978
9391,0.18959570432727899
9392,0.03905397899136871
9393,0.04420619797458636
9394,0.3596053096616012
9395,0.8493192992926915
9396,0.02792434321688222
9397,0.9980290390031613
9398,0.006604177914446692
9399,0.002648898111414153
9400,0.37850820994040896
9401,0.022645078544488093
9402,0.0657714711221972
9403,0.012698549036226855
9404,0.985262688251247
9405,0.5389059228578379
9406,0.002386389558049788
9407,0.0060723505571673815
9408,0.5219985988056793
9409,0.20564488963832464
9410,0.9279588600451694
9411,0.1334285138913114
9412,0.04013501497396041
9413,0.038912208678609166
9414,0.020118163367564765
9415,0.2095604185836142
9416,0.021776303860135113
9417,0.02857104720770855
9418,0.05126904262741144
9419,0.21043919339458914
9420,0.977284718918726
9421,0.1279250414163271
9422,0.9963599185039886
9423,0.04042239037139039
9424,0.7654527370618606
9425,0.9847509913295738
9426,0.360397112309449
9427,0.11080434052435005
9428,0.07187400326655537
9429,0.5272519103376081
9430,0.0017898408118822355
9431,0.9225984248836989
9432,0.010241172616744898
9433,0.9539703145753025
9434,0.005621701006093272
9435,0.9984551544787528
9436,0.9845035650124949
9437,0.007453766124129745
9438,0.3274935697775049
9439,0.007843347329708702
9440,0.3866079904885319
9441,0.7010438808597531
9442,0.07236756433662526
9443,0.07461463949856346
9444,0.07080467601449433
9445,0.9372414480239298
9446,0.005131309019930195
9447,0.9853995272770026
9448,0.06790661340002666
9449,0.021330597080165464
9450,0.04759158393899662
9451,0.015119150310582703
9452,0.9856578996425117
9453,0.35968879446128504
9454,0.01614712627134482
9455,0.04285641470898462
9456,0.006284636038129153
9457,0.44836010986196817
9458,0.010543814564910476
9459,0.32350161787413
9460,0.032573138198786
9461,0.9100938219833216
9462,0.36577058190477973
9463,0.052333848435224414
9464,0.11240253844287217
9465,0.0019721454543955284
9466,0.2881448551146183
9467,0.9076163818497366
9468,0.12581625522790524
9469,0.0032073361841147875
9470,0.9667841685025201
9471,0.010428184841297148
9472,0.908019602578222
9473,0.11138056625572355
9474,0.9594715504393299
9475,0.0218640573258583
9476,0.037054500967822965
9477,0.08147842326255957
9478,0.38929690134164757
9479,0.11247613921347244
9480,0.9052781378908378
9481,0.9626794746432904
9482,0.21216691456029507
9483,0.9414020867015525
9484,0.09467194620814816
9485,0.2205762275713323
9486,0.9484433223692383
9487,0.7629491814191847
9488,0.9843657424857221
9489,0.22599897016431333
9490,0.010710866928873474
9491,0.028765210194327945
9492,0.9917756687282352
9493,0.11646584876879681
9494,0.1138805895361392
9495,0.002635923835067208
9496,0.0089918646301118
9497,0.09214647512178038
9498,0.38902448435698067
9499,0.9650380257389248
9500,0.21537893134416367
9501,0.09746412007217711
9502,0.9760548458410984
9503,0.9824668618361119
9504,0.35983594934608093
9505,0.8195511484157654
9506,0.9927944210076683
9507,0.031213719427961806
9508,0.03307133202048056
9509,0.0969960146434361
9510,0.015310705111678233
9511,0.2059694156908996
9512,0.30822345931686695
9513,0.7226129218954326
9514,0.1667471324489652
9515,0.057679111984963616
9516,0.23523523901235008
9517,0.03811808215732177
9518,0.03249921840436266
9519,0.05099915341136999
9520,0.003052853638492082
9521,0.022415782551834233
9522,0.35124469038200024
9523,0.056278879173815355
9524,0.05348960872291165
9525,0.0035876632373730358
9526,0.5421773943629528
9527,0.04989265916233575
9528,0.05699800170295061
9529,0.1262137853910076
9530,0.031431755442899424
9531,0.022726808798674992
9532,0.01665140354705019
9533,0.47175857903950424
9534,0.8128303063432973
9535,0.8740406192648498
9536,0.01977534265562424
9537,0.992151254057981
9538,0.022661021418957
9539,0.5228884423456099
9540,0.8902849412342313
9541,0.2102781414533776
9542,0.31479806877570515
9543,0.0053272209525331345
9544,0.017466733546072234
9545,0.09767234832099024
9546,0.9690850173730285
9547,0.7784573321736858
9548,0.013677802031742979
9549,0.11558434275710248
9550,0.7096885468762925
9551,0.679711911947216
9552,0.9726883517562064
9553,0.6217687478907475
9554,0.9868667546887404
9555,0.29606403800831416
9556,0.014444382913008034
9557,0.979878288526227
9558,0.0816452241026093
9559,0.072694435285107
9560,0.001677271280256231
9561,0.09706526973535956
9562,0.9965204949505784
9563,0.17858249278569602
9564,0.9831418128657949
9565,0.008149963838606411
9566,0.07321973886452232
9567,0.9900848705529045
9568,0.048156422682921925
9569,0.06768170672150127
9570,0.08180059877348936
9571,0.057516617431757316
9572,0.1726345886543178
9573,0.8221474414517119
9574,0.7224182096486635
9575,0.05570797779784095
9576,0.9744245958568429
9577,0.2901914478443648
9578,0.005158936248772545
9579,0.007131721001024469
9580,0.9078395105424064
9581,0.9159857872075486
9582,0.011845105933685209
9583,0.8175154873403411
9584,0.913924967140442
9585,0.03702373530765503
9586,0.006807884548951907
9587,0.011754051126363445
9588,0.9158307891969999
9589,0.023768138510961056
9590,0.12341728834163983
9591,0.32314497016969457
9592,0.6428184850278348
9593,0.018220475841920818
9594,0.9499614835761256
9595,0.9832098512900008
9596,0.028698001609006048
9597,0.9381921673545212
9598,0.972578632510715
9599,0.09822213114683849
9600,0.9339796806620819
9601,0.6013299153414284
9602,0.008852514131681082
9603,0.11046187594880179
9604,0.11126479151456287
9605,0.1438213692117482
9606,0.001574344284327539
9607,0.2714400399614875
9608,0.7478520152499366
9609,0.5714953422491615
9610,0.01004672383398051
9611,0.004620771294512946
9612,0.010943811786422439
9613,0.0953005702936788
9614,0.4952731562218433
9615,0.14793411646094062
9616,0.9152962651576008
9617,0.027944149274072395
9618,0.5800979545930893
9619,0.1780147002829656
9620,0.006716288906543358
9621,0.17138810979328822
9622,0.011961457931874461
9623,0.5214089527779946
9624,0.258598302515292
9625,0.004628438211053444
9626,0.08798144052831261
9627,0.062249598877533105
9628,0.9792542468577671
9629,0.7922074430274694
9630,0.9332002427924224
9631,0.996184903325327
9632,0.993589244017497
9633,0.06602616113700431
9634,0.08750158495450122
9635,0.9981456517970083
9636,0.991103272036485
9637,0.006081214575842478
9638,0.043044964902226916
9639,0.08314575577135502
9640,0.1745107046378067
9641,0.02043344447933451
9642,0.10512532321077214
9643,0.1455926251022275
9644,0.9637999355907165
9645,0.08932117409527408
9646,0.3318889848214999
9647,0.3917155998647148
9648,0.0018377823747650643
9649,0.2189102676117452
9650,0.014490292741990995
9651,0.9919724127110654
9652,0.664855054063545
9653,0.22325425186831527
9654,0.2423733334061697
9655,0.029978340731828042
9656,0.3936696938401837
9657,0.9392273331297893
9658,0.9986013839288754
9659,0.06624562003378141
9660,0.04048885944108006
9661,0.038342072563081295
9662,0.9687541644030926
9663,0.007777317273908391
9664,0.005880163524327152
9665,0.12897990775087503
9666,0.04076352693747789
9667,0.061207598477579686
9668,0.2379739899699273
9669,0.0998117220157028
9670,0.7213301420964723
9671,0.4031988720543577
9672,0.04100930151508046
9673,0.053808430661748084
9674,0.6582063153763843
9675,0.13201210773332636
9676,0.09700043108908833
9677,0.0036935558398081673
9678,0.9288701823349806
9679,0.03366700923732133
9680,0.4555154541817273
9681,0.5934728280027333
9682,0.17916935493284267
9683,0.9611363767336918
9684,0.04267966537700748
9685,0.7848515581428431
9686,0.1005728226172725
9687,0.10269511845187901
9688,0.03363976780089192
9689,0.009361076242933551
9690,0.16809895885055118
9691,0.9097324046079679
9692,0.12805358769514824
9693,0.021481858247767514
9694,0.7797936008421854
9695,0.010436703071524837
9696,0.9634751857002082
9697,0.24772453784975867
9698,0.06050590546553355
9699,0.011592124060780055
9700,0.11518938476940832
9701,0.09940616669286743
9702,0.9939855028281772
9703,0.12912150769743602
9704,0.04131373033440469
9705,0.16821363506156878
9706,0.76807821717883
9707,0.09963315696274058
9708,0.01862292889014437
9709,0.23161724070122347
9710,0.43007817793960895
9711,0.07673027452669337
9712,0.43763276669593293
9713,0.569534281802202
9714,0.008108278360507185
9715,0.04606525449483113
9716,0.248954427070525
9717,0.015900568086778748
9718,0.01778258121469053
9719,0.09598495423969453
9720,0.98263682380542
9721,0.9773554849536894
9722,0.07869754842292026
9723,0.012422268358061579
9724,0.12901563847430558
9725,0.9037513275177388
9726,0.12732735955931507
9727,0.13943985299869116
9728,0.30675935494814166
9729,0.02070333825515353
9730,0.9805875091764029
9731,0.03779272279264546
9732,0.0049211798371172726
9733,0.013086771702191156
9734,0.06455203316048629
9735,0.629939606091605
9736,0.11800435432051455
9737,0.03408674567958622
9738,0.11797291939857839
9739,0.9850217406915031
9740,0.06670309146620138
9741,0.03766097217623141
9742,0.03980786831401115
9743,0.7164817546571468
9744,0.04357316769285061
9745,0.7563719270991516
9746,0.015206015366604674
9747,0.44902018872598953
9748,0.6420901806976622
9749,0.9628007229120702
9750,0.008537423676240961
9751,0.9900816641325255
9752,0.01076578096509468
9753,0.9519880046399221
9754,0.34866883361473666
9755,0.9955083317586083
9756,0.15074625996691798
9757,0.9752337301347453
9758,0.15000338929534776
9759,0.02219921002254564
9760,0.007237495267035931
9761,0.2602071182227229
9762,0.002358893595920282
9763,0.1336658026638386
9764,0.8636259780369648
9765,0.13730068922168495
9766,0.10665239993249476
9767,0.8884475986573176
9768,0.4800707589133163
9769,0.008257255245312373
9770,0.626852758218244
9771,0.09008337112472005
9772,0.06674804797461248
9773,0.5808402080924293
9774,0.0165593696457091
9775,0.09054120395468879
9776,0.005905203288334009
9777,0.1295854006869351
9778,0.10700366136536671
9779,0.16477474376316445
9780,0.9886486362294786
9781,0.1551446577274106
9782,0.7791868366316645
9783,0.1825333040738794
9784,0.4397322393656781
9785,0.9728312218453836
9786,0.5979273799841629
9787,0.23252720059984933
9788,0.00390130000946785
9789,0.21343849762835998
9790,0.27258250374612547
9791,0.06094230738137049
9792,0.11214306341904705
9793,0.12637414456063603
9794,0.7452852507331552
9795,0.10123840977559184
9796,0.05858636078176708
9797,0.8713170083719854
9798,0.48949460496278074
9799,0.03615969317167477
9800,0.04316471030497004
9801,0.013806364292197351
9802,0.14422162012973802
9803,0.01631954075864518
9804,0.811047490516366
9805,0.009272362932994292
9806,0.8396854006627468
9807,0.06606495658415623
9808,0.025715795137916414
9809,0.06193934371115978
9810,0.005656829975357323
9811,0.022248065511784428
9812,0.042488454063223845
9813,0.0031680904810838617
9814,0.09540413096450338
9815,0.2572225561065514
9816,0.18825467815657493
9817,0.06629825644648601
9818,0.491245895085537
9819,0.9492478395782883
9820,0.07062394595571202
9821,0.07842467048093199
9822,0.008649320068091515
9823,0.9470114269098333
9824,0.3113115231426458
9825,0.9827001984879351
9826,0.008777194440559702
9827,0.9942731418117308
9828,0.4997072380201833
9829,0.7611350189269818
9830,0.9754847308735642
9831,0.015277449605350827
9832,0.05447610862537458
9833,0.1667462619864347
9834,0.04946616051361797
9835,0.3426083134419423
9836,0.9837455657644195
9837,0.9950913226514211
9838,0.002069305914034832
9839,0.0490853139063947
9840,0.9970995370903226
9841,0.046506655519317555
9842,0.4923959621826178
9843,0.729719414409845
9844,0.10552685917345293
9845,0.004810785648787831
9846,0.8132997402061068
9847,0.44399073119442184
9848,0.028161881222371295
9849,0.005386410488165778
9850,0.21678214295121953
9851,0.05987877434810102
9852,0.11454807450984066
9853,0.023851138859415016
9854,0.12609458568077633
9855,0.20946082927568294
9856,0.042564271788936035
9857,0.9417156994476292
9858,0.049869446146296965
9859,0.8923212190213028
9860,0.08014757222510023
9861,0.060479903658565745
9862,0.051567650849501365
9863,0.005819582434672518
9864,0.9215427791367738
9865,0.9966035575608465
9866,0.060303119578911026
9867,0.0027967263468042527
9868,0.4684665488915767
9869,0.10121145040134746
9870,0.8442675802853107
9871,0.9789337599168856
9872,0.09298255697516696
9873,0.048428359061147425
9874,0.8612317479307772
9875,0.1242217511755396
9876,0.08990643491835265
9877,0.13175600459844533
9878,0.03858201756279849
9879,0.9004212042687738
9880,0.010103398991706487
9881,0.9416800920733519
9882,0.9429758876956661
9883,0.03547867880750783
9884,0.024983431046136314
9885,0.049535008367006875
9886,0.16061855003254985
9887,0.014968745864257843
9888,0.9564887814784835
9889,0.9983504512486546
9890,0.26510168266618545
9891,0.01968862630580334
9892,0.0939291128952688
9893,0.3418995618863126
9894,0.07310287376320353
9895,0.09646353544447658
9896,0.8048681383993455
9897,0.10686372302858561
9898,0.042993879900436835
9899,0.12841565727484644
9900,0.16987291865835724
9901,0.05827789926639144
9902,0.05077885832735756
9903,0.12565810469240293
9904,0.7410258441968967
9905,0.08187377187309668
9906,0.09718647723537914
9907,0.49635939691116804
9908,0.008675808353268493
9909,0.9707323562459695
9910,0.9794474745979933
9911,0.10000954245811085
9912,0.048552447488920285
9913,0.0226378467758574
9914,0.15743624896058278
9915,0.988707994240956
9916,0.08138698131877804
9917,0.07074194234835568
9918,0.014800900665720304
9919,0.4693688256847632
9920,0.022498884358449153
9921,0.33468166220470347
9922,0.0018764561756250346
9923,0.3714559934443589
9924,0.15320209903334295
9925,0.29026705703035527
9926,0.07959685492437908
9927,0.2747258978043406
9928,0.0064927562295403725
9929,0.9438584290678154
9930,0.95814643085563
9931,0.5489924174099943
9932,0.12080764301589667
9933,0.21030945936033868
9934,0.012290286080415835
9935,0.7995721271846361
9936,0.9878294851520785
9937,0.30029878842417274
9938,0.34789186115686715
9939,0.0526934248807963
9940,0.1847725267140365
9941,0.04291135280046289
9942,0.062048965571667336
9943,0.01162511992450359
9944,0.03605647613016045
9945,0.9659697485107215
9946,0.04459066566555936
9947,0.09399748599457064
9948,0.03721316619485017
9949,0.0073404733674573164
9950,0.05040704981904566
9951,0.1485603475987748
9952,0.010003519881898883
9953,0.9940536387488336
9954,0.7391426686504766
9955,0.1302559151204241
9956,0.8424991656842086
9957,0.013066970739520954
9958,0.9779142763352788
9959,0.21627826563451852
9960,0.662852745843626
9961,0.02203960236100931
9962,0.031092479930101957
9963,0.013340411793499084
9964,0.1849788780807548
9965,0.02852985766724302
9966,0.008365193376450634
9967,0.005074737265334156
9968,0.09626628533372113
9969,0.00523102579434996
9970,0.08544863634067995
9971,0.9896950454200175
9972,0.03884237214506649
9973,0.040213942513408464
9974,0.05222823630662805
9975,0.9755067825991547
9976,0.4079206249008021
9977,0.1462960046496384
9978,0.10739765434965962
9979,0.002892520003476551
9980,0.08123028296431584
9981,0.08807589642812072
9982,0.007620523082416107
9983,0.16653556362424587
9984,0.0220716818110597
9985,0.005661047743450935
9986,0.044534426370261615
9987,0.1650365664309516
9988,0.07290416339717001
9989,0.04622925093060015
9990,0.13844280934579617
9991,0.9524981202340457
9992,0.09253952623925558
9993,0.05356538819984277
9994,0.72118476551761
9995,0.002089573577457366
9996,0.20542863326423866
9997,0.5217278474201804
9998,0.9903752674634088
9999,0.06533000150830785
10000,0.3062979193560878
10001,0.9662989611707657
10002,0.37498581360089445
10003,0.28004680039660523
10004,0.0212435092253495
10005,0.952744002006135
10006,0.9613411395884038
10007,0.02444578664150294
10008,0.9871443586331576
10009,0.9573687460877738
10010,0.10057213192922412
10011,0.023610891782313004
10012,0.8968686046925989
10013,0.017668741774855994
10014,0.24601060417056692
10015,0.0955210757357636
10016,0.041718582935260554
10017,0.01371359329930175
10018,0.0038217201748856067
10019,0.06709212834403158
10020,0.047749537022399584
10021,0.05701027302322093
10022,0.9825988955016416
10023,0.9922856281510463
10024,0.5629680846826572
10025,0.023173110592600438
10026,0.01731240141721513
10027,0.052119280847073665
10028,0.8390944397700261
10029,0.06641400180495728
10030,0.0043079480190051644
10031,0.0822968251350126
10032,0.6693831025620289
10033,0.9176908464088958
10034,0.007738987963804811
10035,0.02334772590984935
10036,0.09828867132754404
10037,0.9348978566509586
10038,0.015424522339253564
10039,0.40465215858203407
10040,0.19052671760016254
10041,0.02554939330936114
10042,0.8868557098557974
10043,0.025925581006471143
10044,0.2970649180470377
10045,0.01568813782208623
10046,0.007407473333578362
10047,0.8716336554710818
10048,0.15265535556592294
10049,0.8093034154803316
10050,0.011060261610219658
10051,0.458178577538637
10052,0.9852483437609285
10053,0.09076503618142279
10054,0.6328262192283237
10055,0.2064697706185853
10056,0.009638341006262865
10057,0.9688040887530023
10058,0.9607996868239687
10059,0.04998034917615883
10060,0.8333878620059325
10061,0.08970683927076677
10062,0.003454629891235292
10063,0.053689373919125
10064,0.9863820305733476
10065,0.1326335197427084
10066,0.06940406992439031
10067,0.04393707096572269
10068,0.01618812069752286
10069,0.04669439281446035
10070,0.04373589580528513
10071,0.6764432458351447
10072,0.961668799014235
10073,0.7504533155436242
10074,0.24554740494788985
10075,0.8706352658776519
10076,0.9482881628935489
10077,0.05877638193832076
10078,0.027631968007945654
10079,0.11766319311274046
10080,0.09579773388182941
10081,0.08123600797696426
10082,0.39789404655394933
10083,0.007840145148785671
10084,0.1457312692374602
10085,0.35358723478064663
10086,0.07394212540067702
10087,0.754529721820782
10088,0.025326638079270804
10089,0.7715978948322934
10090,0.003059616190068237
10091,0.06566731726640593
10092,0.005077613312615626
10093,0.035673159537400634
10094,0.4026735253325505
10095,0.04216064362461197
10096,0.02877961155897769
10097,0.980581551641062
10098,0.17722591978994992
10099,0.241996831062077
10100,0.010908768803258584
10101,0.006684148585440742
10102,0.06195026516273418
10103,0.026924567634091793
10104,0.9541218879628386
10105,0.005084534784696921
10106,0.17367037679298758
10107,0.0040934187053008894
10108,0.3017928450182025
10109,0.07986535505151114
10110,0.15666054220010037
10111,0.02992350202147271
10112,0.017407917993067113
10113,0.06797397791633955
10114,0.1553970561500941
10115,0.005674247691852228
10116,0.7346432320619876
10117,0.04405750943474948
10118,0.1385453938924031
10119,0.5568401162478089
10120,0.33300956004411936
10121,0.1485662494499549
10122,0.19634962466418088
10123,0.1251902027602992
10124,0.006866127441354698
10125,0.06936153152193232
10126,0.9846905089770556
10127,0.03593245682960934
10128,0.04390962216775886
10129,0.04119571976653971
10130,0.1503895006284689
10131,0.7128040820302969
10132,0.4695625721657488
10133,0.11186742142941725
10134,0.9850261615519798
10135,0.05714402368744614
10136,0.013310784446638368
10137,0.007748624760079092
10138,0.4838696690267887
10139,0.8856675680748549
10140,0.23605877947198461
10141,0.1951755224251841
10142,0.017519698458302372
10143,0.06959464354844942
10144,0.0029452688874246347
10145,0.011365453422642925
10146,0.08690698106148478
10147,0.3684075749708354
10148,0.6578697495255036
10149,0.7856427868036943
10150,0.08861152138173006
10151,0.03513393966635507
10152,0.008457935111930128
10153,0.9435760648654707
10154,0.05445363495048772
10155,0.02846667284119553
10156,0.5837015225250068
10157,0.23547126782146754
10158,0.6182824739857992
10159,0.1925441804942699
10160,0.9716242628935162
10161,0.019511964663844607
10162,0.9478350102205247
10163,0.9979814571219631
10164,0.008356160292644032
10165,0.013481976841829692
10166,0.0026751533769193703
10167,0.6451050305151808
10168,0.34327826105955495
10169,0.9121992669916406
10170,0.008109760913612785
10171,0.23639812166226404
10172,0.2758016245234719
10173,0.20222626185215753
10174,0.006237212422300799
10175,0.397659592885452
10176,0.004463678644417444
10177,0.9977358110747578
10178,0.027169883784568638
10179,0.044361062228475336
10180,0.1622075569667569
10181,0.0062058511179410615
10182,0.03851249607983476
10183,0.9640336462871739
10184,0.9976496888012393
10185,0.920110026753244
10186,0.39284950972263727
10187,0.03771866755188319
10188,0.034035875866733144
10189,0.00801040546122683
10190,0.002733744215488273
10191,0.9816509520303446
10192,0.9611747128511808
10193,0.23463744272146442
10194,0.10109792547769655
10195,0.03346609933445649
10196,0.6223006951843956
10197,0.03156984430380678
10198,0.06623162850925567
10199,0.08438954405580419
10200,0.0049908985998478265
10201,0.014662694631982815
10202,0.04226414698626301
10203,0.018684807829217942
10204,0.8872827009992554
10205,0.012385159042209416
10206,0.9963558011017999
10207,0.020426400186209698
10208,0.9803774190323891
10209,0.8936405816382338
10210,0.986328914476094
10211,0.5589415099186422
10212,0.8999141078804156
10213,0.365258550489071
10214,0.16463409477976929
10215,0.025375408051695785
10216,0.4216206530779375
10217,0.8226245108089406
10218,0.008676329183515491
10219,0.04674966465277004
10220,0.13853989867992222
10221,0.01563701821481104
10222,0.0036465316373045682
10223,0.9671334808873236
10224,0.8481668395427041
10225,0.07121961436032807
10226,0.03140811240863307
10227,0.998266605653096
10228,0.010645337677657109
10229,0.4536455958156974
10230,0.9974677752630985
10231,0.014956834348168814
10232,0.18505367538916342
10233,0.1807436165640277
10234,0.08153459500897949
10235,0.01757270100197661
10236,0.034536377760423245
10237,0.49967079748124277
10238,0.06846654986699875
10239,0.9153896373859726
10240,0.0723071165073548
10241,0.03456933925579788
10242,0.1253037906896483
10243,0.08237873385760962
10244,0.005867569979341559
10245,0.9360163731042727
10246,0.0456515581423147
10247,0.4805327490894421
10248,0.641369486803808
10249,0.7521928741316204
10250,0.010052729873622547
10251,0.022574049826404704
10252,0.020243516092364227
10253,0.8254309858142358
10254,0.19930647397765214
10255,0.08101567601723454
10256,0.9013589475078032
10257,0.8113664789692457
10258,0.015084774770531327
10259,0.03540138748104094
10260,0.9782426540754581
10261,0.015061665211806142
10262,0.0029127188290160857
10263,0.6718221961873593
10264,0.6935629707012653
10265,0.014172713338031146
10266,0.5952197301700101
10267,0.8875703315847845
10268,0.01007982919820631
10269,0.03894413105155841
10270,0.5726005557114566
10271,0.01142473163131792
10272,0.08180680379284377
10273,0.7469969151677767
10274,0.5092589351937348
10275,0.17291008780734476
10276,0.24422175647111544
10277,0.13692085635021117
10278,0.15299404524734378
10279,0.9853770933456507
10280,0.024621732100297406
10281,0.6512767462136679
10282,0.01965000998920962
10283,0.5283660708140613
10284,0.25230563484320606
10285,0.04737772741974523
10286,0.10372525216905043
10287,0.2685834769579622
10288,0.9385180824355601
10289,0.8298433114813828
10290,0.05112995393571419
10291,0.03468755925434129
10292,0.014383812642831912
10293,0.09187755224069877
10294,0.5012259445734275
10295,0.29315404573987897
10296,0.9769577021008471
10297,0.1405621206228153
10298,0.07086465185593811
10299,0.13991777267962213
10300,0.9178999070107797
10301,0.006626931931196024
10302,0.7891915085412449
10303,0.07630215685686922
10304,0.1974173357841575
10305,0.033280667593027495
10306,0.8817662957829796
10307,0.10143047309451876
10308,0.14157082300778945
10309,0.15953051204559027
10310,0.07293939383588365
10311,0.14064281364310383
10312,0.9763815974280846
10313,0.038292993340169806
10314,0.0014430624467306986
10315,0.6404174072541738
10316,0.2959569345230002
10317,0.06268292566079535
10318,0.4109044009481772
10319,0.012946323756405559
10320,0.09520402064114884
10321,0.06616747098442052
10322,0.12871400777161057
10323,0.08167812693895933
10324,0.0035475184891163416
10325,0.26400640825762023
10326,0.4622204799197315
10327,0.011739113235612261
10328,0.8308833569769986
10329,0.12017681773000456
10330,0.021857539140093245
10331,0.05127596946126492
10332,0.04671821828609106
10333,0.3243497333694403
10334,0.8665273137292191
10335,0.9323121880527574
10336,0.3037637724436686
10337,0.3865546394306445
10338,0.4741574766929456
10339,0.46765715036006644
10340,0.7015402653271648
10341,0.056336193381319774
10342,0.7535833171844258
10343,0.9173151636455659
10344,0.7523996995974583
10345,0.013995100147701655
10346,0.9666771077858289
10347,0.9541538165850714
10348,0.07466222012983098
10349,0.8219777436880265
10350,0.15242957163852686
10351,0.9656072299642561
10352,0.02157594235589884
10353,0.9234324350576657
10354,0.5180435136328883
10355,0.14290196558622303
10356,0.11478889033973078
10357,0.07739507557833265
10358,0.9835473034438188
10359,0.018175482633766754
10360,0.9531431740757321
10361,0.9593544479016839
10362,0.0068660377503654
10363,0.017406434888166036
10364,0.2583804029708891
10365,0.012971185194591017
10366,0.06881207886086174
10367,0.01644321248880251
10368,0.9867708275386402
10369,0.030346442571870462
10370,0.002938778817765404
10371,0.2876508760315626
10372,0.028504091847808808
10373,0.4130224419693353
10374,0.9701144036747312
10375,0.002057507708801096
10376,0.021310614188083346
10377,0.1668482749697635
10378,0.5660511159011936
10379,0.030005445171552746
10380,0.0963631016837461
10381,0.02808761088905834
10382,0.9767951312790732
10383,0.9985452952362041
10384,0.04188129343062022
10385,0.0393879603922835
10386,0.0780277097289025
10387,0.0047945745216927795
10388,0.038603789794147074
10389,0.05201423279208324
10390,0.33404105068478507
10391,0.008040728349511852
10392,0.15121016351153535
10393,0.014381315332691828
10394,0.7757881920954968
10395,0.12126655151458471
10396,0.4788429177995436
10397,0.11378713560018855
10398,0.9339461613005515
10399,0.12253763620251264
10400,0.6603900598418966
10401,0.4703551437965201
10402,0.5254779865455533
10403,0.05123125639936793
10404,0.015482853297586632
10405,0.6500530088723484
10406,0.5570451686926511
10407,0.009166384902844318
10408,0.9731780988290845
10409,0.06927100887213664
10410,0.4914898837017164
10411,0.09076133510613256
10412,0.12522890684925048
10413,0.04258240517854283
10414,0.9853985279379242
10415,0.15772826060798606
10416,0.6171839781311912
10417,0.05350004033375996
10418,0.9782449477517908
10419,0.1395572593026875
10420,0.7734066110651883
10421,0.9373743533950593
10422,0.5860771729556213
10423,0.09123583585880123
10424,0.7290545835638752
10425,0.2044648703655762
10426,0.012134246874206086
10427,0.05970704328846482
10428,0.019422650628070075
10429,0.04023582149986616
10430,0.1376759706286926
10431,0.5774573093307891
10432,0.9705782716999416
10433,0.11357181103530078
10434,0.010316357462614799
10435,0.044379840262517546
10436,0.07534708066497868
10437,0.006503771374972318
10438,0.009425431005322239
10439,0.0023798907386631115
10440,0.0022063046461386513
10441,0.8696651634591612
10442,0.9472620316756658
10443,0.525797757660404
10444,0.20499505204117713
10445,0.029725134688886365
10446,0.005899964754784823
10447,0.716536451809036
10448,0.010712320531531897
10449,0.9803825818570386
10450,0.9882858077297463
10451,0.23454904777147087
10452,0.9861844196796565
10453,0.7449604216274284
10454,0.27359134224728343
10455,0.014528537972195292
10456,0.011875254050922417
10457,0.008610123641007468
10458,0.9363735778201085
10459,0.08433469979584783
10460,0.03583030566944264
10461,0.31706091117479784
10462,0.2194194380289888
10463,0.07435549037796584
10464,0.953633684005843
10465,0.033939207773697966
10466,0.12250848410314699
10467,0.027095594388087552
10468,0.6734176211440663
10469,0.8376761321375364
10470,0.8320315020969125
10471,0.016692061252573095
10472,0.6743607758706622
10473,0.10391202914104321
10474,0.2394446402829204
10475,0.026413849943441044
10476,0.09011150840659658
10477,0.990461468473063
10478,0.8735829961941667
10479,0.06163165156923345
10480,0.9778194032337675
10481,0.9584432104464364
10482,0.23557955001594
10483,0.08582298130797958
10484,0.9715131305864716
10485,0.03651265035174085
10486,0.12146195471487402
10487,0.08535017834563216
10488,0.0396226640960081
10489,0.22229503401256165
10490,0.6790957636229583
10491,0.03736952099288453
10492,0.0023820408266436656
10493,0.9899945938124317
10494,0.17701742902899864
10495,0.982588925835592
10496,0.17124603066422725
10497,0.04395385409385313
10498,0.23634986119783746
10499,0.04115560721858454
10500,0.9896262390384543
10501,0.4179722350139911
10502,0.6131200696509606
10503,0.967789774267215
10504,0.20116925366540184
10505,0.02354917071706564
10506,0.37194778240626264
10507,0.16805424599982693
10508,0.04042950277822923
10509,0.05452974825137916
10510,0.828756201945508
10511,0.23847383490603535
10512,0.03483878423845745
10513,0.08395576508012562
10514,0.8216498201102502
10515,0.008410938564499293
10516,0.7811825124090872
10517,0.03940295962948559
10518,0.2810806189366424
10519,0.8104836233537199
10520,0.9917379749669999
10521,0.31976594401238745
10522,0.00792843964584924
10523,0.0156929970866784
10524,0.9383153985757967
10525,0.6408329728217205
10526,0.2849532867536713
10527,0.4925714962501962
10528,0.834813815213646
10529,0.9563271039063181
10530,0.08314510814452933
10531,0.03701933380261581
10532,0.05012034528656135
10533,0.07334460263773832
10534,0.0792063080940713
10535,0.3391065694738789
10536,0.9810753519160013
10537,0.08677165303320399
10538,0.022416190194427348
10539,0.10057102167164064
10540,0.7028847037675525
10541,0.94304734526354
10542,0.0934448629636121
10543,0.9262400244913569
10544,0.7584549564150628
10545,0.9520694989392747
10546,0.9985617922643135
10547,0.7497817753395611
10548,0.02082490023979224
10549,0.9799187854230949
10550,0.15707168141439948
10551,0.0065364221345182195
10552,0.012208792344195706
10553,0.04371686282212996
10554,0.870408322213744
10555,0.09598121514287371
10556,0.23069772190097274
10557,0.04748788285006639
10558,0.8861592861274149
10559,0.8894144837154712
10560,0.055530835900020524
10561,0.0020139944726524656
10562,0.17803661067771098
10563,0.8986073508453013
10564,0.6936423727211486
10565,0.008584314402554772
10566,0.44483823960876806
10567,0.025898633142282183
10568,0.05909715880227928
10569,0.11343616896100477
10570,0.41855927392440156
10571,0.07468406806832205
10572,0.12762607610601973
10573,0.30933735402410095
10574,0.9769947287555495
10575,0.0046379096998423195
10576,0.010858322105605035
10577,0.9629604776652884
10578,0.8166032530927637
10579,0.06834090087978124
10580,0.005601111321308371
10581,0.026270106389175634
10582,0.9491890663056031
10583,0.9633812098037717
10584,0.029692233977011543
10585,0.9561101356913975
10586,0.38337276566953676
10587,0.9346631431101513
10588,0.020828263096916825
10589,0.17309647485009447
10590,0.41086825041179637
10591,0.008140491966456817
10592,0.7862209869823638
10593,0.04090873654212304
10594,0.03560108819877688
10595,0.003983019370202385
10596,0.1539079694917346
10597,0.9581104283187911
10598,0.14691735200844305
10599,0.10411282236558944
10600,0.17438506544110147
10601,0.751264954549018
10602,0.07144440254139192
10603,0.9593664592203208
10604,0.0017944270338603465
10605,0.6709365102174795
10606,0.9884740438128183
10607,0.013978203318032652
10608,0.04511453772954182
10609,0.11286439100782003
10610,0.07584100307117439
10611,0.9443814090735692
10612,0.0122274304115909
10613,0.05753479031539869
10614,0.02314171712167585
10615,0.046510935202076366
10616,0.15828611370527113
10617,0.42268464469680905
10618,0.9307259458760554
10619,0.008512312653168009
10620,0.937446941922797
10621,0.19990669979697134
10622,0.5224809974200532
10623,0.08934492748787809
10624,0.09755734676295313
10625,0.21383499927107108
10626,0.12024586670056465
10627,0.08105428927174374
10628,0.3876125403167579
10629,0.004333096148287089
10630,0.9848493862301364
10631,0.002387454694927248
10632,0.042186007761190324
10633,0.02310632433248796
10634,0.5721064765095518
10635,0.9225687479781373
10636,0.688644018902819
10637,0.9980828939179851
10638,0.08579639779513443
10639,0.2344355651845683
10640,0.19882682663326942
10641,0.24709818680784537
10642,0.3006448538964614
10643,0.004923562805004668
10644,0.024610884956905884
10645,0.9977015676420432
10646,0.007552916951762497
10647,0.0074609634592912215
10648,0.003642309620106428
10649,0.9164957302750342
10650,0.25162314162585336
10651,0.12935082923417165
10652,0.9965173147597979
10653,0.2826495946416795
10654,0.8770890650913422
10655,0.17750506553552464
10656,0.9830714001882073
10657,0.18653274906287792
10658,0.29908851856738905
10659,0.02106256305130081
10660,0.003622392750834138
10661,0.9707851695718642
10662,0.021749984430672182
10663,0.18847102909855284
10664,0.0660186466279097
10665,0.015531967738817437
10666,0.36630925818914106
10667,0.3237253469267698
10668,0.6266001768577336
10669,0.011371866829198834
10670,0.02422520245596011
10671,0.003054893507821545
10672,0.0022719250721429697
10673,0.21430991044763842
10674,0.465578372823952
10675,0.5936046891410799
10676,0.03579588709291941
10677,0.9872747934090784
10678,0.06852125723950805
10679,0.06303799591217109
10680,0.003182519788349354
10681,0.49593108958727034
10682,0.036501699949434356
10683,0.4568479008462746
10684,0.032774435000512116
10685,0.9758695801095583
10686,0.9868736668060583
10687,0.02330251700433472
10688,0.01903171818897641
10689,0.8554561788714198
10690,0.006426545721213745
10691,0.3638340289845661
10692,0.9374066162218103
10693,0.8246489032825279
10694,0.0212490025038755
10695,0.5622435321830987
10696,0.08881901943527351
10697,0.012106974941043739
10698,0.8084461492242732
10699,0.9981675032852453
10700,0.9002088300785124
10701,0.11922760653663209
10702,0.00927112792227109
10703,0.9593118104628445
10704,0.4495801161565092
10705,0.9827156392929045
10706,0.7393087793678731
10707,0.9609697332508988
10708,0.003528592834232747
10709,0.17079522824717713
10710,0.005392485481789045
10711,0.002508095858724912
10712,0.09901755084880987
10713,0.13393651582360377
10714,0.0089291086662303
10715,0.3131134117074719
10716,0.850748378438625
10717,0.08197798344360908
10718,0.0019027669160783956
10719,0.14460475729664832
10720,0.7702518322636666
10721,0.9790323035859347
10722,0.9686217116938244
10723,0.943045066787096
10724,0.0051631928912575864
10725,0.13196032872342564
10726,0.9204381772031843
10727,0.9905172489622281
10728,0.03147580546291846
10729,0.0720338671549884
10730,0.009976975544617402
10731,0.9968771389325495
10732,0.10403500072421538
10733,0.05103085987023559
10734,0.16159042217847314
10735,0.9775411885387427
10736,0.012199126490422024
10737,0.41939336735341054
10738,0.0033516169140108813
10739,0.8948067816313096
10740,0.252622180864828
10741,0.1932118186981768
10742,0.7876493789044345
10743,0.010394247765289933
10744,0.8319166006222919
10745,0.192775835252518
10746,0.6764381308092983
10747,0.008731302071891739
10748,0.9728241060838594
10749,0.9965326555370454
10750,0.8218008420819523
10751,0.013032036593873787
10752,0.054910886832910746
10753,0.18391051400995
10754,0.1516447372103317
10755,0.016864876028806663
10756,0.14389968988165233
10757,0.7144149192013712
10758,0.46003993067030385
10759,0.07552253313190305
10760,0.3303803748906629
10761,0.010773953292662782
10762,0.07498382724428605
10763,0.48862599638618226
10764,0.960412695442156
10765,0.9192735457751209
10766,0.0661202706535228
10767,0.08376495636795059
10768,0.006568729489646045
10769,0.17216835715539763
10770,0.989079909727517
10771,0.051268282669315525
10772,0.02672704001089393
10773,0.003253519720822576
10774,0.012384099620142669
10775,0.4333771257594872
10776,0.5733953332946151
10777,0.031047855835497
10778,0.0741205320938442
10779,0.8723664946947848
10780,0.005123393497092457
10781,0.10455120668161469
10782,0.003980171147483868
10783,0.7932940571382608
10784,0.09308765343800765
10785,0.35286573258284726
10786,0.953737442901823
10787,0.09392649098848033
10788,0.018254592399648762
10789,0.9966491683616562
10790,0.42362128025103396
10791,0.04794754402759451
10792,0.008542492280137606
10793,0.739620866844134
10794,0.23633783333461175
10795,0.6832198871198638
10796,0.07318697305367941
10797,0.054436539178918254
10798,0.7497163314600802
10799,0.2594872440044382
10800,0.2708886759162089
10801,0.041705902044801936
10802,0.011103385157653217
10803,0.09025441837628184
10804,0.9911928624808735
10805,0.8945875970988513
10806,0.045836314345558855
10807,0.06753643326666389
10808,0.04524476244190697
10809,0.18965534264255554
10810,0.9468016550147378
10811,0.03394478143004433
10812,0.027479843660361127
10813,0.023463435937359237
10814,0.05289061791985671
10815,0.38691127098131284
10816,0.08925910187309179
10817,0.9708857174636405
10818,0.07191817438831624
10819,0.09050983183186911
10820,0.004928684100662381
10821,0.07487565084085475
10822,0.03914336671233779
10823,0.05850093399484979
10824,0.011633235515714225
10825,0.04677333938845778
10826,0.06840842495315244
10827,0.0022262797246698405
10828,0.47992718278233276
10829,0.07790278421414233
10830,0.06720657999758817
10831,0.41480282926476797
10832,0.3082276058115893
10833,0.0362216858223518
10834,0.08328199736717926
10835,0.3852807392632096
10836,0.014000314796269621
10837,0.5336604242660706
10838,0.44074287284966523
10839,0.1917361855187109
10840,0.012130957075674211
10841,0.14619632357579726
10842,0.8495583851191391
10843,0.9665740822052998
10844,0.3467681585526543
10845,0.057310140067729866
10846,0.13116452508387527
10847,0.035110747101539594
10848,0.2973794221111067
10849,0.08093853206285555
10850,0.10592480310039537
10851,0.24980688119835018
10852,0.9158877566496858
10853,0.04569340700262739
10854,0.0015538285624449443
10855,0.012907389283585504
10856,0.12752968173020343
10857,0.04648112438109231
10858,0.1809096643525027
10859,0.9630751758614187
10860,0.27328874160882854
10861,0.06818717774124868
10862,0.09958870133136948
10863,0.10491393052791123
10864,0.9067720986588667
10865,0.21479296792450453
10866,0.0792030027299709
10867,0.05716511973037423
10868,0.025958517700393074
10869,0.9733072938316141
10870,0.3175695568203856
10871,0.01771742124186892
10872,0.08099939758058765
10873,0.06005081120664573
10874,0.9827005519738977
10875,0.15851876669166776
10876,0.09590834769950281
10877,0.04774121818641896
10878,0.004418140633645654
10879,0.9355447687707037
10880,0.028518793497859025
10881,0.9591824452734836
10882,0.8495040988664068
10883,0.6796225512616355
10884,0.9777792133832462
10885,0.005842424611672684
10886,0.8290960571058629
10887,0.04121564491516048
10888,0.9696333644916784
10889,0.15187767389691462
10890,0.8965043325428159
10891,0.015119957804094586
10892,0.004870134378111196
10893,0.9619082624858128
10894,0.9846482061417412
10895,0.9657561245297817
10896,0.11843859299516639
10897,0.02867397797380837
10898,0.014883514510499688
10899,0.0066460005364493285
10900,0.016304228176287208
10901,0.3878641145391137
10902,0.06435681671609307
10903,0.15471496692882564
10904,0.01408384051261219
10905,0.48431223429002307
10906,0.14170049753285174
10907,0.059616554065570475
10908,0.7072980484150774
10909,0.00957974537536991
10910,0.9637010718486666
10911,0.9748175043543846
10912,0.013504985092641524
10913,0.8970432758642639
10914,0.9979261105527455
10915,0.852288078870274
10916,0.9911064321871442
10917,0.15314436529349357
10918,0.3686553437734024
10919,0.1444983379493194
10920,0.9869341289390132
10921,0.9907500613420125
10922,0.9222327856803998
10923,0.8641976895884876
10924,0.5747504219693482
10925,0.1512685417928592
10926,0.5487158671879999
10927,0.02985597383504818
10928,0.4832184342775113
10929,0.9829034565105658
10930,0.4607521478092813
10931,0.12751090994900433
10932,0.016146612303596694
10933,0.19133867317538444
10934,0.23131330538899536
10935,0.9679995897939253
10936,0.317381953403731
10937,0.1742323122200296
10938,0.9679152652746664
10939,0.2580684972390189
10940,0.9151391194943648
10941,0.993366701209162
10942,0.6154387855282328
10943,0.01577271510562374
10944,0.018350074968418655
10945,0.26153004689772874
10946,0.017159120684766892
10947,0.03768691579722112
10948,0.003970693450756176
10949,0.017916061343287933
10950,0.010886664527008701
10951,0.9291553561389101
10952,0.0540604065385558
10953,0.033170528623064535
10954,0.07471587306039497
10955,0.20125779045148326
10956,0.66619865980911
10957,0.002788908845949553
10958,0.02871269159840335
10959,0.003017197439412437
10960,0.9572740777593376
10961,0.4386131479392116
10962,0.7180086069912599
10963,0.2681819331362304
10964,0.0018976466745506699
10965,0.748029017442377
10966,0.9382006687100413
10967,0.9358477437231094
10968,0.21044545136354387
10969,0.13291679449772814
10970,0.029885745855393407
10971,0.14635090045023502
10972,0.5328765114431163
10973,0.6538749891818079
10974,0.2618534091769416
10975,0.565593477273861
10976,0.1277815013540178
10977,0.9536306296750611
10978,0.1527992617702353
10979,0.004736653763488598
10980,0.9174538076980632
10981,0.4677102472220611
10982,0.9899496306545693
10983,0.07873050253567822
10984,0.03908989293739122
10985,0.9211177945124154
10986,0.047999591144961995
10987,0.036736242346344886
10988,0.12448625662083686
10989,0.06327719555666239
10990,0.05642516177016014
10991,0.060337889506779534
10992,0.018742234497343708
10993,0.050008475568730386
10994,0.0034219971101854445
10995,0.19190584543165645
10996,0.38224539043217787
10997,0.03771136279812526
10998,0.03373435639472795
10999,0.061175856291785305
11000,0.02771586019371507
11001,0.011289388295416512
11002,0.33638725010560594
11003,0.4225861638173891
11004,0.9846634668033485
11005,0.004285803826461158
11006,0.0044744934001058325
11007,0.1213942255389362
11008,0.19126341522688783
11009,0.033849911569397664
11010,0.053899881716032154
11011,0.004091054983071712
11012,0.16570142096822213
11013,0.5180215531431687
11014,0.04820311658770917
11015,0.1012868543767484
11016,0.010218349904203863
11017,0.9434527623626712
11018,0.007665484275160266
11019,0.09351836810831922
11020,0.9104236273968199
11021,0.0190884393817227
11022,0.18070747743905824
11023,0.0037095174699782107
11024,0.7439414958123594
11025,0.09375986578823657
11026,0.7391279094953156
11027,0.27389634011935
11028,0.8799906421395405
11029,0.02643376671881786
11030,0.01981892825202049
11031,0.012150234142790782
11032,0.9325534758822203
11033,0.04657416865695932
11034,0.021673734470005816
11035,0.9296642246431539
11036,0.0857729456841984
11037,0.9888637186482947
11038,0.32693466001517313
11039,0.9908225739680464
11040,0.011671941640693694
11041,0.053483721044237965
11042,0.9711260752946853
11043,0.06735812096182148
11044,0.19009677437195555
11045,0.9010377987366871
11046,0.019643740782216656
11047,0.5324803568926942
11048,0.031390706685743903
11049,0.008662642617947771
11050,0.7352182671002583
11051,0.32246693785380853
11052,0.3808023234262551
11053,0.5123573113480127
11054,0.9868586018883895
11055,0.876014645027685
11056,0.12538773902619693
11057,0.06616923230135223
11058,0.08850976741117447
11059,0.050002168884140066
11060,0.3177105059997478
11061,0.6244775173778704
11062,0.9715899736592764
11063,0.002542166116755409
11064,0.8744546868859091
11065,0.9681441281196459
11066,0.056933048488487126
11067,0.09578606737159795
11068,0.9510818926251603
11069,0.9429753371996297
11070,0.09029310465748028
11071,0.02633206923851899
11072,0.9346597986409283
11073,0.05867942467314512
11074,0.9965606389857912
11075,0.03921226541664091
11076,0.1016508889622794
11077,0.03020971331906393
11078,0.5589264712436353
11079,0.022125084102007097
11080,0.004073837276384458
11081,0.024250903472032376
11082,0.9250531616957798
11083,0.0788865437003905
11084,0.027741210495353816
11085,0.09793265220773804
11086,0.24415610900430987
11087,0.004986729769442867
11088,0.008867412642594472
11089,0.9883633239420121
11090,0.9827080087287011
11091,0.01867716453827132
11092,0.9544185117512535
11093,0.7031832497205046
11094,0.10522884862941285
11095,0.9465890089373982
11096,0.48945868786788777
11097,0.06516480590973521
11098,0.14091912168882853
11099,0.9524409159170052
11100,0.08553605141142219
11101,0.2682248505974372
11102,0.030712774844730905
11103,0.9498482521584142
11104,0.08425531230322135
11105,0.10366174567508968
11106,0.9716816093161131
11107,0.9847937003640699
11108,0.2901657107735608
11109,0.9760934059745322
11110,0.0717814713794901
11111,0.9645014823388424
11112,0.058338169311101
11113,0.003003416229271729
11114,0.07364210258907948
11115,0.26437483290539454
11116,0.2007207013538524
11117,0.9677559195455971
11118,0.10817159882908411
11119,0.9630262742625422
11120,0.0072196899303276696
11121,0.07299434136776821
11122,0.007965909636454351
11123,0.9980334794152611
11124,0.8564722646614249
11125,0.9847586573422886
11126,0.0719022806323831
11127,0.0946474734763968
11128,0.9541016706376175
11129,0.017452291292937554
11130,0.07182791571257638
11131,0.9533414988732946
11132,0.07400305982219146
11133,0.477405168562086
11134,0.07080562393737025
11135,0.9841422907700017
11136,0.23262759946418793
11137,0.012071039395819265
11138,0.9490165383410483
11139,0.02685548655206148
11140,0.9637332598647675
11141,0.02710373468413805
11142,0.1102586756735553
11143,0.9523190992912194
11144,0.01630391167607916
11145,0.18802444434683893
11146,0.975606779453625
11147,0.01608565906905148
11148,0.9792609165356247
11149,0.06143809548395089
11150,0.8438715678377116
11151,0.11170283548547709
11152,0.019340561385503146
11153,0.8581494984784845
11154,0.025501216754828037
11155,0.24652082001672024
11156,0.040118628050851354
11157,0.39120560577313834
11158,0.9733976901623734
11159,0.014115861587225016
11160,0.9392709864462376
11161,0.9794110135564559
11162,0.2623987336165842
11163,0.8651132298062858
11164,0.04844837120743844
11165,0.30589200366515756
11166,0.11868923871083092
11167,0.029287731745542014
11168,0.9731437429531422
11169,0.3565914412894829
11170,0.02655442167541136
11171,0.8918906973512978
11172,0.05887361577748628
11173,0.0047977703876793685
11174,0.10212437747940149
11175,0.2465047630901244
11176,0.035344174744717266
11177,0.963373023564168
11178,0.006734793458373354
11179,0.013127303285263209
11180,0.8461425550221754
11181,0.20705022214832716
11182,0.9653616374377201
11183,0.6150761223377872
11184,0.002722157699666881
11185,0.8976111829320301
11186,0.04211293412438196
11187,0.9899664766238294
11188,0.0795856809415491
11189,0.17067205839484073
11190,0.0540189379346925
11191,0.9895590904881914
11192,0.26029046864367944
11193,0.052969617458425
11194,0.13192591951261365
11195,0.17568054127797128
11196,0.016266242070051326
11197,0.036584339790398254
11198,0.7927919355514665
11199,0.8890121550580645
11200,0.2481806482294403
11201,0.009608285527106275
11202,0.001989445417248101
11203,0.09810637124948879
11204,0.003856183719974341
11205,0.03336423805358608
11206,0.009376601675972304
11207,0.1597697747346215
11208,0.020598816158806182
11209,0.9715162110314169
11210,0.05682686600366133
11211,0.07634160707277891
11212,0.06416289713917933
11213,0.005365644207661501
11214,0.7079350443679926
11215,0.07679788181009142
11216,0.12281217217891102
11217,0.23133004210425923
11218,0.11201610225407595
11219,0.9947831170064615
11220,0.10607618545587717
11221,0.265584090652415
11222,0.1968242592751169
11223,0.0024482405240500832
11224,0.04018077559799468
11225,0.9954467278591015
11226,0.011346318662981593
11227,0.1304430225907711
11228,0.4449120660534233
11229,0.09887726144485699
11230,0.0021475730720161347
11231,0.9845188326319636
