index,target
0,0.015597199664492155
1,0.869648821393024
2,0.03612595440771251
3,0.036046591279705636
4,0.9916427434575984
5,0.0034316439574305553
6,0.9599721020120863
7,0.16680856226695914
8,0.038472272027210375
9,0.9349549561992957
10,0.007183238367034869
11,0.002550638249560262
12,0.07742090847151963
13,0.548657307644869
14,0.48338607600649847
15,0.3287507636927401
16,0.1673910091614775
17,0.8879689591953447
18,0.7890767113805471
19,0.969694072182743
20,0.11960262021349007
21,0.7276861673826218
22,0.9799297651526482
23,0.1323586668110515
24,0.9716969652064176
25,0.05726856951769277
26,0.024681211824421487
27,0.011967029991390404
28,0.009258184215788605
29,0.0014427675277322617
30,0.027773591538340248
31,0.003906466703796914
32,0.005315052668688276
33,0.5292514571857164
34,0.1168032095058155
35,0.14886205943006256
36,0.871459765115457
37,0.005901914051505675
38,0.035883160466397244
39,0.1498577738372764
40,0.08242672134476643
41,0.9432987825152933
42,0.00489531425033714
43,0.3387281618602896
44,0.8134285706845997
45,0.015829420813071756
46,0.7894608962757393
47,0.10406018887495626
48,0.4505732285595297
49,0.07478729301411481
50,0.1135209639326522
51,0.004179792829722512
52,0.3304858795652572
53,0.009748237160377793
54,0.12486115586294426
55,0.02027600025777282
56,0.033753613587879726
57,0.9477037331467787
58,0.026023456310087442
59,0.7716459232754554
60,0.16171395116726728
61,0.018268033136253012
62,0.8601131072893543
63,0.5719315556456221
64,0.18938540577994023
65,0.004943695131594887
66,0.0637847535059454
67,0.9652776724505218
68,0.9853934868544579
69,0.3627500587476093
70,0.06690498646565773
71,0.4422119737594055
72,0.06885294439348187
73,0.1059353643879029
74,0.0986239729397736
75,0.011516865837869414
76,0.0010965952600210593
77,0.005263132840376603
78,0.02630997060924924
79,0.7732939017067012
80,0.2559965703673508
81,0.2972866501508491
82,0.1396497735747675
83,0.11985398228713662
84,0.1579542841372733
85,0.5331054096472906
86,0.5752254497301886
87,0.014148816792642403
88,0.10930417999269604
89,0.0013941653669172183
90,0.7680474544493698
91,0.031085161837902026
92,0.04102343822951016
93,0.1100288838080636
94,0.09622625650857546
95,0.7673700575900115
96,0.473736068895326
97,0.0806046982910299
98,0.9776107787691749
99,0.32484605908994024
100,0.007999983049853575
101,0.08589702278335769
102,0.05298635256211425
103,0.11827000327467736
104,0.4471248680341075
105,0.05957780563336181
106,0.9306876262251388
107,0.723787805511817
108,0.27988573882269757
109,0.1483630298751995
110,0.9274656332288442
111,0.015735423857102162
112,0.11473471171200089
113,0.012317363022791232
114,0.018330825068415185
115,0.22671998678029762
116,0.9721824665949742
117,0.19190537370177174
118,0.30897382623189884
119,0.9931494802527211
120,0.963731538461618
121,0.0014312970464177073
122,0.39592672232577586
123,0.09500035535184943
124,0.23629915395521128
125,0.10027219125867365
126,0.03708671991717278
127,0.1492885666649232
128,0.10782855593374652
129,0.07599364506172673
130,0.007834773327344035
131,0.025572088087645776
132,0.9927000742575655
133,0.06704368213962826
134,0.9811079717288438
135,0.9193733547686168
136,0.9901026226390469
137,0.9406829318066147
138,0.7427329326431629
139,0.11275705968133838
140,0.017688566660998956
141,0.4883993332188734
142,0.014068476531376066
143,0.06597373512079041
144,0.0022539878818879076
145,0.9799041100376581
146,0.7279553949573613
147,0.9544741635154338
148,0.9633973394193728
149,0.06417885371896626
150,0.5988423345340157
151,0.0772600134351176
152,0.0902512566409678
153,0.0162617325867313
154,0.05436821971398351
155,0.014543748122487899
156,0.48153209445856104
157,0.7032892283537636
158,0.04259899130923373
159,0.06423500110484524
160,0.010028441872929686
161,0.561107068789264
162,0.025530389528414788
163,0.724061628151368
164,0.04879089938763801
165,0.03992028498143851
166,0.13871344535795707
167,0.010576998394577077
168,0.9848981175501047
169,0.00547983976079387
170,0.019101595831971418
171,0.03691491031779309
172,0.1476770962343572
173,0.9178769054726265
174,0.010820189325158033
175,0.009392286687164136
176,0.956385047671442
177,0.9787679987232284
178,0.0024952351736066657
179,0.9347478938339028
180,0.10853370964804626
181,0.040869243592696676
182,0.8280919285201422
183,0.18081056902804052
184,0.9328658216276501
185,0.05230671969877859
186,0.6335636498468629
187,0.006044724938448005
188,0.17538768208779867
189,0.012773909366639968
190,0.010766638068447187
191,0.9092430271063057
192,0.06694181899657185
193,0.057962080679048344
194,0.15042931734726744
195,0.9860617329598385
196,0.046017900650539255
197,0.9825927870979196
198,0.1283395421920902
199,0.3449221007605956
200,0.19641501334678294
201,0.021931520889456085
202,0.9596254558221968
203,0.006946119152075263
204,0.03200865113932453
205,0.011001363676567783
206,0.11628849685672982
207,0.8687933166879338
208,0.06167700226854702
209,0.9988097075064353
210,0.124485638127252
211,0.0026366099893773056
212,0.5657671856434217
213,0.00969781171587742
214,0.017088279861428277
215,0.1849426238302199
216,0.03932382661567554
217,0.48515749749542225
218,0.9691720629035796
219,0.5772296040341615
220,0.12353446833216825
221,0.030421657429103122
222,0.03215513487727512
223,0.024806171754798403
224,0.35741600623980374
225,0.9894257326926006
226,0.8929874920375754
227,0.06895227903307834
228,0.8964352638075795
229,0.0016704471258469963
230,0.042740370838179886
231,0.9922601098463995
232,0.25165896751420647
233,0.02371390077149328
234,0.2922391094518086
235,0.05094884633972794
236,0.29801223225759815
237,0.614340898210808
238,0.06214606179105423
239,0.9863620740202049
240,0.05533325240852414
241,0.007727918436327711
242,0.24026887548999054
243,0.25142043101931755
244,0.8933472958366516
245,0.16998522113221548
246,0.16580716687587094
247,0.0048777674960061934
248,0.730854511797136
249,0.9986861979560562
250,0.11970664357616989
251,0.04304863135840933
252,0.04045527218705044
253,0.13004461455030256
254,0.10510096620216798
255,0.15897983993651563
256,0.40712313008124296
257,0.845949501873822
258,0.0076127405800521545
259,0.038928092984334604
260,0.14527987815004664
261,0.07233388724732982
262,0.9975663316751856
263,0.9362126852796906
264,0.007670024204896433
265,0.13739910044032383
266,0.8022918671527837
267,0.16272946800223545
268,0.0026122666861643318
269,0.001823543590836922
270,0.385783444149916
271,0.36107057455689767
272,0.05575356977985461
273,0.01670386340506597
274,0.9990680353072653
275,0.9982867097587808
276,0.09618006396550444
277,0.02930207276693748
278,0.018780546540399783
279,0.0507117654103289
280,0.9411812353216128
281,0.9533351949587278
282,0.9558268698691679
283,0.008633686498122737
284,0.13093608892871134
285,0.11432796480377444
286,0.015173787692334751
287,0.008953017320769136
288,0.9876093503190791
289,0.3493586119080594
290,0.42897798856961344
291,0.9893572541323983
292,0.8970191306127848
293,0.9903105486847399
294,0.003933053021077315
295,0.11091457113027627
296,0.15906865542379908
297,0.09932278190116846
298,0.0037877753730747358
299,0.9908374430426949
300,0.11685404258124517
301,0.9142738648201482
302,0.8340476383492504
303,0.0640039909880827
304,0.6804142664751054
305,0.7883117197391464
306,0.08703530063547049
307,0.04157905254743673
308,0.4716909473658073
309,0.48331021995101137
310,0.9732305479500104
311,0.04523000353327363
312,0.4206385821052197
313,0.009085407657776039
314,0.5926764950522699
315,0.027640314202147808
316,0.9730086577238142
317,0.021776347552353286
318,0.002669464395464985
319,0.7406627650281413
320,0.20718734709709877
321,0.048571948294023316
322,0.0025583533119956435
323,0.03951320925641099
324,0.1829401740463359
325,0.8741388197736081
326,0.06561975427882215
327,0.9046774447362838
328,0.01467725400572526
329,0.00944643786176954
330,0.852285744058073
331,0.011084835225725197
332,0.24768277628900956
333,0.0501829109006711
334,0.12264154712371184
335,0.29545292589234323
336,0.060628667371936985
337,0.9809797301630564
338,0.018017206064418343
339,0.04633014008536238
340,0.0021642633766556754
341,0.9860482819243687
342,0.8647579977888579
343,0.14844045004648967
344,0.06627416803707818
345,0.9634766069379751
346,0.5057200610513412
347,0.09413651598913274
348,0.0024288537937561636
349,0.3807164419300231
350,0.9979885355136733
351,0.04376117773419478
352,0.03489716348637404
353,0.08378740253412742
354,0.14269523340707416
355,0.1411147838912807
356,0.9601195779816004
357,0.025914965189476686
358,0.9706249393711244
359,0.26144235403435195
360,0.09589037504197255
361,0.6266095358727287
362,0.007977262401623351
363,0.06286735574477481
364,0.004224669794760245
365,0.6450917686359643
366,0.022059255121117487
367,0.3988222192084985
368,0.41583525219692824
369,0.9667688460414183
370,0.641382098944642
371,0.8911757260443821
372,0.037124020208033404
373,0.16009340425588345
374,0.035323814223883164
375,0.8554516667934792
376,0.11764284167218779
377,0.03030710002493559
378,0.03469457337379384
379,0.003774733599845481
380,0.07321021213238642
381,0.16409777133607428
382,0.98236337420342
383,0.11878810269271889
384,0.09166355528676129
385,0.17013043212745452
386,0.038218948661175624
387,0.5649832609854594
388,0.10006130182303978
389,0.032092171253859936
390,0.7453609684860855
391,0.013176450438797907
392,0.013291500299211464
393,0.7547374733093113
394,0.9858107003662778
395,0.7889596416034191
396,0.9745428239221603
397,0.3172014065670462
398,0.1262093757321531
399,0.001996327697016267
400,0.04838939134663381
401,0.0038607564054937565
402,0.00805356195117255
403,0.12575287370613839
404,0.009800271273315519
405,0.028633039450378945
406,0.987294842554712
407,0.5257198183733679
408,0.02695414033854728
409,0.17406680585205778
410,0.08414245789505011
411,0.8437148247011956
412,0.14621203748186037
413,0.47067180737932707
414,0.10264477918374021
415,0.028742597204102344
416,0.9622078443205337
417,0.18828409597394355
418,0.10032368480664196
419,0.9896657059685218
420,0.1300666417389374
421,0.0017133594546917712
422,0.010246589783684213
423,0.7320004672221053
424,0.9432207670685622
425,0.01392703031393108
426,0.05392646129190798
427,0.004933624175305836
428,0.8707507527929551
429,0.9395004129661739
430,0.9960226085938776
431,0.10486413601224209
432,0.4033694050221956
433,0.06908125337466914
434,0.6914378020644104
435,0.02826611791024795
436,0.9698990220688074
437,0.07041873426086548
438,0.050224545643345275
439,0.9848073854934588
440,0.8003388425888615
441,0.07348330644421391
442,0.03041762564913461
443,0.007548884588317303
444,0.19250258910692253
445,0.020453122249221866
446,0.993178158959838
447,0.23742952146869264
448,0.015560275551900558
449,0.25627312869954877
450,0.09494035406462935
451,0.41874208814827757
452,0.9285440648968754
453,0.3361482805194884
454,0.05624630165995546
455,0.9286988748458342
456,0.858188008141949
457,0.03312763246206685
458,0.3428724605538355
459,0.508300572322684
460,0.07514876981091811
461,0.4389973249645916
462,0.3339356072066684
463,0.930771307754776
464,0.0692293519637655
465,0.9723533430105027
466,0.9714156447529757
467,0.015075425365772699
468,0.8553025458870023
469,0.9450866081260405
470,0.12097289200131169
471,0.30885802010413893
472,0.9537354107319976
473,0.02324721915235838
474,0.038773374302985185
475,0.007368811683879782
476,0.017528853458464853
477,0.09216228469184486
478,0.10969800097576073
479,0.6107783697850871
480,0.014484079728696324
481,0.9905567930659602
482,0.11818271504955985
483,0.9720863609689937
484,0.9320842429215315
485,0.01547616737687428
486,0.03316435947311057
487,0.09003087002026842
488,0.010068740979125237
489,0.006813673952882046
490,0.060776175159061065
491,0.021367954256098526
492,0.003617568397538618
493,0.05099497295318852
494,0.40307988503652004
495,0.09054173162115087
496,0.015572546822684616
497,0.5796208395367078
498,0.24775264701380487
499,0.0811710687776086
500,0.9726822822199508
501,0.07854788860774921
502,0.08928654356081238
503,0.30050861278228846
504,0.76412733796667
505,0.18690808863488628
506,0.013771436088708821
507,0.9883180413616671
508,0.7496656314785349
509,0.035648094466361156
510,0.10142719266002775
511,0.6640910957968544
512,0.0218996151269454
513,0.9794512004679093
514,0.9614262107398748
515,0.9584179290043305
516,0.9802808986928052
517,0.46626774608582927
518,0.1301028674588277
519,0.09849516590692031
520,0.6491387913296822
521,0.11435314771075211
522,0.9300140279596448
523,0.6007548117221333
524,0.12044702765113513
525,0.953412902754232
526,0.38837870184085904
527,0.007483763422588159
528,0.3361976920447667
529,0.9924041297785139
530,0.006251830990626212
531,0.002349467665781128
532,0.024991809453418917
533,0.007874321346800573
534,0.010865021107467468
535,0.07057004019495415
536,0.05784485067366594
537,0.8797717766497201
538,0.04617277061636496
539,0.9622719578330284
540,0.3725300755476511
541,0.042607101026156356
542,0.0016641748665126145
543,0.49294870797576257
544,0.8865913028534725
545,0.009409000518456698
546,0.42768781252138705
547,0.0031094882712092774
548,0.06815308368512893
549,0.02905515152295725
550,0.9783120943948549
551,0.6885290446896026
552,0.2700508279672695
553,0.012777069447357488
554,0.06827472428126062
555,0.48935624381575166
556,0.014380125311509945
557,0.09951786625067266
558,0.7098916951290312
559,0.008529609993969468
560,0.06055917087256723
561,0.3004269490968528
562,0.9812141895740675
563,0.49102842994457774
564,0.002171669578741506
565,0.911353311730669
566,0.0892510575425582
567,0.01623959179806245
568,0.4975178656674455
569,0.2782141442141325
570,0.09356109093262717
571,0.14878437930467422
572,0.6321924532868209
573,0.018655648795037613
574,0.4157428666964036
575,0.06909360216581238
576,0.9613043548653613
577,0.0046899886136549515
578,0.05105910691183806
579,0.1293329314731151
580,0.1212350935042072
581,0.1580990604244838
582,0.001204148847030485
583,0.005422076057057867
584,0.0018056509651398899
585,0.3120196196696799
586,0.6697943014097237
587,0.6168526550358339
588,0.00797387138354526
589,0.10698944681119349
590,0.09595666625804171
591,0.005232055255861859
592,0.07425023221815293
593,0.026229358733734942
594,0.06977380398373297
595,0.22890042668513177
596,0.04495496318156386
597,0.0758380340780551
598,0.2373326412199175
599,0.9529793336404552
600,0.021114190066241382
601,0.014604079781962523
602,0.02299197426788933
603,0.225583963035877
604,0.9087214707495991
605,0.025659158006001385
606,0.028848498883874335
607,0.0029602558246918376
608,0.00758832516226465
609,0.004216781967938713
610,0.06852142489012085
611,0.10656951613360381
612,0.014376414066035778
613,0.004744758185575303
614,0.11831775271256907
615,0.4144699454729941
616,0.014160557612682959
617,0.02991170669207145
618,0.0032416055528251045
619,0.02697352898456316
620,0.013030339045799227
621,0.005212476245722634
622,0.3670039788091786
623,0.01225132083271154
624,0.14381410703550987
625,0.4337720521264279
626,0.7780662236062654
627,0.9873154706909867
628,0.0043945096519997584
629,0.9410219627954398
630,0.017500908809412703
631,0.09078317706334511
632,0.54760881169998
633,0.9847197558436324
634,0.021947218531516117
635,0.6127998421673199
636,0.00823224461346625
637,0.00429589598206078
638,0.00881050126834574
639,0.9614078357981617
640,0.07931926362645648
641,0.7546523397686756
642,0.02909366401392476
643,0.03694199836892409
644,0.9423176305773627
645,0.014188657533737882
646,0.016822167818985913
647,0.0671119300615151
648,0.17043137800583952
649,0.5081109006525666
650,0.050866272873218966
651,0.9743132965138593
652,0.9714866040536619
653,0.015552222200236228
654,0.04586181004717053
655,0.0015097190226187982
656,0.1765710259961066
657,0.952615433561642
658,0.5430709076421708
659,0.1493453731035674
660,0.010949346768382712
661,0.5090643337669731
662,0.07078716506086578
663,0.1645401167674695
664,0.4429161759547213
665,0.04297240847717174
666,0.03952741318546001
667,0.9719762485137046
668,0.2081360669742606
669,0.7190498939300983
670,0.03057350849678039
671,0.4674353458507479
672,0.06009325382824471
673,0.0807735863799675
674,0.9990558187786381
675,0.046192768202219014
676,0.02227323118160207
677,0.5519581292902692
678,0.05704134817006961
679,0.5628182457510175
680,0.19841368238167412
681,0.02307792618537538
682,0.9372182767061626
683,0.11899966553404125
684,0.23947184619363834
685,0.1880002404335026
686,0.09732000550204771
687,0.036238943799774354
688,0.9732335721799436
689,0.07354998337900713
690,0.9674799506851697
691,0.08930244884289347
692,0.0020512742914038213
693,0.8911490248985467
694,0.015626386152020957
695,0.8762909745944064
696,0.015831017274983195
697,0.4231897898312898
698,0.996512366929789
699,0.014694538119316985
700,0.018129453095267645
701,0.1305054589062495
702,0.004378949958187298
703,0.0009641057126809379
704,0.025915931455760557
705,0.02518771317629882
706,0.060379472011974154
707,0.45545994957946734
708,0.08973643900344432
709,0.024943631434541685
710,0.0640796046703655
711,0.07143336228141274
712,0.9982621225593697
713,0.05603737011256652
714,0.885209879423588
715,0.0685611083298189
716,0.003496824721637735
717,0.14967146387075655
718,0.1462145489675
719,0.008437598842880914
720,0.02880872637845654
721,0.21380366821983585
722,0.38029478774482567
723,0.7864302134691306
724,0.8711546419652305
725,0.6813202602103842
726,0.03256212701197397
727,0.9818816633862276
728,0.07554793744133932
729,0.15879896097056206
730,0.1963178386026009
731,0.006012261904006839
732,0.99239153578539
733,0.9441930642794684
734,0.20253172286032603
735,0.041252995145730255
736,0.954516755079556
737,0.030658148734573
738,0.19409934110969895
739,0.5509168212582589
740,0.9925602584039721
741,0.6439254595194623
742,0.2575837485422146
743,0.20983864711696742
744,0.08766368665035346
745,0.018481096690710314
746,0.9574264465878768
747,0.899483061235336
748,0.1217089521112215
749,0.6310165672184495
750,0.041620388092924884
751,0.12827104923907107
752,0.07495024332285001
753,0.20975482507067622
754,0.028855558276059196
755,0.04211235379038599
756,0.31605143476023273
757,0.06675545102200336
758,0.0048406375219369295
759,0.01856937811403203
760,0.8375846439901662
761,0.05726164840009646
762,0.8132827615988104
763,0.01962661999735602
764,0.00394034778025618
765,0.9757141782694405
766,0.2018754714684555
767,0.7883361592848072
768,0.2647818032280193
769,0.48859175166106766
770,0.20776054783183948
771,0.01957177885520798
772,0.9832657974483404
773,0.011690097697380435
774,0.2305491330295608
775,0.9965431614922071
776,0.3067885089981453
777,0.006669193691101121
778,0.2260608919900796
779,0.533799172021336
780,0.007023280293647081
781,0.013689461805068486
782,0.5805028809224014
783,0.03192617524514907
784,0.55782521234166
785,0.9789043993918009
786,0.7723551693755808
787,0.00926967082308317
788,0.9259808807387976
789,0.03785854523840749
790,0.784879145238151
791,0.03676996673227882
792,0.07097510074901513
793,0.049185629540657756
794,0.25537324209030204
795,0.1234766933674563
796,0.04417753309144062
797,0.0057243628681605116
798,0.7775228258672487
799,0.42674846515046116
800,0.37548189664933435
801,0.7779066395610413
802,0.007214425801259618
803,0.0021251967363101333
804,0.05503348093430523
805,0.10307976638351436
806,0.00938987467111563
807,0.03490166070873946
808,0.05506435845399144
809,0.303949944523296
810,0.04808120189798556
811,0.06314907246824712
812,0.9799939592147481
813,0.33285664413956156
814,0.9504927266799742
815,0.010881543413230476
816,0.32011207605360564
817,0.9439542275826333
818,0.4670875063145645
819,0.021307997676646442
820,0.9909947403524063
821,0.9986408197182118
822,0.13966168153238848
823,0.014145503715401147
824,0.3222863851892189
825,0.0009769437145806163
826,0.23919301316844357
827,0.06444166240048337
828,0.024081334777144792
829,0.9872378477277989
830,0.8232007391780319
831,0.025416347304350887
832,0.9917125137676969
833,0.44441057454451544
834,0.9139751018374058
835,0.0013697265196193024
836,0.27833404218863816
837,0.47730394782894464
838,0.371460801850158
839,0.9961562128974296
840,0.07432167817017
841,0.02758028994445329
842,0.14086947096594
843,0.0076750094957141425
844,0.8541048572797956
845,0.9977255168815488
846,0.9989949336192362
847,0.013993661413098893
848,0.004472306536558558
849,0.695758554692893
850,0.40555197930488746
851,0.8581525113700144
852,0.1503211499131671
853,0.017524898021023225
854,0.9466588347486282
855,0.008190519839538786
856,0.8910126692056973
857,0.9710822986738176
858,0.018403980992986086
859,0.7419959735925241
860,0.009374401876327773
861,0.8791135690942701
862,0.3178225877093153
863,0.8926331642840862
864,0.0041406056260756005
865,0.43790369275750085
866,0.9042506488265477
867,0.08657611492014204
868,0.1424537615806775
869,0.7078651164677902
870,0.020702194465012643
871,0.9988373855421501
872,0.032168671353732796
873,0.011265382995703408
874,0.9800265142431313
875,0.7950867456596674
876,0.020258291019355872
877,0.12310004973920903
878,0.057738728074306106
879,0.9469200719125351
880,0.04800613561075184
881,0.05332936714871572
882,0.8402837882586658
883,0.17924639465902534
884,0.03176927830637918
885,0.97909556922802
886,0.023713046433681995
887,0.9642322901832595
888,0.033773432179043994
889,0.005543261032293824
890,0.1986123376307781
891,0.5296267172249179
892,0.22004393801307845
893,0.0689876702112566
894,0.5238591601102036
895,0.21182853758080064
896,0.9119539446185637
897,0.11398928774709298
898,0.0034247280279857835
899,0.7344665435833763
900,0.14189342386695755
901,0.006209064921677794
902,0.44181054902184047
903,0.8562708432919952
904,0.029831416995354815
905,0.963346369259412
906,0.08386789481487833
907,0.006697780249398016
908,0.9950631043426407
909,0.022340717443708653
910,0.03165835862306307
911,0.09953900575010327
912,0.025328350513468916
913,0.08693875216867819
914,0.023346411420565382
915,0.0658425164778967
916,0.20073405678241787
917,0.4234667095440526
918,0.08046080653769212
919,0.5104756369117549
920,0.00633575350667957
921,0.011387067950988601
922,0.041861623244236014
923,0.9985438260129591
924,0.9658208400032843
925,0.8807303094987446
926,0.045584798664130406
927,0.08092215616181478
928,0.02693477217658324
929,0.6025235370094636
930,0.2896397462581018
931,0.03842788081969741
932,0.9471490888336058
933,0.013663706274658178
934,0.0263290164589249
935,0.09078102414356537
936,0.9920826258008102
937,0.034995480329577444
938,0.03404114159577891
939,0.533119808538374
940,0.04525281847946158
941,0.9788412858466161
942,0.9501939343305636
943,0.9970878834411834
944,0.4735665823684931
945,0.4919423710594915
946,0.04600544034932261
947,0.7255258760896899
948,0.028289371387241396
949,0.044082071283482537
950,0.9819029519834833
951,0.27834994563055737
952,0.3387493401363697
953,0.13579168046449563
954,0.03641033673574878
955,0.5171237489768402
956,0.9915374855568279
957,0.28246543602108704
958,0.021900781929426665
959,0.4747045083567733
960,0.0012274114137555826
961,0.9662190998534578
962,0.028886829274419795
963,0.45577999590978663
964,0.29678745537524853
965,0.04629955231753799
966,0.22047325884652577
967,0.004334895004683125
968,0.006874441084712891
969,0.004518464998972831
970,0.15288522377875596
971,0.13114455334803046
972,0.9986841126680345
973,0.06377250747219913
974,0.47591364350352566
975,0.00831246681222244
976,0.023985219119340966
977,0.8806648559746871
978,0.059444744605191745
979,0.9960037903246377
980,0.9613728294686322
981,0.9844356476143061
982,0.38961771865102274
983,0.03784091699094227
984,0.9764219569994227
985,0.06252584333148144
986,0.9032805650674677
987,0.1380038029055786
988,0.2431702563910909
989,0.8261794721190845
990,0.9483122996169248
991,0.07327416624177956
992,0.03527065666191005
993,0.041379269852805996
994,0.015822403794153866
995,0.9977053131622092
996,0.03188607846389958
997,0.07967877443690104
998,0.15298252503771878
999,0.8615520147518788
1000,0.9187021939631853
1001,0.992892023673447
1002,0.006284471409554063
1003,0.00932831584607098
1004,0.6081224524394859
1005,0.915497872473732
1006,0.9979946925521309
1007,0.46297516458084553
1008,0.03126349301825232
1009,0.24881005140307166
1010,0.030179843584320184
1011,0.12566025641000092
1012,0.056573198570778784
1013,0.26415536527408984
1014,0.48341514172842137
1015,0.03850282424098952
1016,0.024632218644832827
1017,0.606351262518319
1018,0.8149330034283694
1019,0.0012903712761976238
1020,0.04928144812227187
1021,0.9706067544903471
1022,0.6633336935688364
1023,0.8901896813129802
1024,0.007821902619549846
1025,0.008284188164887707
1026,0.017891586109966637
1027,0.09750071784665759
1028,0.03410495334333189
1029,0.09307078424416981
1030,0.002038868720490056
1031,0.18748236644130967
1032,0.40338505062602237
1033,0.004843544023646094
1034,0.6862760601867907
1035,0.022609420971952923
1036,0.16435107813176889
1037,0.9786646128609608
1038,0.02538281816365609
1039,0.9369900791576059
1040,0.38167971655976657
1041,0.03606545348277226
1042,0.04905526979438903
1043,0.6407713436040109
1044,0.0014752346734021795
1045,0.06348098067420511
1046,0.004299502518577793
1047,0.2267876642585903
1048,0.8151115099666822
1049,0.7937343646698363
1050,0.002567949076363103
1051,0.12392122364279207
1052,0.059768220118204075
1053,0.9756928883444237
1054,0.40831452555650904
1055,0.10453792630493364
1056,0.23196280475738074
1057,0.22144934802271862
1058,0.0018340630317014671
1059,0.9480345991886119
1060,0.2945261333810117
1061,0.037530227145680405
1062,0.004321015106394152
1063,0.32320738486829376
1064,0.945238395041894
1065,0.04676797900988807
1066,0.01574274533881292
1067,0.17401303323173378
1068,0.1654815512564726
1069,0.9872053176137174
1070,0.24159928654708884
1071,0.553098573910914
1072,0.02260767171466008
1073,0.9113691367135205
1074,0.0024188895247471056
1075,0.02297469220199033
1076,0.0031632321931296024
1077,0.021145485635337954
1078,0.027876756301417338
1079,0.9700860196274185
1080,0.0034652730487983196
1081,0.052309097085121874
1082,0.8622963678156538
1083,0.06287365061623261
1084,0.9263445603186781
1085,0.5562264115158112
1086,0.759504090201011
1087,0.4581721727640324
1088,0.0016350526335199992
1089,0.9073553539000745
1090,0.04535233103164266
1091,0.9737150177100977
1092,0.04950240858829277
1093,0.10961411372825601
1094,0.998779788044843
1095,0.7896353890742521
1096,0.055244244513787795
1097,0.7646565476906705
1098,0.024847393967880545
1099,0.36192025091605434
1100,0.12856953892053222
1101,0.025643338278681177
1102,0.1257435184182963
1103,0.1823000342460881
1104,0.04616542186674539
1105,0.1493241546407285
1106,0.21263402005644386
1107,0.05989119112728731
1108,0.04389138154217498
1109,0.3558321320718732
1110,0.8095253231371405
1111,0.006892456711344856
1112,0.02479022593829583
1113,0.5568693644860421
1114,0.4061702421820886
1115,0.16433628669367656
1116,0.1236470859616416
1117,0.7049335624709285
1118,0.15230275132091545
1119,0.014284979692762309
1120,0.020265226566965843
1121,0.04628865705778403
1122,0.04104967404671405
1123,0.47301823713413854
1124,0.046570920392580754
1125,0.17717091913688643
1126,0.9698066108808815
1127,0.3888551466108245
1128,0.02066198242667414
1129,0.05871533633746893
1130,0.008877804206655007
1131,0.023585394852674673
1132,0.010807081359392859
1133,0.00254249085354265
1134,0.9986022368339279
1135,0.01207151611584408
1136,0.019985090669136018
1137,0.0023912572315959416
1138,0.9194621751474085
1139,0.1497846802306582
1140,0.63721196067877
1141,0.9834680203342265
1142,0.004394336196202054
1143,0.1296396728605913
1144,0.9208621133987792
1145,0.9669826242924783
1146,0.9989192873568126
1147,0.05932065129300728
1148,0.002549140827341615
1149,0.3357362566466087
1150,0.9819803275906117
1151,0.0013021158395853385
1152,0.1921366675947779
1153,0.9926894304203723
1154,0.22806482187435906
1155,0.016317907688530472
1156,0.2276920696862644
1157,0.5256292114276869
1158,0.5665116887214954
1159,0.8857320697685571
1160,0.021343755304279868
1161,0.00965523682191026
1162,0.24872319205793514
1163,0.0035717989292025827
1164,0.230788636264443
1165,0.023935333003858
1166,0.45198408917701843
1167,0.9405648638003853
1168,0.9795258457892345
1169,0.8063448641286192
1170,0.005494134936030806
1171,0.01579695132527086
1172,0.9496032129258092
1173,0.06305823221315852
1174,0.03893327761001166
1175,0.28733887756503734
1176,0.04594077750291999
1177,0.00269465907239673
1178,0.006965250935058921
1179,0.010786246628518079
1180,0.9717240348794475
1181,0.06310005633653716
1182,0.021964675556832486
1183,0.03922329706256656
1184,0.684015120877984
1185,0.04882788531677279
1186,0.8436799645928033
1187,0.02166711188306365
1188,0.003865885338785034
1189,0.16404015926923035
1190,0.10144476847716577
1191,0.1075419287260918
1192,0.9705649593435499
1193,0.09219264432806207
1194,0.051778184726760455
1195,0.006317520211121297
1196,0.24866352734776823
1197,0.8653940065804614
1198,0.11940459939722914
1199,0.9776722966175205
1200,0.5730961277313339
1201,0.09596253505027676
1202,0.3874256704288838
1203,0.02839720421210031
1204,0.6308979661825505
1205,0.02833448625349716
1206,0.7466859663621431
1207,0.02491163193619166
1208,0.16868247922651722
1209,0.07725866513066058
1210,0.9201965806027163
1211,0.6313205979768196
1212,0.01144623182075599
1213,0.008044167473399026
1214,0.016105897776284562
1215,0.033551440721481855
1216,0.013158680818622212
1217,0.4713106609935655
1218,0.08857021618003302
1219,0.0241217149936012
1220,0.8836498354104995
1221,0.10499803275665705
1222,0.4892729982742598
1223,0.042878595967931865
1224,0.2304032249277287
1225,0.810756127139768
1226,0.1455150371956714
1227,0.989132449857915
1228,0.09583354413612422
1229,0.7773058700031171
1230,0.0034767884355733926
1231,0.9556050929999161
1232,0.620717797503659
1233,0.02531375139185421
1234,0.03457517084010678
1235,0.8472386423467441
1236,0.49573106470753503
1237,0.261930555495385
1238,0.07855278462590996
1239,0.4185580671728765
1240,0.5668272854386692
1241,0.04990443004352182
1242,0.008340368622215136
1243,0.23487753406519798
1244,0.3347699446129231
1245,0.024255330444070976
1246,0.0026523588665282095
1247,0.02056699666483831
1248,0.14414232164106877
1249,0.9906613092651563
1250,0.17570148468804136
1251,0.01997748359420129
1252,0.8993190438364757
1253,0.9738044602131879
1254,0.9983924824224627
1255,0.7547412091526908
1256,0.07575116637507745
1257,0.9696648676291568
1258,0.008187024338778971
1259,0.9986116653016387
1260,0.47771693990796216
1261,0.08361962989129845
1262,0.002647057121191608
1263,0.006043255301972692
1264,0.04893226714816321
1265,0.9909501903261142
1266,0.009016941238126354
1267,0.9725333010964019
1268,0.07839325874787667
1269,0.031243256717816224
1270,0.4995541099974987
1271,0.027056030020069382
1272,0.05179657521180545
1273,0.41425081895856736
1274,0.9384748112250737
1275,0.2971664037022493
1276,0.04071231058275129
1277,0.15031917147634125
1278,0.30334235334721676
1279,0.0077290893289519895
1280,0.9404359412889369
1281,0.024775656629592913
1282,0.9065201792241795
1283,0.03758885444031451
1284,0.08686761991101018
1285,0.4990142726991578
1286,0.21999217833502227
1287,0.45096742619597774
1288,0.29124050566259285
1289,0.0010687992320279512
1290,0.34802376354047987
1291,0.108151475535467
1292,0.12835275155577133
1293,0.04547514728383365
1294,0.19348919395268172
1295,0.4067381843405067
1296,0.7021522430759214
1297,0.044472599761411026
1298,0.016990064661381008
1299,0.013127818734767616
1300,0.2752285588357908
1301,0.07638030963201194
1302,0.057523088021054124
1303,0.9638522018731792
1304,0.05786197778885064
1305,0.996714056965982
1306,0.22267016359405492
1307,0.009047998853322801
1308,0.007186468341070537
1309,0.9875947005554124
1310,0.07308325400764588
1311,0.04078052452037936
1312,0.6496688224814782
1313,0.0024189737701989715
1314,0.9370673810026758
1315,0.023084749971867907
1316,0.058056323766018686
1317,0.36426057480521545
1318,0.21569955033150223
1319,0.13690779083001162
1320,0.30033610354552526
1321,0.9668438933754909
1322,0.009217834260476341
1323,0.03646489260585253
1324,0.03570973410361667
1325,0.01693194665861325
1326,0.9736386530159429
1327,0.8897443774237553
1328,0.009078983901501305
1329,0.30219588488819704
1330,0.9691258940998834
1331,0.23867309473323858
1332,0.07935294081034291
1333,0.01438419058714057
1334,0.8439920169846094
1335,0.23417493117450658
1336,0.006850750032689379
1337,0.010169583743665745
1338,0.007025084618686256
1339,0.05679281879679343
1340,0.4841456828722031
1341,0.9135629155943058
1342,0.9386766206050866
1343,0.3798160864169322
1344,0.30575534800404475
1345,0.03918463717797365
1346,0.9985169747433201
1347,0.8079607579855393
1348,0.061699231527298365
1349,0.00889791818752257
1350,0.1766378281990134
1351,0.06066380408488573
1352,0.2748365715401948
1353,0.01647066344085323
1354,0.07525138785119694
1355,0.9852316761335981
1356,0.02052324204224287
1357,0.6143672144291896
1358,0.18998428010987556
1359,0.07072916484960422
1360,0.9718953932729834
1361,0.13979105472291584
1362,0.906717953562099
1363,0.8992659743824946
1364,0.02315655477962487
1365,0.9575119675849949
1366,0.0473748597195891
1367,0.938388028136992
1368,0.841496584398319
1369,0.25828960534740203
1370,0.49251970131884915
1371,0.4173459499948528
1372,0.0272920456560241
1373,0.19555135805236826
1374,0.023278824320646676
1375,0.9333644959022753
1376,0.07737942790371873
1377,0.9990458901919986
1378,0.051187458291159234
1379,0.006466196190863207
1380,0.8966097326479018
1381,0.8312311757767326
1382,0.0010065851310440484
1383,0.9877097508779404
1384,0.026342502856746126
1385,0.497040121134042
1386,0.7744871692355484
1387,0.9660063955040167
1388,0.8756504788920813
1389,0.9985925699066648
1390,0.006451837465627458
1391,0.9824719901328534
1392,0.35373752029717104
1393,0.7313253548180207
1394,0.004629946353148636
1395,0.6358287275688855
1396,0.06836685662473833
1397,0.039315506752537394
1398,0.021865152447265473
1399,0.9951994005751327
1400,0.03876415717255549
1401,0.007871449478635098
1402,0.004598585315562496
1403,0.4146922306102974
1404,0.007433532216703324
1405,0.1063132130376561
1406,0.03185417691221661
1407,0.14373592668735222
1408,0.018442034908093315
1409,0.003951547579031448
1410,0.008909903306225096
1411,0.05371467309922745
1412,0.6970691774642243
1413,0.8849150515636489
1414,0.010728642197017505
1415,0.20588032564124192
1416,0.975364324596571
1417,0.04048628423273587
1418,0.1920649197285367
1419,0.4895123277598687
1420,0.30967860716327683
1421,0.9705772908484952
1422,0.033421079608950535
1423,0.0036161213761634324
1424,0.006069082131753441
1425,0.016404522077347147
1426,0.01973707396604998
1427,0.005268249002866317
1428,0.026729232729192098
1429,0.009596593143300589
1430,0.13231997941187
1431,0.6354686822456865
1432,0.05344524809357187
1433,0.7781531491356621
1434,0.6698225530386135
1435,0.006360384106354044
1436,0.002473613215509146
1437,0.9674563755734407
1438,0.011876500777785508
1439,0.9719773088441044
1440,0.01713926737752634
1441,0.04634113624309527
1442,0.6215434335219481
1443,0.0254113355084347
1444,0.10760588811407505
1445,0.7415062593664604
1446,0.8519859516907476
1447,0.08211190296884054
1448,0.09839547545839315
1449,0.8334256395771421
1450,0.18090412804556608
1451,0.0016163857823565204
1452,0.23147756782811246
1453,0.977531407570767
1454,0.9849536120456829
1455,0.06815350909724394
1456,0.05443256033566241
1457,0.08529675388577962
1458,0.9681254181625406
1459,0.9655653071452259
1460,0.017820808659478434
1461,0.043960705325469196
1462,0.041437101768858314
1463,0.9385358973825557
1464,0.17586326733224164
1465,0.02172850778270546
1466,0.655121657656567
1467,0.37119976996379433
1468,0.9604917245142216
1469,0.9901504152053947
1470,0.9838162118536644
1471,0.15895573274196897
1472,0.2696340418495642
1473,0.9866749700248377
1474,0.2660771013188458
1475,0.21328077133694115
1476,0.9785320777441445
1477,0.7144191170248884
1478,0.2220767047261443
1479,0.04732980993534929
1480,0.2969691046900956
1481,0.010510084300441978
1482,0.9621908806388446
1483,0.05191153609305885
1484,0.05824430556065626
1485,0.025223894378583453
1486,0.0899842145733228
1487,0.2708663376962868
1488,0.1503053249435956
1489,0.055865156274211514
1490,0.8239034252076012
1491,0.00513694685447568
1492,0.986989718270532
1493,0.9969905785191653
1494,0.9967897765540688
1495,0.10556746250847075
1496,0.5950415621132922
1497,0.03401287951851962
1498,0.7980442986393586
1499,0.6911412977635036
1500,0.06060559738108331
1501,0.06017840270617162
1502,0.11946732516635429
1503,0.08762894829534268
1504,0.03360732978446806
1505,0.2546325972409043
1506,0.12078019682011114
1507,0.8912819237806829
1508,0.03585030954699808
1509,0.008451280610313082
1510,0.11524921490018604
1511,0.567742524789605
1512,0.04915216350462861
1513,0.4404672860822474
1514,0.8318255475622904
1515,0.02852106009373016
1516,0.10067709518804087
1517,0.0027925469431621807
1518,0.39222833322362954
1519,0.10138502288609841
1520,0.01355337153952287
1521,0.0074697513961922745
1522,0.02791677980777599
1523,0.02099417741729462
1524,0.9058265032154842
1525,0.007165569310405827
1526,0.010034869038262359
1527,0.7010014073296961
1528,0.029006594027144717
1529,0.9514132411887544
1530,0.027928277908096755
1531,0.3138588143190821
1532,0.9506626947157448
1533,0.07536168388889804
1534,0.0194588479968171
1535,0.00920975661595362
1536,0.06136953778479395
1537,0.5357211927034561
1538,0.14451548470079015
1539,0.549742686972296
1540,0.9509101476467562
1541,0.7959264493700605
1542,0.1294023614360196
1543,0.003174976845942489
1544,0.053369108219712615
1545,0.06100457609335983
1546,0.7603581698056937
1547,0.6637963376404189
1548,0.030863024484078124
1549,0.8866357707247179
1550,0.6769864365556234
1551,0.11183431445395631
1552,0.002113214074905049
1553,0.8120029764356825
1554,0.02647123021867459
1555,0.0056371037086108714
1556,0.004660560179070606
1557,0.06412042170656618
1558,0.010851119934051153
1559,0.18951898207848608
1560,0.03128234152978989
1561,0.03415339568061319
1562,0.23593888555644274
1563,0.254540922369295
1564,0.23803155491057085
1565,0.0273932351086776
1566,0.003684229529158412
1567,0.1373069231427366
1568,0.6522987905811594
1569,0.177619519714595
1570,0.05964424891873993
1571,0.38526129763481465
1572,0.20868864224422948
1573,0.4771783176622078
1574,0.2561469854497086
1575,0.03524128440380939
1576,0.9102273780632628
1577,0.08869354376678724
1578,0.005104837154992883
1579,0.5498655565538758
1580,0.9744440767841488
1581,0.9760040941917217
1582,0.12085414787900557
1583,0.017656678811713022
1584,0.098622475759111
1585,0.9706873292125082
1586,0.026540818567730922
1587,0.011094551629293814
1588,0.9550264589402865
1589,0.9322844716263178
1590,0.04571372637800287
1591,0.01815975231342707
1592,0.02653700279944633
1593,0.12931262701172383
1594,0.006920230071744647
1595,0.31305211471116456
1596,0.1347104580593922
1597,0.9132653229738033
1598,0.4569707258070945
1599,0.08537495515053471
1600,0.08305854314445482
1601,0.15761761275467676
1602,0.2994053315868994
1603,0.8993606308640021
1604,0.8527687988698327
1605,0.9812920911000315
1606,0.015925061161581516
1607,0.023511691642235776
1608,0.04377347598417103
1609,0.7907121113225676
1610,0.8942688245232224
1611,0.8116109475957956
1612,0.07469630875116713
1613,0.06847426071994162
1614,0.037426552047293116
1615,0.9631686716410975
1616,0.09595897759029137
1617,0.001685062470929562
1618,0.021904728358351482
1619,0.06343788787675893
1620,0.07375166541921852
1621,0.9156951309079645
1622,0.0741544900097526
1623,0.1207845327797335
1624,0.976535100375127
1625,0.003773717607929054
1626,0.01826383428546366
1627,0.28827625588773126
1628,0.9935038206980532
1629,0.05770237085775168
1630,0.04288342287994378
1631,0.013981821746673569
1632,0.04678374269529225
1633,0.8464312867453717
1634,0.5177950744169456
1635,0.022394981484714388
1636,0.11404759897252792
1637,0.2493639952103349
1638,0.9981931175306764
1639,0.07271525435537039
1640,0.20916346310304978
1641,0.038109122806759765
1642,0.0774842138665613
1643,0.031945135126742914
1644,0.13339105940567605
1645,0.005526711282989265
1646,0.039051377481386415
1647,0.21952117679136776
1648,0.005523128536006082
1649,0.009937228617674357
1650,0.18142519517135106
1651,0.11722778906307595
1652,0.1319499034735776
1653,0.018982537377918354
1654,0.05795547765262227
1655,0.1918376097949048
1656,0.534375811866506
1657,0.18356889044428268
1658,0.20998175148380174
1659,0.14750580797204274
1660,0.004354342900673463
1661,0.5929025256343169
1662,0.18055236225904178
1663,0.16720085256239856
1664,0.005031732210436418
1665,0.6193824243660527
1666,0.35666767159775353
1667,0.9531666547540733
1668,0.04078047084987572
1669,0.024858407073261698
1670,0.008793345062474292
1671,0.1308498553302396
1672,0.12169817295782288
1673,0.005371941416006577
1674,0.9841335607156022
1675,0.019916189920941966
1676,0.0037222868386323237
1677,0.5053598799564601
1678,0.13242856120873872
1679,0.04416142649301482
1680,0.15669181738800955
1681,0.10618841164479842
1682,0.0010889450456510088
1683,0.019414748574423133
1684,0.003029297937274795
1685,0.09927925246753772
1686,0.06262535592840553
1687,0.1324012740185599
1688,0.07417533735440322
1689,0.9986628741485969
1690,0.3267898264586055
1691,0.9478122545992752
1692,0.9854399370755472
1693,0.9859612625858952
1694,0.6316023541274512
1695,0.9006444386261133
1696,0.9534500453369472
1697,0.039770015306884295
1698,0.27400327554190423
1699,0.6511745517527748
1700,0.19363860710366976
1701,0.0114033972518092
1702,0.029211248258943407
1703,0.9983505344863449
1704,0.008890197136357645
1705,0.4691390497619404
1706,0.0706248762171751
1707,0.27047840316547217
1708,0.01209537898153463
1709,0.9496441328170616
1710,0.0015815340963947608
1711,0.098161255984674
1712,0.032367938548171264
1713,0.17965264661968058
1714,0.19260808458790515
1715,0.0018472392095771689
1716,0.01435610306657529
1717,0.23554778382311126
1718,0.06784535385923667
1719,0.15130585223877205
1720,0.0024176344920415894
1721,0.03676409467751556
1722,0.04205804633727242
1723,0.8601546432809618
1724,0.0031902552628977946
1725,0.06367452350759088
1726,0.01354341368790106
1727,0.3669953874310477
1728,0.3391255838393063
1729,0.011848563666855308
1730,0.9890983086372677
1731,0.3638687792372304
1732,0.005901717382803639
1733,0.9871805291320018
1734,0.9848502008751003
1735,0.08099981036455683
1736,0.06578544769499428
1737,0.9986163164796885
1738,0.2808539649303786
1739,0.8464909866448886
1740,0.009869895606531067
1741,0.97296684276704
1742,0.010503071937361302
1743,0.04549827518473981
1744,0.01599967578007658
1745,0.14482409770530755
1746,0.08924670670095365
1747,0.003752532790918715
1748,0.022797897558764435
1749,0.9727280106967034
1750,0.04960337268527224
1751,0.002031729658258366
1752,0.8770899625691012
1753,0.2008787962891246
1754,0.38693260827679204
1755,0.943553931587796
1756,0.7734764406486504
1757,0.016836051611421442
1758,0.11339830712935749
1759,0.01120810774442995
1760,0.6630029938672842
1761,0.01354104460112733
1762,0.8527512540410026
1763,0.274648301169864
1764,0.06526446644318075
1765,0.10289110353759445
1766,0.026586276370557688
1767,0.9029394517192783
1768,0.9885052690152282
1769,0.0024764109480099636
1770,0.03854457210072843
1771,0.7030534323326036
1772,0.8844580038406459
1773,0.9976990217150186
1774,0.6324013368657311
1775,0.9274289260378765
1776,0.764027950612368
1777,0.0018302509822329556
1778,0.07136969553073931
1779,0.40574650643735355
1780,0.00711545140678661
1781,0.9831245331862867
1782,0.01993055002166097
1783,0.8307003253701614
1784,0.23069800409593264
1785,0.012223207798586197
1786,0.538488308815575
1787,0.7477472728562238
1788,0.018669016446483406
1789,0.02232481971784092
1790,0.02160781195949465
1791,0.010994637644659416
1792,0.20631917294680668
1793,0.10272013052427793
1794,0.004031042158916045
1795,0.041803255672364086
1796,0.18833861906568403
1797,0.2997314032695462
1798,0.04854875342284156
1799,0.012391836653339339
1800,0.03952041810410751
1801,0.023204509216970436
1802,0.19910813254358026
1803,0.5648258462095723
1804,0.0008643666831650095
1805,0.16517170465374983
1806,0.6383888370721172
1807,0.011878249770787145
1808,0.08046593483282585
1809,0.026233779106053883
1810,0.015191271056158728
1811,0.012201899182852319
1812,0.2045833192273219
1813,0.05336307399819398
1814,0.2578622339912489
1815,0.060551164598221054
1816,0.07408246874860558
1817,0.2877233316915662
1818,0.02243495705442823
1819,0.03778475673211735
1820,0.9811262729513691
1821,0.0131352298337519
1822,0.18973453929924744
1823,0.31183114572215526
1824,0.03188337355812144
1825,0.9869938886009741
1826,0.014056010282381204
1827,0.988448676647038
1828,0.006377463658961674
1829,0.13027671574960284
1830,0.35841110761879325
1831,0.06144135863985811
1832,0.026250995330123816
1833,0.9881418290177137
1834,0.06929170828063068
1835,0.015191832423363147
1836,0.01759315951638046
1837,0.02205213220414153
1838,0.018171756133276946
1839,0.026784141750014964
1840,0.04384984501337356
1841,0.9789855594428841
1842,0.091014799316866
1843,0.20874720026653285
1844,0.00799590904728536
1845,0.9727154702823619
1846,0.04565217565728743
1847,0.04271872371091534
1848,0.9088767933558026
1849,0.4046604223915467
1850,0.10514130105608255
1851,0.04523293588825891
1852,0.06696899735644989
1853,0.04615522010853304
1854,0.08648489100266706
1855,0.0135852172435377
1856,0.930476386956229
1857,0.015414562985349175
1858,0.028565497309963574
1859,0.20390593941252197
1860,0.11815799638410689
1861,0.012598948043364297
1862,0.17803403893444325
1863,0.005727160165981079
1864,0.8066191201787207
1865,0.006423334813409718
1866,0.061420321580557
1867,0.052950192292203796
1868,0.42575896384824113
1869,0.9911673559393526
1870,0.06054216700815434
1871,0.33900882643508207
1872,0.1125574500736118
1873,0.024982895825640394
1874,0.6082652159968648
1875,0.35217224650066475
1876,0.04943181684054033
1877,0.014788468039820854
1878,0.009464143230396788
1879,0.0803986120789514
1880,0.09720436607320937
1881,0.11565722771819052
1882,0.006202663095704043
1883,0.9956488780211599
1884,0.9714567899743886
1885,0.0016483395683637837
1886,0.34819134230573795
1887,0.3358706501541209
1888,0.04582318497847495
1889,0.0019037674183256207
1890,0.007617717720368248
1891,0.36546929872779527
1892,0.7736271330447616
1893,0.9154647108600381
1894,0.08899125750559116
1895,0.019766430051924175
1896,0.9516235150131019
1897,0.0018317407286901986
1898,0.88109484264004
1899,0.03176120098238022
1900,0.08917956461940907
1901,0.2614712167520428
1902,0.11308311958915658
1903,0.04124662268623793
1904,0.09193404463528539
1905,0.03660714504465592
1906,0.9989901495017283
1907,0.04821777286169284
1908,0.004245824571331551
1909,0.21125696773287825
1910,0.986519205541874
1911,0.07104729871662674
1912,0.05191573563235046
1913,0.7266471992948693
1914,0.08147182122337294
1915,0.9766380360791956
1916,0.09567300421001908
1917,0.9883828634735705
1918,0.605832826886001
1919,0.21472660681323322
1920,0.20650937518674362
1921,0.961961577368604
1922,0.24700375724873233
1923,0.0059663989924882525
1924,0.8841413244747255
1925,0.18850750454404694
1926,0.9405148092187886
1927,0.9621422754138642
1928,0.4330696968566328
1929,0.18828517629364586
1930,0.9375179130329673
1931,0.019072443942149717
1932,0.058523876783026986
1933,0.13337434458898287
1934,0.28012583233080224
1935,0.9794907665458766
1936,0.13028938242914678
1937,0.029715866379076517
1938,0.052617519004155545
1939,0.0350279752422018
1940,0.4991638393162165
1941,0.008355711985220496
1942,0.9168492866197752
1943,0.41666989924515446
1944,0.007596008596199283
1945,0.003658744081764819
1946,0.34789279309757265
1947,0.08858573415875387
1948,0.4217983276085257
1949,0.006148419574055336
1950,0.38618941216013863
1951,0.9544085276107689
1952,0.9385004274639063
1953,0.18986102748920994
1954,0.06863814057733177
1955,0.02138645750893392
1956,0.02980391240169429
1957,0.8276843907594581
1958,0.24205267699701358
1959,0.0645417191750596
1960,0.046673291291601804
1961,0.20407581561478416
1962,0.17564514508222007
1963,0.1358617396591469
1964,0.1480201728710048
1965,0.07673378899825177
1966,0.9761315732298836
1967,0.03532226650766803
1968,0.048938369431168895
1969,0.19778229947802703
1970,0.12963186551103514
1971,0.9844514699647057
1972,0.6857280658393662
1973,0.05596122263886035
1974,0.8905291461085105
1975,0.642298703338811
1976,0.019668348677229823
1977,0.9826408134311987
1978,0.029634596511900646
1979,0.9985060356544834
1980,0.9579707354438373
1981,0.5038759711640556
1982,0.24236374319476559
1983,0.05302753544762307
1984,0.3801103475201229
1985,0.050487308070973645
1986,0.13804709127928871
1987,0.4913447390778085
1988,0.002780629121935104
1989,0.06453508208634047
1990,0.30135443316808247
1991,0.9724776695059164
1992,0.1114128569270652
1993,0.007087859454085226
1994,0.9258833487657165
1995,0.4665808133116423
1996,0.39654025433669865
1997,0.46401679791576583
1998,0.5763822785949982
1999,0.9437011856215894
2000,0.14766705938532396
2001,0.03552181377646985
2002,0.04523672257934743
2003,0.9809808734866469
2004,0.041290483898665235
2005,0.04606231623180584
2006,0.9761494440619568
2007,0.04488198330544276
2008,0.2519654712896927
2009,0.10157226185352891
2010,0.952925056595339
2011,0.9302037055192677
2012,0.689358204712411
2013,0.8503111339582978
2014,0.9801113511529187
2015,0.006510647412033391
2016,0.8937987248448879
2017,0.7858891803076133
2018,0.004097086893678961
2019,0.06615903487118309
2020,0.004031190946210497
2021,0.868895308577487
2022,0.3341274672266841
2023,0.35382302912882185
2024,0.9857493771496418
2025,0.8546080609519798
2026,0.673559766475889
2027,0.012323623379124465
2028,0.11551538151961294
2029,0.0012404164935218927
2030,0.9751017595879063
2031,0.19398261331671582
2032,0.9889658108967323
2033,0.5002837879863283
2034,0.9573911252241407
2035,0.9917537805830948
2036,0.07601012591069362
2037,0.010461365315182589
2038,0.033638791443889926
2039,0.9975184893384057
2040,0.0037542779641334223
2041,0.5660387575762782
2042,0.22680746787048311
2043,0.9928968824887324
2044,0.8075864356308061
2045,0.0026756026808431766
2046,0.004558580164194147
2047,0.1690160774529569
2048,0.0930025234825979
2049,0.9565958116968836
2050,0.9593244996529174
2051,0.7251622042191624
2052,0.03037168641974622
2053,0.24635817298672338
2054,0.7433914757773233
2055,0.005461353653879737
2056,0.015678073803190043
2057,0.8426526810754081
2058,0.0024196270024162774
2059,0.009232427967177069
2060,0.024195934171981293
2061,0.2997702276703927
2062,0.13684269824860348
2063,0.029847456266291792
2064,0.8529904883015037
2065,0.7878393753834559
2066,0.28469066534017246
2067,0.9832776185045828
2068,0.7301101089574081
2069,0.36555876796042736
2070,0.15507516789778317
2071,0.5022616808464891
2072,0.319729247052332
2073,0.00606520890588291
2074,0.08905176500580654
2075,0.45834762556073505
2076,0.021276914802277957
2077,0.12924509811657725
2078,0.007685214909147736
2079,0.020648477540147956
2080,0.01069174598297685
2081,0.6003496009352266
2082,0.21116279516754557
2083,0.018895913935766086
2084,0.7741651926607531
2085,0.08773541346094293
2086,0.016800570554522578
2087,0.057110346893610144
2088,0.9822404146755274
2089,0.05519555461284359
2090,0.7733920608848491
2091,0.13270382639956413
2092,0.016993635530035026
2093,0.021806056498197546
2094,0.514963816774999
2095,0.9988063270848374
2096,0.24131978421650624
2097,0.005129836335502194
2098,0.548016390039113
2099,0.45000276858280075
2100,0.9906707837621823
2101,0.021262128208299317
2102,0.7543439016249064
2103,0.12752100887015497
2104,0.022659891413545696
2105,0.004581845032415756
2106,0.02137745282063291
2107,0.8235929030599923
2108,0.01818958132485755
2109,0.007119321424936866
2110,0.006084285159180033
2111,0.6508857720875901
2112,0.020041625060042957
2113,0.482523705521982
2114,0.35013373238827733
2115,0.12800205580012092
2116,0.9558611819613695
2117,0.9199752243608866
2118,0.006162727163065946
2119,0.9520417623547507
2120,0.17005856455675203
2121,0.034236306260456185
2122,0.1621938428324343
2123,0.9255371256202447
2124,0.013066938278598181
2125,0.7843758225688505
2126,0.05904337782220023
2127,0.06142189486893888
2128,0.04895495311105824
2129,0.14017054379561986
2130,0.046368593198026324
2131,0.11907674603461275
2132,0.9785529777505438
2133,0.0277861794889691
2134,0.011558259636654378
2135,0.18758878325272366
2136,0.007431071979250847
2137,0.9953706618839001
2138,0.005395979053280049
2139,0.0850755327659345
2140,0.022094411733222446
2141,0.27492887017609086
2142,0.14521325938099236
2143,0.7574283242435621
2144,0.8375075246614166
2145,0.9036707764309512
2146,0.30940050141456216
2147,0.996645106909756
2148,0.014067738202231178
2149,0.985046124654645
2150,0.42278936657105665
2151,0.941175710170044
2152,0.6301652069722011
2153,0.19332676003504756
2154,0.03789534970067874
2155,0.15375231533330744
2156,0.9739411245888738
2157,0.008773779187967935
2158,0.6249291408609002
2159,0.8798633236409289
2160,0.7777608067452211
2161,0.005962145374462089
2162,0.16986456550061846
2163,0.018239654603355828
2164,0.07580702998904332
2165,0.2091558606636661
2166,0.20277106637961703
2167,0.31214477840034754
2168,0.05897541386370542
2169,0.06712373363795884
2170,0.9290541339382354
2171,0.017969219164075182
2172,0.49429846702965524
2173,0.9717200055122102
2174,0.21479919885985424
2175,0.013918784321601672
2176,0.07454373306784355
2177,0.026291809964629084
2178,0.04015104115424247
2179,0.059087350309724486
2180,0.80410140573048
2181,0.01364530189077483
2182,0.0051681917745651325
2183,0.3280765306602769
2184,0.053217583473245865
2185,0.06563743456408073
2186,0.35160928979563044
2187,0.03821406218016344
2188,0.06089654639557026
2189,0.4920671470885423
2190,0.0019082253621485717
2191,0.9819061387871524
2192,0.9492414571881924
2193,0.03503886005869078
2194,0.023122234358777933
2195,0.057543797251575914
2196,0.07399725321699298
2197,0.9639869930973686
2198,0.9168089897107672
2199,0.021180548554718476
2200,0.010899902192824981
2201,0.11665587619449021
2202,0.007126139424476687
2203,0.9597097369750527
2204,0.9277064058288498
2205,0.4986647084652401
2206,0.24980087243196655
2207,0.15716747683778706
2208,0.9360779595314798
2209,0.33151988139484345
2210,0.14122043638400963
2211,0.04003411148927188
2212,0.626827621862247
2213,0.00555634735316073
2214,0.012811944651437646
2215,0.009939983626382686
2216,0.56295538703964
2217,0.1893809697949933
2218,0.032695906627649526
2219,0.0029144065156697964
2220,0.009966625070759518
2221,0.03169218860570278
2222,0.004535548756986231
2223,0.9745649524942331
2224,0.2158546588871678
2225,0.004372136410295988
2226,0.2715212636842265
2227,0.8092464133509715
2228,0.21479094025605905
2229,0.0025267301480055102
2230,0.8021957580186715
2231,0.03863915981966184
2232,0.3606018504673521
2233,0.006150639282286482
2234,0.9667554227947331
2235,0.05748221605154911
2236,0.3197259615383296
2237,0.025750783506438557
2238,0.18361010566437463
2239,0.7953611798611422
2240,0.3785440003119825
2241,0.00900245490410933
2242,0.009081376802429634
2243,0.15086646151869743
2244,0.0019095691801207645
2245,0.007645152618666399
2246,0.09927518922213502
2247,0.03443378644043694
2248,0.053573354489039125
2249,0.5514847367862877
2250,0.030241383995952775
2251,0.39834701895426017
2252,0.5583941200797115
2253,0.9796251788906852
2254,0.011856213990990579
2255,0.03998466802735681
2256,0.21371763323318357
2257,0.007459209787155474
2258,0.01576531285560572
2259,0.026989477043993727
2260,0.4118196130538812
2261,0.5390106341537408
2262,0.8706202044214657
2263,0.32326326540525896
2264,0.062331088551794665
2265,0.004266447555713801
2266,0.45432421200427936
2267,0.9568257389279989
2268,0.12326671865412135
2269,0.3827306756972693
2270,0.08333609469965993
2271,0.2385781063882374
2272,0.07859403630479844
2273,0.986546959266037
2274,0.9208468665904385
2275,0.0015506013328003493
2276,0.04596727802157615
2277,0.964765918299291
2278,0.6689198813290359
2279,0.022725250972851205
2280,0.03093088373290731
2281,0.3165825843221932
2282,0.06983623775298797
2283,0.10556650280058379
2284,0.6357438747774159
2285,0.05312963499492879
2286,0.979987042508846
2287,0.06405910656281792
2288,0.008347702407298352
2289,0.0088784211014514
2290,0.006994562497587557
2291,0.9369740389116045
2292,0.15192172981777727
2293,0.022281922731484997
2294,0.04762298522668781
2295,0.9702133524677516
2296,0.8963585398314574
2297,0.22322675451078375
2298,0.009165103845010502
2299,0.04927587140892679
2300,0.014609779039688334
2301,0.03917277675579233
2302,0.04892635832080355
2303,0.28179229265669664
2304,0.8602654454616622
2305,0.05103104248129253
2306,0.1019085602810904
2307,0.12791187948152807
2308,0.14359935100417529
2309,0.0020359802781204288
2310,0.011049632676286664
2311,0.004019988174847704
2312,0.006073914931409903
2313,0.007189686295841287
2314,0.9825957960514987
2315,0.0642663269299328
2316,0.0937340328163931
2317,0.8553379656013324
2318,0.15545754027491787
2319,0.0024671711049388113
2320,0.0935198499641288
2321,0.9988648521200011
2322,0.49237998464454097
2323,0.14690095247677723
2324,0.9337583208853335
2325,0.13479740138252902
2326,0.5708425323694881
2327,0.0042965091231352975
2328,0.9895767336946245
2329,0.18691173176870932
2330,0.03197837253502304
2331,0.0021137304624751076
2332,0.09379608568411953
2333,0.985833688975403
2334,0.0014710893530040803
2335,0.11995725503874044
2336,0.030612229395739838
2337,0.9864831060439263
2338,0.09887872979598322
2339,0.9816313059956939
2340,0.04154550789161709
2341,0.007386170589581242
2342,0.29488322101256864
2343,0.9886741904281747
2344,0.07425389955866853
2345,0.01164629798630161
2346,0.0401311119618339
2347,0.39607391154022586
2348,0.0009496649252482894
2349,0.39530980915523406
2350,0.11710672111579801
2351,0.9275808450500826
2352,0.6200325566126984
2353,0.9812883674289496
2354,0.011051906051188222
2355,0.0842403259794134
2356,0.2465813791790016
2357,0.9545067351569824
2358,0.02558685435206105
2359,0.009869395060750815
2360,0.23489165366693965
2361,0.20500549973402452
2362,0.008882764255904407
2363,0.08932712565560263
2364,0.016756560039971783
2365,0.6952702351013836
2366,0.7941283720437714
2367,0.06694306438439303
2368,0.01539902189004308
2369,0.010496032430280668
2370,0.11086813255152879
2371,0.9932366925415268
2372,0.31803446919917344
2373,0.018181100756493603
2374,0.0018021559352587816
2375,0.9175725827775527
2376,0.02332617772247784
2377,0.30395708674714833
2378,0.9489704098435346
2379,0.010596837063558547
2380,0.012830303842331548
2381,0.019469662583130258
2382,0.7388917207258906
2383,0.5016536311042088
2384,0.9313473074473512
2385,0.28596106194515925
2386,0.04314198257815935
2387,0.15135331562371382
2388,0.9911880779252623
2389,0.006076755306094218
2390,0.21061049321172495
2391,0.18581760647369427
2392,0.01649029213614987
2393,0.05889425762030978
2394,0.6471941339154151
2395,0.13006749573894028
2396,0.03574706211360958
2397,0.6918681750602591
2398,0.03230730322412737
2399,0.24561751971892617
2400,0.0074673687857322035
2401,0.027855617827336365
2402,0.10993216891072814
2403,0.1674851376964502
2404,0.9714609055089007
2405,0.09126269397507573
2406,0.08973056627067254
2407,0.6354431064811109
2408,0.3891788038526718
2409,0.05399992757534556
2410,0.04832936781901764
2411,0.029004501274131216
2412,0.0047756534890831025
2413,0.9800081416715073
2414,0.006101942436925391
2415,0.9907228644553655
2416,0.5064809566948005
2417,0.9029939447393373
2418,0.016062411078812372
2419,0.04106048276107968
2420,0.9899980280257071
2421,0.16178590201314078
2422,0.0026250120173297435
2423,0.01311985087633797
2424,0.017400371940233427
2425,0.53142207021661
2426,0.8747097765656737
2427,0.9991490446076815
2428,0.0032071215913866704
2429,0.9491407034529352
2430,0.5645186065437485
2431,0.5288797090842049
2432,0.9515710633149735
2433,0.09115427682754577
2434,0.06122863026201744
2435,0.10060838411271307
2436,0.2187713941436631
2437,0.971824701162415
2438,0.13940938881779838
2439,0.11928818385797961
2440,0.3334392852060244
2441,0.9972764388232488
2442,0.2687710037962054
2443,0.08844118504372626
2444,0.8773837153018663
2445,0.17265958291558836
2446,0.4672637129408153
2447,0.047054394844499275
2448,0.007903297475281686
2449,0.797761575290881
2450,0.22567685451690936
2451,0.008660911967209231
2452,0.44966655795465194
2453,0.5499822712169741
2454,0.022610616798800946
2455,0.2766242195480742
2456,0.0046463519411236035
2457,0.9834119938604696
2458,0.22665634545787236
2459,0.8898174471567325
2460,0.0526377962717354
2461,0.007035592088715605
2462,0.01828614095691279
2463,0.9067701363324794
2464,0.004054069997704818
2465,0.013492985234665586
2466,0.041542837967900724
2467,0.03017352004395994
2468,0.9616506947774738
2469,0.5747755649524762
2470,0.9931092476344516
2471,0.009079007512607727
2472,0.07113044120294498
2473,0.014480097412527558
2474,0.0022966958632741406
2475,0.003480635761833864
2476,0.6943231589768586
2477,0.05504920886574652
2478,0.004639825611590508
2479,0.2650179076814864
2480,0.9822624668619264
2481,0.024443009947351307
2482,0.23799842272293334
2483,0.5258497440066104
2484,0.009680778074943427
2485,0.9001504921452362
2486,0.07571096151863674
2487,0.9707331491125505
2488,0.5139378794267511
2489,0.036541545891128784
2490,0.2684539744994916
2491,0.0013088138590741899
2492,0.3439979605895796
2493,0.4411655583968561
2494,0.014426193522784318
2495,0.6327824127648634
2496,0.04279522783317726
2497,0.10061121001664737
2498,0.1337185090887916
2499,0.9986772789745965
2500,0.0143134221097041
2501,0.050075923807642676
2502,0.0173245041626753
2503,0.21644315530291988
2504,0.9973936460673589
2505,0.07044443271942118
2506,0.09464126701160207
2507,0.4348841742043221
2508,0.09570872715635409
2509,0.03581916611378445
2510,0.03768304218372856
2511,0.18509542664127096
2512,0.037403037161074244
2513,0.07260136222643702
2514,0.09537607863490631
2515,0.07214051104433888
2516,0.044922020497257555
2517,0.6899127213904052
2518,0.17317784663631342
2519,0.2185599786780145
2520,0.031172176923658552
2521,0.22974461360089285
2522,0.25144194497203803
2523,0.07877359909929262
2524,0.016484674191158757
2525,0.05958521489515592
2526,0.0489545483790674
2527,0.3341404470268054
2528,0.23943507129875044
2529,0.06796055748666617
2530,0.7908603625386532
2531,0.01413698352631682
2532,0.8960720128650402
2533,0.1519547494618286
2534,0.044758516483030586
2535,0.9886904150567615
2536,0.12313011165575083
2537,0.029441231534504054
2538,0.015111009582427464
2539,0.5836369267750933
2540,0.03617850385520036
2541,0.18196993230300929
2542,0.12762751266927425
2543,0.18573738337750065
2544,0.9903000072401517
2545,0.0030407385604340666
2546,0.3385788588242989
2547,0.017234901600707325
2548,0.3774054391071717
2549,0.0008896614005240016
2550,0.9187763916451029
2551,0.4328910609881147
2552,0.03441813455230697
2553,0.019234988054823956
2554,0.0025802385813538634
2555,0.8028098831921494
2556,0.9734660452066931
2557,0.21511625880348795
2558,0.018534660823482877
2559,0.21786199906109358
2560,0.16791561188226423
2561,0.011487521993381484
2562,0.7168321290806164
2563,0.1869255285973701
2564,0.9212493144567969
2565,0.8934509759306665
2566,0.06814532647636956
2567,0.9771516512218499
2568,0.2128964639341073
2569,0.002683014678466444
2570,0.024371887358157665
2571,0.5580680012040155
2572,0.050504812358728224
2573,0.06454985480493647
2574,0.009035749129615868
2575,0.9354213373819822
2576,0.9985999303499812
2577,0.085329628258902
2578,0.010715154028493162
2579,0.32793920986597663
2580,0.1298485551105036
2581,0.9452338698242041
2582,0.03126175699326653
2583,0.15961081245385056
2584,0.21061343161828272
2585,0.08601768976358803
2586,0.01599928280945473
2587,0.08970318802562267
2588,0.9047905927735349
2589,0.006879454232827983
2590,0.003631190282406046
2591,0.05639370039539068
2592,0.13104948404422875
2593,0.14523571164663315
2594,0.1734231896715205
2595,0.04161279862715329
2596,0.0440678402050056
2597,0.9685929147992262
2598,0.9584089226686991
2599,0.09752917863956213
2600,0.18907839854457545
2601,0.03745354185890228
2602,0.0749011723731459
2603,0.9912110555161749
2604,0.9113509449165736
2605,0.08165393732331462
2606,0.12629716640565894
2607,0.25909295212040023
2608,0.9955317406925085
2609,0.04331124459363175
2610,0.9725046705907233
2611,0.9166406973033379
2612,0.0033548645886334106
2613,0.493552172989353
2614,0.0033340161180123924
2615,0.008174373752331288
2616,0.012663459194860375
2617,0.01285482659757913
2618,0.00791181849701117
2619,0.9816602908291951
2620,0.03667400621510565
2621,0.9545278054443748
2622,0.19168697425577583
2623,0.030893826874119113
2624,0.09980665577104875
2625,0.014232056540078942
2626,0.8359323077453676
2627,0.004074695420623445
2628,0.22963050739343716
2629,0.9543255448067542
2630,0.312418157620717
2631,0.8131973008785004
2632,0.9691801270209917
2633,0.3145804037330115
2634,0.9759568677124615
2635,0.662194786989455
2636,0.9990573016458718
2637,0.20279235196693404
2638,0.011404915182082724
2639,0.05175415976810783
2640,0.005761969938118655
2641,0.01860564596965551
2642,0.42718358983917937
2643,0.9978531491411946
2644,0.954242070153947
2645,0.0019149905347046372
2646,0.001054151855632909
2647,0.45070759379905123
2648,0.005716660121672421
2649,0.9264409780333424
2650,0.14026049867352516
2651,0.023635311584790986
2652,0.7673697130000546
2653,0.6914913729551352
2654,0.016701039268521425
2655,0.041421973047440226
2656,0.09874081487611357
2657,0.7745577404647289
2658,0.5500737696982113
2659,0.2114753468286937
2660,0.9806349856324902
2661,0.00516929941343246
2662,0.00468457580660155
2663,0.009605850980460089
2664,0.014300661478345975
2665,0.9864614484786628
2666,0.9733449892169279
2667,0.12447820568008337
2668,0.45605706063591284
2669,0.3067765915363125
2670,0.6298483727531626
2671,0.23367519144048668
2672,0.09390636847538238
2673,0.027330360484431552
2674,0.06859149918616773
2675,0.042252837237443275
2676,0.9751202165938775
2677,0.9981422725521716
2678,0.1061634431956192
2679,0.045774171511870576
2680,0.9770146115396398
2681,0.007537591338508874
2682,0.0027891647704653168
2683,0.5460453112661142
2684,0.0018716061714338869
2685,0.31067006163604777
2686,0.9244606908359033
2687,0.01846080561349793
2688,0.8299426151597484
2689,0.08797876336460714
2690,0.013354786032044536
2691,0.039386757880633845
2692,0.008568942410548912
2693,0.2449328686043664
2694,0.10802183587797513
2695,0.07728385321282773
2696,0.060612764824520604
2697,0.9949533554957252
2698,0.41368713801366913
2699,0.062506569710177
2700,0.22032910856563484
2701,0.9325998279206078
2702,0.9341166465186824
2703,0.9640364518456094
2704,0.9074707972467442
2705,0.232755676288137
2706,0.043154565582414824
2707,0.999017461004232
2708,0.0038459771783979062
2709,0.9151370780345424
2710,0.36958028686245487
2711,0.00877003084286722
2712,0.047641099002190955
2713,0.020897542066768526
2714,0.9153229857458666
2715,0.09313926916339883
2716,0.0014756625159125132
2717,0.9450771724674295
2718,0.1506307927271653
2719,0.12858740559963808
2720,0.43088533175016924
2721,0.05011331997215315
2722,0.9791579704235609
2723,0.024279662699511335
2724,0.20356889755690757
2725,0.0018884179940570345
2726,0.8706462183674505
2727,0.9319064101692273
2728,0.007175008920346157
2729,0.5659680907541741
2730,0.33106266625791353
2731,0.013192379990810271
2732,0.3644909895442702
2733,0.005871612397558575
2734,0.014986304833823669
2735,0.013141292477635713
2736,0.3009615558943928
2737,0.016778705867512747
2738,0.63261216121087
2739,0.1801981788644346
2740,0.8316884568716
2741,0.9988123061975681
2742,0.9976936971818201
2743,0.08340163406653651
2744,0.2716012531192578
2745,0.9537574007483256
2746,0.960334201414958
2747,0.6581759195962741
2748,0.06463595626984403
2749,0.06913538053688038
2750,0.01470247211604545
2751,0.045728205420773105
2752,0.13058506803774866
2753,0.06536104067139147
2754,0.07245750127021382
2755,0.7225947779417229
2756,0.26869987821524727
2757,0.09588231824029336
2758,0.08149181371993953
2759,0.09664163969787097
2760,0.24928856558041934
2761,0.8265789175429004
2762,0.9700753744736651
2763,0.40717621004183663
2764,0.024500436669606173
2765,0.12739243188540977
2766,0.09779856732073682
2767,0.7303282031542083
2768,0.009633822162916047
2769,0.9752016177285184
2770,0.03704861187550385
2771,0.04474662479383628
2772,0.09999580964116257
2773,0.8613520655365288
2774,0.11944599627936459
2775,0.19801430570434797
2776,0.47545821385586756
2777,0.04035104391221147
2778,0.10049215697467735
2779,0.041776608466475774
2780,0.47543483316783486
2781,0.6471108718730137
2782,0.003514898984082479
2783,0.002115990530856903
2784,0.056454873079729524
2785,0.010934817056393311
2786,0.003555088167335418
2787,0.0033986659854648936
2788,0.04207310093460164
2789,0.033837486711874136
2790,0.008001859835347866
2791,0.012085597119855221
2792,0.8002852112118827
2793,0.9243236094033375
2794,0.3866669327981754
2795,0.2134601365556299
2796,0.008036884540916956
2797,0.023614808800850356
2798,0.6212879310898095
2799,0.9175932990071537
2800,0.05177236450261976
2801,0.9001048886794871
2802,0.03894019821280247
2803,0.9710451053637
2804,0.017807478055519802
2805,0.03230535360052601
2806,0.03395040859195975
2807,0.03915637643128587
2808,0.08268228515492045
2809,0.18177135067993544
2810,0.015206030445522994
2811,0.002456536734259941
2812,0.97447840237669
2813,0.03497388229162204
2814,0.0024814630213199585
2815,0.7627580078307159
2816,0.03836047955217503
2817,0.03735647850943128
2818,0.6037442314229265
2819,0.9689776335842936
2820,0.9032145333466196
2821,0.019167453634630568
2822,0.1447311095728132
2823,0.44199868427713945
2824,0.2450638975184589
2825,0.05810348120790834
2826,0.984978133200317
2827,0.035917331042794244
2828,0.03829797767147122
2829,0.8804921328101062
2830,0.03258241280797295
2831,0.03159689098021274
2832,0.07923500668972618
2833,0.7505979147303723
2834,0.9767739846158535
2835,0.015274633263330636
2836,0.022771977128580163
2837,0.06842641517167174
2838,0.03579170185964914
2839,0.05157135315814659
2840,0.019627559844508206
2841,0.9960200480634791
2842,0.9925479339922578
2843,0.9415675836925725
2844,0.015777203156355033
2845,0.008748542949973181
2846,0.19501418372775892
2847,0.015052706887610776
2848,0.015094369835111192
2849,0.016014925367442787
2850,0.06300472200464972
2851,0.8471376597076888
2852,0.019303700950243727
2853,0.882391637846481
2854,0.0012492631980117691
2855,0.593716421264602
2856,0.007378242300077976
2857,0.10511158689961503
2858,0.007020632536752977
2859,0.0977044386881369
2860,0.017497858023810188
2861,0.06595209001302378
2862,0.6200871544315579
2863,0.018026807732211065
2864,0.5406609732272912
2865,0.971055975236506
2866,0.006185618507990762
2867,0.07059379850033685
2868,0.0022540216325103238
2869,0.09657845593708847
2870,0.024268042856538472
2871,0.018076844600444675
2872,0.28176579198030144
2873,0.15118066444157716
2874,0.04777887567673761
2875,0.0454533831881238
2876,0.021037285463357275
2877,0.04022615231768061
2878,0.275763232324722
2879,0.10363639405160252
2880,0.9438763034369716
2881,0.5604044598949519
2882,0.247483246811532
2883,0.009274294519775178
2884,0.7708133980741967
2885,0.9554238388798127
2886,0.9982847748327991
2887,0.8127038768778369
2888,0.129770954819157
2889,0.054853141676157985
2890,0.41970869621558465
2891,0.9923542295106934
2892,0.002058033866699671
2893,0.4571235591956833
2894,0.28745412727398406
2895,0.9573906860233273
2896,0.06303366084245073
2897,0.006663618131599329
2898,0.6021084416684865
2899,0.06846936859346463
2900,0.08831274531006317
2901,0.038711402728024945
2902,0.19492236179732692
2903,0.0019169111111782395
2904,0.0185595461450125
2905,0.5970125419222734
2906,0.1841147649281802
2907,0.0017787140811312543
2908,0.10094786911670306
2909,0.0076129465301854465
2910,0.5473685687836037
2911,0.058598795831499816
2912,0.5491757768104006
2913,0.019992990153732265
2914,0.97738761883754
2915,0.11140505025188391
2916,0.5484212340736235
2917,0.06531419696526915
2918,0.6335484396673362
2919,0.11749523085790396
2920,0.033347125408576324
2921,0.13247127126462208
2922,0.06899798842275374
2923,0.00899606422343747
2924,0.6470855777769423
2925,0.8761058437161046
2926,0.5965536191171913
2927,0.10228154412892505
2928,0.8166121669355085
2929,0.9691754717201456
2930,0.08982444822876794
2931,0.9968124186971119
2932,0.9745625008785505
2933,0.1085215432516502
2934,0.013208048716269072
2935,0.36635463391752515
2936,0.0050077756269010865
2937,0.03228013867985121
2938,0.7233953644561887
2939,0.9639649836137574
2940,0.44010113169518233
2941,0.006805736818449356
2942,0.9220881059349738
2943,0.0175380236263336
2944,0.4596953654931175
2945,0.06919461790249559
2946,0.06158144816940018
2947,0.031601062214773816
2948,0.07724469454377124
2949,0.01192384554502452
2950,0.03701351775015596
2951,0.006423322738482011
2952,0.5876488309583608
2953,0.974142589099278
2954,0.05215821678498652
2955,0.021350981285220363
2956,0.9536945623783785
2957,0.4379504190894174
2958,0.037090988882976766
2959,0.24923756886454765
2960,0.016866854179738534
2961,0.002363494178146803
2962,0.7345749048845032
2963,0.0930465187346748
2964,0.7147093182894096
2965,0.9404926589836289
2966,0.04103139411497509
2967,0.3539012176438175
2968,0.012873320542322556
2969,0.2827392020190538
2970,0.01975840020947495
2971,0.07010657396773634
2972,0.013348409625013014
2973,0.31993073072043593
2974,0.8513112123481767
2975,0.12314213211886686
2976,0.08764485415323865
2977,0.9866086661769317
2978,0.002221937186217078
2979,0.03070438615746082
2980,0.013969598200242789
2981,0.03666598997192903
2982,0.6715459062142407
2983,0.8072910518592549
2984,0.08550548610116426
2985,0.17298568154404267
2986,0.05366460381722974
2987,0.026195125754083923
2988,0.028049655504384926
2989,0.03903523352208695
2990,0.033400727480009475
2991,0.8776488840480215
2992,0.9534947301366201
2993,0.17491534470095774
2994,0.13719940270743924
2995,0.02604392322067647
2996,0.08895070430031331
2997,0.1821506204117567
2998,0.09387796206082329
2999,0.6727578180407002
3000,0.1292426190518973
3001,0.0016593047477675676
3002,0.972441637855819
3003,0.0023401010136916162
3004,0.31127482850691074
3005,0.7982387913047969
3006,0.12258842476944225
3007,0.15639315585506416
3008,0.40259697583449894
3009,0.13721015083783136
3010,0.007978882002811263
3011,0.03948426484160956
3012,0.9631538535360488
3013,0.1673002999118097
3014,0.0018507577032249374
3015,0.0021065201538137306
3016,0.007588920498864068
3017,0.8508262878152203
3018,0.013625486527728969
3019,0.5598117989949165
3020,0.06566256327668202
3021,0.3609081076159413
3022,0.9609400026070963
3023,0.003920477929888245
3024,0.07553471885581213
3025,0.16244741253608477
3026,0.9276004596285196
3027,0.1220938250188593
3028,0.25921410791690763
3029,0.1610788607235301
3030,0.015575055595108933
3031,0.0061881716800236105
3032,0.03442110155254151
3033,0.6346416879445129
3034,0.24007346863929943
3035,0.2783180845060989
3036,0.5250527368181638
3037,0.12102472488169434
3038,0.36318865606257117
3039,0.014072255167492493
3040,0.05231861385363653
3041,0.07489320838348303
3042,0.9425911132845216
3043,0.014517477606420554
3044,0.08356612875132152
3045,0.6881968003640081
3046,0.027240534047075077
3047,0.05714750005403587
3048,0.9730285732091469
3049,0.7254033754039906
3050,0.9961930440779337
3051,0.9674190944889668
3052,0.008995424096875029
3053,0.9025234943941486
3054,0.09278311888915945
3055,0.04096589749819809
3056,0.7345518943126058
3057,0.0024127091781696425
3058,0.9967107271836092
3059,0.001044195526240677
3060,0.9150365558808188
3061,0.9991127763096453
3062,0.12204553165114396
3063,0.37583419427784803
3064,0.055484621164565255
3065,0.006971012971265809
3066,0.5523754172874452
3067,0.08608489502622325
3068,0.6434513151841015
3069,0.0767955781631724
3070,0.004967642651115025
3071,0.005331501823150025
3072,0.013765224816145236
3073,0.2702286355057682
3074,0.44578315522041906
3075,0.12080980534512936
3076,0.0020531523935866727
3077,0.9882411449476679
3078,0.9946717624764659
3079,0.06880185190454903
3080,0.00797630742357352
3081,0.057893128665849086
3082,0.8985140439857385
3083,0.01838718125934111
3084,0.4089645859510434
3085,0.5612667771943941
3086,0.05503215734444095
3087,0.07130778142711254
3088,0.03722309560398913
3089,0.04928312566265827
3090,0.03373909575693238
3091,0.0807712192947425
3092,0.009726796577451138
3093,0.8945046788748786
3094,0.007002222070800749
3095,0.14428683469059292
3096,0.07563255185328181
3097,0.012430432423611762
3098,0.9987961881504255
3099,0.007869069254444297
3100,0.03693800834985424
3101,0.006886252123270732
3102,0.010073788368540773
3103,0.014066661167848271
3104,0.20930996617246775
3105,0.3358481215560886
3106,0.06794102211011009
3107,0.7596525921363587
3108,0.02021122645523737
3109,0.006467833850213292
3110,0.007215274180878112
3111,0.030774582617891566
3112,0.0010079216271924659
3113,0.07593798029682024
3114,0.00960348809149318
3115,0.7945754282367922
3116,0.058139051207523516
3117,0.0025928610897575258
3118,0.4340125708169513
3119,0.5380301955330412
3120,0.0013607332971657463
3121,0.009427851144735879
3122,0.014116769968594026
3123,0.9854537229809693
3124,0.02560651064070284
3125,0.41690662140966794
3126,0.020284616330542318
3127,0.8459811601236541
3128,0.00396504148288031
3129,0.04712169384316938
3130,0.7326060381055662
3131,0.8140790475148058
3132,0.052229039550518254
3133,0.1605610443967672
3134,0.014159272463189402
3135,0.005674688414434596
3136,0.22391011978828232
3137,0.01501028324903736
3138,0.02689659691549105
3139,0.9806135911356527
3140,0.12692083655142583
3141,0.0048846317301297
3142,0.9551483526883442
3143,0.5910025058676547
3144,0.9704807942633717
3145,0.0347948279460201
3146,0.1272442406700233
3147,0.07000116352329697
3148,0.14823535942589344
3149,0.9620333149777774
3150,0.0014287076823803803
3151,0.2579045164611212
3152,0.0042571867786931695
3153,0.017649664957770022
3154,0.02456091192131804
3155,0.011941496755914082
3156,0.023394160844212194
3157,0.15580191971781115
3158,0.003748004829148667
3159,0.04596878818306715
3160,0.8075284732876483
3161,0.03905576102486972
3162,0.9393360684488886
3163,0.014573255558094791
3164,0.1541795049030855
3165,0.03277425479518737
3166,0.08169207970931822
3167,0.011589127550457679
3168,0.030460945238822257
3169,0.9669067863663138
3170,0.008751421061536611
3171,0.21905879912442747
3172,0.24052612406840354
3173,0.017611104313959527
3174,0.927327998048774
3175,0.8027990613676513
3176,0.001730113463140531
3177,0.3059321661085928
3178,0.23472874781216788
3179,0.0031550875984654157
3180,0.06630456011145391
3181,0.03279985111460957
3182,0.15008819985472385
3183,0.6607445651454166
3184,0.0028668812865510714
3185,0.30943660568191894
3186,0.06456879842341183
3187,0.9726278468176005
3188,0.018426875184560244
3189,0.02458863805451278
3190,0.9987635780591901
3191,0.6963664405720748
3192,0.011761915411318552
3193,0.05419763670137131
3194,0.019064244158862553
3195,0.8846342471642726
3196,0.8360860864858314
3197,0.007452489681613485
3198,0.0036201364369187234
3199,0.46750479844729353
3200,0.9952778073715663
3201,0.14044780820468697
3202,0.007548859651482972
3203,0.10292593449441889
3204,0.3911406733946408
3205,0.9436510946617296
3206,0.740078596187702
3207,0.019636667485493975
3208,0.08445871779658448
3209,0.968751889647708
3210,0.004982372220195177
3211,0.9817271850367613
3212,0.04706465254226213
3213,0.8071948200527314
3214,0.032380069082676356
3215,0.047186799032106014
3216,0.9824639054235865
3217,0.9708293046425535
3218,0.9584796165163763
3219,0.9123248044578828
3220,0.7874088415813582
3221,0.11508976572184271
3222,0.21510602442767815
3223,0.9202179979483338
3224,0.009952129397233127
3225,0.008318438851111718
3226,0.1896340847332406
3227,0.9951487219238023
3228,0.9682124529984059
3229,0.7370271091469743
3230,0.02440505648311152
3231,0.007722671668171662
3232,0.3043867777958096
3233,0.18198728517452042
3234,0.14510650503721292
3235,0.0231453064135146
3236,0.3468896832884099
3237,0.8754182042495312
3238,0.011350599543089703
3239,0.41338282306525403
3240,0.03986529229883318
3241,0.033884966881162513
3242,0.4252777864721676
3243,0.09842065833038688
3244,0.10430793851012649
3245,0.8451120623683255
3246,0.22666743034602507
3247,0.18373722987144417
3248,0.06925092540480912
3249,0.04375592102322223
3250,0.37141406865629817
3251,0.019011522458940527
3252,0.024502289860948424
3253,0.0051925713800081595
3254,0.25539736179870515
3255,0.00719637715904569
3256,0.006950026607799728
3257,0.0025123740166713687
3258,0.8576529545908734
3259,0.02445852563977471
3260,0.7277803205942552
3261,0.22213404835093775
3262,0.021188869721090905
3263,0.5167384891758222
3264,0.01499566937706556
3265,0.17395021920298684
3266,0.18753698735504018
3267,0.9021121039781156
3268,0.9894182247531825
3269,0.044729590813519814
3270,0.1365661333252962
3271,0.8883636877231119
3272,0.2666336741906607
3273,0.04681403052151701
3274,0.008540535496275444
3275,0.1652587079468023
3276,0.3013597969565794
3277,0.32159330223614396
3278,0.9749462045206448
3279,0.6511890126376839
3280,0.1091056220174328
3281,0.005254872620032345
3282,0.06273287672190264
3283,0.005617693080881785
3284,0.9787065539038272
3285,0.011649852953977422
3286,0.6247339716440967
3287,0.3608132522011734
3288,0.7096082224427915
3289,0.003193088831741247
3290,0.32011658043527946
3291,0.016787744300516716
3292,0.11227105608420536
3293,0.5832979980285259
3294,0.8544062729445511
3295,0.9014468037591309
3296,0.018103601878850795
3297,0.7767171576262647
3298,0.6916709550839174
3299,0.9419626334319724
3300,0.001553457055218822
3301,0.04719904025189151
3302,0.6883197844863602
3303,0.008842023496956045
3304,0.33234508533245566
3305,0.9986134961683071
3306,0.9958441831632602
3307,0.7623160805063675
3308,0.5647113606142257
3309,0.03057626669365149
3310,0.988432615840412
3311,0.5963938261646902
3312,0.4754127721893289
3313,0.07628954277654411
3314,0.3009798254911939
3315,0.1923198528714567
3316,0.9493153679868561
3317,0.9914205036198794
3318,0.6237172253832157
3319,0.9728018986753856
3320,0.0014628405273770006
3321,0.01588503121196025
3322,0.004183877562510266
3323,0.048395649111102446
3324,0.7796871790728194
3325,0.09598516854827943
3326,0.004449847979185339
3327,0.08325514101420571
3328,0.02362948369244362
3329,0.9741880866615059
3330,0.9845229278608157
3331,0.12403872150794182
3332,0.876041233632692
3333,0.6892921856850527
3334,0.10855652893333541
3335,0.9558376354242144
3336,0.9569527650809154
3337,0.8150900990623553
3338,0.4326871561517904
3339,0.053704592936387734
3340,0.9579936732233202
3341,0.9346936126764137
3342,0.38685806127627004
3343,0.02341416786833807
3344,0.6408702672297153
3345,0.3216863222102673
3346,0.9660715375875792
3347,0.7529492654320409
3348,0.6044668960002375
3349,0.011827149096217298
3350,0.09521391641303244
3351,0.5510618351117547
3352,0.7265147755460593
3353,0.01069256561015096
3354,0.007268424396727297
3355,0.3517935540329003
3356,0.010039679368014805
3357,0.2744104499286631
3358,0.002375467503500863
3359,0.01787098519093734
3360,0.001707350221236658
3361,0.002066567931871426
3362,0.090800978658106
3363,0.17633538989649164
3364,0.22066475140099398
3365,0.008707373972118897
3366,0.9594001352184591
3367,0.0690817980940267
3368,0.14320348681356918
3369,0.008985529942971715
3370,0.6897647955357114
3371,0.2063771841362676
3372,0.012772376422682091
3373,0.0039576006796270685
3374,0.6129011125466627
3375,0.03948549822121267
3376,0.013148722193702412
3377,0.5520404680832987
3378,0.9750819930579553
3379,0.05962982358590663
3380,0.09946678889633909
3381,0.007620302019939844
3382,0.08956948784617881
3383,0.32672055350507806
3384,0.9705942969894746
3385,0.9381404873329551
3386,0.013649975111884849
3387,0.008886115371529705
3388,0.2614876342443021
3389,0.14406593751010807
3390,0.3782281621805123
3391,0.9991479409467284
3392,0.0020900028328954424
3393,0.10488985851361603
3394,0.14166618040873222
3395,0.0834407731793068
3396,0.958868568372866
3397,0.9949901780368785
3398,0.006723132800741792
3399,0.04686654065580562
3400,0.08509819555721589
3401,0.024322183748944032
3402,0.02424648064170277
3403,0.9285339665848422
3404,0.14887732621786262
3405,0.021560119983345966
3406,0.397211566750326
3407,0.8631593804834378
3408,0.048623530283894295
3409,0.015100277235264295
3410,0.9930816709975332
3411,0.09322962696514055
3412,0.9755636096607998
3413,0.9147208913595778
3414,0.14037454717961392
3415,0.3176351129757932
3416,0.01159586324061967
3417,0.05975116877489389
3418,0.007484981060256221
3419,0.05722756094174359
3420,0.7118578070260614
3421,0.011146706786505834
3422,0.04948123606082589
3423,0.04510430713559476
3424,0.04125579915699665
3425,0.029103729088160002
3426,0.05401385204524278
3427,0.019861412716156296
3428,0.04199812461844471
3429,0.548041884397355
3430,0.0017562267209512465
3431,0.4806752292112737
3432,0.2283396411216763
3433,0.01164785839590083
3434,0.9635298153953181
3435,0.0819923726067074
3436,0.10478403308647295
3437,0.1478964391998913
3438,0.1871989272152084
3439,0.30349700522045825
3440,0.9197799424010933
3441,0.4453590359305902
3442,0.0038218620863829226
3443,0.32608201263832753
3444,0.462935362202295
3445,0.14539155200553408
3446,0.4616545117489148
3447,0.029036700902436968
3448,0.032882555629623084
3449,0.032581864710742446
3450,0.05394578041480214
3451,0.016166796235162664
3452,0.20090080734690077
3453,0.8516276137564329
3454,0.9984554346728998
3455,0.8673902697917019
3456,0.47468946415676444
3457,0.08994799258374982
3458,0.267781341938383
3459,0.001814978418303168
3460,0.09409513161377107
3461,0.9792530653582645
3462,0.2930251184452328
3463,0.041826591411757784
3464,0.014294288397895087
3465,0.031531454399464975
3466,0.006957989886669548
3467,0.006705749359314529
3468,0.18352858215704315
3469,0.9041186627414763
3470,0.005757432247284849
3471,0.47059633561857345
3472,0.023920763903254542
3473,0.0070558466327876245
3474,0.004677339743824498
3475,0.6066872883460469
3476,0.07687590601378155
3477,0.03102738892101223
3478,0.006216827452354361
3479,0.9750659755403408
3480,0.9661134042151517
3481,0.041391459581082785
3482,0.07740140196681446
3483,0.8331487366033516
3484,0.004969047886435163
3485,0.7461342666825973
3486,0.9837915924310536
3487,0.029920192971357572
3488,0.015346435911116419
3489,0.32864804262244757
3490,0.041549995359291395
3491,0.030570590492780325
3492,0.09736431876028155
3493,0.05600541420976543
3494,0.31161688673278537
3495,0.26530035991912787
3496,0.5722383196648114
3497,0.7588859196262591
3498,0.0010302070350539092
3499,0.3631135710896561
3500,0.9710175791155199
3501,0.7623656843615754
3502,0.016251066909900278
3503,0.06166940784078179
3504,0.056602228244751196
3505,0.0032800388706712836
3506,0.01586487423158403
3507,0.13467684900168064
3508,0.7212149239066971
3509,0.015132345522701101
3510,0.006146375045699502
3511,0.9538569499339883
3512,0.007618440910696527
3513,0.02845337602442907
3514,0.036621139459565966
3515,0.03612408876391963
3516,0.014312300812429993
3517,0.9505436575473937
3518,0.5841773782103298
3519,0.9852131937362518
3520,0.01813769000623129
3521,0.026953419888642458
3522,0.2624835470757923
3523,0.14016651202997343
3524,0.3156420463490823
3525,0.15643093678208778
3526,0.23678892505060742
3527,0.01500443886896382
3528,0.05509659463614941
3529,0.6439848960568929
3530,0.022948455542280876
3531,0.01962286821463755
3532,0.991989230044724
3533,0.017144691351496957
3534,0.12740912212696615
3535,0.009197338732170197
3536,0.025391820734943463
3537,0.036500861706348184
3538,0.008758815605844497
3539,0.9637727593524893
3540,0.002505977153916768
3541,0.08126436267936246
3542,0.0231637612135757
3543,0.6893181303846428
3544,0.043288062504120255
3545,0.04567907211197386
3546,0.038547776631900704
3547,0.0021412335142100723
3548,0.004527639534039142
3549,0.028470235392711696
3550,0.023490758174409713
3551,0.956876404083426
3552,0.9974964937173244
3553,0.3824000244622687
3554,0.49544285118219306
3555,0.9835779361046469
3556,0.14920355379882447
3557,0.327065077661854
3558,0.0027797251349262787
3559,0.26997678752320003
3560,0.008757527019350841
3561,0.10628459134281565
3562,0.10343004771464752
3563,0.9576297950546587
3564,0.29216045741746427
3565,0.9563461640281541
3566,0.9478978117593408
3567,0.07430704714074114
3568,0.00348700996172141
3569,0.8032908638529115
3570,0.13693102890558104
3571,0.7796162696672879
3572,0.7872686923942346
3573,0.004956890565020033
3574,0.013325553206233576
3575,0.5459873339215521
3576,0.9989928480662219
3577,0.017185489406136834
3578,0.9808558762467064
3579,0.920781928799055
3580,0.3326294240969726
3581,0.00979161008193722
3582,0.6084383493137826
3583,0.05818145224761257
3584,0.9912383126830059
3585,0.3396760151421629
3586,0.6206459838511232
3587,0.007866138519602365
3588,0.11157308631827405
3589,0.9930330718284179
3590,0.048233249039832005
3591,0.519572613611865
3592,0.8892457639042436
3593,0.8843124634947649
3594,0.9806152691832953
3595,0.04304319655759695
3596,0.10192239405034675
3597,0.8990966362805924
3598,0.02901796648046674
3599,0.008306727962941836
3600,0.9487195082144609
3601,0.003465766330597253
3602,0.002095436118080817
3603,0.05265805702369685
3604,0.07066230607521799
3605,0.22270583412602243
3606,0.9829897221587425
3607,0.0012757282696028633
3608,0.30599786251754085
3609,0.0007961394541138629
3610,0.23419150746216114
3611,0.7443232511922826
3612,0.12616052952641169
3613,0.8934960473879529
3614,0.794330284293265
3615,0.037323016838516875
3616,0.010621313366955492
3617,0.02267378121978107
3618,0.9878077724237412
3619,0.9128853970945965
3620,0.08711962092033428
3621,0.4844290979317014
3622,0.004746049376547059
3623,0.9732422557878456
3624,0.01722544301958623
3625,0.5828993833773213
3626,0.714401186045854
3627,0.3833106778694906
3628,0.21532668703142724
3629,0.055482248794324424
3630,0.916489024181636
3631,0.06021049183739972
3632,0.04611251134120362
3633,0.027361913316943987
3634,0.03569493328191391
3635,0.005181584655051208
3636,0.049924629363577284
3637,0.024724740249457432
3638,0.9217267321444504
3639,0.034631100492296625
3640,0.09314675609008
3641,0.12122560182499988
3642,0.003917494635618399
3643,0.003503720241637389
3644,0.9973978825540334
3645,0.7839353610335604
3646,0.9385657077411343
3647,0.09783578792517704
3648,0.5174664220135617
3649,0.9114194206844743
3650,0.012474834264282149
3651,0.006775061425358855
3652,0.00782374505737344
3653,0.02990445846360308
3654,0.6342893413579919
3655,0.3739428805088966
3656,0.009925663084569486
3657,0.002160056886868666
3658,0.020394648403390298
3659,0.8353678543386375
3660,0.2194244733348861
3661,0.6388770311709338
3662,0.007235896031977995
3663,0.1692468238737749
3664,0.0058496929937212035
3665,0.42708148446475297
3666,0.8845527220549941
3667,0.03358789142423633
3668,0.895231636533072
3669,0.7045642261001038
3670,0.12768470540433155
3671,0.003885219874539162
3672,0.020050188218369593
3673,0.7138763048064048
3674,0.095519381178423
3675,0.9615170914646146
3676,0.08370121362307721
3677,0.10314594280193727
3678,0.972334380881214
3679,0.9200479886815547
3680,0.009790118243605171
3681,0.08402796028833094
3682,0.01231120515029857
3683,0.1060628165885781
3684,0.5366753115403582
3685,0.24597135418658375
3686,0.9965827852861135
3687,0.22077898907148585
3688,0.2117750262345782
3689,0.7504880301156983
3690,0.022275696868754705
3691,0.8391897072244721
3692,0.3603331422581754
3693,0.9985939009744209
3694,0.007798687405643083
3695,0.9361566676845138
3696,0.014440295013195928
3697,0.7931197626290434
3698,0.010069327101657206
3699,0.0172530825363513
3700,0.26975139775750523
3701,0.060663466849607085
3702,0.9934826958565641
3703,0.10470527796287628
3704,0.9558658165498244
3705,0.9941124382512321
3706,0.16200881693740768
3707,0.3942943418140023
3708,0.29763429898983684
3709,0.0021262592727052695
3710,0.015338622098006391
3711,0.9678250120727218
3712,0.06884892529873132
3713,0.15365527452246233
3714,0.38421677138508764
3715,0.005086298161725527
3716,0.13008209334762635
3717,0.668913075553739
3718,0.9616869841809467
3719,0.11653084914407295
3720,0.8822476457648419
3721,0.32567528936987883
3722,0.9739530176058375
3723,0.9907621482900185
3724,0.007997107612341653
3725,0.12098734010776636
3726,0.027325130357011573
3727,0.1685028568397061
3728,0.2058464375046405
3729,0.5162183923339542
3730,0.9253687137073756
3731,0.015107915410739076
3732,0.1192704869029203
3733,0.04192645961642027
3734,0.019309922915523265
3735,0.1514150139258503
3736,0.0024768118512774463
3737,0.00768986654335294
3738,0.9948337529887782
3739,0.9600635678429311
3740,0.5225403178060121
3741,0.8602789283768536
3742,0.9394670809177629
3743,0.04280190716016744
3744,0.5619852485833098
3745,0.3215843530745996
3746,0.5107673831912486
3747,0.08393877783350347
3748,0.7134493687469252
3749,0.010501810436101653
3750,0.053616769574344914
3751,0.00749402431251401
3752,0.013558701123215779
3753,0.3102881494452554
3754,0.9328076084377027
3755,0.025482883896559977
3756,0.01806800153575112
3757,0.036630536340814125
3758,0.01127828110889899
3759,0.38835296106282985
3760,0.5389554773431675
3761,0.9386721030566799
3762,0.6863113728124527
3763,0.33660555429950306
3764,0.16287150563306443
3765,0.17565766094748547
3766,0.09575096271560546
3767,0.26167073731868457
3768,0.07518058587799459
3769,0.9543731304431948
3770,0.14369604400245106
3771,0.9850903937130435
3772,0.5327647192178365
3773,0.02465010862346849
3774,0.014145756337296186
3775,0.08736750215870255
3776,0.10683250739305823
3777,0.13412062093169297
3778,0.0060576318238148566
3779,0.056324680378808945
3780,0.1402326332750955
3781,0.4069769216582
3782,0.6252905254224134
3783,0.11396399635755898
3784,0.15321228068727388
3785,0.8978416632742686
3786,0.06522570856422068
3787,0.37495017835727146
3788,0.028358609496026616
3789,0.8225482208870588
3790,0.9617665270464518
3791,0.9936282898646294
3792,0.9127923818386413
3793,0.0929951385696232
3794,0.25169750441347977
3795,0.6603537836483385
3796,0.8939808795637997
3797,0.062449459138077444
3798,0.18235795427252577
3799,0.029153993618136975
3800,0.002010799760215829
3801,0.034504139265510166
3802,0.984607402097221
3803,0.1251697365911258
3804,0.7944358256251011
3805,0.017510885266024647
3806,0.1407464145912873
3807,0.9973156678957569
3808,0.22528773937130656
3809,0.08368422893134808
3810,0.06530453196010665
3811,0.11086526369848526
3812,0.04905827508446777
3813,0.026079148620559447
3814,0.955650304470602
3815,0.03287621108970195
3816,0.443134297947742
3817,0.07213312125741622
3818,0.9602518892090312
3819,0.9333935574148365
3820,0.38908512475775003
3821,0.08799114025227417
3822,0.9051278028192317
3823,0.028121246016776427
3824,0.0499577031265919
3825,0.9992826762795879
3826,0.39441772968055383
3827,0.04858429420299021
3828,0.9351278752402754
3829,0.059919405622573585
3830,0.07269309644033366
3831,0.9989326427277213
3832,0.005271169515941337
3833,0.148963991676707
3834,0.5209170621282752
3835,0.028315235913301273
3836,0.648061925271212
3837,0.9982466371857782
3838,0.6295690631412914
3839,0.961440041262858
3840,0.1496367389120744
3841,0.05832370423077728
3842,0.09510915071796895
3843,0.29574994211601807
3844,0.10560959178849416
3845,0.9965481564210902
3846,0.005615412898002935
3847,0.9715537366071549
3848,0.0018105439667013112
3849,0.015436427021159329
3850,0.5090335709828827
3851,0.9912343609536022
3852,0.04353982603079787
3853,0.6446318379890944
3854,0.9182167225162089
3855,0.002202725589538269
3856,0.031408999903781674
3857,0.008572946676711995
3858,0.03296032368085911
3859,0.04882018294165969
3860,0.01710305155855856
3861,0.06152848511415989
3862,0.019544570896444954
3863,0.9770631210972688
3864,0.9990738966308793
3865,0.19798781928991563
3866,0.9988045305679073
3867,0.019999931139071465
3868,0.5111778339346488
3869,0.026378148672789398
3870,0.6178099633919233
3871,0.02856628215402529
3872,0.42523899598149306
3873,0.3564786539077464
3874,0.08537565245766177
3875,0.9981533776917546
3876,0.3004153303804483
3877,0.9875322257929232
3878,0.058213273377332266
3879,0.002898118873762049
3880,0.9983822208519421
3881,0.9932203775426475
3882,0.30282440446022557
3883,0.4470017211850092
3884,0.02395699895996507
3885,0.05252846546088583
3886,0.9283357699326086
3887,0.2574654384261887
3888,0.08699713262415304
3889,0.1330283745296955
3890,0.028156301656266657
3891,0.9384870910428761
3892,0.005915328136076929
3893,0.7799346397009413
3894,0.09500829587296773
3895,0.3977137967827704
3896,0.13958281728993902
3897,0.9594342375042366
3898,0.3545850742854728
3899,0.26897079716914063
3900,0.07564529011932347
3901,0.0023579565769806916
3902,0.9529839108928542
3903,0.6522445952399653
3904,0.026785695601076423
3905,0.0803352837506099
3906,0.9779233197584958
3907,0.05513147462177842
3908,0.06665485111715795
3909,0.9988740310980916
3910,0.002608903618650737
3911,0.005115124586862598
3912,0.20314451755563986
3913,0.029197467680971312
3914,0.9172929816583455
3915,0.045286300116460156
3916,0.7478338429822488
3917,0.028718446788304475
3918,0.0716472351431226
3919,0.014528104312194758
3920,0.08908436349284059
3921,0.004708125399924576
3922,0.3624754082194174
3923,0.03942158519580998
3924,0.055567939072910306
3925,0.9803023495302566
3926,0.322367555050371
3927,0.014373667288763402
3928,0.051388093535329825
3929,0.9485711787621112
3930,0.9867764566324263
3931,0.0020995009171211406
3932,0.30067708442975183
3933,0.0021064715356606148
3934,0.9068159134145355
3935,0.007241547258263971
3936,0.13903043749074218
3937,0.25031575382638205
3938,0.9621703289961795
3939,0.046882017884364184
3940,0.0844175274510176
3941,0.9806545827039472
3942,0.014012518637561927
3943,0.17353031074166095
3944,0.9037433477922727
3945,0.7397411778531325
3946,0.03715044095402605
3947,0.004802178216628179
3948,0.21898355036423067
3949,0.9733498370519363
3950,0.04988352307547605
3951,0.05248300214451504
3952,0.9141040297854164
3953,0.026158965742018536
3954,0.9977909725314141
3955,0.006601317665278657
3956,0.06729310741087928
3957,0.3250027839336727
3958,0.10031593067779258
3959,0.9462099218071538
3960,0.07671993214098372
3961,0.05212110719284172
3962,0.02566156314926202
3963,0.8520304625079032
3964,0.23134678844477327
3965,0.182642805163754
3966,0.756908176726704
3967,0.014675542275385334
3968,0.0019112550637347926
3969,0.07332326296350465
3970,0.23028912037750637
3971,0.9708782954645715
3972,0.7010825282052706
3973,0.37816655102590185
3974,0.024811374931959795
3975,0.9303834022786125
3976,0.9532734064235243
3977,0.19754471087216863
3978,0.034565038382499004
3979,0.6267225530252726
3980,0.7825508634956103
3981,0.9264695847652158
3982,0.9692505227472351
3983,0.00452281862549755
3984,0.4795494257272925
3985,0.013438861036354374
3986,0.5001442271460746
3987,0.0017440262811212557
3988,0.827273642222678
3989,0.006811713356626084
3990,0.5103955861076607
3991,0.7125439310245141
3992,0.008615776016318353
3993,0.09785027180558993
3994,0.7724015024795713
3995,0.9706688140466265
3996,0.6341131241918813
3997,0.0022090333747360976
3998,0.21125859044407916
3999,0.021605703306725038
4000,0.04829994824727424
4001,0.042396280245032086
4002,0.019259401100484904
4003,0.1249792329355189
4004,0.5967718195588494
4005,0.2176846628267846
4006,0.12913663281622348
4007,0.005816801819664559
4008,0.9948596876335677
4009,0.08966032208189954
4010,0.9981511383679608
4011,0.9248735654943113
4012,0.07055869372410047
4013,0.018759918462854196
4014,0.9991715827088511
4015,0.9644877959732666
4016,0.10169856482150431
4017,0.05822500028189178
4018,0.09849397517945124
4019,0.012677427361651316
4020,0.022512796069191748
4021,0.0389956906352786
4022,0.019017944496046945
4023,0.00837463839814131
4024,0.0031757670326330104
4025,0.8288261653527395
4026,0.7089999484704825
4027,0.011072069901571195
4028,0.03655766414582342
4029,0.05553329764487527
4030,0.006355774872658491
4031,0.8654590656011586
4032,0.12345284475194168
4033,0.0198991909747559
4034,0.06012956209227488
4035,0.025995489326122546
4036,0.015012099440071485
4037,0.008338691353344793
4038,0.9824513474334253
4039,0.0059526426999679865
4040,0.4458058329678866
4041,0.9829657486341136
4042,0.04909173144275505
4043,0.06237496329030113
4044,0.02220292970845841
4045,0.0030559388408224236
4046,0.012206708812816111
4047,0.11384384879722724
4048,0.07885368622620492
4049,0.1445982298892884
4050,0.06718880126083672
4051,0.0993045145944506
4052,0.23414888550758037
4053,0.9304160385286488
4054,0.06192661799799657
4055,0.01922553972809334
4056,0.0987893634332936
4057,0.31319451851698815
4058,0.5512590892124325
4059,0.039536398288977974
4060,0.09198300255454273
4061,0.9922460572515993
4062,0.16901513716870484
4063,0.34949240771017903
4064,0.30298500903327025
4065,0.1648183918976808
4066,0.008128366433572072
4067,0.5358663859664096
4068,0.011793628362516045
4069,0.023889948902299517
4070,0.036533497109571385
4071,0.9948903501653358
4072,0.002499621819833915
4073,0.03362088152368619
4074,0.05498096093133498
4075,0.02401028936933905
4076,0.47307747618074664
4077,0.06182070607470597
4078,0.38459031733624655
4079,0.13638791082877022
4080,0.0030402149513179266
4081,0.7564885795511538
4082,0.9298317646533065
4083,0.21692472152476708
4084,0.04111130528038328
4085,0.15811503976769462
4086,0.11575787674037218
4087,0.005165164989710205
4088,0.11125597204915778
4089,0.013665830952726296
4090,0.16465608327330752
4091,0.004765315318668793
4092,0.18985562378454846
4093,0.31038107257971986
4094,0.011243523163371488
4095,0.008281902542628372
4096,0.027266839237809065
4097,0.2138140812128028
4098,0.024057540855134063
4099,0.9690725586887243
4100,0.509649723873829
4101,0.12333082846064003
4102,0.14865887368179684
4103,0.3588734790666064
4104,0.9762190050797889
4105,0.5945289580570959
4106,0.47674104473611784
4107,0.5952738234831969
4108,0.9924297938567532
4109,0.9756508640689234
4110,0.07753032127631417
4111,0.0017306090785947567
4112,0.9843894380139502
4113,0.30075830917362056
4114,0.0364941807662238
4115,0.014859684449363997
4116,0.018581201036356788
4117,0.9933732641857022
4118,0.04764142180669092
4119,0.1334277952259979
4120,0.9682947056127708
4121,0.4915754441592504
4122,0.7001560669479877
4123,0.007435111415976963
4124,0.3634467251069888
4125,0.011022442740450123
4126,0.1337478775912005
4127,0.06489335119786423
4128,0.11914724599228772
4129,0.3142558512403875
4130,0.007469643604707366
4131,0.30574563329331483
4132,0.9301788559058676
4133,0.9610004257831624
4134,0.025346915424492134
4135,0.33382331911046537
4136,0.019971064096319147
4137,0.891839981377271
4138,0.0025479925366161415
4139,0.0363949984840694
4140,0.9987601483252609
4141,0.9195988802325253
4142,0.09181907100494453
4143,0.05505354706321586
4144,0.9737043068262864
4145,0.09059073815793177
4146,0.14608052967790536
4147,0.15375604893304914
4148,0.20081348585522985
4149,0.011714096718030845
4150,0.2997284127477962
4151,0.032805277390241916
4152,0.007928708131149403
4153,0.0811665799667189
4154,0.4991727638717389
4155,0.8261851551130651
4156,0.054943203264182394
4157,0.001626268137496116
4158,0.9671879042752728
4159,0.18853272199491092
4160,0.20715080479370332
4161,0.2920878431752812
4162,0.0068228401340850765
4163,0.0038779964671415246
4164,0.9717313781053399
4165,0.2454841485215864
4166,0.010473789492833174
4167,0.9939355969565072
4168,0.21348845172424916
4169,0.09166403363754043
4170,0.9987889048735202
4171,0.023788763035356097
4172,0.892754010953861
4173,0.02670806467079777
4174,0.01004105679553737
4175,0.32471122265217645
4176,0.035184241003358194
4177,0.004508475848095521
4178,0.823941399303413
4179,0.2550366033770364
4180,0.9568021579929556
4181,0.29559980747495035
4182,0.004409195169411426
4183,0.7894840980188658
4184,0.9600557581008666
4185,0.7624795748052408
4186,0.9738143168505266
4187,0.07044468805015792
4188,0.02422379866201535
4189,0.06940399513788705
4190,0.001200788470549445
4191,0.1936308636885623
4192,0.9481757930201692
4193,0.16183605226448242
4194,0.9084923815946339
4195,0.07542157191856186
4196,0.9989233349404364
4197,0.712530341941958
4198,0.07314934173240167
4199,0.8750833600115936
4200,0.016440473440777505
4201,0.5642129523516767
4202,0.13368694469578055
4203,0.11270984546699775
4204,0.04848017674308148
4205,0.055288742762372424
4206,0.5444952979540653
4207,0.20100835065383826
4208,0.22913260276193703
4209,0.21107865572466925
4210,0.3279686810758509
4211,0.12231940758748112
4212,0.18199433949245702
4213,0.41549199448689883
4214,0.04750755289726871
4215,0.07203370729798464
4216,0.01537313788073083
4217,0.9877161312714423
4218,0.9978043251603896
4219,0.009941084890824662
4220,0.18917734928507857
4221,0.986943377431702
4222,0.148849255099723
4223,0.3826132845943772
4224,0.0653996732906056
4225,0.04302116086720339
4226,0.9969427043641522
4227,0.35991674157584175
4228,0.007025964894029677
4229,0.33891216638889654
4230,0.8291137994116616
4231,0.011961803516756441
4232,0.005109859842200199
4233,0.05502642077216354
4234,0.0019470536202189001
4235,0.3767603169189191
4236,0.037235800282526044
4237,0.09761557648666198
4238,0.0286042288933175
4239,0.23874498898511196
4240,0.5925849159894776
4241,0.9256558072500883
4242,0.00835132250067892
4243,0.031724591966651665
4244,0.989549328003085
4245,0.0572072893291514
4246,0.02580936959416955
4247,0.005698244829514109
4248,0.07073090869682826
4249,0.6028168574392865
4250,0.6745683872477711
4251,0.13666455437630234
4252,0.0056720105435100025
4253,0.8382450237026764
4254,0.051797205617706565
4255,0.0348054739307477
4256,0.06678325006132861
4257,0.002765615105809357
4258,0.7659264314343464
4259,0.005844567650678277
4260,0.9858104911154602
4261,0.9780837962869731
4262,0.6272576305996531
4263,0.947797228572134
4264,0.010157227333970863
4265,0.24342282498454182
4266,0.9373432632330413
4267,0.01805245319650523
4268,0.9623912004547095
4269,0.15189995737811354
4270,0.2742250190462255
4271,0.013481789503496329
4272,0.14060471280456302
4273,0.004952041878163497
4274,0.015109789343931188
4275,0.941526401936826
4276,0.697433766906559
4277,0.010647445559178584
4278,0.011836196516036892
4279,0.17791866653846267
4280,0.9883885934203082
4281,0.3779367588857965
4282,0.2985180824791127
4283,0.006086705922956119
4284,0.016987571992146414
4285,0.3971030298348251
4286,0.1257867301422794
4287,0.763229927760389
4288,0.6901655385273435
4289,0.013408357973235854
4290,0.6846474799245823
4291,0.026284965567553765
4292,0.02456660952956792
4293,0.7450736519407127
4294,0.937888204454568
4295,0.3633596615286218
4296,0.1547280608348827
4297,0.9860248519421435
4298,0.1442714259477099
4299,0.017136820928636023
4300,0.059098403373682606
4301,0.999181587704089
4302,0.03152455328086725
4303,0.08071059451471874
4304,0.30057249245461803
4305,0.007452443355286604
4306,0.06708163866887258
4307,0.028386448354207464
4308,0.9442439150664064
4309,0.973685012354963
4310,0.08109984337296548
4311,0.009940771707367405
4312,0.9841511936803421
4313,0.9216520634599384
4314,0.06373743602817886
4315,0.01626800448212885
4316,0.8903801717301859
4317,0.8936079567495195
4318,0.8031090679060675
4319,0.008805442200609933
4320,0.7642023838885148
4321,0.002250292289306321
4322,0.45752879887847747
4323,0.11855964141414821
4324,0.5134896799367822
4325,0.4011122477803553
4326,0.0012371492934367177
4327,0.5166828069043342
4328,0.9865305625803922
4329,0.027809835386044576
4330,0.082612617569966
4331,0.02956602746808365
4332,0.021653374009838567
4333,0.027480634471369846
4334,0.13807472474909335
4335,0.036639002496279584
4336,0.04249282255689773
4337,0.0718941341606892
4338,0.08207662456181934
4339,0.4822535054131147
4340,0.09320658527856647
4341,0.023848865186825514
4342,0.12735966756214795
4343,0.9783170127394528
4344,0.8613257167352523
4345,0.02208432726040641
4346,0.010139985065587255
4347,0.04818889802206014
4348,0.0666121036100105
4349,0.0031026256011723228
4350,0.01013238714515364
4351,0.022150698589231216
4352,0.9895327667607137
4353,0.3151286000719669
4354,0.09895118250457967
4355,0.04009575312398495
4356,0.9453146358368046
4357,0.06112375432866423
4358,0.15768668678298456
4359,0.005552214660149996
4360,0.9708517625264981
4361,0.4153365928373445
4362,0.8145647024038055
4363,0.03361584119625524
4364,0.8773843464984852
4365,0.18943056464990563
4366,0.1435230172327063
4367,0.9585266866052512
4368,0.0014910798293174515
4369,0.034605129607712753
4370,0.17462056715598218
4371,0.08028350715014049
4372,0.9989965426718701
4373,0.03268598659200855
4374,0.07119474495472211
4375,0.6511882570655434
4376,0.0490197184338382
4377,0.14525194291131058
4378,0.9661174534820886
4379,0.9991536334567287
4380,0.10267151037260397
4381,0.02614767005937661
4382,0.07828739595319799
4383,0.25608461720391684
4384,0.866465678459031
4385,0.055652615233803514
4386,0.14903378131179387
4387,0.0008067814433314755
4388,0.052964301123735284
4389,0.03523051671894445
4390,0.8247499600533459
4391,0.05441897366268772
4392,0.931865684679344
4393,0.10949261176783325
4394,0.4919547589626427
4395,0.03183917305293943
4396,0.7553805647027233
4397,0.0016093627998258501
4398,0.9988815877852707
4399,0.08859070139301937
4400,0.9372950422296448
4401,0.23625293130486255
4402,0.12355801160734552
4403,0.008746647302255398
4404,0.041397541175497966
4405,0.09419061721739512
4406,0.0020982420279597523
4407,0.07463491821735388
4408,0.3127255030521944
4409,0.13150964813436203
4410,0.00817476534290343
4411,0.0015800264185975301
4412,0.010876306872734644
4413,0.032022235407773346
4414,0.7445217716191128
4415,0.02744371656743407
4416,0.2392448318034178
4417,0.04044110422203164
4418,0.015963426469841453
4419,0.27095501009256745
4420,0.02310691432497324
4421,0.0054103711987090125
4422,0.0015904733467342908
4423,0.11994225497179793
4424,0.005846111399895324
4425,0.050835382290951026
4426,0.08929833519305658
4427,0.004781309710003917
4428,0.02219149354725573
4429,0.11592510842763114
4430,0.021918305596577144
4431,0.3499224474311437
4432,0.001000866341637527
4433,0.11403471009565862
4434,0.05298010466393748
4435,0.13011624531977323
4436,0.00481672973898627
4437,0.42974200048572214
4438,0.04874877708363667
4439,0.14042587401371848
4440,0.7837307683510227
4441,0.00465314900186763
4442,0.5825639165925882
4443,0.09779148698282726
4444,0.1815155109778069
4445,0.14527740643838158
4446,0.036714963591751214
4447,0.45986648547476916
4448,0.037760107483504696
4449,0.7558194217878952
4450,0.09282538841436534
4451,0.8917567901530831
4452,0.9542960855249879
4453,0.3179119204987257
4454,0.8782267251804584
4455,0.020301680413983083
4456,0.0861712336023092
4457,0.9846136576462085
4458,0.025153779438822643
4459,0.1724439483766125
4460,0.7336951693445862
4461,0.04767171253886221
4462,0.02098980305663675
4463,0.006289187135394686
4464,0.03377089353317129
4465,0.014187663639180878
4466,0.11349758051337744
4467,0.9981370260643301
4468,0.9528824165369675
4469,0.0387468250310861
4470,0.08165992344508932
4471,0.006235651690954102
4472,0.21528496032801173
4473,0.17254379065892658
4474,0.3576187462966065
4475,0.9918615167084356
4476,0.19539755495545985
4477,0.038147963272209734
4478,0.8581353523991142
4479,0.13571472229084522
4480,0.7842590067238363
4481,0.08908539636951514
4482,0.02304895773705115
4483,0.9570327104330918
4484,0.0211546468949972
4485,0.03931995747558542
4486,0.9464287962083288
4487,0.08074242073321243
4488,0.05391364746672329
4489,0.017338905859424412
4490,0.07137321304109892
4491,0.001181673515420904
4492,0.034491998189598715
4493,0.34829270667438195
4494,0.25626453139878685
4495,0.16353074495831654
4496,0.20561950699474554
4497,0.26933664203455004
4498,0.01352388843059773
4499,0.028032650437005497
4500,0.3953464165846075
4501,0.02037731998952631
4502,0.2527503970224651
4503,0.9864284189791906
4504,0.2980196536967292
4505,0.163465941378784
4506,0.6514527742879088
4507,0.08521695773718439
4508,0.003823892565603701
4509,0.013268007108971275
4510,0.2027083022810999
4511,0.17928850188526102
4512,0.01925748823670007
4513,0.001303255570432662
4514,0.04081822137883632
4515,0.5295543893979852
4516,0.9497316488772878
4517,0.11573819610371038
4518,0.9753171251890717
4519,0.07948525521847835
4520,0.2043697238841323
4521,0.6773400032416254
4522,0.23747041028311347
4523,0.9590458959721696
4524,0.6524540892727527
4525,0.9655214354243569
4526,0.044455205340960334
4527,0.020214993143340833
4528,0.0014870379485385093
4529,0.976893005451104
4530,0.5107136703499763
4531,0.02659163846149083
4532,0.008724439307459421
4533,0.2307837933601206
4534,0.8031821876270794
4535,0.02987070316802466
4536,0.38947624337176484
4537,0.0549784071801195
4538,0.046486388659898986
4539,0.5070371532938468
4540,0.3051283363184329
4541,0.009592028856118954
4542,0.021802483606176745
4543,0.9839722364373751
4544,0.9804262622365014
4545,0.04096960387936724
4546,0.21802597554832714
4547,0.09166051975576961
4548,0.7368185997110445
4549,0.02058202497732038
4550,0.13738489630135756
4551,0.9511489859150224
4552,0.6680021614522218
4553,0.24419711552455894
4554,0.05332221645309054
4555,0.14604465187957502
4556,0.05074891668002163
4557,0.6982441120668662
4558,0.9786624307588342
4559,0.5948851962917706
4560,0.0014187418535631907
4561,0.006933758174631074
4562,0.9786462209451012
4563,0.01173625299004981
4564,0.04169972750679272
4565,0.13402167975212295
4566,0.10115062995077977
4567,0.32505353865560144
4568,0.004188532628178493
4569,0.014135404537523545
4570,0.012099359091384874
4571,0.013516722234275934
4572,0.10564894578200158
4573,0.03234665750220211
4574,0.4827285176139345
4575,0.015866981219289113
4576,0.11750989970084476
4577,0.26527894588048606
4578,0.04554416353446646
4579,0.021817850860618725
4580,0.1253033359776996
4581,0.16843339190228393
4582,0.9363290188341612
4583,0.03256279150030438
4584,0.9749798001031994
4585,0.8944972868492203
4586,0.1780162179716732
4587,0.35164291696727257
4588,0.03133130188564389
4589,0.02465228855912156
4590,0.043559630827188424
4591,0.005112356614880743
4592,0.039326269532304364
4593,0.007222040316592204
4594,0.9588744298874555
4595,0.03224945254150676
4596,0.10065347701317233
4597,0.9791867635046848
4598,0.2527967965403992
4599,0.6304028401022088
4600,0.00514983194963994
4601,0.0051614735014638225
4602,0.04204893948029734
4603,0.029755136874865497
4604,0.007526123092667119
4605,0.15265026543693574
4606,0.11111494435190629
4607,0.12466536787834494
4608,0.9836678925745814
4609,0.0075826533323760355
4610,0.9702388244162066
4611,0.06846658479942706
4612,0.14872974270863326
4613,0.09408074316553738
4614,0.9339285731148026
4615,0.9860137507405837
4616,0.028537467360785728
4617,0.3090230792358299
4618,0.9859763319070648
4619,0.7159995253934128
4620,0.9784161085245575
4621,0.04374958204209687
4622,0.5241087121681935
4623,0.05448138715194889
4624,0.3444544230941163
4625,0.002536268979039153
4626,0.12398577027977968
4627,0.04865939112240817
4628,0.9745169400622427
4629,0.15865522534133722
4630,0.08155617725825133
4631,0.9086181666991567
4632,0.057614677382932994
4633,0.8514147094955682
4634,0.016164137405929802
4635,0.04067158017351755
4636,0.06644951418937604
4637,0.9640196780188705
4638,0.05740730162700077
4639,0.034292845496259494
4640,0.10242959648557119
4641,0.04792777675011209
4642,0.9867018401292968
4643,0.9990783615871418
4644,0.9987593405310125
4645,0.003199951457256116
4646,0.6941922016811969
4647,0.09118422002809941
4648,0.03089068257357201
4649,0.577681992972612
4650,0.008239021038956632
4651,0.7090326893820503
4652,0.01145052540070387
4653,0.30986897899426047
4654,0.09145253800294689
4655,0.011984973892321461
4656,0.6850032266636242
4657,0.9649241612015182
4658,0.020949289712420896
4659,0.724735322816489
4660,0.12013072982766033
4661,0.20330088244311031
4662,0.04309177962792345
4663,0.060282917460986685
4664,0.17620205012672888
4665,0.0018222747417786184
4666,0.5469507621688635
4667,0.0064544020302310405
4668,0.04251736630302946
4669,0.01798175949242467
4670,0.33650675301789224
4671,0.9976218420800281
4672,0.15293685870069648
4673,0.005055937097677081
4674,0.005198952152598208
4675,0.9518573178287433
4676,0.029352558200686652
4677,0.05047746260454572
4678,0.014994640533436217
4679,0.9398180397793512
4680,0.03220968768492203
4681,0.02497049590898771
4682,0.019708873383789193
4683,0.4893623317724156
4684,0.012753285996217422
4685,0.6469930771289735
4686,0.42653637824564594
4687,0.01651280023769197
4688,0.056286536445382555
4689,0.0694889574280222
4690,0.03727828803109214
4691,0.22133249767495985
4692,0.051202360922483925
4693,0.9865357577740839
4694,0.032234195604869446
4695,0.5304097477297681
4696,0.10513771391211801
4697,0.5089814913239555
4698,0.9909520081378117
4699,0.05991243943773226
4700,0.5038943249552944
4701,0.1648562263779567
4702,0.009360249591938439
4703,0.3010872664285422
4704,0.007974085351022814
4705,0.08893870417395254
4706,0.03639158265919159
4707,0.004479431580324166
4708,0.14401398980519478
4709,0.03534704941598286
4710,0.38473444373993143
4711,0.9724049324440728
4712,0.3260416285965764
4713,0.0245303958621132
4714,0.0024169296394664776
4715,0.08728034728166252
4716,0.0009845609971396048
4717,0.03101297618652966
4718,0.8297103066158796
4719,0.3458466411651984
4720,0.01864840704555222
4721,0.1432711269518954
4722,0.9742220290069558
4723,0.7911692179550384
4724,0.07191036300738454
4725,0.007238886164371519
4726,0.06304912904706722
4727,0.10286527479714642
4728,0.14329497551906775
4729,0.014872240070812502
4730,0.00677778803978771
4731,0.006900058723752119
4732,0.08893298956069697
4733,0.9748807924899049
4734,0.02740305476023928
4735,0.01734724188657424
4736,0.8941823028479993
4737,0.21571250052566124
4738,0.808685711330611
4739,0.4685897321197605
4740,0.9968823116443138
4741,0.01363351474037522
4742,0.9649895603794499
4743,0.052183551878825986
4744,0.10020015585605807
4745,0.4161593596957138
4746,0.10003271197987397
4747,0.05154113711522464
4748,0.008157779500063333
4749,0.2197577372001478
4750,0.6989759161142778
4751,0.9696649817695245
4752,0.03504826550965886
4753,0.19859809870197828
4754,0.15179748287093744
4755,0.22663917876407644
4756,0.012692122221158472
4757,0.03158074866742291
4758,0.0816446108626448
4759,0.10857074207596835
4760,0.9582682260298245
4761,0.6029143178859699
4762,0.060763898540252013
4763,0.01026628793289343
4764,0.010792624978452315
4765,0.20638916847811192
4766,0.16300535148008286
4767,0.6118886635002934
4768,0.954533560438312
4769,0.43766420167081926
4770,0.011028937170759277
4771,0.03246062158934872
4772,0.07389872067422962
4773,0.010250576498315877
4774,0.6457023932642922
4775,0.0027408695528876297
4776,0.055155485391939874
4777,0.02814184006649519
4778,0.00992019682778992
4779,0.9888180793423701
4780,0.9940935183346991
4781,0.2994752680764503
4782,0.9897566863277292
4783,0.12944511847638696
4784,0.2959488983111649
4785,0.06695110134855449
4786,0.027123543689332383
4787,0.8657733832019558
4788,0.121536539062343
4789,0.003488069810274432
4790,0.007293667786147924
4791,0.004262874609018824
4792,0.8428205651896111
4793,0.9897117086650559
4794,0.07549109723507105
4795,0.0049208205237782935
4796,0.9974175802582547
4797,0.009058991287892683
4798,0.8618345292492325
4799,0.6183386636933312
4800,0.5688625726438467
4801,0.5386237245568859
4802,0.008989037199960184
4803,0.01475127219859801
4804,0.01650782880765441
4805,0.015258627749092748
4806,0.36261324700063363
4807,0.967360161991896
4808,0.05971978076912343
4809,0.04237094889216982
4810,0.03691193943034334
4811,0.1073433859207041
4812,0.11954329578459943
4813,0.7475882160557532
4814,0.9607576985798995
4815,0.2838294862418666
4816,0.39711511554701645
4817,0.013332286034913645
4818,0.19592247484582107
4819,0.20286632085622727
4820,0.9978754171108033
4821,0.7261263916750105
4822,0.009658065580668009
4823,0.7549874136661122
4824,0.21077848033578497
4825,0.7507771183392088
4826,0.023452514466608426
4827,0.09349140758145269
4828,0.018209679293686106
4829,0.04190981021956918
4830,0.03769811962091085
4831,0.3171107381962639
4832,0.21575665251683404
4833,0.11821050630746642
4834,0.06975994301654165
4835,0.03657776697516708
4836,0.03902026439819794
4837,0.046705009827793166
4838,0.023343292398679757
4839,0.006629764955018429
4840,0.9740672789465877
4841,0.22506921730622773
4842,0.9886464229894395
4843,0.0523629341977103
4844,0.11512011553941022
4845,0.09204186581292638
4846,0.015210696638786117
4847,0.9760389537804381
4848,0.7139626339259727
4849,0.0037969414824973436
4850,0.35242364471105114
4851,0.054541971549268764
4852,0.3963838676897919
4853,0.6920022645109585
4854,0.5522414169567726
4855,0.20224766021542429
4856,0.6261979959435803
4857,0.18594126383116308
4858,0.09744681705911283
4859,0.02631698846161414
4860,0.07889913052337405
4861,0.8509134471736864
4862,0.04499419734199911
4863,0.018315357241824252
4864,0.7275767041342439
4865,0.20646389805733265
4866,0.0032406317706054713
4867,0.13158667625148535
4868,0.166875881012069
4869,0.0017434102128373076
4870,0.14394600903032076
4871,0.3167549235764943
4872,0.32887722908620204
4873,0.1020568658187437
4874,0.9819377616512946
4875,0.29232100367661334
4876,0.020795115423497792
4877,0.023120070097262635
4878,0.8305762813134298
4879,0.6141820379145183
4880,0.8606462460735015
4881,0.9333446823424699
4882,0.05886887342632916
4883,0.07819242672417358
4884,0.1499052617338236
4885,0.8444742965768617
4886,0.9687492852886855
4887,0.007790185147794826
4888,0.03859568223035492
4889,0.28648377988998625
4890,0.02417027266279076
4891,0.744575316686618
4892,0.9889193009331589
4893,0.909743158658351
4894,0.12708663670580855
4895,0.1851032931011037
4896,0.5811808289231096
4897,0.8788258920429756
4898,0.11373795883374738
4899,0.9362842363014704
4900,0.0065308048852896925
4901,0.8701459019093254
4902,0.20561111282082103
4903,0.027331706308833272
4904,0.04886023136105183
4905,0.2459116116311227
4906,0.007150597990128194
4907,0.6611199568773237
4908,0.028448347945945404
4909,0.06126745471870707
4910,0.9718866046706545
4911,0.16984875182270318
4912,0.029707897660197168
4913,0.9033415702012197
4914,0.027412161857128164
4915,0.9803198830097958
4916,0.4877009607860739
4917,0.6183604472889946
4918,0.9816049047546498
4919,0.6529279535241583
4920,0.024694509595225945
4921,0.9649066006334275
4922,0.9848203525116083
4923,0.005659121615218009
4924,0.9651276754965569
4925,0.1919464851000611
4926,0.00993831555451529
4927,0.9049550937834262
4928,0.6309821184584969
4929,0.023924419954781992
4930,0.9788880859123802
4931,0.9000052854470543
4932,0.6587414623530767
4933,0.991260480872608
4934,0.11619280160267849
4935,0.05576655549020348
4936,0.0550884350079621
4937,0.5517225493692727
4938,0.05089372674526376
4939,0.9316120957395851
4940,0.019691336816882433
4941,0.006223591501474509
4942,0.4942624998491927
4943,0.006896617824689193
4944,0.02833286177133237
4945,0.11925026143376923
4946,0.1267333910917087
4947,0.055449713232410346
4948,0.19758738421293706
4949,0.8582024345660324
4950,0.4578390693127108
4951,0.16982439959702833
4952,0.2669139239235245
4953,0.2009564614041152
4954,0.674737253068674
4955,0.5338955363286866
4956,0.11335411049932316
4957,0.11681499610374285
4958,0.9881470488032719
4959,0.5894064883866145
4960,0.00208878636743741
4961,0.7946348582996139
4962,0.08663102450186332
4963,0.2877359885078203
4964,0.8648208906037712
4965,0.01806023663271039
4966,0.008789168372688347
4967,0.333705150958665
4968,0.0026757114561843254
4969,0.16404399392589755
4970,0.9865715521706439
4971,0.13390331014604218
4972,0.06364093024222617
4973,0.010148181410645921
4974,0.019086506894707256
4975,0.7819896391230655
4976,0.16193361153657052
4977,0.7047236667945515
4978,0.01143361962725318
4979,0.8903699547816889
4980,0.5330811150433975
4981,0.002782412123715519
4982,0.0778076473053152
4983,0.9492925027990191
4984,0.278236002242437
4985,0.5706444638898588
4986,0.9920937006311727
4987,0.9826961190331267
4988,0.020531584286906157
4989,0.0009876377908173922
4990,0.005425866789003398
4991,0.552765017074617
4992,0.007330271270010703
4993,0.04911572844786364
4994,0.13704186987702635
4995,0.014788776499780151
4996,0.965529159592175
4997,0.011845304077043354
4998,0.32420062667239663
4999,0.5414654041395887
5000,0.023892865486202498
5001,0.011376180921137043
5002,0.045614323298370126
5003,0.5864055280653647
5004,0.38256382398226724
5005,0.09559305182847268
5006,0.04372530231282942
5007,0.7624846580601833
5008,0.965544239664719
5009,0.05692563433269681
5010,0.002951238570130277
5011,0.5391842870717362
5012,0.03302552618671
5013,0.09111821231312056
5014,0.13624372850256541
5015,0.6586299533456156
5016,0.8955869305101923
5017,0.46776176285168586
5018,0.9763871922834765
5019,0.9749892925519549
5020,0.01796268079973363
5021,0.24814428958564663
5022,0.012438370506416727
5023,0.0009889051693224803
5024,0.27795854021489513
5025,0.061986637243794995
5026,0.043643941821357966
5027,0.07088178652891385
5028,0.9982841595293013
5029,0.8960088567610432
5030,0.005867490378260257
5031,0.029398473507112555
5032,0.18051443388898472
5033,0.9483337850987762
5034,0.9202169372735313
5035,0.015289636022637873
5036,0.013557525019845473
5037,0.0013595855483366044
5038,0.02298915977961294
5039,0.34826776893891503
5040,0.9240890407307784
5041,0.1604383117182175
5042,0.9750709021565082
5043,0.04918469367878956
5044,0.02211484530787812
5045,0.43952392321614536
5046,0.09964816784388279
5047,0.0017552216762844162
5048,0.36931378953391
5049,0.13657747054651873
5050,0.09905064376389984
5051,0.8167640944556265
5052,0.014108591688331451
5053,0.116946812247393
5054,0.08100568415395544
5055,0.01138231433833819
5056,0.9528116061691646
5057,0.014394251722189791
5058,0.9664693056521486
5059,0.08789689446705141
5060,0.1411410729395863
5061,0.03025013306191084
5062,0.021327355725116143
5063,0.010880322209534762
5064,0.025610097258092712
5065,0.44037152028888055
5066,0.5537026713980592
5067,0.06565994924741865
5068,0.9752096721230914
5069,0.6121820245682916
5070,0.9746025143792366
5071,0.059878151615712215
5072,0.021721317987893164
5073,0.026159430813704292
5074,0.004721218755997554
5075,0.5274409259022952
5076,0.35881145404580356
5077,0.07434440393804402
5078,0.20956150526922443
5079,0.973503934321399
5080,0.03318445179450881
5081,0.003275230940518322
5082,0.08390376622803174
5083,0.06284059398919446
5084,0.00195457045921817
5085,0.9689219624508073
5086,0.9989781856981246
5087,0.004470578202744025
5088,0.06519157185671383
5089,0.01478651100483315
5090,0.29816723904549436
5091,0.05622581409243641
5092,0.9965565115124941
5093,0.45639083852566326
5094,0.0686860960839286
5095,0.07817240288888683
5096,0.028201148334276005
5097,0.025338111093453686
5098,0.15796164998199522
5099,0.0016945243095304095
5100,0.07745681709815752
5101,0.34266141206144884
5102,0.6961105422000929
5103,0.008586907193874383
5104,0.007107496609699941
5105,0.05127858781061623
5106,0.9987682977780882
5107,0.9820326072748023
5108,0.6322428500418664
5109,0.9240997060557398
5110,0.013237831526117747
5111,0.9692574450813227
5112,0.899516579751356
5113,0.21063039002006465
5114,0.9334998860448636
5115,0.8938550246842581
5116,0.3950254838550775
5117,0.7520030991623919
5118,0.8398669477898304
5119,0.030509270307026836
5120,0.9738578543056949
5121,0.03221734670617268
5122,0.03774403620120486
5123,0.8182579362138197
5124,0.007689643459214266
5125,0.9594333180854999
5126,0.10145581342941616
5127,0.5598608831321786
5128,0.06674245359668367
5129,0.4784365846106289
5130,0.03423477432767381
5131,0.016476097059451435
5132,0.17361808442811735
5133,0.223007636763049
5134,0.6594472998878381
5135,0.4807906394632934
5136,0.002451128170445163
5137,0.7855648400264967
5138,0.014268329262173881
5139,0.15342962796630563
5140,0.07442032271844491
5141,0.18514177807149187
5142,0.133114006890029
5143,0.004258483438040019
5144,0.006457298276401353
5145,0.0023735182347142223
5146,0.026019411917701064
5147,0.01479051443467289
5148,0.026412478390615873
5149,0.012554793524247279
5150,0.28049655167910403
5151,0.8275452588891209
5152,0.08664393018994349
5153,0.03825738027869407
5154,0.9914046569905945
5155,0.10585140418827366
5156,0.006905620440606684
5157,0.018535030436388506
5158,0.006624547676170586
5159,0.04492574464748028
5160,0.11826998527648636
5161,0.03381121096242523
5162,0.005328037361501288
5163,0.08022023241882753
5164,0.016357413771699372
5165,0.21018992371833312
5166,0.568265640297012
5167,0.07303402006210018
5168,0.09008790380509907
5169,0.06501913267197591
5170,0.18791885039699788
5171,0.8061619836105409
5172,0.7239366432198943
5173,0.0709661513911876
5174,0.028525363968605683
5175,0.9989903174521236
5176,0.439380741874249
5177,0.9712502544834112
5178,0.9610057914477984
5179,0.9648254377275212
5180,0.02297779040710413
5181,0.1307306304961131
5182,0.21639152118711946
5183,0.0019991389976822638
5184,0.13553619297940536
5185,0.07228821996569063
5186,0.0011054302813753847
5187,0.059633801088757654
5188,0.9936847442313717
5189,0.02714124469524416
5190,0.08407863069762082
5191,0.28366355979669855
5192,0.10534298328524966
5193,0.22386609840658048
5194,0.36851736632225734
5195,0.36803978088746203
5196,0.06784609726609646
5197,0.018772882994279226
5198,0.019173793625795965
5199,0.006664957110828963
5200,0.002955274987910667
5201,0.10953470838917138
5202,0.10584994704174733
5203,0.018866793251586925
5204,0.1841681006745803
5205,0.007156360482693663
5206,0.047827826312782235
5207,0.6261441962928053
5208,0.022959908030943957
5209,0.47261609625363815
5210,0.9819705217545307
5211,0.9212149909404562
5212,0.2660510897815913
5213,0.1422383434998918
5214,0.024029779841218263
5215,0.7096383693513922
5216,0.8883950567655287
5217,0.028771035256814664
5218,0.564943660668276
5219,0.0016439585890686437
5220,0.9524600740395602
5221,0.024232391114447856
5222,0.04742248459240898
5223,0.21629487247416293
5224,0.6408887442044744
5225,0.005199785944918533
5226,0.9677262731554847
5227,0.8462951551274095
5228,0.8698195175827332
5229,0.9955895740716812
5230,0.04664493248279389
5231,0.4761269631167718
5232,0.9525041817315051
5233,0.029696252788166972
5234,0.05707924409653464
5235,0.010385682959163004
5236,0.006870482716738389
5237,0.9378645544307429
5238,0.11903680979125682
5239,0.024047730068960077
5240,0.02044877385628145
5241,0.03686340285964553
5242,0.025612063857446594
5243,0.06606915117736577
5244,0.9926243268037801
5245,0.46003576635750676
5246,0.0973328648850727
5247,0.062035609533725826
5248,0.050622748879166714
5249,0.23952685828230943
5250,0.2458438112664869
5251,0.3199107246825026
5252,0.5440578105485941
5253,0.005887468705414996
5254,0.02691397744364213
5255,0.3272713242231901
5256,0.003641222089092059
5257,0.31355894556363756
5258,0.8801172336450719
5259,0.7270611463242425
5260,0.085098567368591
5261,0.017268453326146765
5262,0.7378036375915217
5263,0.010398261752388038
5264,0.2574380359889679
5265,0.05614885837566108
5266,0.9785246303821845
5267,0.0032091807057911727
5268,0.19604668455849786
5269,0.01311449476574133
5270,0.2564323743865741
5271,0.10838725137956534
5272,0.9691015580663699
5273,0.012072453635134673
5274,0.3853903945727015
5275,0.9041976850974623
5276,0.16119700707096365
5277,0.8237056384143915
5278,0.18069295083704495
5279,0.01838709103209489
5280,0.01260586055882956
5281,0.002223547164988131
5282,0.9822481724664783
5283,0.04795011966116597
5284,0.0167699980330525
5285,0.0032161332727535658
5286,0.02218334293292339
5287,0.05596308154728355
5288,0.05306164031364974
5289,0.08363903017142178
5290,0.005043161272519151
5291,0.9884750345302914
5292,0.3239220108094734
5293,0.12860234461015765
5294,0.8368546314072595
5295,0.013870780639470707
5296,0.12310221224076257
5297,0.004187241462587512
5298,0.30361942629886735
5299,0.0016664265476669597
5300,0.015850305509918675
5301,0.46430219391277333
5302,0.5159588901545565
5303,0.1355179981787762
5304,0.10733231756158279
5305,0.05710548241917707
5306,0.09852500057313474
5307,0.9358000928331011
5308,0.09341140227660873
5309,0.109366171041771
5310,0.020641176027452173
5311,0.8543849084193752
5312,0.18753705361135822
5313,0.030361691217159596
5314,0.7115742339048735
5315,0.17884314466700038
5316,0.09575662155583402
5317,0.08602425387039636
5318,0.006301656622796681
5319,0.7013549261477804
5320,0.11381611816484066
5321,0.098432888155441
5322,0.0921046597460048
5323,0.03198214120547075
5324,0.8866497553504314
5325,0.21159893740184113
5326,0.0023117341338979207
5327,0.018504566303090112
5328,0.055484893203889406
5329,0.9667451097923548
5330,0.01086924471335217
5331,0.10910915289603275
5332,0.0054656093453082895
5333,0.035534060527895685
5334,0.9777610477852905
5335,0.5511024346196346
5336,0.009499837752268817
5337,0.03797512379115959
5338,0.36633014353381443
5339,0.0783893386935976
5340,0.01329246604452324
5341,0.0027278107552379596
5342,0.9859932179888619
5343,0.06306523369426385
5344,0.02415087955447176
5345,0.00892909109103985
5346,0.23759019682236704
5347,0.9556190473061092
5348,0.043243008817842904
5349,0.0411324264458334
5350,0.8333760869881927
5351,0.9964054200316541
5352,0.7713674094414174
5353,0.02282190050292127
5354,0.20313676631879454
5355,0.8390458663591221
5356,0.024744050932588538
5357,0.22368193580057408
5358,0.9986580717900798
5359,0.004945342048590664
5360,0.04489256688199677
5361,0.7125357683552198
5362,0.10743077320133747
5363,0.00790956042699248
5364,0.004312692840585965
5365,0.9766614372293647
5366,0.002070019013341295
5367,0.002343932088681805
5368,0.896470139773417
5369,0.8004907498985728
5370,0.03282915987805226
5371,0.01561198906156648
5372,0.011658439178636112
5373,0.19750217819729912
5374,0.006119524572788633
5375,0.023276553726302423
5376,0.06565987527974669
5377,0.011075048384065492
5378,0.051380352747835846
5379,0.2777042561126383
5380,0.44599245984791985
5381,0.03372359116098
5382,0.25118242853439854
5383,0.12187235301891101
5384,0.06439598485411165
5385,0.042893733976896664
5386,0.018916405832607588
5387,0.664353092429098
5388,0.01461225071195825
5389,0.9678586576154026
5390,0.5502303382135403
5391,0.01050437269270362
5392,0.004849130066637811
5393,0.9858773201442396
5394,0.06816087189713015
5395,0.8268515617543118
5396,0.0984137326193077
5397,0.284258183235881
5398,0.15771420931069935
5399,0.3025638781520867
5400,0.02327726849142887
5401,0.3464441567397385
5402,0.007925604902773985
5403,0.0761081676306622
5404,0.029538295278237845
5405,0.021138043179453055
5406,0.8952196878701063
5407,0.8363852997925134
5408,0.015830425331152254
5409,0.009525130663259877
5410,0.19044520969196296
5411,0.20329907734868136
5412,0.9513470595044854
5413,0.08724539215815241
5414,0.004109357101957579
5415,0.9964306769260366
5416,0.025213675401770646
5417,0.09256012949772467
5418,0.051004926361614765
5419,0.26823218824735257
5420,0.04785896837231152
5421,0.05522791743017943
5422,0.07699305541161415
5423,0.03517461476360446
5424,0.9734779224104613
5425,0.976896599644399
5426,0.025618977611226335
5427,0.012289860654846862
5428,0.003649796763819914
5429,0.0018104130647139214
5430,0.6318997692194535
5431,0.04976821790161611
5432,0.7997096888609506
5433,0.19390718449916688
5434,0.9749619470711354
5435,0.6119139730265534
5436,0.9863450778732483
5437,0.02431173844530075
5438,0.18333804164475853
5439,0.4079586295133249
5440,0.9294190689695722
5441,0.011549711293655488
5442,0.03721676408988026
5443,0.4703919994787898
5444,0.014448146941924605
5445,0.8596855444932713
5446,0.10689853592782805
5447,0.1511158701107189
5448,0.03875565880570234
5449,0.0022672099859712153
5450,0.9772575829699935
5451,0.0019366945801891522
5452,0.96458565880889
5453,0.12099268362753428
5454,0.04962375237559744
5455,0.9673641678552635
5456,0.012049074104879716
5457,0.04138659817723355
5458,0.0038678957170345824
5459,0.9402513095899496
5460,0.971150952451512
5461,0.014889356574487103
5462,0.035161256953803545
5463,0.0288243030057249
5464,0.0066098569155070815
5465,0.1338846652832968
5466,0.7721252162230172
5467,0.9953684249617271
5468,0.08771595987042259
5469,0.050383635596227695
5470,0.9982384077318057
5471,0.35569487238813263
5472,0.09215985265009134
5473,0.0034472355302144924
5474,0.22932243018940543
5475,0.0031876916811954294
5476,0.029829381506464876
5477,0.9175814931019758
5478,0.22800043596833666
5479,0.9510704667721734
5480,0.055997357298290036
5481,0.09420796020564493
5482,0.014863070130391301
5483,0.37575059677170364
5484,0.8078244509701861
5485,0.21051769059596534
5486,0.036765185869189844
5487,0.3818314236800737
5488,0.2920684211413809
5489,0.15246557438796157
5490,0.0316056364823995
5491,0.7706152408851521
5492,0.07830085316422657
5493,0.020976500021431265
5494,0.820837592427491
5495,0.8468930021496806
5496,0.009200756024647884
5497,0.20433967523731564
5498,0.03732788222873632
5499,0.007554276790439872
5500,0.0035067772933770128
5501,0.18518919556722416
5502,0.01250865735989195
5503,0.05490789266121665
5504,0.9889068262713536
5505,0.9822305512479996
5506,0.023163202879700456
5507,0.26787033580953906
5508,0.05718294627197743
5509,0.9884705898777941
5510,0.004424570260877924
5511,0.9953151706160867
5512,0.005045685060494142
5513,0.031752777062297385
5514,0.3957059551810987
5515,0.004180024932461655
5516,0.04674094538996237
5517,0.12227642400252074
5518,0.2339369200233624
5519,0.02637503723835589
5520,0.019968237565785595
5521,0.9976971049086013
5522,0.8149574719688889
5523,0.206576558089706
5524,0.9760825915770113
5525,0.08715786252718749
5526,0.09513625009272708
5527,0.8621715368413905
5528,0.008429945057669643
5529,0.03446039111563708
5530,0.09908372845317846
5531,0.04216690114629106
5532,0.12189479565039814
5533,0.09008429664801783
5534,0.2762467266174137
5535,0.03674129343403288
5536,0.10346379471300897
5537,0.04492558977262958
5538,0.0070904768257697365
5539,0.04966071773735159
5540,0.8002226658745425
5541,0.0044709760399328615
5542,0.2566199637380459
5543,0.004944440017615776
5544,0.010050722272098972
5545,0.8209132495990064
5546,0.4287612286196289
5547,0.07942785898286246
5548,0.049055185712828075
5549,0.9900752387123942
5550,0.03430557589170488
5551,0.17015520755669925
5552,0.037619113279543
5553,0.03472185324548491
5554,0.49488954723242157
5555,0.07946047432667276
5556,0.0906720667901282
5557,0.6456308480982731
5558,0.9786325607998405
5559,0.11971339859023779
5560,0.9851792875199578
5561,0.661549859010648
5562,0.002783861747600039
5563,0.08834426094766364
5564,0.016750203539241827
5565,0.9914818580720643
5566,0.41672450728082855
5567,0.020760223114189093
5568,0.03536602761228292
5569,0.07571257200804309
5570,0.9854595251348478
5571,0.021244803382915168
5572,0.0019221049939605525
5573,0.054980961474668154
5574,0.8264118541523205
5575,0.363970733518018
5576,0.03653347900646305
5577,0.022928072127726393
5578,0.19583185028361075
5579,0.013103417329007635
5580,0.9945213227766851
5581,0.2489597632360566
5582,0.013805908414233284
5583,0.01485883994832903
5584,0.5601567811915097
5585,0.013088482643630226
5586,0.32822662080962106
5587,0.7401603425401287
5588,0.1990835341013322
5589,0.18561542331752023
5590,0.04658176648733728
5591,0.022333212371318027
5592,0.563999692743607
5593,0.005060780801937182
5594,0.03733145012218398
5595,0.08412798806162018
5596,0.6059012763906907
5597,0.9798345794156699
5598,0.02203122413726585
5599,0.9369631006468712
5600,0.9735807310812973
5601,0.09593974950164656
5602,0.07370982845891552
5603,0.5663320054100306
5604,0.0054528436308109935
5605,0.7725905164857944
5606,0.15435553458749762
5607,0.0022909319228047727
5608,0.499204118460775
5609,0.8526742569010386
5610,0.058065453640513555
5611,0.07899413601721313
5612,0.06133141063926334
5613,0.1795244096907759
5614,0.1565060993665608
5615,0.001395532260599312
5616,0.054388404209872204
5617,0.8682935178119537
5618,0.9984392298981574
5619,0.10153841678013882
5620,0.045692505077832145
5621,0.2422825732182907
5622,0.016950702957611353
5623,0.0038447132476499223
5624,0.10287094646600907
5625,0.7307120013183784
5626,0.16638781255992438
5627,0.9987359992917509
5628,0.04489730781541033
5629,0.14910306506692508
5630,0.9790197170274126
5631,0.021660152457149025
5632,0.02624441096211162
5633,0.005679278224022505
5634,0.48873228787211137
5635,0.09104631485623997
5636,0.0020919541089958163
5637,0.09671012920593584
5638,0.8055345986731708
5639,0.003809226555379549
5640,0.02165915854891327
5641,0.16901933604523525
5642,0.02000741922701828
5643,0.820424934264845
5644,0.06812441696591524
5645,0.03417185249520915
5646,0.8171083486913218
5647,0.05329452709179677
5648,0.02341166025539616
5649,0.0304567105408462
5650,0.009546657440484857
5651,0.13772433720909852
5652,0.037259069287057654
5653,0.010021190256079898
5654,0.010099184822347807
5655,0.9690396077505743
5656,0.21910489900073973
5657,0.1891115670404886
5658,0.014206699654907779
5659,0.10192989946967335
5660,0.02770853071528162
5661,0.8429907657508107
5662,0.04373517272760807
5663,0.2287334291560046
5664,0.008205803875898117
5665,0.9349474323142436
5666,0.08015243628337755
5667,0.9570037177330541
5668,0.9987020895783884
5669,0.28196781272458055
5670,0.9200177529878003
5671,0.04748521106728169
5672,0.02611562735808906
5673,0.36833243256950704
5674,0.8321604857107167
5675,0.2197771548511387
5676,0.9976476869473999
5677,0.061657375276738674
5678,0.07413216384834442
5679,0.9882839007085936
5680,0.018133847351214216
5681,0.045411686405210795
5682,0.4795898460505929
5683,0.17456637014001797
5684,0.0709501016636102
5685,0.0975726982891349
5686,0.09968876925080615
5687,0.11027932121748048
5688,0.03682861985940489
5689,0.02282862889651145
5690,0.018910926212682082
5691,0.01014051287300588
5692,0.022301587261808063
5693,0.3632751579982288
5694,0.05051844594522292
5695,0.4571654979101309
5696,0.3668571222997423
5697,0.26811796512932323
5698,0.04509461965126794
5699,0.41609527555872744
5700,0.06119772995856846
5701,0.983559237037503
5702,0.08043570894201123
5703,0.2860804537095951
5704,0.8903502402750165
5705,0.6795381439056465
5706,0.08400904812089989
5707,0.021242275802539904
5708,0.09804796358333762
5709,0.9076636335403697
5710,0.9681037616427858
5711,0.06727623971999162
5712,0.002052069388858335
5713,0.018092805831212574
5714,0.27020659816145737
5715,0.024016349020428596
5716,0.002050918408739413
5717,0.9315145364303209
5718,0.9394085709342348
5719,0.0019833052558992817
5720,0.4742210630575207
5721,0.0020559834094914654
5722,0.9967669865592009
5723,0.54294376441864
5724,0.0200280924084416
5725,0.05464256717745397
5726,0.3119062722951577
5727,0.9736954434406883
5728,0.8509147259938281
5729,0.0065072769087245646
5730,0.3172681778057145
5731,0.9786797109646571
5732,0.02289262715763646
5733,0.2396241194299884
5734,0.9971216353558366
5735,0.01908647077433272
5736,0.001443302849012498
5737,0.9241498507575239
5738,0.9028552682133184
5739,0.007366202584724095
5740,0.2144377944430009
5741,0.046724327711469026
5742,0.12120624476385818
5743,0.9275147095659285
5744,0.2820353214306033
5745,0.005345472315104294
5746,0.03343231250844254
5747,0.09063828531201308
5748,0.07505943662024706
5749,0.35023064643744123
5750,0.9850643351326701
5751,0.0035898138317771583
5752,0.08809999004418805
5753,0.02693361285468862
5754,0.005893143329514623
5755,0.04985182982875582
5756,0.005117193717225228
5757,0.1883157592196225
5758,0.9247418175518813
5759,0.24343839896840183
5760,0.014877069548950213
5761,0.003329478288199688
5762,0.4525456300997224
5763,0.9603394032021783
5764,0.0011423671053433849
5765,0.7615319444819937
5766,0.9889427310540544
5767,0.03033362487967825
5768,0.8926766319507825
5769,0.0028091028752766077
5770,0.08421716014133313
5771,0.9987071535564849
5772,0.16339402598888428
5773,0.6635046218940311
5774,0.9673767999820185
5775,0.12095150416134175
5776,0.8771321359098208
5777,0.0020389992791750894
5778,0.02985046539295581
5779,0.012231547521019341
5780,0.03344208127468006
5781,0.40308728859465376
5782,0.07498090209821233
5783,0.365348455742466
5784,0.9598247336539999
5785,0.7749897513465659
5786,0.001490631699428642
5787,0.05572620809279293
5788,0.9842027975135061
5789,0.03810013485156119
5790,0.986702013627677
5791,0.9987151690246181
5792,0.04646612084939864
5793,0.19371670596180568
5794,0.10682330746056569
5795,0.09519400087091222
5796,0.10259903159253408
5797,0.9337408744760868
5798,0.994752139954472
5799,0.02136448412178789
5800,0.4367719278613939
5801,0.23407886358873534
5802,0.9584484169446293
5803,0.5512826837521964
5804,0.06337131777847105
5805,0.07436479097550368
5806,0.910087038987008
5807,0.02871523844608405
5808,0.9988510926646325
5809,0.012509124149165928
5810,0.05206199375568989
5811,0.9631572288781368
5812,0.9866008602212677
5813,0.9842898337307705
5814,0.9604440464866086
5815,0.9572071619195301
5816,0.9237905706941939
5817,0.9383463489240883
5818,0.024813110791974364
5819,0.9949367249556103
5820,0.3247153406183459
5821,0.026547241357198825
5822,0.998707917130839
5823,0.009615939590133562
5824,0.8855761194275166
5825,0.03506857170897761
5826,0.014798042261137524
5827,0.019415942479575742
5828,0.960886108739894
5829,0.25394555469029656
5830,0.0694787339745903
5831,0.08160436871411829
5832,0.48084115291247825
5833,0.18361929189383872
5834,0.08398895811228424
5835,0.5285480032891982
5836,0.11726538383997653
5837,0.7325451239740133
5838,0.0156968233626803
5839,0.0019360174995848931
5840,0.00693532424863249
5841,0.928955768926785
5842,0.08063209507752218
5843,0.15016786792296585
5844,0.14346522626671449
5845,0.5908790651191004
5846,0.9286960677429067
5847,0.1452339299029238
5848,0.11881188630919172
5849,0.052011678510652526
5850,0.9885830220143722
5851,0.9626494970239454
5852,0.8581126468019447
5853,0.09662743539181794
5854,0.8461530225189527
5855,0.006776138057691168
5856,0.12652075818235295
5857,0.06138994438087375
5858,0.6089283963515486
5859,0.0315644299611118
5860,0.9674203337674109
5861,0.015129146756767247
5862,0.6477224259033876
5863,0.13954232538858255
5864,0.188944684241917
5865,0.13634280565703036
5866,0.07561136758024245
5867,0.07668211141222629
5868,0.04383937217051912
5869,0.07645712646504953
5870,0.002213086592528207
5871,0.13562971362514767
5872,0.006442168186124042
5873,0.11930641195142451
5874,0.9917335138659852
5875,0.999042229206912
5876,0.05787202115377011
5877,0.9658581108672853
5878,0.12926139790169563
5879,0.03598018598258002
5880,0.25744765159526495
5881,0.18824233503744603
5882,0.031177042630923007
5883,0.22235162226551666
5884,0.7922341445306663
5885,0.009217363693430297
5886,0.5575677549851282
5887,0.938593928437454
5888,0.5978551429923629
5889,0.9614795070576577
5890,0.006455245325728676
5891,0.032058290392151086
5892,0.5245418630280575
5893,0.04431940702352285
5894,0.03803157162185858
5895,0.09717395548232736
5896,0.010622170532470403
5897,0.057231143158540165
5898,0.7154622618182781
5899,0.12258821218279566
5900,0.08601529642751332
5901,0.7260422439708999
5902,0.6715334356013024
5903,0.9527890492471887
5904,0.9828528192964594
5905,0.3518565000191094
5906,0.02893890746128197
5907,0.9878892308495452
5908,0.02755826122027752
5909,0.06544905787741088
5910,0.14981063688279625
5911,0.09915909315542167
5912,0.9637314750951024
5913,0.0038818019191454883
5914,0.08176384491223919
5915,0.1723502546781783
5916,0.004219857629920652
5917,0.008404122474391365
5918,0.9534224226412165
5919,0.059333150372033204
5920,0.9843982788464064
5921,0.05147343877641209
5922,0.07727500965921073
5923,0.08938488742901264
5924,0.33379355243418196
5925,0.05865818728538841
5926,0.9781906791550821
5927,0.20803671867691964
5928,0.06624587254245269
5929,0.006476708309433375
5930,0.10276017344427668
5931,0.9215255041885891
5932,0.03470760831485656
5933,0.9474741455198566
5934,0.5345879468680447
5935,0.2906394279720755
5936,0.004153642916119785
5937,0.06800804084678101
5938,0.4014349675025668
5939,0.005106030999807141
5940,0.9691450069817839
5941,0.055391311502159014
5942,0.07796844187754821
5943,0.05611476323813221
5944,0.43991924286685596
5945,0.985816234911411
5946,0.05691414397998687
5947,0.06708347898099512
5948,0.09199232945721203
5949,0.7035471490689185
5950,0.0070293560770300955
5951,0.46263929416566935
5952,0.08013082541272404
5953,0.4457992688816235
5954,0.45894105370835714
5955,0.028107406632254226
5956,0.9259438008507179
5957,0.7891790892799251
5958,0.7847580437777992
5959,0.22639750828759145
5960,0.04742304292120761
5961,0.0022352657098995148
5962,0.24834581788742552
5963,0.005090132585880382
5964,0.9017561836405238
5965,0.1336029064608294
5966,0.027738127375870125
5967,0.004791118749618829
5968,0.07094361574584761
5969,0.7163966523705186
5970,0.952275692810642
5971,0.04947688884881301
5972,0.9336150989399398
5973,0.11825023038934124
5974,0.8523215846449452
5975,0.6506727904650936
5976,0.005027645027383602
5977,0.35646171964818213
5978,0.15876667674871103
5979,0.9324574019302904
5980,0.2638993346101349
5981,0.28335385138418917
5982,0.041524173263188816
5983,0.016342657637534598
5984,0.9288591161952011
5985,0.038088640354496904
5986,0.15378022946794231
5987,0.021633733918445596
5988,0.7633148851326164
5989,0.8621674548347791
5990,0.019548636607268178
5991,0.9896650819972495
5992,0.08870489555891863
5993,0.5783669618563981
5994,0.022989142159894463
5995,0.05043587413895978
5996,0.06378702907307023
5997,0.9424853656394877
5998,0.7854345393390684
5999,0.8416670316686257
6000,0.02300517665582504
6001,0.6801791849556555
6002,0.6586688363691232
6003,0.44804703621097414
6004,0.058083789365495
6005,0.00419801160448226
6006,0.7052487813580033
6007,0.9769947045611448
6008,0.39284114201620884
6009,0.9683996569052117
6010,0.02570729411886366
6011,0.9529837512033711
6012,0.1427795272141662
6013,0.173983445832955
6014,0.015667911413222272
6015,0.07028242618581713
6016,0.050408632344309055
6017,0.03101724652836201
6018,0.9983706497379736
6019,0.019184233517560018
6020,0.9783387750312754
6021,0.33083705250075596
6022,0.9764608269572171
6023,0.8835551907350974
6024,0.021616245399212253
6025,0.10855156086233424
6026,0.0533196764186941
6027,0.2974186769071505
6028,0.06589644269250139
6029,0.6902824914647193
6030,0.03581491293961362
6031,0.02080030695385418
6032,0.07120226614624349
6033,0.01815126639846702
6034,0.4535762982080622
6035,0.15806496823064298
6036,0.9595422773642085
6037,0.6537650863457541
6038,0.8946581197292521
6039,0.0057759157275479355
6040,0.0574383225944397
6041,0.9689496781190607
6042,0.9597735027771767
6043,0.8513153209494234
6044,0.954932071962142
6045,0.9208478780812325
6046,0.011686507393699017
6047,0.08691093491771847
6048,0.21359463802901046
6049,0.5062782154708158
6050,0.018999875423666008
6051,0.17787308197213922
6052,0.08421522679175503
6053,0.0011156097000375213
6054,0.01798112821792069
6055,0.05881457040681018
6056,0.1568698170136484
6057,0.01821730186359465
6058,0.2200732558090727
6059,0.8142276638785129
6060,0.015416465080370359
6061,0.401063488227179
6062,0.04979028719605271
6063,0.9530376143534681
6064,0.007002815624590357
6065,0.03012638265686163
6066,0.19434065214897475
6067,0.010967465021389447
6068,0.5750408570120225
6069,0.0021357186813806537
6070,0.028894786881932432
6071,0.01660354606235213
6072,0.9986662356570254
6073,0.009107881729438461
6074,0.21870722959530256
6075,0.07418223977627081
6076,0.10240375593102509
6077,0.08211462901289873
6078,0.3632373870999713
6079,0.03068054519226195
6080,0.7702771678956708
6081,0.007177510186298826
6082,0.7533051916998256
6083,0.009054095168544907
6084,0.9859211172239007
6085,0.1699926493589148
6086,0.03338953158204922
6087,0.04291024196319867
6088,0.20264531905517766
6089,0.07425152588457247
6090,0.025838001329019717
6091,0.042979716908298625
6092,0.9726701606474649
6093,0.35199088799712763
6094,0.02876639735998944
6095,0.5098694058982292
6096,0.9659383254462255
6097,0.06054913976693793
6098,0.0017668705625071745
6099,0.9245497444566534
6100,0.9806344007805813
6101,0.8265290843284975
6102,0.10098897573739381
6103,0.23777306827056902
6104,0.0803784236185085
6105,0.0075236342602800965
6106,0.023783305553465445
6107,0.7424629835805906
6108,0.9724744843813973
6109,0.002123994542168393
6110,0.3008514317311414
6111,0.9684884127497871
6112,0.011826417706903186
6113,0.005355476478109995
6114,0.033186918980155564
6115,0.9622174458945705
6116,0.7064181151077024
6117,0.002357554745066232
6118,0.05127944903713425
6119,0.6982623432181678
6120,0.40982097248556576
6121,0.008289153181574234
6122,0.04208270366153948
6123,0.891604563004243
6124,0.0912365060742615
6125,0.5706669641235784
6126,0.0028198834032006
6127,0.9058206912193251
6128,0.004733143004935959
6129,0.8758733797883057
6130,0.032170486233452956
6131,0.04759966518939706
6132,0.9558324865139518
6133,0.1009198763978284
6134,0.5459565495609937
6135,0.05269326320860492
6136,0.8608033505871703
6137,0.11083739471422799
6138,0.010589710762888086
6139,0.1573651252629054
6140,0.04532848346790591
6141,0.9986522969885776
6142,0.9204115294944342
6143,0.9101690243090284
6144,0.028927855383170647
6145,0.969769174876424
6146,0.574465435579227
6147,0.02755940906509373
6148,0.8346390498557872
6149,0.2114364630713447
6150,0.007645777438180619
6151,0.02534818236652486
6152,0.03796371892722206
6153,0.02248304284047724
6154,0.868847767171129
6155,0.011663937997709517
6156,0.3681235247402763
6157,0.056197402431645956
6158,0.19874143379961348
6159,0.0232910898290008
6160,0.7590039106331607
6161,0.4189686279784623
6162,0.9562469464658937
6163,0.8433859895011769
6164,0.023187856369828327
6165,0.2649277540129937
6166,0.9641570069252322
6167,0.9909206904201043
6168,0.7617462371088431
6169,0.42412703985471295
6170,0.7976954058111158
6171,0.1672826708687826
6172,0.8250650062845578
6173,0.07649676906342752
6174,0.45168358838487993
6175,0.7673600652612659
6176,0.008954185922753292
6177,0.0647810812681432
6178,0.9188834133063469
6179,0.08742145818466485
6180,0.6753199498963789
6181,0.973175612829095
6182,0.15392796677913448
6183,0.01842717905090015
6184,0.12867361660285692
6185,0.6621320269296459
6186,0.37522998135268115
6187,0.002918665735522056
6188,0.04560269227893015
6189,0.1501764434794647
6190,0.11551857450236974
6191,0.9982561898992236
6192,0.25355736632754394
6193,0.03388237607841976
6194,0.985142564541559
6195,0.00999823309209958
6196,0.9824368944954656
6197,0.9834868151067058
6198,0.8870238766173019
6199,0.035659284529396956
6200,0.9730621018737334
6201,0.008614845628966252
6202,0.013278740857071392
6203,0.02010567758843468
6204,0.10707704326763091
6205,0.021227878353967694
6206,0.024972066718056223
6207,0.03462151037695935
6208,0.9857115747154096
6209,0.21928766593866755
6210,0.4610733246426666
6211,0.9391309019705917
6212,0.01499137564375271
6213,0.011243982151039758
6214,0.6156507455605323
6215,0.05681711884675208
6216,0.024288643616484074
6217,0.03535442591618249
6218,0.17894500141617353
6219,0.14372707227991757
6220,0.05551587755236665
6221,0.7630450011770474
6222,0.010992448496130972
6223,0.011120509497743972
6224,0.008134917645713365
6225,0.002474131686297211
6226,0.00483168003827074
6227,0.013697451557878151
6228,0.029367465285336986
6229,0.9657669962638297
6230,0.0012671048201035183
6231,0.07633030471871703
6232,0.0765701125660102
6233,0.03472047747572227
6234,0.998189874108701
6235,0.4975970195264409
6236,0.13187976653897593
6237,0.30446323168206074
6238,0.0819623219844998
6239,0.7537552732163806
6240,0.017215022114717825
6241,0.5394461428748549
6242,0.01234884455804656
6243,0.012652207339416384
6244,0.0008678492572652845
6245,0.0014027820132492391
6246,0.9747300320342216
6247,0.04765522149474507
6248,0.00638693976651642
6249,0.24269367242398446
6250,0.3614024819382615
6251,0.08245829868174749
6252,0.8914531740018065
6253,0.7656904492293441
6254,0.9260569605513206
6255,0.9512850103591743
6256,0.9948389603151425
6257,0.4563754881409914
6258,0.9961793814169276
6259,0.010588000270809
6260,0.004102469458988134
6261,0.057334491147867116
6262,0.07835945702148812
6263,0.24453293640875132
6264,0.5670892467002301
6265,0.07220696201127282
6266,0.9668766021581826
6267,0.05346605719301826
6268,0.05788491221550832
6269,0.005673062173109991
6270,0.07010442983788907
6271,0.02745166633263628
6272,0.1589156555240588
6273,0.028908141937770065
6274,0.1412766588560066
6275,0.004657574866661641
6276,0.9849466552351035
6277,0.052634857659576297
6278,0.08745494439144692
6279,0.9911159942276635
6280,0.1305040923653736
6281,0.0018805216875652985
6282,0.15564761440920713
6283,0.25588757499651876
6284,0.6630312065060017
6285,0.3685790582261754
6286,0.020076939055141605
6287,0.0379404763373482
6288,0.9886712663086499
6289,0.7390532197691658
6290,0.05009569777313239
6291,0.07307082454868795
6292,0.038649888309871615
6293,0.11012822696214748
6294,0.7684148688751598
6295,0.059520794790461184
6296,0.6994536373903001
6297,0.016516286264006492
6298,0.1628338721281524
6299,0.981474001238564
6300,0.8659748156979964
6301,0.01087662501842481
6302,0.019161010716541523
6303,0.017791673363565533
6304,0.5378397990988975
6305,0.9188249351580128
6306,0.817606483866015
6307,0.45604894803084894
6308,0.5587812988156448
6309,0.022062312536883826
6310,0.7538152204433363
6311,0.6794811832289925
6312,0.9636842211351234
6313,0.9982201373830085
6314,0.03784151776768338
6315,0.4674809573995833
6316,0.3789701895265009
6317,0.034329667191364446
6318,0.2921816048806885
6319,0.11508178969833639
6320,0.13162524664189368
6321,0.0027545756273423248
6322,0.9990659444673029
6323,0.001447580844075171
6324,0.23901730620773273
6325,0.002926419763975476
6326,0.006392127642342173
6327,0.2938375861868416
6328,0.006684405772673419
6329,0.05347655912523427
6330,0.742822130071267
6331,0.01143281442399755
6332,0.9981677073520103
6333,0.9380797542937453
6334,0.00833147102696017
6335,0.991764507491947
6336,0.31226397230582514
6337,0.5931307929229456
6338,0.11658631841753088
6339,0.24196840305206538
6340,0.0054048666103528485
6341,0.024791852583736094
6342,0.7814053079999296
6343,0.02110216697538785
6344,0.11152578853183774
6345,0.013765369965310845
6346,0.08336454124916641
6347,0.036539009015497094
6348,0.07567469511159663
6349,0.9458751014865753
6350,0.8511776066691272
6351,0.33271315064456447
6352,0.5541941046536061
6353,0.0498170354175416
6354,0.012152143686077456
6355,0.10031701599153424
6356,0.16021113463172815
6357,0.17167479726776855
6358,0.002738884412434486
6359,0.2576546085350456
6360,0.164612499067279
6361,0.23768514106936256
6362,0.02034769606490208
6363,0.9794987247546101
6364,0.006694606116830722
6365,0.03338612416201144
6366,0.0023759765577765616
6367,0.06602264718823303
6368,0.17949345087752247
6369,0.9576073102413442
6370,0.3812362320653495
6371,0.033915638142998784
6372,0.0057459110456826055
6373,0.3750442530719759
6374,0.06038645938295576
6375,0.41463749651617526
6376,0.5152287616506895
6377,0.12074920098121185
6378,0.011617870419225332
6379,0.019463516322172292
6380,0.00687708984964977
6381,0.30405191724892106
6382,0.0349945318711258
6383,0.030048285996220392
6384,0.04388010176327467
6385,0.9976071752987498
6386,0.0875516820150505
6387,0.020413274517525764
6388,0.8249145207561677
6389,0.5740605481119073
6390,0.7522549095459349
6391,0.9133125010519826
6392,0.03545640874271706
6393,0.011912974647309558
6394,0.012197063238018863
6395,0.790625832336218
6396,0.2588144204418141
6397,0.9808518623265273
6398,0.9502368422235775
6399,0.9616267157535026
6400,0.8439646880839454
6401,0.9904212525684764
6402,0.9204532096187455
6403,0.0011242501300623437
6404,0.002639079839085472
6405,0.4919162536212401
6406,0.9694842624069221
6407,0.9395883067375546
6408,0.4186131605332397
6409,0.6747673739743255
6410,0.013756732135228109
6411,0.289154797854494
6412,0.2880076403653196
6413,0.9286916553529162
6414,0.002277437971896822
6415,0.9802205718326564
6416,0.14652344344819745
6417,0.5497254124663065
6418,0.05017656954787023
6419,0.07358473454929797
6420,0.35366233497179095
6421,0.07781330079232264
6422,0.03782194146311648
6423,0.09891220817955991
6424,0.9490751320768903
6425,0.6848203590112147
6426,0.2019211650941227
6427,0.1924369818240058
6428,0.1408730449049548
6429,0.9810244292544046
6430,0.9890722985142144
6431,0.05653726283101346
6432,0.09890293081239966
6433,0.0015761762208038761
6434,0.06914068783721421
6435,0.06015767225400473
6436,0.09111030753255189
6437,0.9908232100426585
6438,0.07021783339114195
6439,0.04216898295325547
6440,0.023438480033870817
6441,0.027593448508496238
6442,0.015331871754907129
6443,0.008877644698068387
6444,0.9461631550842217
6445,0.9260539327259133
6446,0.18802037308262573
6447,0.02129789498055096
6448,0.012709951992481148
6449,0.6427937194768721
6450,0.028712819464025357
6451,0.640674630970543
6452,0.05802961992442803
6453,0.011019223989501186
6454,0.24312374981938326
6455,0.08816577462150899
6456,0.924168936089826
6457,0.0573756595507501
6458,0.6252767161530437
6459,0.009129216644677076
6460,0.020061325425399457
6461,0.06576340680972748
6462,0.01596303818683649
6463,0.003628159476305298
6464,0.9649245993219678
6465,0.47712994984314383
6466,0.0995921339114822
6467,0.34375548092128144
6468,0.026232435579719365
6469,0.9738097878950273
6470,0.9302369894478552
6471,0.3929154314732248
6472,0.028645950753107958
6473,0.05671681188628578
6474,0.3200129997979993
6475,0.08784066420234025
6476,0.17028097571294443
6477,0.00340676232661568
6478,0.10840096930663833
6479,0.6624511097191564
6480,0.011647698868157292
6481,0.02179000019731771
6482,0.671720392511917
6483,0.06020072908547239
6484,0.04164155441623724
6485,0.19509352639959854
6486,0.37970385693470643
6487,0.01874735796897462
6488,0.0425475718667685
6489,0.014076428042656188
6490,0.4356282721205891
6491,0.13564367852097423
6492,0.9868040553427425
6493,0.0195731754644962
6494,0.09818969586102384
6495,0.17599013667211616
6496,0.055290688506171415
6497,0.9675115192776996
6498,0.7148899555169722
6499,0.25956907576740423
6500,0.9987053001775289
6501,0.9976538151125923
6502,0.006021474789911968
6503,0.9675128897074426
6504,0.004555543640916746
6505,0.9193285450622449
6506,0.999139722559509
6507,0.13012383024449672
6508,0.08451929153944848
6509,0.06830627092309821
6510,0.16626015564229427
6511,0.9953312346675123
6512,0.03493025427253633
6513,0.9835512411233168
6514,0.010779371297024012
6515,0.05528552273122465
6516,0.002588516760661065
6517,0.04069244537883864
6518,0.10781488599903154
6519,0.10923050682735884
6520,0.9105213974808432
6521,0.11489303386176646
6522,0.0013645960073582215
6523,0.4468801191424621
6524,0.06797870107777501
6525,0.1892273638251765
6526,0.108269623499883
6527,0.00564488828412331
6528,0.007486336768122649
6529,0.018816399441016065
6530,0.004748326159075253
6531,0.9571930511255756
6532,0.2777178193017371
6533,0.43375371503637705
6534,0.7930101250517431
6535,0.0754844995369957
6536,0.7962564449490218
6537,0.021119486090908173
6538,0.0055547234754612165
6539,0.115143267891822
6540,0.04356957871002121
6541,0.9655241815784366
6542,0.01315100245802936
6543,0.039669626402418945
6544,0.014837122361451011
6545,0.06879386587138747
6546,0.07850204415238536
6547,0.9195214968223367
6548,0.12286290459838863
6549,0.9866416786503113
6550,0.0492014394057648
6551,0.1408647259681228
6552,0.6156190363315169
6553,0.07683329012209504
6554,0.05717457051422848
6555,0.5899680141405796
6556,0.99428703233867
6557,0.41093604800091915
6558,0.977630638339216
6559,0.6644992899767402
6560,0.8093618101718093
6561,0.21113360113996604
6562,0.5108725009951384
6563,0.9748805630825079
6564,0.015434811407569799
6565,0.45702921072025354
6566,0.9777831397568894
6567,0.1318552017155936
6568,0.21756576472869052
6569,0.5756752831996863
6570,0.06773223556995811
6571,0.03570594407948152
6572,0.056312525860095976
6573,0.9846201902621408
6574,0.06823438619673446
6575,0.52686168245282
6576,0.11895874432693475
6577,0.06272577254663264
6578,0.12219048534606665
6579,0.24599979115661094
6580,0.0039904155457206525
6581,0.0030450890114721713
6582,0.10699834623012232
6583,0.1347198500820698
6584,0.727507228546259
6585,0.1084224165454436
6586,0.5033400762743568
6587,0.9175020409188818
6588,0.006003414086169941
6589,0.09411530798376007
6590,0.01883153551322425
6591,0.028213027615364348
6592,0.0735946349453462
6593,0.07352844181074562
6594,0.20391865126540487
6595,0.5768044550561388
6596,0.04777467356555881
6597,0.012972232237561629
6598,0.3766712010396673
6599,0.9465164711588064
6600,0.19879435456142203
6601,0.7911185319152461
6602,0.030584455178215505
6603,0.49093312628557967
6604,0.007500817687229045
6605,0.04417290557563516
6606,0.6817695623570373
6607,0.010169095050264794
6608,0.8792261306499597
6609,0.0075487742126753785
6610,0.03870689666902496
6611,0.039841429483543356
6612,0.9649658902810748
6613,0.01955443444507752
6614,0.28936410375843097
6615,0.0973674942817613
6616,0.01658113988437306
6617,0.010550516375047133
6618,0.9631624880895422
6619,0.07880887217270525
6620,0.31680093771012735
6621,0.9985451987515606
6622,0.9519347746003373
6623,0.002674897061378446
6624,0.05563416859737608
6625,0.10190425631952837
6626,0.10394392310548374
6627,0.028866500411723294
6628,0.008769614559791515
6629,0.021974550324355736
6630,0.1774799245552393
6631,0.027712910257871298
6632,0.03590150475711185
6633,0.14001989783354754
6634,0.010884134546130277
6635,0.21922547080616175
6636,0.018136508743572463
6637,0.04185235625935723
6638,0.0468167623668251
6639,0.9711434814415737
6640,0.016274170982533052
6641,0.06237246002482993
6642,0.9771576441977095
6643,0.12557501590994566
6644,0.17813820754501644
6645,0.26215308826881006
6646,0.9357469307961951
6647,0.1952933075214378
6648,0.9191673306535252
6649,0.9150348481759378
6650,0.16893609097859344
6651,0.9505431842832227
6652,0.4260631148379567
6653,0.24557985758228948
6654,0.08360045137271527
6655,0.12572960353019447
6656,0.002161058042567625
6657,0.7616937627454602
6658,0.06250249767230491
6659,0.9801190485537398
6660,0.0503056808104612
6661,0.15396063415725578
6662,0.9865597200776933
6663,0.02578419738495191
6664,0.0369133594714292
6665,0.9208817377309138
6666,0.0797059175892056
6667,0.3025080933334409
6668,0.03766585143799545
6669,0.21628052955070162
6670,0.10979020537880324
6671,0.9652953874656632
6672,0.03525806138871217
6673,0.004045191378203471
6674,0.06595739556896603
6675,0.5476466749779022
6676,0.33347819093578385
6677,0.03731845983574623
6678,0.23533474110460753
6679,0.10696618116983418
6680,0.23434414836056838
6681,0.3809962266706517
6682,0.01972914295122341
6683,0.120271667287273
6684,0.1121135311448546
6685,0.9668706893876321
6686,0.668979355168306
6687,0.0015370130789755711
6688,0.0018538598116110531
6689,0.9091785327384212
6690,0.985263868760625
6691,0.9977455092990851
6692,0.005105685533175946
6693,0.3020338316558476
6694,0.044527687463073944
6695,0.936242147299768
6696,0.08105799456366657
6697,0.04075153859474798
6698,0.9829998308895314
6699,0.7781604838628139
6700,0.3980802186783592
6701,0.014006832540441974
6702,0.9342919265562658
6703,0.9403334464011909
6704,0.11723238058123324
6705,0.9854202085186224
6706,0.01725998815424094
6707,0.05409916251611193
6708,0.028139665931383718
6709,0.16435654460182766
6710,0.07770806924416454
6711,0.06415389599507874
6712,0.002407207506146878
6713,0.4405369976647319
6714,0.9743276122998976
6715,0.02638031409555064
6716,0.05399325313878964
6717,0.8288110325084942
6718,0.9728569334534273
6719,0.0974496138633264
6720,0.0016689499232474287
6721,0.0010769293575693482
6722,0.6333129173349966
6723,0.0520720682150215
6724,0.004011144321748845
6725,0.9989711702918896
6726,0.88603720687802
6727,0.9454296041801037
6728,0.02885976882511362
6729,0.9721748268854702
6730,0.29690336828645175
6731,0.21219564308717268
6732,0.12192057836175942
6733,0.989093893325721
6734,0.01816475710753997
6735,0.996756766791887
6736,0.3247910032062238
6737,0.9979635955781788
6738,0.9871848083191733
6739,0.0017478928157506537
6740,0.006537753789959661
6741,0.003911632580597033
6742,0.14000711903079308
6743,0.06623962562069073
6744,0.02360172963824078
6745,0.002259579414857394
6746,0.7727183432923378
6747,0.6137257235502186
6748,0.8973949623400014
6749,0.11259420717484192
6750,0.9840082226963404
6751,0.24244218062733003
6752,0.011712418742049055
6753,0.28713962776374435
6754,0.009057405880405408
6755,0.196672073016282
6756,0.9629512285591041
6757,0.10291322559898752
6758,0.6940814228890059
6759,0.02226722245993451
6760,0.07269700518345205
6761,0.023049004728661792
6762,0.9499687227611994
6763,0.0016566957398465438
6764,0.04078714224579414
6765,0.1481942489044654
6766,0.912357027227876
6767,0.9865946241337976
6768,0.9322561047440724
6769,0.025906591410808765
6770,0.020170570671765652
6771,0.028201084537492576
6772,0.9683802078724177
6773,0.023957568272654762
6774,0.007489900594543125
6775,0.03487363152743705
6776,0.13683941029819607
6777,0.06595161667768061
6778,0.03673698989061644
6779,0.1776479574496971
6780,0.797531966840295
6781,0.008820311146703496
6782,0.08537210755673041
6783,0.14819738441737493
6784,0.0027168189493350695
6785,0.7679243867667983
6786,0.7398666604146645
6787,0.8380787997005094
6788,0.865286667719365
6789,0.11910011137418682
6790,0.013471567768032511
6791,0.6417286512434861
6792,0.9678622363231825
6793,0.09476846908397814
6794,0.19463120039369763
6795,0.9578035521844003
6796,0.5713823343676235
6797,0.09536532692822441
6798,0.37300578192408684
6799,0.03015430488533791
6800,0.7332150383747272
6801,0.7097907025465905
6802,0.30228416144346265
6803,0.09086436708684409
6804,0.4684139112044943
6805,0.002481160681381644
6806,0.721549272531771
6807,0.0028011495448282634
6808,0.051380682547056404
6809,0.1269946054607705
6810,0.8037826689296144
6811,0.03228233453394466
6812,0.020635353598787782
6813,0.888120878685814
6814,0.02684725511302749
6815,0.21156496239797898
6816,0.02875613505694843
6817,0.013172555067504482
6818,0.9886042720238019
6819,0.01455060364835771
6820,0.06029429597872784
6821,0.9482553714366686
6822,0.009176850727487624
6823,0.17927803266556444
6824,0.016553890087128795
6825,0.029857044046903546
6826,0.07238392880165834
6827,0.0033542532461731966
6828,0.9649442226982751
6829,0.0012977089908811803
6830,0.9905182455572111
6831,0.060863773941862154
6832,0.009441056574584482
6833,0.07843719834980616
6834,0.017724508626213862
6835,0.725760086497257
6836,0.5973510126421594
6837,0.9984873396352022
6838,0.23807079657260274
6839,0.12805065147293837
6840,0.8491113159455468
6841,0.04451601115515206
6842,0.8806682371211269
6843,0.001026405029468795
6844,0.10285627317677816
6845,0.990990889316881
6846,0.2069351967639995
6847,0.007423927695452762
6848,0.7634439710261539
6849,0.021569302182192523
6850,0.022411309323184508
6851,0.6364238454862166
6852,0.09400282152845063
6853,0.7500266717411416
6854,0.05774000770992691
6855,0.03659201225610664
6856,0.09420646580167964
6857,0.86390016772147
6858,0.9821231180805077
6859,0.9369990522646114
6860,0.8949194352225581
6861,0.020254902614409372
6862,0.08705955267227423
6863,0.040325540502143535
6864,0.12568815227486616
6865,0.0018216098989525989
6866,0.21880252991137641
6867,0.42063018258934814
6868,0.7690995946737251
6869,0.17605510077043307
6870,0.8254596206259528
6871,0.9448260640731436
6872,0.008850693843982047
6873,0.11970917794858647
6874,0.0567382883864122
6875,0.17875204010951706
6876,0.9739556435211117
6877,0.7637532759340431
6878,0.010414633437064552
6879,0.02946425622051797
6880,0.036906009686267435
6881,0.3478491818309148
6882,0.9070636510564567
6883,0.5401993582520414
6884,0.15212062441029545
6885,0.05102001827556694
6886,0.9923952394937127
6887,0.8161558224319204
6888,0.7219669778289663
6889,0.08726844985570205
6890,0.9772761220624097
6891,0.051922722341020154
6892,0.0035459878684555913
6893,0.04640501312932277
6894,0.12034348879431028
6895,0.06431226227212285
6896,0.9991206250118448
6897,0.061444048310190756
6898,0.9667047528832268
6899,0.014929103891328057
6900,0.45160492855724677
6901,0.005878234825292185
6902,0.04361891997043881
6903,0.03736267775136213
6904,0.030147560265438213
6905,0.9944548191606243
6906,0.856328011506275
6907,0.05351833129592151
6908,0.046930920639404995
6909,0.0029435595759185543
6910,0.7922703382886764
6911,0.020340415055663277
6912,0.9877094896777789
6913,0.9835146104181466
6914,0.0030537709833081913
6915,0.018433488261799566
6916,0.9819188553814043
6917,0.2980505248395576
6918,0.6942507614847105
6919,0.010102706854639971
6920,0.03270501141500901
6921,0.658880494158672
6922,0.0017524854582443166
6923,0.023194420189367338
6924,0.03255740415277963
6925,0.0060893155586796985
6926,0.5606254237598188
6927,0.008486504445287769
6928,0.0016767182643200379
6929,0.010117440739460627
6930,0.3049640015813618
6931,0.09872692551567508
6932,0.047798702903753106
6933,0.8192560635781625
6934,0.0401261878851871
6935,0.21721581107382534
6936,0.003655713037828619
6937,0.004968116063346105
6938,0.21641728038081964
6939,0.05058282297978164
6940,0.9321743293434296
6941,0.0032168367217763464
6942,0.914656620380273
6943,0.043946193577229176
6944,0.914474572049194
6945,0.6875423734336609
6946,0.0018216975649969207
6947,0.8341021262426128
6948,0.012370867689197066
6949,0.09273953599421157
6950,0.9076601437413384
6951,0.7051415289306381
6952,0.0691509388431057
6953,0.0026822545179756552
6954,0.023248076145261327
6955,0.9096934097997159
6956,0.06745877980598008
6957,0.9988479555428772
6958,0.9403237449769296
6959,0.08785751248842055
6960,0.07437805103756147
6961,0.1577591824156087
6962,0.5908003497398323
6963,0.0385950097988795
6964,0.5012431306918386
6965,0.006970087050502398
6966,0.022314223627086197
6967,0.01258484637612016
6968,0.9850613387283151
6969,0.9975400654671733
6970,0.0013325501406981088
6971,0.002050871543804076
6972,0.07278334817371897
6973,0.020459503414689686
6974,0.3486885283711672
6975,0.12878817882120577
6976,0.019995717265217258
6977,0.07670558574846605
6978,0.007961734610565324
6979,0.024486041176528955
6980,0.5497712308320809
6981,0.0693002798822224
6982,0.9989520438580021
6983,0.25222141707451334
6984,0.038069365311300306
6985,0.27064359918157427
6986,0.8600992041492356
6987,0.0947075688062357
6988,0.05890373248375303
6989,0.005782830618398231
6990,0.006339273112787577
6991,0.004675464617189351
6992,0.06579851071808741
6993,0.9049469851021863
6994,0.8460469071569962
6995,0.04163826278873938
6996,0.4022700648593827
6997,0.9032452792906209
6998,0.007159475396539032
6999,0.05725319000902627
7000,0.5407160547584122
7001,0.1548362013074302
7002,0.10115537241419272
7003,0.13822225660093754
7004,0.0014944959995727301
7005,0.07444711218508032
7006,0.004030904754914505
7007,0.9750008096388694
7008,0.055377777010788824
7009,0.028745462437624835
7010,0.14916344812822538
7011,0.9136803512992739
7012,0.004672010664361724
7013,0.4426374682897894
7014,0.7271476702804064
7015,0.0024225638239064105
7016,0.9336938288868546
7017,0.07444051493808308
7018,0.32596716923926466
7019,0.025676150394306412
7020,0.019947441947718
7021,0.009814749916499705
7022,0.4225372994392677
7023,0.2713449412510213
7024,0.764252149662167
7025,0.03713025108019506
7026,0.012537474859360548
7027,0.04684416573269423
7028,0.06755182953932494
7029,0.08045813704117163
7030,0.20320184911230385
7031,0.9853638909415726
7032,0.007524768867141152
7033,0.9052466880590714
7034,0.12148669500640635
7035,0.3408363098704375
7036,0.8361942215349517
7037,0.9549028052734775
7038,0.02613628169165795
7039,0.0016271431668514918
7040,0.08037737215978837
7041,0.955260449866325
7042,0.005134651825270637
7043,0.5519049534370737
7044,0.02477500327906354
7045,0.1891356530167374
7046,0.6443721351475371
7047,0.92181219813791
7048,0.9500755681105569
7049,0.39246745558847307
7050,0.13726328377337496
7051,0.03516240253720662
7052,0.025483974580337757
7053,0.0976755248905845
7054,0.012114352274582766
7055,0.10523561916690238
7056,0.18209770027461114
7057,0.21360701160180182
7058,0.5809623834211076
7059,0.06249002903369966
7060,0.015288137865001753
7061,0.8358305455430267
7062,0.9687262261357553
7063,0.05073655507651509
7064,0.04768523886742513
7065,0.18206614346560804
7066,0.15530833408339728
7067,0.03455559405245851
7068,0.05252477003163645
7069,0.9583655698049424
7070,0.9897469890234721
7071,0.08450063091313624
7072,0.007132994191446891
7073,0.027491488947443715
7074,0.05476839040371511
7075,0.9989680987871562
7076,0.5010144158588833
7077,0.9920013789099031
7078,0.9406668957689911
7079,0.4254647883803151
7080,0.03915872863474188
7081,0.2510190466670236
7082,0.029077352466896512
7083,0.7769446066832516
7084,0.08578394713669947
7085,0.4159824905690653
7086,0.2896506795556548
7087,0.009397854024972195
7088,0.012021749800287128
7089,0.9382932362554373
7090,0.11802755118669273
7091,0.34878160653749607
7092,0.019451529852002145
7093,0.7006264607053238
7094,0.6934383234722673
7095,0.46230622762007995
7096,0.21922665190335713
7097,0.0207738917822866
7098,0.9852904376802055
7099,0.0032483602645606777
7100,0.9991986864328978
7101,0.8732653134128281
7102,0.4873819339293715
7103,0.9986672715084456
7104,0.0013886990947203765
7105,0.034573901909658276
7106,0.00580943842726109
7107,0.1066734875995593
7108,0.03912060404175495
7109,0.002637794850814782
7110,0.0029143803786617854
7111,0.4248619667178968
7112,0.21778852491915182
7113,0.25408660914994735
7114,0.9926022700217866
7115,0.02033054526465268
7116,0.03953040491244595
7117,0.44708416579088195
7118,0.019474696376257726
7119,0.2199246859537413
7120,0.14198101697882123
7121,0.015353599056147272
7122,0.032179739005155854
7123,0.03468133428855791
7124,0.7442890234636742
7125,0.02659197735010778
7126,0.4165366668676165
7127,0.19591962663238405
7128,0.1020210934073179
7129,0.9377916137792733
7130,0.0296452903934883
7131,0.9662234760756753
7132,0.2206540727503746
7133,0.009772046821811499
7134,0.9623746830235224
7135,0.41270931912129233
7136,0.06495861732431317
7137,0.08383327140150909
7138,0.7283921490622404
7139,0.035837760336679986
7140,0.0381936779435917
7141,0.015399528158134864
7142,0.04922222964353065
7143,0.004483505609400955
7144,0.9516375723895512
7145,0.13288872397744164
7146,0.027296649365241787
7147,0.0016846522755030546
7148,0.9981085783156712
7149,0.10221769016018693
7150,0.029417125482589998
7151,0.013117746715646542
7152,0.05919910688593837
7153,0.4143657003843924
7154,0.06510574685687598
7155,0.1855732927653689
7156,0.004990020023756209
7157,0.03178307072462994
7158,0.009172442407924265
7159,0.028205690530560556
7160,0.028441720116663283
7161,0.9796021069562739
7162,0.001350203159053926
7163,0.8918884602056775
7164,0.9987015058140732
7165,0.02568191075490307
7166,0.0797127062849202
7167,0.590276960747515
7168,0.9937445467520476
7169,0.21226716342877697
7170,0.984882718923758
7171,0.47738691067584993
7172,0.9581834598841871
7173,0.9582485493849983
7174,0.028137718404310952
7175,0.08346392017007971
7176,0.5646854220820517
7177,0.8774717158185094
7178,0.44062857895431407
7179,0.01124980982124961
7180,0.0438517645797765
7181,0.18534539010508375
7182,0.07538994606108732
7183,0.9448012353464884
7184,0.016669325909170765
7185,0.3571406800175862
7186,0.8811957486193968
7187,0.023817842181212582
7188,0.7743333942021794
7189,0.658406200579536
7190,0.04988399311965593
7191,0.09457785894198188
7192,0.025668746449796376
7193,0.5359731560168889
7194,0.02522801236315918
7195,0.9918807504535468
7196,0.019860704709747073
7197,0.0051836334765866824
7198,0.02775877638285153
7199,0.13807535066553225
7200,0.03210375548227959
7201,0.044045161688665624
7202,0.14449792639567713
7203,0.01544012877997015
7204,0.20945124265509438
7205,0.1567753690400376
7206,0.8612604398966927
7207,0.9757380020443005
7208,0.7065610338550489
7209,0.7454320137587738
7210,0.8829594413343335
7211,0.029624870074058608
7212,0.17029379066976927
7213,0.9872001140467471
7214,0.06625757939555947
7215,0.03429149388798549
7216,0.023468532044026307
7217,0.26682764449029023
7218,0.06181274816495313
7219,0.0060429682047410055
7220,0.6200973638117475
7221,0.43119105751253534
7222,0.0013956516101728794
7223,0.9748666462259633
7224,0.9569524311849128
7225,0.08552533723678508
7226,0.02708480096181783
7227,0.011345154376807907
7228,0.20914824223483128
7229,0.11990162769749486
7230,0.9658747819251499
7231,0.048116845220422956
7232,0.29885431436046067
7233,0.04392123047385731
7234,0.9852703557835247
7235,0.06833734146632428
7236,0.027364478908537566
7237,0.3145531175339251
7238,0.6547455377031698
7239,0.4426489387709019
7240,0.002969482083212705
7241,0.3592822282295976
7242,0.20206435708268244
7243,0.01785806486347406
7244,0.9520691046137904
7245,0.10573612383703124
7246,0.0570252762610103
7247,0.08149606352188497
7248,0.9582895473637064
7249,0.15129745746996284
7250,0.0063276933977034905
7251,0.4698421027402047
7252,0.23027897061862665
7253,0.37521494711786724
7254,0.06563340176921274
7255,0.1574919425314518
7256,0.6462744784520152
7257,0.644848142265877
7258,0.09054956360390694
7259,0.06918431880351593
7260,0.7528044492912301
7261,0.9649825393432211
7262,0.05312191376411879
7263,0.947749701765014
7264,0.045090993514094437
7265,0.17446027015726673
7266,0.05724931040035939
7267,0.022075898816138306
7268,0.004322496218305313
7269,0.062178374988879105
7270,0.023141621316946876
7271,0.03127679254401489
7272,0.3839327517282745
7273,0.09814331043390985
7274,0.00850742608061085
7275,0.9162163063399597
7276,0.002413534144077805
7277,0.047542130945876164
7278,0.17448941288743194
7279,0.060357125872028315
7280,0.05472962164936462
7281,0.7703777543283996
7282,0.9597573233202468
7283,0.052875965477266064
7284,0.3017423405982971
7285,0.11488891190176527
7286,0.18867819474709813
7287,0.001299664498943731
7288,0.9507219560265927
7289,0.9516329155331787
7290,0.01812554533046556
7291,0.1145104831808872
7292,0.07506659629515071
7293,0.632607386502917
7294,0.19445933477802957
7295,0.033642775596515954
7296,0.013651567689229342
7297,0.5100502594001265
7298,0.8792920155258868
7299,0.7911617182860203
7300,0.2880132197009183
7301,0.893608982140055
7302,0.9715476052150599
7303,0.510173859340119
7304,0.0514865022923505
7305,0.1330781259697487
7306,0.10354436782396774
7307,0.09669390842453866
7308,0.01352495535493016
7309,0.0037102386628224647
7310,0.10396598886993004
7311,0.9624012820144209
7312,0.013799898872137352
7313,0.7335574921551397
7314,0.04342547264642021
7315,0.005468925128989141
7316,0.08958789858260945
7317,0.12701758146846293
7318,0.05803572680901234
7319,0.5938169567644782
7320,0.038375702201922816
7321,0.914497448948408
7322,0.0035888499606390005
7323,0.031053929411703565
7324,0.8572382083864372
7325,0.03811796433491758
7326,0.03332052382946498
7327,0.4103551299559911
7328,0.9828987228295655
7329,0.0017476626719420598
7330,0.9613487341916979
7331,0.08961440722776341
7332,0.05540719367037089
7333,0.1211924942811169
7334,0.08908637068403565
7335,0.06061671861835476
7336,0.1548343469810218
7337,0.043467820048646404
7338,0.04174097747901656
7339,0.0691079179100187
7340,0.08906164297734559
7341,0.676288702689205
7342,0.01872076030228538
7343,0.98853244207284
7344,0.09011121902184797
7345,0.01027711084383403
7346,0.9565110928296449
7347,0.17505640539906883
7348,0.007070718925240495
7349,0.9631352565990138
7350,0.5800477609202052
7351,0.9989931757094568
7352,0.4332449536127876
7353,0.03881652114864687
7354,0.10666327197227181
7355,0.02074543775156604
7356,0.8809465155494203
7357,0.003940679113172842
7358,0.03801267847320392
7359,0.14932139806701913
7360,0.08200495491829764
7361,0.010269740041380955
7362,0.025773102114825766
7363,0.8073428111079383
7364,0.03786285321252144
7365,0.027045715190588182
7366,0.009074192370238182
7367,0.31347447367612763
7368,0.04556057774489939
7369,0.010567250847671827
7370,0.08285303854199175
7371,0.04816061698656938
7372,0.018978458702447656
7373,0.046849571677572456
7374,0.48181843009854514
7375,0.9795760082679988
7376,0.3656583903300121
7377,0.00499083973943185
7378,0.9396914976147434
7379,0.8109056275496931
7380,0.5678139810730566
7381,0.005860520898358273
7382,0.03593979080010613
7383,0.003995636847429742
7384,0.011821985909827826
7385,0.9935023645668535
7386,0.0747490506916595
7387,0.9900601290069114
7388,0.0016995890986359352
7389,0.904468484297449
7390,0.5684641569031651
7391,0.061403499424644126
7392,0.0799136765191822
7393,0.019384568755749468
7394,0.010302717568249117
7395,0.8199804869054
7396,0.9989070050379788
7397,0.02063753247827253
7398,0.10377725780407467
7399,0.022712960010988437
7400,0.011411460692108443
7401,0.008544418864759437
7402,0.00822000240496238
7403,0.12717900372507587
7404,0.00945633826856302
7405,0.11745022019395769
7406,0.941733505059282
7407,0.009194412424235751
7408,0.11936044208699721
7409,0.03787242785890079
7410,0.13948302914804345
7411,0.1359394566191714
7412,0.9981135474861474
7413,0.15294001191562723
7414,0.018929895730094456
7415,0.9988994914613022
7416,0.3678727652549809
7417,0.6881116615598835
7418,0.011114596152612746
7419,0.897544157297219
7420,0.926072059310708
7421,0.8953218879434514
7422,0.08333577730180919
7423,0.36561652237201536
7424,0.1301393532441674
7425,0.14718179101525833
7426,0.024773834397816243
7427,0.9686176455422654
7428,0.10919471574451299
7429,0.8253228386936865
7430,0.960568451988069
7431,0.034353150778820625
7432,0.022655531099580517
7433,0.43103175343797445
7434,0.4019542648132848
7435,0.5692505112717059
7436,0.9406013916232965
7437,0.051715349548524074
7438,0.9695543107407105
7439,0.055434057941800265
7440,0.00246191081811341
7441,0.9415407868356134
7442,0.01683486133741945
7443,0.08241940310170791
7444,0.11512020280737395
7445,0.9873348038559779
7446,0.2186069985803212
7447,0.9553796535577268
7448,0.4332659758307351
7449,0.7224362784981028
7450,0.24651677408369918
7451,0.25820349755910615
7452,0.02327734606828465
7453,0.9534322893000864
7454,0.020959483945528767
7455,0.1773690717269415
7456,0.14300988714332338
7457,0.064189712651208
7458,0.04567006089105332
7459,0.21107351675137434
7460,0.037155673602924426
7461,0.0501971716604021
7462,0.6534516235164364
7463,0.12853729498368296
7464,0.11790468478312648
7465,0.002982125590664514
7466,0.005593975282988333
7467,0.7587064419281185
7468,0.28067706041427537
7469,0.025529993634987886
7470,0.2568624679636051
7471,0.6118664344267568
7472,0.26165029928949896
7473,0.013140268089684722
7474,0.013916664881567502
7475,0.05030643736307825
7476,0.004627725603059167
7477,0.031286040815331206
7478,0.0017389282431433545
7479,0.009811027133355245
7480,0.58569980894686
7481,0.08601712991280265
7482,0.005720625434795702
7483,0.9987336483705321
7484,0.023566137320313277
7485,0.010949140231252033
7486,0.12639239677491593
7487,0.13405077605605356
7488,0.058513209335925354
7489,0.06473454115354099
7490,0.0012788505836191701
7491,0.24604806434740242
7492,0.07623328050394564
7493,0.09096945817386036
7494,0.0032894640763544408
7495,0.03420938014317861
7496,0.1136425973854721
7497,0.03892497603909596
7498,0.01955311013247089
7499,0.004735351610553817
7500,0.05018635427850102
7501,0.43934364269558374
7502,0.5199228710124486
7503,0.8073520585195769
7504,0.011993707278956803
7505,0.06163960990827757
7506,0.020928502961669704
7507,0.01904153659275438
7508,0.5789655666650759
7509,0.17688516770288729
7510,0.9451412477038573
7511,0.057652618555682926
7512,0.0880711812279021
7513,0.0055502538679519054
7514,0.03685130461327616
7515,0.3259907712622277
7516,0.04507143348937109
7517,0.0183631176243459
7518,0.025271414471179598
7519,0.9304160360184622
7520,0.12493484482410916
7521,0.007119424004076349
7522,0.01744865921128881
7523,0.914717537249515
7524,0.24260769253684847
7525,0.9769730416296748
7526,0.013813328749957748
7527,0.9988785157933607
7528,0.16222259951720822
7529,0.10909006588510085
7530,0.06804168684693955
7531,0.0022557814569961992
7532,0.9683307869957858
7533,0.13508188071448893
7534,0.010775166654762282
7535,0.8865873771780609
7536,0.888185102896728
7537,0.2402051853498842
7538,0.004201750043814084
7539,0.011735739904123528
7540,0.680840787732234
7541,0.038356681785185004
7542,0.9501140467166116
7543,0.15454292620108634
7544,0.04587250483354152
7545,0.9867579736023396
7546,0.9986873021815293
7547,0.12370893922979742
7548,0.0757359107863628
7549,0.1292030997229308
7550,0.02511337010537862
7551,0.9706965653017191
7552,0.31684783522108667
7553,0.29800434825996663
7554,0.21978100661670044
7555,0.8417777395478087
7556,0.23826780837190473
7557,0.00969193778361308
7558,0.2211240388608512
7559,0.11917508323877697
7560,0.6675300782909086
7561,0.1310941182572325
7562,0.07164083524065729
7563,0.0327781015641487
7564,0.48158147349499486
7565,0.07497004065178527
7566,0.5916711150666597
7567,0.863119135673323
7568,0.14213009214672778
7569,0.9760351816715082
7570,0.2072389176317697
7571,0.01893026423427634
7572,0.017473196046599415
7573,0.01330505513589702
7574,0.03862015088312804
7575,0.25151840131394265
7576,0.021189234041240346
7577,0.10969585482140352
7578,0.00888745115835709
7579,0.7538668250843014
7580,0.9876038880872944
7581,0.10280970002698338
7582,0.47263194890441707
7583,0.899877466836732
7584,0.01028111735848861
7585,0.477258443457152
7586,0.0530340317782849
7587,0.8092680946979337
7588,0.0023970089728539896
7589,0.9607270302594407
7590,0.3484314604345244
7591,0.1029820862721537
7592,0.03001478065649123
7593,0.016596663699939233
7594,0.054970081907172695
7595,0.996278047312845
7596,0.01826653807751361
7597,0.7038894596603943
7598,0.5775435344816967
7599,0.07272475867486027
7600,0.026437481735131274
7601,0.006397332919252002
7602,0.015577166597633772
7603,0.9203900422193646
7604,0.03556514686187145
7605,0.154966131833276
7606,0.8615339790601907
7607,0.34359588700557975
7608,0.029853839502425122
7609,0.005237140386558609
7610,0.132524970107974
7611,0.013310447004114517
7612,0.055985327384334156
7613,0.048944586170801184
7614,0.09659020731403119
7615,0.8068196657287755
7616,0.36872650092996073
7617,0.023153191657307882
7618,0.2183591269389147
7619,0.27269070064625883
7620,0.023324453966466093
7621,0.13742513282372978
7622,0.9720807440869724
7623,0.9938840005064002
7624,0.055560377829820005
7625,0.10042338937375979
7626,0.1727359265747801
7627,0.9835856402288073
7628,0.8883029254883924
7629,0.13001667209463616
7630,0.9589987030774857
7631,0.03190919067125922
7632,0.26486470949150964
7633,0.4015270764968974
7634,0.0017112102776305673
7635,0.23025109549226044
7636,0.33376346260831974
7637,0.4389504244893008
7638,0.9458624449871337
7639,0.005851871235134125
7640,0.05143363879147139
7641,0.17432958101854837
7642,0.07652983343596285
7643,0.04199359970358333
7644,0.002603632734372292
7645,0.19412932822682608
7646,0.059470827951926826
7647,0.060915475481513236
7648,0.002585888612141523
7649,0.010870684311995824
7650,0.9799760886681342
7651,0.9913805519415385
7652,0.5878613404656954
7653,0.010587647370673567
7654,0.059472455560078186
7655,0.9908149075206761
7656,0.44848450518838373
7657,0.4372382868363127
7658,0.10658876505648239
7659,0.4120949860103876
7660,0.05358901810881283
7661,0.04077265142725213
7662,0.015505966894243614
7663,0.2515837008133592
7664,0.5176068734194462
7665,0.0015957267645675937
7666,0.017651174730860808
7667,0.03148069947350814
7668,0.029511301236988825
7669,0.07991008409169675
7670,0.37411740761054846
7671,0.7404914474055705
7672,0.7880913381675754
7673,0.9465200682721361
7674,0.06129697092097567
7675,0.24404336046694589
7676,0.1272841792787451
7677,0.1873688940130657
7678,0.28083416031645236
7679,0.0347206626899166
7680,0.005286565200279792
7681,0.0010043549657685032
7682,0.0032808856166484444
7683,0.8925497407839974
7684,0.01838152241302575
7685,0.9610457916371499
7686,0.9985417614923819
7687,0.006150745974906737
7688,0.055773938975867125
7689,0.7953926957589058
7690,0.0175997854722165
7691,0.010968270924206077
7692,0.17470079122831103
7693,0.13976351198022682
7694,0.57356679420045
7695,0.005191269807112822
7696,0.13226721983716436
7697,0.49048546901085704
7698,0.003851352500104575
7699,0.08347352787209701
7700,0.011372955641518615
7701,0.1649766831390069
7702,0.40782801545578823
7703,0.9560330007682479
7704,0.9504751871190512
7705,0.008178005153190594
7706,0.1494483268422664
7707,0.4408040353177807
7708,0.060718489461920634
7709,0.0682664195890586
7710,0.020418809399600817
7711,0.07851895874136608
7712,0.012779591658888645
7713,0.6405005381929242
7714,0.003158528867630251
7715,0.28526043269162393
7716,0.0035584635839349134
7717,0.05261573642945894
7718,0.44508667116986933
7719,0.7894545728114366
7720,0.17140801854795296
7721,0.032150971607755464
7722,0.057482998927169904
7723,0.2488605856503965
7724,0.039160807137344135
7725,0.06437392345869491
7726,0.6229060705955595
7727,0.935821498653425
7728,0.037820156397564676
7729,0.6899699703074532
7730,0.8017468235851051
7731,0.1883013782995732
7732,0.9857654907836625
7733,0.004049979644835948
7734,0.05463318360745717
7735,0.14093089193668204
7736,0.009477824229089875
7737,0.2046796516190704
7738,0.1842146297777281
7739,0.156859432795209
7740,0.9986578579020873
7741,0.9986757600414453
7742,0.01951439090958954
7743,0.39217592605809487
7744,0.9782735893897478
7745,0.9542669219490384
7746,0.048146908326578274
7747,0.9083692635888404
7748,0.2442993837991009
7749,0.45194549813843393
7750,0.012559960995240758
7751,0.043987516393481925
7752,0.9855951881331064
7753,0.23623614373805013
7754,0.015479036928442408
7755,0.4295973706795462
7756,0.4394489547975933
7757,0.08581805923494912
7758,0.795997283842445
7759,0.04901326465886982
7760,0.07950946772479854
7761,0.5675803989449383
7762,0.13342392071088466
7763,0.17404396103790165
7764,0.05964472214235413
7765,0.05058882177812648
7766,0.006478149738317792
7767,0.0581029737936517
7768,0.9986484519536467
7769,0.8623634509803466
7770,0.5272657842237444
7771,0.2994091409024607
7772,0.009351314190280768
7773,0.16859684132738517
7774,0.9248995595412991
7775,0.7819227015625199
7776,0.0237425127724374
7777,0.16831758350207227
7778,0.9589739416879866
7779,0.8848193898673907
7780,0.08421697664037464
7781,0.104327563575988
7782,0.7868575386592553
7783,0.06829857259757346
7784,0.05565585475079907
7785,0.9976279893893599
7786,0.8378886171097267
7787,0.9505688075222095
7788,0.9845144156176172
7789,0.28722914699713203
7790,0.9577099068539887
7791,0.9941369608475447
7792,0.9487902702929728
7793,0.23276941143987842
7794,0.9893872388039977
7795,0.48305337198429726
7796,0.04387852707232068
7797,0.031190942737150635
7798,0.0425033253995094
7799,0.9985455252547131
7800,0.5533391733108802
7801,0.3742468795768197
7802,0.01219731038325962
7803,0.004091999442430676
7804,0.0051611057968294375
7805,0.09537576789713402
7806,0.8304277804545016
7807,0.9504388033914565
7808,0.722038726768336
7809,0.01635078183170368
7810,0.9764728363865852
7811,0.940487173909927
7812,0.09737407206192424
7813,0.9556494720675298
7814,0.993031576783651
7815,0.2591875994907824
7816,0.25580813565333443
7817,0.0014236319977231947
7818,0.0015564553595822797
7819,0.09231220460945189
7820,0.043324626097289355
7821,0.0024081840140900844
7822,0.08843654317820022
7823,0.9780462062162182
7824,0.005119787623487994
7825,0.9803879450825909
7826,0.5860603723229499
7827,0.13342797868821435
7828,0.9818820228014261
7829,0.939311185760293
7830,0.44336822965321043
7831,0.9292422217573155
7832,0.0928583633308017
7833,0.9993715688809063
7834,0.014146542450963246
7835,0.07997263892774088
7836,0.9868028209837617
7837,0.030083044310889605
7838,0.023897670569918743
7839,0.03530039443107472
7840,0.9678309553497092
7841,0.011688007215827181
7842,0.26113789624861067
7843,0.030629751464014237
7844,0.901344180054345
7845,0.009857009625831652
7846,0.5496353021362366
7847,0.002846548575308813
7848,0.38947047275884333
7849,0.7696973048855208
7850,0.17829449609338224
7851,0.0025490347193008428
7852,0.7945384107711444
7853,0.008371002102489306
7854,0.1815651987249929
7855,0.9722585374258594
7856,0.03247765515129936
7857,0.026957389942035576
7858,0.021826404387686266
7859,0.9619343148175349
7860,0.2351366863862082
7861,0.4584193429401344
7862,0.2602469981347041
7863,0.0754716221896559
7864,0.09263477894007831
7865,0.012228298859993936
7866,0.92093633033794
7867,0.0076566172107127425
7868,0.7253713690869485
7869,0.8126627701027812
7870,0.5894009499577856
7871,0.0801340391034042
7872,0.24005061102496658
7873,0.9632662456922881
7874,0.9668480366035185
7875,0.022996898755000123
7876,0.1454172882816572
7877,0.8460946056588693
7878,0.9985512889063525
7879,0.9087992135043413
7880,0.9936995479288421
7881,0.36879680504782436
7882,0.9860861676729006
7883,0.5055100831740259
7884,0.008288124195209988
7885,0.06371715053310738
7886,0.009533890789596365
7887,0.034567312118384014
7888,0.884260038868531
7889,0.027019599456265125
7890,0.909069663210658
7891,0.021790516742724208
7892,0.19273809032828945
7893,0.630886656409264
7894,0.0017541247973380189
7895,0.09650663263786818
7896,0.028416333817284364
7897,0.029411473667587968
7898,0.0668144664655538
7899,0.1038316750500865
7900,0.43160754859562483
7901,0.10363189531063148
7902,0.010170263926628226
7903,0.807448964644227
7904,0.0025594563175817715
7905,0.09165282265017438
7906,0.34712491703130705
7907,0.6802566820786383
7908,0.628864437396786
7909,0.052216024768839985
7910,0.03490515561202976
7911,0.9931350677963463
7912,0.03935473987732894
7913,0.010859868374174493
7914,0.017958748539762554
7915,0.8536171269189806
7916,0.029412825927332267
7917,0.7631708343286329
7918,0.2152582223796928
7919,0.13383473414211758
7920,0.9261824322600587
7921,0.10371557043036454
7922,0.06781857876548662
7923,0.006628996773784442
7924,0.026890441395014456
7925,0.23077759410851126
7926,0.1678981765395493
7927,0.07310194656032919
7928,0.14793785245496222
7929,0.14921922161583798
7930,0.9425946356189382
7931,0.008131333258299058
7932,0.029484931687600278
7933,0.021764690165982984
7934,0.003371761583022982
7935,0.2790328918629357
7936,0.06423285626782708
7937,0.16262629004089618
7938,0.12278592226905971
7939,0.07513838570390147
7940,0.17727201660471273
7941,0.021329295371030024
7942,0.02779104018567635
7943,0.16845221188458903
7944,0.05814712491853335
7945,0.010592560916367367
7946,0.3159045486101785
7947,0.10805628050261477
7948,0.2051013268280779
7949,0.9840516593917633
7950,0.056965848665747776
7951,0.8744424826785723
7952,0.884835837600296
7953,0.4561038024610888
7954,0.09220398220472788
7955,0.26743771076031336
7956,0.15004591934629313
7957,0.01876425726901581
7958,0.23701540987760816
7959,0.04482420409371016
7960,0.021305744881077938
7961,0.06037593473183069
7962,0.020113432251188727
7963,0.5532787555357404
7964,0.32787935395936724
7965,0.024841802719738768
7966,0.9410896955667122
7967,0.022284536037659005
7968,0.6510304096586189
7969,0.012922927928978603
7970,0.9913272409730024
7971,0.001318948277470917
7972,0.010109330025620438
7973,0.020857706213791127
7974,0.0045613055082711716
7975,0.1789627646199442
7976,0.6024750471747455
7977,0.029320607780908472
7978,0.9020152270347256
7979,0.026329993513383804
7980,0.7808639284447944
7981,0.1270220391887067
7982,0.06015802459901187
7983,0.2273533685430428
7984,0.00688196181868415
7985,0.013292545911236792
7986,0.027054954225451382
7987,0.03279753144110097
7988,0.0813670950804924
7989,0.005050038724251994
7990,0.37998673089226864
7991,0.9814623495791016
7992,0.3045237609945875
7993,0.21736598293167722
7994,0.9442622152867851
7995,0.027450880692613765
7996,0.6490828456718828
7997,0.9346158880852807
7998,0.08133315544503635
7999,0.9869233968835217
8000,0.009453281077852302
8001,0.03199032806977454
8002,0.6948241593464756
8003,0.03829721172448303
8004,0.15786947184402209
8005,0.10339555693007152
8006,0.18447151794708896
8007,0.14803502894004972
8008,0.42419240632566574
8009,0.0058363247821553365
8010,0.07317570055270668
8011,0.289595835785974
8012,0.3383649554184321
8013,0.2931922470162553
8014,0.9932448490854723
8015,0.09138317721384616
8016,0.05138597325977049
8017,0.1658780592870204
8018,0.7558439299112
8019,0.026710752933444104
8020,0.0015699291004400639
8021,0.02360270847214904
8022,0.03952243875245119
8023,0.060763730162381215
8024,0.8575021258404569
8025,0.014609218927981801
8026,0.8580137707064992
8027,0.005506838754202235
8028,0.330708535929081
8029,0.11267557823593921
8030,0.2618708882769258
8031,0.8486335202492712
8032,0.016489264616029148
8033,0.002515753852452702
8034,0.1458413959841104
8035,0.38667287031990644
8036,0.0019581098638330728
8037,0.01650728666552521
8038,0.05093438937305542
8039,0.006323869728513541
8040,0.009858064278216451
8041,0.09820028723040615
8042,0.8567202282218679
8043,0.798774247470698
8044,0.011835204424105758
8045,0.07053342431194944
8046,0.022499945804371813
8047,0.32345428468962395
8048,0.9987875192572461
8049,0.025196535342088083
8050,0.38369121555366054
8051,0.9320971117982225
8052,0.005397128562906847
8053,0.9895995803861434
8054,0.008866485057331003
8055,0.13380235950420175
8056,0.9786620368655973
8057,0.98186961735646
8058,0.1077365393968402
8059,0.07616646816600683
8060,0.0007229019684316544
8061,0.02877840094958115
8062,0.4567238129345679
8063,0.02565363809606942
8064,0.11910034832697486
8065,0.7258784594973858
8066,0.23085539759344295
8067,0.6030295851085482
8068,0.018529708487933092
8069,0.10248735219845961
8070,0.43329256564217355
8071,0.889807659581364
8072,0.16457739299194646
8073,0.9704637049340388
8074,0.8714195099218237
8075,0.003302399963620277
8076,0.989663965696899
8077,0.9891618068825512
8078,0.06665595621510739
8079,0.9912036601521254
8080,0.08463970826489513
8081,0.11159081536028619
8082,0.004144543291118232
8083,0.8966206578765696
8084,0.0021346140414342115
8085,0.5336338403644583
8086,0.004318393991621662
8087,0.005022589463663047
8088,0.04373974059883276
8089,0.900127982280229
8090,0.05196780111195193
8091,0.9946242784067479
8092,0.9494238306956803
8093,0.0798582846498179
8094,0.7196283174658119
8095,0.028529940252048008
8096,0.9931354014909201
8097,0.05774931333642569
8098,0.002066656842473343
8099,0.7763005053417068
8100,0.13879912828697408
8101,0.27624174764208687
8102,0.003048735705651171
8103,0.007906095009132134
8104,0.9539818685863084
8105,0.23037396803189755
8106,0.001989227130327113
8107,0.35665402208130786
8108,0.8162680439974807
8109,0.9285437916382864
8110,0.13780115354471253
8111,0.004521300873463325
8112,0.9538886852997805
8113,0.053697001695384966
8114,0.042913574171181114
8115,0.17354303840264773
8116,0.9820609756261849
8117,0.8980140543922381
8118,0.21058725845014534
8119,0.10030315513723427
8120,0.045013418918560394
8121,0.0020022852487754286
8122,0.9825598041721414
8123,0.01870185215790943
8124,0.08401858273848813
8125,0.04306542382295788
8126,0.5534695286702545
8127,0.9871629554469132
8128,0.21948449616069457
8129,0.03412012513118772
8130,0.723267321063708
8131,0.12410748032701112
8132,0.0037980822376826435
8133,0.057514541840541354
8134,0.9145974382941389
8135,0.7969319641785994
8136,0.06706905682528604
8137,0.0564670910465652
8138,0.0073386169797526315
8139,0.05073745538752863
8140,0.007265307292073575
8141,0.034448036965984065
8142,0.5175899638255306
8143,0.11756437438148241
8144,0.2156490819714645
8145,0.3639446810124331
8146,0.018118465137941128
8147,0.32021553028824495
8148,0.058178101312716966
8149,0.4951244040749825
8150,0.03645654890739402
8151,0.9869265166227409
8152,0.6810804809377423
8153,0.017745430870661907
8154,0.0838002159457767
8155,0.23064275464430486
8156,0.03645419354497741
8157,0.0822716851331708
8158,0.19688846246651645
8159,0.006257504699080503
8160,0.7859193031886281
8161,0.145618160266854
8162,0.014245281043080912
8163,0.008906181859583622
8164,0.3884893058921397
8165,0.009110967679371687
8166,0.1281645989550321
8167,0.9932308320739928
8168,0.08297976933072314
8169,0.9113595167856176
8170,0.2978368366291438
8171,0.04439863271025125
8172,0.3514182889996147
8173,0.773970115988515
8174,0.08574174044727778
8175,0.8088179650625724
8176,0.09175874533712565
8177,0.13572405613104896
8178,0.5004398289186748
8179,0.07739898094217544
8180,0.002103057112205754
8181,0.20985255410820283
8182,0.944799008214165
8183,0.45303743513390593
8184,0.0315581960420404
8185,0.02982271264729051
8186,0.4071264806792671
8187,0.6399289034218588
8188,0.9775273592876835
8189,0.14722142751403167
8190,0.16860461514010838
8191,0.08884851433893272
8192,0.9649562378348117
8193,0.030048873074381383
8194,0.0343204797817353
8195,0.03400094634868688
8196,0.9664800265846775
8197,0.1771271102845889
8198,0.40840399920746767
8199,0.05194481577581792
8200,0.548125418195455
8201,0.1749972326548367
8202,0.011307375245785138
8203,0.2738745315494395
8204,0.7386290541918251
8205,0.10235164625202399
8206,0.05626325306958
8207,0.16970777169895412
8208,0.9899607085198484
8209,0.7322770208171286
8210,0.3015267069043942
8211,0.04292484956939402
8212,0.0035836175514853907
8213,0.004134809033040077
8214,0.8866367076130387
8215,0.09458795905952212
8216,0.04555908573987536
8217,0.45924831990993403
8218,0.22773779966580907
8219,0.011535550423453627
8220,0.06455060130784473
8221,0.7927637519341104
8222,0.030833299233367386
8223,0.1329787703407214
8224,0.18334283273992313
8225,0.49399528413433247
8226,0.31639483167396487
8227,0.014114434896206417
8228,0.021987099633408596
8229,0.002160861719882642
8230,0.2392336945058242
8231,0.028139921689789335
8232,0.9987160028306654
8233,0.03287895934657284
8234,0.2452653166775611
8235,0.9772696243705518
8236,0.9856307165022065
8237,0.007769015743563518
8238,0.03247855620917406
8239,0.036182728812218456
8240,0.9073719234137698
8241,0.9951269015784622
8242,0.016011013702205732
8243,0.043041188390424756
8244,0.11629875381493976
8245,0.1519919850819449
8246,0.12273877065756278
8247,0.9878786797513475
8248,0.34272609804373416
8249,0.4658239176387095
8250,0.3011203647732358
8251,0.05906899569191437
8252,0.2635086248456661
8253,0.2961677461136407
8254,0.09785481406899123
8255,0.9546068689880377
8256,0.20026994022371367
8257,0.0013629596952528505
8258,0.7358226763780014
8259,0.24608451271104603
8260,0.0025389049699918536
8261,0.008234647774313621
8262,0.2002651503889422
8263,0.05790025559863384
8264,0.0052521255234111155
8265,0.03330353317057713
8266,0.18630236823544374
8267,0.9660491635586216
8268,0.0667102487775234
8269,0.6093036076580407
8270,0.018955150211068323
8271,0.33856349200944375
8272,0.16310590917381326
8273,0.10019141550651604
8274,0.07437849990468527
8275,0.9722000448380061
8276,0.11514813223269742
8277,0.21840974184581252
8278,0.07673148247915768
8279,0.07821810856364826
8280,0.10335308311137514
8281,0.0016077899035245521
8282,0.02950032802482894
8283,0.9981486336097488
8284,0.2660198494875849
8285,0.9636730941155996
8286,0.045246184795388146
8287,0.018908354389048213
8288,0.787603724246719
8289,0.47690853693902846
8290,0.026332161234082514
8291,0.01836582277798511
8292,0.00433117634223396
8293,0.11581672820521031
8294,0.34644908714351397
8295,0.5601390888841575
8296,0.020744758794504183
8297,0.898647923677624
8298,0.5301379271920078
8299,0.9855742437866746
8300,0.055208600025055427
8301,0.008313869394238413
8302,0.05667530149688623
8303,0.029467131800346325
8304,0.05216739409765655
8305,0.012118261700205626
8306,0.30853701037708325
8307,0.9805022642241105
8308,0.0029507716805931192
8309,0.15707598176580476
8310,0.16478195905347517
8311,0.9763608838854227
8312,0.8534463444135542
8313,0.4280101463799029
8314,0.07888655217432056
8315,0.9886255410161401
8316,0.8359037109024827
8317,0.027813195027093257
8318,0.008366210847996864
8319,0.025352517533642
8320,0.02464351453111018
8321,0.024066695643018398
8322,0.43097850166434415
8323,0.11096359621342632
8324,0.026589343789337277
8325,0.008593795012110536
8326,0.6890671871037007
8327,0.022409331113583227
8328,0.03457745607978268
8329,0.3698030575306979
8330,0.9909501546826366
8331,0.1705752591411804
8332,0.3150656354700094
8333,0.0017216167308127946
8334,0.648761351410173
8335,0.9505265633612828
8336,0.7154080454014163
8337,0.05920459970278922
8338,0.005418642264030392
8339,0.049536007365862895
8340,0.09337608704254452
8341,0.23632897916699733
8342,0.9617900895441857
8343,0.03915758981130136
8344,0.9650568024877938
8345,0.02423796695742791
8346,0.9149939207022234
8347,0.096807965819846
8348,0.10619425260610726
8349,0.23192850778459498
8350,0.183877409641232
8351,0.0273839751821285
8352,0.9608388260820169
8353,0.7311845092260206
8354,0.002031787737649695
8355,0.9181305981054192
8356,0.016681033655087094
8357,0.363298835702805
8358,0.12272148517803882
8359,0.6183547026830568
8360,0.9876384291678209
8361,0.24933988023553466
8362,0.9192610313850912
8363,0.138463411858898
8364,0.9984011345685856
8365,0.5998177474222178
8366,0.01978317016114668
8367,0.41611129838158245
8368,0.877661102933582
8369,0.005668734550472117
8370,0.07265229377035522
8371,0.7359230222803181
8372,0.07615053617897914
8373,0.6941054746366132
8374,0.2752954472714147
8375,0.3516117946882508
8376,0.06796500618221883
8377,0.0285078466189439
8378,0.3874445099227995
8379,0.008630602083178993
8380,0.5432271040658333
8381,0.6833168874360037
8382,0.9991087514041229
8383,0.013430236441753523
8384,0.005653888774300352
8385,0.04211848193221978
8386,0.9373815125402087
8387,0.9588376370549548
8388,0.18754085440088689
8389,0.10703257902228834
8390,0.0015042191362523352
8391,0.03499200144603825
8392,0.0055446003331822286
8393,0.6823268148583774
8394,0.41206618682408774
8395,0.14114329117126753
8396,0.07278374782544082
8397,0.9982945279591832
8398,0.9687761897831786
8399,0.07735319630710709
8400,0.1001449688864675
8401,0.5730893169227015
8402,0.9376151365626444
8403,0.6430021776163158
8404,0.03391424785614242
8405,0.9271840908648871
8406,0.1669797085695913
8407,0.9629173555460282
8408,0.0028413793633915844
8409,0.022183332971924014
8410,0.06614733600623639
8411,0.14057132922082682
8412,0.07972777098839458
8413,0.05943473897955107
8414,0.008193549012094256
8415,0.38258535339477834
8416,0.0023094873275043286
8417,0.06374542178615786
8418,0.018512273399779067
8419,0.8302051204845903
8420,0.005873524349796602
8421,0.9988973566167473
8422,0.03336188109570686
8423,0.37401812718775523
8424,0.0027200596961799266
8425,0.40699389874963154
8426,0.9986659319564932
8427,0.49491456016991925
8428,0.9732704105111095
8429,0.13272066127732404
8430,0.03873636802123779
8431,0.2635247170447301
8432,0.027492357857301485
8433,0.9025393215297566
8434,0.20630847365132965
8435,0.04575384595278372
8436,0.9071205688011948
8437,0.8880562603845926
8438,0.02350987455774886
8439,0.12177797911618088
8440,0.018265160472415082
8441,0.46370167326205275
8442,0.010186242447935286
8443,0.25377515637028764
8444,0.036832321815691065
8445,0.0048225971765003895
8446,0.03743079123108244
8447,0.16353143795275735
8448,0.04468129680497157
8449,0.6174858159405592
8450,0.0096623941457767
8451,0.06785728827426483
8452,0.0012281013149079783
8453,0.9989463219837865
8454,0.686627969496783
8455,0.11472422188135033
8456,0.670584351654612
8457,0.14351488165560194
8458,0.9957401251173996
8459,0.28592233681235313
8460,0.19386949656209684
8461,0.05820592640762432
8462,0.029635431599898798
8463,0.0439783135301909
8464,0.06022072502929759
8465,0.012537211511828109
8466,0.8521235421926004
8467,0.003578707887825274
8468,0.5679563283575817
8469,0.10024030255157816
8470,0.03476134879143664
8471,0.9771508024072512
8472,0.9923446356291407
8473,0.0447516594371092
8474,0.011276523449469089
8475,0.9239096612551521
8476,0.1489299319154025
8477,0.2428422318840314
8478,0.6584885269548407
8479,0.007486886596137186
8480,0.005174265674584778
8481,0.004579250524053888
8482,0.019351460411107486
8483,0.007479781514865278
8484,0.29713411041778265
8485,0.1940118661952985
8486,0.12451183565304758
8487,0.06266998346356763
8488,0.0016344330114477117
8489,0.8615765153873794
8490,0.09163591726517085
8491,0.9000674646386723
8492,0.5732112157160295
8493,0.010266502524178238
8494,0.03755357326767251
8495,0.9740302903299138
8496,0.11980307797948338
8497,0.04379477236882271
8498,0.11979067972654556
8499,0.43466246278217024
8500,0.030290725773037652
8501,0.14627290531078765
8502,0.06670772333877473
8503,0.8963479109402351
8504,0.044372532733869395
8505,0.012169190086676981
8506,0.048791876281837586
8507,0.04988068451497432
8508,0.060178746868973114
8509,0.018794969931495396
8510,0.04341851936874064
8511,0.018401096181278567
8512,0.03350281798390534
8513,0.007291212204687291
8514,0.03291960966068555
8515,0.2774063644528472
8516,0.030547164676524963
8517,0.046105485283582735
8518,0.1603925032771575
8519,0.015142970440409539
8520,0.010816595478645172
8521,0.09390739092428586
8522,0.9103601587595799
8523,0.10907354053140905
8524,0.9876122801818085
8525,0.004791515623798936
8526,0.6413241288028076
8527,0.017002006362652256
8528,0.09034761253489514
8529,0.7545113738137612
8530,0.794364523068856
8531,0.8804293411040831
8532,0.6285066159307146
8533,0.019601680125864804
8534,0.014455801851772296
8535,0.9944080775771744
8536,0.15683286930427567
8537,0.07998365397365804
8538,0.36117839324516066
8539,0.06201010223836287
8540,0.2255724944982158
8541,0.22269380118000584
8542,0.05762639110275334
8543,0.9890361737388181
8544,0.9764264111207965
8545,0.15005291503939694
8546,0.035152057956047394
8547,0.1839418264115198
8548,0.21789608552366413
8549,0.03201478935885369
8550,0.05626098507009789
8551,0.08248925695650546
8552,0.03797445688007832
8553,0.10374460790860927
8554,0.26525263180152076
8555,0.04237580587172953
8556,0.21484640828253607
8557,0.8231284360017964
8558,0.9770121717550886
8559,0.7858405958755527
8560,0.9674340415905266
8561,0.6574774502541921
8562,0.12475422389682413
8563,0.05255765554666867
8564,0.029875267720430133
8565,0.020536532895957155
8566,0.9010155572292439
8567,0.7872779637489159
8568,0.9436080084981894
8569,0.19339662791639853
8570,0.7991894089859035
8571,0.04526505092644125
8572,0.9987065736960461
8573,0.13684886402940596
8574,0.06364922896285029
8575,0.08504872543239846
8576,0.0032665682400060334
8577,0.8283690602431872
8578,0.9778843326477705
8579,0.07659025990593925
8580,0.6154242645036118
8581,0.37780091087539125
8582,0.013130968177395995
8583,0.5269817441548611
8584,0.7609171488944906
8585,0.03131556631193035
8586,0.06854509313303955
8587,0.06320673189824823
8588,0.17992135592714956
8589,0.011011452906269916
8590,0.5248228330333821
8591,0.9813752523536375
8592,0.08873528327869136
8593,0.1567499854037084
8594,0.00443853962692457
8595,0.9585340735789761
8596,0.49746458827603984
8597,0.00896676725783522
8598,0.8663184586352073
8599,0.9136865468665757
8600,0.07629804910039256
8601,0.08303094710983379
8602,0.05721423066578405
8603,0.14765118094949342
8604,0.8513547921513657
8605,0.023051961165566986
8606,0.04354200996957084
8607,0.40695535146984735
8608,0.978645483197079
8609,0.04041959449976986
8610,0.04374298776439705
8611,0.7480174926014066
8612,0.19060765291832513
8613,0.9833839823349342
8614,0.9548093165524124
8615,0.29377046450250366
8616,0.07315737193405929
8617,0.039992543486574585
8618,0.621352672265483
8619,0.05221628470014109
8620,0.11792407020139974
8621,0.9067549531900037
8622,0.08793569951690554
8623,0.9563319627110167
8624,0.01869620615527295
8625,0.08735856477671296
8626,0.028172225500867076
8627,0.036025633329835244
8628,0.46089075545752384
8629,0.009096341896566077
8630,0.8720320307345135
8631,0.12843244102298948
8632,0.0804389850552901
8633,0.9407552512797879
8634,0.1932883259171473
8635,0.6870532259007023
8636,0.9404167120874091
8637,0.9875613667636421
8638,0.017701928864972183
8639,0.3638513005727233
8640,0.02279507173371587
8641,0.20039181702063216
8642,0.0027829203826928105
8643,0.8895751902875749
8644,0.004402328872908247
8645,0.004052328320363855
8646,0.4277199712566723
8647,0.2639436654091229
8648,0.05002613102520143
8649,0.4229849331525715
8650,0.0022338985077927343
8651,0.010694089439692932
8652,0.7328007595931522
8653,0.0038430215234903312
8654,0.009860329543559391
8655,0.003502521575719706
8656,0.014791135125130661
8657,0.28534502212776974
8658,0.19801902406949576
8659,0.06883903267817805
8660,0.0029116237030729192
8661,0.2258155971065021
8662,0.002511041616760719
8663,0.06234384778180351
8664,0.0012973723627241443
8665,0.006918969026683164
8666,0.9598029247490519
8667,0.03409318451965639
8668,0.03319414182452466
8669,0.3024332503511684
8670,0.0024805908688834344
8671,0.30431949077960757
8672,0.9516019856279335
8673,0.021446183693537107
8674,0.0339966544012726
8675,0.9760327795604548
8676,0.8952961561171362
8677,0.013472325630683258
8678,0.05126557999327041
8679,0.11489902357699155
8680,0.4425831819634493
8681,0.06734839041340052
8682,0.9507751061614848
8683,0.7749855452322674
8684,0.3218909124536304
8685,0.00642372279664414
8686,0.1176486444095961
8687,0.03665266235060763
8688,0.9764836482674832
8689,0.04868344419954693
8690,0.05191938869089394
8691,0.9644843325292475
8692,0.23150374157592402
8693,0.06189710024082954
8694,0.9989957782425547
8695,0.9926730179855738
8696,0.027469843831503898
8697,0.9592219957764859
8698,0.08997780042665005
8699,0.07494342936387104
8700,0.06446308476688027
8701,0.9532602213676126
8702,0.034142631693898425
8703,0.06286137810305598
8704,0.001610568959242161
8705,0.5111615728153694
8706,0.9990445205054703
8707,0.015397925015815049
8708,0.009889303442007872
8709,0.010870442159990978
8710,0.1316018911290324
8711,0.03422502876108294
8712,0.029852018509761796
8713,0.10119520111032342
8714,0.7289947059277981
8715,0.015280766311848252
8716,0.008119056358929636
8717,0.5140843250789794
8718,0.9235566106942836
8719,0.01471652861834051
8720,0.03697805686742245
8721,0.05770481503867997
8722,0.9604112155574033
8723,0.006633356417360636
8724,0.006355524149117081
8725,0.023030585620072985
8726,0.029393764416810755
8727,0.009698656761099985
8728,0.21508720719856564
8729,0.9984754549024739
8730,0.7728476703175208
8731,0.6818454734502665
8732,0.8161471184856985
8733,0.8461322722594651
8734,0.0057301245106891165
8735,0.06632678442481281
8736,0.824402979531917
8737,0.9198427766033971
8738,0.10103519331328809
8739,0.14616359463644524
8740,0.9689141662577861
8741,0.9845870078597416
8742,0.9962040315412454
8743,0.04446291112260775
8744,0.002146038801656784
8745,0.15710074325565515
8746,0.19451510944824282
8747,0.08709968455973538
8748,0.022797753965726215
8749,0.09164471666881151
8750,0.036882850313781405
8751,0.09517437464236252
8752,0.5951561332580275
8753,0.9382966674843555
8754,0.20561038476650317
8755,0.9706577194238517
8756,0.21197965397583488
8757,0.1638202407927601
8758,0.03076320319798218
8759,0.3184566831926194
8760,0.007566186331267949
8761,0.8417944610583206
8762,0.02415292074511959
8763,0.9902378786069727
8764,0.1756758643713455
8765,0.20016460356081678
8766,0.003770624362895879
8767,0.12240591919577275
8768,0.01260248787121391
8769,0.10312848944055603
8770,0.02950195129592559
8771,0.005896306480376728
8772,0.007862904427591598
8773,0.03040178826830553
8774,0.6530619341658264
8775,0.0074904513440493025
8776,0.033046905534138825
8777,0.3756123927033419
8778,0.145480993200081
8779,0.019266047867942462
8780,0.004474481362741958
8781,0.9777366813771966
8782,0.0746386584331745
8783,0.03450638887214355
8784,0.0029767581541504866
8785,0.008262556037228653
8786,0.09078105171083732
8787,0.008297055079439973
8788,0.98673728068805
8789,0.048895857266997377
8790,0.9272978331138598
8791,0.08188075962365285
8792,0.02956014527370292
8793,0.07651818704580166
8794,0.9029068708921631
8795,0.8270215603292165
8796,0.006889276124223483
8797,0.5727089485286888
8798,0.9407861787358658
8799,0.06707318350675488
8800,0.02370343323512018
8801,0.01442098216572369
8802,0.012252956311570388
8803,0.5119153320873467
8804,0.005572905935150634
8805,0.14103091908367893
8806,0.19098420976252947
8807,0.028940889743165065
8808,0.5172298022285032
8809,0.3496642586752851
8810,0.0174488732437998
8811,0.3325788966976964
8812,0.9228379993938773
8813,0.01243792378580115
8814,0.5060650490162001
8815,0.9085678075168605
8816,0.8878928092140047
8817,0.9840011136863492
8818,0.8838041859864347
8819,0.30646529075034107
8820,0.33418597043634785
8821,0.06749228292701515
8822,0.6576566694434741
8823,0.9602244154115338
8824,0.016873859200520997
8825,0.028860006996058018
8826,0.2774655750264483
8827,0.6709540318514788
8828,0.16388839660148266
8829,0.11684689334457021
8830,0.00933809111493313
8831,0.08015286838863916
8832,0.2531596318136868
8833,0.013223415083690232
8834,0.7520624777836241
8835,0.011346207870365698
8836,0.10704168234753608
8837,0.12664112108201456
8838,0.28669742556226696
8839,0.1203357725821591
8840,0.0837177587849053
8841,0.9866265774433192
8842,0.9794236222249101
8843,0.07887033316464594
8844,0.5508108806802778
8845,0.15696256263336966
8846,0.0038603440908100573
8847,0.053304697173493266
8848,0.9881658521315879
8849,0.07409178495974333
8850,0.8920340448686215
8851,0.0784130773962078
8852,0.686826570408028
8853,0.19689585745259838
8854,0.001356335846703547
8855,0.04460349171229124
8856,0.019303733711623916
8857,0.05786325471448123
8858,0.08423667955552654
8859,0.5396962062900016
8860,0.07610402617642473
8861,0.1029088732535443
8862,0.061373448146523846
8863,0.23750085437060298
8864,0.004505031333864836
8865,0.9163843083170328
8866,0.9715811057980677
8867,0.025068945024006056
8868,0.8379198437571068
8869,0.29202995107117463
8870,0.033858455960383074
8871,0.27704413316953375
8872,0.09661548070378505
8873,0.009273280652239037
8874,0.3806271244345842
8875,0.062865451305757
8876,0.002503131767536102
8877,0.9990463178670556
8878,0.0009348323408260802
8879,0.06995759873343292
8880,0.020959182666886973
8881,0.3600864374901041
8882,0.17638863084272124
8883,0.14757367429086135
8884,0.9675959009918871
8885,0.2620053278599373
8886,0.17668810467849153
8887,0.01745763008012877
8888,0.02927068966103397
8889,0.03416184166219249
8890,0.09500881506845582
8891,0.23042372691334903
8892,0.16287170140724544
8893,0.36539989062740014
8894,0.10197785813697967
8895,0.9743436549731976
8896,0.3545254116062682
8897,0.29139181558967925
8898,0.518084078578342
8899,0.08945280319986841
8900,0.1688222751135939
8901,0.4428105719209345
8902,0.9984807350944894
8903,0.34088450643036955
8904,0.5846662061339832
8905,0.5997790525225724
8906,0.9634205098337132
8907,0.05856678962929505
8908,0.08175009602559623
8909,0.7649616349991382
8910,0.7375782778413454
8911,0.031135690168762997
8912,0.35715652374793033
8913,0.028341199555506933
8914,0.02694459603191085
8915,0.0696603630534419
8916,0.0052924999115444085
8917,0.07718920362311255
8918,0.05985522885739081
8919,0.10446460701467923
8920,0.06070207051841341
8921,0.08839854010201964
8922,0.9559431661589751
8923,0.0425233696445159
8924,0.7576022462281706
8925,0.5451180084999577
8926,0.021409096707343145
8927,0.6020837040510468
8928,0.6998162317934021
8929,0.5473792567265718
8930,0.5693027875373545
8931,0.0955374783557567
8932,0.9570997042444483
8933,0.04207561012066871
8934,0.09157189609436787
8935,0.7154890361430652
8936,0.8569239129546222
8937,0.03053343160881548
8938,0.9490627286274066
8939,0.1418281629279187
8940,0.2826639621954059
8941,0.0027706183080790313
8942,0.33059660272077246
8943,0.4127437132926115
8944,0.7214159291188889
8945,0.8392240214279268
8946,0.11106747698810808
8947,0.9503562912866004
8948,0.12968826500577002
8949,0.32592908892745115
8950,0.4965435379986171
8951,0.9972392681349906
8952,0.03193369810646198
8953,0.04919741347489045
8954,0.037555647182707284
8955,0.9093281370626963
8956,0.6704421334467777
8957,0.9392978813676209
8958,0.9521517795613228
8959,0.25010141984022805
8960,0.020715690384674686
8961,0.7245129098985652
8962,0.013879145761777322
8963,0.9670458215302222
8964,0.3289133617699245
8965,0.015455893200802753
8966,0.3239239487084904
8967,0.01945833827895759
8968,0.023025579946361913
8969,0.005516406170837075
8970,0.005374304587066925
8971,0.010089028118991775
8972,0.005325736496986558
8973,0.4580731781468574
8974,0.06405667649382187
8975,0.8882081966923222
8976,0.22707793843669521
8977,0.06280171684113747
8978,0.46872189656053626
8979,0.0011851930142239234
8980,0.011617561087554342
8981,0.8446513102283809
8982,0.04611765095993061
8983,0.5411954051008773
8984,0.003758983943496302
8985,0.0342287192785689
8986,0.015571376373811445
8987,0.005974347789594943
8988,0.003470649237229432
8989,0.2664308365275773
8990,0.014751888784533798
8991,0.10546095523292276
8992,0.013509950728357962
8993,0.06912600724012564
8994,0.9884575445059168
8995,0.5619295673248845
8996,0.036456164688164074
8997,0.9836273232102314
8998,0.02680042962459742
8999,0.11974659391181273
9000,0.08561953152505469
9001,0.21094415369061958
9002,0.011559011718686162
9003,0.9677392200092575
9004,0.11862120300171745
9005,0.882314070531366
9006,0.9684181477608962
9007,0.08225373640775548
9008,0.05676405229660612
9009,0.02831122664501955
9010,0.8101235214928605
9011,0.861309360535304
9012,0.0257673598870909
9013,0.008513946436596614
9014,0.10431994528517059
9015,0.008943085967006997
9016,0.36701202751770756
9017,0.07765806266646208
9018,0.8353672098974357
9019,0.1847353168335234
9020,0.016081678661821485
9021,0.3603016168565931
9022,0.06686041665037244
9023,0.2003325447947256
9024,0.046165847443941345
9025,0.4112749927857462
9026,0.1321445003037227
9027,0.9981653483634966
9028,0.12606612938293463
9029,0.01121166167405978
9030,0.6378313447092291
9031,0.19030127705276292
9032,0.23751900069509121
9033,0.9869272301729793
9034,0.0137727666695892
9035,0.00913575937536141
9036,0.022120034346351427
9037,0.04007739566483307
9038,0.14513447916714103
9039,0.10041297424608975
9040,0.03438016848056367
9041,0.3996303519097717
9042,0.20673491117702203
9043,0.32288156953942365
9044,0.005517792083673835
9045,0.06442903464084905
9046,0.008940560019201028
9047,0.07956486584018853
9048,0.09246210278011624
9049,0.9858098449859275
9050,0.09467638364718974
9051,0.9724176999535201
9052,0.03193978787481833
9053,0.020505094713334292
9054,0.029534838848846005
9055,0.3238980942230341
9056,0.352130414509685
9057,0.05730862662093997
9058,0.9978594438613572
9059,0.0626836271116948
9060,0.0313200246521091
9061,0.29404794768175174
9062,0.876764196298068
9063,0.03367194195704359
9064,0.021406467163127774
9065,0.3504297106127865
9066,0.1362433357485269
9067,0.2506883926904536
9068,0.019491823105479554
9069,0.014272133694430355
9070,0.05395319026605891
9071,0.062268873232502985
9072,0.8422412408266776
9073,0.6725760095772655
9074,0.9406313094691212
9075,0.0023802797592193553
9076,0.8766366821255325
9077,0.030553644297370338
9078,0.11070800029956367
9079,0.6425816909498087
9080,0.7194978157508141
9081,0.1419748712658915
9082,0.5495663631769272
9083,0.4979563721723315
9084,0.05851551221520449
9085,0.9753078914386594
9086,0.9046694062597892
9087,0.9852003463657053
9088,0.7675325781759922
9089,0.14541556630569993
9090,0.28459975443403657
9091,0.39501017499830526
9092,0.41435148677662054
9093,0.010652078669403991
9094,0.034588130458991145
9095,0.6596482723981988
9096,0.9392858029917796
9097,0.004620533737578904
9098,0.05416225817353557
9099,0.12342907591044604
9100,0.002649770452616766
9101,0.8699719681604757
9102,0.05014767976898595
9103,0.7072775240058812
9104,0.14835388828828877
9105,0.1056010998955967
9106,0.07871190924173484
9107,0.007129554044190607
9108,0.3566064222082072
9109,0.18364925013472091
9110,0.0011359581184529788
9111,0.7749467987753399
9112,0.006311101371660244
9113,0.5225321178434934
9114,0.013803443647350177
9115,0.8249353903810146
9116,0.07484278704928918
9117,0.9035377682186606
9118,0.23243278542930845
9119,0.6640288446132908
9120,0.04148972793086031
9121,0.4975847795614114
9122,0.08328491136466858
9123,0.22290295283017106
9124,0.023032891976868464
9125,0.45647992155341016
9126,0.06100085903630174
9127,0.03976562075473813
9128,0.003418171238991806
9129,0.017213523590274175
9130,0.4578723790321449
9131,0.9747666834998857
9132,0.09862203222942172
9133,0.013642524387966226
9134,0.07566362151879295
9135,0.39612927874974296
9136,0.010275932647317595
9137,0.04951528558237911
9138,0.020019302162188748
9139,0.05400122207517142
9140,0.9353311559605085
9141,0.12076044596723212
9142,0.04106938074043327
9143,0.818245625873882
9144,0.1121138029660866
9145,0.03212593653174712
9146,0.00749199251346526
9147,0.07764274383600804
9148,0.15610556283989607
9149,0.10442925929133484
9150,0.14162868816985677
9151,0.00349723064717335
9152,0.5245118084266482
9153,0.1749786367683348
9154,0.947220359723358
9155,0.9938484233652921
9156,0.8301711767807699
9157,0.9125304898793399
9158,0.2974653969655246
9159,0.003040586466809722
9160,0.25706810258486756
9161,0.013979457361912083
9162,0.09667682996214289
9163,0.00350157049928523
9164,0.06970928535110167
9165,0.010525157131083757
9166,0.9842603062934111
9167,0.0180742123613758
9168,0.26944461011607906
9169,0.9821596261599828
9170,0.7930456088511004
9171,0.9651973716341639
9172,0.8550288197566166
9173,0.4707751119054035
9174,0.0959298403655416
9175,0.03164547690029824
9176,0.0025593804999194197
9177,0.32728785063979343
9178,0.41305061732271703
9179,0.0571755924827449
9180,0.011671101907745571
9181,0.3232935907339794
9182,0.002852416214713051
9183,0.008744455045741064
9184,0.3819994138802391
9185,0.024739694404140932
9186,0.08173319816275885
9187,0.015403297437239921
9188,0.014645512604792243
9189,0.8088923201555619
9190,0.00767766002883639
9191,0.11229486800392104
9192,0.9916853667560955
9193,0.002800081596138993
9194,0.013874731772182571
9195,0.008667910830867471
9196,0.7719895439999901
9197,0.02815197239384995
9198,0.006563205551460282
9199,0.050849940992065266
9200,0.05144400237401936
9201,0.9990672402542917
9202,0.030469169997050655
9203,0.051838174396181234
9204,0.15105317752597416
9205,0.0032549575507355676
9206,0.4187519492005838
9207,0.4883726850631289
9208,0.0050596388127097935
9209,0.02516021233834369
9210,0.9653191669096882
9211,0.871091794667584
9212,0.28225403193611237
9213,0.07335412989590041
9214,0.014943815518015546
9215,0.032322099357182735
9216,0.21239255794986578
9217,0.03533014103831896
9218,0.20295314895423833
9219,0.052791629222058545
9220,0.01597131919150117
9221,0.40746126384343456
9222,0.1600517148287043
9223,0.9801340426824018
9224,0.12057450181808238
9225,0.9657633164858747
9226,0.9874643751287567
9227,0.031342831922289024
9228,0.004863372274916831
9229,0.009401537217132773
9230,0.10895222000855
9231,0.09880026063083257
9232,0.914141797046713
9233,0.005633362307090726
9234,0.0505617616188009
9235,0.07712840984332675
9236,0.009688169038607914
9237,0.10858389193972866
9238,0.16609032329038542
9239,0.07778697730008788
9240,0.5716133426214779
9241,0.15929116352784303
9242,0.0011882087581931821
9243,0.9899423613275892
9244,0.011808080324707928
9245,0.03910809135916058
9246,0.34677845588411865
9247,0.033096178646188336
9248,0.9914732200599352
9249,0.9988272954815006
9250,0.02077540659801053
9251,0.47371604194666134
9252,0.009772053919265057
9253,0.002107596964019755
9254,0.0829360616316059
9255,0.9986553348815149
9256,0.09836921028737529
9257,0.29210792607713254
9258,0.886539153139852
9259,0.03793545325224163
9260,0.06554085260983959
9261,0.9752281984578719
9262,0.7755148858898574
9263,0.012849262055014557
9264,0.051128827949671156
9265,0.021390097824433508
9266,0.8843961223540543
9267,0.3785082778567312
9268,0.06157804065843508
9269,0.8661387754477232
9270,0.006965917812658713
9271,0.0016070264773437291
9272,0.21423508256666776
9273,0.06434070960059667
9274,0.03424875484234575
9275,0.012604375063925024
9276,0.010987425220652963
9277,0.15367926047050776
9278,0.9953831037514993
9279,0.07724632763397037
9280,0.69355075472254
9281,0.9791877582346831
9282,0.2653859462676775
9283,0.742489433587748
9284,0.10258721045424345
9285,0.2318665011822205
9286,0.1171114120300795
9287,0.36638941051001805
9288,0.11483359158215656
9289,0.03471057074056589
9290,0.05974732002523542
9291,0.06686483324491084
9292,0.5142574122973098
9293,0.24087594470031912
9294,0.1266856858691401
9295,0.4223590435255369
9296,0.16308849820892415
9297,0.9781288972148161
9298,0.06862690608757012
9299,0.006831784102529349
9300,0.03950643284861335
9301,0.44967125578726935
9302,0.05438935745076828
9303,0.06542445231454748
9304,0.04559050238916735
9305,0.004690710107867503
9306,0.14493624595255472
9307,0.6972227088001258
9308,0.96215852955032
9309,0.973849918525531
9310,0.03816987113330834
9311,0.8963747231997147
9312,0.8243478656871815
9313,0.7346072826615405
9314,0.03850772452055631
9315,0.3939319756667325
9316,0.9110069301661232
9317,0.6049775938499514
9318,0.0035399080422935324
9319,0.0380820827699818
9320,0.018518869708709345
9321,0.9063890627327197
9322,0.6608305738898862
9323,0.2762111919680362
9324,0.01099640080229169
9325,0.04457776567217972
9326,0.30269609354772253
9327,0.06151317996059203
9328,0.6842645554654828
9329,0.06792707909631725
9330,0.8511267830685135
9331,0.05688286428520125
9332,0.04146524578627136
9333,0.01454244929265453
9334,0.491179228977529
9335,0.02020196304265097
9336,0.1234296194278055
9337,0.6856838194592196
9338,0.09180841789324982
9339,0.364192169113528
9340,0.09928859790458229
9341,0.03394315539819706
9342,0.0632382187732451
9343,0.01684590499507227
9344,0.10759565598967162
9345,0.0017461792027417926
9346,0.04787776256662807
9347,0.05449091522247728
9348,0.02249534238191997
9349,0.11862887756895268
9350,0.05280136125564135
9351,0.011551267737420835
9352,0.05091826329984775
9353,0.04308584464443302
9354,0.028498036164413657
9355,0.39078194186550325
9356,0.10112136998818842
9357,0.033328248778578505
9358,0.20778548778002218
9359,0.9721832612389187
9360,0.06867705039625374
9361,0.0014620674718708523
9362,0.017885595972306715
9363,0.01494739103624739
9364,0.5366078554193652
9365,0.002846393135327087
9366,0.099152089491924
9367,0.9654703445583035
9368,0.13906139850225288
9369,0.058480736238673475
9370,0.9649380755713047
9371,0.5088798233905053
9372,0.01397763607206362
9373,0.003329017079506794
9374,0.04092121200099572
9375,0.2035166369888682
9376,0.8150622858934846
9377,0.06583928954268481
9378,0.9988974919215847
9379,0.15234668540659582
9380,0.0255775878764813
9381,0.9889411545490289
9382,0.06705199977462102
9383,0.9835783485700483
9384,0.4820648164274199
9385,0.9625980245786622
9386,0.003213930862941143
9387,0.4490478906709366
9388,0.4089456281522989
9389,0.643926488741764
9390,0.014526202557065318
9391,0.2025988204183056
9392,0.0498151801227926
9393,0.04397160899458147
9394,0.3640779540239416
9395,0.853667837217972
9396,0.02319828189967667
9397,0.9989344569862973
9398,0.005893534271616717
9399,0.0019484183484781105
9400,0.4656354938228948
9401,0.019083873866872974
9402,0.07072235588773503
9403,0.009705301535098527
9404,0.9837399028689516
9405,0.5441904003441063
9406,0.001473711582607418
9407,0.006130589880870913
9408,0.48006572188898294
9409,0.1747788519850184
9410,0.9346525747172206
9411,0.1516095479362799
9412,0.03517135088601136
9413,0.042218546214373966
9414,0.017414010329923263
9415,0.267085236499974
9416,0.022055752279552875
9417,0.02353646246007853
9418,0.04930582097778121
9419,0.18653362299006404
9420,0.9771789558074554
9421,0.12828143232043843
9422,0.9976958931327538
9423,0.037230584079060575
9424,0.8146100096015826
9425,0.9838628684524574
9426,0.37938858135412135
9427,0.10406810553458636
9428,0.054280038622248415
9429,0.46435139443017937
9430,0.0010456604315822648
9431,0.9296808199602005
9432,0.011024702028954317
9433,0.9651638963307506
9434,0.005404717293609039
9435,0.9989048592539019
9436,0.9821079685028026
9437,0.006815393987634987
9438,0.34596472726294875
9439,0.006762877755605498
9440,0.35564320481013617
9441,0.7397680903122689
9442,0.05008869333863002
9443,0.0713465708996381
9444,0.07528731353097971
9445,0.9345479000619034
9446,0.005207468203267997
9447,0.9904524666734188
9448,0.054068038565678454
9449,0.02150358266108578
9450,0.05179202982354903
9451,0.00878392299721363
9452,0.9878854749764399
9453,0.4066377862535823
9454,0.01647481627159189
9455,0.026607169856170596
9456,0.006544011237024997
9457,0.5346506221367883
9458,0.010067760305823096
9459,0.3228274238151221
9460,0.048902190569421376
9461,0.924620114415153
9462,0.31935022183371814
9463,0.05455671107335016
9464,0.11925200501308669
9465,0.001655263183107893
9466,0.3058587055202883
9467,0.9167449455368013
9468,0.11636404321952469
9469,0.0016751649356423033
9470,0.9687967502521317
9471,0.009883116300251094
9472,0.9699367797840338
9473,0.13163787515343653
9474,0.9510531973587669
9475,0.01748811614652165
9476,0.04920051999640918
9477,0.08140117208463298
9478,0.4160831075825964
9479,0.06503786764818968
9480,0.9042774840510299
9481,0.9678979645018906
9482,0.22366636465454867
9483,0.9400307792750828
9484,0.07598876141594577
9485,0.23571578704265314
9486,0.9525692759602807
9487,0.7247661349470551
9488,0.9814345308317743
9489,0.18775483471480006
9490,0.0068544193807669644
9491,0.01957058871038457
9492,0.9949674998361903
9493,0.12554346985805578
9494,0.0739762912180408
9495,0.0021829413578874153
9496,0.008772326570786781
9497,0.08143502179682424
9498,0.3385273226551691
9499,0.9718789961256933
9500,0.22089664981819934
9501,0.10436575912678324
9502,0.9723313272821205
9503,0.9825763316871585
9504,0.3546590179420237
9505,0.8207645045569855
9506,0.9934392049852822
9507,0.023639399984343234
9508,0.03694608685451995
9509,0.09868609788384924
9510,0.015827272538001258
9511,0.17942974246782015
9512,0.2800203526531279
9513,0.7228908280192418
9514,0.18775847363679576
9515,0.0564141105239541
9516,0.19578195968286405
9517,0.03565805391192765
9518,0.012175417791741153
9519,0.04622472920077473
9520,0.0025998913335843876
9521,0.029502617365492603
9522,0.3346737545906698
9523,0.052946043624246854
9524,0.06073813414688165
9525,0.0031605134032143822
9526,0.544951024629808
9527,0.04738764215675618
9528,0.05099504294573115
9529,0.12121046469200754
9530,0.03900571846835577
9531,0.03189216014175099
9532,0.016127098870855703
9533,0.5016706085796199
9534,0.8044118620010684
9535,0.7942084290149721
9536,0.017045110633648924
9537,0.9951155467692946
9538,0.03404854400824519
9539,0.492841862976298
9540,0.9258795114182262
9541,0.24482494736278135
9542,0.26200053983554333
9543,0.005005394129234239
9544,0.019794097023230837
9545,0.07876518709462506
9546,0.9777595405714425
9547,0.7581173463549046
9548,0.010500144637520246
9549,0.16021681161966592
9550,0.7616350318966353
9551,0.6630912393669358
9552,0.9707903253398595
9553,0.6037627602113435
9554,0.9852446135972115
9555,0.2935042491305995
9556,0.015701790948768928
9557,0.9781211196577394
9558,0.06492692224701996
9559,0.07892033663455672
9560,0.0011209594455737978
9561,0.100955125657247
9562,0.9975594187263296
9563,0.20830000642529442
9564,0.9804495192571032
9565,0.005051921637540933
9566,0.07522780651471404
9567,0.9922072091633599
9568,0.047926116067348645
9569,0.07920357575943826
9570,0.050676180542869265
9571,0.05777247182659203
9572,0.12592044546832085
9573,0.8504815191053847
9574,0.7452035848588533
9575,0.03953569612704327
9576,0.9831854497814533
9577,0.296977135149086
9578,0.006331622895359191
9579,0.007720795818626253
9580,0.921311383673463
9581,0.8889671917140736
9582,0.012542155102376098
9583,0.8172569868603056
9584,0.9161599238862443
9585,0.021871716238578875
9586,0.005718791157256966
9587,0.011891858573654704
9588,0.9124363912602086
9589,0.011190312822513917
9590,0.11197091903398547
9591,0.2640794595993751
9592,0.685114194438235
9593,0.019841671182481643
9594,0.9443673502953286
9595,0.9852430258950124
9596,0.0443713324461811
9597,0.9386317923041666
9598,0.9828568999008837
9599,0.09737245463471406
9600,0.916435877869573
9601,0.5737767330497414
9602,0.01142953738538368
9603,0.07717061257234414
9604,0.13097506477793744
9605,0.12276797231114935
9606,0.0010567435337178355
9607,0.25141707133248814
9608,0.6988622505552381
9609,0.6194060866684957
9610,0.012006356349037411
9611,0.004337311266545004
9612,0.008213829909749457
9613,0.1352622332984654
9614,0.5283346762919875
9615,0.17645622083169876
9616,0.9460332496778365
9617,0.03351990804732589
9618,0.6080356723938666
9619,0.19556442453617537
9620,0.006525515695042829
9621,0.14440747665609377
9622,0.014172230797562529
9623,0.5356850333360884
9624,0.27481072844399085
9625,0.005524764747531021
9626,0.0760170321136161
9627,0.044823475317756344
9628,0.9726712881557251
9629,0.7842887975564717
9630,0.9282379774303422
9631,0.9982190420223871
9632,0.9959322464275037
9633,0.06367160897539297
9634,0.0818815214457864
9635,0.9988448539620851
9636,0.9898146378137825
9637,0.005665862619625203
9638,0.05566910971234162
9639,0.08896411387968317
9640,0.17440546755694086
9641,0.017974197431262422
9642,0.12408308981231712
9643,0.18517777147497047
9644,0.9803303161783892
9645,0.08772385695364777
9646,0.3347639344894169
9647,0.527150411687808
9648,0.0010008890477823872
9649,0.16125454098105368
9650,0.01058177958693897
9651,0.9907981849577473
9652,0.6933947828696635
9653,0.20156977564694936
9654,0.24238425265087607
9655,0.01952429691039168
9656,0.42951692969478855
9657,0.9201269252108597
9658,0.9991334619517027
9659,0.06470672626852568
9660,0.03571912646137515
9661,0.043958409839484604
9662,0.9768949099787391
9663,0.008639908893973052
9664,0.006018751469971641
9665,0.09685965589972478
9666,0.03948547161319415
9667,0.05873690285340183
9668,0.20997705813482861
9669,0.09147137563301866
9670,0.6767689175222026
9671,0.3640908793268363
9672,0.04769525304426089
9673,0.04501707534443886
9674,0.7124077950242284
9675,0.1296124815059901
9676,0.10523230628487283
9677,0.0020900726797811017
9678,0.9762404797112393
9679,0.0330932729964823
9680,0.4313463955725824
9681,0.5380594375809548
9682,0.20543662354273096
9683,0.9516616618203484
9684,0.03918153851558368
9685,0.7719990767877621
9686,0.10476066621263384
9687,0.09646463441345922
9688,0.04012026847509278
9689,0.009593433393874176
9690,0.16289997856218608
9691,0.8939348510832102
9692,0.09323551344303209
9693,0.022633310619223496
9694,0.7350657756565578
9695,0.008980701602840603
9696,0.9610899819946637
9697,0.2490750540668477
9698,0.05620324997505478
9699,0.010274256649861062
9700,0.14726071427333787
9701,0.13404313557826278
9702,0.9953797823335654
9703,0.13622576158870567
9704,0.030801676952751034
9705,0.15764292916775577
9706,0.7679000828273986
9707,0.059718411624815476
9708,0.023999326371359094
9709,0.2062072527025598
9710,0.455805243723948
9711,0.09636225765987727
9712,0.48605277373055705
9713,0.5386319938176457
9714,0.008024946707046444
9715,0.04442821991343406
9716,0.20805559378841987
9717,0.01677599011367175
9718,0.014235854408502169
9719,0.1236899030658649
9720,0.9870553514065318
9721,0.9689535466861923
9722,0.059356876115020156
9723,0.013130121898053146
9724,0.1537050514659657
9725,0.8961950234354719
9726,0.12603329009915024
9727,0.17031294114505433
9728,0.3334203736001518
9729,0.016386796611873308
9730,0.979023852960828
9731,0.021611474147594466
9732,0.0017762206228833842
9733,0.011218632736365126
9734,0.06390042988188295
9735,0.6614837435347075
9736,0.06730858860452728
9737,0.03523493718522178
9738,0.09862653213731222
9739,0.9867737602644521
9740,0.05908394974789372
9741,0.04333391194589908
9742,0.044323477839123854
9743,0.7148291112806168
9744,0.03877774785607193
9745,0.7932589924985364
9746,0.00895960186421175
9747,0.43584339617139706
9748,0.7231897078421397
9749,0.9740069158561182
9750,0.01099405955273456
9751,0.9918656005816189
9752,0.010771143753683482
9753,0.9501232592143016
9754,0.3527797681602041
9755,0.9957300448171723
9756,0.1372085726372436
9757,0.9770790583058034
9758,0.15103323523809897
9759,0.01769916146504708
9760,0.004365121443195921
9761,0.2522656630256888
9762,0.0015445070492492684
9763,0.1321081778795996
9764,0.8742717112184581
9765,0.1391732621223587
9766,0.10247861346798165
9767,0.8883557141997477
9768,0.4515056053868986
9769,0.004585367281371756
9770,0.6010162391554629
9771,0.11466801687259935
9772,0.03487161690350237
9773,0.621541645457031
9774,0.017005708399625133
9775,0.09674325636271543
9776,0.004439162213194763
9777,0.1332127470556048
9778,0.09504589439150357
9779,0.139808753951868
9780,0.993133808373554
9781,0.12484107043490851
9782,0.7572351237941156
9783,0.15196989055965293
9784,0.4107909045504757
9785,0.9669709222966646
9786,0.5175527994559562
9787,0.21846122616848174
9788,0.0025419466342395513
9789,0.21947941381534444
9790,0.2685042638680686
9791,0.04411994584203036
9792,0.12683684247794708
9793,0.11736016252659213
9794,0.7142080468732592
9795,0.06545399013368919
9796,0.05815005368323469
9797,0.8537197993974589
9798,0.489108007196666
9799,0.029705118809941578
9800,0.048858613884842604
9801,0.01625165561649736
9802,0.14346268777303697
9803,0.015772922236873738
9804,0.7945772203383136
9805,0.008772647094618417
9806,0.8537619218266953
9807,0.05460412904729689
9808,0.03139703441694983
9809,0.08349113004682936
9810,0.006957980027700137
9811,0.015004935382588493
9812,0.051064638497410525
9813,0.0025271370453684634
9814,0.10694711832677202
9815,0.2634910099472458
9816,0.20232980238375986
9817,0.05656419462178628
9818,0.48849385475244017
9819,0.9553409351694437
9820,0.07743688463210822
9821,0.09044121527744388
9822,0.007065691769769264
9823,0.9339346879340705
9824,0.3516986668030657
9825,0.9811660203715448
9826,0.007388340875341899
9827,0.9958055777468294
9828,0.5026015544996179
9829,0.6460068565366536
9830,0.9691357309515212
9831,0.010318921871324735
9832,0.07033450135292268
9833,0.1534405446574725
9834,0.041091554131863224
9835,0.3370004840935797
9836,0.9828451398385344
9837,0.9970163778870367
9838,0.0010607129403474903
9839,0.050021624491728985
9840,0.9974553417387405
9841,0.04593055012150152
9842,0.5796240129241808
9843,0.7619088822771646
9844,0.13102805300278708
9845,0.0036233150071396576
9846,0.7769554954919342
9847,0.4307427421824562
9848,0.028999251326677845
9849,0.005577852019317586
9850,0.21653888683166087
9851,0.061097033006470604
9852,0.10279395072363036
9853,0.015178757542402633
9854,0.1104783392912931
9855,0.2562037662870252
9856,0.05564760753498227
9857,0.958040272846091
9858,0.04434283125444451
9859,0.8756842336306035
9860,0.07389341331946168
9861,0.07196942349041127
9862,0.03308775894953961
9863,0.003920138040517409
9864,0.9240298951461346
9865,0.9972403726933088
9866,0.04127263652535229
9867,0.0019836915269337663
9868,0.4856133976243755
9869,0.09500529831374649
9870,0.8216276402680084
9871,0.9816983004131967
9872,0.10392334186763112
9873,0.03515860697368161
9874,0.8292166127229105
9875,0.14115968867278086
9876,0.0915508213209037
9877,0.11218512834445797
9878,0.040868502296567834
9879,0.8851338086468994
9880,0.008313556391508414
9881,0.9533823305384571
9882,0.9607544963955569
9883,0.03274770047501486
9884,0.02464756670020804
9885,0.040480372555335355
9886,0.1439285526183882
9887,0.018297340846052952
9888,0.9456289493374492
9889,0.9988206728988728
9890,0.29673360394519127
9891,0.019124530430319447
9892,0.06374055652297873
9893,0.2898938061602152
9894,0.07668289486312364
9895,0.09698211216789789
9896,0.7869168519660215
9897,0.15544136526828625
9898,0.038195916170001336
9899,0.15763003171943682
9900,0.1487843102777596
9901,0.04799389444920704
9902,0.05635702416512944
9903,0.11692439896920082
9904,0.7909689717534315
9905,0.0861573911765978
9906,0.12212643209986723
9907,0.41307510920345875
9908,0.0042306844031673166
9909,0.9641416342474076
9910,0.9785889637447128
9911,0.08831022588755015
9912,0.038246382697034585
9913,0.01751083428753846
9914,0.1584996277479135
9915,0.9869539128089043
9916,0.11303384258325287
9917,0.06833866003772515
9918,0.013092540415431625
9919,0.5443584237099314
9920,0.020770954157763883
9921,0.38025689508555843
9922,0.00100896834143156
9923,0.33306760992636025
9924,0.15187478924096776
9925,0.2692817399232985
9926,0.07362350496072047
9927,0.2270128484777665
9928,0.006575414387569862
9929,0.9358372118858024
9930,0.9567444107415685
9931,0.49323399056751605
9932,0.11422720595786173
9933,0.19352242101530467
9934,0.011206110122965495
9935,0.7862213427099533
9936,0.9889916012369793
9937,0.3286892596786614
9938,0.35789048641866034
9939,0.0669033463102602
9940,0.17230583407378672
9941,0.03495435320582684
9942,0.06961494339286091
9943,0.007512872544081238
9944,0.037826727857962185
9945,0.9699778934180112
9946,0.059708007335020054
9947,0.11544556603824428
9948,0.04276934714974295
9949,0.006472823240837459
9950,0.047359248396104024
9951,0.18860260174373397
9952,0.006892982167803374
9953,0.9960616705080726
9954,0.7255296117387985
9955,0.10475751902809745
9956,0.8423445658047747
9957,0.013992717687246858
9958,0.9748142425693795
9959,0.21208454644645283
9960,0.6459403104906509
9961,0.020378504513762243
9962,0.046062612920913126
9963,0.011635325278302319
9964,0.20842537536474223
9965,0.028302793770938462
9966,0.006168042247688935
9967,0.006035972824136339
9968,0.08702983622397431
9969,0.006040355421923695
9970,0.07067659553273253
9971,0.9950329540419567
9972,0.03437996467213648
9973,0.04101574288413842
9974,0.027094793676728873
9975,0.972451067487878
9976,0.4259533083152267
9977,0.14770420820171062
9978,0.0916895424307098
9979,0.002542106917663205
9980,0.08465959914848724
9981,0.09473444325153857
9982,0.007577849879051963
9983,0.1740505204268039
9984,0.02870999966268384
9985,0.0034272138016461606
9986,0.050856851001894
9987,0.1575306683312172
9988,0.0774271624803084
9989,0.03793932535930961
9990,0.1198214981626704
9991,0.945200357973686
9992,0.10101532841478805
9993,0.043512877636894244
9994,0.72326466375324
9995,0.001756934059431479
9996,0.1865966408585307
9997,0.5617183219920561
9998,0.9917861349878893
9999,0.05515595501332429
10000,0.29738452121910197
10001,0.9744510482206472
10002,0.38123616832016904
10003,0.2810181881828809
10004,0.01781454552073055
10005,0.955667814409319
10006,0.9659431740639072
10007,0.02280907844159023
10008,0.9877799378225708
10009,0.9548137178091136
10010,0.11131802302482983
10011,0.030608855555879527
10012,0.9175454875517145
10013,0.02345419411272481
10014,0.2614997832753536
10015,0.11901975959649003
10016,0.047430339642155823
10017,0.008204224306815425
10018,0.0015042474663432154
10019,0.07331705398077577
10020,0.04062989304971576
10021,0.051246409939385146
10022,0.9884421861718519
10023,0.9942345459610872
10024,0.6158360704771398
10025,0.025304549836412126
10026,0.021551954176564286
10027,0.05507516476848857
10028,0.8530610291515108
10029,0.07376847524645659
10030,0.003056015931530887
10031,0.05758242410110661
10032,0.6543491137949898
10033,0.9006665852006405
10034,0.00777932662039369
10035,0.017335842991426622
10036,0.09048096049395836
10037,0.930986812035164
10038,0.007785652943213798
10039,0.3990014963654846
10040,0.1464127813780094
10041,0.00975212135255251
10042,0.9098039044339035
10043,0.025785621200375506
10044,0.2437512281145985
10045,0.012600307876349715
10046,0.008062615043419638
10047,0.863001689898374
10048,0.1675155972982186
10049,0.8232002029153445
10050,0.006969933653811743
10051,0.5786649348527697
10052,0.9871588884937266
10053,0.07465811437943225
10054,0.6704381252806142
10055,0.18666518006017663
10056,0.007693780456054317
10057,0.9708350296796137
10058,0.9655825111479629
10059,0.05906054686295786
10060,0.8104404425605521
10061,0.10149254016177524
10062,0.0026386806356891584
10063,0.06712895266906287
10064,0.9843145469240486
10065,0.130805040381443
10066,0.04548165217308165
10067,0.04380447896158015
10068,0.01618022714238904
10069,0.044849145075693125
10070,0.04756221651392504
10071,0.6351321016041346
10072,0.9707561792178998
10073,0.742144355583232
10074,0.22993431111206208
10075,0.8984367531339751
10076,0.9560253481588538
10077,0.05166024930075453
10078,0.030471637271242653
10079,0.1298623942534413
10080,0.07821191713022142
10081,0.05096343013925867
10082,0.41290386783614585
10083,0.0069598687109443565
10084,0.1459987060981416
10085,0.3182509894932662
10086,0.10062331472510579
10087,0.8051300082502109
10088,0.03142558013885192
10089,0.8398717969081861
10090,0.00198920323859582
10091,0.08995629457908812
10092,0.004460969685560512
10093,0.031628008490074244
10094,0.4518008695395171
10095,0.04633845956574714
10096,0.03432332010068601
10097,0.9800422198887864
10098,0.175964675222423
10099,0.22694903200419822
10100,0.009912334211895838
10101,0.006895055548502743
10102,0.0581967979775845
10103,0.021143769907693646
10104,0.9476449825682622
10105,0.004919348331242771
10106,0.164145344434817
10107,0.0026824443613543566
10108,0.33667367548276167
10109,0.08845413986010685
10110,0.18935691172976019
10111,0.023052674613835273
10112,0.014803017251052696
10113,0.05184860555130649
10114,0.13059691784225508
10115,0.0039283687625015625
10116,0.7194821587013767
10117,0.04850788615139077
10118,0.157594404668388
10119,0.5178363182929648
10120,0.32555599258415524
10121,0.15132786071485696
10122,0.21863812849781253
10123,0.15992339547228276
10124,0.00528585714156445
10125,0.07115223467136939
10126,0.9824619845364482
10127,0.02880184602570406
10128,0.05486359582377726
10129,0.04187133388007611
10130,0.1596952184628531
10131,0.6522078690416503
10132,0.5068809852584263
10133,0.10643597066156855
10134,0.9827916196202419
10135,0.042864129298729424
10136,0.009204661267978692
10137,0.00650881308232006
10138,0.48768325216837805
10139,0.902485760502254
10140,0.2644363439866674
10141,0.18043326770935195
10142,0.016110667119032026
10143,0.07638842061257951
10144,0.003122916255554878
10145,0.01298417163126831
10146,0.08995852002717415
10147,0.38064068382794697
10148,0.6566882128787361
10149,0.7812392598732351
10150,0.10524159948228072
10151,0.03288775067006532
10152,0.009545584824082772
10153,0.9205276722091055
10154,0.05107377071114575
10155,0.022544464827608923
10156,0.5329766123325208
10157,0.23229263471570905
10158,0.5027020751612078
10159,0.1679755625128557
10160,0.9755810739997739
10161,0.016840075161587618
10162,0.9441573404971878
10163,0.9985539273446808
10164,0.005395711259791378
10165,0.01253578227238593
10166,0.002563202386139078
10167,0.5128958664200869
10168,0.31975943647639443
10169,0.9095745824228061
10170,0.005952453681532219
10171,0.1991563761557225
10172,0.3228470018272854
10173,0.1722638531152966
10174,0.004472838228018237
10175,0.33883417733365134
10176,0.0028008604098465704
10177,0.9985192668759412
10178,0.03384204549927753
10179,0.04896966576411318
10180,0.12843751208419507
10181,0.005861703194198947
10182,0.034563065249688336
10183,0.9645916916879079
10184,0.9987468473841071
10185,0.9401375289534641
10186,0.3327466551835858
10187,0.038592577154298396
10188,0.03454622433600855
10189,0.005975069322609698
10190,0.001562030440583528
10191,0.9817215167057696
10192,0.9621229967043705
10193,0.1949982656848488
10194,0.11589610386021694
10195,0.030024053547805237
10196,0.659385354410293
10197,0.03963803375388044
10198,0.06859829982547135
10199,0.0744096336977617
10200,0.005295962509424529
10201,0.013191982242813592
10202,0.05219513038077527
10203,0.019348906729108887
10204,0.8901609815034816
10205,0.014149346233825138
10206,0.9977144398806925
10207,0.013607094242150515
10208,0.978563299816928
10209,0.8887147256849897
10210,0.9856807974994766
10211,0.5592906238090556
10212,0.9107550722741126
10213,0.3269198804824997
10214,0.15873716652240297
10215,0.025902831864428492
10216,0.41561309438986077
10217,0.8406770969816634
10218,0.009304256361069716
10219,0.059763960935573124
10220,0.13482214853164765
10221,0.004429360756015468
10222,0.003963647027447827
10223,0.9651218956171078
10224,0.8782386877738061
10225,0.07988579062305882
10226,0.03307056938037269
10227,0.9988451547315217
10228,0.010551597144127829
10229,0.5011801752653023
10230,0.9982169413841966
10231,0.014961738679562367
10232,0.2137128608675931
10233,0.22864090815207874
10234,0.08734851275715046
10235,0.02377746068847889
10236,0.02731431312628752
10237,0.4496130130777554
10238,0.058133981856950366
10239,0.9275943308843794
10240,0.07580869004132908
10241,0.017327855926419822
10242,0.09719168908176117
10243,0.0882965523230272
10244,0.00716383958603124
10245,0.9338161187608685
10246,0.03335030557913605
10247,0.46224885930327453
10248,0.592590585227645
10249,0.7676509219654507
10250,0.005738878103764698
10251,0.02048349893557608
10252,0.02042322963657773
10253,0.832481501035161
10254,0.19303217905322148
10255,0.15395324801113364
10256,0.9160200426829376
10257,0.816500197254296
10258,0.009158525176287263
10259,0.03012328749337914
10260,0.9824024546844662
10261,0.008740638248221485
10262,0.0010164827699785212
10263,0.7008700943081031
10264,0.6880196431991292
10265,0.010534495173921347
10266,0.5881919736339802
10267,0.8883744623402471
10268,0.009036098156622827
10269,0.03872653223398089
10270,0.5736664399318415
10271,0.009252161573452431
10272,0.07596165232049766
10273,0.8073309392376057
10274,0.4892937463953499
10275,0.12623403801813812
10276,0.23538131566694778
10277,0.13644984881311234
10278,0.12617381861765423
10279,0.9849795065805811
10280,0.02867355760795251
10281,0.6422745331337946
10282,0.02240810236069761
10283,0.5704499205666224
10284,0.2666709369259998
10285,0.04589873459175073
10286,0.07778875497549269
10287,0.2693544981272708
10288,0.9270288031433269
10289,0.8680335077762361
10290,0.06840372048187748
10291,0.044142613228035275
10292,0.013446088484054333
10293,0.07100414576364437
10294,0.5558384476949367
10295,0.230321023326425
10296,0.9751762759209738
10297,0.16659779666010968
10298,0.051351983566846414
10299,0.14368574594238762
10300,0.9376822861326967
10301,0.00335245928193126
10302,0.7571708363112952
10303,0.09678844480998057
10304,0.15442021931887126
10305,0.01849010936229094
10306,0.883649539797292
10307,0.12034790819019141
10308,0.11735846090899167
10309,0.12942629100043046
10310,0.07232817162129711
10311,0.13769095572125375
10312,0.9657283802353728
10313,0.04137991793146498
10314,0.000736468005801811
10315,0.6378367585953127
10316,0.29392286734917666
10317,0.06079039718493253
10318,0.45251658941504574
10319,0.015345291114486943
10320,0.11187693466529043
10321,0.08610380520498306
10322,0.16619204265430043
10323,0.12316094877707455
10324,0.0017106381365734422
10325,0.27147030701942904
10326,0.4235651726620715
10327,0.011713692465104756
10328,0.8645706466886272
10329,0.14998814027583607
10330,0.021474632633087538
10331,0.057141540168591125
10332,0.05364732339836886
10333,0.498591406168088
10334,0.8936014266897262
10335,0.9341515530629693
10336,0.30476895980964425
10337,0.33410438082106153
10338,0.4793103526658548
10339,0.4716279559324958
10340,0.7275028504875546
10341,0.060873408720657024
10342,0.7320356212336371
10343,0.946757215806214
10344,0.749874432595267
10345,0.013559476036825313
10346,0.9642405292537104
10347,0.9469489067612106
10348,0.0726804543279782
10349,0.8364149994381052
10350,0.1673967887456945
10351,0.9698018821563078
10352,0.02847632214971375
10353,0.9349847139885376
10354,0.5281623477305545
10355,0.16730931041203068
10356,0.11934528888365936
10357,0.07115902479478073
10358,0.9829220828383466
10359,0.014353569924030404
10360,0.9478206322198851
10361,0.9467932001177818
10362,0.006448231219120657
10363,0.015408321608604003
10364,0.26563632385690844
10365,0.011214408324294193
10366,0.05073365411192032
10367,0.016326588782714604
10368,0.9893249501937689
10369,0.030462926638357545
10370,0.002880952754746035
10371,0.34019366234483156
10372,0.030289553283604564
10373,0.4389661234711002
10374,0.970702851497034
10375,0.0014757475175557761
10376,0.023197558887285807
10377,0.15519958971851477
10378,0.6513764543878601
10379,0.02791524437505459
10380,0.0947556980806226
10381,0.027336813070864264
10382,0.9734037608679053
10383,0.9990715647436174
10384,0.03961512628519197
10385,0.048328647919597456
10386,0.06692798920262195
10387,0.004374906887421652
10388,0.05317157266330879
10389,0.03968680405379027
10390,0.3914777480389895
10391,0.008703301808018636
10392,0.15964290037260512
10393,0.01677320979221867
10394,0.7790762455955248
10395,0.13980222154333585
10396,0.4704201981064613
10397,0.13804325100741502
10398,0.9332303803583457
10399,0.12364386997000743
10400,0.6938327048524281
10401,0.3896963411244365
10402,0.5997703207013093
10403,0.05824949557910832
10404,0.014367763001421284
10405,0.6640144837627463
10406,0.5469616735233097
10407,0.00976241635147847
10408,0.9811470727804875
10409,0.0777169409246057
10410,0.3659639774104458
10411,0.06603947947885265
10412,0.12851744413254118
10413,0.032914033145548645
10414,0.9867812305613916
10415,0.13654481017541983
10416,0.54635982854116
10417,0.04169609123422749
10418,0.9863987442346299
10419,0.11421190641630591
10420,0.7896037349586921
10421,0.9317160954027351
10422,0.6173028422537087
10423,0.08156090486018076
10424,0.7806497463372013
10425,0.2223146794672588
10426,0.013219303347727097
10427,0.0465955577133167
10428,0.02444701892725941
10429,0.0430318645005911
10430,0.158519152259694
10431,0.6157800865128727
10432,0.9739080854212604
10433,0.12596551190480515
10434,0.010213960985404384
10435,0.05452713793415396
10436,0.08138779735987862
10437,0.006092001813083391
10438,0.008054874088469397
10439,0.00140317614546908
10440,0.0014549743038388462
10441,0.861776086142147
10442,0.9372740652323802
10443,0.5052123627600941
10444,0.2086919085712112
10445,0.022222223547345748
10446,0.004928079153544407
10447,0.6115544997944088
10448,0.01050432812833015
10449,0.9923408582594776
10450,0.989637673152286
10451,0.21597060272679888
10452,0.9875042463011704
10453,0.7384992710920475
10454,0.30591543200193566
10455,0.016497844549285382
10456,0.010512622915850478
10457,0.00651130238215581
10458,0.9529762640909727
10459,0.062178824501924766
10460,0.030177926534555376
10461,0.3435939113997333
10462,0.21236909986309646
10463,0.05356916709535967
10464,0.962136948972503
10465,0.04181008875391231
10466,0.13891675117495705
10467,0.028203228066332218
10468,0.6234694904734329
10469,0.8202470490939008
10470,0.8415642941300628
10471,0.015813737734715796
10472,0.6853980477704749
10473,0.11446088021981925
10474,0.1935731324189305
10475,0.02992615076313558
10476,0.07855814410125211
10477,0.9947837760463326
10478,0.8645970891331013
10479,0.048583722833528485
10480,0.976965463668714
10481,0.9608077287173135
10482,0.2537448018563952
10483,0.0749144512355814
10484,0.9673687950929746
10485,0.03695605908203844
10486,0.12515909017203283
10487,0.08236673081965169
10488,0.046825932533542745
10489,0.28389098207358227
10490,0.6594317486642561
10491,0.04220845178711171
10492,0.0018966370328568794
10493,0.9929710290922809
10494,0.17009825274951815
10495,0.978307121733938
10496,0.14461230048236426
10497,0.062286459384573355
10498,0.25128691713802037
10499,0.03664766169444394
10500,0.9908338514138048
10501,0.4604302498774513
10502,0.575192580830311
10503,0.9738139508145514
10504,0.1549547736641547
10505,0.030649608794574606
10506,0.33979033717431845
10507,0.12066544385043405
10508,0.0418048521544174
10509,0.060816525110790644
10510,0.8094440584040085
10511,0.23403424900542039
10512,0.03938600440568308
10513,0.08149452733233757
10514,0.7924388148978266
10515,0.007113672460019341
10516,0.7846792739389598
10517,0.0375969864139227
10518,0.2851010347516371
10519,0.8386527779162932
10520,0.9922102613550248
10521,0.27554785793211467
10522,0.008857987321812186
10523,0.021556600629110596
10524,0.9512407056229311
10525,0.5843826365092988
10526,0.3222511275365769
10527,0.4821656088403616
10528,0.8906808549169191
10529,0.9622658321908669
10530,0.0750784897893554
10531,0.04211809048011481
10532,0.047100028693355556
10533,0.08705843241624535
10534,0.0751006042814288
10535,0.2906000811690563
10536,0.9774159819356566
10537,0.07498174687114234
10538,0.022656713515724566
10539,0.07747453615591254
10540,0.7048354365230917
10541,0.9329360492204565
10542,0.1312198549622345
10543,0.9285257032010658
10544,0.7715836327570331
10545,0.9423815823547937
10546,0.9989382567576901
10547,0.7302873892825649
10548,0.022377103405473758
10549,0.977049253737149
10550,0.16851596491609597
10551,0.005993211693373878
10552,0.011876549569903805
10553,0.051436737166394936
10554,0.9016518667976108
10555,0.11460958769049441
10556,0.22956387164875616
10557,0.08068868976880798
10558,0.8768549051408319
10559,0.8865242936217218
10560,0.05758659806051961
10561,0.0017193006857196692
10562,0.1666602616979634
10563,0.9042679098310836
10564,0.6907017243065036
10565,0.006536059477777606
10566,0.44784140605207573
10567,0.024364771763135673
10568,0.06825900645445852
10569,0.14810925880789358
10570,0.3716470101852271
10571,0.08060474270255086
10572,0.1475105130466342
10573,0.3198164686737573
10574,0.9721624175043385
10575,0.004417181370140132
10576,0.007171039739220166
10577,0.9648861895332467
10578,0.8788727420245758
10579,0.07131800599544474
10580,0.0032084017660250624
10581,0.014764550828161908
10582,0.9361844690878544
10583,0.9787023707346384
10584,0.02241484715064356
10585,0.9592618140641561
10586,0.2822649075190378
10587,0.9599465995329058
10588,0.01699430820260116
10589,0.17576926474542642
10590,0.3382241948563773
10591,0.00743198144286648
10592,0.8589955765738481
10593,0.035284767511669764
10594,0.02545250828908203
10595,0.003137310038742474
10596,0.11001468183024878
10597,0.9613348981973554
10598,0.15383175921322537
10599,0.11503960867435825
10600,0.19552213222391587
10601,0.8061501961518475
10602,0.08966942829591135
10603,0.9501379092592265
10604,0.0010047742880667006
10605,0.7344442816523632
10606,0.9919590318529784
10607,0.009786821360539788
10608,0.03740092628977723
10609,0.13356963880581843
10610,0.07303587140356796
10611,0.9556848944841443
10612,0.013405808922001683
10613,0.05984139230908592
10614,0.02470271869138135
10615,0.054887471163828506
10616,0.1453829859442449
10617,0.4816527751340047
10618,0.9297558008038829
10619,0.01058937828400279
10620,0.9428347493134231
10621,0.1761413487817458
10622,0.5391651751852735
10623,0.11798442006423217
10624,0.07895070483216123
10625,0.21030679656155638
10626,0.12102261465930757
10627,0.08281435857328212
10628,0.3822565153463435
10629,0.004937393017303595
10630,0.9834446372711518
10631,0.001424810762477677
10632,0.048997645414916385
10633,0.01903786704973155
10634,0.5419941936772632
10635,0.8997612350534911
10636,0.6081906934144867
10637,0.9984681602625877
10638,0.0936135227024555
10639,0.25437987113110955
10640,0.1689710045236337
10641,0.24836055947262156
10642,0.3566996909497108
10643,0.004247653724631763
10644,0.028985260365961347
10645,0.9982509571811605
10646,0.0048600724251660595
10647,0.0051031953659334125
10648,0.004098686680317301
10649,0.913983191988518
10650,0.2677993369881346
10651,0.13976819353688422
10652,0.9977679860468873
10653,0.27881019220097053
10654,0.8876112389924963
10655,0.18729332242027788
10656,0.9876575555498719
10657,0.20251976176731912
10658,0.3255766414964505
10659,0.019073172355156726
10660,0.0019576568777713178
10661,0.9683885333880106
10662,0.022422486602677722
10663,0.20285658353837052
10664,0.06259453516886339
10665,0.010887212817597249
10666,0.37806141503277607
10667,0.32784229334581666
10668,0.6556327891827736
10669,0.01039299425703174
10670,0.025588359417690238
10671,0.004094003530196727
10672,0.0013159009956067412
10673,0.26285893954760775
10674,0.45334061517357044
10675,0.6587403504966151
10676,0.028071292869602704
10677,0.9846270007003612
10678,0.06536097186601635
10679,0.06067350926236468
10680,0.0038559065982731264
10681,0.49052317652667154
10682,0.03713351145633569
10683,0.49447830292843076
10684,0.024254131809231794
10685,0.9698539144398053
10686,0.9906088622056556
10687,0.0316318979035351
10688,0.0169676868493541
10689,0.8856900267440402
10690,0.005520053239299894
10691,0.39197084713672387
10692,0.9546730008279649
10693,0.8366945067818152
10694,0.01768167998667806
10695,0.5726326918517616
10696,0.05430546508830586
10697,0.01155382023764265
10698,0.8379459181727139
10699,0.999010146206944
10700,0.9111485026849026
10701,0.13879208594111478
10702,0.010058248552709344
10703,0.969184503147074
10704,0.4499150024304223
10705,0.9791406540352208
10706,0.7024872811947575
10707,0.9697587207046939
10708,0.0033794504230784685
10709,0.15285305293227988
10710,0.0036600829712386
10711,0.0016842791830359097
10712,0.12832789753014898
10713,0.14228783099017414
10714,0.00464087622391923
10715,0.289984689884406
10716,0.7807032266437791
10717,0.08798355741418774
10718,0.00156602755599213
10719,0.1315320648590507
10720,0.799703162453599
10721,0.9842773145832351
10722,0.9664427632139715
10723,0.9361746946898979
10724,0.003701182550882649
10725,0.12960599395418526
10726,0.9235018388048823
10727,0.9914019554677637
10728,0.02839427948772344
10729,0.07210809691330113
10730,0.00887673255445766
10731,0.9976537053415923
10732,0.087665490774675
10733,0.06849820562398436
10734,0.2015013231787429
10735,0.9735662645161867
10736,0.009375654964744618
10737,0.3883392688924168
10738,0.0032507851895065276
10739,0.8682163269303339
10740,0.2523844555466746
10741,0.21105070113206473
10742,0.8331984654543835
10743,0.0057321108425562204
10744,0.818803334556176
10745,0.20295636847661816
10746,0.7586687779057536
10747,0.008431470053323753
10748,0.9812037753483568
10749,0.9980624256612489
10750,0.8100413302847528
10751,0.014285906856284994
10752,0.05023368344226762
10753,0.1639533648240972
10754,0.10896167569093092
10755,0.014350192550498306
10756,0.1426051840621493
10757,0.6945303571185028
10758,0.499323711617831
10759,0.07164321251382187
10760,0.33697630415701685
10761,0.011231262371612845
10762,0.07980734115824811
10763,0.43957360781055277
10764,0.948205850627453
10765,0.9067380558091527
10766,0.07965026759232564
10767,0.07937858228755372
10768,0.005786132572808696
10769,0.1849386885896447
10770,0.9895547149629959
10771,0.058741162402969276
10772,0.027168372048925776
10773,0.0024224903618753017
10774,0.010246196319741519
10775,0.4518003336639058
10776,0.46450032377222233
10777,0.03299716269983662
10778,0.08245118800437788
10779,0.8907896099884254
10780,0.0038376844459376974
10781,0.0707093765675449
10782,0.0026501371782515436
10783,0.826124663632284
10784,0.07411364197458149
10785,0.28110747100383243
10786,0.939082881009692
10787,0.09018563048465182
10788,0.020314490056735794
10789,0.9972821967255451
10790,0.37338136010980616
10791,0.05283311113366387
10792,0.006761977887925904
10793,0.7775281543830034
10794,0.24381016264946406
10795,0.7339705389542927
10796,0.07068401465635397
10797,0.059795797529472276
10798,0.7242760244097383
10799,0.24647789351168678
10800,0.23398972237754934
10801,0.04137692286148531
10802,0.009152672712142904
10803,0.09656399164861235
10804,0.9942488944933702
10805,0.8319173593444525
10806,0.03841259593876728
10807,0.055304037936630406
10808,0.03130080287995148
10809,0.16155701829942623
10810,0.9525919992217258
10811,0.030262856614276776
10812,0.025427605848511267
10813,0.020922456472632234
10814,0.0584223520053035
10815,0.362520328810608
10816,0.08992702802311277
10817,0.9667215598399289
10818,0.05742815347495458
10819,0.06951280407643347
10820,0.004362378290323468
10821,0.06267044047274138
10822,0.041877974906655346
10823,0.04882769989386315
10824,0.00992316071674485
10825,0.057588659688523704
10826,0.07357252655507673
10827,0.001853686256970715
10828,0.49701684988931377
10829,0.07950897474792178
10830,0.04435172108540975
10831,0.5383455250819252
10832,0.32423641606683823
10833,0.032803095821887625
10834,0.09529104830076485
10835,0.3017151508004271
10836,0.01423691223395443
10837,0.528367626921519
10838,0.38835362978108784
10839,0.21150006220380932
10840,0.01435422167519254
10841,0.16263699319410568
10842,0.868236705862805
10843,0.9659825880327708
10844,0.36261756250762356
10845,0.04839012145665649
10846,0.11170756962609509
10847,0.02995817932763643
10848,0.2851549409658373
10849,0.07052363590514663
10850,0.14758775107031585
10851,0.25386976924052895
10852,0.9172576155816433
10853,0.04615391402185957
10854,0.0007369826502853982
10855,0.014685143200357223
10856,0.15174330669298788
10857,0.039687561518823265
10858,0.24613077988150975
10859,0.9668842827973902
10860,0.2957430105887024
10861,0.07814807000519569
10862,0.08390030796905261
10863,0.09234392575221122
10864,0.9133253874370411
10865,0.21636724201748284
10866,0.08261601533900544
10867,0.0726264479205754
10868,0.023552057478327493
10869,0.9760611233134342
10870,0.2772395518908399
10871,0.01716878175666318
10872,0.05057936400566318
10873,0.06025348760674331
10874,0.9810433174797787
10875,0.1992601954800517
10876,0.07395479140457949
10877,0.04302590654312358
10878,0.0033238209588643745
10879,0.9253583090824206
10880,0.035820710167058616
10881,0.9513699698838279
10882,0.8617827339111384
10883,0.7676618895841235
10884,0.9761928204802975
10885,0.006367559800835999
10886,0.7503597436241
10887,0.04150167641943045
10888,0.9670881100785952
10889,0.10457896780694498
10890,0.9290921302093097
10891,0.011456859276618459
10892,0.003186359339538978
10893,0.973818411167764
10894,0.9841406623225848
10895,0.9635784924157754
10896,0.14817893867559565
10897,0.0230946918136492
10898,0.014024037637014151
10899,0.006255284652028945
10900,0.0214148280175305
10901,0.43591287950913654
10902,0.03893039015838934
10903,0.14999332661908596
10904,0.013666064459998371
10905,0.5837323927830861
10906,0.14693904634567445
10907,0.07837745095488857
10908,0.6755221551629599
10909,0.00813697837958645
10910,0.9504640344665556
10911,0.9829789898498801
10912,0.009116867513083231
10913,0.8988066176747473
10914,0.9988002358200255
10915,0.8827223120462927
10916,0.9921986630686929
10917,0.18294329828275382
10918,0.45877480269639676
10919,0.1295683861635417
10920,0.9830366913296071
10921,0.9910135072625046
10922,0.9121499001332686
10923,0.8415971403840774
10924,0.5366121632060669
10925,0.17176371109955327
10926,0.5699200150012813
10927,0.026886342824780612
10928,0.4761295777681136
10929,0.9854191874524045
10930,0.4942725407550859
10931,0.10066084216038597
10932,0.013407865257242827
10933,0.14837094431643463
10934,0.19645509410969306
10935,0.949117806796131
10936,0.3284042004530808
10937,0.1473503154445611
10938,0.9648214733509247
10939,0.2535040745572141
10940,0.9108066778847969
10941,0.9946925051613001
10942,0.6196541606855143
10943,0.016699924881189144
10944,0.017430428142699614
10945,0.24707700821300319
10946,0.013574171721844129
10947,0.03863027043991581
10948,0.0031125538381508826
10949,0.01843069033092703
10950,0.008876706289229493
10951,0.9204334316931385
10952,0.04284057626594869
10953,0.029886848956750662
10954,0.06634119599518203
10955,0.21696369526440187
10956,0.6586863982297427
10957,0.0023655975728038695
10958,0.035476678480052905
10959,0.0027710436744641173
10960,0.9620269965754323
10961,0.45706491913695274
10962,0.7189606104500839
10963,0.28997710596725634
10964,0.0015350676294162535
10965,0.6084063270424774
10966,0.9356241977512664
10967,0.9314411930161776
10968,0.17294349171066983
10969,0.1630931408565605
10970,0.03718290688272613
10971,0.1271045132774455
10972,0.4441130797336517
10973,0.6354346383192176
10974,0.29144494354507294
10975,0.5737970670499702
10976,0.1498523666116031
10977,0.9644292542265341
10978,0.16949296455867188
10979,0.004413389109631387
10980,0.9380169864079768
10981,0.4182436768661499
10982,0.9907635114621494
10983,0.06459260217737094
10984,0.03354133660990239
10985,0.9435951431836515
10986,0.05073971032658007
10987,0.020623749931975553
10988,0.10449078325606313
10989,0.051213149720202855
10990,0.05371558109797129
10991,0.05653474318307424
10992,0.01627452215303556
10993,0.05546690559680378
10994,0.002707777569864378
10995,0.21590682330964603
10996,0.38393118553499583
10997,0.04236171428753815
10998,0.036072338095086226
10999,0.06360249197567457
11000,0.03022083617123163
11001,0.010835556122534132
11002,0.4372399429455603
11003,0.3920636953929834
11004,0.9829801196058375
11005,0.003852870484111604
11006,0.003920171735760956
11007,0.1456229696021718
11008,0.15376094354875366
11009,0.023385432656005803
11010,0.06080445551930813
11011,0.003449941121104442
11012,0.14388887075751153
11013,0.5029272681060615
11014,0.047491367004314826
11015,0.0785393088830094
11016,0.009357033461105101
11017,0.9458574152697418
11018,0.00669640692790995
11019,0.1152447196470885
11020,0.9197243170105356
11021,0.020109210541418867
11022,0.19136498472158645
11023,0.0017847177598186066
11024,0.7551004763202215
11025,0.0962935528529843
11026,0.7110982473279637
11027,0.1967775563538254
11028,0.8363315786981814
11029,0.02498838055256299
11030,0.03005420472436346
11031,0.01320468424943821
11032,0.9349982898857722
11033,0.05243041164328135
11034,0.015590957917509538
11035,0.9263240237753969
11036,0.10166443671293644
11037,0.9905891497759375
11038,0.27515949145191565
11039,0.9926643460092555
11040,0.005814777979217714
11041,0.06005655793284403
11042,0.9697592422015333
11043,0.049371180759853917
11044,0.19355684414858665
11045,0.8700813820888987
11046,0.015042770979630714
11047,0.5504261568969926
11048,0.03530267489916759
11049,0.005513061763290856
11050,0.7408979375376653
11051,0.3441635612653317
11052,0.3897633265171872
11053,0.5667056333398611
11054,0.9882661241682623
11055,0.8955228519095938
11056,0.08742419427963717
11057,0.05657286864907204
11058,0.0852506387464786
11059,0.057943089224031054
11060,0.30717324798911433
11061,0.6531421058777146
11062,0.9686090324687884
11063,0.0025210344567092777
11064,0.8943139233293729
11065,0.9714006329321944
11066,0.05526286152815884
11067,0.08234175189593758
11068,0.9511622417556503
11069,0.9384953568713349
11070,0.06344717974032688
11071,0.020776028787307763
11072,0.9459547877137132
11073,0.049770690630231255
11074,0.9977371208124738
11075,0.042875227775513426
11076,0.10318764777613405
11077,0.037155341741966524
11078,0.6247924497863885
11079,0.020930483089644927
11080,0.0016169749966058234
11081,0.02169190336032582
11082,0.9136026666137592
11083,0.1035522439682372
11084,0.012422306576002629
11085,0.0903095986245845
11086,0.2642316367074677
11087,0.003373912032359034
11088,0.004592333968652184
11089,0.9875447755204587
11090,0.9816250321381887
11091,0.010465176044597006
11092,0.9531549969885343
11093,0.7224731784742832
11094,0.0999635221967508
11095,0.9556258064075966
11096,0.5272553745884961
11097,0.057084167047129764
11098,0.10800164575022947
11099,0.9412156742846699
11100,0.10686130191431666
11101,0.2332476927943382
11102,0.02978046254530894
11103,0.954007333259725
11104,0.08052442561890581
11105,0.10910125289051846
11106,0.9711105687920075
11107,0.9836316859226866
11108,0.2828105977471221
11109,0.9722154293874882
11110,0.07426343534259176
11111,0.961348765179435
11112,0.048999240145077665
11113,0.002284736828408582
11114,0.08420995684464579
11115,0.2497034759054919
11116,0.23528791686541783
11117,0.9683138208442204
11118,0.10039593387175165
11119,0.9671242253669731
11120,0.006203685386581646
11121,0.05680492698040423
11122,0.008046173573804638
11123,0.9986407579211578
11124,0.8072256450884656
11125,0.9827862683471896
11126,0.06763846343161503
11127,0.08890829455914283
11128,0.9716620415335416
11129,0.01973341637462452
11130,0.07610547923673415
11131,0.9545930943271478
11132,0.0804945011372075
11133,0.5049598204307729
11134,0.0647177397873363
11135,0.9847368519485741
11136,0.18306801507424983
11137,0.012770453750918759
11138,0.9445742465128735
11139,0.029376974222138526
11140,0.9569688905009187
11141,0.02559739364906759
11142,0.13845284520495307
11143,0.945648298153902
11144,0.015067444308495567
11145,0.17471669742799625
11146,0.9708074004374639
11147,0.01013311433358592
11148,0.9823787862785401
11149,0.07833202417140729
11150,0.848731090539094
11151,0.12330573015223191
11152,0.01586134400280867
11153,0.8587057041329528
11154,0.032198774322521044
11155,0.29650092478895856
11156,0.03599434627910666
11157,0.3912292095483248
11158,0.985409842632008
11159,0.013134743299286591
11160,0.9395320922432591
11161,0.9759203676213138
11162,0.2862346625343038
11163,0.840657692017047
11164,0.02551472359468673
11165,0.23615911855145
11166,0.1303938128517696
11167,0.043401173947482725
11168,0.9832767040937226
11169,0.3947530119014851
11170,0.022581425378448237
11171,0.8851128707016532
11172,0.05048210882884518
11173,0.00425344710038607
11174,0.06962858804532075
11175,0.2577285050376088
11176,0.03123668394925345
11177,0.9613076500669929
11178,0.004814064114242236
11179,0.011404958152412983
11180,0.84292367221428
11181,0.1869395342759835
11182,0.9889408181813538
11183,0.5575896461189684
11184,0.0014343766955156392
11185,0.9055673967676281
11186,0.055912046752999794
11187,0.9909049359806797
11188,0.11942548101194073
11189,0.213227075729193
11190,0.0678485354854934
11191,0.9972759179054288
11192,0.22421897502726496
11193,0.0492986422812697
11194,0.0758731377598914
11195,0.1715378958415006
11196,0.008162910846556466
11197,0.04309592651153107
11198,0.7444236623414838
11199,0.8996785309173875
11200,0.30485984729590193
11201,0.006247254323699773
11202,0.0010698811160990982
11203,0.11117225531543802
11204,0.003790172135561649
11205,0.03321266192856703
11206,0.009103718600458997
11207,0.17553943426201987
11208,0.017059397600401094
11209,0.9651655104515083
11210,0.05064818051285321
11211,0.07590671007944073
11212,0.06262668866445824
11213,0.006216436936089612
11214,0.7193734507947616
11215,0.06969815034192374
11216,0.12446723234416535
11217,0.26326168384037824
11218,0.132774659931597
11219,0.9962837001034813
11220,0.0918746667316847
11221,0.26954570431757324
11222,0.1730960761816643
11223,0.001375595347958081
11224,0.047392153430191576
11225,0.9963222311894665
11226,0.011695308928982908
11227,0.1341530968981125
11228,0.41792471717000873
11229,0.11108780439578454
11230,0.002027550019915765
11231,0.9890249969833803
