index,target
0,0.01710280778967991
1,0.8756840375478187
2,0.03328680317247931
3,0.034495185235245876
4,0.993752969764784
5,0.003962143540974062
6,0.9503309185637274
7,0.14821784864131968
8,0.023401001508497846
9,0.9335625313107456
10,0.00652046083210279
11,0.002244162049556588
12,0.07330453573495871
13,0.5421158843794225
14,0.47761452355530193
15,0.31036910876514145
16,0.16565732873336275
17,0.8739345046511734
18,0.794750594113278
19,0.9627118472902806
20,0.11597110608749986
21,0.7548628594062353
22,0.9735970066727722
23,0.13192770292460423
24,0.96771070157277
25,0.06691637302842106
26,0.027041308155749063
27,0.012066956327492901
28,0.010155174720676105
29,0.0014181965597056501
30,0.026908590133449328
31,0.004018342563646641
32,0.0049433830920383994
33,0.5352036882662317
34,0.1172477347210203
35,0.18265422579618062
36,0.8572818239820194
37,0.006019543888209055
38,0.04663588209411272
39,0.16794963153786543
40,0.09274260486702288
41,0.9435191031406427
42,0.003624704733032608
43,0.3520605938679397
44,0.8144697080047376
45,0.012891218977552403
46,0.8241729177049184
47,0.10482784667990183
48,0.46683965865746885
49,0.07755250668763874
50,0.10552926379214847
51,0.0039789251801521834
52,0.33835707979988267
53,0.011580828143294024
54,0.11358101694649242
55,0.018340802418968793
56,0.03166411862297598
57,0.9533952637977104
58,0.02265567134944592
59,0.792286344950627
60,0.18038377851127352
61,0.019442141917947894
62,0.8494510201706391
63,0.5832842441817498
64,0.24781566959889184
65,0.004738848888728559
66,0.059315290137928536
67,0.9619001824855393
68,0.9868567725753816
69,0.33191769247108066
70,0.06549968571101622
71,0.45188583730952514
72,0.062001364693063006
73,0.08909202413875937
74,0.11178261002676865
75,0.011367502774438938
76,0.0013705008419633877
77,0.0056978331631093925
78,0.02130814578927994
79,0.7328981814440721
80,0.22883106575254686
81,0.23858024469747505
82,0.15070973507018465
83,0.1463727132953453
84,0.17807602695348412
85,0.506616511755744
86,0.5704391671732774
87,0.015492890786309745
88,0.10892435832015343
89,0.0018408348422203284
90,0.781938315414751
91,0.03180976525401006
92,0.05274042612729157
93,0.10667759136942087
94,0.09176997743573406
95,0.779389154651753
96,0.4549843187511114
97,0.0791273855340377
98,0.9796596928562278
99,0.35295406687117703
100,0.010481961391013348
101,0.09707807170564903
102,0.05666942347987303
103,0.13093966801179874
104,0.40980990180673305
105,0.0681108127262068
106,0.9206426916456221
107,0.7355891516304276
108,0.3151303927348251
109,0.12691385333072636
110,0.9195970041000923
111,0.02436196097093861
112,0.1284324490859765
113,0.015533502328498311
114,0.011160912533771944
115,0.22963224539077493
116,0.964038838106883
117,0.2382509669359662
118,0.35294422414880844
119,0.9936765615271764
120,0.9434569779892901
121,0.001281470947986492
122,0.41957086310316183
123,0.09943853639325925
124,0.2692593410542673
125,0.07557996901337133
126,0.03391998627294324
127,0.1570074813951417
128,0.09394817557026666
129,0.0664213069652662
130,0.007577229284799542
131,0.027794386793707826
132,0.9877100233579357
133,0.05893698452995106
134,0.9818183207623431
135,0.9196378632552193
136,0.9865260531487671
137,0.9399238590845002
138,0.7182889527020344
139,0.09853700227828645
140,0.01883548577328624
141,0.46821493856197227
142,0.014118597494769096
143,0.07064672504193312
144,0.0024210201946786546
145,0.9829745019546627
146,0.7085484366644724
147,0.9466515939663486
148,0.9605680163183998
149,0.05522075972949876
150,0.5969578783043552
151,0.060277999870651605
152,0.08985391017912188
153,0.01326472576282765
154,0.05522042169104743
155,0.01869219466437225
156,0.49993841739691935
157,0.6871252403106213
158,0.04211595329666962
159,0.06821790894334545
160,0.008107644042089118
161,0.5524292866839129
162,0.030132648764019814
163,0.7196478320888872
164,0.04833781166829659
165,0.03488823532771105
166,0.1483463995594531
167,0.008898582583586771
168,0.9811897186910967
169,0.006301359966516821
170,0.012211302143907574
171,0.04127928594520967
172,0.15881798087066074
173,0.9013953758851896
174,0.011434400891051431
175,0.010561418314739142
176,0.9621204281393545
177,0.9750169058454077
178,0.0021571419652453277
179,0.9452625801127686
180,0.09675168346757768
181,0.04455678523122117
182,0.8183809333016914
183,0.17338503425575627
184,0.9473702933026704
185,0.048042208061495645
186,0.720183885586462
187,0.007007088243507994
188,0.18107013881871548
189,0.011325825033295826
190,0.008164516911476427
191,0.9002663423772328
192,0.07044524394414067
193,0.06364640920446424
194,0.1555871401693416
195,0.9845219544194153
196,0.04218928252049066
197,0.9861696605238586
198,0.13564193602838004
199,0.2758656517973511
200,0.1982433323779643
201,0.02118371286853092
202,0.9575889129827748
203,0.005849609626396853
204,0.032866314581346305
205,0.01290093782598449
206,0.12128987340691409
207,0.8719405534253468
208,0.05383590132536704
209,0.9982812651693709
210,0.12437136672243229
211,0.0024995036369490206
212,0.5457283921875034
213,0.008556974231539475
214,0.01707053479367602
215,0.15016690869735289
216,0.040213169978475766
217,0.4728140517612219
218,0.9627645045099229
219,0.5588857992151057
220,0.1346053147787476
221,0.03680078079991356
222,0.0323189475308259
223,0.02430495385873805
224,0.3640560470200167
225,0.986523289765682
226,0.8835248740443951
227,0.06712864890404736
228,0.8828842340586803
229,0.0027450443017724103
230,0.045405572917884045
231,0.9899985422720761
232,0.2714753128025919
233,0.024304012428335995
234,0.22541271277698618
235,0.05478328773815801
236,0.2826819551414039
237,0.6499032489574111
238,0.07516583109065166
239,0.9850355477382621
240,0.057867887117790034
241,0.007455294496492411
242,0.23104392993254785
243,0.2564758131668504
244,0.8882845447700006
245,0.17874080176858584
246,0.14038151212528757
247,0.004524867897143936
248,0.7568017872122224
249,0.9980851668688973
250,0.12287998387996905
251,0.038789095816809616
252,0.04608660476688051
253,0.13107259894092632
254,0.09673268448541045
255,0.17357210734007922
256,0.37497823064960245
257,0.8499288045426787
258,0.006957443101886789
259,0.04210968728567205
260,0.16585052591610372
261,0.07596582158557362
262,0.996755483570843
263,0.9380295193624041
264,0.008211936739656613
265,0.1565412862913542
266,0.7739095824057739
267,0.13951750773551602
268,0.003663149442793526
269,0.001897345605825229
270,0.3650331296213773
271,0.3900355634215911
272,0.06239408471636908
273,0.018255661086530595
274,0.9985235639043277
275,0.9979829340436313
276,0.10712445968777332
277,0.017884078007518137
278,0.01789104987507264
279,0.05268084028097813
280,0.9351046122873405
281,0.9505915391431234
282,0.9657958451520039
283,0.0076156752058694765
284,0.15048817148584653
285,0.11143093871519376
286,0.015505717534772328
287,0.008944129756008792
288,0.9874667991161987
289,0.3395449635055021
290,0.4832056294920463
291,0.9850714042770332
292,0.8931868111670087
293,0.9886175956263616
294,0.0066714530178143844
295,0.1504653178887702
296,0.12379414304581945
297,0.10541185035168918
298,0.005210278460823409
299,0.9902210827895139
300,0.12122505938970335
301,0.9130294563526848
302,0.8601079136916736
303,0.060925860547200075
304,0.7051337600882952
305,0.8138188983991556
306,0.08886132519236897
307,0.04713545825833616
308,0.4060565786936323
309,0.5087359817410593
310,0.9736692236729583
311,0.04068039547845818
312,0.4513559424942921
313,0.0065077679872406514
314,0.6025580617629396
315,0.03132471674081119
316,0.9723999704310393
317,0.021155622345451687
318,0.0030479499302578663
319,0.7577873534580629
320,0.19927654569468412
321,0.04753398609220044
322,0.0027114471124571834
323,0.03091747341584413
324,0.18617641501806315
325,0.8868427418921645
326,0.06962214062685687
327,0.8963884931865056
328,0.013021811145369065
329,0.009075279004349887
330,0.8141701745822356
331,0.011448840286920234
332,0.23453508268077639
333,0.053293984903177265
334,0.11681018678896045
335,0.2987906870623541
336,0.04887417559454937
337,0.9821320510352629
338,0.008931550599838438
339,0.03983497053325935
340,0.002545981457934005
341,0.983749933804723
342,0.8846342499014721
343,0.1468322142655343
344,0.0770159001425687
345,0.9696798180920141
346,0.4902343763419179
347,0.0830744562818873
348,0.0017206763303169981
349,0.3528723980479692
350,0.997760540759231
351,0.04466442049152781
352,0.039784135170792476
353,0.08687039586276434
354,0.1317177858814015
355,0.12000371075990328
356,0.961137098540508
357,0.02544865501796053
358,0.9654138334093296
359,0.33667643579032935
360,0.10867274897370505
361,0.6063645506240725
362,0.006395883011451825
363,0.056059043109950225
364,0.005406530836569898
365,0.5593596211058744
366,0.01816343495623041
367,0.411704891740277
368,0.41510355108807806
369,0.9691921037813038
370,0.6813776226150493
371,0.8915268546053237
372,0.03921575803457082
373,0.13428527071647084
374,0.03511977888068416
375,0.8478220968539777
376,0.11381840778980776
377,0.026433641057724434
378,0.037432597507343186
379,0.0041713556453122965
380,0.07159128996988935
381,0.1566921954363488
382,0.9844731448575555
383,0.11362634100886562
384,0.12402185563833676
385,0.18233452376148906
386,0.025750573366603566
387,0.6120910584528043
388,0.11020503272936892
389,0.031222785809582446
390,0.7656272516146846
391,0.016732607770494956
392,0.013377304341809311
393,0.764531464645518
394,0.9827948730270654
395,0.7940889670678097
396,0.9681457866706497
397,0.30127430585706727
398,0.14939437270658362
399,0.001656890260179959
400,0.050387951617646407
401,0.004502782808941034
402,0.008146890956717152
403,0.134232880567276
404,0.014752603616752413
405,0.027662567054428554
406,0.9841023843112168
407,0.6029475808319811
408,0.022369264725831024
409,0.19573276047872978
410,0.0978659841629957
411,0.8457644393126361
412,0.16414726460831397
413,0.46266014369134034
414,0.10518482761957608
415,0.03027828070381649
416,0.9587443497471825
417,0.1648894179342144
418,0.10563625966251158
419,0.9876487632071396
420,0.15102928581123254
421,0.002459306261666635
422,0.009306010082614665
423,0.7276220364032895
424,0.943061160889102
425,0.01661736894973983
426,0.06757230490796359
427,0.006000579326122747
428,0.8452938102921083
429,0.9342018970939303
430,0.9959395430738617
431,0.0960713652399246
432,0.3950820359897853
433,0.06109572432899715
434,0.6983370195718557
435,0.025784648713163057
436,0.9598513312909166
437,0.0689935910050997
438,0.04431088603519143
439,0.9840295888294057
440,0.8215053927817084
441,0.07869667556951634
442,0.03067195140204937
443,0.010937014236586735
444,0.17804006666751815
445,0.020061105304115284
446,0.9920062130726521
447,0.20160954034267753
448,0.01938087648024208
449,0.2296766194290667
450,0.10093655652867664
451,0.417748701845208
452,0.9326979051457731
453,0.31632250020042985
454,0.053472271820528355
455,0.9201936175936427
456,0.8601817244447058
457,0.034545727010801386
458,0.2950552240332409
459,0.4891394610009319
460,0.08483815764501491
461,0.4053000716158778
462,0.3300017420990651
463,0.9209142210929635
464,0.07079477950827182
465,0.975300941499925
466,0.9695067396435603
467,0.012909293322766423
468,0.8555824757515949
469,0.9480861654929271
470,0.12062885769292761
471,0.3182957265933459
472,0.9465997322933128
473,0.01681779247870324
474,0.039477219459793544
475,0.007158555137439531
476,0.01960449730307927
477,0.1011654065682288
478,0.12098087522913685
479,0.6463648048974164
480,0.010543209294238284
481,0.9886836287860723
482,0.12151791259589288
483,0.9739346215192467
484,0.9343606311373119
485,0.016032390975996708
486,0.03445410047942345
487,0.09369337110705002
488,0.008855688319682614
489,0.006382854504212761
490,0.06244879653619427
491,0.022042796413573446
492,0.003843938846135619
493,0.04455966890454631
494,0.435535447432444
495,0.1006241316228033
496,0.021300391406408877
497,0.5664262590198016
498,0.20408958132774505
499,0.08205687983392984
500,0.9744105696721124
501,0.08644882300557719
502,0.09629186893289568
503,0.32354642086993335
504,0.7230957894620869
505,0.21115638514045573
506,0.01457637076226827
507,0.986006197919183
508,0.7478500533197555
509,0.04521510692765682
510,0.0795962337423407
511,0.6850887533949641
512,0.023517386238483092
513,0.9806090343970717
514,0.9607113167030583
515,0.9583807422356807
516,0.9881652230540038
517,0.42057061826296904
518,0.13177882955564657
519,0.10539161682416859
520,0.6018409466271806
521,0.10377125419438618
522,0.9164431412477714
523,0.6396245681764868
524,0.15035763196742835
525,0.9468660703003848
526,0.4163442186427582
527,0.008475194256147305
528,0.3733030887623484
529,0.9913402481082719
530,0.007430453302119824
531,0.0017781871542606887
532,0.023789540451561217
533,0.007294059580766532
534,0.009405603315769746
535,0.08670070881533144
536,0.0623105044148068
537,0.8685100801524208
538,0.052559039371621354
539,0.958875652404823
540,0.44339901517625124
541,0.04067518806990289
542,0.001352074602619737
543,0.5275215243898235
544,0.9006393910546082
545,0.010248914079730283
546,0.3693521967835003
547,0.0027476007646351605
548,0.07246837399027112
549,0.03164571330525247
550,0.9742884466033295
551,0.6702125358160208
552,0.2713384382047881
553,0.013074693067136378
554,0.07395585790898263
555,0.331578790994544
556,0.014728803301536392
557,0.10457183170517964
558,0.7018473581569695
559,0.007543088495106705
560,0.04084752047238449
561,0.2929745958941323
562,0.975395626812864
563,0.4642800571718064
564,0.002207355942399105
565,0.8987303389839175
566,0.08506470291484092
567,0.020335195120113468
568,0.5373124453793992
569,0.26693407092591726
570,0.09380694012691282
571,0.16060565584524056
572,0.6607362963622965
573,0.017300379702328034
574,0.4340991138390655
575,0.07292270316993676
576,0.9528358890120552
577,0.0037053431877075832
578,0.05403587306540668
579,0.14098959338758127
580,0.1091398990156654
581,0.16650396698887607
582,0.0015892389542509757
583,0.0059752858472803295
584,0.0015519722131236496
585,0.3178283315135736
586,0.6252913005190932
587,0.6429526346758991
588,0.00775915456084951
589,0.10498828883231753
590,0.08388826259976051
591,0.004386238133670556
592,0.061519867532527035
593,0.03189507457464034
594,0.06070024603156759
595,0.24228942489545935
596,0.049077784129697946
597,0.08645851212774035
598,0.21335746326784122
599,0.957081507018109
600,0.02110677619001603
601,0.016213034621474727
602,0.024979661517639914
603,0.21514351999191722
604,0.9156491654281671
605,0.0393713577004981
606,0.028762238133746468
607,0.003519881411162826
608,0.006887542733696209
609,0.0029612875054033294
610,0.06829827688191835
611,0.10136307760356315
612,0.012678192943212416
613,0.004374439642859478
614,0.11861457863487296
615,0.4274875805109076
616,0.01255401045432964
617,0.034706486894567574
618,0.003899810197288976
619,0.025842208565862557
620,0.010773220777621242
621,0.0033995772126555602
622,0.39050664510186506
623,0.010421346265632868
624,0.17375544806473417
625,0.44335080713868547
626,0.7875038463416889
627,0.9852355627275456
628,0.0046680848761859834
629,0.9343788993638491
630,0.014515581141146294
631,0.09198987898600108
632,0.5604708829659749
633,0.9849605900891643
634,0.02517635733678527
635,0.5386923275550626
636,0.00865365410687271
637,0.004069611402093356
638,0.008057689954177752
639,0.9571472950064689
640,0.0927518768225423
641,0.7517144641177149
642,0.028906062488061844
643,0.03467230663718538
644,0.939427064054112
645,0.013086016893485014
646,0.018796667168944556
647,0.06168577741467238
648,0.1694768742755821
649,0.5263968917130892
650,0.04536986641429436
651,0.9736721552570106
652,0.9709792862845719
653,0.011672833793033369
654,0.04587956141291495
655,0.0019906931698445486
656,0.17213309171121816
657,0.9489762946629128
658,0.6167756865987147
659,0.16671098345958227
660,0.008617972775306876
661,0.4706320110925264
662,0.06454078298696986
663,0.16460894291554323
664,0.434137977241835
665,0.04167783482476255
666,0.033756809680647704
667,0.9720707837728125
668,0.19513668974286275
669,0.6919185072612254
670,0.030875263622159112
671,0.4408330060696825
672,0.056854013702404935
673,0.07977487023826965
674,0.998409651744366
675,0.04713843205771563
676,0.018732626295839463
677,0.5134040132975257
678,0.06552677564094683
679,0.6371151663903649
680,0.18883016577435158
681,0.023678833721238707
682,0.9394816051458483
683,0.1038875537860411
684,0.2583855013137571
685,0.1977705617076651
686,0.06265493002044377
687,0.03796106924749469
688,0.9729014099799751
689,0.08495573710042323
690,0.9620414850384498
691,0.059199781369943326
692,0.0024363268705373956
693,0.8969500655611047
694,0.016972578748258527
695,0.9031448531211483
696,0.01149671861018366
697,0.46007206050665955
698,0.9965864332222536
699,0.013311005357884787
700,0.012112115703975707
701,0.13512790340905717
702,0.004373525677001795
703,0.0016913334432153474
704,0.020576845675136672
705,0.03220095045635507
706,0.047923188293548295
707,0.5245634226381726
708,0.08362165730703558
709,0.022673420147763516
710,0.06815672101150248
711,0.07801778673929263
712,0.9979453821989305
713,0.062083298145497026
714,0.8858336488569507
715,0.08186001456855738
716,0.003386132603485509
717,0.13581300453257877
718,0.1308124727583263
719,0.010354707304770682
720,0.024652008015306138
721,0.2355057723677057
722,0.37866982514242586
723,0.7581983045973968
724,0.8634472946470257
725,0.6824741839541693
726,0.03269459294145294
727,0.9820260735541165
728,0.08432193424275378
729,0.156204070171967
730,0.18715007246700238
731,0.006225730279137688
732,0.9895315940412895
733,0.9430523545799367
734,0.18300280076834852
735,0.042139565562156436
736,0.9588868565718935
737,0.0330414912492047
738,0.19800668474558297
739,0.48066291859076393
740,0.9912478855848221
741,0.6763880909861133
742,0.2657659159114234
743,0.2227461712006597
744,0.08358984433655459
745,0.01638216942789813
746,0.9612089342275237
747,0.8809206608453022
748,0.10842294759152407
749,0.6665136196101367
750,0.03600732756425823
751,0.1114783619749533
752,0.0720152439115711
753,0.20559088488376237
754,0.0293799056744349
755,0.041592229221976224
756,0.3116054413866586
757,0.06994139773396148
758,0.002497083323415706
759,0.017171138741546497
760,0.8705949255029256
761,0.060123102114897874
762,0.798461097798705
763,0.019987847284771335
764,0.0037398514980018943
765,0.9729716724608461
766,0.15662763262953103
767,0.7773843452278122
768,0.2700090858242421
769,0.5312288885038018
770,0.19619822592421535
771,0.02356654712460423
772,0.9795135337523374
773,0.01067635342401471
774,0.2730755714341786
775,0.995270343243036
776,0.3059900012615959
777,0.0066102715378385645
778,0.1917272581685609
779,0.5325633915827551
780,0.005483208078763249
781,0.021436701190074514
782,0.5373675381385531
783,0.03400326760892834
784,0.5211795413629318
785,0.9785056837840009
786,0.8192916991094258
787,0.008753417114698705
788,0.9386501519330313
789,0.04109710571854101
790,0.7722651832153069
791,0.029698718069033875
792,0.06304427702372506
793,0.04899081229545162
794,0.21303661373115315
795,0.11738801960218956
796,0.049032791752639034
797,0.005012311767016094
798,0.7848400646205049
799,0.4562104080798389
800,0.4208971712022749
801,0.7992592061991566
802,0.00610050220592739
803,0.0032073818799075765
804,0.06456045596642926
805,0.0965325755560132
806,0.00992610750983451
807,0.03552025094513084
808,0.06027257178037354
809,0.3091906365876156
810,0.05138071067137961
811,0.05982557708588718
812,0.9754118290331009
813,0.2939442127327919
814,0.956807289618515
815,0.005151774246374887
816,0.31248816252638206
817,0.9373505368624626
818,0.4902489965134376
819,0.025846469103713587
820,0.9891116928502429
821,0.9981000196994261
822,0.13526555403523283
823,0.011116329879051996
824,0.26806507840047755
825,0.0015737310672271252
826,0.22676853488021873
827,0.05707239352465855
828,0.029345769117107543
829,0.9849256272327493
830,0.8158113482981992
831,0.025134668407366265
832,0.9881459630316151
833,0.4222369422791703
834,0.9095247643650048
835,0.0015224277552312096
836,0.26460467188077497
837,0.5105375175126741
838,0.386258002796366
839,0.9960285614720721
840,0.06756601414281899
841,0.027036477944659888
842,0.15297055369469642
843,0.006779551616731048
844,0.8736938152139281
845,0.9973781414358266
846,0.9984403354043703
847,0.01819128925927338
848,0.004564937137060392
849,0.683907302883337
850,0.41561938450852925
851,0.8568802237460329
852,0.16727561070187824
853,0.02431793725888522
854,0.9482595030507145
855,0.010403049116499153
856,0.879045238319605
857,0.9631072272560808
858,0.01945298502303068
859,0.729947479213757
860,0.005430409819693396
861,0.8239175950189817
862,0.34182043212947144
863,0.8922695213986072
864,0.004358279807180917
865,0.45918793383723067
866,0.9124201286459426
867,0.0821275697742439
868,0.15341838550719022
869,0.707553447594093
870,0.021453674728200513
871,0.998207188202982
872,0.02961272556811495
873,0.010614635131053079
874,0.9781063692455173
875,0.7692692692112469
876,0.018398361252938752
877,0.11437227378064921
878,0.07395696685224934
879,0.9353527150811135
880,0.045102647049926926
881,0.060372470757362066
882,0.8578560978894798
883,0.14876582712802205
884,0.032071561271220086
885,0.9769672567405427
886,0.02242587373268539
887,0.9730516019446558
888,0.029698498553045953
889,0.005557551587168182
890,0.20811090091434736
891,0.5521728076735553
892,0.20647102606837733
893,0.06577750720469214
894,0.5666562900066683
895,0.2375136368482919
896,0.9249119805885693
897,0.11474395096945898
898,0.0028461825110780827
899,0.6879857402991749
900,0.13142961695012326
901,0.007098308693558337
902,0.46812563590950057
903,0.870007239457173
904,0.02758247372692051
905,0.9539892115840445
906,0.08639596440746851
907,0.007078988399423777
908,0.993368166553882
909,0.026081723401620894
910,0.03371083599073316
911,0.0892568108954334
912,0.026062215791719884
913,0.0945440262125175
914,0.02321122167759556
915,0.05792961343338687
916,0.2032634986225699
917,0.42775950037451266
918,0.07920963427352631
919,0.4828647619221702
920,0.006153468814536823
921,0.009898191233875205
922,0.03891018345563499
923,0.9980942142737472
924,0.9614830619516522
925,0.8773058393943907
926,0.043198369843613235
927,0.07384496468397607
928,0.021432547881235893
929,0.588238677225564
930,0.3287108841296821
931,0.0425713670960917
932,0.9472581703314567
933,0.012869950735050015
934,0.02851709878199879
935,0.0903220821719403
936,0.9919560269858898
937,0.03682230528392916
938,0.03532972940201046
939,0.5862921217741403
940,0.04800194868668105
941,0.9744577634682431
942,0.9515553119787253
943,0.9964327171158809
944,0.452481579755023
945,0.47893020576703155
946,0.03423850002342724
947,0.7332899827751638
948,0.02959075896557753
949,0.03956982419464637
950,0.9747283457698703
951,0.3151644421688785
952,0.3598715627505279
953,0.1138976613604718
954,0.047098860204423866
955,0.5590723158552644
956,0.989807793417451
957,0.2894688589250739
958,0.024183746790606794
959,0.40968534225682485
960,0.0014598960821820943
961,0.9671323730424011
962,0.030033544869885728
963,0.4814492757317305
964,0.29447731516766495
965,0.05560641728960581
966,0.22467881371210918
967,0.004697926358473535
968,0.006953087856374133
969,0.003776841566698051
970,0.12392338124416953
971,0.13906150573592793
972,0.9980326345298038
973,0.0627080164166907
974,0.48615283954682664
975,0.008166302091121836
976,0.018614452657881295
977,0.8716241838652004
978,0.06028136665721661
979,0.994946958055386
980,0.9400611382284362
981,0.9811518798070769
982,0.3935278918975321
983,0.031115487118763142
984,0.9745966643591393
985,0.05448807942124199
986,0.9228826329323241
987,0.13491197079613923
988,0.2558447837640845
989,0.8373556532282811
990,0.9535632749090693
991,0.0770197503714166
992,0.04296784343504524
993,0.042388392756278995
994,0.010866764940412069
995,0.9972316614723029
996,0.03247998097447556
997,0.0847849440344484
998,0.16149778631412903
999,0.8696648587672154
1000,0.9157903039692523
1001,0.9928197822279418
1002,0.0081913098068505
1003,0.008474753529845759
1004,0.5933969258839278
1005,0.9174470526591985
1006,0.9970983812333578
1007,0.42226890629493863
1008,0.030568937029304015
1009,0.21840456413274761
1010,0.04065940919478368
1011,0.1272972854060604
1012,0.05342426376505728
1013,0.3071167413011288
1014,0.5146116930946629
1015,0.03999165592782164
1016,0.025306756205823427
1017,0.539208348940853
1018,0.8117114725841705
1019,0.0014952792350739039
1020,0.05170223937689612
1021,0.9725335065200147
1022,0.6019242006227065
1023,0.8837822655634064
1024,0.006948702496128693
1025,0.007022701285923056
1026,0.014157636376974963
1027,0.08705306901491369
1028,0.031193799235217236
1029,0.0960415424711996
1030,0.0020925638143538703
1031,0.22917339430393185
1032,0.3784374515163528
1033,0.0054592215520472475
1034,0.6635444355484348
1035,0.02921510978326934
1036,0.18767304224348347
1037,0.974612759185779
1038,0.025385331130149406
1039,0.9463132307524463
1040,0.41685142322951946
1041,0.04170983234215825
1042,0.04037114917758481
1043,0.6326015433752732
1044,0.0011700960030245214
1045,0.0680873782941886
1046,0.0035036484769237807
1047,0.21618006938225132
1048,0.7967220859389398
1049,0.8144339137906196
1050,0.002401615580078442
1051,0.1436890407214126
1052,0.059878425135247465
1053,0.9792182872982325
1054,0.48133815315408035
1055,0.10600069791456167
1056,0.2278186828172793
1057,0.2433606381027318
1058,0.002013311724814253
1059,0.9444780569853943
1060,0.31476321590149936
1061,0.038637433546250224
1062,0.004600553300690693
1063,0.3692765783825915
1064,0.9423231816486635
1065,0.051063441726666714
1066,0.022400578508760042
1067,0.19826463515752824
1068,0.14804198401183455
1069,0.9868957675767167
1070,0.26726206191519464
1071,0.5326794266084276
1072,0.024288952048863374
1073,0.890184062160904
1074,0.0038686419261836536
1075,0.02392878708460748
1076,0.0039004009982948618
1077,0.021879979188914406
1078,0.026394089513411864
1079,0.9668743078814441
1080,0.002115540089993604
1081,0.046099542345106506
1082,0.8415971788414469
1083,0.07140902265737657
1084,0.9090693604702975
1085,0.5872166557065474
1086,0.7530020890048931
1087,0.4155957659884761
1088,0.002216879079628059
1089,0.889816092401984
1090,0.05051230638799275
1091,0.9758297706258865
1092,0.0496820969008624
1093,0.1064963599324737
1094,0.9980193799363125
1095,0.7868934987034519
1096,0.042061374870826174
1097,0.7490254464747277
1098,0.022826527215569277
1099,0.41366537155436905
1100,0.1008198171686469
1101,0.021483133519292
1102,0.10928343000848245
1103,0.17123258436005206
1104,0.04671894554011307
1105,0.13431299213537573
1106,0.22447898161808932
1107,0.07066003202610201
1108,0.04625082399359885
1109,0.34816185503589053
1110,0.8259980617155359
1111,0.006258005190417114
1112,0.0256712619549795
1113,0.5480533986656527
1114,0.4174883453809684
1115,0.18577176075494495
1116,0.11042622944942887
1117,0.6933072204923558
1118,0.15444958281698024
1119,0.013778306327183762
1120,0.02457374137773241
1121,0.05038487624460495
1122,0.041007877016071406
1123,0.4777667409574286
1124,0.04923596349888633
1125,0.16605758692277722
1126,0.9665134982725996
1127,0.3505457549440518
1128,0.015863598087577476
1129,0.05780275948916881
1130,0.010236241230169056
1131,0.02127667538993011
1132,0.008833844210190595
1133,0.0018432862731248912
1134,0.9979763595485929
1135,0.013205830105964543
1136,0.0218186996804457
1137,0.0029954242417945314
1138,0.9182723665345766
1139,0.16522753533722587
1140,0.6305107325285922
1141,0.9822584911009478
1142,0.0039831096238406825
1143,0.1666603111808867
1144,0.9115807264904723
1145,0.9574795772699958
1146,0.9984040856685271
1147,0.07183819470700013
1148,0.002842540772394038
1149,0.29356244201416554
1150,0.9811053305278175
1151,0.0014818852667536262
1152,0.1924878704039379
1153,0.9902464786022428
1154,0.26288942205780863
1155,0.01734633315003506
1156,0.21228050227349135
1157,0.6147380113192235
1158,0.5441656937485744
1159,0.8834341039592093
1160,0.017879542126288825
1161,0.0118114068717118
1162,0.2880493451895216
1163,0.0034524900584033628
1164,0.25327451965238645
1165,0.01951838539297973
1166,0.5021669554802431
1167,0.9382590647891069
1168,0.9750202191002414
1169,0.7947168404820045
1170,0.003818376519870165
1171,0.012511261212917329
1172,0.9447807360062468
1173,0.05745897609060835
1174,0.0377096915661508
1175,0.2636346015540562
1176,0.04772016361164775
1177,0.002204661560751711
1178,0.007470158146559613
1179,0.00955362385310426
1180,0.9650021245445041
1181,0.05886929163065789
1182,0.02492307190008433
1183,0.04035645079263681
1184,0.6850992402970206
1185,0.047495413039286304
1186,0.8507501516913565
1187,0.019236867369797333
1188,0.00384769216665444
1189,0.16910703714324393
1190,0.10669031470470176
1191,0.10255809082316715
1192,0.9692885293138228
1193,0.09403294582532404
1194,0.05433009355508309
1195,0.00799578950179667
1196,0.2698612833852466
1197,0.8475498920577837
1198,0.10389675384516042
1199,0.9756623789834281
1200,0.5374684973707006
1201,0.11013009712796444
1202,0.4473498171515431
1203,0.030744796580160064
1204,0.6076695410665207
1205,0.03778122644694727
1206,0.7167371230414836
1207,0.029182842732567733
1208,0.16255741967372722
1209,0.09587794397478697
1210,0.9205336941724066
1211,0.6317261021302221
1212,0.009449135306258807
1213,0.008231782180450346
1214,0.01896744408824094
1215,0.03420112145225254
1216,0.013358394511115992
1217,0.47982101365144036
1218,0.09740388339851634
1219,0.02348617639386809
1220,0.8623067588011514
1221,0.09955368778069866
1222,0.45044340242604375
1223,0.04544587298603425
1224,0.23391406783938853
1225,0.8230019192727278
1226,0.15007310890709247
1227,0.9870998919019474
1228,0.08403207823251001
1229,0.7918121383574761
1230,0.004070756161873324
1231,0.9538945937568404
1232,0.6973186154725017
1233,0.017413875741133053
1234,0.046414836541637396
1235,0.8506948042619071
1236,0.4549842477912382
1237,0.2770210881007706
1238,0.07560012844659225
1239,0.39631504271927404
1240,0.6445547699060593
1241,0.046263933809441965
1242,0.005110717157807754
1243,0.2351090686851063
1244,0.3127083939042067
1245,0.029508751993564918
1246,0.001982003514386832
1247,0.019049316343639648
1248,0.14689574257984325
1249,0.9907094048756454
1250,0.17529384307734608
1251,0.023797626004087757
1252,0.9075554340549912
1253,0.9738176742623952
1254,0.9976127011920388
1255,0.7471487431442079
1256,0.06542692985045172
1257,0.9657927205410086
1258,0.006166152313574959
1259,0.998150691474224
1260,0.45733636428115554
1261,0.08425003778708764
1262,0.0033346101433829093
1263,0.007350252508288366
1264,0.05942363281545826
1265,0.9893718029512922
1266,0.012171838368308987
1267,0.970575069292982
1268,0.06089860543233258
1269,0.021930835236896516
1270,0.49763812603283936
1271,0.023657691042746926
1272,0.05058306318694952
1273,0.4025836107445397
1274,0.9385715585976708
1275,0.2777609007045387
1276,0.04433292055231626
1277,0.1430450256037536
1278,0.27316121416062067
1279,0.006343249807397634
1280,0.9440564292002077
1281,0.01923078061962417
1282,0.9160890126778337
1283,0.04188149437397636
1284,0.09201754943479468
1285,0.4941178187187518
1286,0.18079294329324513
1287,0.4311387203942521
1288,0.24424230190945287
1289,0.0013628386062867035
1290,0.3585403400645092
1291,0.12901263853193667
1292,0.1498099959991222
1293,0.04755813431022898
1294,0.18719331828453536
1295,0.35991173102346946
1296,0.7100918453221345
1297,0.05474245881988878
1298,0.014698985651976132
1299,0.010841391752409068
1300,0.3120741436760301
1301,0.07985206381060198
1302,0.05943205218500616
1303,0.9712286381292995
1304,0.060317375691656246
1305,0.9960144701391954
1306,0.20417342064034416
1307,0.009409885228495032
1308,0.005143532481078022
1309,0.9852264372137686
1310,0.07732949182086012
1311,0.04066380244608958
1312,0.7163568156185448
1313,0.002524118164577198
1314,0.9304579904613797
1315,0.02395669443815123
1316,0.05640574957957774
1317,0.28967876244200386
1318,0.22172920379077088
1319,0.14206957211660484
1320,0.33706883381871433
1321,0.9613048565118109
1322,0.007886279165405626
1323,0.03776561608776147
1324,0.03752261970828227
1325,0.011861100367476679
1326,0.9681593879056083
1327,0.8551407979253639
1328,0.009259490165824624
1329,0.32174823380076123
1330,0.9632861665687305
1331,0.2489137858212714
1332,0.08389484403599838
1333,0.01372815963388021
1334,0.8207710278901434
1335,0.27462613967159843
1336,0.008055003243133059
1337,0.01060266103419209
1338,0.007239764088797886
1339,0.06481184017982394
1340,0.4683341937623408
1341,0.9115255544248686
1342,0.9436776418918156
1343,0.34986557335499396
1344,0.3285805353773297
1345,0.04848324154254374
1346,0.9981977959617527
1347,0.8255571094476051
1348,0.0625117571922719
1349,0.007558973921845805
1350,0.1772072105936519
1351,0.06668826558008817
1352,0.28749908218241893
1353,0.014838920404398237
1354,0.09007863056460434
1355,0.9815590776925132
1356,0.02002897392176338
1357,0.6387977890529226
1358,0.2416345183873105
1359,0.07098654745474296
1360,0.9643198039545521
1361,0.1318640149678229
1362,0.9078991205546534
1363,0.8853937104187419
1364,0.029331542680562147
1365,0.9654557302343346
1366,0.04817686083552925
1367,0.9101953817003129
1368,0.8221177721796238
1369,0.24786870861565924
1370,0.5146800679912509
1371,0.41677112471975136
1372,0.031090170668070783
1373,0.2441904761091027
1374,0.022955668856619232
1375,0.9332671985631694
1376,0.08037048593006423
1377,0.9985085086536748
1378,0.04951521220736415
1379,0.00805251249861274
1380,0.9006176039427353
1381,0.877868594504804
1382,0.0017162826781472612
1383,0.9865284584779671
1384,0.021985115452354112
1385,0.4976789551972036
1386,0.7646572738344983
1387,0.9669263011176473
1388,0.8791862189408011
1389,0.9980943778174987
1390,0.007006449402660631
1391,0.9860715461851105
1392,0.4058358729902405
1393,0.7651557395538452
1394,0.0029176538108522812
1395,0.6196781159370778
1396,0.053778968735179414
1397,0.04234167081877313
1398,0.021607114486222476
1399,0.993976695326221
1400,0.03804417504757351
1401,0.007288432231498205
1402,0.0051299749816958
1403,0.3714081830924022
1404,0.008989661289079038
1405,0.11419601141468723
1406,0.029125903208070604
1407,0.13939246004274658
1408,0.010988666581372816
1409,0.004414288855381046
1410,0.0074088512780249305
1411,0.05552238307693445
1412,0.7046483226352125
1413,0.8543711882182649
1414,0.00849501088451343
1415,0.19651136429305477
1416,0.9674589839461261
1417,0.04552089163510295
1418,0.20104252438743314
1419,0.5098098470274655
1420,0.32454242040809356
1421,0.9695370152313064
1422,0.028943717608645506
1423,0.003149341681902368
1424,0.005398265784206845
1425,0.019371040600264205
1426,0.022817426718495216
1427,0.005212042243426325
1428,0.03723375675346279
1429,0.0074295904113510875
1430,0.13489917256189554
1431,0.6747519613594928
1432,0.06108769750434027
1433,0.7387479163729245
1434,0.680504921164751
1435,0.006578559566862408
1436,0.00201787460388851
1437,0.965506180628793
1438,0.00970753862365394
1439,0.9641472692287402
1440,0.01574723573939664
1441,0.04612922056564397
1442,0.6337503122990809
1443,0.02070317147985793
1444,0.09524160203338897
1445,0.7737904921183689
1446,0.8800015658132142
1447,0.07562051866779415
1448,0.08964206573479605
1449,0.8308850726805425
1450,0.18994296895987928
1451,0.0014262733986998648
1452,0.26721573785356445
1453,0.9780742118899064
1454,0.9886489604720446
1455,0.0674243059344811
1456,0.05950994567849812
1457,0.0785417911493762
1458,0.967738097765943
1459,0.9623899242413239
1460,0.018579625024574352
1461,0.04573200076087506
1462,0.035901043479421926
1463,0.9294446829659386
1464,0.16324158081220377
1465,0.021765257861846122
1466,0.696749865772563
1467,0.32063676231544586
1468,0.9632756357715182
1469,0.9882573247405959
1470,0.9827041584513312
1471,0.13468518739718732
1472,0.29701564865351293
1473,0.9841191061815803
1474,0.30947837525375765
1475,0.20625410237390562
1476,0.977465621352474
1477,0.6964308892946647
1478,0.2318717319273102
1479,0.04225841287587734
1480,0.30411439117325767
1481,0.008877537577084232
1482,0.9529267835761424
1483,0.050928548045059016
1484,0.06700926524392051
1485,0.026992276460732614
1486,0.09997467516562052
1487,0.2989628832365103
1488,0.1635211352651546
1489,0.05941091050875165
1490,0.8233966097296963
1491,0.0032356292573963276
1492,0.983136268494339
1493,0.9961248496037275
1494,0.9952834965523361
1495,0.09290230165716873
1496,0.5974231466027748
1497,0.029485361500556705
1498,0.7915587670375848
1499,0.7062997298937784
1500,0.05493660633457324
1501,0.06850172641042661
1502,0.09947033517591683
1503,0.06050524632423297
1504,0.03724416347396131
1505,0.23991218170006168
1506,0.11096852087854747
1507,0.8935195936613854
1508,0.032229588017076885
1509,0.007962934955752636
1510,0.15242801849390514
1511,0.5547778097971823
1512,0.034358333394203314
1513,0.44235813277906993
1514,0.8308166511968916
1515,0.020300002179547458
1516,0.08629130388726303
1517,0.0029835238011760544
1518,0.38753667279345305
1519,0.09869439256801338
1520,0.010032273314701738
1521,0.009749731597116063
1522,0.031275096135980035
1523,0.02822842403985694
1524,0.9212045156428776
1525,0.0071329356385984675
1526,0.010660297626033412
1527,0.7158681409709008
1528,0.022527347007782618
1529,0.9485004596967646
1530,0.021788671028220137
1531,0.2912098915628244
1532,0.9377963736030751
1533,0.06906912075297164
1534,0.025558846074921628
1535,0.008662625311892592
1536,0.06445207340556228
1537,0.5591734164160878
1538,0.1127417927241382
1539,0.5561406009452388
1540,0.9460774657791724
1541,0.8249579778380826
1542,0.15391215870999936
1543,0.0022635351361444123
1544,0.05306850801780823
1545,0.08038045136231893
1546,0.7892308217835662
1547,0.6655361741398957
1548,0.03151859771093628
1549,0.8882946836031245
1550,0.6880209982577451
1551,0.12356188771953125
1552,0.0018021538372346953
1553,0.8174118566503373
1554,0.03144148384217953
1555,0.004226827159212078
1556,0.004233299747583483
1557,0.059039547050649635
1558,0.012415957264582025
1559,0.16119526514929727
1560,0.03137999349374597
1561,0.03437482972070248
1562,0.24524587428292993
1563,0.18760542484906306
1564,0.25239556911412026
1565,0.01991744366014479
1566,0.0035886543199778968
1567,0.1381713641624579
1568,0.6545451678635292
1569,0.20340211069065875
1570,0.07057493239000476
1571,0.461487018465988
1572,0.1723803459372493
1573,0.44991172830770615
1574,0.24591848115617662
1575,0.04256533003414962
1576,0.9008326986106501
1577,0.08966980233788913
1578,0.004485982428702767
1579,0.5234100100613683
1580,0.9752455714419404
1581,0.9774002702679616
1582,0.12263421488171655
1583,0.016591363611212863
1584,0.0904002019318224
1585,0.9661601344406956
1586,0.02869469708501802
1587,0.011035934610318904
1588,0.9486756184402005
1589,0.9512258073224972
1590,0.0453212120420447
1591,0.02154143945050017
1592,0.015201445824789057
1593,0.10976930719653921
1594,0.00770915964149256
1595,0.3297168201486256
1596,0.15931195314623495
1597,0.9128480053220939
1598,0.4209894233975564
1599,0.08709464498133779
1600,0.08182118545109542
1601,0.1718451712189799
1602,0.31840505155923515
1603,0.8803692828645625
1604,0.8504871167178201
1605,0.9788028071381936
1606,0.015560870194003979
1607,0.020920424534181494
1608,0.04383159590391512
1609,0.7690056992772645
1610,0.8914921864201318
1611,0.8368868088256498
1612,0.09018140861015031
1613,0.061856536779303105
1614,0.03787070859225042
1615,0.9691693197146346
1616,0.09090391120905726
1617,0.0028801303197882955
1618,0.018853046745343948
1619,0.06186555466826449
1620,0.09061012968610985
1621,0.919284348970224
1622,0.0757639561970661
1623,0.1182552972410877
1624,0.9739349131809714
1625,0.004174617518988184
1626,0.019028462467986486
1627,0.27551432624423483
1628,0.9914309828430912
1629,0.060098416025011224
1630,0.04371580800217933
1631,0.013909220062993102
1632,0.04798279586017833
1633,0.8554919454702754
1634,0.5567778392214802
1635,0.024954225739992723
1636,0.11251486790063549
1637,0.2699675175478644
1638,0.9973339137046586
1639,0.06833363270171941
1640,0.20100929947196977
1641,0.041140973933921965
1642,0.07848682672205767
1643,0.03532293361556036
1644,0.12090257541469128
1645,0.006136242747361223
1646,0.037919808324546465
1647,0.20701023227092244
1648,0.006609389043475739
1649,0.008498310783811261
1650,0.20741214474552916
1651,0.11860165927505184
1652,0.138337630685912
1653,0.01949534141646003
1654,0.06003390573221895
1655,0.1958555585212901
1656,0.5088394836596573
1657,0.21096116914122015
1658,0.1907563055400443
1659,0.16496869174387507
1660,0.00451602241577792
1661,0.5804108012704792
1662,0.1668503430210233
1663,0.1699165557466737
1664,0.002548260788776556
1665,0.6174261731925677
1666,0.31255023620636335
1667,0.9547396605651289
1668,0.03791008667851592
1669,0.023504473790186296
1670,0.009332530441295561
1671,0.13751556341760188
1672,0.12979635347600466
1673,0.005101926213121093
1674,0.9809153091482578
1675,0.0166477729927388
1676,0.003757265541191969
1677,0.5633840412539367
1678,0.11841875271957272
1679,0.046803023065344784
1680,0.16746658911270293
1681,0.12146321723672203
1682,0.0013344524817348444
1683,0.023600065663539418
1684,0.002446655450709028
1685,0.11669484309767318
1686,0.072214266731602
1687,0.12630564512094367
1688,0.07341263295501624
1689,0.9982019119971869
1690,0.2931632631621777
1691,0.9447071616809569
1692,0.9870226004703031
1693,0.9831159733332595
1694,0.6344066737299353
1695,0.8714223290567241
1696,0.9435391532506541
1697,0.04340666261054703
1698,0.28548524714845225
1699,0.6419180446361104
1700,0.2151618154324066
1701,0.010220151158842452
1702,0.03063490871521372
1703,0.9978551463278647
1704,0.006463076862398345
1705,0.4906434311836039
1706,0.05078076739205122
1707,0.2530962229581202
1708,0.011193954731132405
1709,0.9619343532510716
1710,0.0017325064044384718
1711,0.09516210265911085
1712,0.034949480360032745
1713,0.17106871871133983
1714,0.22481396983337795
1715,0.001953490336732661
1716,0.009756476236332426
1717,0.231624797899285
1718,0.06253432800457552
1719,0.16849576675550407
1720,0.0026691959256692553
1721,0.042776530098908486
1722,0.03969425547785355
1723,0.8519344381869894
1724,0.0032441326664202665
1725,0.0812175414552156
1726,0.01843504325240696
1727,0.3748819467990956
1728,0.31829868880043855
1729,0.011946291392732542
1730,0.9864305428795289
1731,0.29343968722423375
1732,0.006186391027482047
1733,0.9859945537594152
1734,0.9841848825879916
1735,0.08772700394222178
1736,0.061921983921568474
1737,0.9981457162760258
1738,0.3393575460443905
1739,0.8229679639804203
1740,0.009662579724373118
1741,0.9675145029424883
1742,0.010819917134221185
1743,0.04446091514013634
1744,0.005940306601540802
1745,0.1297301360243483
1746,0.10218639765140955
1747,0.0038994886726664885
1748,0.023539284553640513
1749,0.982248144651287
1750,0.048679309965154044
1751,0.0013676825157605261
1752,0.8814648222786106
1753,0.1710773790106243
1754,0.42310541077644565
1755,0.9439146875429398
1756,0.7181105951323843
1757,0.014509732129041364
1758,0.09530080220201932
1759,0.010909656504149087
1760,0.6882771666254461
1761,0.010293819751849325
1762,0.8640790624722228
1763,0.27072186638426493
1764,0.06782120973275271
1765,0.11194993814526019
1766,0.022390411852432845
1767,0.8984952013807151
1768,0.98759062478058
1769,0.002333063988968663
1770,0.03926562017237014
1771,0.69309988287196
1772,0.8993116621598223
1773,0.9974693033405014
1774,0.6307913325584911
1775,0.9100489016556665
1776,0.7617397148762612
1777,0.002425786677938678
1778,0.07379955524224134
1779,0.4247617882778274
1780,0.0058325934930058285
1781,0.9820953174762397
1782,0.019896784806203344
1783,0.8412601315504491
1784,0.25030514107906376
1785,0.013651947344820718
1786,0.5251110622541593
1787,0.7638134012404796
1788,0.016197392831333462
1789,0.02509749465040293
1790,0.023396931990548424
1791,0.01313505280515072
1792,0.20027279407333554
1793,0.09428053889905641
1794,0.0034108923165434312
1795,0.043269637009942026
1796,0.14133806236754057
1797,0.30108901869907395
1798,0.04508602662943327
1799,0.01410202490443881
1800,0.045456424835621775
1801,0.022327244263724053
1802,0.18065301321616695
1803,0.48919056972042885
1804,0.0011970845884242969
1805,0.18077987291746173
1806,0.703324438296387
1807,0.012166922907022554
1808,0.062391224918575
1809,0.026444841805157743
1810,0.013749679341244964
1811,0.011541994013059338
1812,0.24476350796627389
1813,0.05702797981072065
1814,0.2263372853152698
1815,0.05766402942520399
1816,0.07256883559629684
1817,0.29881469972470254
1818,0.03113516751664735
1819,0.05172521700121472
1820,0.9681442161939351
1821,0.011896507799923075
1822,0.19871486204524472
1823,0.3372120289794572
1824,0.034025715308827434
1825,0.9832703841122081
1826,0.015543554593777263
1827,0.9842451641442601
1828,0.00779353719388952
1829,0.13923753522247775
1830,0.27946199869402594
1831,0.06732969747986056
1832,0.02498402381826194
1833,0.9865697966892972
1834,0.07069924452626883
1835,0.016566666986873334
1836,0.02007305621166778
1837,0.026974523904383926
1838,0.017229514640930987
1839,0.027033084200340667
1840,0.06062944847370726
1841,0.9711082051895001
1842,0.09955844608361623
1843,0.19241060357348855
1844,0.008450611061388608
1845,0.9729822959871324
1846,0.048442355201617465
1847,0.04195035452449023
1848,0.9078721788518374
1849,0.39304408365989596
1850,0.11425757558528389
1851,0.046119534497636
1852,0.07578833441212679
1853,0.04320968251086327
1854,0.08690161854193608
1855,0.010939348631967515
1856,0.9266103632446492
1857,0.014053686089268587
1858,0.034318664274598565
1859,0.20456872615907953
1860,0.10321231400297115
1861,0.010699465113779338
1862,0.19733914468572167
1863,0.004412347064016324
1864,0.7645410588180425
1865,0.008210937115195868
1866,0.055009685854866326
1867,0.044494186085086755
1868,0.5047836040608105
1869,0.9901075674684859
1870,0.0723898337172045
1871,0.3502802914802373
1872,0.11863644322546574
1873,0.023056227792108315
1874,0.5703302785672124
1875,0.30367710716163193
1876,0.057216820617387414
1877,0.013102731644800468
1878,0.008013261560470403
1879,0.08051908294265636
1880,0.1323426354555282
1881,0.1039535981346093
1882,0.004343722287274685
1883,0.9921170660068791
1884,0.9685022825829566
1885,0.002637485637777397
1886,0.33950562703317366
1887,0.3424541796553018
1888,0.053732067628582826
1889,0.0018634007649430324
1890,0.008203479582383513
1891,0.3469680995607895
1892,0.790679294389959
1893,0.9104488028723154
1894,0.08086244374029818
1895,0.022093525606781128
1896,0.9388007400088932
1897,0.0021485691037953776
1898,0.8826002908198864
1899,0.03212484049241532
1900,0.07815381114314564
1901,0.2106650474668154
1902,0.1055470548079169
1903,0.04348515147206612
1904,0.07765213784932797
1905,0.03642761102067674
1906,0.9985350528343049
1907,0.04926413714395169
1908,0.004200513900038881
1909,0.21630881538145336
1910,0.9796459564281208
1911,0.06489791962869225
1912,0.05139291204230068
1913,0.7302231170011854
1914,0.07585902296468347
1915,0.9739043129609435
1916,0.08400366113686276
1917,0.9878251714555917
1918,0.6238833230804217
1919,0.16671635662451326
1920,0.18667782692574034
1921,0.9624243843774056
1922,0.23453214443717046
1923,0.004300443600424705
1924,0.883775463272455
1925,0.19026957235908012
1926,0.9474069678730461
1927,0.9549812698446527
1928,0.42358539429300834
1929,0.19450514806639319
1930,0.9454869124252091
1931,0.015012438589565748
1932,0.0627785753320477
1933,0.11600996394682793
1934,0.2584297832762902
1935,0.9731845130212875
1936,0.12681107758318716
1937,0.036512973651341
1938,0.053852930002716085
1939,0.0399628278448797
1940,0.46374266072824527
1941,0.008985317900962103
1942,0.8964459274070433
1943,0.41267285019333255
1944,0.008338169930018888
1945,0.0030901577970157716
1946,0.3842101158031898
1947,0.08732004528616187
1948,0.3741895220715373
1949,0.006751021213644784
1950,0.39849393116229204
1951,0.9568230342833058
1952,0.9298186107810453
1953,0.18452253783121103
1954,0.06971864906475067
1955,0.02047650374643593
1956,0.031269833608870534
1957,0.815004892743394
1958,0.22035466506149137
1959,0.06692035964980787
1960,0.04936847230806089
1961,0.203447549353032
1962,0.17552750632872247
1963,0.13079306448888556
1964,0.1477676116809647
1965,0.0812105299020342
1966,0.9763602728227869
1967,0.03168809631851092
1968,0.048497632452561334
1969,0.18499578261077404
1970,0.13361523278882317
1971,0.9784756253544994
1972,0.6704824390228399
1973,0.05114979247295441
1974,0.8892157647559682
1975,0.6040717886288685
1976,0.020430675822431764
1977,0.9831611444866442
1978,0.0345606636132368
1979,0.9977604262683473
1980,0.9592344401279201
1981,0.4701404824940557
1982,0.2547002579314647
1983,0.054739170565479445
1984,0.4122481297640057
1985,0.05292015996404266
1986,0.13616758712444108
1987,0.43809428471683964
1988,0.002430047025704693
1989,0.06661346967473171
1990,0.3407519053712073
1991,0.9707497742348421
1992,0.1041347376558991
1993,0.007031570426872406
1994,0.9427023399192251
1995,0.5252307874746764
1996,0.4541173058571481
1997,0.43883464656335813
1998,0.5426918353657365
1999,0.9311415890111583
2000,0.15183392445866825
2001,0.023713876202314244
2002,0.053470994220783205
2003,0.981304240365873
2004,0.035501091807695895
2005,0.040859642965647494
2006,0.9764223524202329
2007,0.04988959724087226
2008,0.2601959413277325
2009,0.08005320669758652
2010,0.9545248554885362
2011,0.9363499096492287
2012,0.6443058004333827
2013,0.8612205217313816
2014,0.9778787419655631
2015,0.0071210269811011855
2016,0.8894078410592401
2017,0.7833128058355823
2018,0.004436781351401563
2019,0.07749349073454061
2020,0.004480751641431899
2021,0.8946250025467346
2022,0.3544073842767117
2023,0.32851689429202935
2024,0.9847028335242222
2025,0.8503307705190888
2026,0.6679629007446009
2027,0.013735742952141127
2028,0.12183734048805497
2029,0.0018089669427649086
2030,0.9696277526087644
2031,0.2259134518253727
2032,0.9857934931433521
2033,0.5437492223634901
2034,0.9573045569887693
2035,0.9912403993164477
2036,0.09374384515245703
2037,0.008837022238940232
2038,0.03976813764609013
2039,0.9970936763403646
2040,0.004429910126001961
2041,0.6081840673580873
2042,0.22119937414436394
2043,0.9900380212853958
2044,0.7732424431416804
2045,0.0029522011876830082
2046,0.004771154582056451
2047,0.19084597317212787
2048,0.10405119422431203
2049,0.9616525095454244
2050,0.9637200750257962
2051,0.7261998667803065
2052,0.029328290309521596
2053,0.21129178942168325
2054,0.6721170849235403
2055,0.005201439455082792
2056,0.012702673007603422
2057,0.8440473477805079
2058,0.002820471193820318
2059,0.006922874519061302
2060,0.025487229817702836
2061,0.29861824345776267
2062,0.12982363931425628
2063,0.03692698159938709
2064,0.8662033629868707
2065,0.8280370505300518
2066,0.26793724456232393
2067,0.9792998771141804
2068,0.7231487895794297
2069,0.33987818378224866
2070,0.1701810695679109
2071,0.48121233071891334
2072,0.27707345168129743
2073,0.0054117168754547525
2074,0.06839745952863086
2075,0.4745079936580583
2076,0.017261065583174265
2077,0.1544837574219045
2078,0.008966493994101977
2079,0.02129407535098962
2080,0.009794100415318703
2081,0.6077897268033801
2082,0.20960759483648722
2083,0.02359332002893029
2084,0.7526272593778967
2085,0.0894654476051003
2086,0.012214586635188525
2087,0.054275776456835956
2088,0.9778547854585713
2089,0.051737067265083723
2090,0.7395164954312163
2091,0.12390667516272585
2092,0.018795278104380336
2093,0.0210443076871928
2094,0.5008850029582927
2095,0.998079553071342
2096,0.24806823537299263
2097,0.004977039182994622
2098,0.5709874809413013
2099,0.47041165697054627
2100,0.9888807366307292
2101,0.023985892769898542
2102,0.7483944681982309
2103,0.09638142615140435
2104,0.024339986636724736
2105,0.004095532897095642
2106,0.022068320595649137
2107,0.8508594887436589
2108,0.014477539121732932
2109,0.007522770147442171
2110,0.005801084136615904
2111,0.5865050523549892
2112,0.02457867455236694
2113,0.48578504177322857
2114,0.31473067311412495
2115,0.10903512783177102
2116,0.9543638770797571
2117,0.9252998939974109
2118,0.006266120104767403
2119,0.930866618176259
2120,0.17062982447878253
2121,0.033120457744739595
2122,0.1775544166483087
2123,0.9348268030948251
2124,0.015827707797521406
2125,0.8159009793000599
2126,0.062030501581996605
2127,0.06901567011650529
2128,0.05211876603544377
2129,0.134590161998559
2130,0.04606901010682165
2131,0.1145214689831483
2132,0.979359960586045
2133,0.02791762546230308
2134,0.015694577718210798
2135,0.16354613021945139
2136,0.007277654920692098
2137,0.9950826061508211
2138,0.005939098844722655
2139,0.08454290652677018
2140,0.023669014822697204
2141,0.25196945465166853
2142,0.17095138958642447
2143,0.7701724689958922
2144,0.826292854045112
2145,0.9096403051976671
2146,0.30365123761526125
2147,0.9959382742522587
2148,0.013400930797854814
2149,0.9804591932095881
2150,0.42656230093503844
2151,0.9479519345160015
2152,0.6605140002806749
2153,0.21129633844553689
2154,0.045060510366011865
2155,0.1547545853941637
2156,0.9778412229932021
2157,0.007510469163612825
2158,0.6490708831808328
2159,0.8867606389611522
2160,0.8145387324908916
2161,0.006322657163043199
2162,0.13576647152734644
2163,0.013595388496106545
2164,0.07155359122944341
2165,0.24470647540406637
2166,0.23860064386466995
2167,0.357335107218534
2168,0.0806491939185024
2169,0.07466424643161089
2170,0.9150167339999218
2171,0.018745538625012916
2172,0.48568378725975214
2173,0.9716742402728954
2174,0.21815697894230196
2175,0.01373915381908928
2176,0.06782721840435868
2177,0.02362855478233924
2178,0.0408913674273383
2179,0.05478429657121615
2180,0.7562542777277613
2181,0.010752808338289857
2182,0.0057130863623771865
2183,0.32502082773169794
2184,0.06264793205269645
2185,0.07887594386784313
2186,0.35544128618497284
2187,0.03545805377769616
2188,0.055568774681165674
2189,0.5218806197190632
2190,0.0019158962391278723
2191,0.9797270700558323
2192,0.9434070305380967
2193,0.037492778614558214
2194,0.02253982222297835
2195,0.05996082343159988
2196,0.07161140381416417
2197,0.9704091542974214
2198,0.9169669145872348
2199,0.026944067632773943
2200,0.010383427135823678
2201,0.09350683987318664
2202,0.0055668255089906735
2203,0.9488306475029089
2204,0.9360064094266736
2205,0.5260791406492487
2206,0.30795715697433745
2207,0.152567288598631
2208,0.936297624639264
2209,0.3045619949098356
2210,0.1477440691656335
2211,0.033762435986119
2212,0.6489999157327645
2213,0.0055763364540791765
2214,0.008918626171519962
2215,0.009296697896384449
2216,0.4475385635607193
2217,0.1883537050784896
2218,0.03619153434593807
2219,0.0029573873612995546
2220,0.009540377819466168
2221,0.033224227078281
2222,0.0023932674308146332
2223,0.9542215066937206
2224,0.21132576331205766
2225,0.006248035987560579
2226,0.26873987375504654
2227,0.8375689692270272
2228,0.21869656996334086
2229,0.0028589876994043273
2230,0.7769751106985459
2231,0.03529120050984906
2232,0.38853397927918176
2233,0.006123009164666784
2234,0.9597551011776981
2235,0.06269454352888493
2236,0.32984710332081885
2237,0.02008573897731334
2238,0.17930450347193044
2239,0.8070145228883818
2240,0.4028784408679742
2241,0.008135512356126532
2242,0.007549059920938565
2243,0.14214881914661318
2244,0.0020582102206712543
2245,0.007564259355777963
2246,0.07450587793919532
2247,0.037992901509039945
2248,0.05253024320466693
2249,0.5552403205686101
2250,0.030027818811491563
2251,0.39354123634173854
2252,0.5465272968931665
2253,0.9800921558386209
2254,0.010442558419658656
2255,0.04059774263071412
2256,0.2128022017766174
2257,0.00824067662324233
2258,0.012050284088056626
2259,0.02697856651565181
2260,0.396928390441125
2261,0.4680543078052911
2262,0.8815849982633811
2263,0.33203722358638205
2264,0.062062578096841334
2265,0.003783972467918082
2266,0.4409088274470456
2267,0.9529030674759082
2268,0.12599659234572932
2269,0.384278416215262
2270,0.07794152671345454
2271,0.24114031350692383
2272,0.09496008675457987
2273,0.9882006894398715
2274,0.918475759099639
2275,0.0015118765276516497
2276,0.0447215323500235
2277,0.970058383956192
2278,0.6855462698282173
2279,0.023228314933229334
2280,0.03571690178273307
2281,0.35192344881185655
2282,0.06069137198660523
2283,0.12028189082931956
2284,0.6177913062349292
2285,0.051907958431000066
2286,0.982326584020503
2287,0.06825022947610351
2288,0.0077997763623691135
2289,0.008837689407165193
2290,0.008229495463159976
2291,0.9507131797521197
2292,0.14868975325940995
2293,0.023777785304720547
2294,0.047399551847487585
2295,0.9705512933376916
2296,0.8973600051310812
2297,0.217894325957626
2298,0.008723759289333173
2299,0.04497568444579955
2300,0.024839768396134693
2301,0.03385546982338495
2302,0.04156429801708286
2303,0.26097101772781367
2304,0.8639059644375322
2305,0.04531913275255732
2306,0.0996337536735461
2307,0.13010594624775862
2308,0.1740807183468503
2309,0.0018681471246925368
2310,0.009404067582375466
2311,0.004174062046185841
2312,0.005709027130256389
2313,0.008380887575959279
2314,0.9807128957564765
2315,0.07644550264553084
2316,0.0932238370422553
2317,0.8706118127094669
2318,0.15042348697093044
2319,0.002715856229848036
2320,0.08585887440713437
2321,0.9984058411031803
2322,0.4280466014658659
2323,0.16454208570619058
2324,0.9313174331974193
2325,0.1795067155408568
2326,0.5461016266800908
2327,0.005225740146930332
2328,0.9884636822764868
2329,0.19016814483977032
2330,0.03194418297906072
2331,0.0020671260674443677
2332,0.09313977357548414
2333,0.984927302129659
2334,0.0015100145104944875
2335,0.09499294374907918
2336,0.03290606457966147
2337,0.9816607649822487
2338,0.10676111546976606
2339,0.9834177827863265
2340,0.05106126840448153
2341,0.006163995089078204
2342,0.3170323105067412
2343,0.9880014803608919
2344,0.07182499353415464
2345,0.01013907635044681
2346,0.041579475388958786
2347,0.3976194749503551
2348,0.001201580925797698
2349,0.4263565376091953
2350,0.11041811926982281
2351,0.9238540870951968
2352,0.6091093082526413
2353,0.9817547016892493
2354,0.012075247386982704
2355,0.07649190640220546
2356,0.2454894698933
2357,0.955705989006675
2358,0.028205292908867884
2359,0.012442250243865732
2360,0.27120699384679275
2361,0.20782583775149827
2362,0.007445772354897342
2363,0.08409235970346042
2364,0.01709034017683394
2365,0.6971198951954769
2366,0.8130582741969388
2367,0.06612502742052126
2368,0.015109980734866987
2369,0.01009994657318181
2370,0.1198513798044698
2371,0.9917914231658982
2372,0.32849198042256456
2373,0.019397605759807465
2374,0.0024814843224089988
2375,0.9152900653082734
2376,0.02449635141727911
2377,0.38169872990656706
2378,0.954129866121824
2379,0.01002364726434915
2380,0.012267918985328993
2381,0.020697919696657414
2382,0.7414414864345089
2383,0.5020470355980562
2384,0.9227136272235952
2385,0.3151786402613591
2386,0.04090028307807954
2387,0.17334453915926412
2388,0.9894431623423732
2389,0.00713632004466239
2390,0.19244694283169314
2391,0.152414184198098
2392,0.02350659075340786
2393,0.08523795362707322
2394,0.7137190291993298
2395,0.11709213230676031
2396,0.0248459350455809
2397,0.7115685483349915
2398,0.03518886001577848
2399,0.23362476812914357
2400,0.007553739252231238
2401,0.036266975686470464
2402,0.09793554083458564
2403,0.16828036413459008
2404,0.9735268162379388
2405,0.11743864786725308
2406,0.06644754116037901
2407,0.605113158422764
2408,0.35570779657197105
2409,0.0609447688820518
2410,0.044019288308872716
2411,0.031330652210340176
2412,0.003322141369606064
2413,0.9794204911826658
2414,0.005338280283386568
2415,0.9884848372411358
2416,0.5364415232228332
2417,0.8986405603172437
2418,0.013560192788434783
2419,0.03407650896767494
2420,0.9865086241173378
2421,0.14287146109621493
2422,0.002498164909044076
2423,0.0179389978222489
2424,0.02058841037073999
2425,0.6111137145911061
2426,0.8754332378527878
2427,0.998512248568068
2428,0.0034081858158035304
2429,0.9436243074798543
2430,0.5250832824615425
2431,0.5075377305970046
2432,0.953570990918382
2433,0.08154015511478571
2434,0.05467301469744238
2435,0.09950207635834996
2436,0.24752097932746675
2437,0.973665425793646
2438,0.1301997691218253
2439,0.14539720098268621
2440,0.31203772371058924
2441,0.9953519621774373
2442,0.2951765596460841
2443,0.07882112430809204
2444,0.8710859337606097
2445,0.1402441622259435
2446,0.46072105116003503
2447,0.041999379132990615
2448,0.008067027607072147
2449,0.7742434875200037
2450,0.25443007064094464
2451,0.009801569517945244
2452,0.5008293089051838
2453,0.5324484740744784
2454,0.024386921261358177
2455,0.26683986430305706
2456,0.005076643471329667
2457,0.9819810078436397
2458,0.24949400298355573
2459,0.9005652175979634
2460,0.04744299249872937
2461,0.007568996879031189
2462,0.01998046332020008
2463,0.896910571129397
2464,0.004997410743896567
2465,0.013203484695301308
2466,0.037675809152263096
2467,0.03594750527306788
2468,0.9602591024936623
2469,0.5682615018664632
2470,0.9945849801166045
2471,0.007472154476018927
2472,0.06591422879783658
2473,0.013390896860029464
2474,0.002630979898477784
2475,0.0031415429675927292
2476,0.7079456764141885
2477,0.05717461622515167
2478,0.00358793069469391
2479,0.2701696101293394
2480,0.9785882526239937
2481,0.023379419506468012
2482,0.2405408124077147
2483,0.5694445534853998
2484,0.009912939918384153
2485,0.8813266471433187
2486,0.06993626177509889
2487,0.9718687194889999
2488,0.5271607612879505
2489,0.0315803122863688
2490,0.2693639840570422
2491,0.0020343207771249235
2492,0.3925199959004584
2493,0.4282061807710491
2494,0.01081449917562012
2495,0.6416354920391888
2496,0.05015086524153962
2497,0.10259282427216554
2498,0.1387173446903939
2499,0.998172813815601
2500,0.014470853413169229
2501,0.04015326709537695
2502,0.02366453353673323
2503,0.22584317756039302
2504,0.9959953016020799
2505,0.07148397003793217
2506,0.09094330278887905
2507,0.5333208152053931
2508,0.09492395387267072
2509,0.041782048994422595
2510,0.0427804892734674
2511,0.17189724803223294
2512,0.0387816013523404
2513,0.0681010146601585
2514,0.07132528793535492
2515,0.07295625467611896
2516,0.040572728764629966
2517,0.693133861023579
2518,0.17410063308727214
2519,0.24610394541139075
2520,0.0313813912721896
2521,0.21823074432638628
2522,0.2589195646246416
2523,0.07962917758170852
2524,0.016354139562474605
2525,0.049502232134716426
2526,0.042543606774870894
2527,0.3427021403429925
2528,0.20490061863959658
2529,0.08277658608687319
2530,0.7568425808047029
2531,0.013016758747034788
2532,0.9090615383840109
2533,0.1846075571691751
2534,0.042971900991632464
2535,0.9855846637788293
2536,0.15501428299399456
2537,0.02778271692054994
2538,0.015729845592185474
2539,0.6031025639044909
2540,0.025679012073947106
2541,0.1679408607917997
2542,0.12667852967758372
2543,0.1974489903030373
2544,0.9896721751624467
2545,0.0029067847073801405
2546,0.3712066327254545
2547,0.01702023457220234
2548,0.36025132047591113
2549,0.00148002045159994
2550,0.901082331053715
2551,0.39684917939834397
2552,0.03503311461148685
2553,0.018889763516928032
2554,0.0020959646457546733
2555,0.7902075529105859
2556,0.9698143908436999
2557,0.24684884368095045
2558,0.018220134936762788
2559,0.21961660505389274
2560,0.15211838872267094
2561,0.01131623554810134
2562,0.6862422365199171
2563,0.17335545870253638
2564,0.9191595591614615
2565,0.9152132178798988
2566,0.0701780898475467
2567,0.9768853159013664
2568,0.18714844531047278
2569,0.002081950234767958
2570,0.021135038854264085
2571,0.5201588600874407
2572,0.05271836766982768
2573,0.05991887235349291
2574,0.00829113546637901
2575,0.9333786588567533
2576,0.9981564049162351
2577,0.08565600288894307
2578,0.012821286464637484
2579,0.3527357791295799
2580,0.12239121230598526
2581,0.947265782558028
2582,0.0320663339120769
2583,0.11956824730240181
2584,0.20876757699101764
2585,0.08057812833603614
2586,0.01589225782434561
2587,0.10669440677009671
2588,0.9090708725509239
2589,0.008414137842555451
2590,0.003539584503588671
2591,0.056142198270121554
2592,0.13453684619133535
2593,0.13507107065799753
2594,0.15790789432797972
2595,0.04034862521144693
2596,0.04802654434838784
2597,0.970356879373304
2598,0.961922780931368
2599,0.08714046707255613
2600,0.21029913025340516
2601,0.03634907971090792
2602,0.07441519783076893
2603,0.991404027136292
2604,0.9186372675700952
2605,0.07738342223959965
2606,0.1427490593528476
2607,0.2772401649783796
2608,0.9946105113441808
2609,0.04494374405865508
2610,0.9691416561327741
2611,0.9049864891324296
2612,0.0025077242278817007
2613,0.5387595535749676
2614,0.003727381049974063
2615,0.007755364928951128
2616,0.011780316217826957
2617,0.012697408817200667
2618,0.006216081818384163
2619,0.9865676823903591
2620,0.040266685947252676
2621,0.9781979029948897
2622,0.1985765822889316
2623,0.03072974583582397
2624,0.087991067280346
2625,0.017806363555815698
2626,0.8241398950339497
2627,0.004027260149739715
2628,0.18550165314383504
2629,0.9666607055321791
2630,0.28917394480599
2631,0.7913727628283891
2632,0.972525954407623
2633,0.31197375077864953
2634,0.9747978097483296
2635,0.6622041013495541
2636,0.9983797254875884
2637,0.183285869809729
2638,0.009358213665124899
2639,0.06095495188720973
2640,0.005245310352468677
2641,0.015639904982841506
2642,0.4168929032927756
2643,0.9970636544299556
2644,0.9489792163081721
2645,0.0019875238847079624
2646,0.0014506776155693746
2647,0.3879533297509833
2648,0.0053473614543902495
2649,0.9282598481814568
2650,0.12196724624534908
2651,0.021825597642489536
2652,0.7408805355678075
2653,0.6804528403617701
2654,0.01832915106237882
2655,0.041110468117237245
2656,0.11414682737537903
2657,0.8131463988390557
2658,0.7001309642946516
2659,0.23046013384453182
2660,0.9771912998759847
2661,0.005033391304779556
2662,0.003191549094720641
2663,0.005492134437957652
2664,0.010657604847143221
2665,0.9838592084964417
2666,0.9725839342822086
2667,0.13177594999162767
2668,0.44525561805730596
2669,0.36265877004443514
2670,0.6626359533851222
2671,0.22754000895590398
2672,0.0919892291600465
2673,0.019241908830598425
2674,0.06266106775545456
2675,0.04418184450649005
2676,0.9746112417297315
2677,0.9972670017729026
2678,0.10387464719399894
2679,0.042471677826148774
2680,0.9772691326793349
2681,0.007565648215597317
2682,0.0031897559182172152
2683,0.5544315277628092
2684,0.00212671398890343
2685,0.3053985110008366
2686,0.9299972431307214
2687,0.016092874285089355
2688,0.8346536981513946
2689,0.10073458243065
2690,0.015149975027489809
2691,0.043787378475023744
2692,0.007771676014534182
2693,0.17972115764506502
2694,0.1012694526567432
2695,0.08042224620073768
2696,0.05320231275109019
2697,0.9925733977971373
2698,0.3908658929949282
2699,0.06254775483716049
2700,0.22609992103072551
2701,0.9366345436875965
2702,0.9404779389824078
2703,0.9732866365066847
2704,0.9200831416952144
2705,0.23386370828101677
2706,0.03386882478590825
2707,0.9984814375206077
2708,0.002473678679221043
2709,0.9216528195189857
2710,0.32673375034671087
2711,0.008733050179311707
2712,0.04814477724784019
2713,0.0266776932165548
2714,0.9276953911584604
2715,0.08173091612230261
2716,0.0015465801634514497
2717,0.9518074181868164
2718,0.1673211945924286
2719,0.10448217310401385
2720,0.3837448834199928
2721,0.04617607925834549
2722,0.9779234855297543
2723,0.022121540967805935
2724,0.16807568976627868
2725,0.0025881518941456875
2726,0.86794755483591
2727,0.9255716037120898
2728,0.00725363985573794
2729,0.5384930374444696
2730,0.394221455169851
2731,0.013736991409665786
2732,0.3495365527315586
2733,0.006475660681041693
2734,0.011119577467765387
2735,0.014146646748717791
2736,0.29209897284300956
2737,0.014075665962861743
2738,0.6120207920581933
2739,0.18679388554654403
2740,0.8472510126950564
2741,0.9980368926436802
2742,0.9969036225978132
2743,0.10329871183831367
2744,0.2811739616976951
2745,0.9600558521040787
2746,0.9482467491962844
2747,0.6643425191676054
2748,0.05947213058695418
2749,0.07117311434910403
2750,0.011801834581698098
2751,0.059242828034911384
2752,0.1594571017888911
2753,0.06607919259201028
2754,0.05698727743731939
2755,0.7294906656761462
2756,0.28552879896038763
2757,0.08403899183913982
2758,0.09880322789770386
2759,0.10695097276291049
2760,0.2633038212841568
2761,0.8237451048838943
2762,0.9665518941077191
2763,0.44370191906996104
2764,0.023682128814235565
2765,0.11374830311465203
2766,0.09126553081509066
2767,0.7085361724852375
2768,0.008268636084054416
2769,0.981186736975503
2770,0.03131142957585245
2771,0.04483549613542493
2772,0.09917574933283996
2773,0.8917213289729049
2774,0.12469727380706963
2775,0.20238116760743363
2776,0.5127770054748213
2777,0.04380278696637008
2778,0.107413452111601
2779,0.03846439296365796
2780,0.490492427412258
2781,0.5897213167848787
2782,0.004269160195126983
2783,0.002672746179295471
2784,0.052349628322082356
2785,0.009716092123850752
2786,0.002447589799029671
2787,0.0033758783589873708
2788,0.04132382173090261
2789,0.029230552032240252
2790,0.00802565710221184
2791,0.015045468945330313
2792,0.8009870310983687
2793,0.9129040590846784
2794,0.3834113279863633
2795,0.20498171792636555
2796,0.00902717219982393
2797,0.023203072470278457
2798,0.5791908986709883
2799,0.9217241259255775
2800,0.046544544921235206
2801,0.8841998068312245
2802,0.035885997902348095
2803,0.9719512008680438
2804,0.018075648394372645
2805,0.03068057917636032
2806,0.03155748811986908
2807,0.034570482561860946
2808,0.08724346560243008
2809,0.19504165036051668
2810,0.014622781219112419
2811,0.0029594039135037195
2812,0.9770758803862538
2813,0.03756139015368137
2814,0.0024267631019467455
2815,0.7493554698267917
2816,0.03799107002575804
2817,0.03163280477728406
2818,0.5887943373754597
2819,0.9706988794272682
2820,0.8669473178007845
2821,0.02034942587711732
2822,0.14895031440598044
2823,0.42619206482486627
2824,0.2262617933965536
2825,0.055948417114381754
2826,0.9814351632716548
2827,0.03942973520463853
2828,0.038174277678475345
2829,0.8858260981300018
2830,0.028790682795841863
2831,0.028182315759660608
2832,0.08611249768005276
2833,0.793136227144994
2834,0.9771175785698101
2835,0.01631941613843791
2836,0.021466754693355024
2837,0.07209452397320346
2838,0.03650764678018696
2839,0.06092325055014107
2840,0.018923077869736012
2841,0.9944541697913949
2842,0.9903459171055211
2843,0.9453787121783389
2844,0.013989290980650711
2845,0.008591091271116642
2846,0.21398894401338137
2847,0.012424842613616868
2848,0.015414079803148675
2849,0.015358214805257325
2850,0.0725945229368826
2851,0.8312529847561332
2852,0.0172149593404968
2853,0.9029591717504368
2854,0.0016532797298153365
2855,0.5717073167485867
2856,0.009952767708767895
2857,0.08179731241086372
2858,0.007915197656432574
2859,0.098990629634781
2860,0.020014992740076776
2861,0.07307125378665469
2862,0.6329991840802203
2863,0.017502167860526524
2864,0.5195553259197221
2865,0.9515549643103118
2866,0.007126976932243996
2867,0.06398734425137156
2868,0.0016228840623689876
2869,0.0841821581091445
2870,0.02404047518372395
2871,0.017737458002684222
2872,0.308818525201349
2873,0.11336196513525973
2874,0.046537978481456535
2875,0.058753843357115594
2876,0.01462468927978107
2877,0.03421453647777886
2878,0.2997721270510959
2879,0.11087562304190801
2880,0.9392474978015544
2881,0.5944233900122013
2882,0.2961349120270112
2883,0.009192744750261389
2884,0.7829760001970381
2885,0.9550166403997224
2886,0.9976676282307846
2887,0.8193072051891981
2888,0.12562771749088192
2889,0.04530163584149351
2890,0.3720949102116408
2891,0.9897169157599353
2892,0.002510191994384297
2893,0.45773466911906624
2894,0.2874674576725027
2895,0.9556535056837226
2896,0.06464474913431703
2897,0.005696005928756785
2898,0.5638390746345093
2899,0.05790260837904067
2900,0.08854102722571593
2901,0.04230139643603917
2902,0.16711288438962515
2903,0.001691462669805804
2904,0.015253758800193619
2905,0.577719548767279
2906,0.1802602301946541
2907,0.0023044294863747445
2908,0.11677395779277668
2909,0.007501687683311965
2910,0.5958378331907104
2911,0.0579583551122154
2912,0.5375371914500857
2913,0.024123984959086714
2914,0.9780575832831685
2915,0.11470562716254461
2916,0.5428959395981776
2917,0.07056599732361668
2918,0.575269880370529
2919,0.12415047085896491
2920,0.029275209904298792
2921,0.1089756243229536
2922,0.07445135108831727
2923,0.009673416026947022
2924,0.6525561187261443
2925,0.9051468660404199
2926,0.6874152130723676
2927,0.08932113712452598
2928,0.8296349502028966
2929,0.9684224900619922
2930,0.09538992851945881
2931,0.9964145336005993
2932,0.9797528839635333
2933,0.11915729049161702
2934,0.013230596168021889
2935,0.34435663663044824
2936,0.003610746494139102
2937,0.0314820668813904
2938,0.7183837341390993
2939,0.961157615873164
2940,0.4441117127913711
2941,0.00969788226950768
2942,0.9143026705520532
2943,0.016995453083606914
2944,0.462106495077002
2945,0.07198798104263057
2946,0.07553882795983731
2947,0.02941358956868917
2948,0.07822895558431381
2949,0.009965980573051626
2950,0.03708686655734779
2951,0.0073590983234474066
2952,0.5299407403422046
2953,0.966769927175721
2954,0.046608559622964674
2955,0.021972558448881137
2956,0.9592154235715125
2957,0.5056517123396245
2958,0.04456896179084088
2959,0.27093112305524547
2960,0.02038641288621354
2961,0.0021185420793393677
2962,0.7281105856228802
2963,0.09202515132009287
2964,0.6860044272273238
2965,0.9409305978300422
2966,0.03664461270403141
2967,0.4076099308587381
2968,0.01083669935354659
2969,0.2926548719703471
2970,0.023663892841848572
2971,0.05687199223615746
2972,0.015015230538152118
2973,0.2943565307009204
2974,0.8372108197895453
2975,0.11839194398664259
2976,0.08419206483788391
2977,0.9804267320325863
2978,0.0028605779717055507
2979,0.03384541533152502
2980,0.014892113296181718
2981,0.03916817150705702
2982,0.7342251470394836
2983,0.8136524582189444
2984,0.07765241398065936
2985,0.14048723544846334
2986,0.046825379622540284
2987,0.034760963955987954
2988,0.024687853069427446
2989,0.03948157911148131
2990,0.03182189145046624
2991,0.8734126805429246
2992,0.9499035092893197
2993,0.19160766595181994
2994,0.1458966127356056
2995,0.030521286786929176
2996,0.10456352668242248
2997,0.1930640794670091
2998,0.11399468496856491
2999,0.6647940967619657
3000,0.13487730746390053
3001,0.0013936234846908225
3002,0.9702404170215178
3003,0.001970258257586877
3004,0.2955532482215916
3005,0.7890741500847048
3006,0.1218127902231047
3007,0.1975422420629625
3008,0.4065932961760308
3009,0.1544824117650282
3010,0.008461763321177053
3011,0.03596058300792121
3012,0.9675349829415412
3013,0.15013243183942226
3014,0.0017795354644457792
3015,0.0022939741017801068
3016,0.007678273029049673
3017,0.8461544330382238
3018,0.014032892599833632
3019,0.49888962680285376
3020,0.0733226036697247
3021,0.3901290444142067
3022,0.9650877593018212
3023,0.002639384045808623
3024,0.06893327862497481
3025,0.1551512888175372
3026,0.9120064493155582
3027,0.10414669388107098
3028,0.1975496586423273
3029,0.1716027969725073
3030,0.01531765261970856
3031,0.005369794665354738
3032,0.0349812920348762
3033,0.6102667939617665
3034,0.23024404653754404
3035,0.30355257635459304
3036,0.44520978459723093
3037,0.12308338892063406
3038,0.36118081750032377
3039,0.016963375729647026
3040,0.05449502109058665
3041,0.06270593631621249
3042,0.9510469702992691
3043,0.01715649359827788
3044,0.11888092843427545
3045,0.7031797994077168
3046,0.02949817021135403
3047,0.05266467564034076
3048,0.9755690686696237
3049,0.7045704979715399
3050,0.9963344911196509
3051,0.9577104925967765
3052,0.012065784462092236
3053,0.9253610520425015
3054,0.08649199210217726
3055,0.03973390940562302
3056,0.7452028380722819
3057,0.0029091861131116227
3058,0.9957992996534561
3059,0.0010810159998379412
3060,0.9169709180904438
3061,0.9984780469987431
3062,0.13242748867297788
3063,0.3697611269747595
3064,0.06139253061724451
3065,0.007181967990005069
3066,0.6028841666407718
3067,0.08021482632253013
3068,0.6817235184446483
3069,0.07664262520927703
3070,0.006882513274742592
3071,0.006373451374013747
3072,0.020490577764903664
3073,0.2398396040481826
3074,0.4589740689685359
3075,0.08756825474900887
3076,0.0016151088241821102
3077,0.98550951754624
3078,0.993476369239486
3079,0.060251525229630815
3080,0.006900543166667996
3081,0.06253352878751399
3082,0.881360197355786
3083,0.02143957877322906
3084,0.411499114280487
3085,0.5091401756620755
3086,0.042459850693960716
3087,0.06587193793039348
3088,0.030665365926283467
3089,0.047072261621396536
3090,0.03264432600300221
3091,0.0808960302023343
3092,0.010006288380144487
3093,0.90389776300999
3094,0.006942781373108323
3095,0.1366751230519241
3096,0.07067667220599363
3097,0.008595763022726577
3098,0.9982923905363119
3099,0.009194977531055866
3100,0.0473798418575682
3101,0.006430861445993612
3102,0.009476606102063155
3103,0.016380061941555436
3104,0.20616615351124012
3105,0.3800772648786161
3106,0.06860347332093239
3107,0.8279811482386652
3108,0.02198541270992352
3109,0.007991889708812004
3110,0.00672180456755468
3111,0.03421200453986671
3112,0.0013051065299407782
3113,0.06860812638571592
3114,0.010498342609674211
3115,0.7958605808468133
3116,0.05488312779468146
3117,0.0027182871289038566
3118,0.4747560682706432
3119,0.5257757336144009
3120,0.0012314239614595543
3121,0.009666958828055107
3122,0.015135024201008053
3123,0.9858402417744906
3124,0.026182223299101446
3125,0.42378802317210235
3126,0.01927525027108814
3127,0.9051027366097194
3128,0.0045389811360629865
3129,0.042170214639441164
3130,0.7240700846694863
3131,0.8506303348867026
3132,0.05697855608974199
3133,0.16141763611510004
3134,0.012083864864475368
3135,0.005853879857346231
3136,0.2103406089474329
3137,0.013843348444341508
3138,0.021244418408043066
3139,0.9805797800163173
3140,0.12910447450811385
3141,0.00573544009346468
3142,0.9529155918731316
3143,0.5149485737028254
3144,0.9767221816015768
3145,0.031072150135469847
3146,0.1620982142814066
3147,0.07173555379090439
3148,0.17897566472524107
3149,0.9543466764811415
3150,0.001591908937579033
3151,0.3104654384929704
3152,0.00410202389124774
3153,0.018773357405235492
3154,0.024994633294000604
3155,0.018570183742580508
3156,0.015144624316499107
3157,0.15684518445047424
3158,0.0034710223877513005
3159,0.044202351729435485
3160,0.787483307594055
3161,0.03285667244117739
3162,0.9358646597073113
3163,0.01578794659930466
3164,0.11330831758598772
3165,0.03197104835234439
3166,0.09070448635180384
3167,0.015680011453540504
3168,0.01977612171245014
3169,0.9687778578101431
3170,0.016153171667189645
3171,0.23481708857774505
3172,0.21630239276636146
3173,0.014202468284550386
3174,0.9379794081323064
3175,0.8072546918669806
3176,0.002178984628916219
3177,0.2626312533335856
3178,0.23252734354101962
3179,0.0030486705058641954
3180,0.06412545132683584
3181,0.030980714426104086
3182,0.1410386946628796
3183,0.6182195754590868
3184,0.00323735081975888
3185,0.3405617107768091
3186,0.08549003151508458
3187,0.9756099701179384
3188,0.016918100724149537
3189,0.03145095705422145
3190,0.998199429689318
3191,0.6675424502488677
3192,0.014158942163680941
3193,0.04662371609977767
3194,0.014860519387056377
3195,0.886677151295427
3196,0.8321043958511583
3197,0.004668693318194055
3198,0.0037306840419469986
3199,0.44784863291576427
3200,0.9938407749290279
3201,0.14527895957338802
3202,0.007770195399032424
3203,0.11480881242438033
3204,0.38568768172476703
3205,0.9506356689073688
3206,0.7161320655619197
3207,0.02094761589916648
3208,0.08097339380918896
3209,0.9678433654822367
3210,0.005701802819913914
3211,0.9812599337553096
3212,0.04895107147467816
3213,0.78781715176465
3214,0.027458774269248164
3215,0.0421255551829223
3216,0.9823369555349597
3217,0.9691616020142315
3218,0.9571422023186993
3219,0.9118759259319267
3220,0.765913713838117
3221,0.11157745026757583
3222,0.23352205361744321
3223,0.9306837715703677
3224,0.009880265911084396
3225,0.007535667468904993
3226,0.19407364517246983
3227,0.9949928217583779
3228,0.9727136555112649
3229,0.7125546038346884
3230,0.02360387883062558
3231,0.01035057298977703
3232,0.33417806216646995
3233,0.15393105827821355
3234,0.13149822582625603
3235,0.024180748694045573
3236,0.3190102056842925
3237,0.8895993861132976
3238,0.009692480421510288
3239,0.42915897828904404
3240,0.032557834828969026
3241,0.03152217997095005
3242,0.4326298893638524
3243,0.09097714435556543
3244,0.11123314975304155
3245,0.8461148601706204
3246,0.24752628446671132
3247,0.19710264240535977
3248,0.06491327155865174
3249,0.04542705355633881
3250,0.3906450221934647
3251,0.020435578763464288
3252,0.022912476302579615
3253,0.004196911119312535
3254,0.28536965570061956
3255,0.006953036659584364
3256,0.007337717742832858
3257,0.0024974357930498603
3258,0.8677856255489842
3259,0.026388770240699043
3260,0.720445612601622
3261,0.2037643675449109
3262,0.024669103572444888
3263,0.5119826312100579
3264,0.014560979114518256
3265,0.1711626630470232
3266,0.15845283464676385
3267,0.8995764297812014
3268,0.9875172242605523
3269,0.04855474680688744
3270,0.10174937622761746
3271,0.8835686657707468
3272,0.3067996661794572
3273,0.040374198563004844
3274,0.008288367448805397
3275,0.1588669867038284
3276,0.2907680694152258
3277,0.35208257857646674
3278,0.9792273871571341
3279,0.6485414386763149
3280,0.10765881678333596
3281,0.00702344716942214
3282,0.05475556584133671
3283,0.005978947259576793
3284,0.9784256844297679
3285,0.009351479725791013
3286,0.6649608078771453
3287,0.381562910578416
3288,0.7273404484172062
3289,0.004427936564264035
3290,0.29302854287200836
3291,0.0196206696565712
3292,0.09918651627365788
3293,0.5543006702520554
3294,0.8419425490824857
3295,0.9048201232914472
3296,0.014141287100904575
3297,0.7567914878503976
3298,0.735186200112633
3299,0.9423027873085716
3300,0.0019277011673511668
3301,0.03357290083688391
3302,0.7184015591894193
3303,0.009167059343589693
3304,0.2940685295451081
3305,0.9981525765626447
3306,0.9956857472159021
3307,0.7771959133238012
3308,0.5712183521429162
3309,0.03177506465104736
3310,0.9856454583060221
3311,0.6421510507527928
3312,0.5406970509702809
3313,0.077401724942275
3314,0.30575444631758575
3315,0.19540060417359964
3316,0.943529426910835
3317,0.9907343263693531
3318,0.5537456427856278
3319,0.9716582207674297
3320,0.0012652269497163194
3321,0.015722787194667156
3322,0.003973691945091459
3323,0.03694187986290631
3324,0.7810010308698471
3325,0.09312780154482758
3326,0.004629242968855248
3327,0.0868263135951641
3328,0.030921775065597394
3329,0.9647145168621107
3330,0.9864232867119465
3331,0.12119883559671236
3332,0.8750145285017318
3333,0.6987353251668806
3334,0.1129505198427167
3335,0.956438059802106
3336,0.9578325904790246
3337,0.825282935276375
3338,0.41184259190868255
3339,0.060810787210878035
3340,0.9551664526500127
3341,0.9377827062986864
3342,0.4234689888875143
3343,0.028574996112766995
3344,0.6304102552408184
3345,0.3520284190007653
3346,0.9637375526598
3347,0.7054239369397827
3348,0.5898029983975477
3349,0.010794887718239122
3350,0.09615221621979111
3351,0.5743080421364902
3352,0.7738393622443931
3353,0.011499611239346398
3354,0.007556766386659327
3355,0.35079381937533827
3356,0.009521733624578345
3357,0.3071715220893752
3358,0.0027053020122637522
3359,0.012184357300181269
3360,0.0017033412780411586
3361,0.002059907405008456
3362,0.08804277741154154
3363,0.1402773886680772
3364,0.21851970522454733
3365,0.009390656476391916
3366,0.9423028264217848
3367,0.06597603042156398
3368,0.1402591399787423
3369,0.009955098896325933
3370,0.6666619669774148
3371,0.1966441559358611
3372,0.014579419215402763
3373,0.0038070805583665674
3374,0.5859950894448613
3375,0.0481344524695336
3376,0.00886147120021694
3377,0.613776121624368
3378,0.972379321427814
3379,0.06324107947253405
3380,0.09607339503925316
3381,0.006028107936623766
3382,0.08299866712610442
3383,0.29736440112001783
3384,0.9680537444746533
3385,0.9403682431012608
3386,0.009428008764561367
3387,0.011165852919898498
3388,0.24674866932549785
3389,0.14796830881105155
3390,0.3538156942476568
3391,0.9985190304292278
3392,0.0015792874033978956
3393,0.11015797968589432
3394,0.12851140705059838
3395,0.09499091571127288
3396,0.9552109138545204
3397,0.9948797359024152
3398,0.007129672053320385
3399,0.04127677106091357
3400,0.07489915271326608
3401,0.025482301834411955
3402,0.021808104689934486
3403,0.9287410837640758
3404,0.14162998423002915
3405,0.022892794793580355
3406,0.30945183091807216
3407,0.8886456418023737
3408,0.03711268258068169
3409,0.014214279456471924
3410,0.9916407137831846
3411,0.09615375092978283
3412,0.9729468876798486
3413,0.9100334441684478
3414,0.13387264254462608
3415,0.3081227247459483
3416,0.00985800766482273
3417,0.06206086482661774
3418,0.010774745832260915
3419,0.055009955301150194
3420,0.7768203989298019
3421,0.011723327630105009
3422,0.04448629221809704
3423,0.0391191303145348
3424,0.04276205984425639
3425,0.025726955620930584
3426,0.04984468754407164
3427,0.02778152908209627
3428,0.046298264458794536
3429,0.5288014182631328
3430,0.0018169633377234536
3431,0.49716605685669013
3432,0.21727161308261433
3433,0.012226554431779859
3434,0.9679645512693462
3435,0.09913881325503024
3436,0.10366623517397677
3437,0.16884790741396075
3438,0.17161534522989425
3439,0.30070874432579225
3440,0.9318025484074486
3441,0.41746881113348294
3442,0.004042348361347054
3443,0.358751680133342
3444,0.3356648083886343
3445,0.15165942137769817
3446,0.4595384701251034
3447,0.03158537731853857
3448,0.035176049699321
3449,0.02981636877099513
3450,0.05360381993057421
3451,0.017926209300652918
3452,0.18566629392205436
3453,0.875228884497659
3454,0.9980743027846692
3455,0.8543142544304022
3456,0.47228892283150714
3457,0.09639388565345278
3458,0.2603124142942247
3459,0.0017171136132163155
3460,0.08395268726696248
3461,0.9792142382183221
3462,0.29276488904741005
3463,0.04218543960678903
3464,0.014108784772061367
3465,0.02480456131753321
3466,0.007039783195378104
3467,0.006410202153901659
3468,0.18723018894520782
3469,0.9067246139702982
3470,0.005077538241616953
3471,0.4611008904031958
3472,0.013482230013639258
3473,0.007388274702268162
3474,0.004736759845188799
3475,0.5472441456353015
3476,0.09922732149052883
3477,0.02778991778180574
3478,0.005696639006157966
3479,0.9727590545923193
3480,0.9651683730473788
3481,0.03671106896181073
3482,0.08877610903727781
3483,0.7996807371562945
3484,0.006254503571925895
3485,0.7413187017780604
3486,0.9787993865196158
3487,0.030137553995681146
3488,0.015351517941286084
3489,0.3559202794438805
3490,0.04164600157212329
3491,0.03339431158010304
3492,0.10306847444545356
3493,0.05071156535633378
3494,0.35720705496276395
3495,0.2800626260983913
3496,0.5564461778684892
3497,0.8291939320945292
3498,0.0011790533347070158
3499,0.3876089082902351
3500,0.9747052904201096
3501,0.7742107546896471
3502,0.010530535654237241
3503,0.054881344503968046
3504,0.05346428404620397
3505,0.004021115281616021
3506,0.01428094220575051
3507,0.14663460118953167
3508,0.7492841582085255
3509,0.012994952101556462
3510,0.005515425926474291
3511,0.9599843355157367
3512,0.006764661451592188
3513,0.02135203681459995
3514,0.03748311637682412
3515,0.028020077677997628
3516,0.012800352793113888
3517,0.9552357754838194
3518,0.5817412403862361
3519,0.9824992855165424
3520,0.017884799942660116
3521,0.025194567245799878
3522,0.1933992295046028
3523,0.1325673950569273
3524,0.2867155930059261
3525,0.19473926332716662
3526,0.2241581372807595
3527,0.019308641506182857
3528,0.05768701716940965
3529,0.668589389870709
3530,0.01978581127638934
3531,0.026148322572688718
3532,0.9903936427506531
3533,0.022873107953205976
3534,0.11598242477957653
3535,0.008499535842575661
3536,0.030485468104040563
3537,0.0338360453580041
3538,0.009325082328815938
3539,0.9664040849356351
3540,0.002377011886151989
3541,0.07162821236872624
3542,0.017894893842816145
3543,0.6463162641837009
3544,0.049709566666908
3545,0.0602954151768838
3546,0.04616609229592067
3547,0.0022545347737527328
3548,0.006437580493897449
3549,0.02557075442276672
3550,0.020856323190573036
3551,0.9542353118378901
3552,0.9964309225216633
3553,0.42355613939280135
3554,0.45250382042434784
3555,0.9803100824689697
3556,0.15807848959244475
3557,0.33666273729689533
3558,0.002483533315442277
3559,0.2707201375906056
3560,0.0071830230415715355
3561,0.07687420700197979
3562,0.09646249630040438
3563,0.9451177221280014
3564,0.298973683144776
3565,0.9543590388960677
3566,0.9528562746389435
3567,0.07687127153167109
3568,0.0035279633298057065
3569,0.8063331938131122
3570,0.14529535175320024
3571,0.779991578040388
3572,0.8218439860334485
3573,0.0025097081944294875
3574,0.011844497329243472
3575,0.5542628366352433
3576,0.9983946716234874
3577,0.01608538507296057
3578,0.9741238261273782
3579,0.9133510522872614
3580,0.32663786956731533
3581,0.009535229405201545
3582,0.6190371658960865
3583,0.06916903426223134
3584,0.9882940456405365
3585,0.3369452148691581
3586,0.6633120693249006
3587,0.005976784992966715
3588,0.1365370445900065
3589,0.9903263056891576
3590,0.07236526002123023
3591,0.5045576746093818
3592,0.907073546300325
3593,0.8763164871258431
3594,0.9804645529236846
3595,0.047794688616138156
3596,0.09166628553035887
3597,0.892909267413962
3598,0.03304013986726774
3599,0.007588815478058613
3600,0.9445441121923414
3601,0.0040550674961742994
3602,0.0029336457300683143
3603,0.05616376549017107
3604,0.07831704893002507
3605,0.2106986214261761
3606,0.9842524374878147
3607,0.0016623129139521431
3608,0.2800653248624338
3609,0.001095449378367551
3610,0.23287263034413055
3611,0.6838687359848996
3612,0.1128285250285342
3613,0.8918047401782205
3614,0.7685901065693443
3615,0.03780356463550388
3616,0.01077055590410108
3617,0.02553213719280866
3618,0.986638470938395
3619,0.9043499954244258
3620,0.07758560128383268
3621,0.5498933314464556
3622,0.005073007364769176
3623,0.9752501851800967
3624,0.0119670403831161
3625,0.5624711339035544
3626,0.7143123991700676
3627,0.35248424709990145
3628,0.21973364323346065
3629,0.06222395178958137
3630,0.9259324067181451
3631,0.059521885710245054
3632,0.04226193501617023
3633,0.028922616556960053
3634,0.035509377348019594
3635,0.004613558884634704
3636,0.05126489209250284
3637,0.028014755155991656
3638,0.9275177355051469
3639,0.03597340361629498
3640,0.08396243315971662
3641,0.1431144893492925
3642,0.0030604745166273265
3643,0.004043910444483423
3644,0.9966849535761371
3645,0.7963824751709567
3646,0.9309534523183705
3647,0.05862468115735214
3648,0.4981486013905182
3649,0.8998530792221539
3650,0.010196454646674019
3651,0.009127905687537345
3652,0.0075641161721362515
3653,0.028428510319491906
3654,0.632512765196995
3655,0.4651647616183016
3656,0.010901457950253393
3657,0.0024979181545818066
3658,0.015496356682579773
3659,0.854331289828242
3660,0.18861091994283669
3661,0.6192461387111575
3662,0.00784890065796782
3663,0.175030434994374
3664,0.006321438706209196
3665,0.4472181803914925
3666,0.894301373160324
3667,0.03602918471167825
3668,0.9062945531680504
3669,0.6630742541470435
3670,0.13538751000341964
3671,0.004436449058589754
3672,0.015364885196216174
3673,0.702927754159098
3674,0.08497651789191052
3675,0.9655450124093152
3676,0.0647337946181684
3677,0.10490660859140091
3678,0.968225413767128
3679,0.9256778553469069
3680,0.010598334284563192
3681,0.07359166839799045
3682,0.012212931417924533
3683,0.12089633188416148
3684,0.6063397168763068
3685,0.2573322448780311
3686,0.9964911879737903
3687,0.18852554060394755
3688,0.21667933720793103
3689,0.763765890847975
3690,0.018343967944745243
3691,0.8038669882928962
3692,0.38327419399394946
3693,0.9982545539695697
3694,0.007607959251672507
3695,0.934096953284306
3696,0.017382096099609327
3697,0.8328122752287896
3698,0.009807839178778002
3699,0.019018771444539465
3700,0.2779074161508919
3701,0.05388980588880274
3702,0.9914394356691889
3703,0.10199021767676389
3704,0.9512546200666823
3705,0.9923915464910608
3706,0.17749202138580178
3707,0.3828487390729593
3708,0.30647029070913756
3709,0.002952573377907699
3710,0.015584728047017615
3711,0.9626988409120822
3712,0.06672743107286039
3713,0.15066760832877618
3714,0.39009163091709786
3715,0.0056135686121108865
3716,0.15004506663058004
3717,0.5785148032259657
3718,0.9571713635583582
3719,0.12436042549064877
3720,0.8761949132494508
3721,0.30130707814854596
3722,0.9659969045958968
3723,0.9891814388380458
3724,0.006849339334297612
3725,0.1155890882646487
3726,0.02961258046718766
3727,0.17252433239416345
3728,0.17640350311537117
3729,0.4785670007654406
3730,0.9310594861771582
3731,0.01609779875895835
3732,0.11047091593736098
3733,0.04911581614550119
3734,0.022766769128770743
3735,0.14574549130110315
3736,0.0017479671077373204
3737,0.009313420233620704
3738,0.9952989509947934
3739,0.9551690087485044
3740,0.5068267124064195
3741,0.8453365259081959
3742,0.9482429210697633
3743,0.04165581666201378
3744,0.5386644849425339
3745,0.3493414370057311
3746,0.5163221197867587
3747,0.08753748514538602
3748,0.7242903928562396
3749,0.01171927803102628
3750,0.04542317575191228
3751,0.006144606308427579
3752,0.01679668949840697
3753,0.28055692656609355
3754,0.945559999672426
3755,0.025929051875213875
3756,0.014285383165268273
3757,0.03552797616886153
3758,0.013815021655160674
3759,0.3584677542922294
3760,0.561160324514587
3761,0.9368963009840643
3762,0.6459859664277137
3763,0.3467979335695742
3764,0.12675772475847302
3765,0.17755336716935124
3766,0.09956467544718416
3767,0.24104869799533912
3768,0.07959777392953082
3769,0.943801480429113
3770,0.1224897956193266
3771,0.9815326712665243
3772,0.5610898150616295
3773,0.024411406954746626
3774,0.019012432938915517
3775,0.11003213754923971
3776,0.07220974163581718
3777,0.10519084236324963
3778,0.00762365813432391
3779,0.0457040611076812
3780,0.13664074376269758
3781,0.41701128341210536
3782,0.64719986073903
3783,0.08904852201972083
3784,0.16060221862579493
3785,0.9042128427279719
3786,0.06060198207792534
3787,0.3886743756367609
3788,0.022959245735147585
3789,0.8273909248301593
3790,0.9585194176200865
3791,0.9931092619432145
3792,0.9203309233255224
3793,0.09150057054769346
3794,0.25915390427082124
3795,0.6711068064919381
3796,0.9017021809224297
3797,0.06914351653110107
3798,0.18547468743898737
3799,0.024495178306377728
3800,0.0020806759351232576
3801,0.03959566619545031
3802,0.9830694859464737
3803,0.14739906773350658
3804,0.826160686271927
3805,0.01421658468227932
3806,0.12580794331145856
3807,0.9972171015083564
3808,0.21406252784039245
3809,0.07214414780344403
3810,0.07343544151860346
3811,0.08956176432029077
3812,0.04897177834051794
3813,0.030291688688375017
3814,0.9514332735726141
3815,0.03582009090066628
3816,0.4584353520423397
3817,0.07322996754799438
3818,0.9692727803440913
3819,0.9304019945212031
3820,0.37265069674078305
3821,0.08301144032703738
3822,0.9022958787421154
3823,0.027497073197596887
3824,0.04387911850625679
3825,0.9986789272050656
3826,0.3628960232345969
3827,0.05821647500185172
3828,0.9097726279744706
3829,0.05845097685253667
3830,0.07615387176628056
3831,0.9983377612391523
3832,0.005398328625398413
3833,0.14789732855488402
3834,0.48051886885282113
3835,0.03057159200629306
3836,0.6590356563972418
3837,0.9975792462110811
3838,0.6565481845867447
3839,0.962412787377004
3840,0.1408159486750763
3841,0.050083846825613086
3842,0.08862086269292922
3843,0.28864046532536897
3844,0.08860475537105589
3845,0.9957175484627764
3846,0.005960902846669673
3847,0.9716420762031346
3848,0.002820945056001373
3849,0.015789513020372167
3850,0.5658217326965351
3851,0.9859704915101122
3852,0.044969274901991846
3853,0.6642022482723006
3854,0.9060858425007277
3855,0.0021060788008341325
3856,0.031710795635567175
3857,0.007004463422293287
3858,0.030248723996026246
3859,0.04217258524681143
3860,0.017400101390121835
3861,0.06309202830911252
3862,0.01843406420901704
3863,0.9785156909303572
3864,0.9984091760678143
3865,0.1886435881284468
3866,0.9982297121887734
3867,0.020505892508473466
3868,0.46868829315422034
3869,0.021196300682534197
3870,0.6181270057865502
3871,0.025878755567635258
3872,0.4029332688492813
3873,0.3299009687484755
3874,0.10567709200510049
3875,0.9973672007211449
3876,0.2972985028820678
3877,0.9853120380540379
3878,0.05335164560191841
3879,0.0031820092603981887
3880,0.997605220016625
3881,0.9910370792637392
3882,0.34478276697039634
3883,0.5014372819624683
3884,0.02703852549719925
3885,0.0450841195529593
3886,0.9284376292251271
3887,0.26462923212450107
3888,0.10139377102900124
3889,0.13271689555210525
3890,0.02828358884744329
3891,0.9435027424959688
3892,0.005882554284539058
3893,0.7694652456608992
3894,0.11955441049219889
3895,0.4592206223913876
3896,0.13915722895350802
3897,0.9582423677935094
3898,0.3669399279394844
3899,0.27091210676078764
3900,0.0742019655434627
3901,0.0018956815540329371
3902,0.9407576900262664
3903,0.6600912286928835
3904,0.0251835385500303
3905,0.07713484243572369
3906,0.9809132798801965
3907,0.05745790737186078
3908,0.07425589011103341
3909,0.9982941893529662
3910,0.0030432394859320035
3911,0.005066920332717135
3912,0.21866944939723174
3913,0.02483784024851001
3914,0.9178971221220589
3915,0.048814379815360034
3916,0.7285778317055149
3917,0.02916196780700716
3918,0.06730104799677473
3919,0.01451575646619336
3920,0.08333773090621727
3921,0.003409348452306242
3922,0.345450437906937
3923,0.03301731229955303
3924,0.05409544405064402
3925,0.9835933270967057
3926,0.28600507418693066
3927,0.015710107498542247
3928,0.03984256784153068
3929,0.9495503135300073
3930,0.9856790169339898
3931,0.0016697361193390645
3932,0.27742746739218627
3933,0.0024207807252841036
3934,0.9282215341835954
3935,0.0066642039337870655
3936,0.1315343762099569
3937,0.2601115493385094
3938,0.9545393611739846
3939,0.045482900829590646
3940,0.11278923907270967
3941,0.9754680612476265
3942,0.01434075707784228
3943,0.18042982978681082
3944,0.9145086251730139
3945,0.6927360413236127
3946,0.034592266156248414
3947,0.005223180473735732
3948,0.25530461703118834
3949,0.9673928976936887
3950,0.04406209757577933
3951,0.06282166275087865
3952,0.9142628103767363
3953,0.027570503316402734
3954,0.9969926800205513
3955,0.006321849998917066
3956,0.06569779336904179
3957,0.34428336833077644
3958,0.09217911602574788
3959,0.9540570688139458
3960,0.07127304848352137
3961,0.05277637524129822
3962,0.02487848624489137
3963,0.8591797276074518
3964,0.2734193263340558
3965,0.19298039213424184
3966,0.716687427959658
3967,0.012574844223128528
3968,0.002148120902205407
3969,0.08526829654274617
3970,0.22610825832231313
3971,0.965923217773587
3972,0.7337861765255895
3973,0.3612288936392462
3974,0.02579765772590873
3975,0.9314263129885345
3976,0.9616421161916544
3977,0.18513191566879955
3978,0.03697381162156765
3979,0.6000308382464253
3980,0.7776192840530654
3981,0.9104398153709018
3982,0.9684707613086028
3983,0.0047842597005516236
3984,0.4670050912836316
3985,0.01581900558219402
3986,0.45882215366603973
3987,0.0019393147197217938
3988,0.8351390227436886
3989,0.007614467250229649
3990,0.4314751428093958
3991,0.7710345347204959
3992,0.007395646655828076
3993,0.1047394845150495
3994,0.7866128933770291
3995,0.9711176333081153
3996,0.6092934756630706
3997,0.0028183665060991354
3998,0.20737788794994372
3999,0.01901727498888251
4000,0.041066709927656736
4001,0.044421971315057325
4002,0.025115850225642396
4003,0.12998131528897364
4004,0.6657406519008369
4005,0.24527404317885382
4006,0.13668574723765747
4007,0.006322981058412202
4008,0.9935401707073501
4009,0.08312106125834136
4010,0.9976667315008659
4011,0.9265297650444919
4012,0.07908609032273896
4013,0.01925950329319598
4014,0.9987412706773997
4015,0.9596624065706543
4016,0.09919980835525197
4017,0.06070877717179505
4018,0.10228581790914698
4019,0.009571641734234082
4020,0.015281927625276089
4021,0.03544577745550388
4022,0.01941675796913552
4023,0.008650937475126182
4024,0.003963563779725949
4025,0.8306681620627336
4026,0.7400077475384534
4027,0.009002928532125766
4028,0.03273233870957478
4029,0.057313274831810715
4030,0.006024986421933731
4031,0.8809146120145865
4032,0.11754968247276054
4033,0.021387251356827057
4034,0.056351094151603345
4035,0.025197927723350312
4036,0.011367635550525189
4037,0.011386466308446738
4038,0.9800374465912707
4039,0.004925239541362215
4040,0.4345630754066222
4041,0.9800927334507772
4042,0.048617690041251285
4043,0.060794699225402225
4044,0.023150224323501545
4045,0.003431850478661388
4046,0.01194850132222093
4047,0.1250110043556963
4048,0.09525811305438331
4049,0.13574225377580307
4050,0.0667154085703445
4051,0.09350497117924718
4052,0.2600645659568991
4053,0.8972688357909795
4054,0.05338557963112989
4055,0.013878578979973544
4056,0.08340780921142912
4057,0.3079344678001452
4058,0.5092382322162696
4059,0.052414886545990164
4060,0.07564467118267248
4061,0.9900521633143948
4062,0.18417956125435472
4063,0.347346121210652
4064,0.3179543221124993
4065,0.17741890331141333
4066,0.009821767742683828
4067,0.5564934801871181
4068,0.012712509315140189
4069,0.022228237733052842
4070,0.03614285590463062
4071,0.9931764854931483
4072,0.0021166119611911016
4073,0.04899160374085677
4074,0.05410666795970026
4075,0.024151963702451627
4076,0.5546313214242029
4077,0.06772101094908453
4078,0.3512590037186803
4079,0.14854122151630342
4080,0.00302195370624825
4081,0.7211445003644539
4082,0.9347424055987565
4083,0.20351497432346738
4084,0.029660727037557864
4085,0.14941330922632448
4086,0.1130654933474199
4087,0.006191744474896439
4088,0.11003700462918842
4089,0.011858340034579144
4090,0.14113495937295112
4091,0.004677556578450424
4092,0.16617353039704164
4093,0.33643275736958955
4094,0.007504286662713842
4095,0.008848774732969251
4096,0.026826799316821838
4097,0.22373818259293196
4098,0.02786271788404758
4099,0.9689216521810842
4100,0.5075208855153466
4101,0.1332906446499545
4102,0.14210269944248216
4103,0.3776060206247502
4104,0.979104411089055
4105,0.6024203046908422
4106,0.4322938583474217
4107,0.598084864845987
4108,0.9914545282903041
4109,0.9694178549589064
4110,0.08958926362096059
4111,0.001592457140588238
4112,0.9769361951082884
4113,0.2872435127445897
4114,0.03769592340141621
4115,0.014723278375468477
4116,0.019628558997546227
4117,0.9935861261041451
4118,0.04433102821066759
4119,0.10484445791092778
4120,0.9606796232245838
4121,0.4789974823628573
4122,0.6998084767996559
4123,0.006968298435296514
4124,0.41569310865896936
4125,0.010499730824559034
4126,0.1101185246490843
4127,0.07985634797942244
4128,0.11944434136028634
4129,0.30479040052310696
4130,0.009198332446317539
4131,0.3661640222439839
4132,0.9310508097767292
4133,0.967624460956166
4134,0.01773056240440512
4135,0.32189969515045247
4136,0.020534917861944398
4137,0.9034086701809378
4138,0.0025672303695086704
4139,0.02859225887583921
4140,0.9979803986553718
4141,0.9084135523992215
4142,0.0864917345350578
4143,0.05419561123820005
4144,0.9791221096596237
4145,0.09233327149523356
4146,0.12755320448635735
4147,0.18102303206187242
4148,0.21959457951495087
4149,0.012129921956836697
4150,0.3107375287141633
4151,0.02526186419370941
4152,0.0072405062057775155
4153,0.07791016864582706
4154,0.49443558426703416
4155,0.8231506706360946
4156,0.05489054270556459
4157,0.0020100645946668047
4158,0.963527729589168
4159,0.18497786074473338
4160,0.21618887275640114
4161,0.2759313128404124
4162,0.007112669871642933
4163,0.004134206477281662
4164,0.976009743813153
4165,0.21439639059033633
4166,0.010320523829860512
4167,0.9916495622454354
4168,0.212238195943724
4169,0.0918423966665142
4170,0.9982864402348541
4171,0.02636253960560492
4172,0.8934407902124974
4173,0.02642353244759832
4174,0.007211383349022341
4175,0.32449905143631147
4176,0.03247849417645867
4177,0.004684155014017028
4178,0.8388495537608157
4179,0.2893289364115398
4180,0.953274270697038
4181,0.30386203725467165
4182,0.004804102333830086
4183,0.7958934058812579
4184,0.9558075956763974
4185,0.769912458080661
4186,0.9722631087988468
4187,0.0744014918272636
4188,0.02359724150202662
4189,0.06723758712322844
4190,0.0014751904988585254
4191,0.19460787215588038
4192,0.9483064585376353
4193,0.16255351048700203
4194,0.8940442093276654
4195,0.06781549013393824
4196,0.9983421907632201
4197,0.7143455766409166
4198,0.07089602951021051
4199,0.8796432528792222
4200,0.013724641126735538
4201,0.6048015517779884
4202,0.12711000196545771
4203,0.12298310891329448
4204,0.05626264799175745
4205,0.049771922732617616
4206,0.5691427889306259
4207,0.20521019489059103
4208,0.20717651883681165
4209,0.20422936645716022
4210,0.2801824708236468
4211,0.14055236271528299
4212,0.1492065392560315
4213,0.38925625092188776
4214,0.05487886814399826
4215,0.06948082768083845
4216,0.02089453208689181
4217,0.9839741536486195
4218,0.9973574783738278
4219,0.009038537531710623
4220,0.2201990810688052
4221,0.986253741702742
4222,0.1506979555216519
4223,0.39355762634007185
4224,0.0572471470606359
4225,0.040234272904458065
4226,0.9966900341530935
4227,0.3622322968794225
4228,0.007970472927747885
4229,0.36362351489209577
4230,0.8099327730040096
4231,0.012302998358538542
4232,0.005690047116884554
4233,0.052721384622291353
4234,0.0018169472044522858
4235,0.38011926586931244
4236,0.03697114065473504
4237,0.09661580610477787
4238,0.02636970791409661
4239,0.21700449040281805
4240,0.5913273721886279
4241,0.9204500546062303
4242,0.007090376948356729
4243,0.032142264262036604
4244,0.9868903476872539
4245,0.06511524851646058
4246,0.02315790659055622
4247,0.0070668730248567005
4248,0.07976205696156634
4249,0.5757378933873207
4250,0.674477673537659
4251,0.11796064386442942
4252,0.0053474156199662575
4253,0.8671514804322752
4254,0.04848826237189574
4255,0.03041199494315925
4256,0.07633841125118371
4257,0.002522472229548393
4258,0.7791139190720112
4259,0.005281331602116725
4260,0.9832465085390314
4261,0.9791507151157907
4262,0.6449795030218802
4263,0.9434076318295233
4264,0.01038460352394099
4265,0.2522086894990381
4266,0.9388306486731924
4267,0.01594993843832733
4268,0.955833257455498
4269,0.1624186927393474
4270,0.30824174353653866
4271,0.01384135924123644
4272,0.15090646768720645
4273,0.004334515266618286
4274,0.014005969794955393
4275,0.9244345397278633
4276,0.6755101090808551
4277,0.011105149228952317
4278,0.01193063682748805
4279,0.19642807251332506
4280,0.9859987533326608
4281,0.3889666664454955
4282,0.2532635429718113
4283,0.006415940163315804
4284,0.014486186128972697
4285,0.4200687203670942
4286,0.12127006069101257
4287,0.8210283063654245
4288,0.7589840783656187
4289,0.009890600760836069
4290,0.7225829243789887
4291,0.02919663371729109
4292,0.024129931624811515
4293,0.7652421336138641
4294,0.9300435568796309
4295,0.3561761750170427
4296,0.17715796813188606
4297,0.9859317382227888
4298,0.15613287594826805
4299,0.018946856568639855
4300,0.059301632069913075
4301,0.9987075109712292
4302,0.03061157134644847
4303,0.06415819601490991
4304,0.2804464346568435
4305,0.005848499203155302
4306,0.06279470637047271
4307,0.023722611925812168
4308,0.9212760528455004
4309,0.9771208432163794
4310,0.09159987447443006
4311,0.006565424724170193
4312,0.9819975187602394
4313,0.9344468646499303
4314,0.06364999792904341
4315,0.011173339480186954
4316,0.908573244273876
4317,0.8916913998415965
4318,0.8015438918196485
4319,0.009395083130869751
4320,0.7740317929507943
4321,0.0024370652727527834
4322,0.46572622703399097
4323,0.11721525857151033
4324,0.520312319932336
4325,0.4037553291758345
4326,0.0014063535589244646
4327,0.5274666917340872
4328,0.9854384704665995
4329,0.019492899969044984
4330,0.09756386844086926
4331,0.030541564739135725
4332,0.020617865035002167
4333,0.02293198670238175
4334,0.1219616185358022
4335,0.048384090492941394
4336,0.03628381185143109
4337,0.07177740815843511
4338,0.09223890868746681
4339,0.4444683260933012
4340,0.07559630736198222
4341,0.028567453918434255
4342,0.1036443406363006
4343,0.9815073293121529
4344,0.861797178793589
4345,0.019726330999888235
4346,0.008423691580239069
4347,0.041442016230481354
4348,0.052972350772450466
4349,0.003845234082132769
4350,0.011158635765311831
4351,0.016946971415519638
4352,0.9893332318257486
4353,0.29766759593074654
4354,0.09159049993101168
4355,0.04175032379887212
4356,0.9425017315849735
4357,0.06199573714466015
4358,0.17270893671576226
4359,0.0037580551046000974
4360,0.9708794722972293
4361,0.38621560410353184
4362,0.8079049069879867
4363,0.035315252469781434
4364,0.8570686216630704
4365,0.18423525458449258
4366,0.12843164548603644
4367,0.9596014720148468
4368,0.0015339646300199974
4369,0.035008551494435394
4370,0.17959693578549685
4371,0.0885637442998951
4372,0.9984527570379733
4373,0.033579400343257765
4374,0.06499995217259807
4375,0.6326833913943737
4376,0.04919409337046084
4377,0.12419221485633007
4378,0.969203978585766
4379,0.9985810436569509
4380,0.09173435769607521
4381,0.02761384127099331
4382,0.0821653523569085
4383,0.2512308830081465
4384,0.8701472811765203
4385,0.04485588241059406
4386,0.15473171033059419
4387,0.0011905856550679412
4388,0.052470639590833465
4389,0.030141755102239258
4390,0.8154990001399716
4391,0.05180885424434959
4392,0.929948188483076
4393,0.09990221332870622
4394,0.5043415903091457
4395,0.03156698765223215
4396,0.7374748758333203
4397,0.002068262775746562
4398,0.998120377328152
4399,0.09147097472232266
4400,0.9400264099075473
4401,0.22660845120401138
4402,0.15467616014219582
4403,0.011723605027793016
4404,0.044944283178740746
4405,0.0755987017961111
4406,0.001996454142156172
4407,0.07954255171572225
4408,0.301667554668001
4409,0.15919885342314444
4410,0.006737920228198029
4411,0.002047486506544601
4412,0.012011541348696772
4413,0.02821849825252732
4414,0.7331921456576769
4415,0.025827351032337305
4416,0.2782428087025205
4417,0.0445104168416371
4418,0.011598239471080287
4419,0.280395852587411
4420,0.026168032140247828
4421,0.006151832916558729
4422,0.001626668105812937
4423,0.11243639987079784
4424,0.007392467167462051
4425,0.06260085282739938
4426,0.09637098736160732
4427,0.005160887345888692
4428,0.023343038908887694
4429,0.12414158820477104
4430,0.02724746660095153
4431,0.36634162681051996
4432,0.0010805120699533847
4433,0.1381218672326489
4434,0.048865698643524566
4435,0.11943658659088047
4436,0.004657046385455513
4437,0.47508760718102566
4438,0.05003401563728575
4439,0.145172065156827
4440,0.7972055492446428
4441,0.0031930740664843746
4442,0.5914121244178885
4443,0.08663673759487743
4444,0.17027133921924062
4445,0.14400722298023044
4446,0.04686299617330082
4447,0.5267724248937988
4448,0.03704239904348615
4449,0.7616373038181683
4450,0.07766792032778733
4451,0.9078103123763946
4452,0.9469255687569631
4453,0.26468739383607115
4454,0.8722370421976962
4455,0.022574182399720966
4456,0.07604767686382678
4457,0.9798193342756661
4458,0.025482916939286598
4459,0.20046934609834866
4460,0.7766064077828805
4461,0.04277668297007303
4462,0.02503153084552074
4463,0.005445318103080625
4464,0.0373971410267404
4465,0.017796616132029458
4466,0.1234590003120904
4467,0.9980202872980077
4468,0.9426949931729671
4469,0.04241015354242714
4470,0.08939521995642888
4471,0.004580861627614275
4472,0.20414686135646404
4473,0.16792128544136048
4474,0.3565360003154734
4475,0.9897680936495019
4476,0.1812592880644693
4477,0.04105913600406848
4478,0.8463457764938099
4479,0.1622293073524747
4480,0.792267133410257
4481,0.08591253522339556
4482,0.02623769044272213
4483,0.9487500467784001
4484,0.01377152601978106
4485,0.04123461238178132
4486,0.943337301211065
4487,0.06936913525306856
4488,0.047341034765192296
4489,0.015850404843538453
4490,0.07104188765990374
4491,0.0016570532228894455
4492,0.03181560823970928
4493,0.41529337245215775
4494,0.2125518609010246
4495,0.1495764979960822
4496,0.1727609742580313
4497,0.26423333404312827
4498,0.014816001882419065
4499,0.0319859163862072
4500,0.38282404341986953
4501,0.021540729975464565
4502,0.26316312432152833
4503,0.985208258077846
4504,0.33340302806588695
4505,0.16426288404880635
4506,0.6364227251342147
4507,0.09622261900602753
4508,0.002616161894791023
4509,0.011242043151103644
4510,0.2104076601979618
4511,0.22097270404370847
4512,0.014700219177141299
4513,0.001289361678041594
4514,0.03341988896197748
4515,0.5252115874622232
4516,0.9435360108420322
4517,0.10473379134310028
4518,0.9781350576716719
4519,0.08977952468757588
4520,0.2186860764543779
4521,0.6801689429497066
4522,0.22837257677006145
4523,0.9600095433321516
4524,0.6561099831121964
4525,0.9653361269906238
4526,0.04223319990420436
4527,0.02339789853561451
4528,0.0014889968874199297
4529,0.9803795917606491
4530,0.5782208662215701
4531,0.032578575468690286
4532,0.010201499690559074
4533,0.25214554684491586
4534,0.8162913867134169
4535,0.028660836222984265
4536,0.3918168954507635
4537,0.044024530689738835
4538,0.049469235871362094
4539,0.49747317135559505
4540,0.28340219576192766
4541,0.009172249361346967
4542,0.018327420673052777
4543,0.9828936813496646
4544,0.9781241167199881
4545,0.040268171069153424
4546,0.18170754692524843
4547,0.087756942369172
4548,0.7294597282325554
4549,0.014530204799056288
4550,0.12885372988981758
4551,0.9544577263251367
4552,0.6929141733168374
4553,0.2724747206323386
4554,0.056364714460902736
4555,0.1580215829305986
4556,0.04878326351085979
4557,0.6748127936040034
4558,0.9738938413550329
4559,0.608878329236606
4560,0.0012179453527159094
4561,0.00929337059242142
4562,0.9732023826740043
4563,0.010848872306114478
4564,0.046280478060772755
4565,0.1306885601398991
4566,0.09901308262306327
4567,0.33203469874316627
4568,0.004427750761857033
4569,0.018736311129939152
4570,0.011806266742143306
4571,0.012581972842498368
4572,0.0986937128093798
4573,0.03616103297573478
4574,0.4557581054490297
4575,0.011669223589876914
4576,0.12520903184407367
4577,0.261329978043064
4578,0.04835034964616465
4579,0.020286220568257907
4580,0.12283224479450323
4581,0.16409936020415544
4582,0.9120924827436369
4583,0.027548958914191686
4584,0.9724901105144961
4585,0.9083317646789484
4586,0.16438025798786798
4587,0.3561086689363002
4588,0.02792615655219206
4589,0.01953388024862411
4590,0.045468822056904584
4591,0.00601496806193977
4592,0.04377725963550364
4593,0.009362041637527598
4594,0.9343910657290522
4595,0.029101230195737477
4596,0.12789382409534863
4597,0.9794163400772814
4598,0.27454563556806616
4599,0.6267419488690389
4600,0.004779309102999253
4601,0.007090107317881957
4602,0.04230323820152705
4603,0.03433115057841928
4604,0.007725726481850053
4605,0.13412928473868624
4606,0.09267018028253951
4607,0.12704005907404656
4608,0.983715479119683
4609,0.00934954313570215
4610,0.9693111780422786
4611,0.07009513282412153
4612,0.1606999865375705
4613,0.09805884979795992
4614,0.9523557299111551
4615,0.9855586647069188
4616,0.029196386131321944
4617,0.34398219281743514
4618,0.9870987689320446
4619,0.7412334553868745
4620,0.9752771695570653
4621,0.042488387843070505
4622,0.5158226799209951
4623,0.046641027176814336
4624,0.314637188097843
4625,0.001917760129853358
4626,0.11286631314399731
4627,0.044864772521083104
4628,0.9732071459462508
4629,0.18500898263320448
4630,0.09487154052399852
4631,0.9011561498148792
4632,0.07412954365139063
4633,0.8552573276931641
4634,0.014141596122947794
4635,0.039435205609828675
4636,0.049971303815111806
4637,0.956540244206757
4638,0.0637086701104213
4639,0.037329475119159856
4640,0.04474035992383951
4641,0.04945655100550915
4642,0.9797599908343877
4643,0.998528850003892
4644,0.9981137351003234
4645,0.0037153386421568324
4646,0.607664044972652
4647,0.11348617086005611
4648,0.028371332351824624
4649,0.602871967588337
4650,0.007892106326122316
4651,0.7478358267513148
4652,0.015722281098025037
4653,0.3351401608522171
4654,0.06300644737772902
4655,0.013436390325745638
4656,0.6851416210424344
4657,0.9697597980873938
4658,0.017316357176686725
4659,0.731519945308921
4660,0.12094626586959764
4661,0.208594120945452
4662,0.04394405747460275
4663,0.0938008365826605
4664,0.22257990008605005
4665,0.002177018022561175
4666,0.6081294754509808
4667,0.0065992792426596055
4668,0.04676847403357698
4669,0.0181955484252367
4670,0.28068683093040814
4671,0.9967882211754605
4672,0.15569591895503365
4673,0.005700449415171801
4674,0.0037229868796242326
4675,0.9594987603227487
4676,0.033128930564023704
4677,0.057079053013727954
4678,0.015674263234833667
4679,0.9444743010503476
4680,0.030848279352903143
4681,0.028740951405370484
4682,0.025351690184586086
4683,0.5220555488068177
4684,0.009039530058859796
4685,0.679102293642506
4686,0.4287749643362474
4687,0.01687705010717468
4688,0.06436361819687988
4689,0.0775841548409481
4690,0.04623863049012017
4691,0.20041245616204567
4692,0.0489506481194847
4693,0.9867415949953283
4694,0.036279815905182596
4695,0.5343476467888317
4696,0.10938893985944764
4697,0.5030821027430352
4698,0.9911724095662526
4699,0.05275912378370244
4700,0.5625959167603837
4701,0.14707852250271597
4702,0.008994302269664689
4703,0.31970092656643734
4704,0.0035046216825012438
4705,0.10216111777361268
4706,0.04573932151293679
4707,0.004310578618727421
4708,0.1296485862683114
4709,0.03753422185992275
4710,0.38556800690540116
4711,0.9788948619236524
4712,0.3429428179885423
4713,0.021960814180404437
4714,0.0035367351017332785
4715,0.09010394871311561
4716,0.0013155400468651789
4717,0.02737868120363783
4718,0.7807585553202099
4719,0.3923988706655581
4720,0.017249708955213487
4721,0.1912223051509706
4722,0.9697705738129495
4723,0.7855055074594586
4724,0.06571036549465964
4725,0.007011000539302825
4726,0.07595405134585484
4727,0.10636054778119546
4728,0.14636275059131343
4729,0.017047168885209008
4730,0.00591709172342645
4731,0.0054214540291048045
4732,0.08926368621516585
4733,0.9710935243897929
4734,0.024774751145455142
4735,0.016624475243607884
4736,0.9062396277398603
4737,0.23923749829208898
4738,0.8544257783939933
4739,0.48759314754618294
4740,0.9963700987197058
4741,0.014568929390466528
4742,0.9608022541358117
4743,0.05037520148850897
4744,0.07173216570998095
4745,0.4249572333468628
4746,0.11199670450603022
4747,0.05051684851162817
4748,0.008031695683795442
4749,0.20183411390133238
4750,0.682243970470877
4751,0.9705133454548691
4752,0.042421698686762765
4753,0.22568871351542585
4754,0.13378777694128802
4755,0.21420585393939653
4756,0.010516385039423409
4757,0.04175959123816385
4758,0.08245056653398405
4759,0.10797732030833214
4760,0.955109615656367
4761,0.5989991526161411
4762,0.05964409970613625
4763,0.011129931219829064
4764,0.00821679213367392
4765,0.21601809780315856
4766,0.17315430959785627
4767,0.6175883675986755
4768,0.953612691007812
4769,0.4450613235239005
4770,0.008663860086716178
4771,0.03221110334385589
4772,0.074299272781087
4773,0.008134729965468709
4774,0.6522772303619832
4775,0.002058455758468394
4776,0.04986699574789631
4777,0.02856926524113958
4778,0.0115191245885188
4779,0.9875918775715608
4780,0.9935949681687615
4781,0.29116348548401083
4782,0.9923928639513648
4783,0.10166548481464749
4784,0.31838622759335955
4785,0.0649433707719851
4786,0.026588691259814695
4787,0.8726589230230373
4788,0.10274974760637207
4789,0.002786823588840627
4790,0.008254170983159961
4791,0.0073070295265294915
4792,0.8572047655080512
4793,0.9901370549293551
4794,0.07050086792499127
4795,0.004678222685982085
4796,0.9969348185262106
4797,0.008700899907617675
4798,0.9081439373867053
4799,0.6164548291017465
4800,0.5560015563291931
4801,0.5290323486361109
4802,0.0049678708449575285
4803,0.014592991588625696
4804,0.017738743075057968
4805,0.01572673628780278
4806,0.38511559738648043
4807,0.969641811748959
4808,0.05318926805441449
4809,0.03999719056657936
4810,0.03928059999470411
4811,0.11337237718602573
4812,0.11392208353339436
4813,0.7277854612750969
4814,0.9649632951926432
4815,0.3260058967530072
4816,0.38713596187531274
4817,0.013577613460602794
4818,0.21652849982797667
4819,0.20269863514480135
4820,0.996386588148345
4821,0.7587913731111422
4822,0.011087023122032627
4823,0.7112753507644609
4824,0.2563412486849424
4825,0.8018591337528026
4826,0.013209612032322904
4827,0.06740685867544524
4828,0.02041694789582199
4829,0.03341591438503608
4830,0.0332979304228488
4831,0.318656755866754
4832,0.20106374892617204
4833,0.09991377080935193
4834,0.06253902536987765
4835,0.041876576376098304
4836,0.044837292662231396
4837,0.05716826838318689
4838,0.01723559822979353
4839,0.007307586014251011
4840,0.9639521920388685
4841,0.24165358979540588
4842,0.9857783954024244
4843,0.05357584344378036
4844,0.1225210794474127
4845,0.10023839639785587
4846,0.012608749667768553
4847,0.9764752261351776
4848,0.7062121602732948
4849,0.0039002137948920346
4850,0.35793465858165213
4851,0.051311545428069746
4852,0.4754462807572071
4853,0.7125480159846346
4854,0.5457120098758921
4855,0.16032246210235676
4856,0.6525954345592514
4857,0.17364882311523377
4858,0.1093127419516822
4859,0.02926904697526571
4860,0.07387581706048749
4861,0.8933447224918398
4862,0.04761618814868767
4863,0.018945622122512638
4864,0.7043086968483008
4865,0.19589867705560546
4866,0.0032560917207036947
4867,0.1442877386314086
4868,0.19463416725860141
4869,0.001789084242426162
4870,0.1412157491010533
4871,0.2845295970520024
4872,0.34568568373197217
4873,0.09940626560628786
4874,0.9813258709526411
4875,0.3018652626091156
4876,0.023169128031049167
4877,0.01697963144818968
4878,0.8286418482400156
4879,0.6346154854383783
4880,0.8370365972937039
4881,0.9291585032877105
4882,0.05609274286040267
4883,0.08329789024637987
4884,0.14198783888370628
4885,0.8605102091894142
4886,0.9629053963361967
4887,0.01089659570798479
4888,0.0392399569643745
4889,0.2609472745939606
4890,0.02453918341730924
4891,0.7046096395877641
4892,0.9873573008506885
4893,0.8960296532960206
4894,0.1555997577358129
4895,0.14413377796496735
4896,0.5705685528359443
4897,0.8568004269402019
4898,0.11945498853865588
4899,0.942201760827807
4900,0.009246356629256233
4901,0.8756911627641337
4902,0.23742024889805682
4903,0.04190653141317535
4904,0.05572485605717586
4905,0.24938331664026234
4906,0.006839955432767968
4907,0.6499367296389579
4908,0.024829237130559165
4909,0.06937702978439216
4910,0.9625780185631885
4911,0.15069562873560577
4912,0.028486541689291663
4913,0.9160359050325954
4914,0.029455027928964043
4915,0.9803414475739713
4916,0.502434306234615
4917,0.6431872878018616
4918,0.9857315974903033
4919,0.6520994912384839
4920,0.03230316928576607
4921,0.9663576967764032
4922,0.9807334987790798
4923,0.0037214228732105354
4924,0.9627275831624571
4925,0.18090698955511364
4926,0.010140629263795893
4927,0.9009626757949676
4928,0.6489105296182704
4929,0.02373910836497873
4930,0.9785686607395379
4931,0.8872768607719
4932,0.6652100066026329
4933,0.9863538764857761
4934,0.12052244728776262
4935,0.054412469805973585
4936,0.05263832958680034
4937,0.5958310727532296
4938,0.03624873371229606
4939,0.941820801934248
4940,0.022715051055669552
4941,0.006445629055310067
4942,0.4502795930924156
4943,0.005018079755829578
4944,0.02706618419685202
4945,0.09356512848394288
4946,0.11202273901986201
4947,0.05705239241668124
4948,0.2069171897901451
4949,0.8724767451213191
4950,0.4335279182926641
4951,0.13032676598197557
4952,0.2923165946647466
4953,0.17547643679238678
4954,0.6495917178897126
4955,0.530547123986912
4956,0.12581729503063002
4957,0.11238398503047646
4958,0.9868436312452955
4959,0.6072167967735691
4960,0.0014682313571798553
4961,0.8288975751182456
4962,0.08467103124329955
4963,0.30796386607104564
4964,0.8690213063924308
4965,0.017129720921631956
4966,0.009170406936217597
4967,0.2918681408201601
4968,0.0027229579269181852
4969,0.173120331258503
4970,0.9864457391051062
4971,0.13775978687770524
4972,0.06058345229275448
4973,0.011627879919328388
4974,0.02021916603705701
4975,0.765690813805664
4976,0.16111103087583087
4977,0.7041165282660151
4978,0.00854330008785207
4979,0.8933082551746502
4980,0.5504905797636139
4981,0.003400691970346048
4982,0.0641636523449427
4983,0.939978185857904
4984,0.29387798563233714
4985,0.6078849124019856
4986,0.9900214457688213
4987,0.9834031513319514
4988,0.022227236522378485
4989,0.0014697181399324927
4990,0.004395944262176214
4991,0.570710614904559
4992,0.008347339317202829
4993,0.04961122359445565
4994,0.13542529533585507
4995,0.016233871036455044
4996,0.9661836234578541
4997,0.00914063763333478
4998,0.333300582449649
4999,0.5768602265580454
5000,0.022507778009713614
5001,0.013891321593374934
5002,0.048291620472471354
5003,0.5384087306083438
5004,0.37221758941476835
5005,0.07436691732929951
5006,0.03950191106335411
5007,0.7720463173587736
5008,0.9729984638218564
5009,0.05728670628876165
5010,0.0021735970883901613
5011,0.5231093124918367
5012,0.03259308704254481
5013,0.0874037532734645
5014,0.13860142826070196
5015,0.6899310353348049
5016,0.8941392738032952
5017,0.47916287686530473
5018,0.9743044349770255
5019,0.9730118776250832
5020,0.018541319361628755
5021,0.23439952545243997
5022,0.011603849863460514
5023,0.0014177407289345087
5024,0.25734199645744177
5025,0.06143478950235358
5026,0.04800791673060198
5027,0.06335962718533675
5028,0.9976861344344805
5029,0.8986585347142463
5030,0.006243475773740478
5031,0.03196590954304118
5032,0.18711965591565705
5033,0.9547975152981159
5034,0.9086136322760298
5035,0.012909711744947736
5036,0.012770575958316382
5037,0.0012981766037292839
5038,0.02216522373685982
5039,0.3499513382335981
5040,0.923961936505618
5041,0.18628189937426315
5042,0.9700651917457045
5043,0.04292724439647751
5044,0.022688709317192902
5045,0.41250622580162555
5046,0.10563500828943946
5047,0.00215252949642267
5048,0.4090681192123983
5049,0.14428085435205185
5050,0.09157039090628197
5051,0.8406463739424391
5052,0.01631687993537348
5053,0.11685346580929287
5054,0.06667547883837924
5055,0.011452516761419496
5056,0.9563786473836854
5057,0.013095498150799113
5058,0.9652650247952279
5059,0.07965827846809595
5060,0.1405247935752451
5061,0.027177339198207973
5062,0.022342804730852185
5063,0.012705255027196702
5064,0.02747954162763539
5065,0.44468093852804835
5066,0.5415256134321222
5067,0.0535824816079493
5068,0.967362084864342
5069,0.5906960181657636
5070,0.9752317041569887
5071,0.06202725380805408
5072,0.020454638227878363
5073,0.02369516742532423
5074,0.004772709593481632
5075,0.6000844013068691
5076,0.36441685895452564
5077,0.057807258220911345
5078,0.08223773091845052
5079,0.9750711845861343
5080,0.03667655903416492
5081,0.0021848427849619424
5082,0.09082193489084228
5083,0.06242548983276875
5084,0.0019212128242796721
5085,0.9637241504634605
5086,0.9980762322260794
5087,0.002999256631429736
5088,0.0575366497201901
5089,0.01057933558460825
5090,0.35586315204830454
5091,0.05415731658844452
5092,0.9953003803164565
5093,0.4568560151479636
5094,0.06122932075256031
5095,0.07763361962212943
5096,0.021870967982705117
5097,0.0221179919115916
5098,0.18281613188110138
5099,0.0015009898321545262
5100,0.0613655533165767
5101,0.31804121753448955
5102,0.7012738289166651
5103,0.005082283192976512
5104,0.007675672482734304
5105,0.05271449688216265
5106,0.9983263480450859
5107,0.980351565159252
5108,0.6086385773224205
5109,0.9312835280595306
5110,0.013765100696355946
5111,0.9740581872055272
5112,0.8977726578720638
5113,0.22188388000448428
5114,0.9458348901178599
5115,0.8960503255667281
5116,0.4363487742064565
5117,0.7368650033752069
5118,0.8551008486791233
5119,0.03165642762428501
5120,0.9835516976162503
5121,0.0320903688557681
5122,0.03984610083042546
5123,0.7919922304651983
5124,0.010221276294377538
5125,0.9614763307910328
5126,0.09691257869217135
5127,0.5339416635825514
5128,0.06139041047892685
5129,0.4431599087337632
5130,0.029017524263643783
5131,0.019603688229963185
5132,0.17871161799698193
5133,0.22934356942104636
5134,0.6170218726096139
5135,0.48105880161807013
5136,0.002742302845057702
5137,0.7959083559428055
5138,0.012314437661343172
5139,0.16433704209209588
5140,0.07369319194073248
5141,0.18776443183819413
5142,0.13781204625398413
5143,0.0027692521713048633
5144,0.006802307442080067
5145,0.0029431353012137323
5146,0.029582209124907596
5147,0.013026235467061572
5148,0.03721611135609578
5149,0.010160924966234358
5150,0.3626824012332881
5151,0.8150623772558252
5152,0.09495498773565787
5153,0.03866647594293342
5154,0.9868215470622137
5155,0.09785687906703672
5156,0.0054651434309929406
5157,0.015231451846606823
5158,0.006990724653646901
5159,0.04722293323891649
5160,0.11407778542513297
5161,0.03075010386721735
5162,0.006046027808013665
5163,0.07903969697263528
5164,0.015481922802798425
5165,0.20185019792972514
5166,0.5341494111741583
5167,0.07143494056887977
5168,0.07945102292007909
5169,0.06077416426839191
5170,0.18450849997215402
5171,0.79515804758415
5172,0.7435760464485335
5173,0.06929178810612305
5174,0.02941813123048124
5175,0.9984182451745753
5176,0.46220795801687886
5177,0.9738526703166348
5178,0.9451514127538643
5179,0.969352428977943
5180,0.018154474041793718
5181,0.09194321498931365
5182,0.2601186508244352
5183,0.002168591891595657
5184,0.14086370096773018
5185,0.1019365577917763
5186,0.001275049096259914
5187,0.06019829554163361
5188,0.9917837944789838
5189,0.027935714245145495
5190,0.07536803469407025
5191,0.2638139753488386
5192,0.10856853010574355
5193,0.20005723672288733
5194,0.418550999967078
5195,0.33484186695880097
5196,0.06971025833978953
5197,0.017996815808264954
5198,0.021102226741400044
5199,0.008158436664356375
5200,0.003549163725970215
5201,0.11383938863829725
5202,0.10383070330964839
5203,0.024497889494322397
5204,0.16937503874186194
5205,0.006298029135696474
5206,0.058014420652118835
5207,0.5991879553226842
5208,0.01965116508072147
5209,0.5644745656173282
5210,0.9792640905075594
5211,0.9207057931499649
5212,0.25940678501797576
5213,0.13168466770990267
5214,0.023445165842499588
5215,0.6651365008776309
5216,0.8698131647765256
5217,0.025903015650117062
5218,0.5887043111435128
5219,0.0026169407054063916
5220,0.9754941810045603
5221,0.026825739711216205
5222,0.04917553814567151
5223,0.25733512015090076
5224,0.5926900084395844
5225,0.005488123088582635
5226,0.960526342181094
5227,0.8511575560120824
5228,0.8689078897803844
5229,0.9950311483938097
5230,0.04130428241529721
5231,0.41672488849123546
5232,0.9453849805440742
5233,0.028715289692883533
5234,0.05149135781093809
5235,0.00940384678784816
5236,0.00783711827015734
5237,0.948352376618227
5238,0.1152949504234419
5239,0.018561252264868884
5240,0.02071549058019067
5241,0.03780413139570606
5242,0.0237883047327118
5243,0.057349442931252215
5244,0.9916458347049819
5245,0.5321922227782336
5246,0.10291724323969814
5247,0.07272221635587384
5248,0.047898041877377964
5249,0.2236641507757774
5250,0.2548169630048109
5251,0.361966010185733
5252,0.5328958350280115
5253,0.006425283061686948
5254,0.022850906832544652
5255,0.3509047935882942
5256,0.002688518304639281
5257,0.3432700827153039
5258,0.8848498210111025
5259,0.7470678706589018
5260,0.08802389627996834
5261,0.01732672533085326
5262,0.755014447072978
5263,0.01017959920398441
5264,0.2926546393538735
5265,0.0641877094820415
5266,0.9792286960041945
5267,0.002094761918885358
5268,0.2099562257982257
5269,0.01256808523737961
5270,0.22892731262372212
5271,0.1304503536101349
5272,0.9695049425012111
5273,0.010222509312030118
5274,0.421340248280361
5275,0.8769477713884539
5276,0.11513885099492861
5277,0.8408949941376457
5278,0.18750421587723146
5279,0.018296697837643032
5280,0.014510556280664605
5281,0.002332108686898109
5282,0.9813196077501534
5283,0.05097352185363967
5284,0.013704364419357344
5285,0.0023824150770448563
5286,0.023142007108772168
5287,0.053918024916293925
5288,0.04271913189797168
5289,0.07524306805186369
5290,0.005827034069944104
5291,0.9873954651104735
5292,0.3666744143454293
5293,0.13331439609258233
5294,0.8204130058305981
5295,0.012787737989760042
5296,0.11745340179532669
5297,0.004108751254879711
5298,0.3015765921429234
5299,0.0017096322088165992
5300,0.018565416087190263
5301,0.43228499735005427
5302,0.5486522742341555
5303,0.14547923800958712
5304,0.11161738973390721
5305,0.05077679575045048
5306,0.09324376294329544
5307,0.9331171073128037
5308,0.08341454909090137
5309,0.12711631000964307
5310,0.024502839109331327
5311,0.8877439975425673
5312,0.17095835253211777
5313,0.028973802761325648
5314,0.7187319738794147
5315,0.17928331965486183
5316,0.09431215014671582
5317,0.06762534669066905
5318,0.007104321689566064
5319,0.7238473838822537
5320,0.11995618661651196
5321,0.09447194452543353
5322,0.08922322862010115
5323,0.02898616020436481
5324,0.9021465691575048
5325,0.21886746698420542
5326,0.0030514471150039878
5327,0.026569187015246652
5328,0.061502614006653786
5329,0.9630974546730491
5330,0.011484996155757769
5331,0.12245949390657897
5332,0.004352616705117456
5333,0.04381152447024181
5334,0.9691537180071724
5335,0.596033633993887
5336,0.009985467325972611
5337,0.0401526816216458
5338,0.3644826858180975
5339,0.06275107448354103
5340,0.009485228022961135
5341,0.0030375512460060687
5342,0.9832640435951836
5343,0.06829307903186434
5344,0.02236172071967355
5345,0.007573583414267152
5346,0.23563207863286825
5347,0.9628111896068159
5348,0.03676720988560663
5349,0.038202024701677106
5350,0.8629067466560596
5351,0.9953191273892459
5352,0.752190384356977
5353,0.027735424557342143
5354,0.25204632717189146
5355,0.8233667223593844
5356,0.024648012911803723
5357,0.20077645121960047
5358,0.998067043852907
5359,0.005558348063570971
5360,0.06025813510934616
5361,0.7310531821244001
5362,0.10295799002257354
5363,0.00745912675480978
5364,0.004700265150590443
5365,0.9768882078701691
5366,0.001620314276953607
5367,0.0024828708021440264
5368,0.9006398950303551
5369,0.822932950357288
5370,0.031142459331986432
5371,0.017246148699670453
5372,0.011785242171016324
5373,0.1997508464847108
5374,0.005113444770095673
5375,0.020086416250653355
5376,0.05634021784750199
5377,0.009623783055470915
5378,0.07115114062492173
5379,0.2784235658097872
5380,0.4101534164910547
5381,0.0289045050418521
5382,0.22840309206317336
5383,0.13122438639599437
5384,0.06089873360106238
5385,0.04201431168477638
5386,0.018877642439633295
5387,0.6385165635991991
5388,0.015380861118114151
5389,0.9749615138135673
5390,0.5328989855204894
5391,0.009287212612313972
5392,0.004408218448899381
5393,0.9854521783955867
5394,0.06167498293996757
5395,0.8380133324850949
5396,0.10476073792586738
5397,0.2882903529064167
5398,0.15383221991158916
5399,0.2964172874144129
5400,0.020364229599391662
5401,0.3665688772399208
5402,0.007887008665061753
5403,0.06477979713310755
5404,0.03243570053186379
5405,0.03132428693854736
5406,0.9038934667237711
5407,0.8513018376025852
5408,0.012224028880717878
5409,0.010910431123418614
5410,0.163879980878506
5411,0.24108283695977775
5412,0.9447398916755132
5413,0.0925595433586908
5414,0.003090624607146349
5415,0.9964416902760793
5416,0.027763127256216512
5417,0.08792190651674783
5418,0.06475540250265754
5419,0.30739061235264264
5420,0.04882470562856963
5421,0.061029435862100544
5422,0.06472564303701185
5423,0.04174524159601142
5424,0.9662610022381142
5425,0.9759113535319138
5426,0.021594945901637935
5427,0.009835942765676113
5428,0.004184626339046977
5429,0.001490460927880286
5430,0.597699742294738
5431,0.03790581863673895
5432,0.7888380481121722
5433,0.1839486068995112
5434,0.9696010772691271
5435,0.5852848614494013
5436,0.9842531935201975
5437,0.025278479698936353
5438,0.17892408268345034
5439,0.3822269321989809
5440,0.928504673105447
5441,0.012822868567502557
5442,0.04143886863373298
5443,0.42221187528874876
5444,0.014094761834503842
5445,0.8727219897948395
5446,0.1179584850521429
5447,0.14465439001677538
5448,0.04009369506044706
5449,0.0014391313631485264
5450,0.978197066794258
5451,0.002226127314003969
5452,0.9614410907176554
5453,0.13831851501264
5454,0.04805430193282713
5455,0.9708620312310875
5456,0.009755480421829926
5457,0.04173967294452517
5458,0.005140872401441242
5459,0.9392584840493248
5460,0.9735709619729
5461,0.013413044756787111
5462,0.026708182731755542
5463,0.022663530806871963
5464,0.0074474580752002025
5465,0.14652314748878975
5466,0.7595969067160059
5467,0.9935212405923616
5468,0.07514218874793015
5469,0.060627637596237884
5470,0.9979063655896285
5471,0.3495937140245998
5472,0.096266323656618
5473,0.002902421741180568
5474,0.2930261562123661
5475,0.0035013168006769336
5476,0.036436902892395845
5477,0.9039538768000758
5478,0.19390082794309454
5479,0.954731921025213
5480,0.06352069147216038
5481,0.10551883595362269
5482,0.017399880019993128
5483,0.40958417449929735
5484,0.836629309365209
5485,0.18930065295559528
5486,0.041118532482545454
5487,0.4348986515058343
5488,0.32886833068875937
5489,0.16595991835838897
5490,0.02664392853319126
5491,0.7426359950736374
5492,0.08200159806463558
5493,0.01862354836591682
5494,0.8096168166354223
5495,0.8607367033852704
5496,0.009564926079074226
5497,0.18525433067459285
5498,0.04200392223609395
5499,0.006314090241750123
5500,0.003143247848931925
5501,0.16623764949132624
5502,0.014298097024547908
5503,0.06528269336929601
5504,0.9880738470298369
5505,0.9838608781148159
5506,0.022994031462677006
5507,0.27738028544117455
5508,0.06386212152457735
5509,0.98727923710738
5510,0.003932800010081934
5511,0.9946352154067668
5512,0.005076923421359125
5513,0.030283396190458445
5514,0.4343049086582434
5515,0.003954922193600692
5516,0.03394027518035207
5517,0.10985489055959301
5518,0.2233739697822142
5519,0.025038591066608707
5520,0.022439828764482066
5521,0.9964762238392177
5522,0.8295797063569644
5523,0.21145671573115182
5524,0.9762420782352338
5525,0.08184780585681833
5526,0.10993508802911171
5527,0.8828988554164564
5528,0.006592461185339012
5529,0.03482166260375327
5530,0.09231717959057653
5531,0.05098916734320979
5532,0.11308712087704616
5533,0.09733196228315193
5534,0.28232804816789403
5535,0.03876032983739805
5536,0.10439225579813374
5537,0.044012265842296436
5538,0.006685514554456895
5539,0.05241242221601313
5540,0.7831889536945988
5541,0.004876984216804658
5542,0.25747669949782426
5543,0.005053866794694428
5544,0.00822353234819824
5545,0.8316530184539807
5546,0.3840469918798025
5547,0.07829096082877722
5548,0.05665775230775917
5549,0.987970583263891
5550,0.02458973823559838
5551,0.13385181618520461
5552,0.04246407294475982
5553,0.0459535474513767
5554,0.539048836227442
5555,0.08609870958592855
5556,0.10378016219821068
5557,0.6182002877451089
5558,0.9799477683083212
5559,0.11265684526055827
5560,0.9826544627117866
5561,0.6777165267396768
5562,0.0023487447694296774
5563,0.09482156075998868
5564,0.01680744511839728
5565,0.9924149607805779
5566,0.40730272037467946
5567,0.025804591498798428
5568,0.028055563812138962
5569,0.06290478554519872
5570,0.9867573118890542
5571,0.023850069223973612
5572,0.0016083786533355824
5573,0.05188171147592596
5574,0.8467273320120196
5575,0.34120230182151723
5576,0.041660550299905466
5577,0.018431091243973435
5578,0.18572080540828276
5579,0.011590574349571326
5580,0.9941301537383069
5581,0.28217838198344375
5582,0.010398241777452513
5583,0.01888393380895534
5584,0.5494405298312388
5585,0.012556953151113966
5586,0.330149869834079
5587,0.7386346261205633
5588,0.16707736817094296
5589,0.16626097457312689
5590,0.03912788833967656
5591,0.023655542640290045
5592,0.5287161549289798
5593,0.006021102704525544
5594,0.03965552525688018
5595,0.09416439010643478
5596,0.6038181395909495
5597,0.9769681459461542
5598,0.031238204628422854
5599,0.9331172024415317
5600,0.969873956641577
5601,0.08454888539478927
5602,0.05794030994574921
5603,0.5510557856540559
5604,0.005722745950951534
5605,0.7505021275845675
5606,0.15410862966268232
5607,0.0018719071766598078
5608,0.4642046361087391
5609,0.8303724965063153
5610,0.05679268233912714
5611,0.07081543201084414
5612,0.05472112293394053
5613,0.18093695846692276
5614,0.15061298752323893
5615,0.0019090169177664329
5616,0.05624451345522486
5617,0.866069321420442
5618,0.9979302434640777
5619,0.13435411335406544
5620,0.047378002901234346
5621,0.26901064977531886
5622,0.018078524394532718
5623,0.002793369894966835
5624,0.10182738254818971
5625,0.6985801324774823
5626,0.17875267594283306
5627,0.9977545262279216
5628,0.044246988525672284
5629,0.15248454712747664
5630,0.9716142315631235
5631,0.0228262963465865
5632,0.017399845442699846
5633,0.0057202916506607325
5634,0.5192338206539886
5635,0.08025916924032778
5636,0.00212390010884726
5637,0.08636850510097796
5638,0.833015178660251
5639,0.003264274841180483
5640,0.016597502093388637
5641,0.18444386709363658
5642,0.01951551618911415
5643,0.8207153561019259
5644,0.0713117198633488
5645,0.03561311127229884
5646,0.8115799350202232
5647,0.05852170935854625
5648,0.02260898545122116
5649,0.03938602172503537
5650,0.011116298939025855
5651,0.11531453235521552
5652,0.04918085060831477
5653,0.009842111204030139
5654,0.010124727681857126
5655,0.9695891311116989
5656,0.22838174238747852
5657,0.1994897120352503
5658,0.011043323059636973
5659,0.09940492835518101
5660,0.02303136048458749
5661,0.8619564447601893
5662,0.044684977443893006
5663,0.2562282738288538
5664,0.005677282593046101
5665,0.9301269170000481
5666,0.08627517629439059
5667,0.949854780606009
5668,0.9979814590575957
5669,0.2786110799679365
5670,0.913964439673638
5671,0.061303061509147064
5672,0.024321947481191087
5673,0.38546432310353906
5674,0.8322931956888953
5675,0.2335867239582819
5676,0.9977108931537157
5677,0.07025836076015482
5678,0.05298240983246404
5679,0.9843245648638412
5680,0.014652878704850372
5681,0.05985998849186554
5682,0.48602682179390577
5683,0.2156806450490885
5684,0.10015577447125118
5685,0.090804465631101
5686,0.07084950644768152
5687,0.13356237217857
5688,0.033276077208492155
5689,0.018809151424285894
5690,0.018086974996643107
5691,0.011247679732604566
5692,0.021754041658697397
5693,0.34038775756204787
5694,0.061503521409813425
5695,0.38772541545998884
5696,0.3574547857189746
5697,0.2800713095788947
5698,0.0467109123989071
5699,0.3852625549583105
5700,0.06333079218785329
5701,0.984629767314215
5702,0.07894768129801229
5703,0.3260662981260416
5704,0.8765762805494093
5705,0.6567770556082062
5706,0.08553982137409241
5707,0.02336022293471618
5708,0.1201513316011531
5709,0.9098449287279053
5710,0.9533003762082024
5711,0.061299821167977234
5712,0.001685315022815047
5713,0.015798439119415354
5714,0.23961450599964834
5715,0.030201860913269308
5716,0.0020384225465816287
5717,0.9389635005087136
5718,0.9346163787817312
5719,0.0022395035207406428
5720,0.43285052702709964
5721,0.0022113865590034924
5722,0.9968159964371028
5723,0.5758850789716394
5724,0.0205259121323675
5725,0.048773687410474
5726,0.3381061029492911
5727,0.9693148841175248
5728,0.8572685636336821
5729,0.0073722601868488205
5730,0.32076168691946205
5731,0.9767301852157078
5732,0.02488408327558598
5733,0.288853749569886
5734,0.99688198260183
5735,0.019495578400365032
5736,0.0021068655287238107
5737,0.9227654633990675
5738,0.8949818716008102
5739,0.007204325521109639
5740,0.24241416363750656
5741,0.06403231310714508
5742,0.10092510970971931
5743,0.9131254895762018
5744,0.27374179230488505
5745,0.003589001625501096
5746,0.0339516230517756
5747,0.09674700588413347
5748,0.08059435044787255
5749,0.33295384144141493
5750,0.9827915838208925
5751,0.00464600569044963
5752,0.10184070784279568
5753,0.029842404211423448
5754,0.006424566935873692
5755,0.0510905332146961
5756,0.0026098529032029384
5757,0.1626714965806525
5758,0.9186339612176485
5759,0.23094845111625248
5760,0.011950673975021068
5761,0.003700234139869729
5762,0.4376455188021763
5763,0.954221892715703
5764,0.0011263288348398333
5765,0.7734031755087999
5766,0.9917030610189834
5767,0.02437617904173055
5768,0.885291018544839
5769,0.0026855143059600073
5770,0.08542160703554091
5771,0.9981359985295736
5772,0.19607845268255203
5773,0.6551838221763937
5774,0.9616727207990254
5775,0.12018411107085844
5776,0.8679684637475247
5777,0.0021676001107796107
5778,0.02633534503377427
5779,0.011842696521184219
5780,0.027514782624422075
5781,0.4203215381432699
5782,0.08275023067766613
5783,0.3935207787282229
5784,0.9439316008732042
5785,0.7907405711922905
5786,0.001536477566247082
5787,0.06988725568221606
5788,0.9798702775019571
5789,0.04012195769829513
5790,0.983392617973172
5791,0.998112847550381
5792,0.047747240364256746
5793,0.2125190643328407
5794,0.11035439600258758
5795,0.08894324162607328
5796,0.09933531676295393
5797,0.9527211168694105
5798,0.992373404848539
5799,0.0238928344609004
5800,0.43722004063520914
5801,0.2465484226286022
5802,0.9592645790205925
5803,0.5258735055211954
5804,0.06240381367409027
5805,0.07707854297376995
5806,0.9148158865780383
5807,0.02855174411602427
5808,0.998380545447239
5809,0.011089753764496727
5810,0.04884962554081709
5811,0.9621888444899969
5812,0.9869413193750364
5813,0.9770589383722189
5814,0.9682244975801242
5815,0.956966416314136
5816,0.9269872727857524
5817,0.9259097150569329
5818,0.02515453135140222
5819,0.9953724797647607
5820,0.24896082432697172
5821,0.02550808435494408
5822,0.9982711509715835
5823,0.01055717692808663
5824,0.8789084830989028
5825,0.03645277339896092
5826,0.016499272056157213
5827,0.020851482119440937
5828,0.9554248383359238
5829,0.23740010488418584
5830,0.07093691675034067
5831,0.09339796386796267
5832,0.4665202929215235
5833,0.1766457581198852
5834,0.07076617920144931
5835,0.5246387650994419
5836,0.09556540517678092
5837,0.780599673872584
5838,0.014132925982173306
5839,0.0021552127713444927
5840,0.0044890915567136515
5841,0.9242297480165385
5842,0.07753277567362807
5843,0.12486518335365093
5844,0.1568285736865609
5845,0.5942019582063006
5846,0.9388407657497266
5847,0.13116153419901272
5848,0.10545525362436889
5849,0.05706288232963958
5850,0.9881219747874566
5851,0.956994574744703
5852,0.8827467729718774
5853,0.08038001381762026
5854,0.8506414661628492
5855,0.005910107050096465
5856,0.13016915178735602
5857,0.04849516951205063
5858,0.6186036810205005
5859,0.029399323813174574
5860,0.9627109630603804
5861,0.015133850576762656
5862,0.6435434039646543
5863,0.1695574172747871
5864,0.17924613029160263
5865,0.15019136543711065
5866,0.06952143205617282
5867,0.08150354975727099
5868,0.05150682251719802
5869,0.07791456689518202
5870,0.0021159580198186613
5871,0.11693260344020903
5872,0.006367038150892014
5873,0.11321299785412131
5874,0.9911549022840536
5875,0.9983363435880876
5876,0.05879870832161464
5877,0.9644663331646397
5878,0.11355896149531815
5879,0.039320036225131
5880,0.19984919902910403
5881,0.19194959270162112
5882,0.030148542720874315
5883,0.24361507039588207
5884,0.8140292750763188
5885,0.008548176396999839
5886,0.5740320079964247
5887,0.9383855546716515
5888,0.5350047794284676
5889,0.950201324299953
5890,0.0070705804888306165
5891,0.03486253570182864
5892,0.5953198735646791
5893,0.041992885762310944
5894,0.042106582293584535
5895,0.10274684020286518
5896,0.012370105213525336
5897,0.053236199920872265
5898,0.7258832413799169
5899,0.12996270836999665
5900,0.08840982652452037
5901,0.7603769484602612
5902,0.6290579259351721
5903,0.9586545139188062
5904,0.9838300103859221
5905,0.3725376680281681
5906,0.03681439525445507
5907,0.9857583473869209
5908,0.029201396108222748
5909,0.0672287508695038
5910,0.12252547390724837
5911,0.08507170650321527
5912,0.955483056815417
5913,0.004747558650698899
5914,0.08051193873751178
5915,0.20531602793312148
5916,0.0031585991053875804
5917,0.010867638875935995
5918,0.9471204201561871
5919,0.07309315766645441
5920,0.984549445159451
5921,0.048721546353180586
5922,0.07459146455762361
5923,0.09630622577855263
5924,0.3215361894941821
5925,0.0726820699838035
5926,0.9778210416742423
5927,0.21135428313345372
5928,0.06769807787217674
5929,0.006419546915611714
5930,0.09337109419493658
5931,0.9271413040762713
5932,0.03234074132556325
5933,0.9413713961775284
5934,0.5598680152359696
5935,0.22646913260212576
5936,0.00589573611309124
5937,0.0723517675154152
5938,0.3846174304914416
5939,0.004629868481617001
5940,0.9666535293561648
5941,0.049126410876901
5942,0.07687940464486129
5943,0.07326726958010803
5944,0.4745653791323836
5945,0.9855189109645219
5946,0.05193980977212416
5947,0.059034369376158434
5948,0.09823772910739335
5949,0.6752538084690515
5950,0.005672825859792345
5951,0.4875668167522187
5952,0.07958106831365323
5953,0.48363504693101395
5954,0.4790564330186865
5955,0.03379519978190238
5956,0.9234866969880582
5957,0.8170077828497614
5958,0.7961445579851496
5959,0.21970404542631444
5960,0.046036332730934756
5961,0.002986464934484609
5962,0.24014518450506805
5963,0.005234619695919401
5964,0.8909109808855042
5965,0.1316301479234207
5966,0.03362880633248995
5967,0.004010496505193164
5968,0.07403586421917685
5969,0.7652391319208025
5970,0.9441272003899284
5971,0.04296427065698538
5972,0.9387679167440134
5973,0.08742167739358384
5974,0.8635116463018463
5975,0.6152830855924547
5976,0.005066125125824264
5977,0.38456851719179674
5978,0.18901074045215618
5979,0.9303546430819262
5980,0.23845863367925366
5981,0.3126766728267148
5982,0.03972877516821309
5983,0.016093456262525844
5984,0.937441155938733
5985,0.04292115457674235
5986,0.12447152153253886
5987,0.023624518345567534
5988,0.7542978215850431
5989,0.8585015963094002
5990,0.019710108464565543
5991,0.9840861766441994
5992,0.07965670039802614
5993,0.5708002635685374
5994,0.029070738973372416
5995,0.0469884094286957
5996,0.06801322714882946
5997,0.9404906586863984
5998,0.8115075606592174
5999,0.8478731486650861
6000,0.017831668483635918
6001,0.7149814387597646
6002,0.6803986604298619
6003,0.44389849679253474
6004,0.07451932495388108
6005,0.0045170127655138285
6006,0.7174599459130537
6007,0.9771438520635745
6008,0.3994896802486074
6009,0.9536127295430993
6010,0.02479666964424347
6011,0.9467979999672665
6012,0.13581129051570093
6013,0.18535663715668238
6014,0.021254454715064736
6015,0.0748955977238501
6016,0.05130246613163061
6017,0.02224457539812056
6018,0.997770144738434
6019,0.019110614032581498
6020,0.9774362011416289
6021,0.29978453565975216
6022,0.9755125008146126
6023,0.8695144709642082
6024,0.023165681353441714
6025,0.10015364558138246
6026,0.06118687058841495
6027,0.3358261354875739
6028,0.06979122583365657
6029,0.681353931133986
6030,0.03598136893921618
6031,0.015939939956558125
6032,0.06632332432231028
6033,0.018285191333276222
6034,0.48456925765420433
6035,0.17807855440145126
6036,0.9702954218102487
6037,0.6486914013229641
6038,0.8785075877596447
6039,0.004198748281277897
6040,0.04988527164888325
6041,0.963490879997364
6042,0.9545438094612209
6043,0.8449839570756024
6044,0.9595247046206372
6045,0.9182064885649514
6046,0.010985617858311217
6047,0.10578911146129273
6048,0.2115136523846192
6049,0.4659555302123679
6050,0.016032767013365937
6051,0.19668165955853018
6052,0.08484054504048115
6053,0.0016750582433262798
6054,0.022375157462070555
6055,0.08284197459278572
6056,0.14713268296027243
6057,0.015270333824009328
6058,0.18215254688117222
6059,0.7973409464114395
6060,0.01690407996057952
6061,0.4026522430491243
6062,0.0481475685106861
6063,0.9547907203752393
6064,0.006721663226922995
6065,0.02237031160670469
6066,0.1936564181244355
6067,0.011543822448696658
6068,0.5495529477929619
6069,0.0018293117494162451
6070,0.03238719076573707
6071,0.017671659416302353
6072,0.9980904590488432
6073,0.009869754839314928
6074,0.22119805562248904
6075,0.0763230062313012
6076,0.10753267312949678
6077,0.08089525187486421
6078,0.35875349154150266
6079,0.03436757889005808
6080,0.7656815075590366
6081,0.007842804885355485
6082,0.7744704194356071
6083,0.012311085254316791
6084,0.9853617415576241
6085,0.18476424286808676
6086,0.03496844067063361
6087,0.05410002853120179
6088,0.19140069246469288
6089,0.08032765487007446
6090,0.029871121419754655
6091,0.029345400213421316
6092,0.9660368112178693
6093,0.33608690409288194
6094,0.03401061085413993
6095,0.5462889530956646
6096,0.9611603767068708
6097,0.06911004927912298
6098,0.0022352754362836517
6099,0.9182520614899916
6100,0.977691053804577
6101,0.8303053716738086
6102,0.0940457653124854
6103,0.2710120655956081
6104,0.0880153981185442
6105,0.007942802329137737
6106,0.022351470382654885
6107,0.7243757911638772
6108,0.9754426327028737
6109,0.0029984770586342314
6110,0.29173217816786745
6111,0.9644908242892994
6112,0.009025371837010177
6113,0.005590963613110083
6114,0.03749595855739288
6115,0.9694029235778112
6116,0.6856485416753078
6117,0.0015561003073510853
6118,0.05004464225060243
6119,0.6898879350694729
6120,0.38602713411828915
6121,0.008655302361067645
6122,0.046852440323799635
6123,0.8940189346571262
6124,0.08933179015007153
6125,0.5315512425095845
6126,0.002666385285477353
6127,0.9149572153718408
6128,0.0038343498540500285
6129,0.9090565245163019
6130,0.029167106584455815
6131,0.04630885362602685
6132,0.9482197670292051
6133,0.10635278865948762
6134,0.5486733214041537
6135,0.041033362438717094
6136,0.8603801714481495
6137,0.10601897975112683
6138,0.010456276984736161
6139,0.1722928630949892
6140,0.04799120945346037
6141,0.9980523550368241
6142,0.9242985150016457
6143,0.8859486500319464
6144,0.02873905513031698
6145,0.9719401991091694
6146,0.5787834111821559
6147,0.03435434987463196
6148,0.7851730448266575
6149,0.24658969433039538
6150,0.009283307672127055
6151,0.024238587565420387
6152,0.034472730611142574
6153,0.024315311192409816
6154,0.8593207786444731
6155,0.017005595193716246
6156,0.3301477515718093
6157,0.04887778400688109
6158,0.1864526395174192
6159,0.02299435642092516
6160,0.7616681503264536
6161,0.42495028395012
6162,0.9608074379099714
6163,0.8239936280103847
6164,0.02348181305274037
6165,0.25689040838721894
6166,0.969879110701596
6167,0.9920248446220797
6168,0.751164424277672
6169,0.44826063480788175
6170,0.7848326674262582
6171,0.15334710303716437
6172,0.8064264615064498
6173,0.08762460927596522
6174,0.4701283446791812
6175,0.8044907879030813
6176,0.012176508390284939
6177,0.0681576072096557
6178,0.9361402047260081
6179,0.09842226281244817
6180,0.6607652760007667
6181,0.9733214868587117
6182,0.15184779033314688
6183,0.020302129980295007
6184,0.1434568254540862
6185,0.6663955724763313
6186,0.39986612033593644
6187,0.0031267168218398304
6188,0.04416587020912603
6189,0.15307023140992532
6190,0.10934636320953355
6191,0.9979850687106209
6192,0.26018247919876336
6193,0.03186137265660444
6194,0.980253014975808
6195,0.013890711094835804
6196,0.9809656130731954
6197,0.9829596453418962
6198,0.8737274877453813
6199,0.03386547850174998
6200,0.9713812478905044
6201,0.010279547558950573
6202,0.011081611004272154
6203,0.020258489507277915
6204,0.1133677091257843
6205,0.018154624905523636
6206,0.02359044870664711
6207,0.039093615738413634
6208,0.9837121125837838
6209,0.23035509512049968
6210,0.4912837443034384
6211,0.9415596756555713
6212,0.014460514652324426
6213,0.008548474827082387
6214,0.6509891333370784
6215,0.06199206991242343
6216,0.029023387103645274
6217,0.03667643354659571
6218,0.19467007233933292
6219,0.13988966792991667
6220,0.05311697556572576
6221,0.7501975915254883
6222,0.009959515561690533
6223,0.011226283294280253
6224,0.00961039287648138
6225,0.0024809820436866824
6226,0.004629558324387402
6227,0.01842739025203881
6228,0.02940827238610907
6229,0.9634406049282974
6230,0.0014840630892720091
6231,0.06719693124639076
6232,0.06801602972796524
6233,0.038908016464844826
6234,0.9976157985961966
6235,0.5170573105984438
6236,0.11573460122320396
6237,0.27247683744278894
6238,0.0834903379755392
6239,0.7803225359285466
6240,0.011472529332941189
6241,0.5397420820864209
6242,0.01065985239084503
6243,0.010468488264720742
6244,0.0015152644601837547
6245,0.00179614054237362
6246,0.9713111127666949
6247,0.05537770702118752
6248,0.007399729521852425
6249,0.2167105663772142
6250,0.33755744698022616
6251,0.08028984397621558
6252,0.8875643018104954
6253,0.7618646091475497
6254,0.9266387967416705
6255,0.9474722509909719
6256,0.99373206131716
6257,0.44874149196257207
6258,0.9944090925238714
6259,0.00767568146047969
6260,0.003539981795721627
6261,0.057483147898848445
6262,0.09560641206521141
6263,0.2129754044472761
6264,0.5571522850501391
6265,0.06812785336053065
6266,0.9640765357273275
6267,0.06036429043241551
6268,0.051054594505084594
6269,0.007549344336764129
6270,0.07029285957648798
6271,0.03346242820566976
6272,0.14645434415880706
6273,0.03392832560828739
6274,0.14981145783647629
6275,0.004997745129530069
6276,0.9853905282243118
6277,0.04943631493050321
6278,0.08133506484586367
6279,0.9884478664275307
6280,0.14472750088299569
6281,0.0022133847491566175
6282,0.1454734896742491
6283,0.2728655847453159
6284,0.6398211791368269
6285,0.3867559064813537
6286,0.021750042903500223
6287,0.039805824979084074
6288,0.9872160382490854
6289,0.7183231490076891
6290,0.045035657041338065
6291,0.06855590266814203
6292,0.026143909772766215
6293,0.15781237560787056
6294,0.7642183428828433
6295,0.05385552540169554
6296,0.7660382722595271
6297,0.018606456601072612
6298,0.12630720615619656
6299,0.9781098444781209
6300,0.8770748614130836
6301,0.013119920697862818
6302,0.02141970020370648
6303,0.018205301059310917
6304,0.5486042231359454
6305,0.9002109718014533
6306,0.8271707069917926
6307,0.4374406728965614
6308,0.5217002750605162
6309,0.029615350542814844
6310,0.7239614600308086
6311,0.6650014123728011
6312,0.9630118245204222
6313,0.9975895287437249
6314,0.029020942320691884
6315,0.47729827755639176
6316,0.36791966142915156
6317,0.039799505409684216
6318,0.2461752866848868
6319,0.14619083282057072
6320,0.11436286874497936
6321,0.001632713207867608
6322,0.9983054371535659
6323,0.0019105202877949688
6324,0.22023754182552419
6325,0.0017723695698308609
6326,0.006368341823886302
6327,0.29192541598460164
6328,0.009451277151196275
6329,0.06015694992497898
6330,0.7381636189838157
6331,0.010293630325185932
6332,0.9977529848288417
6333,0.9512514857811467
6334,0.007240091316705792
6335,0.9906942131655501
6336,0.32465276331202797
6337,0.5942195651630818
6338,0.12897646425364215
6339,0.24069023115820434
6340,0.005894751689261242
6341,0.025712437736830105
6342,0.7790871956554932
6343,0.01988339830578376
6344,0.12500036123371133
6345,0.011553283928742698
6346,0.10309126988366192
6347,0.036780116125614756
6348,0.07892120265209931
6349,0.9459550866906083
6350,0.8496952691478832
6351,0.31394938011770956
6352,0.5960722313838347
6353,0.053527285513665375
6354,0.01854061382111091
6355,0.09735430662487339
6356,0.15186591447444298
6357,0.20429343875812478
6358,0.002873208411506293
6359,0.29393281497258217
6360,0.15546913831866369
6361,0.1978768313490265
6362,0.02475472367560709
6363,0.9742367894001325
6364,0.007692195533432488
6365,0.03856665845127269
6366,0.002032972696102456
6367,0.07434526755612882
6368,0.1608199603890571
6369,0.951825764933173
6370,0.3325159525591159
6371,0.037711789994556405
6372,0.005333382559544578
6373,0.3798005218693248
6374,0.053449024667780586
6375,0.4393709305566296
6376,0.5006255781192104
6377,0.10962858963208491
6378,0.011555330147028461
6379,0.01755361578961346
6380,0.004391238041500914
6381,0.3852242514274091
6382,0.031305749580907705
6383,0.03174430814323978
6384,0.04197279120329474
6385,0.9970822702432741
6386,0.0682395178555472
6387,0.013649207231804994
6388,0.8268373235331588
6389,0.5177916180598223
6390,0.7274739031231037
6391,0.9190252023081905
6392,0.03717810956659576
6393,0.011496170688554054
6394,0.012626662803869437
6395,0.8096345115726707
6396,0.22460951856478323
6397,0.981918691325472
6398,0.9435371526038538
6399,0.9480630903799043
6400,0.840543697297893
6401,0.9902341470940911
6402,0.9397868667928856
6403,0.0015502380421512027
6404,0.003121279823379279
6405,0.5081680555899509
6406,0.9632645964230271
6407,0.9521826317007931
6408,0.43122894583113147
6409,0.7244863893370488
6410,0.012188672059416858
6411,0.2953905217475031
6412,0.31703304782892155
6413,0.9406125330831914
6414,0.0028219122257428855
6415,0.9718927441597447
6416,0.13986122375451557
6417,0.5074814471522655
6418,0.04162001814281329
6419,0.0635536320429166
6420,0.3553940993870999
6421,0.08566753230494797
6422,0.03744727181177853
6423,0.10684579792902145
6424,0.9387869507513876
6425,0.6099693733793723
6426,0.20239068581054714
6427,0.21385276458991567
6428,0.10986727459563861
6429,0.9755803003926384
6430,0.9873067486562748
6431,0.0619386810749775
6432,0.09900198079431147
6433,0.001575388836859864
6434,0.08389393151297769
6435,0.05760483932330154
6436,0.09102372087921144
6437,0.9883304939424913
6438,0.06926801616149109
6439,0.051936863847320595
6440,0.02335423380432069
6441,0.02646221107556722
6442,0.014448351683042895
6443,0.01043655773392017
6444,0.9375978286073342
6445,0.9374680634456681
6446,0.20363572282230202
6447,0.024256906965743542
6448,0.012640466763640293
6449,0.645025724042087
6450,0.028580096035929585
6451,0.6350877834783568
6452,0.08300265654444562
6453,0.011815539338529107
6454,0.22787250562901
6455,0.08735595550548647
6456,0.9186212676983405
6457,0.05743822115103051
6458,0.6128957292750928
6459,0.012696880431493527
6460,0.02267495195229766
6461,0.07815108324363873
6462,0.02357107698648326
6463,0.002367088438353712
6464,0.9702270309480229
6465,0.4459894937289002
6466,0.09369553175776671
6467,0.3747385068286316
6468,0.02840456189017858
6469,0.9748105743606796
6470,0.9191628821438396
6471,0.4283830188441313
6472,0.031091367371403285
6473,0.061159024654639994
6474,0.33154806571771256
6475,0.08749564587033165
6476,0.18125364673436783
6477,0.0048795951500977
6478,0.1065201079445183
6479,0.7119650496352126
6480,0.010127966572863323
6481,0.016843343175104275
6482,0.6900098151701708
6483,0.04892559966609584
6484,0.0556737834712773
6485,0.18515848202858814
6486,0.33795172945954755
6487,0.02197680474851447
6488,0.0509487411939881
6489,0.012953635844916649
6490,0.39490937805677656
6491,0.1309226956573002
6492,0.9851813387722301
6493,0.02120967515950813
6494,0.09234883899395346
6495,0.1636078075520545
6496,0.04238644194041627
6497,0.9647301744458561
6498,0.6844981561226076
6499,0.33775312796796403
6500,0.9979549308682658
6501,0.9969016812133134
6502,0.006554912149670098
6503,0.9740222831906827
6504,0.004475571148413128
6505,0.8970179253218052
6506,0.9985326408426934
6507,0.09811409665830192
6508,0.08530112025548921
6509,0.06304140417854084
6510,0.17407134871029037
6511,0.9918867526186982
6512,0.03233361126149921
6513,0.9799418190015139
6514,0.008533343245364974
6515,0.05273705118974932
6516,0.0023588430131517447
6517,0.03966973222143623
6518,0.0694503616786844
6519,0.08182025362547048
6520,0.9343158048611264
6521,0.10029158117509049
6522,0.0015312747032644879
6523,0.425186224134635
6524,0.07079926690586277
6525,0.1832883713117833
6526,0.1297012329026391
6527,0.005974756794121249
6528,0.007700214770634822
6529,0.017754322554696694
6530,0.004699051975100741
6531,0.9595354649272766
6532,0.2920870459254673
6533,0.474965419444129
6534,0.8058419040200351
6535,0.08207938849465157
6536,0.8219660939965509
6537,0.027090351593108485
6538,0.005472553192267678
6539,0.11248085552979786
6540,0.027189149297329476
6541,0.9608559081031645
6542,0.011127783185485629
6543,0.05820033069567843
6544,0.017555575723449398
6545,0.08260393843228311
6546,0.07190288883529013
6547,0.9078396088085434
6548,0.1184674668347907
6549,0.9811746381278692
6550,0.046519889415284885
6551,0.1189231860825453
6552,0.6367047948611174
6553,0.08130538769773515
6554,0.05677471240761857
6555,0.5795346244610826
6556,0.994052123920514
6557,0.3900772252716541
6558,0.9774146359297513
6559,0.6699759895581081
6560,0.8538439995466962
6561,0.18258663654137175
6562,0.4972108374003582
6563,0.9796468476502849
6564,0.013824299608690034
6565,0.3995005814071135
6566,0.9770324536998932
6567,0.1265656995776988
6568,0.1978852596643449
6569,0.56700020937934
6570,0.06465346231270289
6571,0.03900804881254649
6572,0.05574655762040468
6573,0.9838638531691414
6574,0.0882623598745816
6575,0.5500348630244172
6576,0.10393190330757276
6577,0.07025006581521828
6578,0.11145495098773728
6579,0.303706379521433
6580,0.003548129521661502
6581,0.003737782545803317
6582,0.10655107637814258
6583,0.1563867235070603
6584,0.6836984641681207
6585,0.13409554402109353
6586,0.5052038769854914
6587,0.9384078077731391
6588,0.0053352443503880565
6589,0.10344304490322798
6590,0.01934072852840281
6591,0.025464570491174718
6592,0.11409058351384439
6593,0.07743172566973722
6594,0.22991037011218224
6595,0.5369520723206149
6596,0.04247690490364227
6597,0.01194849693284675
6598,0.4130403605742624
6599,0.9576423168867358
6600,0.21645069429097333
6601,0.8200246643761435
6602,0.030668015259576395
6603,0.4872236134986857
6604,0.006318623022129254
6605,0.04556451877682853
6606,0.693183702341651
6607,0.007014118808041713
6608,0.8828188931751092
6609,0.007346050381777789
6610,0.042239000104529745
6611,0.0393284447884162
6612,0.9660942574297315
6613,0.01880603633339521
6614,0.275663799258948
6615,0.10609211030723839
6616,0.01778081140552424
6617,0.010049963945816842
6618,0.9613060680423653
6619,0.06484647919610183
6620,0.274701791695992
6621,0.9978517340133229
6622,0.9534581976089032
6623,0.0027892936711322713
6624,0.04818871153501748
6625,0.10574412978642933
6626,0.10464786873740449
6627,0.023488070724776024
6628,0.007654729562062862
6629,0.02429571426032643
6630,0.16821426035564757
6631,0.03266038225148665
6632,0.03004605586893238
6633,0.17632556056015353
6634,0.013629876436084057
6635,0.1948415249890968
6636,0.017938252159090416
6637,0.042242375865405635
6638,0.05668099335680589
6639,0.969958961690354
6640,0.01675461660408972
6641,0.06406575617638582
6642,0.9709055594732952
6643,0.12031779690329451
6644,0.19223905438420374
6645,0.27885063627010953
6646,0.9102486373715878
6647,0.17277330172039568
6648,0.9187678439336485
6649,0.9142454567613616
6650,0.136539093225587
6651,0.9502541352719135
6652,0.4025708612422028
6653,0.20669200254279316
6654,0.08294889890368784
6655,0.11136247355218604
6656,0.0021954624702683057
6657,0.7225372257623168
6658,0.06073874574619036
6659,0.9769788669798515
6660,0.043648193863118405
6661,0.1476909460676798
6662,0.9839615224908712
6663,0.025702733789414574
6664,0.048071309541977525
6665,0.9373981485592443
6666,0.07121015915586242
6667,0.3404342114879192
6668,0.038266797025647975
6669,0.22406763261398122
6670,0.11291744037160392
6671,0.9615011456692143
6672,0.031883447914697285
6673,0.0040529233450518655
6674,0.06515006569727216
6675,0.5045068047809879
6676,0.3176030976599975
6677,0.0319521406266535
6678,0.22014477175512542
6679,0.08516425221683546
6680,0.2281177238596602
6681,0.3523392496965629
6682,0.02099917493653184
6683,0.1391693861342456
6684,0.15170492694741888
6685,0.9618480593664975
6686,0.695199592463772
6687,0.0019006116364386257
6688,0.002536553968956371
6689,0.9154682584893313
6690,0.9809614702366055
6691,0.997175818472307
6692,0.004143653132603871
6693,0.30869393388451327
6694,0.04014363750754488
6695,0.9454204558058382
6696,0.08558532867024518
6697,0.046346644025834605
6698,0.9829344840184561
6699,0.7779395156511903
6700,0.39600551755018254
6701,0.013047149556594272
6702,0.9325656363597965
6703,0.9381641498084137
6704,0.11273616090191416
6705,0.9836655683685914
6706,0.017216150860296698
6707,0.05988081709420566
6708,0.0364011665666836
6709,0.19411113297140647
6710,0.07566745142878045
6711,0.06738381165110895
6712,0.002444973961150539
6713,0.4348900378098449
6714,0.9709848204629015
6715,0.02593115626644784
6716,0.04786324735148419
6717,0.8318175424730263
6718,0.9703385998916407
6719,0.09279872989273494
6720,0.0015231067074832592
6721,0.0014274394057665564
6722,0.6540841824147077
6723,0.04622626633327243
6724,0.0043368935719232775
6725,0.9982349583198988
6726,0.9023800434371687
6727,0.9428006963116999
6728,0.03190550067543904
6729,0.9670379400794825
6730,0.25831620317393555
6731,0.22169130515920493
6732,0.1209120226099288
6733,0.9839947615291031
6734,0.017986124431573314
6735,0.9955150342072295
6736,0.35073073069234745
6737,0.9971922211536645
6738,0.9849838182249465
6739,0.0017479522374633457
6740,0.006094784702292965
6741,0.0038379736045319308
6742,0.1402400600663899
6743,0.057762481215760525
6744,0.03536577118232366
6745,0.0022375432465696135
6746,0.739232478871269
6747,0.5815187486146004
6748,0.9243493595764622
6749,0.11704489346953031
6750,0.9829792279147751
6751,0.25188688246123464
6752,0.011390509009573651
6753,0.2682293380716318
6754,0.008933996047470043
6755,0.19012945005404708
6756,0.9676993645254806
6757,0.10107863828841919
6758,0.6564658373561852
6759,0.026089009008995478
6760,0.06905031065377598
6761,0.02072715308463595
6762,0.9512509271036245
6763,0.0017879524953400253
6764,0.04110786725377307
6765,0.1854761153962252
6766,0.9135873197564415
6767,0.9846837460471596
6768,0.9287691304238181
6769,0.026075186331652574
6770,0.019203908495055894
6771,0.03216359670841576
6772,0.969666154309143
6773,0.022324906692755796
6774,0.010164857698893234
6775,0.041402295630768644
6776,0.14360071543555436
6777,0.05964623592260378
6778,0.03268227077723043
6779,0.13474346339017668
6780,0.8110079275818523
6781,0.0075783119513766675
6782,0.08827067714811068
6783,0.13000373182360656
6784,0.002632952316053636
6785,0.7963773388639024
6786,0.6760712346920219
6787,0.8386656191922987
6788,0.8672260438482821
6789,0.11999415095094867
6790,0.010302691307022306
6791,0.629696521639921
6792,0.96812178949591
6793,0.08918891012956413
6794,0.17844538653841313
6795,0.9600252848518
6796,0.589270739932644
6797,0.09469195240438105
6798,0.3787883415912182
6799,0.028425682247725202
6800,0.7371505149998584
6801,0.7059470207274434
6802,0.31731551980003747
6803,0.09684620137820613
6804,0.5685419021743858
6805,0.002957409887986497
6806,0.7305774419068556
6807,0.003570714277856653
6808,0.0474356940874804
6809,0.11509490937838045
6810,0.8075352933648215
6811,0.03178688029469581
6812,0.0163312271646957
6813,0.877772801215227
6814,0.024973362231113225
6815,0.2006140285937771
6816,0.028276952414166473
6817,0.010186115893818067
6818,0.9879751948242369
6819,0.009537749586034804
6820,0.05651446976664693
6821,0.948066588445753
6822,0.00929708572920209
6823,0.20455743075829938
6824,0.02153505294901586
6825,0.025770436925297138
6826,0.06873527708399303
6827,0.0032567978391306956
6828,0.9623230277053043
6829,0.0014557846879365043
6830,0.9885379887568999
6831,0.05795693112626271
6832,0.012465893257236703
6833,0.073214242446454
6834,0.01610807840747808
6835,0.7317086605502374
6836,0.6287013365083733
6837,0.9981557401774941
6838,0.24178668366326767
6839,0.12151760888984106
6840,0.851386503754509
6841,0.039160894672339776
6842,0.8800421421482527
6843,0.001728526100852193
6844,0.07426958269456999
6845,0.9898684496766457
6846,0.22629703375083898
6847,0.003943987385709839
6848,0.765831177470806
6849,0.02454539533057983
6850,0.019164737818216204
6851,0.6352186533840017
6852,0.10645377160382881
6853,0.6839695101886207
6854,0.05988618293654532
6855,0.04910872643733839
6856,0.09539267082508113
6857,0.8599852507187222
6858,0.9836742021755418
6859,0.960245579714796
6860,0.9097347395796849
6861,0.020141143833854628
6862,0.08767497334360855
6863,0.03452078633614561
6864,0.10063267107803295
6865,0.0018430008332873844
6866,0.19626514708413625
6867,0.4018920052282821
6868,0.762850428950532
6869,0.21886027402802788
6870,0.8275041017113924
6871,0.944597330667309
6872,0.009803704439878193
6873,0.10107341012252144
6874,0.06755851773327917
6875,0.178460955815971
6876,0.9692013050411101
6877,0.7782166301582061
6878,0.012099637521415046
6879,0.031715146417590837
6880,0.040824054359908324
6881,0.31420440637550245
6882,0.9185532561639085
6883,0.4897484082692881
6884,0.15856944247767257
6885,0.053043722174919164
6886,0.9899603313490032
6887,0.7950256149586001
6888,0.7096413179941766
6889,0.09913643843110856
6890,0.9737960379341226
6891,0.04543506789054247
6892,0.004424009532497419
6893,0.0486790510522556
6894,0.14008989030943703
6895,0.07726463106319435
6896,0.998530069764106
6897,0.05991054007141772
6898,0.9649623337991378
6899,0.014802575739496934
6900,0.463240862117904
6901,0.0059869361477469475
6902,0.04685602576993884
6903,0.03622101783800791
6904,0.03026572534912827
6905,0.9929167268852465
6906,0.8497294728169467
6907,0.04720723360319903
6908,0.049018026059311305
6909,0.0023305712314808137
6910,0.7720020709381998
6911,0.015315701494030245
6912,0.9847276397188637
6913,0.9815731155292795
6914,0.0025679726688817017
6915,0.02683106527950383
6916,0.9785784395577443
6917,0.29540050844442634
6918,0.7097326393272205
6919,0.010894986230032724
6920,0.03386517029807133
6921,0.6412250830054277
6922,0.0023256543047249062
6923,0.025867423690647828
6924,0.03296308828446139
6925,0.006508661863932419
6926,0.5337449859580776
6927,0.008781985728539495
6928,0.0018531859801770576
6929,0.010212777814712994
6930,0.3449331053567589
6931,0.08940143442959625
6932,0.04767691810169687
6933,0.8246409949353686
6934,0.046188467430606645
6935,0.22256208722918064
6936,0.002663765737935224
6937,0.00476959692728674
6938,0.16088708333729201
6939,0.044618185613407566
6940,0.9410005831383493
6941,0.004292378834276762
6942,0.9132805619652242
6943,0.04058931072923781
6944,0.9080069300809372
6945,0.6910355602678984
6946,0.0019458686122508112
6947,0.8347831402459192
6948,0.012523340010373326
6949,0.0870413040157442
6950,0.9041327505637557
6951,0.724180846960888
6952,0.07079044807967845
6953,0.0026380183644883082
6954,0.01415424898880076
6955,0.9174739315033978
6956,0.06438200078648428
6957,0.9981746853396297
6958,0.962521758180876
6959,0.09830417403145379
6960,0.07618405641248721
6961,0.160748120787363
6962,0.590121470587243
6963,0.03993047450284132
6964,0.5385634049874579
6965,0.005698664004605454
6966,0.03364926582851265
6967,0.012708369427896292
6968,0.9832986515406628
6969,0.996645594101249
6970,0.001656732983442584
6971,0.0021941795909415224
6972,0.0709344865514792
6973,0.019499387223673066
6974,0.3227266816946116
6975,0.13365266873184017
6976,0.023148613871788296
6977,0.07784566327628026
6978,0.007728305430759667
6979,0.01666206446817421
6980,0.5484941294717038
6981,0.07825465267201141
6982,0.9983918745458735
6983,0.21854486771021542
6984,0.023879043248399213
6985,0.2666645137267206
6986,0.8588474645257642
6987,0.10272928022986523
6988,0.05471458597847852
6989,0.005939661659916686
6990,0.005124950749787478
6991,0.004601334345902191
6992,0.05927967060591674
6993,0.8483939536514086
6994,0.8944578477214864
6995,0.046861728546773854
6996,0.4887223553005849
6997,0.9029821557633148
6998,0.006905342775534262
6999,0.054512377760881664
7000,0.5261870834134184
7001,0.16995016261429724
7002,0.11224884633436583
7003,0.14545271504150598
7004,0.0019932132851804476
7005,0.0713966658044946
7006,0.004090041520271986
7007,0.9670263694611971
7008,0.0595981773468623
7009,0.027783786006872813
7010,0.13860074107810622
7011,0.9145258174344582
7012,0.004939541369563009
7013,0.4327917961796568
7014,0.7253183965185866
7015,0.0023232284787702813
7016,0.9462348945954631
7017,0.0789835871902385
7018,0.2872703465180352
7019,0.02843944768295826
7020,0.021421868720087583
7021,0.008967353407293564
7022,0.4372112042863302
7023,0.2955888789369799
7024,0.8033050050623556
7025,0.03610751958989181
7026,0.015372399336636207
7027,0.04137992452891502
7028,0.06368625876228748
7029,0.0998626591442483
7030,0.18087079589002247
7031,0.9869869627101171
7032,0.008655576195168985
7033,0.8968435981281621
7034,0.1464546333460719
7035,0.3627635165053147
7036,0.8494494124711367
7037,0.9622728721500351
7038,0.028482452954788916
7039,0.00204093889311211
7040,0.07665085224089482
7041,0.9680903194965962
7042,0.004147970446111898
7043,0.608705856200705
7044,0.02447078930123396
7045,0.19920811225282817
7046,0.5894335238297632
7047,0.8999351643792045
7048,0.9449217172352119
7049,0.4600546985124746
7050,0.13809722832963112
7051,0.0400132379075309
7052,0.028170506152438067
7053,0.12668069927941686
7054,0.010148230032590995
7055,0.10577117015358085
7056,0.18789586033204814
7057,0.24480001932822357
7058,0.6257538260900413
7059,0.0627741734445566
7060,0.015287124584988121
7061,0.7928078343655725
7062,0.9537421900605905
7063,0.052477250900883114
7064,0.050813781424327256
7065,0.18435230044743367
7066,0.1999794008551407
7067,0.0261146900599058
7068,0.047461138476560125
7069,0.9639111878709333
7070,0.9864803791621428
7071,0.1235635871731101
7072,0.006979827971165406
7073,0.030593592346520843
7074,0.05167479647464035
7075,0.9983262309629385
7076,0.5434791333183562
7077,0.9892588883569091
7078,0.949567186953663
7079,0.42260537413650545
7080,0.042406677333264586
7081,0.20555358159258585
7082,0.030076526971532687
7083,0.7336670790072816
7084,0.08278180670829566
7085,0.34901041991827775
7086,0.2668466165705078
7087,0.011677480969447734
7088,0.015018276892245358
7089,0.9378508862961066
7090,0.11075035029541529
7091,0.3498678924712477
7092,0.020638410017574244
7093,0.7007325757399833
7094,0.7122441744330004
7095,0.4784834254380583
7096,0.17913560981637683
7097,0.0165047206598957
7098,0.9832891590775882
7099,0.0038078482683480365
7100,0.9986034178642667
7101,0.8751301991776982
7102,0.4687829637443828
7103,0.9982452207647166
7104,0.0018089405814533473
7105,0.037237352341888574
7106,0.006790683842251099
7107,0.12184479962695645
7108,0.04283443812410142
7109,0.0021799013350990762
7110,0.003006630536789405
7111,0.5148468653874818
7112,0.234683556100111
7113,0.21695551477027694
7114,0.9899523500368719
7115,0.03127353260018128
7116,0.04193069050081581
7117,0.5704278611727562
7118,0.020278367999400713
7119,0.2554932785019087
7120,0.15978924016993173
7121,0.0123087770268321
7122,0.03487876943854883
7123,0.05474035943477654
7124,0.7440739883628031
7125,0.033437293745134065
7126,0.4415432403710785
7127,0.20332543074118614
7128,0.09868385419617695
7129,0.921652832775396
7130,0.029164966298421087
7131,0.9633330434134957
7132,0.25053044290985227
7133,0.009313253561393165
7134,0.9582522945911511
7135,0.42498867626435033
7136,0.060537812907860075
7137,0.08970017190446845
7138,0.6918692858005322
7139,0.040570090192325
7140,0.049983120466591646
7141,0.012724535938368097
7142,0.04812970042706521
7143,0.004603862245359948
7144,0.9469734923790171
7145,0.13159734873957
7146,0.030010780175236923
7147,0.0016788845153311528
7148,0.9975945815820043
7149,0.09506028136468463
7150,0.02748851846819701
7151,0.013536412281829203
7152,0.058250988301594794
7153,0.4262802430054082
7154,0.06666940148795422
7155,0.18435261677770082
7156,0.005480025901050518
7157,0.03394566035098454
7158,0.008875476414323378
7159,0.030509777765667143
7160,0.030114786929810674
7161,0.9771819407786954
7162,0.001538100193088732
7163,0.8980083513967381
7164,0.9979135484316961
7165,0.021299515929068043
7166,0.08362678860831818
7167,0.5863652306288223
7168,0.9916322185292898
7169,0.17327210632597423
7170,0.9815990463402875
7171,0.48808746425314
7172,0.9558046305070449
7173,0.9568067413854764
7174,0.02450668674755059
7175,0.09421444638134838
7176,0.5478771427933837
7177,0.8879442661523784
7178,0.42632276012358855
7179,0.009056450205072588
7180,0.056777570187099134
7181,0.20464603309785814
7182,0.07880165916912524
7183,0.9350440574424037
7184,0.01713573831598761
7185,0.37424576424489686
7186,0.8565967477990003
7187,0.024961138968586503
7188,0.7639513358338229
7189,0.6547380174339359
7190,0.04036912245456947
7191,0.11412718706547406
7192,0.022898831450517253
7193,0.5391884457671979
7194,0.02608853934264528
7195,0.9903826557602083
7196,0.021194611103893923
7197,0.005682784270227615
7198,0.03187602599425983
7199,0.12615989785991127
7200,0.028646452396112562
7201,0.0445489908270791
7202,0.11206918246650613
7203,0.017383601451937295
7204,0.2725825874915555
7205,0.1076373201536526
7206,0.8708609898611015
7207,0.9783046072685995
7208,0.7109592174334634
7209,0.7914588066031121
7210,0.8744133575491455
7211,0.031611077459138624
7212,0.15361091150102488
7213,0.9886501432862465
7214,0.07869401912694537
7215,0.035217817090055864
7216,0.02172318711933621
7217,0.28489618225424673
7218,0.06108579277554405
7219,0.0060540712421806135
7220,0.5567477335118785
7221,0.4071568059097029
7222,0.0015697846287196157
7223,0.9729649808024353
7224,0.9531228278110772
7225,0.08907696990098043
7226,0.02746239952869726
7227,0.009927169347784768
7228,0.22991184344581972
7229,0.14770422309311404
7230,0.954449366045992
7231,0.04155596348572919
7232,0.37983475729851496
7233,0.045764758453620574
7234,0.9852762079585037
7235,0.07402400474688368
7236,0.02528227588852725
7237,0.26876222164031477
7238,0.6302104555636747
7239,0.446653671845901
7240,0.002152843116952662
7241,0.3983992183814535
7242,0.21140271844681796
7243,0.021094279573368502
7244,0.960479260023595
7245,0.09298448522458053
7246,0.063842251005375
7247,0.09045368545524346
7248,0.9575940888975142
7249,0.1744844397785778
7250,0.006247090887435925
7251,0.5387730974488205
7252,0.21411602291173082
7253,0.37150735435627225
7254,0.07380881084249924
7255,0.15289371520774034
7256,0.6073593923440839
7257,0.6538513317283745
7258,0.11843142179990071
7259,0.0804186371238305
7260,0.7340680154646189
7261,0.9716679413606796
7262,0.05149248794686971
7263,0.9416783697418888
7264,0.037254479768316286
7265,0.1827855732497753
7266,0.06300119844305588
7267,0.02343529649942583
7268,0.002541684774616141
7269,0.07494915223138064
7270,0.022342939027249063
7271,0.025434881451762377
7272,0.417803817312361
7273,0.10526793219501916
7274,0.006358680041362601
7275,0.9273620910652006
7276,0.0025328449448986093
7277,0.04087808214651739
7278,0.1901503800446006
7279,0.059958311056080495
7280,0.05152428114350101
7281,0.770111254490736
7282,0.9420917048595853
7283,0.05411018817713721
7284,0.3574217282452097
7285,0.11200655438078408
7286,0.1629952843158588
7287,0.0017159878231093706
7288,0.9506129872404442
7289,0.9476995924815148
7290,0.016535760573385433
7291,0.1212899048137476
7292,0.07296986580013916
7293,0.6003551743292098
7294,0.21637120360626402
7295,0.03583694581522219
7296,0.013488380068653546
7297,0.49027853644393327
7298,0.894180837305526
7299,0.7518119954916432
7300,0.2768994287836076
7301,0.8911498355820711
7302,0.972457787501217
7303,0.5260192772525872
7304,0.043554892085550065
7305,0.14647626712808479
7306,0.10482517185128401
7307,0.10553004659037053
7308,0.016518753008597318
7309,0.002278123669294023
7310,0.1402628532245515
7311,0.9624159653747109
7312,0.014876238931925531
7313,0.7324968193639563
7314,0.05021381975316998
7315,0.006971634758685339
7316,0.09580996390227048
7317,0.1258134780559686
7318,0.06192736223864424
7319,0.6069669182410579
7320,0.0406605672077025
7321,0.918894046736122
7322,0.003462086451159839
7323,0.03863645198401286
7324,0.8693790966716692
7325,0.0312510691245047
7326,0.03211581075623515
7327,0.38969872834681085
7328,0.9779068392845636
7329,0.0015677759005847834
7330,0.9693180309842373
7331,0.08088853758214545
7332,0.05570996532888194
7333,0.07785299004979335
7334,0.10280705670942773
7335,0.053065872258837264
7336,0.15611653548435178
7337,0.03788727760490655
7338,0.03964929992481599
7339,0.0678808935537993
7340,0.10228702911076358
7341,0.6122183390648793
7342,0.0165348450621274
7343,0.9890768788542792
7344,0.06861149812229991
7345,0.01091641505743864
7346,0.966127402136997
7347,0.16949042769013611
7348,0.005517501077301895
7349,0.9646109806283185
7350,0.5313661346473821
7351,0.9981421857880599
7352,0.4377923498350531
7353,0.04048142844631113
7354,0.09620824514440729
7355,0.023250343386265034
7356,0.8987835171395919
7357,0.0035708444331697155
7358,0.03449196844241753
7359,0.18318124424039306
7360,0.06707225057439781
7361,0.013927629558379803
7362,0.023396616351111624
7363,0.7899064701233018
7364,0.037524693266749176
7365,0.02187577975997245
7366,0.010152646033244802
7367,0.3770332310911231
7368,0.04954200391596266
7369,0.010839786841062852
7370,0.07907184772882378
7371,0.05621690382956839
7372,0.023532922827762783
7373,0.04573708098385658
7374,0.556268721728618
7375,0.9768975138127205
7376,0.34409934844309487
7377,0.004241193654457258
7378,0.9532240392568126
7379,0.8689344447822875
7380,0.5369282240758473
7381,0.005867926223909349
7382,0.035671100151505174
7383,0.004346707412380968
7384,0.010965941436949423
7385,0.9917613146353802
7386,0.06555414153812746
7387,0.9908858166477841
7388,0.0015071434427709964
7389,0.9064768624977699
7390,0.5338026255989261
7391,0.07060173272553345
7392,0.07581113401786008
7393,0.01877102256912185
7394,0.012756942931677465
7395,0.7907886316957609
7396,0.998255480355535
7397,0.01995153677416945
7398,0.0944467156267759
7399,0.022076441508787698
7400,0.009612041546831157
7401,0.0071645844215217245
7402,0.008540979278477058
7403,0.13264441087273568
7404,0.009320021903421554
7405,0.1073801319035999
7406,0.9513030603343702
7407,0.007561089752804303
7408,0.12940049952169097
7409,0.030398096110214053
7410,0.13562568810910092
7411,0.13317091935748138
7412,0.9972228147418902
7413,0.17076399516896923
7414,0.01666616425745345
7415,0.9983942474031948
7416,0.3618714524613606
7417,0.6784490043795188
7418,0.010761089901426907
7419,0.8975206393749448
7420,0.9251999863908325
7421,0.8993145179395065
7422,0.10220240810113247
7423,0.34473046956190256
7424,0.13804294760028815
7425,0.13416367096526025
7426,0.028097061623711547
7427,0.9704637507185714
7428,0.13823369002606462
7429,0.8345928499347166
7430,0.9682396193113991
7431,0.03565442136982107
7432,0.021588644884307014
7433,0.402002675014282
7434,0.4005591956590827
7435,0.6254211653795149
7436,0.9453674244491611
7437,0.05011803691633507
7438,0.9721580503282328
7439,0.06015230885703678
7440,0.0020211547121567254
7441,0.9439941711711668
7442,0.016994231155923505
7443,0.07829272973270629
7444,0.10743735492187599
7445,0.985509989704325
7446,0.2685898050035963
7447,0.949163696888328
7448,0.4750225198300986
7449,0.7343441086457585
7450,0.28697085549691814
7451,0.25643626166376604
7452,0.024625101534557353
7453,0.9466137586410658
7454,0.018150299199070567
7455,0.17932295384120683
7456,0.1346897125243796
7457,0.06503575380462319
7458,0.04137314646746679
7459,0.19761324000107194
7460,0.03567713686889908
7461,0.05376863024852179
7462,0.7122970899068748
7463,0.12115613952359983
7464,0.12098969795290847
7465,0.0024428811719313234
7466,0.0070904402129107315
7467,0.7605724746870336
7468,0.25120674588187425
7469,0.02766885090782413
7470,0.2951549738581716
7471,0.6384111720018381
7472,0.2375087023326204
7473,0.013362169056689195
7474,0.01284367305764043
7475,0.057200760302690015
7476,0.005260639138925683
7477,0.03569968667248359
7478,0.0025859407474375577
7479,0.008202397350764713
7480,0.5785992460873782
7481,0.09216126323780646
7482,0.005469727146228258
7483,0.9981010088310323
7484,0.011412721233509348
7485,0.00750816414405959
7486,0.12150559952948735
7487,0.13425805012724712
7488,0.06348409890740227
7489,0.06216771823763505
7490,0.0012694566452111648
7491,0.24352236988429474
7492,0.06852999715633726
7493,0.06295888352899917
7494,0.0036396482321526774
7495,0.030493963925085094
7496,0.1232580507071703
7497,0.03264706508897023
7498,0.031167450970876878
7499,0.00464014416233495
7500,0.06200192298244634
7501,0.449955726507479
7502,0.5067695111007398
7503,0.8334980764243457
7504,0.012875606148179682
7505,0.05063458954021555
7506,0.02154141663683078
7507,0.020274275789040924
7508,0.5597411554919154
7509,0.17373342836950828
7510,0.9356044624373403
7511,0.07103718004936863
7512,0.07932903019423716
7513,0.004186756647900475
7514,0.036796617415176855
7515,0.33949281068719167
7516,0.053713340417494766
7517,0.016443500481292162
7518,0.022095045058972952
7519,0.9373724410029043
7520,0.15164750689806628
7521,0.007203269536343675
7522,0.01789736159573494
7523,0.9312690426335203
7524,0.21047434651085772
7525,0.9780515720253857
7526,0.014163787616027199
7527,0.9982078681496231
7528,0.15234536209527372
7529,0.0968337299284279
7530,0.0645588178526314
7531,0.0021232277636758713
7532,0.9682161949932874
7533,0.12760285210673128
7534,0.014563477133446565
7535,0.8975890916485333
7536,0.8862905230349342
7537,0.2584786040131196
7538,0.004423902146052876
7539,0.010256057958274268
7540,0.6883803975600047
7541,0.03883068919006177
7542,0.9578045253473317
7543,0.15415490292410203
7544,0.049543325512250186
7545,0.9829372791871474
7546,0.9979490306937104
7547,0.0992489464787403
7548,0.0897281714657864
7549,0.14248511585665452
7550,0.022436740186050963
7551,0.9722261051037969
7552,0.3548211736590189
7553,0.3532609563171698
7554,0.2389237448266582
7555,0.8563295693208807
7556,0.19847745195234778
7557,0.008900105019846338
7558,0.22981040120399399
7559,0.14814982445025288
7560,0.6957205874264054
7561,0.10041302460536672
7562,0.06513728044664417
7563,0.033349388758373136
7564,0.4623585195495776
7565,0.07917184367357907
7566,0.6104985834932016
7567,0.8526147811005783
7568,0.15139913208329656
7569,0.9752019988732489
7570,0.17390502593574242
7571,0.013000230696409276
7572,0.021741524843206274
7573,0.017774324226406554
7574,0.0380780128621834
7575,0.24268007327218633
7576,0.02259560214373297
7577,0.10998420492488127
7578,0.009089605305114896
7579,0.7291168057889796
7580,0.9847754399220111
7581,0.10961480668054051
7582,0.4596593845414417
7583,0.8833280570671889
7584,0.0110035755795611
7585,0.5168205509653957
7586,0.0662764355489487
7587,0.8148525897388375
7588,0.0030744466352164187
7589,0.963727490905509
7590,0.3538279380045279
7591,0.10336443081854164
7592,0.017108135405807474
7593,0.016259921594282287
7594,0.05805817113120827
7595,0.9953037222312777
7596,0.021029618603143094
7597,0.7113127391135722
7598,0.5730601158373307
7599,0.07237409999260128
7600,0.024611479995244788
7601,0.0038503981735469907
7602,0.019215063024380228
7603,0.92224313190228
7604,0.023167360609320925
7605,0.14014389397535443
7606,0.8756253030406768
7607,0.3599155005461668
7608,0.02775277443518709
7609,0.005353535570723126
7610,0.15593738827620707
7611,0.012633029287780892
7612,0.05241574951852429
7613,0.05672145988559285
7614,0.09601372656316887
7615,0.7948105818041683
7616,0.4192943588942798
7617,0.02263303656254073
7618,0.22153199954757735
7619,0.25066487052486486
7620,0.021464943641382635
7621,0.13631137187729875
7622,0.9723919358979791
7623,0.9928563603411891
7624,0.054648381910305834
7625,0.10043483340301451
7626,0.1874329425943257
7627,0.9833746713799068
7628,0.8809430817784862
7629,0.13926962266972312
7630,0.965678842940456
7631,0.03675405119168608
7632,0.26114126507104285
7633,0.4004098483083376
7634,0.0016252413090503766
7635,0.18060172272862096
7636,0.3157630644584998
7637,0.46022456348482654
7638,0.9399066898078103
7639,0.0056359763403056595
7640,0.05762358504510959
7641,0.18135399710147176
7642,0.06276328735400735
7643,0.04279401521549685
7644,0.0027137841589861345
7645,0.19028953703225532
7646,0.061729020592156875
7647,0.06487431767309612
7648,0.003062895360417508
7649,0.017968368019581883
7650,0.9790993669650175
7651,0.9909715579387262
7652,0.5772343502398168
7653,0.009443201934183777
7654,0.0685404795693068
7655,0.9869648809860745
7656,0.4415138163903684
7657,0.46288415336421324
7658,0.0971100236031636
7659,0.4210263932228634
7660,0.04832269219672178
7661,0.04163423104768901
7662,0.019523079351153525
7663,0.24099961276721665
7664,0.5126733951642352
7665,0.0020062517237777666
7666,0.01744520713116766
7667,0.029018612818020584
7668,0.027287153518008967
7669,0.09373733354834321
7670,0.4098745582782132
7671,0.7022591124818258
7672,0.7335096820978874
7673,0.9579558945320801
7674,0.05976528974726639
7675,0.2675939042145482
7676,0.124107790268494
7677,0.18774650253888392
7678,0.2706007580484002
7679,0.03115618931662835
7680,0.005266797185879768
7681,0.0011866581021267887
7682,0.003113977579421165
7683,0.8749306346401644
7684,0.020395179464033637
7685,0.9548604502030577
7686,0.9979855571671986
7687,0.005848338998883304
7688,0.058755781959585314
7689,0.7855179832644619
7690,0.01803865780319084
7691,0.013655348651848595
7692,0.15413112283041214
7693,0.18684142626794994
7694,0.6498220470419567
7695,0.006276239540439012
7696,0.13546831723954808
7697,0.49765006779893073
7698,0.004279939270604693
7699,0.08256082880300822
7700,0.015003821006536576
7701,0.17018130384987876
7702,0.4174327428685307
7703,0.957930963057606
7704,0.9507092622663394
7705,0.008009217362889814
7706,0.14802064198078252
7707,0.4614836299794972
7708,0.058348984962279096
7709,0.06784520989572494
7710,0.02079351353865258
7711,0.0685642844704665
7712,0.014902977393250095
7713,0.6078520549702631
7714,0.003409454033597209
7715,0.24200343913434727
7716,0.0031091330387683067
7717,0.052164120217968575
7718,0.405512032691115
7719,0.8017104255501093
7720,0.18942654606132078
7721,0.030583998723222164
7722,0.060620932300090274
7723,0.27604893036223543
7724,0.039158279066768525
7725,0.06932160677895363
7726,0.5792110899607752
7727,0.9389785129172725
7728,0.03505158213336489
7729,0.7317076652321111
7730,0.8441147999859249
7731,0.2018074988825395
7732,0.9841568263380254
7733,0.004192757941780759
7734,0.051980133973241
7735,0.14192548122092608
7736,0.009694074567808726
7737,0.20243205112945795
7738,0.17172984529844582
7739,0.1520030698236208
7740,0.9981793861004709
7741,0.9980607183821419
7742,0.020317418533947224
7743,0.4413016901055463
7744,0.9761462140294315
7745,0.9547050210144036
7746,0.052279141606589585
7747,0.9095608261111963
7748,0.26196630515848096
7749,0.4887379809397541
7750,0.012386913494854598
7751,0.054893717107827825
7752,0.980210799611226
7753,0.24352420563337213
7754,0.012307086970230967
7755,0.41778131034601296
7756,0.5795544888382599
7757,0.07848436924878889
7758,0.8218721423839689
7759,0.056621787816531405
7760,0.07422284063142565
7761,0.5802506014076108
7762,0.13340637984386783
7763,0.21485921180337908
7764,0.05938207323181774
7765,0.06535999632480194
7766,0.007049056952855819
7767,0.03595718934539625
7768,0.9980904548569595
7769,0.8327912676086817
7770,0.5120057935474684
7771,0.24536072733453557
7772,0.007858028222777313
7773,0.15939355480833434
7774,0.9260132566514879
7775,0.7779550392025465
7776,0.023218548195316213
7777,0.10522186249699547
7778,0.9475771902058039
7779,0.889543459355235
7780,0.07788178717859684
7781,0.107100337829317
7782,0.818344698473749
7783,0.06946283747986938
7784,0.04991400864000467
7785,0.9975062387322666
7786,0.8102494228942381
7787,0.9478938745804006
7788,0.9837282362325779
7789,0.27712966534039657
7790,0.9659323359417826
7791,0.9948428628996547
7792,0.9469664406729029
7793,0.21177932186542314
7794,0.9879282354958242
7795,0.4820214985583449
7796,0.04483517582363238
7797,0.03484585027222105
7798,0.04536482073948464
7799,0.9980155424606607
7800,0.5156668444142496
7801,0.387438633334677
7802,0.01334812444117326
7803,0.003317084510915935
7804,0.006965402955863259
7805,0.10532393346361499
7806,0.8225016820281225
7807,0.9450620057980211
7808,0.698852331788845
7809,0.013514400391448833
7810,0.9784013879291401
7811,0.935153161169726
7812,0.08028039474536228
7813,0.950359467160249
7814,0.9889527678171443
7815,0.2962473999487146
7816,0.2507597637878286
7817,0.0015795849310403938
7818,0.0013814131369474362
7819,0.09687803983479364
7820,0.04730580443389286
7821,0.0032307257697266785
7822,0.08173045281040725
7823,0.9781605599028903
7824,0.005705529593941199
7825,0.9744867833012306
7826,0.5418828046782509
7827,0.1472614830038104
7828,0.9846626294105443
7829,0.9180948862593289
7830,0.441298012664491
7831,0.9339120581236833
7832,0.07715704632395286
7833,0.9988311103751619
7834,0.014200118630824142
7835,0.06304324129738426
7836,0.9865067704163983
7837,0.029702807032435715
7838,0.023870212019133315
7839,0.028695681587405073
7840,0.9632558068269083
7841,0.014370514845786976
7842,0.25228212484836154
7843,0.03519435660317774
7844,0.9205398152741369
7845,0.008677490523801278
7846,0.5313824563033049
7847,0.001942667937676767
7848,0.39174943226537506
7849,0.7040257327492079
7850,0.17916862694696864
7851,0.002014133507932686
7852,0.8346418184069873
7853,0.009364461451544882
7854,0.21100746575824914
7855,0.9741889095115986
7856,0.04115286104287232
7857,0.022977886043183852
7858,0.020801077008221626
7859,0.9674772009164595
7860,0.23689264146215572
7861,0.43209557957368294
7862,0.23315716324534302
7863,0.07756734967410017
7864,0.0780089327986889
7865,0.015427905130191544
7866,0.925303554739162
7867,0.008422601222538862
7868,0.7007577283465627
7869,0.7969391867934291
7870,0.5563320365146172
7871,0.07209186426175387
7872,0.2523875559738923
7873,0.9639325300937565
7874,0.9662856855906404
7875,0.023229195380624824
7876,0.16899378577605634
7877,0.8414717345002536
7878,0.9977806784370848
7879,0.9161767484794633
7880,0.9926021802095878
7881,0.36030412846765636
7882,0.9786743942414653
7883,0.47245371821349735
7884,0.009603892988901373
7885,0.06215019823337308
7886,0.009378881258074305
7887,0.041289169331759856
7888,0.9173569156927991
7889,0.026568590760200336
7890,0.9200614724334681
7891,0.01905013182278109
7892,0.19225674752106103
7893,0.6234321390704918
7894,0.0020942487034350116
7895,0.10916532503622609
7896,0.035396654135084714
7897,0.03583925995264406
7898,0.0769517665224076
7899,0.08646490991572495
7900,0.443861078918864
7901,0.10393363781185953
7902,0.01111782058687662
7903,0.8212528748500484
7904,0.0031536306199783436
7905,0.09156159089283383
7906,0.346592177742259
7907,0.6911575628583899
7908,0.6417531031559861
7909,0.07487918445739605
7910,0.03474438179998085
7911,0.9917145024964126
7912,0.04219488253745443
7913,0.008703472617394185
7914,0.018589797661279966
7915,0.8506547040801589
7916,0.02898901911947538
7917,0.7530536276729282
7918,0.18077149036188617
7919,0.12409980460121944
7920,0.9439368616071704
7921,0.08637354910744235
7922,0.05186619549566194
7923,0.0067670377586469205
7924,0.0327230586728557
7925,0.20583632565838156
7926,0.18448785527649197
7927,0.09616400230439037
7928,0.18758271382831507
7929,0.16244969946246363
7930,0.9190756250672294
7931,0.008455166286768529
7932,0.029426509042990448
7933,0.021223409593886827
7934,0.00434824399564224
7935,0.2838693934909245
7936,0.06366313299882975
7937,0.18701473045337264
7938,0.11465843240771945
7939,0.05880449076570764
7940,0.18100400157654067
7941,0.02469738322729917
7942,0.02936330486272279
7943,0.17687674081639282
7944,0.05848868292560011
7945,0.009700606261501567
7946,0.29928681990667416
7947,0.0950581555175283
7948,0.17712283485622843
7949,0.9735260898552389
7950,0.06045197251881189
7951,0.8645803449332947
7952,0.8982512937709144
7953,0.48308571815865714
7954,0.08401451771315317
7955,0.2474484649965196
7956,0.16200859102707751
7957,0.01739696086413374
7958,0.1716645919653048
7959,0.047025869822535316
7960,0.02654072714157182
7961,0.0731097382967127
7962,0.018969201678830254
7963,0.543494556640081
7964,0.33578595883302964
7965,0.03483462185630905
7966,0.9341860679918079
7967,0.025724459045985276
7968,0.6567730581988274
7969,0.013010723554510233
7970,0.9939623545581096
7971,0.0015417159299179952
7972,0.010397237273538596
7973,0.018957173420630278
7974,0.003664530921929445
7975,0.203402310281475
7976,0.5644028230706476
7977,0.03195225859053037
7978,0.9003116832313465
7979,0.029335180878037968
7980,0.792180234595687
7981,0.11854545129819806
7982,0.05804804716312691
7983,0.3185673222398979
7984,0.005585136694109601
7985,0.013084263024091956
7986,0.028631384731558473
7987,0.028043112034805757
7988,0.09156895158838751
7989,0.0058345708818977
7990,0.3740519041452302
7991,0.9768523253778125
7992,0.291183974799027
7993,0.20309383535109668
7994,0.9425256151888062
7995,0.02599315968293807
7996,0.638017163515673
7997,0.9443780178242961
7998,0.07975250274664031
7999,0.9840303664961716
8000,0.007581219702323879
8001,0.02928325870395392
8002,0.7106508489635479
8003,0.035485984648682654
8004,0.143018814082903
8005,0.1083809549650082
8006,0.16254356923273
8007,0.17076107685832081
8008,0.42727512278930146
8009,0.005412980604169618
8010,0.07930324983540567
8011,0.26665484423728225
8012,0.39132014813861576
8013,0.2966508677607764
8014,0.9921061594080091
8015,0.07805491327654161
8016,0.04761747196331011
8017,0.16619106074542636
8018,0.7668778723152406
8019,0.02608341399808191
8020,0.0012750782073839761
8021,0.025177608152409887
8022,0.03985559769400758
8023,0.06597094338964789
8024,0.8635853585642185
8025,0.015693235195222907
8026,0.8449390280028999
8027,0.004208198913270827
8028,0.31607962332256245
8029,0.1030572571998403
8030,0.27934053042634
8031,0.8496438996701904
8032,0.017993547249380664
8033,0.0027463022552685346
8034,0.18802710432711298
8035,0.3636772498647972
8036,0.002081402528318348
8037,0.01721723757652265
8038,0.050239480038571836
8039,0.006139579609815896
8040,0.011671428871509432
8041,0.08679520198236237
8042,0.8577389702363056
8043,0.7777513962370765
8044,0.011376140181008295
8045,0.06681380744769652
8046,0.022136945524583732
8047,0.3400045685712953
8048,0.9981522428592629
8049,0.02551279579159604
8050,0.38535290354985097
8051,0.9227303308459118
8052,0.004389141246557292
8053,0.9890759031227664
8054,0.008677365646491521
8055,0.15721611750444112
8056,0.9769221569645621
8057,0.9786410803254711
8058,0.09715876053253089
8059,0.07560606612478296
8060,0.001108100109896498
8061,0.028987552698077006
8062,0.4015924997929137
8063,0.02195588062594187
8064,0.11804147558348396
8065,0.7307011577939071
8066,0.2256903985104731
8067,0.6843818113293134
8068,0.019399469787134867
8069,0.09627074120220383
8070,0.40933782446632455
8071,0.8963557385195097
8072,0.17806453839427594
8073,0.9758011901673962
8074,0.892858846558315
8075,0.0031478582486159307
8076,0.9890090303178658
8077,0.9860108360755615
8078,0.059403456461188484
8079,0.9882243642418136
8080,0.07715094297871952
8081,0.10797978850422549
8082,0.004253582853329305
8083,0.8985061860847569
8084,0.001439622636264966
8085,0.581418596321714
8086,0.007701760955088137
8087,0.004433381149499017
8088,0.04161966058438174
8089,0.9047042519532162
8090,0.04244851226560217
8091,0.9913152313911524
8092,0.9575042510977234
8093,0.08758633879036165
8094,0.7504029097463732
8095,0.02897071988861025
8096,0.9923653845289548
8097,0.04262149673297106
8098,0.002442836628749538
8099,0.7492436240747113
8100,0.09954215400117143
8101,0.3021203804017203
8102,0.003080585539200651
8103,0.0075240626289295905
8104,0.9526504124013819
8105,0.21115814025601243
8106,0.0018826490830066924
8107,0.3158487650635441
8108,0.8062367931206786
8109,0.940953834708483
8110,0.12700821662251313
8111,0.004551212879070557
8112,0.9404937327215884
8113,0.05235110990405496
8114,0.0421383234767524
8115,0.20339884846774015
8116,0.9777126746645847
8117,0.8955906307161869
8118,0.18898455755479426
8119,0.10157719121760449
8120,0.04332802834057959
8121,0.0020618229440713077
8122,0.9844063791025862
8123,0.01579616054041689
8124,0.09644478808661788
8125,0.035520021417942235
8126,0.5498553698344157
8127,0.98627808523324
8128,0.21447911229146943
8129,0.031775595458537545
8130,0.7226601734887252
8131,0.10650856157410343
8132,0.0038736271596175346
8133,0.05277363968114563
8134,0.9205823379856789
8135,0.7608856274438144
8136,0.06776447252232803
8137,0.05409478319786606
8138,0.010235730717794166
8139,0.045706123750547833
8140,0.005913626855086822
8141,0.034075411998091
8142,0.5215271980538962
8143,0.11201247406942977
8144,0.21050330549188367
8145,0.33899260070568593
8146,0.01762487035102848
8147,0.333775878241498
8148,0.06312051388690981
8149,0.4104553495551798
8150,0.04110544690446624
8151,0.9868739425677344
8152,0.6635629368312674
8153,0.01747436699861404
8154,0.0896815090039928
8155,0.2394577381116414
8156,0.032818257006169076
8157,0.08176862927969425
8158,0.19719640110239187
8159,0.005733064427981821
8160,0.8015818373015728
8161,0.16566152682650473
8162,0.014166101381614655
8163,0.00798659328469873
8164,0.386482293322182
8165,0.009324703717079372
8166,0.13036728331844305
8167,0.9905969181275951
8168,0.06543997768768373
8169,0.873157450003228
8170,0.28627452278435184
8171,0.0559591944529234
8172,0.3455909976588331
8173,0.8070323546456482
8174,0.07470644217974366
8175,0.7863102033171896
8176,0.09791373167605136
8177,0.12260376966877246
8178,0.5146428537810345
8179,0.05800916018755106
8180,0.002712957245283005
8181,0.19814233197467201
8182,0.9610051866506437
8183,0.47408665299958896
8184,0.034561210532873594
8185,0.03621742148871823
8186,0.38987003930850395
8187,0.6742763768927544
8188,0.9769348068822536
8189,0.14782158948385038
8190,0.17313693559033835
8191,0.08635952385382804
8192,0.9636511743792956
8193,0.026998573317714415
8194,0.03387392266761577
8195,0.04836212166873302
8196,0.9719100444042954
8197,0.19203661442982228
8198,0.37535052900313326
8199,0.048083918488791816
8200,0.5386781336855375
8201,0.16801435106823726
8202,0.011091666202747529
8203,0.28948486323503786
8204,0.7348920535687238
8205,0.10857590239234334
8206,0.059589087013535755
8207,0.17969563511748438
8208,0.9890660321496462
8209,0.7040554424567406
8210,0.2942787339356904
8211,0.03857094253029104
8212,0.0035598175973836133
8213,0.004491650004818557
8214,0.8823816579671534
8215,0.09220753982790723
8216,0.04193808374732734
8217,0.4482973933057338
8218,0.20689211719708767
8219,0.009195022965010739
8220,0.06417947475372571
8221,0.9502273748853198
8222,0.028220368607425515
8223,0.13360955637432137
8224,0.19507253654227136
8225,0.4976693803147805
8226,0.3434169266887101
8227,0.013961574323322734
8228,0.031047106407390015
8229,0.0014810056623729018
8230,0.27427525579845
8231,0.02550165889792369
8232,0.9980819613057763
8233,0.030512347623134047
8234,0.24376120953644403
8235,0.9728441139629745
8236,0.9789957260302768
8237,0.005800541809483659
8238,0.021405889493896796
8239,0.036079702859813385
8240,0.9162478749524919
8241,0.9958284330777226
8242,0.019699088040642625
8243,0.04442880199068261
8244,0.11801719342937161
8245,0.1490299836396502
8246,0.09544836477523047
8247,0.9888085477823606
8248,0.36037991257007684
8249,0.44959003588173935
8250,0.34250402717093875
8251,0.06005184905123942
8252,0.28762759904921203
8253,0.31005322301721966
8254,0.13253065594650554
8255,0.9556346419873772
8256,0.20071827574533893
8257,0.0016141464104968994
8258,0.7749814655892593
8259,0.2246610020884681
8260,0.0021550178305379036
8261,0.007963057328483323
8262,0.21628529814000588
8263,0.05338145396391936
8264,0.005447180532486915
8265,0.037307201161605234
8266,0.1932702079256512
8267,0.9650385956904166
8268,0.058883596115277936
8269,0.6144131541217186
8270,0.018627888419162925
8271,0.3067887159414862
8272,0.16712527389964094
8273,0.0932010928980734
8274,0.06601588243291372
8275,0.9691928609257652
8276,0.09778743917940041
8277,0.21058093090069163
8278,0.07525650032539596
8279,0.07216442451230162
8280,0.09859572542678291
8281,0.0021391399640948217
8282,0.027881480115167518
8283,0.9970388907714063
8284,0.2364342566321885
8285,0.9655355249527725
8286,0.04011604775772155
8287,0.020774851459858898
8288,0.8092745062952695
8289,0.4782997597014933
8290,0.020883170062520662
8291,0.019638140808544317
8292,0.004295083771784046
8293,0.12079356977850109
8294,0.3398684680917796
8295,0.5694184789521235
8296,0.020467167498110023
8297,0.8927618652550608
8298,0.4282262182196523
8299,0.984890153381808
8300,0.05451661323098296
8301,0.01001953772155461
8302,0.056773745937479345
8303,0.028206135558974534
8304,0.04157240023859873
8305,0.014146315960648342
8306,0.27514585749674847
8307,0.9845911817391308
8308,0.0025114172230809844
8309,0.14332803216981452
8310,0.17371964012167168
8311,0.9718952776613974
8312,0.8337178034011467
8313,0.3599197715661227
8314,0.07429068205342211
8315,0.9881346569973801
8316,0.8654464639607927
8317,0.03134663352032829
8318,0.006513705664956198
8319,0.023203600302854996
8320,0.024440191824662304
8321,0.02370874104152064
8322,0.46193400595930073
8323,0.1104601356473142
8324,0.025898080882153666
8325,0.008461168466057458
8326,0.7118694604123399
8327,0.023826027576394352
8328,0.028008990535710033
8329,0.30150729168538093
8330,0.9891936438300291
8331,0.14534652886815777
8332,0.26494586193732406
8333,0.0015471085782007136
8334,0.6619421356628314
8335,0.947048541995298
8336,0.6853765254467883
8337,0.05376226497964525
8338,0.003316716567503943
8339,0.05911805186050114
8340,0.10376369488252084
8341,0.229597759361173
8342,0.9629661053578661
8343,0.04582732377531336
8344,0.9760676415418842
8345,0.029230612774296668
8346,0.9202622951513869
8347,0.12404073249804717
8348,0.11528051331980987
8349,0.2418392262340805
8350,0.16384548608107746
8351,0.01745045004645316
8352,0.962324618560562
8353,0.7672021374040664
8354,0.0018429887201041465
8355,0.9136080982424399
8356,0.021945407269823577
8357,0.3535529606027381
8358,0.11159390865847604
8359,0.6021475926750494
8360,0.9855281030785732
8361,0.2623237562837379
8362,0.9038905810365024
8363,0.12671554128971413
8364,0.9977305685121601
8365,0.5682639134259038
8366,0.023645213632235314
8367,0.4174516689510283
8368,0.8537222394245849
8369,0.004559247581059218
8370,0.07582821337976406
8371,0.7362785896137412
8372,0.08084094763757006
8373,0.6652054024896632
8374,0.28865982617576974
8375,0.35023720620680976
8376,0.08162361874835022
8377,0.027585582744534043
8378,0.36682113939693595
8379,0.009401714914025815
8380,0.5618935560201798
8381,0.6548510922875693
8382,0.9985177378384176
8383,0.017712185925722344
8384,0.0034506986535571857
8385,0.03618013010365561
8386,0.9146062714052985
8387,0.959229888331121
8388,0.20074100632708172
8389,0.10667414786988542
8390,0.0021088999138747806
8391,0.03473893974748865
8392,0.006545657442879988
8393,0.6320549200116379
8394,0.44176929766825157
8395,0.1391427689624136
8396,0.07394892077849072
8397,0.9976604926259589
8398,0.9700898507577311
8399,0.08177165205901635
8400,0.10401347137511768
8401,0.5397749832467641
8402,0.9273262565906966
8403,0.6233471634914203
8404,0.032121360289285326
8405,0.9208883814991248
8406,0.20011097140898376
8407,0.9669945631127129
8408,0.0023003965382568125
8409,0.024813366440438828
8410,0.06624824735469143
8411,0.14331328523044679
8412,0.07876960622494399
8413,0.05860553518466273
8414,0.010165726417644096
8415,0.37372643499671665
8416,0.002034950087308157
8417,0.054248945740549226
8418,0.01795987457816283
8419,0.8246681422054722
8420,0.007156932652141971
8421,0.9982893264113694
8422,0.03542113142539686
8423,0.38657815273098384
8424,0.0017149220027929475
8425,0.39554657871515153
8426,0.9981085582413922
8427,0.46680744445532973
8428,0.9709775621415304
8429,0.16778507826602912
8430,0.03810717768819029
8431,0.3034959283102824
8432,0.02510806160306097
8433,0.9121696336876784
8434,0.20764938955454176
8435,0.044313237725561665
8436,0.8953298549285968
8437,0.8918550355140572
8438,0.025285732738863025
8439,0.12977287929309494
8440,0.02024147014212921
8441,0.4981194306386677
8442,0.0108044973355448
8443,0.23919773678912531
8444,0.03959713788320174
8445,0.005486497551655433
8446,0.034067244532141897
8447,0.13999294640195936
8448,0.04754198918035751
8449,0.683818325041248
8450,0.00840077005249398
8451,0.07283529754012016
8452,0.0016943164928292943
8453,0.9985054874140317
8454,0.6924410109027388
8455,0.12199185929355559
8456,0.6820081089875494
8457,0.16415162552046408
8458,0.9956711390772731
8459,0.3439618935695862
8460,0.16151626976793218
8461,0.0621979185079285
8462,0.02418864859904941
8463,0.04110537431987416
8464,0.06945141871940258
8465,0.010380374442681074
8466,0.8431550084281964
8467,0.003354537715598158
8468,0.579194979072793
8469,0.12248801294515481
8470,0.034452138477022144
8471,0.977450708092668
8472,0.9919709906686796
8473,0.053297350544604626
8474,0.011053161822083398
8475,0.9270059311838446
8476,0.173661303594438
8477,0.28389107270182257
8478,0.6664225576483083
8479,0.008481999689433941
8480,0.006283083080784974
8481,0.004433023559909512
8482,0.018937359489929313
8483,0.008382565962315885
8484,0.3034586123245425
8485,0.20830217729560857
8486,0.11698015116202579
8487,0.060573080366984194
8488,0.001981641211929528
8489,0.8560681006156483
8490,0.08549443991219165
8491,0.8713048424284382
8492,0.6069764796681768
8493,0.010172562027398592
8494,0.03289231333010009
8495,0.9744707799620518
8496,0.1434180215276709
8497,0.048300545055054295
8498,0.10934341033045189
8499,0.4134284435491584
8500,0.03188915040842032
8501,0.15656547979683486
8502,0.06426540530332142
8503,0.8894492807636908
8504,0.03972615929512347
8505,0.007110795571935266
8506,0.04145323328552677
8507,0.07049755522911204
8508,0.054742148240456666
8509,0.015460021878720797
8510,0.0436537835844036
8511,0.018431991361947626
8512,0.03466552376490167
8513,0.006207822683639632
8514,0.03992839335201073
8515,0.24986977044251965
8516,0.02668449936404117
8517,0.0491665294073385
8518,0.18984676520418342
8519,0.00984322571215666
8520,0.007459477228422664
8521,0.09310573586549525
8522,0.9092275442717486
8523,0.11659100119056948
8524,0.9848202514049302
8525,0.004841030445730534
8526,0.6775014982677986
8527,0.015607661182836099
8528,0.0869891090937033
8529,0.7291012174897151
8530,0.7804919497421328
8531,0.8755886170536633
8532,0.6419889464984752
8533,0.020739535360344195
8534,0.015984132507830012
8535,0.992632995930483
8536,0.1553597020121646
8537,0.08083274328765275
8538,0.4051742575387251
8539,0.07942161199676913
8540,0.17701712984322582
8541,0.24408883587603958
8542,0.055258397060023404
8543,0.9867423340374513
8544,0.9775003371462616
8545,0.1444355296187641
8546,0.03272746160740629
8547,0.16700999691060486
8548,0.22082826525101615
8549,0.029106352369295707
8550,0.045320597540643694
8551,0.09109291079077944
8552,0.044666670248021734
8553,0.11501429706779295
8554,0.23301961816632516
8555,0.043784391871850015
8556,0.2138564893628001
8557,0.8338528064775195
8558,0.9735039648341054
8559,0.7921607673357813
8560,0.9543155375932802
8561,0.651303753112982
8562,0.12976876348945476
8563,0.050995536350558784
8564,0.026526129819050417
8565,0.021442792054882674
8566,0.8993809000144211
8567,0.8020547768845998
8568,0.9488778622553815
8569,0.18541795585188497
8570,0.7914863930797756
8571,0.03999135216822228
8572,0.9980669264010746
8573,0.1360187335692969
8574,0.07028692686615348
8575,0.0883650903219569
8576,0.003713511288376649
8577,0.8159971052273469
8578,0.9788642443965069
8579,0.0664230638324454
8580,0.5896731166343021
8581,0.35972479789126127
8582,0.008917052583127407
8583,0.5632013602950916
8584,0.795393529993111
8585,0.03241215061932458
8586,0.06274189977235675
8587,0.06448799339559858
8588,0.15555971717756048
8589,0.009599293653676257
8590,0.5109375805195937
8591,0.9789671484639608
8592,0.09445825721817114
8593,0.14053384435925712
8594,0.003667242639937233
8595,0.9514210085135453
8596,0.5208001365506024
8597,0.006589959871872156
8598,0.8721234359147586
8599,0.9261315477850219
8600,0.07209519987566056
8601,0.084983257357274
8602,0.05718446719308283
8603,0.14448386705982097
8604,0.8407970729960461
8605,0.027454416324053862
8606,0.04845856601649948
8607,0.39758226607221525
8608,0.972419716367646
8609,0.03882115702711627
8610,0.04184337247839778
8611,0.8113465236289035
8612,0.212584193467769
8613,0.9803420174973158
8614,0.9495553336067089
8615,0.2927609206250118
8616,0.060981788784770355
8617,0.0357587760183648
8618,0.5997719936912995
8619,0.06320145576946126
8620,0.1167211411699659
8621,0.9107025377092997
8622,0.09059352719299549
8623,0.9563813107151977
8624,0.015945610800433004
8625,0.0849334642547168
8626,0.03071929247481716
8627,0.03220527822168949
8628,0.4464962226919853
8629,0.006925083635809821
8630,0.8759681432854776
8631,0.13519479726366762
8632,0.09214356810700414
8633,0.948325862442452
8634,0.18955845680926475
8635,0.7058299279284309
8636,0.9376976234013057
8637,0.9850438126857095
8638,0.022885359560557317
8639,0.4249439708834142
8640,0.021810075990231582
8641,0.1854187486279904
8642,0.0031839409545135295
8643,0.8991381413514944
8644,0.0031854022041426988
8645,0.0036961747394546164
8646,0.38404062156157337
8647,0.26977637189927406
8648,0.04616434796860488
8649,0.3857386265086208
8650,0.002019166758569569
8651,0.010598930404081601
8652,0.754226746873709
8653,0.0033809898491699787
8654,0.008461611665351672
8655,0.005520993026310797
8656,0.01992273505517771
8657,0.2815969622065392
8658,0.1762341789709012
8659,0.07004426913092889
8660,0.002016246896053145
8661,0.25879329734047685
8662,0.001814631488183123
8663,0.053300894195668164
8664,0.0014153953860089063
8665,0.007385499505348263
8666,0.9589514125672464
8667,0.027071253447900824
8668,0.03087900277523923
8669,0.29960599332935467
8670,0.002242225209807769
8671,0.2671824057519827
8672,0.9322617051211932
8673,0.024229070379672597
8674,0.03765631902124575
8675,0.9718032418668262
8676,0.8873076678315714
8677,0.011561702753548422
8678,0.047779621611884995
8679,0.15052832337264288
8680,0.4412460174577595
8681,0.10106308412074427
8682,0.9593309610354679
8683,0.7061486966941461
8684,0.3869868449396205
8685,0.005393337314296896
8686,0.10600823859144148
8687,0.030620317031001605
8688,0.9793111922211486
8689,0.05067289906648316
8690,0.052213975388016365
8691,0.96889756055728
8692,0.19870041308215497
8693,0.046186890857417666
8694,0.9982848050599817
8695,0.9920468280539851
8696,0.02767202720743584
8697,0.9610268552025433
8698,0.08920187553886438
8699,0.06516186338837704
8700,0.07076038568260987
8701,0.9526989835960771
8702,0.0313163041857896
8703,0.06120299959070645
8704,0.0020838536008629355
8705,0.4865850499023777
8706,0.9984289059135404
8707,0.016841757151775757
8708,0.011663475647227266
8709,0.012123447046811836
8710,0.11661237706788204
8711,0.03765723852709957
8712,0.02724390902740454
8713,0.10039028593478835
8714,0.7196646715993908
8715,0.016762295074015506
8716,0.01012126986536277
8717,0.6011582108966269
8718,0.9230101334666407
8719,0.015111177279507343
8720,0.02994047094102441
8721,0.05299181661514946
8722,0.9664946009701764
8723,0.0049465418450107615
8724,0.00689742402117751
8725,0.023675657719239785
8726,0.023978806916075117
8727,0.009009933888208022
8728,0.21188784750125209
8729,0.9978245341952301
8730,0.7850894850423418
8731,0.6963260113280691
8732,0.8315428839901917
8733,0.8483474278334202
8734,0.0064872268326740395
8735,0.062334167934358906
8736,0.8202403002589728
8737,0.9278506554981503
8738,0.11191327584139232
8739,0.19805788095532276
8740,0.9685830421663658
8741,0.9817001466520248
8742,0.9957533228750046
8743,0.03969168627187704
8744,0.0016843986920250873
8745,0.14661622876380667
8746,0.14833722100314756
8747,0.08904681425687216
8748,0.027072015078991006
8749,0.08623174162811345
8750,0.03711089326769756
8751,0.09561557723360911
8752,0.567884654700415
8753,0.9394266513814654
8754,0.24987726726778006
8755,0.9621145948359259
8756,0.21405598261348252
8757,0.15622401340555037
8758,0.032719994377215206
8759,0.3120948574996941
8760,0.007093061506421772
8761,0.8683852930401497
8762,0.0229588540091538
8763,0.9883623494965708
8764,0.19214251177504704
8765,0.16844528444946077
8766,0.0031960365190768208
8767,0.1257221825260742
8768,0.016426011330173105
8769,0.09692613670913082
8770,0.03442590268880128
8771,0.0047953003166729714
8772,0.009643669221294513
8773,0.03448670209215507
8774,0.7007059642221066
8775,0.006906974660665213
8776,0.028866286139835495
8777,0.3438093595615479
8778,0.14418023663480292
8779,0.019193719549771032
8780,0.003983186718617623
8781,0.9807245926894718
8782,0.08119438537194525
8783,0.028205370272449716
8784,0.0025711599599565005
8785,0.011064292738819457
8786,0.10114419837148478
8787,0.005779142543090299
8788,0.9828918449470037
8789,0.05497470740080354
8790,0.9307808430641151
8791,0.09253819878089933
8792,0.03164376075341754
8793,0.0701165796014292
8794,0.9000654182122894
8795,0.7794506023268293
8796,0.008470463839786203
8797,0.6101859242328233
8798,0.9465504987520788
8799,0.06746171987707542
8800,0.0259853012235561
8801,0.012968703495431048
8802,0.010351296435186744
8803,0.4751132702370947
8804,0.006133761493510286
8805,0.14492135001937398
8806,0.15772408175148517
8807,0.02770410848946205
8808,0.5398259030581728
8809,0.3426432340986584
8810,0.016520653938732748
8811,0.39286536578526365
8812,0.9279357143477196
8813,0.007479828901382069
8814,0.5103798699845208
8815,0.8998170696033562
8816,0.8909279264331041
8817,0.9809051378970949
8818,0.8891335751193253
8819,0.30364226658899407
8820,0.3789947915118198
8821,0.06249146196234223
8822,0.6993006270327258
8823,0.9608706414838503
8824,0.013798594103058254
8825,0.025642405939290777
8826,0.2949493122707459
8827,0.6616234551416911
8828,0.17305639065951592
8829,0.11708556341766138
8830,0.011635483605116329
8831,0.0815667678831527
8832,0.3264498253248863
8833,0.014456212349758697
8834,0.7637032143773347
8835,0.00889510019663737
8836,0.10792000158193743
8837,0.12487186136003334
8838,0.29925914424809236
8839,0.1180824392628707
8840,0.07990835589241128
8841,0.9844500689642168
8842,0.9783696401797006
8843,0.07707085599728643
8844,0.5624512766011248
8845,0.14741305645502928
8846,0.00501621612519335
8847,0.051013444391123236
8848,0.9857759183067731
8849,0.07359204422821208
8850,0.8874358734381027
8851,0.07746336532023121
8852,0.6971178715057407
8853,0.19548563620093667
8854,0.0010802213404175758
8855,0.03354958844157621
8856,0.017851771263732524
8857,0.04920969797912183
8858,0.09948688973768094
8859,0.5455737884216656
8860,0.07517876662291716
8861,0.11587817347753404
8862,0.0599090602531235
8863,0.23602453267015144
8864,0.006051319733376586
8865,0.9219163706342942
8866,0.9735227972472736
8867,0.028045741084152937
8868,0.8323405475382615
8869,0.3577189761810833
8870,0.03922478809288617
8871,0.2547705574587524
8872,0.09305465310720819
8873,0.005893806077897785
8874,0.4191823007893886
8875,0.06013227874718607
8876,0.002841511952057597
8877,0.9985433731615662
8878,0.0013059301532324355
8879,0.07713706148532137
8880,0.022191073506285602
8881,0.35212296724126235
8882,0.19271795174297904
8883,0.15290729820122795
8884,0.9681183345151844
8885,0.27551194357096676
8886,0.14712690260242375
8887,0.017475201985794244
8888,0.02834170945961364
8889,0.023003763626094208
8890,0.09240505116990946
8891,0.21709079682446802
8892,0.16921988991959636
8893,0.32475641706215913
8894,0.11472938247530472
8895,0.9600583769480671
8896,0.3575469240267235
8897,0.40033894836745143
8898,0.5374524412000439
8899,0.09368114416864287
8900,0.15419320599629596
8901,0.48843409811256244
8902,0.9981364618503029
8903,0.43084904139225444
8904,0.5859610762678005
8905,0.6088540604056893
8906,0.9613949908838825
8907,0.06464925973793403
8908,0.07853262626081309
8909,0.7330776385289298
8910,0.7209958449697536
8911,0.02560983593735419
8912,0.37489836961755757
8913,0.030325687337001608
8914,0.02498522940299763
8915,0.0626163062294221
8916,0.004430925885398197
8917,0.0906127068023189
8918,0.0535393928597774
8919,0.13175965374721305
8920,0.07213284169335538
8921,0.09202975543545103
8922,0.9497311841392855
8923,0.039713541992007925
8924,0.7372759728542334
8925,0.549458540615424
8926,0.01831130444502273
8927,0.6130189632510574
8928,0.6491364622377215
8929,0.5948313930605138
8930,0.5675411020082557
8931,0.09950781048609669
8932,0.9593779411176374
8933,0.04927039259855562
8934,0.09559894686668674
8935,0.7234727620101569
8936,0.8524557606346251
8937,0.026633836427682515
8938,0.9569132653770743
8939,0.13048768723278475
8940,0.3337395927778585
8941,0.002571908870311797
8942,0.3877937989982111
8943,0.42582037370991466
8944,0.7317898700876244
8945,0.8356996543663353
8946,0.11056162090227686
8947,0.9473133585202198
8948,0.13322862185008455
8949,0.35159876398641493
8950,0.5135605581853206
8951,0.9960476742781194
8952,0.04088409652959161
8953,0.04251004030931961
8954,0.038123772719075355
8955,0.9215376437561954
8956,0.6452694340128241
8957,0.9430587982559249
8958,0.9410260395318591
8959,0.2006716828776355
8960,0.020381239762139344
8961,0.714638134256186
8962,0.010471784765977087
8963,0.9663625315529419
8964,0.3783864383617975
8965,0.014577864474537697
8966,0.33160437627372696
8967,0.01968120839734703
8968,0.01997874047499082
8969,0.006833221129785123
8970,0.005653589561453436
8971,0.014357502995383102
8972,0.0037492885743195476
8973,0.43427980420876744
8974,0.06575158041592666
8975,0.9080117915540711
8976,0.23561370788557695
8977,0.0644662177028859
8978,0.460870443220453
8979,0.001887775389164453
8980,0.010516185037788301
8981,0.8082018203560257
8982,0.046704445606819814
8983,0.5802245100978751
8984,0.004799403462911404
8985,0.041245294153216254
8986,0.012673553299935345
8987,0.008679233621556667
8988,0.0037019341041345543
8989,0.29664286088039976
8990,0.019945974273410084
8991,0.09613712544643241
8992,0.010831810597063226
8993,0.07050751205311842
8994,0.9868895245934627
8995,0.5757539803992491
8996,0.030790581986253694
8997,0.9836628025114721
8998,0.024049326063314194
8999,0.08472524302864891
9000,0.07780962038512253
9001,0.22293884468650876
9002,0.01115515925432093
9003,0.9658150493633691
9004,0.10851424904856616
9005,0.8954149160480347
9006,0.9643196569386345
9007,0.08172450195347636
9008,0.03588088394575423
9009,0.027607469307459824
9010,0.763165529657426
9011,0.858315735712301
9012,0.019252118377869044
9013,0.010674982289807414
9014,0.11922545928133071
9015,0.008256221902431138
9016,0.38552686233016353
9017,0.07936570129666073
9018,0.8185458112358436
9019,0.2079009837431962
9020,0.01736126248559062
9021,0.394339985835935
9022,0.054758988299114304
9023,0.21227163034720783
9024,0.044249241166412295
9025,0.399683773679105
9026,0.15213314128951447
9027,0.9976707408398583
9028,0.12956823398990341
9029,0.011206143548622441
9030,0.6036685090140699
9031,0.1859888056611531
9032,0.21413669184823
9033,0.985320888068597
9034,0.013187204411837494
9035,0.010061834037881147
9036,0.016294951163457895
9037,0.03224764286521103
9038,0.15560204357602853
9039,0.10437132661536175
9040,0.04123545631115731
9041,0.4382613784901195
9042,0.209101801655034
9043,0.29054008143245547
9044,0.00586019413952451
9045,0.04936254316553111
9046,0.0069846604518085924
9047,0.07599445672354055
9048,0.09678584652173922
9049,0.9826637410667979
9050,0.0977873119276444
9051,0.9704353078299626
9052,0.030033799522830733
9053,0.021480086226833926
9054,0.025987018476441064
9055,0.3668518699712981
9056,0.40398710644764985
9057,0.055144362117015636
9058,0.9974281087157695
9059,0.06269488216676024
9060,0.029681788593091795
9061,0.31373777802173397
9062,0.8761161726280801
9063,0.028003801689654065
9064,0.024365031542621086
9065,0.3449477970717515
9066,0.16057148673415436
9067,0.2507284413045982
9068,0.019877617426627938
9069,0.01605047423026975
9070,0.05830840541321256
9071,0.0598524709434527
9072,0.8488817417875436
9073,0.6513503477971092
9074,0.9311441953321089
9075,0.001997566167515861
9076,0.8941997475073445
9077,0.030433799625376092
9078,0.1226749427769958
9079,0.6307926020845719
9080,0.7665810178725398
9081,0.1549248497414456
9082,0.541510273807468
9083,0.46788706060729685
9084,0.055261406867749614
9085,0.972370166270575
9086,0.9091160179592634
9087,0.9809506735267748
9088,0.8145990581878522
9089,0.14211335704751937
9090,0.2574736314606889
9091,0.39188792384099247
9092,0.4313401386082548
9093,0.015551777996247398
9094,0.03522502858974865
9095,0.6951479553664479
9096,0.9462168221388877
9097,0.004514587006885156
9098,0.06139133965543554
9099,0.11990426866930677
9100,0.0023150409284750143
9101,0.8818378238650573
9102,0.04899219428550884
9103,0.727315565576497
9104,0.16854513801049964
9105,0.09712661707016823
9106,0.09362272456629005
9107,0.007264152169704799
9108,0.372361329904641
9109,0.2006197805497308
9110,0.0013697532995159592
9111,0.7731190183697414
9112,0.005722591195195886
9113,0.5287438130188443
9114,0.009559587664681653
9115,0.797994329309629
9116,0.07400513862989642
9117,0.9051223221582716
9118,0.23289405246001832
9119,0.5935532667212933
9120,0.03717336225184799
9121,0.463028045595573
9122,0.08029201218518
9123,0.21724168711061392
9124,0.020213462774456622
9125,0.4757716926075782
9126,0.06019086543203842
9127,0.03777814329003071
9128,0.0036311386755780235
9129,0.018210700325990283
9130,0.4726509570113455
9131,0.9701591760811585
9132,0.09623360294967317
9133,0.009638453565900911
9134,0.07236503460959856
9135,0.3988006656725685
9136,0.009474949441823526
9137,0.053505131410037876
9138,0.022434113802417034
9139,0.03693327560499036
9140,0.9347212748693552
9141,0.11371807029947348
9142,0.03404482620692791
9143,0.8535919365623118
9144,0.1076512383952691
9145,0.027253530956630575
9146,0.006898794149978436
9147,0.08095874072487773
9148,0.15722473100250284
9149,0.10083214367404009
9150,0.15297354223448464
9151,0.004254142566938752
9152,0.533780798881335
9153,0.20638412371209006
9154,0.9284394265471312
9155,0.9931360031200602
9156,0.8373730084573594
9157,0.9300642693604224
9158,0.32477129477368866
9159,0.0029879171977030146
9160,0.28926951401643797
9161,0.014184914184864965
9162,0.10136676258850667
9163,0.003514853956721841
9164,0.06463673806161781
9165,0.013840497238770828
9166,0.9827778898074432
9167,0.01566667532434969
9168,0.2708982373769082
9169,0.9822893607097177
9170,0.783312808163194
9171,0.9575143676194084
9172,0.887179504480414
9173,0.45819014783313283
9174,0.10594286193953749
9175,0.05051705297968972
9176,0.0029700723384732093
9177,0.32004952578404267
9178,0.39130219018939305
9179,0.049994772856694326
9180,0.012413739351745251
9181,0.3554379446167164
9182,0.002670904831109059
9183,0.007549303726206607
9184,0.4388856171047182
9185,0.023703657864119293
9186,0.07658882670583145
9187,0.011548745006703824
9188,0.014195216531615928
9189,0.7987896933058094
9190,0.008187698951004409
9191,0.0936882074015756
9192,0.989795515283711
9193,0.002325238998297511
9194,0.012895487778388734
9195,0.007173759382645234
9196,0.7825026334423137
9197,0.024440259992851168
9198,0.007623392363474601
9199,0.043277594120973144
9200,0.06446925495828285
9201,0.9983671530819129
9202,0.03224998680640382
9203,0.048592929784992155
9204,0.14045784833625186
9205,0.0028180672939340217
9206,0.45094550164659486
9207,0.5261667796105888
9208,0.005946247958842176
9209,0.02116899652583405
9210,0.9557136286529729
9211,0.8681084158532324
9212,0.2549850490831166
9213,0.07412661652061371
9214,0.012427120040785338
9215,0.03076788718947266
9216,0.20074216377160725
9217,0.03641051556221302
9218,0.23891900903317678
9219,0.05193570162105444
9220,0.014161992608899589
9221,0.4180618345432989
9222,0.16116690466872624
9223,0.9770770791080678
9224,0.10871322611963236
9225,0.9621319397330583
9226,0.9818859220053783
9227,0.04332394280087183
9228,0.005137451643733805
9229,0.010475185940890095
9230,0.1014715815452206
9231,0.10074818173328277
9232,0.9313742049858342
9233,0.004689731651257977
9234,0.051183638869508385
9235,0.0773444767916146
9236,0.00961616079281458
9237,0.08847450663649332
9238,0.1835526352243114
9239,0.07566434165610358
9240,0.564333538007058
9241,0.1527050001563795
9242,0.0015966644450098307
9243,0.9832668460296567
9244,0.009871181656016343
9245,0.03614386634185317
9246,0.392656537412053
9247,0.03177828292830792
9248,0.9868279840989487
9249,0.9981083699135738
9250,0.02039054394804045
9251,0.4522857363825047
9252,0.007614963544421542
9253,0.002239350403671909
9254,0.09242262181502825
9255,0.998238682122314
9256,0.10765645948584866
9257,0.2866420757862722
9258,0.8924944331923922
9259,0.03750944177877454
9260,0.060134778765368324
9261,0.9723941634895801
9262,0.7492948130272263
9263,0.017225303988085344
9264,0.04707822862644613
9265,0.02120125454402489
9266,0.8787824250367364
9267,0.34362325460281457
9268,0.06548110405630818
9269,0.8896105010568742
9270,0.006096183500375434
9271,0.0017188901374886165
9272,0.16903413248713428
9273,0.05668779063654514
9274,0.03274547834105314
9275,0.011501875794793087
9276,0.0092384748011003
9277,0.1384290543837867
9278,0.9935983196906181
9279,0.08120377017622764
9280,0.6830316441154267
9281,0.9787875806635957
9282,0.25711629476749437
9283,0.7373084808335687
9284,0.10280913361444578
9285,0.3055348317332377
9286,0.11273354250738432
9287,0.3994323781703022
9288,0.10861730434747503
9289,0.03182570827747325
9290,0.05490812450133656
9291,0.06938662270439677
9292,0.53826149320833
9293,0.23947558791811835
9294,0.10928561479048528
9295,0.39314530149600324
9296,0.11561317935123612
9297,0.9725232639965699
9298,0.07408634058437234
9299,0.005218187405392644
9300,0.03495497627073256
9301,0.44755339773993247
9302,0.04797044817382482
9303,0.06766477258152816
9304,0.04408795234064669
9305,0.005184985638548996
9306,0.15313777398386463
9307,0.7433440850469548
9308,0.9682404094370467
9309,0.9704351576135729
9310,0.0341079885700092
9311,0.8737726675689476
9312,0.8175716457628861
9313,0.7663939067655783
9314,0.03762779419903554
9315,0.39179654261954183
9316,0.9183036772449568
9317,0.5889382631806308
9318,0.003801353112074955
9319,0.03725518049094091
9320,0.018071575010201162
9321,0.8956539963151642
9322,0.6477928469321961
9323,0.2580543386477137
9324,0.011638908899460376
9325,0.04342815316498719
9326,0.2663845059329817
9327,0.06584730758533981
9328,0.6842321934997545
9329,0.07588359704174683
9330,0.8548861276915205
9331,0.05254714516906817
9332,0.04408633770204361
9333,0.014672996471470696
9334,0.5081255469115626
9335,0.02157213753171429
9336,0.12976188144870343
9337,0.6854176639726444
9338,0.0845419142704112
9339,0.3798824280567534
9340,0.09409546450688722
9341,0.04084578600605794
9342,0.0660070847064437
9343,0.013669177199339338
9344,0.09975114922994482
9345,0.0020577199865566527
9346,0.05083335888989434
9347,0.052252263432120666
9348,0.022287544893393532
9349,0.11466321594567894
9350,0.049881703386029506
9351,0.010940788693907329
9352,0.04907811231976455
9353,0.058491924681677784
9354,0.028072306701286423
9355,0.3968498872679234
9356,0.109234745682231
9357,0.034520308716994144
9358,0.2388060380164015
9359,0.9739204739613523
9360,0.06409561624459845
9361,0.0018989480460766086
9362,0.0190849793020621
9363,0.01778152453657987
9364,0.5002307718602332
9365,0.0018535384571504768
9366,0.10302769625801772
9367,0.9602559500818482
9368,0.1483532169718242
9369,0.05262649622113635
9370,0.9595925830106737
9371,0.5069287950169958
9372,0.014479908155320662
9373,0.0035352866810390558
9374,0.03556767821571738
9375,0.16859625106488557
9376,0.7800611917008236
9377,0.06520866751009043
9378,0.9980246851665469
9379,0.14127012894628543
9380,0.027950704722377918
9381,0.9843579577249236
9382,0.06318987154192854
9383,0.9806912246741233
9384,0.5473998715159594
9385,0.9557381606635857
9386,0.001782683018963315
9387,0.41169686505630193
9388,0.4108350849961373
9389,0.6447390905644365
9390,0.015442710280855827
9391,0.19277650540794786
9392,0.052008067178991896
9393,0.041889136650634984
9394,0.36362234879343924
9395,0.840896558823232
9396,0.01864253241612824
9397,0.9981970235658908
9398,0.0062024765660458
9399,0.0022600762519992545
9400,0.45436081059377426
9401,0.020865372499010902
9402,0.07697903004451445
9403,0.010486543881575598
9404,0.9822777513844998
9405,0.5508766829235892
9406,0.001991340170739263
9407,0.0059744648970822024
9408,0.4281286840638814
9409,0.1790345062901525
9410,0.9160712045263448
9411,0.147415821829833
9412,0.039699000261587625
9413,0.03653787938191754
9414,0.02046149367383432
9415,0.26795529956129643
9416,0.01845209137157677
9417,0.015180378012324436
9418,0.053605426177033504
9419,0.1942422632072663
9420,0.9704874352583228
9421,0.11043971693331654
9422,0.9969297066516312
9423,0.03142585929912477
9424,0.7893593880820164
9425,0.9829866681958924
9426,0.3710892727572161
9427,0.10237540422105139
9428,0.060632583235873484
9429,0.4521743717872309
9430,0.0011442256377447858
9431,0.924607783477563
9432,0.010364168169901468
9433,0.954501653823931
9434,0.005972518392450242
9435,0.9982938461626985
9436,0.9847638797332828
9437,0.0030701257293755395
9438,0.3216525975368974
9439,0.005650502906367254
9440,0.3720378214982669
9441,0.7522870417218777
9442,0.04677994218007693
9443,0.07214947521451795
9444,0.05599381934944031
9445,0.9427814962779265
9446,0.006145169981325987
9447,0.9881446938621645
9448,0.04642933308894989
9449,0.025379547708460237
9450,0.05783069777966288
9451,0.010407956040503197
9452,0.9859983123254562
9453,0.4096522732515936
9454,0.018319825477043042
9455,0.03030318541335231
9456,0.004627565840604178
9457,0.5201102271628454
9458,0.008363849240496905
9459,0.31950631781203886
9460,0.03903088501695805
9461,0.902219190317861
9462,0.34092250839786503
9463,0.05866505744976622
9464,0.12280278566989056
9465,0.0013982005795314231
9466,0.36610529760454796
9467,0.9173466057518939
9468,0.11169537811080055
9469,0.0016941125044972233
9470,0.9670741108579131
9471,0.010263422195860943
9472,0.9631606342277744
9473,0.11218747059759476
9474,0.9499144279160614
9475,0.019354446555290353
9476,0.04818852700364462
9477,0.06640791184620372
9478,0.4092733977185016
9479,0.066465917854793
9480,0.9186673410449704
9481,0.9659386987251943
9482,0.20181027795586123
9483,0.9397733659019007
9484,0.08079928775309514
9485,0.22084591157010117
9486,0.9495061851807511
9487,0.7474292867998189
9488,0.9819247835508884
9489,0.1765218115576547
9490,0.006376988441299791
9491,0.02466051700002227
9492,0.994592853606421
9493,0.13844590605567023
9494,0.054181727412273034
9495,0.002043629783865215
9496,0.010272053778821639
9497,0.09959651886057272
9498,0.3095713403417363
9499,0.9643913387147811
9500,0.21157287155042803
9501,0.11037998340392932
9502,0.9667430511459891
9503,0.9791419128576083
9504,0.32886129062991737
9505,0.8451508981225998
9506,0.9928127541410128
9507,0.024295280084653974
9508,0.036166702819925955
9509,0.0979324529239412
9510,0.016910718363513086
9511,0.19006249091660357
9512,0.2695584006336865
9513,0.7606893395294316
9514,0.16724628705915717
9515,0.058471613792063906
9516,0.2373553535090949
9517,0.04287061391934137
9518,0.013832509005601823
9519,0.038566676470627476
9520,0.0020085131575177124
9521,0.030170942485838462
9522,0.3462519291562084
9523,0.05183724474299779
9524,0.056798508798359015
9525,0.0026669352350212846
9526,0.5624811479711254
9527,0.05350472806969046
9528,0.0633040918537233
9529,0.1191231024215831
9530,0.03046391495365878
9531,0.03529844797680184
9532,0.01611050513059044
9533,0.48436978674127423
9534,0.8160838272308895
9535,0.8277303413864121
9536,0.014374197487918433
9537,0.9949709464219978
9538,0.024094235571871535
9539,0.4806722858949715
9540,0.9429320868590718
9541,0.2685776528227301
9542,0.3573923105851842
9543,0.006032534131184897
9544,0.02351551450327205
9545,0.08546003405231685
9546,0.9701859612082141
9547,0.7875328976462217
9548,0.013550404461353494
9549,0.16051802532064918
9550,0.7671171756978404
9551,0.6925154045154391
9552,0.9750705393934946
9553,0.601191746713872
9554,0.9838260789358995
9555,0.32802947377159014
9556,0.014726721184727532
9557,0.9782753303556319
9558,0.0603551764667058
9559,0.07773461225589115
9560,0.001670295316187981
9561,0.1003242537214014
9562,0.9968751800254894
9563,0.20082211630865665
9564,0.9816998778980903
9565,0.005945671626633643
9566,0.07390074298396077
9567,0.9919942714939034
9568,0.04628013913107545
9569,0.09166786119841654
9570,0.0612204877578736
9571,0.05570095521269474
9572,0.1692014482632386
9573,0.8602514033277028
9574,0.7521831746260058
9575,0.03827123358325536
9576,0.9816243791292694
9577,0.24268978308782746
9578,0.006977496389775641
9579,0.0059000729679483475
9580,0.9265470968879442
9581,0.8784631820063167
9582,0.009022556121280254
9583,0.8108370159402819
9584,0.8852426143168186
9585,0.01790756251378281
9586,0.0055461786752898715
9587,0.01391113652676129
9588,0.9056864492518981
9589,0.01435384908547346
9590,0.11138117077713909
9591,0.2830277795707564
9592,0.6155978691677501
9593,0.01777597308951779
9594,0.9342459688635268
9595,0.9830859232802451
9596,0.037791550927179646
9597,0.9471390347962154
9598,0.9772900621732242
9599,0.09841001970789934
9600,0.9101978588619232
9601,0.5621471228321914
9602,0.010058852401503119
9603,0.07727809272438954
9604,0.13822367359116255
9605,0.08748045918056664
9606,0.0015864175910818687
9607,0.2597374008379742
9608,0.7146078390523626
9609,0.6001105431017643
9610,0.00993148927068415
9611,0.0033709934415461274
9612,0.010450349312046588
9613,0.1145638896930746
9614,0.5067835473082418
9615,0.21244974340045908
9616,0.9271591491443552
9617,0.0280067844588014
9618,0.6315611001330041
9619,0.16499037522998383
9620,0.005457317194649602
9621,0.11422450679719356
9622,0.012347704442712862
9623,0.5241799227067707
9624,0.2467071786112312
9625,0.005877445681098531
9626,0.07992763462219149
9627,0.03730790152856842
9628,0.9757213032195418
9629,0.8035788529929282
9630,0.944547558352264
9631,0.99762420037676
9632,0.9951828766027495
9633,0.045882281534836186
9634,0.07453160068062402
9635,0.9984928868663201
9636,0.9874778424138213
9637,0.005498408439081401
9638,0.051204915348383576
9639,0.0832541493725622
9640,0.16386488739736182
9641,0.01723195043257248
9642,0.11706985368952019
9643,0.17134879735428074
9644,0.9826525715576407
9645,0.09759300203809895
9646,0.3539756668079309
9647,0.5584482058082088
9648,0.001595432751471428
9649,0.17409372833350784
9650,0.012578393704439118
9651,0.988992274362506
9652,0.684193940732505
9653,0.19247406640857037
9654,0.2844410445211644
9655,0.0182133217880055
9656,0.41428463956616923
9657,0.9341343426988089
9658,0.998513456702258
9659,0.06314124795707143
9660,0.02969684912898123
9661,0.047136069570947764
9662,0.9765354059671391
9663,0.00752499315233105
9664,0.007904207429964973
9665,0.09769120334045348
9666,0.04200397177682519
9667,0.05735653598785028
9668,0.20766044980760298
9669,0.09190297620751728
9670,0.5788535513951304
9671,0.36032350519082823
9672,0.04173348738268022
9673,0.051469171137211875
9674,0.7510227416335099
9675,0.168855315125336
9676,0.0948254368110596
9677,0.0026394667376963025
9678,0.9717441709003988
9679,0.03336250588021493
9680,0.48183551839168337
9681,0.5534117456577514
9682,0.233727252738321
9683,0.9499156572367738
9684,0.039280676545423984
9685,0.7795860895793949
9686,0.10669338949937718
9687,0.07945814198056989
9688,0.04039961036073384
9689,0.008699935263072871
9690,0.16342126067280072
9691,0.8764375407522289
9692,0.08357726858318132
9693,0.024134287231528394
9694,0.7323369892414198
9695,0.009932389306624568
9696,0.9645539494337093
9697,0.24124425999646548
9698,0.0594198667352271
9699,0.014169621168871199
9700,0.15578898739472508
9701,0.180167619389929
9702,0.9955830746133504
9703,0.12075543027941525
9704,0.03380075801765703
9705,0.1370974870322358
9706,0.7625834690730476
9707,0.060898405423581665
9708,0.021981066007922025
9709,0.18758459912890724
9710,0.44826342027046956
9711,0.10527967492570728
9712,0.46387485122063893
9713,0.5118737503536139
9714,0.010096679863345578
9715,0.04226604420133073
9716,0.2514837267401462
9717,0.016522368560004233
9718,0.016151947320420874
9719,0.10237064525532888
9720,0.9855962992887906
9721,0.966105784861129
9722,0.06483244120590366
9723,0.014328761603149416
9724,0.14386117279653637
9725,0.8948833951910791
9726,0.1166651157683922
9727,0.15742700654933167
9728,0.3199597670729777
9729,0.0186040447433292
9730,0.9795653488828715
9731,0.019843606553283974
9732,0.0019264595926077512
9733,0.01035242281189586
9734,0.06427846168623566
9735,0.6406256491276288
9736,0.09144457498918737
9737,0.03437822619972052
9738,0.06882868514927913
9739,0.9838755140561611
9740,0.06479471618766222
9741,0.0415086966975772
9742,0.04618708865133496
9743,0.7356230844231738
9744,0.03714565731012148
9745,0.7462425044787748
9746,0.00748432738599763
9747,0.4520372860989765
9748,0.773948190426121
9749,0.9720327919907754
9750,0.008416295482376311
9751,0.9899354092513887
9752,0.009098532888034494
9753,0.9610524191748162
9754,0.3412311246159184
9755,0.9961666454881019
9756,0.13817520032703984
9757,0.9688110821155432
9758,0.19594869851735644
9759,0.023111929112923434
9760,0.0039324570065478615
9761,0.27006371727111944
9762,0.0016084661212547458
9763,0.12980201212424514
9764,0.8691494825263599
9765,0.13018519793253325
9766,0.08195609510125748
9767,0.8848688924321464
9768,0.4518361199743589
9769,0.004919973799427331
9770,0.5978213557465774
9771,0.11746372538404329
9772,0.03740136411835278
9773,0.5891491747097529
9774,0.018043838989235325
9775,0.10469991046120171
9776,0.003554028368924004
9777,0.12436412065323199
9778,0.08249995055921694
9779,0.14280508374142703
9780,0.9899709065480279
9781,0.12338816894082
9782,0.7382649128917178
9783,0.18126708089138435
9784,0.41950890546360364
9785,0.9658141337458127
9786,0.6541419621911526
9787,0.19505869477361684
9788,0.002509449182949734
9789,0.27167873215717264
9790,0.2876710804295776
9791,0.03872339527306429
9792,0.10496252013431787
9793,0.11981744657932251
9794,0.6491422282425519
9795,0.07142409258367938
9796,0.06006844250903834
9797,0.8527485790521669
9798,0.5178136222866325
9799,0.03990069681217988
9800,0.04511733464742716
9801,0.01838520692292197
9802,0.13708411119423186
9803,0.01757643831869781
9804,0.7401154584046978
9805,0.007008684577488929
9806,0.8601489149755612
9807,0.04296123815087674
9808,0.029889615812988525
9809,0.09058512643145114
9810,0.006585846492618195
9811,0.014452856334457689
9812,0.05047347157909329
9813,0.002374450502176822
9814,0.10327086956978827
9815,0.25585458873362654
9816,0.21984778241018083
9817,0.047961879354625474
9818,0.5561247597568801
9819,0.9553849437290525
9820,0.07551482086630308
9821,0.0953320564656028
9822,0.00674762830983508
9823,0.9356422118409629
9824,0.3361254141028558
9825,0.9820840398503525
9826,0.006746897066866986
9827,0.9934862178741873
9828,0.4624239614343738
9829,0.6230337319783849
9830,0.9715309918933005
9831,0.011355969161615059
9832,0.06617392866219901
9833,0.1654196356949435
9834,0.04420308570684832
9835,0.3771708310626387
9836,0.9831813469791315
9837,0.9957054352123963
9838,0.001355432734403456
9839,0.0357038242152059
9840,0.9970012714608011
9841,0.039075266827923595
9842,0.5461264498482397
9843,0.7453135204017138
9844,0.1346263584580929
9845,0.0034499865993696485
9846,0.7387643548690594
9847,0.3794130025285941
9848,0.02885243283832022
9849,0.005469053067508932
9850,0.2222901877343926
9851,0.059126819941157885
9852,0.09554955066711021
9853,0.01877350412608474
9854,0.11156731290271231
9855,0.24343520854435025
9856,0.05436111465196827
9857,0.9524926526183846
9858,0.04164403388749562
9859,0.8747302997243848
9860,0.07229607662903248
9861,0.07360535033680582
9862,0.0290690639297279
9863,0.004477223627571893
9864,0.9156130302339979
9865,0.9966138741479968
9866,0.04499769183751695
9867,0.0017977339098770725
9868,0.4635032014310214
9869,0.08780887414626438
9870,0.8617155051181835
9871,0.9816848662050401
9872,0.10912495148991752
9873,0.018566761467589298
9874,0.8161996056414611
9875,0.12821135821163626
9876,0.11059072450999163
9877,0.10752184665125167
9878,0.04200402786465911
9879,0.8843125071208535
9880,0.004972373268261747
9881,0.9523592679618469
9882,0.9604797263860029
9883,0.03103830335987987
9884,0.03232325861088386
9885,0.04995968270632827
9886,0.15004133503591066
9887,0.018410778713743206
9888,0.95745156676458
9889,0.998221155042632
9890,0.2948124445434143
9891,0.02044293536266494
9892,0.05684505450087268
9893,0.3024306585801151
9894,0.07714458945487294
9895,0.09138197581175019
9896,0.8000813605919512
9897,0.14876712354531185
9898,0.0335723923307573
9899,0.13205394216709426
9900,0.1629201195619798
9901,0.05663437918221671
9902,0.05572699048433215
9903,0.1448900199280463
9904,0.7853360312654682
9905,0.09900905913432148
9906,0.1186780592691421
9907,0.37389516463014455
9908,0.005955997456431878
9909,0.9651606294995081
9910,0.9778075856558656
9911,0.07032100450266676
9912,0.04088575683885383
9913,0.018654824575341053
9914,0.18789388764360088
9915,0.9837876084126659
9916,0.11315979306002548
9917,0.06793384291174383
9918,0.012754218425471607
9919,0.5084693118630007
9920,0.02152824497454825
9921,0.3892087407249252
9922,0.0013971923462704225
9923,0.29797941807679795
9924,0.17540943002711917
9925,0.33604767084509324
9926,0.07493494849893692
9927,0.21682938706337035
9928,0.008064761484590066
9929,0.9369766439814513
9930,0.9560183535628628
9931,0.5313332416173508
9932,0.12266381869574233
9933,0.20189635807126166
9934,0.009299056699888009
9935,0.7799984617391906
9936,0.9866332865041307
9937,0.31583951215195255
9938,0.3366605952413301
9939,0.0581447100422542
9940,0.176932570710097
9941,0.036132047242295906
9942,0.07020880458975662
9943,0.009493373025458366
9944,0.03989132772059186
9945,0.9616922672028385
9946,0.0623783684803188
9947,0.13196230895185723
9948,0.0380919264630506
9949,0.005849825064125884
9950,0.05439042295983705
9951,0.18294267461334535
9952,0.00612528940807883
9953,0.9960284460659773
9954,0.7532127071019402
9955,0.11824522122043953
9956,0.8499509063240434
9957,0.013340275008059456
9958,0.9656589613292765
9959,0.18148414868850343
9960,0.65322644346351
9961,0.02155624861548178
9962,0.050443147380511894
9963,0.012618401904543716
9964,0.20096060840485475
9965,0.03301887926853028
9966,0.006080267029048016
9967,0.005424345211917323
9968,0.08350102256182894
9969,0.00618345560533701
9970,0.08187654501083688
9971,0.9942053688872382
9972,0.043761645023701924
9973,0.0493265810122727
9974,0.032272546816764704
9975,0.974451472586713
9976,0.46741374479893194
9977,0.14990052881478114
9978,0.11737895544811827
9979,0.0026979971330531784
9980,0.09417077286435836
9981,0.1008181967164979
9982,0.00568610393814922
9983,0.1861101556425407
9984,0.02693856696899221
9985,0.004427023848503398
9986,0.059567020678076725
9987,0.18948077645795247
9988,0.07309843998357651
9989,0.03361283957712083
9990,0.13092887422596383
9991,0.9380387067201201
9992,0.09875357431806667
9993,0.040331041113283325
9994,0.7119195515401537
9995,0.0016226300765524507
9996,0.18080139546540033
9997,0.5507947869056496
9998,0.989839604075379
9999,0.05223973828517474
10000,0.29246404629418554
10001,0.9746698393536111
10002,0.3509171020956258
10003,0.2947405826493052
10004,0.016767962475196956
10005,0.9611437049422187
10006,0.9655392952227305
10007,0.019558672380683505
10008,0.984422139426687
10009,0.9562232323447261
10010,0.11673366773034918
10011,0.026025200746035572
10012,0.9102028783108134
10013,0.02830525540252429
10014,0.35843933702527214
10015,0.13079920364783115
10016,0.04963628820953034
10017,0.008850629309567721
10018,0.0018252720302746547
10019,0.07128847144758187
10020,0.055639220974273054
10021,0.05553896461213793
10022,0.985492527049184
10023,0.9928016223709515
10024,0.6324898893578409
10025,0.017023732140752305
10026,0.02023447743024674
10027,0.059739599046492564
10028,0.8791863337656403
10029,0.07532130466498442
10030,0.0037441920733191506
10031,0.05206967871524826
10032,0.656348999448051
10033,0.8948424616485129
10034,0.005695634263949019
10035,0.01476886648839092
10036,0.09680400443846945
10037,0.9343296890893259
10038,0.005394118086077721
10039,0.38898692801695883
10040,0.12798160678060774
10041,0.006458663800312869
10042,0.9343008209760784
10043,0.02550478334585555
10044,0.29543749087376137
10045,0.015365492343589159
10046,0.006571053430233196
10047,0.8604929294766567
10048,0.16041610875724677
10049,0.807657956215249
10050,0.008309710913268289
10051,0.523208322290858
10052,0.9823771081869506
10053,0.09141789005159259
10054,0.5972272950954682
10055,0.15846676951824332
10056,0.005062515857256027
10057,0.9751273728303322
10058,0.9585358232643193
10059,0.05886798122022249
10060,0.8335971907460704
10061,0.0862085048721865
10062,0.0020745381155159214
10063,0.06192045973171735
10064,0.9826472614855085
10065,0.12701971375123422
10066,0.052759321059641026
10067,0.04626387320987896
10068,0.022873682268334018
10069,0.04346289513843983
10070,0.04007963723659485
10071,0.6190908929574768
10072,0.9680605149975606
10073,0.772899388268798
10074,0.23639213753669544
10075,0.8941652656400904
10076,0.9541524032617946
10077,0.05294730673325991
10078,0.027721711427073505
10079,0.11494320955235861
10080,0.08280149089251027
10081,0.06482284033752937
10082,0.36299433143170123
10083,0.00885916687629247
10084,0.13468550780571914
10085,0.30572647908337724
10086,0.0893552266111378
10087,0.8156247935937737
10088,0.030643445323711428
10089,0.8326053041629384
10090,0.001945757616663818
10091,0.08553243917033268
10092,0.004451522582016701
10093,0.033170064046900184
10094,0.5172824286356652
10095,0.04048781287999205
10096,0.03309622544758964
10097,0.9846354221194001
10098,0.19105141431346084
10099,0.24517258221413546
10100,0.0077361114480403535
10101,0.006149539930864915
10102,0.050517677542835634
10103,0.01512412999163281
10104,0.9681649497304632
10105,0.004621822627761303
10106,0.1823889249018948
10107,0.003134544426715153
10108,0.3197795291879352
10109,0.08722550654510056
10110,0.1855634369965406
10111,0.02028560356093089
10112,0.011109950360871396
10113,0.05326799192195925
10114,0.13937260575923716
10115,0.002611233853119767
10116,0.7218715172972877
10117,0.03985655710962785
10118,0.16529382084077082
10119,0.5729547692259456
10120,0.32958596787095273
10121,0.17361828271219787
10122,0.22082792550028796
10123,0.1428987491258964
10124,0.00529639116838242
10125,0.0744340793540095
10126,0.980638712892298
10127,0.031942169087817815
10128,0.05864206243463895
10129,0.03998997434317256
10130,0.14980999328565398
10131,0.6032538384745532
10132,0.5378448430704115
10133,0.10664674036837563
10134,0.978488107314974
10135,0.057703177943739706
10136,0.010999455478370673
10137,0.007361453183494121
10138,0.49254374747415236
10139,0.895747907307056
10140,0.26854604091308004
10141,0.1647902528109986
10142,0.014141174363069874
10143,0.07148486249802227
10144,0.0027752593371333525
10145,0.016713582401805652
10146,0.09760865414395752
10147,0.3527871060382635
10148,0.6358452382296567
10149,0.792935821263579
10150,0.12385160453682872
10151,0.030489907622594098
10152,0.007047815094875369
10153,0.9186574430729533
10154,0.0631915985511062
10155,0.02831321951993603
10156,0.5362116699921795
10157,0.25786291018696084
10158,0.5278855570982306
10159,0.15537774025317558
10160,0.9794146141718615
10161,0.022025193839706993
10162,0.9380630916511989
10163,0.9977777897571234
10164,0.006014992066971696
10165,0.012759511303110666
10166,0.0029319322443594285
10167,0.4754333321262221
10168,0.2991823298394328
10169,0.9284576205513693
10170,0.005762052343802611
10171,0.21663454232679802
10172,0.33908121748875664
10173,0.17329275705549313
10174,0.0028268579275638798
10175,0.3589553954391289
10176,0.0037974353740329574
10177,0.9980803337778086
10178,0.031804033538049184
10179,0.04808966131366833
10180,0.1530410808146782
10181,0.0053205541810239275
10182,0.033991436159084995
10183,0.9539020802799515
10184,0.998026733972789
10185,0.934997652617255
10186,0.30985320978890557
10187,0.035000585564274496
10188,0.03480996047779567
10189,0.006648361386003282
10190,0.0016787568231124376
10191,0.9816577850586471
10192,0.9672500498970497
10193,0.21856176061875826
10194,0.09953407437796831
10195,0.0257951040579373
10196,0.6424107230148546
10197,0.04072137042251969
10198,0.07394253627469019
10199,0.06926393824442573
10200,0.005577980050811188
10201,0.010938642984717
10202,0.052664953034785716
10203,0.018860498717708556
10204,0.8968583990325213
10205,0.012487246910569755
10206,0.9969747882215515
10207,0.020246986054447233
10208,0.9788055611834551
10209,0.8816979650238028
10210,0.985694475231133
10211,0.5312737296277066
10212,0.8752552086738707
10213,0.334441987971031
10214,0.1638272666069029
10215,0.03031781573691878
10216,0.40584216902440895
10217,0.8636731033080232
10218,0.009093974730679301
10219,0.059392661257937344
10220,0.125212032776569
10221,0.004259267132425816
10222,0.004322020929970905
10223,0.9698487120527188
10224,0.901961678085563
10225,0.0553600350005007
10226,0.03243148138351726
10227,0.9981269014540836
10228,0.009940109722144886
10229,0.515224602793267
10230,0.9973782165309958
10231,0.012450498454895516
10232,0.19270980915927094
10233,0.21749159618887526
10234,0.071044896184324
10235,0.01798995333927509
10236,0.029630631439172897
10237,0.4850057202288735
10238,0.05098759492708754
10239,0.9255259239403646
10240,0.07191030406373317
10241,0.011411446025161495
10242,0.0974241544839593
10243,0.09074667152042584
10244,0.007088493733647207
10245,0.9361894019008999
10246,0.03913810929008792
10247,0.464776287767352
10248,0.6078339348469433
10249,0.7449824869269481
10250,0.005100737119546414
10251,0.021108952970195074
10252,0.020618830825972902
10253,0.8277705946251135
10254,0.15625541741037172
10255,0.1458517081006534
10256,0.9269843522922563
10257,0.7759119333662948
10258,0.008570874926779316
10259,0.033495535755321146
10260,0.980657659928694
10261,0.011239654632991787
10262,0.0012143882924346644
10263,0.6599127177093417
10264,0.7030930694560694
10265,0.01099326180030775
10266,0.5788193972583069
10267,0.8809585673901406
10268,0.007768023499750743
10269,0.03950561032413742
10270,0.6296096897324024
10271,0.009136706180923588
10272,0.08043051720926869
10273,0.7985439642392326
10274,0.5299497935795354
10275,0.13478931818014595
10276,0.2481627553850067
10277,0.15001080863408464
10278,0.10917412955588066
10279,0.9805917200599898
10280,0.02519514845502544
10281,0.6413405494185305
10282,0.022582381774623794
10283,0.5969013253111782
10284,0.286811755587444
10285,0.04932461908629157
10286,0.08673294951465446
10287,0.3214572453395043
10288,0.9408502907870613
10289,0.8597722626509248
10290,0.06004313069934964
10291,0.040479666672712966
10292,0.012387524626483067
10293,0.07166834084480417
10294,0.6229310144900746
10295,0.2529350698039974
10296,0.9782031605977756
10297,0.1506169273944217
10298,0.04259970982478009
10299,0.13196442837962893
10300,0.9191892977560623
10301,0.0035088492075714918
10302,0.7402374970003567
10303,0.07571600037753409
10304,0.15021824668415906
10305,0.021157679591135122
10306,0.8808285026243455
10307,0.10745555092662004
10308,0.1346560693225403
10309,0.1532195426323173
10310,0.06317901158348802
10311,0.13946538613633733
10312,0.9617609277059627
10313,0.044658627041389946
10314,0.00103162481175334
10315,0.6865593326829484
10316,0.263107186523291
10317,0.07066067665665784
10318,0.4534432631093177
10319,0.012963643070675305
10320,0.11408216535939988
10321,0.08699089641031377
10322,0.1438542989394996
10323,0.09773841633007962
10324,0.0014936273001470582
10325,0.290098700118398
10326,0.4559359616523913
10327,0.010550489030390296
10328,0.8458836923414019
10329,0.15476930109876763
10330,0.023023449157541946
10331,0.05687040356126316
10332,0.059354927973100255
10333,0.4392388051842462
10334,0.8788937130034915
10335,0.9417035460882917
10336,0.32127745945195757
10337,0.4342560912993
10338,0.47433028338948435
10339,0.4619901622515859
10340,0.782703656722898
10341,0.05631528527977788
10342,0.7205436465418026
10343,0.9439122262966362
10344,0.769707550094539
10345,0.015354338242104696
10346,0.964867604023966
10347,0.9500043357340485
10348,0.06908171237959364
10349,0.7802547137858258
10350,0.165732049319061
10351,0.968822162945506
10352,0.018664962258450962
10353,0.9510941953963055
10354,0.5558493792978609
10355,0.1801901785914287
10356,0.11867347092253261
10357,0.07430447614891178
10358,0.9817929517653896
10359,0.015447428172413182
10360,0.9397402607882785
10361,0.9458538793592531
10362,0.0053063935545062425
10363,0.014623339836265743
10364,0.2771484683281763
10365,0.009035019155704357
10366,0.06162661646716512
10367,0.014686030452004326
10368,0.9856978730524248
10369,0.034120848975650334
10370,0.003055367651633339
10371,0.35193684435553363
10372,0.029818917361486917
10373,0.43035734480426946
10374,0.9764370903504728
10375,0.0016508262137556495
10376,0.0245285666886354
10377,0.13542373850367045
10378,0.5928295353084772
10379,0.02723470191519157
10380,0.10058088976169585
10381,0.024939364122888562
10382,0.9683605784664685
10383,0.998532881444127
10384,0.0444213619811489
10385,0.05322817585486858
10386,0.07058554391883182
10387,0.004186244918787377
10388,0.0586604217089446
10389,0.03477819927337927
10390,0.39429164643310344
10391,0.0076910864255857565
10392,0.15804460850111354
10393,0.020636590285254584
10394,0.7899950319663656
10395,0.11953410592374852
10396,0.49484652009362096
10397,0.12887058514081218
10398,0.9407460109889596
10399,0.11976780963533244
10400,0.6776250989053753
10401,0.49770714063173266
10402,0.5984418808601691
10403,0.06162343897523508
10404,0.01298605492706026
10405,0.6657613263389406
10406,0.5402883541173077
10407,0.007641317406549988
10408,0.9762011413580989
10409,0.08021180213540663
10410,0.29684588830824976
10411,0.0607171381100683
10412,0.13216964035775838
10413,0.03441483680250681
10414,0.9827701207254536
10415,0.1128997944169777
10416,0.5260729172278145
10417,0.05014361513104139
10418,0.982301231892425
10419,0.1188274373510416
10420,0.7635622727412162
10421,0.9065155212634013
10422,0.6453365498240777
10423,0.07709779123241506
10424,0.7642715529048323
10425,0.21276158623784336
10426,0.013701134408152352
10427,0.03605491222929194
10428,0.024947711149432582
10429,0.04177981655149665
10430,0.15535616334028546
10431,0.6065266103601321
10432,0.9696307977755454
10433,0.12696585787191234
10434,0.010924001813478388
10435,0.04832509585795515
10436,0.07313826117279387
10437,0.005921198186442021
10438,0.007317295787112908
10439,0.0015852563869019913
10440,0.0013374341792760664
10441,0.8840926942331087
10442,0.9338387300995206
10443,0.4858093228543234
10444,0.21637008777700495
10445,0.02555139346997679
10446,0.004725436407356548
10447,0.5893307172442237
10448,0.008723606549603202
10449,0.9903791523179541
10450,0.9838795976689738
10451,0.21600442827493976
10452,0.9845299915230077
10453,0.7342885371593546
10454,0.3300711005528748
10455,0.010207989850248773
10456,0.009475343442604808
10457,0.005428737026909661
10458,0.939126659643339
10459,0.06649370156718129
10460,0.03369422445858204
10461,0.3676635111356885
10462,0.2040311448238753
10463,0.053515623715731986
10464,0.9559643761412719
10465,0.03526245944224969
10466,0.12947414573736382
10467,0.030246217309707543
10468,0.6185864290381133
10469,0.826571346319019
10470,0.8461994648900945
10471,0.015942117129793806
10472,0.7239624628587321
10473,0.11519991088365347
10474,0.20137515716657664
10475,0.029815183763924502
10476,0.07036076500823168
10477,0.9942374128063285
10478,0.8912169926521238
10479,0.06223048547327131
10480,0.9761342627876569
10481,0.9590052229364605
10482,0.2735720044594865
10483,0.06288971658287394
10484,0.9692485489651816
10485,0.03513958322029852
10486,0.14917499011928276
10487,0.08681104726225591
10488,0.05069483891232283
10489,0.3270506285008399
10490,0.6103256390490601
10491,0.04079270723740897
10492,0.0016208148110291457
10493,0.9911196879079052
10494,0.16131080427137656
10495,0.9802019011245302
10496,0.13589420346098874
10497,0.07454864910991822
10498,0.24325824059335005
10499,0.03553983073870186
10500,0.990222529305545
10501,0.5751016990692962
10502,0.5964866068285348
10503,0.963689661942194
10504,0.14623988760852408
10505,0.03240444409896007
10506,0.3538772532598583
10507,0.12046540143836715
10508,0.03503772310664982
10509,0.05247985070372673
10510,0.8240832803098835
10511,0.22478885463486006
10512,0.03374073804391613
10513,0.07895628971313781
10514,0.812185716351225
10515,0.008460052623519884
10516,0.8067544624089877
10517,0.03997009720907026
10518,0.2894680152776677
10519,0.8136305834967669
10520,0.9930894791621822
10521,0.30467952697140355
10522,0.006938648443636166
10523,0.0247795104495901
10524,0.9510232387601947
10525,0.5845257197400171
10526,0.3259640503637302
10527,0.46184404930902934
10528,0.877679925766725
10529,0.9630441703301504
10530,0.05868634128876914
10531,0.04337278881317126
10532,0.028748280371283366
10533,0.07694336313211421
10534,0.07506678946645651
10535,0.24944716444925769
10536,0.976580276000032
10537,0.07275730714494802
10538,0.02399975250501157
10539,0.0655171569861879
10540,0.7350780586495592
10541,0.9409799105602296
10542,0.13885670713034148
10543,0.9317377623542094
10544,0.7781610541900864
10545,0.9410876606016407
10546,0.9984175796972675
10547,0.739078650020573
10548,0.02819436816271686
10549,0.9756990567132038
10550,0.17500946487674177
10551,0.004170992714757983
10552,0.011714245152968535
10553,0.0527971758285135
10554,0.8915012388113108
10555,0.1243723087900062
10556,0.2555511657978659
10557,0.07368969276739784
10558,0.8447739495370855
10559,0.8749899799588656
10560,0.04664719995461742
10561,0.0015589485121050499
10562,0.1830140926393545
10563,0.9012079045869333
10564,0.6527240722435195
10565,0.006462530763350625
10566,0.4632272592178934
10567,0.026396511760642786
10568,0.061096969619247085
10569,0.15613142634179433
10570,0.3833513631746466
10571,0.09452963232782091
10572,0.135581497849951
10573,0.2946600618112746
10574,0.96889934221047
10575,0.004382815497602444
10576,0.007907801604250699
10577,0.9686944592008204
10578,0.8797692216021287
10579,0.06306310786285471
10580,0.00221476295804153
10581,0.015968228989020516
10582,0.9267336756602098
10583,0.9700911259598672
10584,0.03149243851488194
10585,0.9630899956678755
10586,0.1769066466050978
10587,0.9494209193334175
10588,0.018702046267848976
10589,0.16789418736705441
10590,0.3206273337604337
10591,0.00844978319897664
10592,0.8378087836773926
10593,0.0350982067850002
10594,0.017432898370096615
10595,0.0034727475574198507
10596,0.112859737571383
10597,0.9650084901574281
10598,0.17103570202762777
10599,0.10436893853520593
10600,0.19258211030191777
10601,0.8361146479520134
10602,0.09370463648870714
10603,0.9482308474061312
10604,0.0011698532136437722
10605,0.7642707749757822
10606,0.9906967963627834
10607,0.012251718836031308
10608,0.0410935372862689
10609,0.15161304322051733
10610,0.07234450545792162
10611,0.942145417814037
10612,0.013462196594148965
10613,0.06603757082915471
10614,0.026452820954044415
10615,0.05332027592130256
10616,0.13928207776805818
10617,0.46782107211198143
10618,0.9464850112443357
10619,0.01127797887093274
10620,0.9432538635245712
10621,0.18397863134012654
10622,0.49691182667800626
10623,0.10823939610406205
10624,0.06177865884295093
10625,0.205633992923235
10626,0.13392543028483717
10627,0.08729008732824935
10628,0.3726566686985221
10629,0.003874044121370259
10630,0.9844982738250168
10631,0.0021660213214994995
10632,0.049796744847737336
10633,0.02017848602804949
10634,0.5211010208882819
10635,0.8921662381464049
10636,0.6021246920709574
10637,0.9979875991834681
10638,0.1006625143550531
10639,0.2909530605788706
10640,0.19563776256182325
10641,0.26478883185103996
10642,0.37568214775128217
10643,0.002468031641119863
10644,0.022152064846454076
10645,0.9973033124849255
10646,0.0051521539681471905
10647,0.004765595854544469
10648,0.0038777073406430366
10649,0.9082832614110934
10650,0.22014013769068905
10651,0.13137330353601137
10652,0.9970563985241508
10653,0.25379442537488506
10654,0.8889256305169159
10655,0.15243233384211996
10656,0.9836077381270348
10657,0.21356898613270625
10658,0.3602008724423328
10659,0.019508656191196617
10660,0.0016136758898419412
10661,0.9662641493697063
10662,0.023651544018534122
10663,0.19927976849274243
10664,0.06175928581904749
10665,0.00895029984436151
10666,0.4391117370869554
10667,0.35000146079749117
10668,0.6786411409327943
10669,0.011621081093525509
10670,0.02611145747486602
10671,0.0031287750552027324
10672,0.0014329364461557286
10673,0.25703363922903133
10674,0.44759071477773626
10675,0.6576539798644098
10676,0.028300853814536488
10677,0.9830059566735746
10678,0.06685699356947825
10679,0.06226007864732812
10680,0.00459714238139639
10681,0.49399904873003003
10682,0.037422978784357186
10683,0.45907178433616985
10684,0.022915245621840958
10685,0.9700328216069594
10686,0.9933071115112806
10687,0.028645191064005576
10688,0.01843712911152427
10689,0.8852876115454622
10690,0.0053531340789723025
10691,0.41483880114707067
10692,0.9445007844118729
10693,0.8287763343449008
10694,0.02081992695000546
10695,0.6092504961941543
10696,0.06098656917228755
10697,0.012632780202416066
10698,0.8488090514666626
10699,0.9984531747224963
10700,0.9142046273903162
10701,0.1367444874899615
10702,0.008810139871832672
10703,0.9737818228330397
10704,0.5044307056915436
10705,0.9783261880598091
10706,0.7303657959468626
10707,0.9665326627740618
10708,0.00355224577910137
10709,0.20666546966216576
10710,0.003729698396751562
10711,0.0014383091739088153
10712,0.13413674827375294
10713,0.1191737218111358
10714,0.0030225590253857232
10715,0.33438697831707354
10716,0.8024915625766906
10717,0.08998850073041541
10718,0.001710255232681824
10719,0.13863611569747925
10720,0.7778361540670877
10721,0.9826961967921333
10722,0.9712829283360662
10723,0.9490128061110579
10724,0.003873296353247352
10725,0.12880635275326902
10726,0.9291159888300038
10727,0.9911277698391177
10728,0.02992272745050264
10729,0.06885404324202855
10730,0.007378343957425285
10731,0.9976154767107621
10732,0.09285940967499604
10733,0.07064964346494981
10734,0.20208237114783992
10735,0.9757441027838673
10736,0.007972672498953972
10737,0.37211063349221923
10738,0.0035662433673327625
10739,0.8617916057560728
10740,0.2529523101597749
10741,0.18424270223812306
10742,0.755651534264941
10743,0.0063852866317710205
10744,0.8220639685482568
10745,0.18474240161748806
10746,0.7725215399369982
10747,0.00807256884488984
10748,0.9871190952494426
10749,0.99719834189297
10750,0.7812215007304708
10751,0.012539422388745428
10752,0.04629642846909748
10753,0.1573932480750731
10754,0.10596570474387046
10755,0.010706055569854177
10756,0.15864733757021351
10757,0.706021734242003
10758,0.4796929984162806
10759,0.060079528065012364
10760,0.3821919050920357
10761,0.010515266199687418
10762,0.08182515797218573
10763,0.4022859719934658
10764,0.9500722487427682
10765,0.9227290044975842
10766,0.07002502979212721
10767,0.0869955825665886
10768,0.005409998851116963
10769,0.21022214354855495
10770,0.9889120907611697
10771,0.05398260562922218
10772,0.024431315946487203
10773,0.0022553017891623695
10774,0.007264953120300515
10775,0.4404421286890247
10776,0.5050901424560679
10777,0.033541818927453185
10778,0.07378256206945108
10779,0.9008824403557624
10780,0.004191321498967221
10781,0.07362073289615445
10782,0.002967625671329399
10783,0.8036585495488
10784,0.07987757710142314
10785,0.2897649460243551
10786,0.9401718507685232
10787,0.08142690985065848
10788,0.023139393437203802
10789,0.9966996841948625
10790,0.3747641647870903
10791,0.059036921897662735
10792,0.006702877753378958
10793,0.7659435330326103
10794,0.26351507181290346
10795,0.6872453544648766
10796,0.06281323291430252
10797,0.05460799593366272
10798,0.7842366868796156
10799,0.26517284814342856
10800,0.27204598988990797
10801,0.03172344824273676
10802,0.010564436032050706
10803,0.06096930038596444
10804,0.9922629723601695
10805,0.8150420483067575
10806,0.046162613401115334
10807,0.05970543160070636
10808,0.038234010109517096
10809,0.16313574339232684
10810,0.9513490758426959
10811,0.033574222827327305
10812,0.02163155496442789
10813,0.02022973745991937
10814,0.05973698800266485
10815,0.3838913146641115
10816,0.0913993404507738
10817,0.9562755105717003
10818,0.05947776463316333
10819,0.0737472000367324
10820,0.0028451102102091336
10821,0.05551054583145197
10822,0.03530668123095998
10823,0.04247619356333138
10824,0.007879315424447758
10825,0.04498228299014545
10826,0.0746325511684063
10827,0.0024523545194951512
10828,0.5056345360609928
10829,0.06985291040097172
10830,0.058765893678340196
10831,0.5300378976642139
10832,0.32803030858192367
10833,0.030719176943105497
10834,0.09321261480852114
10835,0.31774462112279844
10836,0.013621916893262014
10837,0.5157296463703606
10838,0.3269896618381666
10839,0.20974641117468878
10840,0.014445588730876707
10841,0.19959077877729453
10842,0.8713501527920926
10843,0.9694354239817491
10844,0.3660799453500981
10845,0.06364101089252319
10846,0.12326120666343063
10847,0.026977075449823397
10848,0.30684559245360116
10849,0.07057144082465656
10850,0.13104853239299571
10851,0.25444629053223566
10852,0.9182219033071419
10853,0.044032808629993175
10854,0.0013526769961919993
10855,0.016602049377377026
10856,0.1465929498341127
10857,0.045855355822308735
10858,0.24693957128778565
10859,0.9722433769486863
10860,0.2677167223852311
10861,0.07087093010143222
10862,0.07701982192473444
10863,0.10222342215828734
10864,0.9153213962920979
10865,0.21388271842510723
10866,0.08423191634669082
10867,0.0634624233179974
10868,0.02483217044822934
10869,0.9659436402525352
10870,0.25733566015157816
10871,0.01905817265184113
10872,0.059693550295957944
10873,0.051051538018892756
10874,0.9788167546612965
10875,0.18935585415146056
10876,0.08969968877997914
10877,0.041490178632707056
10878,0.003513520862402104
10879,0.9207238915256543
10880,0.0379464541397998
10881,0.9327387514274469
10882,0.8505088365746093
10883,0.7890978216141713
10884,0.9755846826135358
10885,0.005925621192257362
10886,0.7875342615005985
10887,0.04550682131895167
10888,0.9637740508491566
10889,0.08362211590155133
10890,0.9069728815336244
10891,0.012394608224675734
10892,0.0028316252368406026
10893,0.9602963032881283
10894,0.9819973486541267
10895,0.9646235608101842
10896,0.13565830994710465
10897,0.019203095010564174
10898,0.0147492230691818
10899,0.006557171281031647
10900,0.020354949617254196
10901,0.4254684520857309
10902,0.05289140246305078
10903,0.1689585468461763
10904,0.011682506671688584
10905,0.5572800791770498
10906,0.13236821959912531
10907,0.08083694378215928
10908,0.6632313326736643
10909,0.008886079627096448
10910,0.9537512883620181
10911,0.9774947737876188
10912,0.008884020255144134
10913,0.8950069440867752
10914,0.9981993576661806
10915,0.891347636811187
10916,0.9882388246469095
10917,0.17376103550723127
10918,0.4610481707745503
10919,0.14285927487437478
10920,0.9817838728768479
10921,0.9878348780107349
10922,0.9252856270584895
10923,0.844304678427697
10924,0.5970860747874867
10925,0.1644861248635272
10926,0.604812371892283
10927,0.027618263623010134
10928,0.47941939576828546
10929,0.9760908950098377
10930,0.4590937666577695
10931,0.09912133116726049
10932,0.012950150008206832
10933,0.12982169244978858
10934,0.1933700625457875
10935,0.9462349374096249
10936,0.36276003600977613
10937,0.15417948542847976
10938,0.9755051382855067
10939,0.2418918493616902
10940,0.9204917961662189
10941,0.9935872160829001
10942,0.5879863784750258
10943,0.01281596470172551
10944,0.017712417616591595
10945,0.22821980731667932
10946,0.014767711554540066
10947,0.031603334475942595
10948,0.002576898652941735
10949,0.01669470599903993
10950,0.007414302377671607
10951,0.921927404999699
10952,0.04528813539004774
10953,0.025349299891302267
10954,0.07186814656256671
10955,0.21376181112721615
10956,0.6017540332679456
10957,0.002323157240560967
10958,0.03328172326918714
10959,0.0031196549983088726
10960,0.954478787954081
10961,0.4636530721716787
10962,0.7073923951431575
10963,0.32609942466337705
10964,0.0021391288375367883
10965,0.6457451230474581
10966,0.9266044034632265
10967,0.9570193672667221
10968,0.18550597505774657
10969,0.1561942166855736
10970,0.03392712931941269
10971,0.1473619331977141
10972,0.43991627652691884
10973,0.6313522030972225
10974,0.281281701473935
10975,0.4951937907120902
10976,0.13146277557949002
10977,0.9639051471510087
10978,0.12735652098762398
10979,0.004686140336522419
10980,0.9429674573998406
10981,0.42060398655909387
10982,0.9899995628035945
10983,0.05349978244506939
10984,0.05349294789874812
10985,0.9572077796475505
10986,0.0532770548789149
10987,0.026308002712115922
10988,0.09596077011624356
10989,0.05173646052911479
10990,0.04525954290401512
10991,0.05170461416884006
10992,0.01758541128285184
10993,0.052809961292637334
10994,0.0031054754868377245
10995,0.21864404933321077
10996,0.4152153540821505
10997,0.044329510561913435
10998,0.030024163200036372
10999,0.07245476373599075
11000,0.028181655577786582
11001,0.012490628103865458
11002,0.4488657597599201
11003,0.37674397081407496
11004,0.9812006930590408
11005,0.004462769602368872
11006,0.004569867161128087
11007,0.13537594350433038
11008,0.1359245344759658
11009,0.026510553588286627
11010,0.05483448140528839
11011,0.0035784207777231395
11012,0.13680486964166802
11013,0.49138050823917845
11014,0.049328354603626764
11015,0.07890116995109586
11016,0.01048020643505521
11017,0.950160521320146
11018,0.006994822911332554
11019,0.133556313373299
11020,0.9240644129926101
11021,0.019373776485521323
11022,0.1703466205719124
11023,0.002674317490097487
11024,0.7512619935797873
11025,0.09924581444444491
11026,0.7126327403485374
11027,0.16968172807733511
11028,0.8393340955217954
11029,0.02248298455306746
11030,0.028117373866590474
11031,0.016187139689619483
11032,0.945955436308517
11033,0.05277100985514856
11034,0.016492282084191054
11035,0.9208309647041535
11036,0.10695491139865998
11037,0.9894743085707078
11038,0.293576741010787
11039,0.9924714442960056
11040,0.007330809778477813
11041,0.06434974586844919
11042,0.9670597030244007
11043,0.05117686233693814
11044,0.24005146656430826
11045,0.8689165604176867
11046,0.01763479591403824
11047,0.5103043806940508
11048,0.026328456276054304
11049,0.006443486046329947
11050,0.7750360009261081
11051,0.39528795613436635
11052,0.43195856888820594
11053,0.557386351490105
11054,0.9837249826137024
11055,0.909737477604145
11056,0.06961131001820614
11057,0.04360828403451909
11058,0.0799485607373858
11059,0.05352389897894824
11060,0.297877439975004
11061,0.6917651689195196
11062,0.9719825613602588
11063,0.0024396429580710232
11064,0.8966585175956889
11065,0.9750218679309834
11066,0.055506797447496495
11067,0.0756643239623073
11068,0.9518500006747165
11069,0.9385259827671488
11070,0.05859163661618961
11071,0.023837107746891406
11072,0.940098216636045
11073,0.05505877523654816
11074,0.9970004716624192
11075,0.04181028168138671
11076,0.10590556503329082
11077,0.03295150693791111
11078,0.5653720625882508
11079,0.02197519736936452
11080,0.0019116072081747453
11081,0.01530973695592772
11082,0.9006136208078477
11083,0.1201491622583018
11084,0.01630170771325766
11085,0.09439935978896533
11086,0.2568294641869525
11087,0.004456138850560617
11088,0.004315595375918437
11089,0.9868580580825516
11090,0.9795340256520177
11091,0.011501089243994764
11092,0.9617679839343176
11093,0.7146668838511749
11094,0.096227142551821
11095,0.9517543934817999
11096,0.4653076927084358
11097,0.05592430248606077
11098,0.11135358046873614
11099,0.9543627632584537
11100,0.10109375650630457
11101,0.24624171709992979
11102,0.03347362237884159
11103,0.9535871975619995
11104,0.08760085120838192
11105,0.11025356665529532
11106,0.9718650260428078
11107,0.9818020522269327
11108,0.3162782650889603
11109,0.9775623617573368
11110,0.06233750095011459
11111,0.9646297262607636
11112,0.03411986720319107
11113,0.001970225883784609
11114,0.10011967863449818
11115,0.2532903711005199
11116,0.2086609064749651
11117,0.9672729468831707
11118,0.09235623140119115
11119,0.9648728115875204
11120,0.00649633392050241
11121,0.07258662221731989
11122,0.010181682747571651
11123,0.9978666305270318
11124,0.8007636364989185
11125,0.9814243173403037
11126,0.06599915390573027
11127,0.07836103230352537
11128,0.959339461624087
11129,0.021321546633443492
11130,0.09094909794329545
11131,0.9562745545413001
11132,0.0687952568011398
11133,0.4887056251064346
11134,0.05299763369897417
11135,0.9822465194490165
11136,0.17515301692745813
11137,0.010156470005495678
11138,0.9598046850234556
11139,0.024774226217308765
11140,0.9515769369113051
11141,0.025053473236695094
11142,0.14082582342344355
11143,0.9507863641211916
11144,0.015276391678295868
11145,0.1663565474840495
11146,0.969239320889904
11147,0.008514649092127333
11148,0.9806284040751577
11149,0.08414263852269627
11150,0.8270757674562897
11151,0.13930849020441322
11152,0.016073455590242737
11153,0.8197019120309924
11154,0.02891260481334533
11155,0.35084587354091956
11156,0.03375662404412305
11157,0.37054095141237425
11158,0.9858992050163217
11159,0.012124579488506773
11160,0.9509197803295382
11161,0.9784841048166782
11162,0.27876900143629424
11163,0.839008764330216
11164,0.027366559570652704
11165,0.23790563240383428
11166,0.14175989949250511
11167,0.047950815560986196
11168,0.9817363588328333
11169,0.41754643259105717
11170,0.024713115798586986
11171,0.8851419973614454
11172,0.045467938372172736
11173,0.004709657535191485
11174,0.08937440368968655
11175,0.2070253495649933
11176,0.037780600483446995
11177,0.9536196378821749
11178,0.00462530627869335
11179,0.009403225281838044
11180,0.821316292724604
11181,0.19142576353315244
11182,0.9860887503240513
11183,0.5624041845466611
11184,0.0014245745928178086
11185,0.903569907517637
11186,0.06290755514745008
11187,0.989059520624251
11188,0.12917512650573937
11189,0.18930830781860786
11190,0.07256524605666712
11191,0.9968159816986921
11192,0.18869682488770284
11193,0.05260123246303605
11194,0.0816650985469077
11195,0.17383957775171316
11196,0.0067823218440006845
11197,0.046155915239541295
11198,0.731019934705126
11199,0.9091123782550918
11200,0.31206382398303945
11201,0.007291727358006533
11202,0.0013020111050055325
11203,0.10096334934925044
11204,0.004255975356365086
11205,0.034314875292590086
11206,0.0032308243467742337
11207,0.17459060284272265
11208,0.012377414340264119
11209,0.9669464697447149
11210,0.04217466839035117
11211,0.08357281360241053
11212,0.08001855670530547
11213,0.008020690041730122
11214,0.7233505231364968
11215,0.07191803250599293
11216,0.16974708591670246
11217,0.22278174603797454
11218,0.1012594341637182
11219,0.9947679303983474
11220,0.07508539389119198
11221,0.30082997132170036
11222,0.20211921914596429
11223,0.0016614596769949851
11224,0.05507243511477465
11225,0.9961976357167883
11226,0.012335655266132596
11227,0.14871225818508674
11228,0.32421348592467425
11229,0.12396285194854059
11230,0.0026747506420296686
11231,0.9867867979755538
