index,target
0,0.15725902184235518
1,0.8255876068376069
2,0.27792616334283
3,0.2979582146248813
4,0.9702338556505223
5,0.052647198480531815
6,0.8931623931623931
7,0.5343364197530864
8,0.21136039886039884
9,0.8773741690408356
10,0.06754510921177587
11,0.03193257359924027
12,0.40375712250712253
13,0.7296118233618234
14,0.7008547008547009
15,0.6537571225071225
16,0.5655864197530863
17,0.8201270180436847
18,0.7882834757834757
19,0.9326032763532762
20,0.5030270655270656
21,0.7862654320987654
22,0.9419218898385565
23,0.49682454890788225
24,0.9183582621082621
25,0.2558760683760684
26,0.20661206077872743
27,0.11603751187084521
28,0.12784900284900283
29,0.010683760683760682
30,0.24483618233618235
31,0.04938271604938271
32,0.07110636277302944
33,0.7094017094017094
34,0.48617046533713193
35,0.571076685660019
36,0.8303359449192782
37,0.08000949667616335
38,0.3398326210826211
39,0.5291132478632479
40,0.4607371794871795
41,0.8815883190883191
42,0.04976851851851852
43,0.6485042735042735
44,0.798136277302944
45,0.1850071225071225
46,0.787096391263058
47,0.5126721272554605
48,0.6927231718898385
49,0.4144112060778728
50,0.43346391263057926
51,0.05754392212725546
52,0.62167616334283
53,0.12330840455840457
54,0.49272910731244063
55,0.20803656220322886
56,0.27866809116809116
57,0.8929546533713201
58,0.25554962013295346
59,0.7873338081671415
60,0.5371557454890787
61,0.1564874169040836
62,0.8121438746438746
63,0.7778074548907883
64,0.576062440645774
65,0.04890788224121557
66,0.37342711301044634
67,0.9065764482431149
68,0.9626661918328585
69,0.6640847578347578
70,0.4080899810066477
71,0.6788639601139601
72,0.3620607787274454
73,0.4685125830959164
74,0.48806980056980054
75,0.13969017094017094
76,0.004392212725546059
77,0.0540420227920228
78,0.22780151946818614
79,0.7939221272554606
80,0.6018518518518517
81,0.6225664767331435
82,0.48964268755935425
83,0.48510208926875603
84,0.5542497625830959
85,0.721806742640076
86,0.7178003323836656
87,0.14702041785375117
88,0.504125118708452
89,0.010268281101614435
90,0.7823480531813866
91,0.30134140550807215
92,0.2856125356125356
93,0.4412096391263058
94,0.4769408831908832
95,0.8060600664767331
96,0.6987773029439697
97,0.4220679012345679
98,0.9321877967711302
99,0.6537571225071225
100,0.11090337132003798
101,0.4529320987654321
102,0.3279320987654321
103,0.5121379392212725
104,0.7028430674264007
105,0.35760921177587845
106,0.8490918803418803
107,0.7702397910731245
108,0.6224774453941121
109,0.5336241690408358
110,0.8491512345679012
111,0.1960173314339981
112,0.4854285375118708
113,0.128590930674264
114,0.19506766381766383
115,0.597133190883191
116,0.9244123931623931
117,0.620548433048433
118,0.6286799620132953
119,0.9724893162393163
120,0.8899869420702754
121,0.01154439696106363
122,0.6662511870845204
123,0.42269112060778724
124,0.59375
125,0.46854226020892686
126,0.2985517568850902
127,0.5401828110161443
128,0.43049620132953464
129,0.42470916429249767
130,0.04730531813865147
131,0.24127492877492882
132,0.9713022317188984
133,0.41076092117758783
134,0.9417438271604938
135,0.8540776353276353
136,0.9586894586894587
137,0.8751780626780628
138,0.7831196581196581
139,0.4424560778727445
140,0.15007716049382716
141,0.6948599240265906
142,0.17530270655270655
143,0.42094017094017094
144,0.03127967711301045
145,0.9358380816714149
146,0.7899750712250713
147,0.8906398385565052
148,0.8867818138651472
149,0.34529320987654316
150,0.737238841405508
151,0.400730056980057
152,0.4151234567901234
153,0.15363841405508072
154,0.33920940170940167
155,0.19417735042735043
156,0.7139719848053181
157,0.7443316714150048
158,0.3235695631528965
159,0.34980413105413105
160,0.06686253561253562
161,0.7278311965811967
162,0.29083570750237414
163,0.7790835707502374
164,0.37526709401709396
165,0.3092948717948718
166,0.5335351377018044
167,0.1346747388414055
168,0.9501127730294397
169,0.0645477207977208
170,0.2523741690408357
171,0.2731184710351377
172,0.5272435897435898
173,0.8445512820512819
174,0.13330959164292497
175,0.12666191832858498
176,0.8951507597340931
177,0.927795584045584
178,0.029261633428300095
179,0.8609924026590693
180,0.47584283000949673
181,0.3203347578347578
182,0.8023504273504273
183,0.5433879392212725
184,0.8617343304843305
185,0.36223884140550816
186,0.7501187084520419
187,0.06718898385565052
188,0.5496201329534663
189,0.16901115859449192
190,0.08395655270655271
191,0.8474299620132953
192,0.34811253561253563
193,0.3563627730294397
194,0.5442782526115859
195,0.9517153371320038
196,0.3182573599240266
197,0.9440586419753086
198,0.5330306267806268
199,0.6581493352326686
200,0.5663283475783475
201,0.1912689933523267
202,0.8985933048433048
203,0.0701863722697056
204,0.2683701329534663
205,0.15334164292497623
206,0.5115443969610636
207,0.8256469610636277
208,0.36223884140550805
209,0.9929071699905033
210,0.46625712250712253
211,0.03466286799620133
212,0.7381588319088319
213,0.12951092117758786
214,0.18898385565052234
215,0.6101911206077874
216,0.32641856600189934
217,0.710440408357075
218,0.907377730294397
219,0.745073599240266
220,0.5175391737891738
221,0.23539886039886038
222,0.22964150047483378
223,0.2272673314339981
224,0.6363069800569802
225,0.9686016144349479
226,0.841553893637227
227,0.3342830009496676
228,0.8271011396011395
229,0.01528371320037987
230,0.2689339981006648
231,0.9705306267806267
232,0.5744895536562203
233,0.1964624881291548
234,0.6280270655270656
235,0.3352029914529915
236,0.6330721747388414
237,0.7326982431149097
238,0.39034306742640074
239,0.9559591642924975
240,0.29116215574548904
241,0.11677943969610637
242,0.6037808641975309
243,0.6249703228869895
244,0.8407526115859448
245,0.5494420702754036
246,0.5284603513770181
247,0.06923670465337133
248,0.7704178537511871
249,0.9918091168091169
250,0.4964684235517569
251,0.28033000949667614
252,0.3225902184235518
253,0.5195572174738842
254,0.48148148148148145
255,0.5718779677113011
256,0.6785375118708452
257,0.8119954890788224
258,0.12526709401709402
259,0.27368233618233617
260,0.5609271130104464
261,0.4266381766381766
262,0.9841227445394113
263,0.8687678062678064
264,0.06712962962962964
265,0.4728157644824311
266,0.7987298195631528
267,0.5070334757834757
268,0.032080959164292495
269,0.01697530864197531
270,0.6635208926875594
271,0.6985992402659069
272,0.32908950617283955
273,0.14345916429249764
274,0.999139363722697
275,0.9832621082621081
276,0.4760802469135803
277,0.21949192782526117
278,0.1434591642924976
279,0.3320572174738841
280,0.8766322412155745
281,0.8706077872744539
282,0.9023622981956315
283,0.11663105413105412
284,0.5195572174738842
285,0.4960826210826211
286,0.1607312440645774
287,0.19687796771130106
288,0.9624287749287749
289,0.6209045584045585
290,0.6869361348528015
291,0.960440408357075
292,0.8387939221272553
293,0.9675035612535613
294,0.04899691358024691
295,0.46768162393162394
296,0.5490859449192782
297,0.44640313390313396
298,0.057484567901234566
299,0.9710944919278252
300,0.5125534188034188
301,0.8496260683760682
302,0.8104226020892688
303,0.3384674738841405
304,0.7458748812915479
305,0.7894408831908833
306,0.4382716049382716
307,0.3003027065527066
308,0.7106184710351376
309,0.6630163817663818
310,0.9218898385565053
311,0.31048195631528963
312,0.6802587844254511
313,0.10876661918328585
314,0.7195809591642925
315,0.2613960113960114
316,0.9061609686609687
317,0.21231006647673314
318,0.02997388414055081
319,0.7668566001899335
320,0.6192723171889839
321,0.323866334283001
322,0.02136752136752137
323,0.27394943019943024
324,0.5367699430199431
325,0.8209579772079773
326,0.35024928774928776
327,0.8270714624881291
328,0.16087962962962962
329,0.12942188983855651
330,0.8133309591642925
331,0.13369539411206077
332,0.5899810066476733
333,0.31885090218423556
334,0.506588319088319
335,0.6237832383665717
336,0.3568672839506173
337,0.9351258309591644
338,0.15978157644824312
339,0.3517331433998101
340,0.023830721747388414
341,0.9560778727445394
342,0.8228276353276353
343,0.5772198480531814
344,0.4133131528964862
345,0.9052706552706553
346,0.6999643874643876
347,0.4115918803418803
348,0.016826923076923076
349,0.6565467711301044
350,0.9883665716999049
351,0.3106600189933523
352,0.29493114909781576
353,0.4330187559354226
354,0.5413402184235517
355,0.5166488603988604
356,0.896337844254511
357,0.21358618233618232
358,0.9143221747388415
359,0.5731244064577398
360,0.4775641025641026
361,0.7315408357075025
362,0.08915004748338083
363,0.35986467236467234
364,0.05059947768281101
365,0.7510980531813866
366,0.17838912630579298
367,0.6845026115859448
368,0.6630163817663818
369,0.9059235517568851
370,0.742818138651472
371,0.8311372269705603
372,0.22076804368471037
373,0.5507181861348528
374,0.2737713675213675
375,0.8005698005698005
376,0.49228395061728397
377,0.24281813865147198
378,0.25860636277302945
379,0.05807811016144349
380,0.42218660968660965
381,0.5243352326685661
382,0.9450973409306741
383,0.523801044634378
384,0.47311253561253563
385,0.5633606362773029
386,0.2648682336182336
387,0.7247150997150996
388,0.45634496676163344
389,0.2689636752136752
390,0.7809235517568851
391,0.15705128205128205
392,0.15998931623931625
393,0.7785493827160495
394,0.9495785849952516
395,0.7921415004748339
396,0.9159840930674265
397,0.6614731718898387
398,0.538698955365622
399,0.01623338081671415
400,0.31214387464387466
401,0.035790598290598295
402,0.09511514719848052
403,0.5126424501424501
404,0.13541666666666666
405,0.30246913580246915
406,0.9588081671415004
407,0.7037927350427351
408,0.21385327635327633
409,0.553923314339981
410,0.4451566951566952
411,0.807781339031339
412,0.5682573599240266
413,0.7024275878442544
414,0.4634674738841405
415,0.34339387464387466
416,0.9024216524216525
417,0.5715811965811967
418,0.4323361823361824
419,0.9659009971509972
420,0.456048195631529
421,0.018221747388414058
422,0.11959876543209876
423,0.7722281576448243
424,0.8621498100664767
425,0.14446818613485282
426,0.3325023741690408
427,0.07039411206077872
428,0.8222637701804368
429,0.8757716049382717
430,0.9805911680911681
431,0.47127255460588796
432,0.6642628205128206
433,0.32974240265906934
434,0.7646901709401709
435,0.22774216524216526
436,0.9321284425451092
437,0.3466286799620133
438,0.3642568850902184
439,0.9666726020892688
440,0.793625356125356
441,0.4367283950617284
442,0.2633250237416904
443,0.0856778252611586
444,0.5914945394112061
445,0.21361585944919279
446,0.9755460588793922
447,0.6004273504273504
448,0.14093660968660968
449,0.625801282051282
450,0.4759615384615385
451,0.6656279677113011
452,0.859775641025641
453,0.638235992402659
454,0.4704415954415954
455,0.8559769705603039
456,0.8123812915479581
457,0.3036858974358974
458,0.6293922127255461
459,0.7018933998100665
460,0.4356006647673314
461,0.6945334757834757
462,0.6325379867046533
463,0.87034069325736
464,0.4116809116809117
465,0.9200498575498575
466,0.8886217948717948
467,0.1501068376068376
468,0.8081077872744539
469,0.9101970560303894
470,0.5115740740740741
471,0.6291251187084521
472,0.9055674264007597
473,0.19123931623931623
474,0.25332383665717
475,0.0884377967711301
476,0.19919278252611586
477,0.41372863247863245
478,0.44450379867046536
479,0.7426103988603988
480,0.14636752136752137
481,0.9669693732193733
482,0.494480056980057
483,0.9232846628679963
484,0.8791251187084521
485,0.16266025641025642
486,0.2423136277302944
487,0.44925213675213677
488,0.1166013770180437
489,0.16447056030389362
490,0.37639482431149096
491,0.1862832383665717
492,0.049293684710351386
493,0.2999762583095917
494,0.6441120607787275
495,0.4422780151946819
496,0.17331433998100665
497,0.7324905033238367
498,0.6079653371320037
499,0.3951507597340931
500,0.9286265432098766
501,0.4155686134852801
502,0.4593423551756885
503,0.6290657644824311
504,0.7742165242165241
505,0.5820275403608738
506,0.1317960588793922
507,0.9663461538461539
508,0.7705662393162394
509,0.3070690883190883
510,0.4240265906932574
511,0.754451566951567
512,0.17334401709401712
513,0.9391322412155745
514,0.9084164292497626
515,0.8898088793922128
516,0.9377374169040835
517,0.6910018993352326
518,0.5183701329534663
519,0.46966999050332386
520,0.7478929249762584
521,0.4890194681861349
522,0.8574311490978158
523,0.7258428300094967
524,0.4705899810066477
525,0.8852979582146249
526,0.690497388414055
527,0.0735102089268756
528,0.652659069325736
529,0.9659900284900284
530,0.08386752136752136
531,0.027035849952516622
532,0.22109449192782527
533,0.10737179487179488
534,0.09564933523266857
535,0.37538580246913583
536,0.3098587369420703
537,0.8298611111111112
538,0.31867283950617287
539,0.9036384140550808
540,0.6439933523266856
541,0.3073361823361824
542,0.01071343779677113
543,0.6892509496676164
544,0.834846866096866
545,0.1063627730294397
546,0.6560422602089269
547,0.03234805318138651
548,0.3753264482431149
549,0.2416013770180437
550,0.9248278727445394
551,0.7578941120607787
552,0.6169278252611586
553,0.1483262108262108
554,0.4078525641025641
555,0.6985695631528964
556,0.18005104463437796
557,0.456849477682811
558,0.7560244539411206
559,0.10559116809116809
560,0.3446996676163343
561,0.6393043684710352
562,0.9332561728395062
563,0.7060481956315291
564,0.028044871794871792
565,0.8366274928774929
566,0.45391144349477686
567,0.15500356125356127
568,0.6949192782526117
569,0.6398979107312441
570,0.43488841405508066
571,0.5014245014245015
572,0.7491393637226972
573,0.2226673789173789
574,0.670673076923077
575,0.41381766381766383
576,0.8979107312440645
577,0.06407288698955366
578,0.3070690883190883
579,0.5081315289648624
580,0.49949548907882235
581,0.5330009496676164
582,0.005490265906932573
583,0.062321937321937325
584,0.015521130104463439
585,0.6244064577397911
586,0.7481896961063628
587,0.7396723646723647
588,0.0867165242165242
589,0.4688390313390314
590,0.520744301994302
591,0.054071699905033244
592,0.39669396961063624
593,0.2601198955365622
594,0.3980887939221272
595,0.6181742640075973
596,0.3551756885090218
597,0.41723053181386516
598,0.5808998100664767
599,0.8856244064577398
600,0.1853335707502374
601,0.15301519468186134
602,0.21501068376068377
603,0.6030686134852802
604,0.8544634377967711
605,0.25860636277302945
606,0.27018043684710347
607,0.04252730294396961
608,0.07535018993352326
609,0.053389126305792976
610,0.3887701804368471
611,0.44735280151946816
612,0.14289529914529916
613,0.0631528964862298
614,0.4880104463437797
615,0.6934354226020893
616,0.1475546058879392
617,0.2517806267806268
618,0.0487298195631529
619,0.2662037037037037
620,0.13571343779677114
621,0.0682573599240266
622,0.7054546533713201
623,0.14820750237416905
624,0.46895773979107314
625,0.6945928300094967
626,0.8001246438746438
627,0.9565527065527065
628,0.07772435897435898
629,0.8679962013295347
630,0.1533713200379867
631,0.4288639601139601
632,0.7051282051282052
633,0.9548907882241217
634,0.22557573599240266
635,0.7437084520417853
636,0.10544278252611587
637,0.04875949667616334
638,0.10683760683760683
639,0.8975842830009496
640,0.4345322886989553
641,0.7651650047483382
642,0.258309591642925
643,0.2764423076923077
644,0.8667200854700855
645,0.14725783475783474
646,0.19738247863247863
647,0.3734864672364672
648,0.5629451566951568
649,0.7160493827160495
650,0.38648504273504275
651,0.9163402184235517
652,0.9152421652421653
653,0.15254036087369424
654,0.30499169040835705
655,0.017331433998100665
656,0.5240384615384616
657,0.8908772554605888
658,0.7123397435897436
659,0.5120192307692307
660,0.12473290598290598
661,0.6911799620132953
662,0.3927765906932574
663,0.5581671415004748
664,0.7026946818613485
665,0.32229344729344733
666,0.25166191832858503
667,0.9072590218423552
668,0.5997447768281101
669,0.7559057454890787
670,0.2567960588793922
671,0.7100249287749288
672,0.3919456315289649
673,0.4378264482431149
674,0.99534069325736
675,0.32938627730294395
676,0.20987654320987656
677,0.7033772554605887
678,0.36259496676163344
679,0.7840693257359924
680,0.5425866571699904
681,0.2776293922127256
682,0.8727742165242166
683,0.4722815764482431
684,0.6032466761633428
685,0.5741631054131054
686,0.38790954415954415
687,0.28338675213675213
688,0.9216820987654321
689,0.4504688983855651
690,0.9080603038936372
691,0.43936965811965817
692,0.017657882241215575
693,0.8377255460588794
694,0.20892687559354228
695,0.8180199430199431
696,0.14458689458689458
697,0.6790123456790124
698,0.9819266381766382
699,0.1600189933523267
700,0.16497507122507124
701,0.49548907882241217
702,0.047275641025641024
703,0.012405033238366572
704,0.24017687559354226
705,0.2382478632478632
706,0.390758547008547
707,0.6830187559354227
708,0.4296058879392213
709,0.21103395061728394
710,0.37882834757834755
711,0.386900522317189
712,0.989434947768281
713,0.33223528015194687
714,0.8447590218423552
715,0.3823599240265907
716,0.048700142450142446
717,0.5172127255460589
718,0.49685422602089274
719,0.12040004748338083
720,0.23293566001899335
721,0.5105947293447293
722,0.6496913580246914
723,0.7742462013295346
724,0.8322056030389363
725,0.7428774928774929
726,0.2267628205128205
727,0.9497863247863249
728,0.38630698005698005
729,0.5582264957264957
730,0.5551400759734094
731,0.08757716049382717
732,0.9634377967711302
733,0.8683226495726496
734,0.5884674738841406
735,0.2854938271604938
736,0.9043209876543209
737,0.23646723646723644
738,0.5591464862298196
739,0.7047424026590693
740,0.974596391263058
741,0.7483677587844254
742,0.6120607787274454
743,0.5892094017094017
744,0.41660731244064575
745,0.1762820512820513
746,0.8860992402659069
747,0.8233321462488129
748,0.5140669515669516
749,0.7572708926875594
750,0.35746082621082625
751,0.5095857075023742
752,0.40215455840455844
753,0.5790301519468186
754,0.23246082621082623
755,0.31531932573599236
756,0.6191832858499525
757,0.38399216524216523
758,0.051193019943019946
759,0.20601851851851852
760,0.827991452991453
761,0.37681030389363723
762,0.8050213675213675
763,0.19192188983855651
764,0.04080603038936372
765,0.9346213200379867
766,0.589624881291548
767,0.7845144824311491
768,0.6337844254510921
769,0.701388888888889
770,0.5864494301994302
771,0.1808226495726496
772,0.9472340930674265
773,0.11897554605887939
774,0.591019705603039
775,0.9830246913580246
776,0.6469610636277303
777,0.09582739791073125
778,0.5562678062678063
779,0.7232609211775879
780,0.08674620132953466
781,0.1268399810066477
782,0.7230828584995251
783,0.2546889838556505
784,0.73139245014245
785,0.9390432098765432
786,0.7796771130104463
787,0.09416547958214626
788,0.8545524691358025
789,0.28552350427350426
790,0.7942782526115858
791,0.25569800569800566
792,0.3996616809116809
793,0.33039529914529914
794,0.5796236942070275
795,0.5557929724596391
796,0.3484686609686609
797,0.05478395061728395
798,0.7937737416904084
799,0.6318257359924027
800,0.6796058879392213
801,0.7866512345679012
802,0.0957977207977208
803,0.020892687559354226
804,0.36274335232668564
805,0.4673848528015195
806,0.11618589743589743
807,0.2905389363722697
808,0.3711122981956316
809,0.6108143399810068
810,0.34155389363722694
811,0.3595679012345679
812,0.9397257834757834
813,0.6483855650522318
814,0.8883250237416904
815,0.1374050332383666
816,0.651531339031339
817,0.8611407882241217
818,0.7000237416904084
819,0.22797958214624883
820,0.9689874169040835
821,0.9924323361823362
822,0.5562381291547959
823,0.1668744064577398
824,0.6565467711301044
825,0.0031457739791073123
826,0.593482905982906
827,0.42025759734093066
828,0.2348943494776828
829,0.9628145773979107
830,0.804398148148148
831,0.2090752611585945
832,0.9683048433048432
833,0.6938212250712251
834,0.8518518518518517
835,0.010772792022792022
836,0.6160078347578347
837,0.7049501424501425
838,0.6636099240265906
839,0.9806801994301995
840,0.400730056980057
841,0.2252196106362773
842,0.5001483855650523
843,0.07211538461538462
844,0.8346688034188036
845,0.9872685185185185
846,0.9985458214624882
847,0.18951804368471037
848,0.05267687559354226
849,0.764423076923077
850,0.6910612535612536
851,0.812707739791073
852,0.4615384615384615
853,0.23652659069325735
854,0.8736942070275404
855,0.1111111111111111
856,0.8444919278252612
857,0.9397257834757835
858,0.16850664767331433
859,0.766826923076923
860,0.10075379867046534
861,0.8483499525166192
862,0.6265432098765432
863,0.8422661443494777
864,0.05205365622032288
865,0.6549442070275404
866,0.8412274453941121
867,0.40779320987654327
868,0.5214862298195632
869,0.7706552706552706
870,0.2429665242165242
871,0.9962903608736943
872,0.2458452041785375
873,0.12491096866096868
874,0.9403193257359924
875,0.7953466286799621
876,0.1880935422602089
877,0.4875059354226021
878,0.39541785375118704
879,0.8714981006647674
880,0.3195334757834758
881,0.399928774928775
882,0.79786918328585
883,0.5725902184235517
884,0.2565289648622982
885,0.9355116334283
886,0.2221925451092118
887,0.9047958214624882
888,0.2732371794871795
889,0.14583333333333334
890,0.5630935422602089
891,0.718542260208927
892,0.5858262108262108
893,0.37016263057929727
894,0.7159900284900286
895,0.6190052231718899
896,0.8239850427350427
897,0.46759259259259256
898,0.029617758784425453
899,0.7621082621082621
900,0.5342473884140552
901,0.08006885090218424
902,0.7028430674264007
903,0.8278133903133903
904,0.24531101614434947
905,0.8913224121557456
906,0.43011039886039887
907,0.09143518518518519
908,0.9758725071225071
909,0.22397317188983856
910,0.2770358499525166
911,0.4520714624881292
912,0.2510386989553656
913,0.403193257359924
914,0.20106244064577397
915,0.37176519468186137
916,0.5682870370370371
917,0.7080068850902185
918,0.40598290598290604
919,0.7142687559354227
920,0.09416547958214626
921,0.16114672364672364
922,0.26460113960113957
923,0.9918981481481483
924,0.9058641975308642
925,0.8285849952516618
926,0.32686372269705605
927,0.4115622032288699
928,0.23830721747388414
929,0.7434710351377017
930,0.607579534662868
931,0.27365265906932573
932,0.8763354700854701
933,0.2127552231718898
934,0.2400581671415005
935,0.4118886514719848
936,0.971480294396961
937,0.2754926400759734
938,0.28745251661918325
939,0.7196699905033238
940,0.32944563152896483
941,0.9275878442545108
942,0.8784425451092118
943,0.9841524216524217
944,0.7009437321937323
945,0.6752730294396961
946,0.33134496676163344
947,0.7738307217473883
948,0.2597637701804369
949,0.31247032288698956
950,0.9488069800569799
951,0.6386217948717948
952,0.6451507597340931
953,0.49528133903133903
954,0.28222934472934474
955,0.708837844254511
956,0.9616274928774929
957,0.6279083570750238
958,0.22159900284900283
959,0.7026650047483382
960,0.010357312440645776
961,0.8956552706552706
962,0.23738722697056028
963,0.6987773029439696
964,0.6693672839506172
965,0.28003323836657174
966,0.6011099240265907
967,0.07621082621082621
968,0.10381054131054131
969,0.041191832858499526
970,0.5077457264957265
971,0.5113960113960114
972,0.9918684710351378
973,0.36327754036087373
974,0.6800807217473884
975,0.11078466286799621
976,0.19156576448243112
977,0.8243114909781578
978,0.3874940645773979
979,0.9800273029439697
980,0.8724180911680911
981,0.9387761158594491
982,0.6796652421652422
983,0.2919931149097816
984,0.9208511396011395
985,0.35746082621082625
986,0.8347281576448243
987,0.5449608262108262
988,0.5759437321937322
989,0.8104522792022792
990,0.8828050807217475
991,0.43729226020892686
992,0.2961775878442545
993,0.31499287749287747
994,0.16806149097815762
995,0.9865562678062679
996,0.23774335232668564
997,0.37025166191832853
998,0.5592948717948718
999,0.8194444444444443
1000,0.8578763057929725
1001,0.974002849002849
1002,0.08612298195631529
1003,0.08986229819563152
1004,0.7415420227920229
1005,0.8469254510921177
1006,0.9851317663817664
1007,0.6756588319088319
1008,0.28596866096866097
1009,0.6330128205128206
1010,0.2419278252611586
1011,0.47352801519468185
1012,0.31229226020892686
1013,0.6299857549857549
1014,0.7077991452991452
1015,0.3049916904083571
1016,0.17800332383665718
1017,0.7212725546058879
1018,0.8101555080721748
1019,0.009229582146248813
1020,0.3487060778727445
1021,0.9229878917378919
1022,0.7385446343779677
1023,0.8311965811965812
1024,0.09188034188034189
1025,0.1052053656220323
1026,0.1699311490978158
1027,0.47237060778727447
1028,0.2527006172839506
1029,0.46845322886989554
1030,0.018963675213675212
1031,0.5502433523266856
1032,0.6554190408357075
1033,0.07434116809116809
1034,0.7696759259259259
1035,0.21509971509971507
1036,0.5832739791073124
1037,0.9411206077872745
1038,0.22664411206077872
1039,0.8587369420702754
1040,0.6683582621082621
1041,0.28439577397910726
1042,0.2759377967711301
1043,0.7344788698955366
1044,0.008131528964862298
1045,0.3918269230769231
1046,0.045198243114909775
1047,0.580721747388414
1048,0.7802113010446344
1049,0.8002136752136751
1050,0.04831433998100665
1051,0.5387286324786325
1052,0.360903371320038
1053,0.9273207502374169
1054,0.6678834283000951
1055,0.4688390313390314
1056,0.5931267806267807
1057,0.5694741215574548
1058,0.014096628679962012
1059,0.8834876543209876
1060,0.6194800569800569
1061,0.25638057929724595
1062,0.05018399810066477
1063,0.6410849952516618
1064,0.8698361823361823
1065,0.3336894586894587
1066,0.16681505223171889
1067,0.5798907882241215
1068,0.5479878917378918
1069,0.9580959164292498
1070,0.5641915954415954
1071,0.7270002374169041
1072,0.1871141975308642
1073,0.8410493827160493
1074,0.036028015194681864
1075,0.21052943969610638
1076,0.03418803418803419
1077,0.17197886989553654
1078,0.24082977207977208
1079,0.9142331433998101
1080,0.06644705603038936
1081,0.28950023741690406
1082,0.8163877018043685
1083,0.3860398860398861
1084,0.8529795821462489
1085,0.7341820987654321
1086,0.7781932573599241
1087,0.7184235517568851
1088,0.011663105413105413
1089,0.8405151946818613
1090,0.3212250712250712
1091,0.9188627730294397
1092,0.36912393162393164
1093,0.46800807217473883
1094,0.9936194207027541
1095,0.7905389363722697
1096,0.358974358974359
1097,0.777391975308642
1098,0.20512820512820515
1099,0.661829297245964
1100,0.5179843304843305
1101,0.24976258309591645
1102,0.476198955365622
1103,0.5614019468186134
1104,0.33084045584045585
1105,0.518755935422602
1106,0.5620548433048432
1107,0.36784781576448244
1108,0.3068910256410256
1109,0.6717711301044634
1110,0.7967414529914528
1111,0.09511514719848052
1112,0.1981244064577398
1113,0.7343304843304844
1114,0.6689221272554606
1115,0.5615206552706553
1116,0.4590159069325736
1117,0.7675391737891738
1118,0.5402718423551757
1119,0.16049382716049385
1120,0.21162749287749286
1121,0.32045346628679966
1122,0.31285612535612534
1123,0.7009140550807218
1124,0.27976614434947766
1125,0.5565942545109211
1126,0.9092177113010447
1127,0.6632537986704653
1128,0.19272317188983856
1129,0.4009674738841406
1130,0.1079059829059829
1131,0.20070631528964863
1132,0.12283357075023742
1133,0.036384140550807215
1134,0.9877136752136751
1135,0.1684769705603039
1136,0.19966761633428298
1137,0.023860398860398858
1138,0.8540479582146249
1139,0.5387286324786325
1140,0.7517509496676164
1141,0.9431386514719847
1142,0.055496201329534665
1143,0.492283950617284
1144,0.8530092592592592
1145,0.8930436847103514
1146,0.9968542260208926
1147,0.41518281101614435
1148,0.03751187084520418
1149,0.6444681861348528
1150,0.9401115859449193
1151,0.014185660018993351
1152,0.5729760208926876
1153,0.9669693732193733
1154,0.6195097340930674
1155,0.16960470085470084
1156,0.6116156220322887
1157,0.7326092117758783
1158,0.7311550332383665
1159,0.8326210826210826
1160,0.20278371320037988
1161,0.12781932573599242
1162,0.6578822412155746
1163,0.05267687559354226
1164,0.5820868945868946
1165,0.1957502374169041
1166,0.679190408357075
1167,0.8705187559354227
1168,0.9371735517568851
1169,0.8004510921177589
1170,0.0516084995251662
1171,0.1983915004748338
1172,0.8836657169990504
1173,0.35570987654320985
1174,0.28035968660968663
1175,0.6197174738841406
1176,0.33101851851851855
1177,0.033505460588793924
1178,0.10268281101614435
1179,0.10576923076923077
1180,0.905448717948718
1181,0.38645536562203225
1182,0.19708570750237417
1183,0.30600071225071224
1184,0.770210113960114
1185,0.34529320987654316
1186,0.8165657644824312
1187,0.17889363722697058
1188,0.04540598290598291
1189,0.5335648148148148
1190,0.45486111111111116
1191,0.47955246913580246
1192,0.9127196106362773
1193,0.4561965811965812
1194,0.3740503323836657
1195,0.07775403608736942
1196,0.593957739791073
1197,0.8037155745489079
1198,0.5018993352326685
1199,0.9204653371320038
1200,0.7184532288698954
1201,0.4530508072174739
1202,0.6644705603038936
1203,0.24952516619183285
1204,0.7483084045584046
1205,0.22812796771130106
1206,0.7610992402659069
1207,0.24715099715099717
1208,0.5658535137701804
1209,0.4535553181386515
1210,0.8629510921177587
1211,0.7464387464387464
1212,0.1128917378917379
1213,0.11369301994301993
1214,0.1721272554605888
1215,0.2608321462488129
1216,0.15467711301044637
1217,0.7009140550807218
1218,0.4551578822412156
1219,0.1499287749287749
1220,0.8359152421652422
1221,0.4727267331433998
1222,0.7113603988603989
1223,0.3368055555555556
1224,0.597608024691358
1225,0.785968660968661
1226,0.5257003798670464
1227,0.9624881291547958
1228,0.4548017568850902
1229,0.7846331908831908
1230,0.06867283950617284
1231,0.8862476258309592
1232,0.7275047483380818
1233,0.20821462488129153
1234,0.29680080721747387
1235,0.816090930674264
1236,0.6956908831908831
1237,0.6095975783475783
1238,0.4243530389363723
1239,0.7004392212725546
1240,0.7208570750237416
1241,0.3178418803418803
1242,0.08502492877492877
1243,0.5829475308641975
1244,0.6591286799620133
1245,0.27709520417853756
1246,0.026976495726495724
1247,0.1983915004748338
1248,0.5164707977207977
1249,0.9732312440645775
1250,0.5813449667616334
1251,0.16945631528964863
1252,0.8402481006647674
1253,0.9288936372269706
1254,0.9879510921177589
1255,0.7821699905033238
1256,0.40423195631528963
1257,0.9025700379867047
1258,0.08288817663817664
1259,0.9922542735042734
1260,0.6995192307692308
1261,0.4661087369420703
1262,0.025997150997150997
1263,0.07662630579297246
1264,0.3281695156695157
1265,0.9625474833808166
1266,0.10045702754036089
1267,0.9227801519468186
1268,0.4303774928774929
1269,0.23403371320037988
1270,0.7059888414055081
1271,0.20598884140550808
1272,0.3604582146248813
1273,0.6895773979107312
1274,0.8538402184235517
1275,0.6187381291547958
1276,0.26385921177587845
1277,0.5499762583095916
1278,0.6219135802469136
1279,0.09410612535612535
1280,0.8797780151946819
1281,0.197738603988604
1282,0.8437796771130105
1283,0.26822174738841403
1284,0.41933760683760685
1285,0.7061669040835707
1286,0.6023860398860399
1287,0.6877967711301044
1288,0.6535493827160493
1289,0.006054131054131054
1290,0.6637879867046533
1291,0.44420702754036084
1292,0.49492521367521364
1293,0.2871854226020893
1294,0.53789767331434
1295,0.6579712725546059
1296,0.7771248812915479
1297,0.31745607787274455
1298,0.1922483380816714
1299,0.13200379867046533
1300,0.6239019468186134
1301,0.3837844254510921
1302,0.3738129154795822
1303,0.9027184235517569
1304,0.34796415004748343
1305,0.9817188983855649
1306,0.5920880816714149
1307,0.11437559354226022
1308,0.08285849952516619
1309,0.9615978157644824
1310,0.4315645773979107
1311,0.2748100664767332
1312,0.7417200854700855
1313,0.03676994301994302
1314,0.8750296771130105
1315,0.20776946818613484
1316,0.39645655270655267
1317,0.6810897435897436
1318,0.5863307217473884
1319,0.5033535137701804
1320,0.6519764957264956
1321,0.9212962962962963
1322,0.07962369420702754
1323,0.2988485280151947
1324,0.2713971984805318
1325,0.1504926400759734
1326,0.912571225071225
1327,0.8338675213675213
1328,0.11502849002849003
1329,0.6781517094017094
1330,0.9098706077872745
1331,0.6206671415004749
1332,0.4287452516619183
1333,0.21557454890788222
1334,0.803389126305793
1335,0.6179368471035138
1336,0.08262108262108263
1337,0.10386989553656222
1338,0.09149453941120607
1339,0.3610814339981007
1340,0.7002018043684709
1341,0.8533653846153846
1342,0.8684413580246914
1343,0.6772910731244064
1344,0.6661324786324787
1345,0.31015550807217473
1346,0.9930555555555555
1347,0.7997388414055081
1348,0.4269052706552707
1349,0.10891500474833808
1350,0.546088556505223
1351,0.39814814814814814
1352,0.6296889838556505
1353,0.1472875118708452
1354,0.40307454890788225
1355,0.950468898385565
1356,0.2040895061728395
1357,0.7397910731244064
1358,0.5860636277302944
1359,0.4019468186134853
1360,0.9015016619183287
1361,0.5189043209876544
1362,0.8468067426400759
1363,0.8259734093067426
1364,0.2110636277302944
1365,0.8943791547958214
1366,0.3406339031339031
1367,0.849863485280152
1368,0.8024988129154796
1369,0.6250593542260209
1370,0.711568138651472
1371,0.6681801994301995
1372,0.24361942070275402
1373,0.5961241690408356
1374,0.2242105887939221
1375,0.8761870845204177
1376,0.4897020417853751
1377,0.9974180911680911
1378,0.33294753086419754
1379,0.08903133903133903
1380,0.840099715099715
1381,0.8071581196581197
1382,0.008873456790123456
1383,0.9644764957264957
1384,0.17637108262108261
1385,0.7049501424501424
1386,0.7685185185185185
1387,0.893815289648623
1388,0.8309294871794872
1389,0.9917497625830959
1390,0.07689339981006647
1391,0.9435096153846154
1392,0.6810007122507122
1393,0.7687262583095916
1394,0.060570987654320986
1395,0.7553715574548908
1396,0.39446818613485285
1397,0.28077516619183285
1398,0.19818376068376067
1399,0.9776828110161443
1400,0.2765610161443495
1401,0.10781695156695155
1402,0.04208214624881292
1403,0.7080068850902185
1404,0.12330840455840457
1405,0.4616274928774929
1406,0.265491452991453
1407,0.5340396486229819
1408,0.15378679962013295
1409,0.04487179487179487
1410,0.119747150997151
1411,0.3748516144349478
1412,0.7614256885090218
1413,0.826863722697056
1414,0.13989791073124405
1415,0.5817307692307693
1416,0.9426044634377968
1417,0.5552291073124406
1418,0.5651115859449193
1419,0.7105591168091169
1420,0.6237832383665717
1421,0.9156279677113011
1422,0.3200379867046534
1423,0.043951804368471036
1424,0.10384021842355175
1425,0.17141500474833807
1426,0.23988010446343777
1427,0.07724952516619184
1428,0.27653133903133903
1429,0.13072768281101613
1430,0.5251661918328585
1431,0.7518103038936372
1432,0.36784781576448244
1433,0.7725842830009496
1434,0.7653133903133904
1435,0.08084045584045584
1436,0.02653133903133903
1437,0.9143221747388415
1438,0.13509021842355173
1439,0.9107609211775878
1440,0.14779202279202278
1441,0.28205128205128205
1442,0.7384556030389365
1443,0.25053418803418803
1444,0.457710113960114
1445,0.7780745489078823
1446,0.8241927825261159
1447,0.4136692782526116
1448,0.44637345679012347
1449,0.8076923076923078
1450,0.5597993827160495
1451,0.04822530864197531
1452,0.595144824311491
1453,0.9264007597340931
1454,0.9581849477682812
1455,0.4121854226020893
1456,0.36672008547008544
1457,0.38037155745489076
1458,0.905982905982906
1459,0.9053596866096866
1460,0.1534900284900285
1461,0.32686372269705605
1462,0.3449964387464388
1463,0.8596866096866096
1464,0.5637761158594493
1465,0.2164351851851852
1466,0.7648682336182336
1467,0.657110636277303
1468,0.8927172364672363
1469,0.9663758309591644
1470,0.9492224596391262
1471,0.5172720797720798
1472,0.6242877492877493
1473,0.9636752136752137
1474,0.5842236467236467
1475,0.5556445868945868
1476,0.9347400284900286
1477,0.7617224596391264
1478,0.5701863722697056
1479,0.3447293447293447
1480,0.6171949192782525
1481,0.12873931623931623
1482,0.8892450142450142
1483,0.3343423551756885
1484,0.3982075023741691
1485,0.2459045584045584
1486,0.4564339981006647
1487,0.604789886039886
1488,0.5743114909781576
1489,0.37351614434947766
1490,0.8092948717948718
1491,0.041755698005698005
1492,0.946284425451092
1493,0.9825498575498575
1494,0.9807989078822413
1495,0.4603513770180437
1496,0.7323421177587844
1497,0.24157169990503324
1498,0.7888473409306743
1499,0.807247150997151
1500,0.35654083570750233
1501,0.3343423551756885
1502,0.4719551282051282
1503,0.4165776353276353
1504,0.2712784900284901
1505,0.6229226020892688
1506,0.5067070275403609
1507,0.840693257359924
1508,0.26834045584045585
1509,0.11517687559354227
1510,0.4919278252611585
1511,0.7263770180436847
1512,0.3385861823361824
1513,0.689963200379867
1514,0.8048136277302943
1515,0.21830484330484326
1516,0.44168447293447294
1517,0.03706671415004748
1518,0.6573480531813866
1519,0.3770773979107312
1520,0.1300451092117759
1521,0.11378205128205128
1522,0.30650522317188983
1523,0.22332027540360874
1524,0.8446106362773028
1525,0.11137820512820512
1526,0.12333808167141502
1527,0.7622566476733144
1528,0.1934650997150997
1529,0.8887108262108262
1530,0.23394468186134854
1531,0.6210529439696106
1532,0.8671949192782527
1533,0.46616809116809116
1534,0.21328941120607783
1535,0.07760565052231719
1536,0.4307632953466287
1537,0.7199074074074074
1538,0.5279855175688509
1539,0.7146545584045585
1540,0.8675807217473883
1541,0.8026175213675214
1542,0.5284009971509972
1543,0.03994539411206078
1544,0.31852445394112067
1545,0.43435422602089274
1546,0.7829712725546059
1547,0.7493471035137702
1548,0.27620489078822413
1549,0.8345204178537512
1550,0.7532051282051282
1551,0.44017094017094016
1552,0.045732431149097814
1553,0.7938627730294397
1554,0.2515135327635327
1555,0.14194563152896486
1556,0.055585232668566
1557,0.3465396486229819
1558,0.13924501424501426
1559,0.551727207977208
1560,0.24382716049382716
1561,0.3016678537511871
1562,0.5899810066476733
1563,0.6209045584045584
1564,0.5666844729344729
1565,0.1647673314339981
1566,0.03475189933523267
1567,0.5309235517568851
1568,0.7366749762583096
1569,0.570008309591643
1570,0.3192663817663817
1571,0.6699905033238367
1572,0.5852623456790124
1573,0.7015669515669516
1574,0.6259793447293447
1575,0.2932395536562203
1576,0.8276650047483382
1577,0.4119183285849952
1578,0.05095560303893638
1579,0.7220441595441596
1580,0.9178537511870845
1581,0.9347103513770181
1582,0.4980116334283002
1583,0.16663698955365622
1584,0.4387761158594492
1585,0.9148563627730294
1586,0.2430258784425451
1587,0.11407882241215574
1588,0.8943198005698005
1589,0.86835232668566
1590,0.34490740740740744
1591,0.19058641975308643
1592,0.18100071225071224
1593,0.5082205603038936
1594,0.058612298195631525
1595,0.6415004748338081
1596,0.5586122981956315
1597,0.8463022317188984
1598,0.7116571699905033
1599,0.4334342355175689
1600,0.4506766381766381
1601,0.5518459164292498
1602,0.6257419278252612
1603,0.8395358499525166
1604,0.8153490028490028
1605,0.9454831433998101
1606,0.1651531339031339
1607,0.22848409306742642
1608,0.3538105413105413
1609,0.7955543684710351
1610,0.8393577872744539
1611,0.7945453466286799
1612,0.40120489078822413
1613,0.39470560303893637
1614,0.31950379867046536
1615,0.9043803418803419
1616,0.4905923551756885
1617,0.0251661918328585
1618,0.25833926875593544
1619,0.3716168091168091
1620,0.4236111111111111
1621,0.845946106362773
1622,0.4216524216524216
1623,0.4957561728395061
1624,0.9308226495726496
1625,0.042556980056980054
1626,0.14283594491927823
1627,0.6224477682811016
1628,0.9735873694207028
1629,0.32965337132003797
1630,0.32235280151946816
1631,0.1301934947768281
1632,0.3641381766381766
1633,0.811372269705603
1634,0.7295524691358025
1635,0.19975664767331436
1636,0.4813627730294397
1637,0.6121794871794871
1638,0.9889897910731245
1639,0.39253917378917375
1640,0.5611348528015195
1641,0.3164173789173789
1642,0.403786799620133
1643,0.29119183285849953
1644,0.5176282051282052
1645,0.07612179487179488
1646,0.27691714150047486
1647,0.5677231718898385
1648,0.08793328584995251
1649,0.1358321462488129
1650,0.5505698005698006
1651,0.47679249762583104
1652,0.49596391263057926
1653,0.1654499050332384
1654,0.36953941120607786
1655,0.5721153846153846
1656,0.7064933523266858
1657,0.5916429249762584
1658,0.5615503323836657
1659,0.5073302469135803
1660,0.05831552706552707
1661,0.750267094017094
1662,0.5246616809116809
1663,0.5510149572649573
1664,0.06763414055080721
1665,0.7537986704653372
1666,0.6656873219373219
1667,0.8761870845204179
1668,0.27012108262108264
1669,0.2321343779677113
1670,0.13966049382716048
1671,0.4935897435897436
1672,0.47602089268755937
1673,0.058167141500474834
1674,0.9525462962962963
1675,0.16126543209876545
1676,0.045821462488129155
1677,0.724329297245964
1678,0.5292913105413105
1679,0.3200379867046534
1680,0.5439221272554605
1681,0.45135921177587845
1682,0.005668328584995251
1683,0.19204059829059827
1684,0.03255579297245964
1685,0.4741809116809117
1686,0.42147435897435903
1687,0.47676282051282054
1688,0.43195037986704654
1689,0.992818138651472
1690,0.6542616334283001
1691,0.8793625356125356
1692,0.9552172364672366
1693,0.9556623931623931
1694,0.747269705603039
1695,0.8453822412155745
1696,0.8795405982905983
1697,0.2878679962013295
1698,0.5904855175688509
1699,0.7278905508072174
1700,0.5979047958214624
1701,0.13746438746438747
1702,0.2133784425451092
1703,0.9907704178537512
1704,0.0845204178537512
1705,0.6880045109211776
1706,0.3853276353276353
1707,0.6014660493827161
1708,0.12482193732193732
1709,0.8837250712250713
1710,0.016203703703703703
1711,0.4328703703703704
1712,0.27018043684710347
1713,0.549471747388414
1714,0.5913758309591644
1715,0.016856600189933523
1716,0.1392746913580247
1717,0.6001009021842355
1718,0.35838081671415006
1719,0.5555258784425451
1720,0.01623338081671415
1721,0.2832977207977208
1722,0.25192901234567905
1723,0.8195928300094968
1724,0.04042022792022792
1725,0.38580246913580246
1726,0.1539351851851852
1727,0.6732253086419754
1728,0.6709698480531814
1729,0.1358915004748338
1730,0.9675629154795821
1731,0.6375534188034188
1732,0.111170465337132
1733,0.9620726495726496
1734,0.9369954890788224
1735,0.42844848053181384
1736,0.3751780626780627
1737,0.9933820037986706
1738,0.5946403133903134
1739,0.8026471984805319
1740,0.13793922127255462
1741,0.9209995251661919
1742,0.11508784425451092
1743,0.32264957264957267
1744,0.14135208926875595
1745,0.47812796771130106
1746,0.430051044634378
1747,0.045257597340930676
1748,0.2575083095916429
1749,0.940883190883191
1750,0.32971272554605885
1751,0.026145536562203225
1752,0.8251127730294397
1753,0.5776353276353277
1754,0.6691892212725546
1755,0.876394824311491
1756,0.7787571225071225
1757,0.20334757834757836
1758,0.4908594491927825
1759,0.1346153846153846
1760,0.7590515194681862
1761,0.15678418803418803
1762,0.8250534188034188
1763,0.6075201804368472
1764,0.38087606837606836
1765,0.40013651471984807
1766,0.23673433048433049
1767,0.8286146723646723
1768,0.958837844254511
1769,0.0324667616334283
1770,0.2678656220322887
1771,0.7632953466286799
1772,0.8406635802469137
1773,0.9852207977207977
1774,0.7381291547958214
1775,0.8513770180436847
1776,0.784514482431149
1777,0.016144349477682812
1778,0.3589150047483381
1779,0.6785968660968661
1780,0.06407288698955366
1781,0.9494895536562202
1782,0.18592711301044637
1783,0.8014304368471036
1784,0.5975783475783476
1785,0.14915716999050332
1786,0.7273563627730294
1787,0.774335232668566
1788,0.16485636277302942
1789,0.19334639126305794
1790,0.2108262108262108
1791,0.1469017094017094
1792,0.6203110161443495
1793,0.442485754985755
1794,0.044485992402659075
1795,0.32870370370370366
1796,0.5474240265906932
1797,0.640758547008547
1798,0.3006588319088319
1799,0.1384437321937322
1800,0.2527006172839506
1801,0.2097281576448243
1802,0.5560897435897435
1803,0.7180971035137702
1804,0.0015432098765432098
1805,0.47254867046533716
1806,0.7459342355175688
1807,0.11731362773029441
1808,0.4113841405508072
1809,0.23545821462488128
1810,0.16639957264957264
1811,0.17539173789173787
1812,0.5950261158594491
1813,0.3649097815764482
1814,0.6076092117758783
1815,0.3763651471984805
1816,0.3886217948717949
1817,0.6334876543209876
1818,0.26546177587844255
1819,0.30522910731244063
1820,0.9390135327635328
1821,0.13565408357075023
1822,0.5649038461538461
1823,0.6348824786324787
1824,0.23896011396011396
1825,0.9531398385565053
1826,0.16829890788224122
1827,0.9523385565052233
1828,0.07205603038936373
1829,0.5074192782526116
1830,0.6348528015194681
1831,0.3623872269705603
1832,0.3282288698955365
1833,0.9631707027540362
1834,0.4284781576448243
1835,0.16197768281101613
1836,0.19266381766381765
1837,0.22596153846153846
1838,0.19815408357075023
1839,0.21314102564102563
1840,0.37728513770180433
1841,0.9303478157644824
1842,0.4501127730294397
1843,0.5883487654320988
1844,0.12042972459639127
1845,0.9179131054131053
1846,0.4296058879392213
1847,0.29282407407407407
1848,0.8277243589743589
1849,0.6754807692307692
1850,0.47901828110161443
1851,0.3434235517568851
1852,0.42791429249762586
1853,0.3371616809116809
1854,0.3983855650522317
1855,0.14066951566951566
1856,0.8702219848053181
1857,0.15191714150047483
1858,0.2678062678062678
1859,0.5415479582146249
1860,0.47637701804368476
1861,0.16093898385565053
1862,0.5498872269705603
1863,0.06742640075973409
1864,0.8004214150047484
1865,0.08087013295346629
1866,0.3801341405508072
1867,0.35731244064577394
1868,0.6607905982905983
1869,0.964031339031339
1870,0.3622091642924976
1871,0.6545584045584046
1872,0.47189577397910726
1873,0.21257716049382713
1874,0.7440645773979107
1875,0.6392746913580247
1876,0.26047602089268757
1877,0.1317367046533713
1878,0.10799501424501425
1879,0.43138651471984807
1880,0.4807395536562204
1881,0.5158475783475783
1882,0.07796177587844254
1883,0.9777124881291548
1884,0.9139363722697057
1885,0.03430674264007597
1886,0.6513829534662867
1887,0.6444681861348528
1888,0.3582324311490978
1889,0.02501780626780627
1890,0.09633190883190883
1891,0.6645892687559355
1892,0.7752552231718898
1893,0.8377849002849004
1894,0.4493708452041785
1895,0.1983915004748338
1896,0.8807573599240266
1897,0.015699192782526114
1898,0.8266856600189935
1899,0.2282763532763533
1900,0.38167735042735046
1901,0.6169278252611586
1902,0.5045405982905983
1903,0.2927647198480532
1904,0.39417141500474834
1905,0.2510386989553656
1906,0.998338081671415
1907,0.3562737416904083
1908,0.05965099715099714
1909,0.6031576448243116
1910,0.9484508547008548
1911,0.3441951566951567
1912,0.34849833808167147
1913,0.7812796771130105
1914,0.4269052706552707
1915,0.9260149572649573
1916,0.42794396961063624
1917,0.9563449667616335
1918,0.722934472934473
1919,0.5564755460588794
1920,0.5786146723646723
1921,0.8988307217473883
1922,0.6026234567901235
1923,0.06297483380816714
1924,0.8181089743589745
1925,0.5735102089268757
1926,0.8794218898385564
1927,0.9067248338081672
1928,0.6712666191832858
1929,0.6182632953466287
1930,0.8673433048433049
1931,0.18221747388414056
1932,0.37686965811965817
1933,0.5249881291547959
1934,0.6197174738841406
1935,0.9362238841405509
1936,0.5122269705603039
1937,0.23011633428300096
1938,0.3364197530864197
1939,0.27564102564102566
1940,0.6878858024691358
1941,0.09303774928774929
1942,0.8424145299145299
1943,0.6942070275403608
1944,0.1055911680911681
1945,0.023622981956315292
1946,0.6003086419753086
1947,0.41174026590693263
1948,0.6717711301044634
1949,0.08024691358024692
1950,0.6794278252611585
1951,0.8942307692307693
1952,0.8705781101614435
1953,0.5721450617283951
1954,0.3740206552706553
1955,0.19209995251661915
1956,0.26098053181386516
1957,0.8319385090218424
1958,0.6022079772079773
1959,0.3943791547958215
1960,0.3411087369420702
1961,0.5762108262108262
1962,0.5612238841405509
1963,0.525136514719848
1964,0.5132953466286799
1965,0.402391975308642
1966,0.9345916429249762
1967,0.2719610636277303
1968,0.27486942070275405
1969,0.5477504748338081
1970,0.5463853276353277
1971,0.935303893637227
1972,0.775611348528015
1973,0.3346094491927825
1974,0.8327101139601139
1975,0.7554902659069326
1976,0.18732193732193733
1977,0.9499050332383666
1978,0.27492877492877493
1979,0.9912749287749287
1980,0.8970204178537511
1981,0.7265550807217473
1982,0.5909900284900286
1983,0.3270714624881291
1984,0.6743233618233618
1985,0.3718839031339031
1986,0.5310125830959164
1987,0.6979166666666666
1988,0.029558404558404555
1989,0.3656813865147199
1990,0.6530745489078822
1991,0.923076923076923
1992,0.4841227445394112
1993,0.08179012345679011
1994,0.8542853751187085
1995,0.6983024691358025
1996,0.6607905982905983
1997,0.6991631054131053
1998,0.7256350902184235
1999,0.8685600664767331
2000,0.5274810066476733
2001,0.2741571699905033
2002,0.3676400759734093
2003,0.9435838081671415
2004,0.2661740265906933
2005,0.25727089268755937
2006,0.9387167616334283
2007,0.35045702754036084
2008,0.595946106362773
2009,0.47008547008547
2010,0.8908772554605888
2011,0.8501009021842355
2012,0.7708926875593543
2013,0.8155270655270656
2014,0.9370548433048432
2015,0.07003798670465337
2016,0.831849477682811
2017,0.7910731244064578
2018,0.05146011396011396
2019,0.42844848053181384
2020,0.04466405508072174
2021,0.8285553181386515
2022,0.6660731244064578
2023,0.6742343304843305
2024,0.9548907882241214
2025,0.8081374643874644
2026,0.7600605413105413
2027,0.10140669515669516
2028,0.4841227445394112
2029,0.009941832858499524
2030,0.9151531339031339
2031,0.5567723171889839
2032,0.96409069325736
2033,0.7096984805318138
2034,0.8963675213675213
2035,0.9716583570750238
2036,0.42346272554605885
2037,0.14351851851851852
2038,0.2690230294396961
2039,0.9815705128205128
2040,0.048344017094017096
2041,0.7149216524216525
2042,0.6033950617283951
2043,0.9567604463437798
2044,0.7927943969610637
2045,0.03335707502374169
2046,0.086835232668566
2047,0.5712547483380818
2048,0.4009081196581197
2049,0.8966642924976259
2050,0.9024810066476734
2051,0.7736229819563153
2052,0.24694325735992403
2053,0.5807514245014245
2054,0.786888651471985
2055,0.07549857549857548
2056,0.17503561253561253
2057,0.8022910731244065
2058,0.026917141500474834
2059,0.11523622981956315
2060,0.21293328584995252
2061,0.6479107312440645
2062,0.523207502374169
2063,0.25234449192782527
2064,0.8135980531813866
2065,0.7906576448243116
2066,0.6103098290598291
2067,0.9412393162393163
2068,0.7724952516619185
2069,0.655389363722697
2070,0.5621438746438746
2071,0.7047127255460589
2072,0.6400759734093068
2073,0.07155151946818612
2074,0.42889363722697055
2075,0.688627730294397
2076,0.1811787749287749
2077,0.48296533713200374
2078,0.09974477682811016
2079,0.21334876543209877
2080,0.13072768281101613
2081,0.7392865622032289
2082,0.5823836657169991
2083,0.20495014245014245
2084,0.7752849002849004
2085,0.39286562203228864
2086,0.17681623931623933
2087,0.33517331433998104
2088,0.9361645299145299
2089,0.34701448243114913
2090,0.7563805792972459
2091,0.482312440645774
2092,0.1711182336182336
2093,0.18482905982905984
2094,0.7101139601139601
2095,0.9949548907882241
2096,0.6179962013295346
2097,0.06665479582146248
2098,0.7158713200379867
2099,0.6942960588793922
2100,0.9667616334283
2101,0.20658238366571702
2102,0.786829297245964
2103,0.504184472934473
2104,0.21257716049382713
2105,0.05371557454890788
2106,0.220679012345679
2107,0.812767094017094
2108,0.16990147198480532
2109,0.10256410256410257
2110,0.14764363722697058
2111,0.7562025166191834
2112,0.24545940170940173
2113,0.7021604938271605
2114,0.6531339031339031
2115,0.5314874169040836
2116,0.8964862298195632
2117,0.852860873694207
2118,0.07359924026590693
2119,0.8968720322886989
2120,0.5576923076923076
2121,0.269883665716999
2122,0.584045584045584
2123,0.8656517094017094
2124,0.13776115859449192
2125,0.7969491927825261
2126,0.3855947293447293
2127,0.3335410731244064
2128,0.3349655745489079
2129,0.49189814814814814
2130,0.24356006647673314
2131,0.49394586894586895
2132,0.920405982905983
2133,0.26534306742640074
2134,0.13135090218423554
2135,0.5558226495726496
2136,0.07879273504273504
2137,0.9766737891737892
2138,0.06110517568850902
2139,0.3987120132953466
2140,0.17877492877492876
2141,0.6100130579297246
2142,0.5842236467236467
2143,0.7855531813865148
2144,0.797008547008547
2145,0.8443138651471985
2146,0.6612357549857549
2147,0.9831433998100665
2148,0.14571462488129153
2149,0.9324548907882241
2150,0.6758368945868947
2151,0.8649691358024691
2152,0.7901828110161443
2153,0.5761514719848052
2154,0.2961182336182336
2155,0.5568910256410257
2156,0.9247388414055081
2157,0.10743114909781576
2158,0.7315111585944919
2159,0.8256766381766382
2160,0.7974833808167142
2161,0.08184947768281102
2162,0.5091999050332383
2163,0.19874762583095915
2164,0.3955365622032289
2165,0.5693554131054132
2166,0.5980828584995251
2167,0.6379985754985755
2168,0.3316417378917379
2169,0.32092830009496676
2170,0.8770773979107312
2171,0.17568850902184238
2172,0.7189280626780626
2173,0.924264007597341
2174,0.6124465811965812
2175,0.17194919278252616
2176,0.4169931149097816
2177,0.22664411206077872
2178,0.33475783475783477
2179,0.36808523266856596
2180,0.8405448717948718
2181,0.1693672839506173
2182,0.05775166191832859
2183,0.6336063627730295
2184,0.348201566951567
2185,0.44803537511870845
2186,0.6490384615384616
2187,0.2821996676163343
2188,0.38871082621082625
2189,0.6987179487179486
2190,0.030656457739791074
2191,0.9337310066476734
2192,0.8874643874643874
2193,0.2613366571699905
2194,0.22032288698955363
2195,0.2973349952516619
2196,0.3912037037037037
2197,0.9112060778727445
2198,0.8433938746438746
2199,0.24572649572649574
2200,0.13773148148148148
2201,0.49130460588793917
2202,0.06825735992402658
2203,0.879718660968661
2204,0.8619420702754037
2205,0.7229641500474834
2206,0.6285612535612536
2207,0.4948658594491928
2208,0.8690349002849004
2209,0.6490384615384616
2210,0.5234152421652422
2211,0.2824074074074074
2212,0.7286918328584996
2213,0.08707264957264958
2214,0.12989672364672364
2215,0.12048907882241215
2216,0.6970263532763532
2217,0.5020477207977208
2218,0.31754510921177587
2219,0.038164767331434
2220,0.08547008547008546
2221,0.24985161443494777
2222,0.03982668566001899
2223,0.8909366096866097
2224,0.5914351851851852
2225,0.05528846153846154
2226,0.627463200379867
2227,0.7935660018993352
2228,0.6039589268755936
2229,0.02949905033238366
2230,0.800065289648623
2231,0.27896486229819567
2232,0.6649453941120608
2233,0.07413342830009496
2234,0.9070809591642925
2235,0.36030982905982906
2236,0.6328941120607787
2237,0.3512879867046534
2238,0.5646367521367521
2239,0.796741452991453
2240,0.6532822886989554
2241,0.09395773979107314
2242,0.09277065527065527
2243,0.48931623931623935
2244,0.015788224121557455
2245,0.09125712250712252
2246,0.4036977682811016
2247,0.2653727445394112
2248,0.336301044634378
2249,0.7200261158594491
2250,0.26715337132003797
2251,0.6656576448243116
2252,0.7172364672364674
2253,0.9317723171889839
2254,0.14322174738841406
2255,0.2714565527065527
2256,0.5908416429249762
2257,0.10036799620132954
2258,0.1361585944919278
2259,0.2512761158594492
2260,0.6608202754036087
2261,0.7188390313390314
2262,0.8117283950617283
2263,0.647732668566002
2264,0.34624287749287747
2265,0.05614909781576447
2266,0.7000830959164293
2267,0.8875830959164293
2268,0.5234449192782527
2269,0.6581493352326686
2270,0.4290420227920228
2271,0.6193613485280153
2272,0.46017331433998104
2273,0.9623397435897436
2274,0.8474893162393161
2275,0.011099240265906932
2276,0.3423848528015195
2277,0.908505460588794
2278,0.76661918328585
2279,0.250267094017094
2280,0.2859093067426401
2281,0.6279083570750238
2282,0.39847459639126304
2283,0.489227207977208
2284,0.7426103988603989
2285,0.34283000949667614
2286,0.9373812915479581
2287,0.37695868945868943
2288,0.07552825261158595
2289,0.08662749287749288
2290,0.10395892687559354
2291,0.8714684235517569
2292,0.5705128205128206
2293,0.21492165242165243
2294,0.3166547958214625
2295,0.9152421652421653
2296,0.8258843779677113
2297,0.595411918328585
2298,0.11140788224121556
2299,0.334639126305793
2300,0.2241809116809117
2301,0.2775700379867047
2302,0.3307811016144349
2303,0.5949074074074073
2304,0.8275759734093068
2305,0.29401115859449195
2306,0.4176460113960114
2307,0.5416073124406457
2308,0.532377730294397
2309,0.02133784425451092
2310,0.12773029439696107
2311,0.05703941120607788
2312,0.07024572649572648
2313,0.10110992402659069
2314,0.9375
2315,0.43482905982905984
2316,0.43165360873694203
2317,0.8151412630579298
2318,0.5252849002849004
2319,0.027451329534662866
2320,0.45023148148148157
2321,0.9963793922127255
2322,0.7132894112060778
2323,0.5415182811016144
2324,0.8661562203228869
2325,0.5079237891737892
2326,0.7296118233618234
2327,0.043061490978157646
2328,0.9645952041785374
2329,0.5602445394112061
2330,0.28985636277302945
2331,0.02460232668566002
2332,0.43144586894586895
2333,0.9544753086419752
2334,0.009140550807217474
2335,0.5112476258309592
2336,0.2590218423551757
2337,0.9524869420702754
2338,0.4306149097815764
2339,0.9429012345679012
2340,0.27264363722697055
2341,0.09208808167141498
2342,0.6234864672364672
2343,0.9618055555555555
2344,0.38868114909781576
2345,0.14470560303893637
2346,0.30576329534662866
2347,0.6770833333333334
2348,0.003175451092117759
2349,0.680318138651472
2350,0.5094669990503323
2351,0.838497150997151
2352,0.7391084995251661
2353,0.9284484805318138
2354,0.13532763532763534
2355,0.467622269705603
2356,0.6013473409306743
2357,0.8871379392212727
2358,0.21696937321937323
2359,0.12247744539411205
2360,0.5947293447293448
2361,0.5782585470085471
2362,0.1472875118708452
2363,0.42138532763532766
2364,0.16334283000949668
2365,0.7485754985754985
2366,0.7638295346628681
2367,0.42637108262108264
2368,0.16257122507122504
2369,0.15853513770180439
2370,0.480917616334283
2371,0.9745073599240266
2372,0.6254154795821463
2373,0.17583689458689458
2374,0.018014007597340932
2375,0.8480828584995251
2376,0.2462310066476733
2377,0.6187974833808166
2378,0.865087844254511
2379,0.12793803418803418
2380,0.1538758309591643
2381,0.16699311490978155
2382,0.7751068376068376
2383,0.714565527065527
2384,0.8632478632478633
2385,0.6403133903133904
2386,0.3731006647673314
2387,0.49453941120607786
2388,0.9686016144349479
2389,0.06799026590693258
2390,0.5612535612535613
2391,0.5977267331433999
2392,0.19488960113960116
2393,0.3280211301044634
2394,0.7464684235517568
2395,0.47780151946818616
2396,0.2818138651471985
2397,0.7455781101614436
2398,0.26103988603988604
2399,0.6074905033238367
2400,0.09502611585944919
2401,0.22803893637226968
2402,0.44242640075973405
2403,0.5651412630579298
2404,0.9120370370370371
2405,0.4153015194681861
2406,0.3859508547008547
2407,0.7417497625830959
2408,0.6800807217473884
2409,0.4271130104463438
2410,0.3879688983855651
2411,0.20512820512820515
2412,0.05810778727445395
2413,0.9182989078822411
2414,0.10042735042735042
2415,0.9681861348528016
2416,0.7290776353276355
2417,0.856778252611586
2418,0.18652065527065528
2419,0.2536502849002849
2420,0.9566417378917379
2421,0.5364138176638177
2422,0.0288164767331434
2423,0.18729226020892686
2424,0.18411680911680914
2425,0.7298492402659069
2426,0.8233618233618234
2427,0.9962606837606837
2428,0.02911324786324786
2429,0.872536799620133
2430,0.7299085944919278
2431,0.7045346628679962
2432,0.8851495726495727
2433,0.4649216524216524
2434,0.38503086419753085
2435,0.471213200379867
2436,0.6058285849952517
2437,0.9284484805318138
2438,0.5126127730294397
2439,0.5139185660018993
2440,0.6474655745489079
2441,0.9816298670465337
2442,0.5813449667616334
2443,0.442752849002849
2444,0.8234211775878443
2445,0.5619361348528015
2446,0.6982134377967713
2447,0.3554131054131054
2448,0.1724537037037037
2449,0.8179605887939222
2450,0.57380698005698
2451,0.12491096866096867
2452,0.6946225071225071
2453,0.7101139601139601
2454,0.19809472934472935
2455,0.6106066001899336
2456,0.05472459639126306
2457,0.9499643874643874
2458,0.5956493352326686
2459,0.8367462013295347
2460,0.356451804368471
2461,0.08882359924026591
2462,0.17280982905982908
2463,0.839891975308642
2464,0.05959164292497626
2465,0.12143874643874643
2466,0.28359449192782527
2467,0.27831196581196577
2468,0.8906991927825262
2469,0.7267034662867996
2470,0.9747150997150998
2471,0.10986467236467236
2472,0.4377374169040836
2473,0.17022792022792022
2474,0.026650047483380818
2475,0.0539826685660019
2476,0.7666488603988603
2477,0.3335410731244064
2478,0.0807514245014245
2479,0.61835232668566
2480,0.9538520892687559
2481,0.220411918328585
2482,0.5765966286799621
2483,0.7245370370370371
2484,0.10256410256410257
2485,0.8173967236467236
2486,0.4396070750237417
2487,0.9191892212725546
2488,0.6947412155745489
2489,0.28225902184235524
2490,0.6141381766381767
2491,0.010743114909781575
2492,0.665420227920228
2493,0.6788046058879392
2494,0.16868471035137703
2495,0.7495251661918328
2496,0.2853157644824311
2497,0.49388651471984807
2498,0.4867936847103514
2499,0.9935007122507122
2500,0.16731956315289645
2501,0.2995311016144349
2502,0.19417735042735043
2503,0.5732134377967711
2504,0.9853988603988605
2505,0.40375712250712253
2506,0.43723290598290604
2507,0.682247150997151
2508,0.47471509971509973
2509,0.27774810066476735
2510,0.3097697056030389
2511,0.5483736942070275
2512,0.2959995251661918
2513,0.39280626780626776
2514,0.5076566951566952
2515,0.40749643874643876
2516,0.33253205128205127
2517,0.7675094966761633
2518,0.5698599240265906
2519,0.5934235517568851
2520,0.2471806742640076
2521,0.5974299620132953
2522,0.5961538461538461
2523,0.40025522317188983
2524,0.1464565527065527
2525,0.35680792972459635
2526,0.3422364672364672
2527,0.6781517094017094
2528,0.6102207977207977
2529,0.44640313390313385
2530,0.8062974833808166
2531,0.13580246913580246
2532,0.8426222697056032
2533,0.5494123931623931
2534,0.2584579772079772
2535,0.9607371794871794
2536,0.45153727445394115
2537,0.26765788224121556
2538,0.17082146248812916
2539,0.7321640550807217
2540,0.3485280151946819
2541,0.5747863247863249
2542,0.4976851851851852
2543,0.5603335707502374
2544,0.9648029439696106
2545,0.04433760683760684
2546,0.6662511870845204
2547,0.18224715099715097
2548,0.6581790123456791
2549,0.003709639126305793
2550,0.8461538461538461
2551,0.6745607787274454
2552,0.2808048433048433
2553,0.17043566001899335
2554,0.02765906932573599
2555,0.8278133903133904
2556,0.9189518043684709
2557,0.5833333333333334
2558,0.1883903133903134
2559,0.5725011870845204
2560,0.5746676163342831
2561,0.13227089268755934
2562,0.7705662393162394
2563,0.5836894586894587
2564,0.8492996201329536
2565,0.8517331433998101
2566,0.39476495726495725
2567,0.9247685185185186
2568,0.5576626305792972
2569,0.030775166191832858
2570,0.21857193732193733
2571,0.7335588793922128
2572,0.32475664767331436
2573,0.3449370845204179
2574,0.13645536562203228
2575,0.8669278252611585
2576,0.9897910731244064
2577,0.4211479107312441
2578,0.13844373219373218
2579,0.6533713200379867
2580,0.49902065527065526
2581,0.8786799620132953
2582,0.2543328584995252
2583,0.47688152896486224
2584,0.5574252136752137
2585,0.40740740740740744
2586,0.16055318138651473
2587,0.4238782051282051
2588,0.8226792497625831
2589,0.09505579297245964
2590,0.06439933523266857
2591,0.3493292972459639
2592,0.5051341405508073
2593,0.5003858024691358
2594,0.5478395061728395
2595,0.31671415004748343
2596,0.34288936372269707
2597,0.9012939221272555
2598,0.8939043209876543
2599,0.4419812440645774
2600,0.5402124881291548
2601,0.2713971984805318
2602,0.39592236467236464
2603,0.9597578347578347
2604,0.8559472934472935
2605,0.3615562678062678
2606,0.522465574548908
2607,0.6066001899335233
2608,0.9781576448243116
2609,0.3666013770180437
2610,0.9098706077872745
2611,0.8568672839506172
2612,0.04062796771130104
2613,0.6988663342830009
2614,0.049323361823361826
2615,0.09760802469135803
2616,0.13155864197530864
2617,0.16105769230769232
2618,0.07612179487179487
2619,0.9499050332383666
2620,0.32443019943019946
2621,0.9215337132003798
2622,0.5621438746438746
2623,0.24560778727445395
2624,0.43883547008547
2625,0.18684710351377018
2626,0.8009852801519468
2627,0.04775047483380817
2628,0.5545465337132004
2629,0.886366334283001
2630,0.6470204178537512
2631,0.7929131054131053
2632,0.9011752136752137
2633,0.6418566001899335
2634,0.9259259259259259
2635,0.7473884140550807
2636,0.9966464862298196
2637,0.5773682336182336
2638,0.20554368471035137
2639,0.32641856600189934
2640,0.06009615384615385
2641,0.19174382716049385
2642,0.6969076448243116
2643,0.9860814339981007
2644,0.8656813865147198
2645,0.018221747388414054
2646,0.007270892687559354
2647,0.6669040835707502
2648,0.09152421652421654
2649,0.8464506172839505
2650,0.5169456315289649
2651,0.23812915479582145
2652,0.7645714624881292
2653,0.7532051282051282
2654,0.19619539411206077
2655,0.3021130104463438
2656,0.47486348528015193
2657,0.7948717948717948
2658,0.7260505698005698
2659,0.6065111585944919
2660,0.9236111111111112
2661,0.06241096866096867
2662,0.061461301044634375
2663,0.15218423551756885
2664,0.1718304843304843
2665,0.9443554131054132
2666,0.9254214150047484
2667,0.5059057454890787
2668,0.6769646248812915
2669,0.6698717948717948
2670,0.7461716524216525
2671,0.574133428300095
2672,0.451329534662868
2673,0.2907466761633428
2674,0.378590930674264
2675,0.3081374643874644
2676,0.925065289648623
2677,0.9857846628679962
2678,0.45664173789173784
2679,0.2976317663817664
2680,0.9262523741690408
2681,0.0965693257359924
2682,0.026590693257359924
2683,0.7265550807217473
2684,0.02199074074074074
2685,0.6546771130104463
2686,0.8540182811016145
2687,0.16999050332383667
2688,0.8005698005698005
2689,0.4517450142450142
2690,0.14295465337132005
2691,0.3096213200379867
2692,0.08811134852801521
2693,0.5735102089268755
2694,0.4511514719848053
2695,0.44079415954415957
2696,0.4558998100664768
2697,0.9775937796771131
2698,0.6750949667616334
2699,0.3549679487179487
2700,0.6113485280151947
2701,0.8792141500474834
2702,0.8681742640075973
2703,0.9074074074074074
2704,0.8394468186134852
2705,0.6130401234567903
2706,0.3381113485280152
2707,0.9964090693257361
2708,0.05383428300094967
2709,0.8506350902184235
2710,0.6741749762583096
2711,0.1492758784425451
2712,0.30887939221272553
2713,0.19195156695156693
2714,0.8559472934472935
2715,0.4492521367521367
2716,0.010832146248812916
2717,0.8782941595441596
2718,0.5414292497625831
2719,0.5033831908831908
2720,0.7100249287749287
2721,0.28638414055080724
2722,0.9337606837606837
2723,0.20551400759734093
2724,0.5909900284900286
2725,0.028549382716049385
2726,0.8283475783475783
2727,0.8629807692307692
2728,0.08983262108262108
2729,0.7267331433998101
2730,0.6139897910731243
2731,0.19643281101614432
2732,0.6536384140550807
2733,0.08535137701804368
2734,0.17094017094017092
2735,0.13957146248812916
2736,0.6300154320987654
2737,0.15711063627730293
2738,0.743085232668566
2739,0.564696106362773
2740,0.7975724121557454
2741,0.9929962013295347
2742,0.9852207977207977
2743,0.39601139601139596
2744,0.616423314339981
2745,0.8697768281101613
2746,0.8967236467236468
2747,0.7653133903133904
2748,0.3632775403608737
2749,0.37096391263057926
2750,0.1399275878442545
2751,0.3595975783475784
2752,0.4709757834757835
2753,0.3931327160493827
2754,0.3439874169040835
2755,0.7786977682811016
2756,0.6370489078822412
2757,0.43666904083570746
2758,0.4216524216524216
2759,0.4865265906932574
2760,0.6005757359924027
2761,0.787571225071225
2762,0.8979107312440645
2763,0.694681861348528
2764,0.22563509021842354
2765,0.5289351851851852
2766,0.43889482431149096
2767,0.7427587844254511
2768,0.10968660968660969
2769,0.9368767806267807
2770,0.2783119658119658
2771,0.27911324786324787
2772,0.4937678062678062
2773,0.8157348053181387
2774,0.5069147673314339
2775,0.5748160018993352
2776,0.6928122032288698
2777,0.2922008547008547
2778,0.46406101614434947
2779,0.28952991452991456
2780,0.7114791073124408
2781,0.7599418328584996
2782,0.033386752136752136
2783,0.019943019943019946
2784,0.36639363722697055
2785,0.12093423551756886
2786,0.04389245014245014
2787,0.03433641975308642
2788,0.28890669515669515
2789,0.25234449192782527
2790,0.07977207977207977
2791,0.12541547958214624
2792,0.8021426875593543
2793,0.8580246913580248
2794,0.660968660968661
2795,0.5728869895536562
2796,0.1030982905982906
2797,0.24765550807217473
2798,0.7399691358024691
2799,0.8529499050332383
2800,0.3380816714150048
2801,0.8405151946818613
2802,0.2842770655270655
2803,0.9216820987654321
2804,0.1699311490978158
2805,0.24824905033238368
2806,0.3027362298195631
2807,0.28561253561253563
2808,0.42105887939221276
2809,0.4727564102564103
2810,0.1502255460588794
2811,0.027481006647673317
2812,0.9188034188034188
2813,0.2550747863247863
2814,0.02786680911680912
2815,0.783505460588794
2816,0.34707383665716995
2817,0.2545999525166192
2818,0.7470619658119658
2819,0.909514482431149
2820,0.8281398385565053
2821,0.20489078822412155
2822,0.4919575023741691
2823,0.6719195156695156
2824,0.6091820987654321
2825,0.33956552706552706
2826,0.9477386039886041
2827,0.29113247863247865
2828,0.270477207977208
2829,0.8283179012345679
2830,0.23332146248812916
2831,0.25462962962962965
2832,0.35131766381766383
2833,0.7898563627730294
2834,0.9361645299145299
2835,0.17242402659069325
2836,0.22100546058879392
2837,0.38013414055080724
2838,0.30166785375118704
2839,0.363099477682811
2840,0.1974121557454891
2841,0.9781576448243116
2842,0.97340930674264
2843,0.84642094017094
2844,0.18779677113010448
2845,0.14618945868945868
2846,0.5833036562203229
2847,0.14648622981956316
2848,0.16610280151946819
2849,0.17969491927825262
2850,0.3817367046533713
2851,0.8156160968660968
2852,0.14639719848053181
2853,0.8369242640075973
2854,0.015877255460588793
2855,0.7274157169990504
2856,0.0827397910731244
2857,0.47290479582146244
2858,0.08443138651471986
2859,0.45536562203228875
2860,0.16497507122507124
2861,0.4249465811965812
2862,0.7136455365622032
2863,0.18640194681861347
2864,0.7073243114909781
2865,0.909900284900285
2866,0.09897317188983856
2867,0.3990384615384615
2868,0.01697530864197531
2869,0.42180080721747387
2870,0.23999881291547956
2871,0.18729226020892686
2872,0.6099240265906932
2873,0.5005638651471985
2874,0.30650522317188983
2875,0.28380223171889835
2876,0.18571937321937323
2877,0.3110458214624881
2878,0.631321225071225
2879,0.4944207027540361
2880,0.8715871320037986
2881,0.6992818138651472
2882,0.6363663342830009
2883,0.10149572649572651
2884,0.788698955365622
2885,0.885772792022792
2886,0.9878027065527065
2887,0.7946047008547009
2888,0.5035315764482431
2889,0.28199192782526117
2890,0.6789529914529915
2891,0.9723112535612536
2892,0.017746913580246913
2893,0.7001721272554605
2894,0.5800688509021842
2895,0.8934294871794872
2896,0.3608736942070276
2897,0.07698243114909782
2898,0.723468660968661
2899,0.36033950617283955
2900,0.4211775878442545
2901,0.30181623931623935
2902,0.5725902184235517
2903,0.016441120607787275
2904,0.1995785849952517
2905,0.7244183285849953
2906,0.559116809116809
2907,0.01006054131054131
2908,0.5067367046533713
2909,0.10508665716999051
2910,0.7007656695156695
2911,0.41577635327635326
2912,0.7353691832858499
2913,0.20322886989553657
2914,0.9266381766381766
2915,0.48486467236467234
2916,0.7047424026590693
2917,0.3999881291547958
2918,0.7513354700854701
2919,0.4811253561253561
2920,0.2576270180436847
2921,0.4861407882241216
2922,0.4116809116809117
2923,0.13057929724596393
2924,0.7504748338081672
2925,0.8121141975308642
2926,0.7456671415004749
2927,0.5108024691358025
2928,0.8017865622032289
2929,0.9041726020892688
2930,0.4009674738841406
2931,0.9823421177587844
2932,0.9253917378917379
2933,0.4769705603038936
2934,0.12188390313390313
2935,0.6777659069325735
2936,0.054546533713200375
2937,0.2654024216524216
2938,0.7681623931623932
2939,0.8956552706552706
2940,0.6735220797720798
2941,0.06380579297245964
2942,0.8532763532763532
2943,0.18221747388414056
2944,0.7047127255460589
2945,0.40292616334283
2946,0.37767094017094016
2947,0.2350130579297246
2948,0.4375890313390314
2949,0.14007597340930675
2950,0.2690527065527066
2951,0.08294753086419754
2952,0.7298789173789174
2953,0.9232549857549857
2954,0.32264957264957267
2955,0.18168328584995252
2956,0.9125118708452042
2957,0.6874703228869895
2958,0.2802409781576448
2959,0.6045821462488129
2960,0.16717117758784425
2961,0.03044871794871795
2962,0.7611882716049383
2963,0.4339684235517569
2964,0.7647792022792022
2965,0.8673729819563153
2966,0.29160731244064575
2967,0.6392746913580246
2968,0.13497150997150997
2969,0.6338734567901235
2970,0.194414767331434
2971,0.3733974358974359
2972,0.166755698005698
2973,0.6339921652421653
2974,0.815230294396961
2975,0.4933820037986704
2976,0.417289886039886
2977,0.9560185185185185
2978,0.027243589743589744
2979,0.27267331433998104
2980,0.12900641025641024
2981,0.25029677113010446
2982,0.7657882241215574
2983,0.7960588793922128
2984,0.4142628205128205
2985,0.5340099715099715
2986,0.29659306742640074
2987,0.22575379867046533
2988,0.2286621557454891
2989,0.32404439696106363
2990,0.30181623931623935
2991,0.8356778252611585
2992,0.8793031813865149
2993,0.5571581196581197
2994,0.5697115384615384
2995,0.20509852801519468
2996,0.44002255460588796
2997,0.5684947768281101
2998,0.48646723646723644
2999,0.7365265906932574
3000,0.4982193732193732
3001,0.019705603038936374
3002,0.9223943494776828
3003,0.026768755935422606
3004,0.6421533713200381
3005,0.7892628205128206
3006,0.5241274928774929
3007,0.5267094017094017
3008,0.6680318138651472
3009,0.48533950617283944
3010,0.1007834757834758
3011,0.24863485280151945
3012,0.9042319563152897
3013,0.5234449192782527
3014,0.0166488603988604
3015,0.023237179487179488
3016,0.09440289648622983
3017,0.8203941120607787
3018,0.15773385565052234
3019,0.7206493352326686
3020,0.36128917378917375
3021,0.6345263532763533
3022,0.9012642450142451
3023,0.06172839506172839
3024,0.3671652421652422
3025,0.5492343304843305
3026,0.8541963437796771
3027,0.4634377967711301
3028,0.5877849002849002
3029,0.5678122032288698
3030,0.17361111111111113
3031,0.07935660018993353
3032,0.2727623456790123
3033,0.7330543684710351
3034,0.5789411206077872
3035,0.649661680911681
3036,0.6993708452041786
3037,0.47637701804368476
3038,0.6766975308641975
3039,0.16530151946818614
3040,0.38879985754985763
3041,0.39702041785375114
3042,0.8759496676163344
3043,0.1411443494776828
3044,0.4526946818613485
3045,0.7659662867996202
3046,0.20489078822412155
3047,0.3273088793922127
3048,0.9218898385565053
3049,0.7742758784425451
3050,0.980650522317189
3051,0.9096925451092117
3052,0.08449074074074074
3053,0.8324430199430201
3054,0.4541785375118708
3055,0.32015669515669515
3056,0.7721984805318138
3057,0.044485992402659075
3058,0.9814518043684711
3059,0.0041251187084520415
3060,0.862031101614435
3061,0.9926697530864197
3062,0.5133250237416904
3063,0.676519468186135
3064,0.3626543209876543
3065,0.06160968660968661
3066,0.7347459639126305
3067,0.44263414055080724
3068,0.7617521367521368
3069,0.37591999050332386
3070,0.06968186134852801
3071,0.06475546058879392
3072,0.17278015194681862
3073,0.5837488129154796
3074,0.6957799145299145
3075,0.4752196106362773
3076,0.017568850902184237
3077,0.9644171415004749
3078,0.9759021842355177
3079,0.44034900284900286
3080,0.08757716049382715
3081,0.3556505223171889
3082,0.8275759734093068
3083,0.18862773029439694
3084,0.6837903608736942
3085,0.7008250237416904
3086,0.3549976258309591
3087,0.3658000949667617
3088,0.2876602564102564
3089,0.3587962962962963
3090,0.2916963437796771
3091,0.378056742640076
3092,0.12651353276353275
3093,0.8369836182336182
3094,0.1012286324786325
3095,0.5116334283000951
3096,0.4446225071225071
3097,0.13615859449192783
3098,0.9975664767331435
3099,0.10654083570750238
3100,0.26715337132003797
3101,0.09873575498575497
3102,0.09867640075973409
3103,0.19299026590693258
3104,0.5611051756885089
3105,0.6409662867996202
3106,0.3956552706552707
3107,0.7962072649572649
3108,0.2021011396011396
3109,0.0706315289648623
3110,0.0856778252611586
3111,0.2827041785375119
3112,0.004481244064577399
3113,0.3858618233618234
3114,0.10876661918328585
3115,0.7911918328584995
3116,0.36001305792972454
3117,0.02849002849002849
3118,0.6878264482431149
3119,0.7086894586894587
3120,0.009763770180436847
3121,0.12408000949667615
3122,0.1434294871794872
3123,0.9553656220322887
3124,0.23631885090218427
3125,0.6882716049382717
3126,0.17515432098765435
3127,0.818554131054131
3128,0.05163817663817664
3129,0.3209579772079772
3130,0.7767390788224121
3131,0.7997981956315291
3132,0.37936253561253563
3133,0.5380460588793923
3134,0.13054962013295346
3135,0.0924738841405508
3136,0.5774275878442545
3137,0.16767568850902184
3138,0.2574786324786325
3139,0.9415064102564102
3140,0.541280864197531
3141,0.0560303893637227
3142,0.8795109211775878
3143,0.7359924026590693
3144,0.9164292497625831
3145,0.31920702754036084
3146,0.49893162393162394
3147,0.39921652421652426
3148,0.5436550332383666
3149,0.9153311965811967
3150,0.0073005698005698
3151,0.6412630579297246
3152,0.043833095916429254
3153,0.15625
3154,0.2137048907882241
3155,0.17177113010446343
3156,0.21070750237416905
3157,0.5597697056030388
3158,0.05223171889838557
3159,0.30543684710351376
3160,0.7903015194681862
3161,0.27783713200379867
3162,0.8757419278252612
3163,0.16378798670465336
3164,0.5588793922127255
3165,0.23670465337132005
3166,0.35784662867996203
3167,0.15969254510921177
3168,0.23747625830959165
3169,0.9049145299145298
3170,0.12704772079772078
3171,0.5528252611585945
3172,0.5660018993352327
3173,0.1603454415954416
3174,0.8567485754985755
3175,0.7675985280151947
3176,0.00819088319088319
3177,0.6319444444444445
3178,0.603454415954416
3179,0.04338793922127255
3180,0.42957621082621084
3181,0.27754036087369416
3182,0.49029558404558404
3183,0.7525522317188984
3184,0.026412630579297245
3185,0.6511158594491927
3186,0.3380816714150048
3187,0.9219491927825262
3188,0.1721272554605888
3189,0.2143577872744539
3190,0.9948658594491927
3191,0.7571521842355176
3192,0.1419753086419753
3193,0.3485280151946819
3194,0.20637464387464388
3195,0.8428893637226972
3196,0.8092058404558404
3197,0.10191120607787274
3198,0.04145892687559354
3199,0.7199964387464387
3200,0.9768518518518517
3201,0.503858024691358
3202,0.079920465337132
3203,0.4621320037986705
3204,0.6855413105413106
3205,0.8814696106362773
3206,0.7722875118708452
3207,0.27961775878442546
3208,0.44512701804368476
3209,0.9143221747388415
3210,0.04318019943019943
3211,0.9418328584995251
3212,0.35395892687559355
3213,0.7949905033238367
3214,0.24085944919278254
3215,0.36642331433998104
3216,0.9456908831908833
3217,0.9188627730294397
3218,0.897940408357075
3219,0.844877730294397
3220,0.7842177113010447
3221,0.48789173789173784
3222,0.5731837606837606
3223,0.8519705603038936
3224,0.1146130104463438
3225,0.10057573599240266
3226,0.5195868945868947
3227,0.9761099240265908
3228,0.9160731244064578
3229,0.7617521367521368
3230,0.28314933523266855
3231,0.12324905033238366
3232,0.638829534662868
3233,0.5745192307692307
3234,0.5585826210826211
3235,0.23792141500474837
3236,0.6457146248812916
3237,0.8424442070275404
3238,0.1335173314339981
3239,0.6643221747388414
3240,0.26721272554605885
3241,0.20681980056980057
3242,0.6566654795821462
3243,0.4616571699905034
3244,0.49174976258309594
3245,0.8037452516619185
3246,0.6029795821462488
3247,0.5775166191832858
3248,0.3918269230769231
3249,0.31469610636277306
3250,0.6983024691358025
3251,0.16895180436847101
3252,0.254985754985755
3253,0.05887939221272554
3254,0.60372150997151
3255,0.10846984805318138
3256,0.07457858499525166
3257,0.03136870845204179
3258,0.8181683285849952
3259,0.20518755935422603
3260,0.7907763532763532
3261,0.5695631528964862
3262,0.2153074548907882
3263,0.7235873694207028
3264,0.16007834757834757
3265,0.5587013295346629
3266,0.5078644349477682
3267,0.8375771604938272
3268,0.9626661918328585
3269,0.31920702754036084
3270,0.5287571225071225
3271,0.8408416429249762
3272,0.6141084995251661
3273,0.35547245963912627
3274,0.08748812915479583
3275,0.5532704178537512
3276,0.6157407407407408
3277,0.6476139601139601
3278,0.9235814339981007
3279,0.7457858499525166
3280,0.5025819088319089
3281,0.051074311490978165
3282,0.4398741690408357
3283,0.0783772554605888
3284,0.939696106362773
3285,0.1339624881291548
3286,0.7476555080721748
3287,0.6283535137701804
3288,0.768221747388414
3289,0.039144112060778724
3290,0.6246438746438746
3291,0.19117996201329535
3292,0.47886989553656223
3293,0.7293150522317188
3294,0.8229166666666666
3295,0.8428003323836656
3296,0.21450617283950615
3297,0.7771842355175688
3298,0.7705068850902185
3299,0.8693613485280153
3300,0.010772792022792022
3301,0.30021367521367526
3302,0.7478929249762584
3303,0.09704415954415956
3304,0.6483855650522318
3305,0.9930258784425451
3306,0.9804427825261158
3307,0.7904202279202278
3308,0.7458452041785376
3309,0.2748397435897436
3310,0.96210232668566
3311,0.7129629629629631
3312,0.6937321937321937
3313,0.4252136752136752
3314,0.6327457264957265
3315,0.5800985280151947
3316,0.8736348528015195
3317,0.9671771130104463
3318,0.7209164292497626
3319,0.9158950617283951
3320,0.012761158594491928
3321,0.16488603988603986
3322,0.045584045584045586
3323,0.2629985754985755
3324,0.7958214624881291
3325,0.4483618233618234
3326,0.05561490978157644
3327,0.4482134377967711
3328,0.2496141975308642
3329,0.9120073599240266
3330,0.9504392212725546
3331,0.5028786799620133
3332,0.8203347578347578
3333,0.7573302469135802
3334,0.49709164292497626
3335,0.8833689458689458
3336,0.8919159544159544
3337,0.7971866096866097
3338,0.673344017094017
3339,0.3474893162393162
3340,0.8946462488129154
3341,0.8579059829059829
3342,0.6716524216524217
3343,0.2055733618233618
3344,0.7437084520417855
3345,0.6415301519468186
3346,0.9082086894586895
3347,0.7845738366571701
3348,0.7457858499525166
3349,0.12025166191832859
3350,0.4528430674264008
3351,0.7064933523266858
3352,0.7855531813865148
3353,0.19215930674264006
3354,0.07618114909781576
3355,0.6622744539411206
3356,0.1274335232668566
3357,0.6203110161443495
3358,0.02184235517568851
3359,0.21649453941120608
3360,0.017420465337132002
3361,0.02175332383665717
3362,0.4498753561253561
3363,0.5300925925925926
3364,0.6281457739791073
3365,0.10849952516619184
3366,0.8901056505223172
3367,0.42280982905982906
3368,0.5271545584045584
3369,0.12028133903133903
3370,0.7502374169040836
3371,0.5643399810066476
3372,0.14752492877492876
3373,0.046029202279202285
3374,0.7518696581196581
3375,0.24560778727445395
3376,0.14918684710351376
3377,0.7339446818613485
3378,0.9223349952516621
3379,0.3511692782526116
3380,0.5228513770180437
3381,0.11072530864197531
3382,0.42473884140550805
3383,0.6091524216524217
3384,0.9118589743589743
3385,0.8693316714150048
3386,0.1399869420702754
3387,0.1258903133903134
3388,0.6270477207977208
3389,0.46530745489078823
3390,0.6699014719848053
3391,0.9986348528015195
3392,0.020803656220322885
3393,0.48471628679962014
3394,0.4992283950617284
3395,0.44586894586894593
3396,0.8887405033238367
3397,0.9750118708452042
3398,0.07193732193732194
3399,0.27905389363722694
3400,0.43058523266856596
3401,0.34122744539411204
3402,0.21688034188034186
3403,0.8590930674264007
3404,0.5302113010446344
3405,0.2044753086419753
3406,0.6900819088319089
3407,0.8212547483380815
3408,0.3479938271604938
3409,0.15568613485280153
3410,0.9739434947768281
3411,0.44848053181386516
3412,0.9201982431149097
3413,0.843542260208927
3414,0.4977742165242165
3415,0.6502552231718899
3416,0.11769943019943019
3417,0.37307098765432095
3418,0.11271367521367522
3419,0.38598053181386516
3420,0.8135090218423552
3421,0.17758784425451093
3422,0.3176934947768281
3423,0.31110517568850904
3424,0.25326448243114913
3425,0.24166073124406454
3426,0.3700439221272555
3427,0.22818732193732194
3428,0.3326210826210826
3429,0.7133487654320988
3430,0.01706433998100665
3431,0.7054546533713201
3432,0.6556861348528015
3433,0.10754985754985753
3434,0.901323599240266
3435,0.3636633428300095
3436,0.45281339031339024
3437,0.5375118708452041
3438,0.5435956790123456
3439,0.6282348053181387
3440,0.8588259734093068
3441,0.686105175688509
3442,0.044307929724596386
3443,0.657377730294397
3444,0.6970857075023741
3445,0.5316061253561254
3446,0.6986882716049383
3447,0.26715337132003797
3448,0.2722281576448243
3449,0.28184354226020897
3450,0.359775641025641
3451,0.18328584995251662
3452,0.5779617758784426
3453,0.8062678062678064
3454,0.9891084995251663
3455,0.8198896011396011
3456,0.6963734567901234
3457,0.47922602089268757
3458,0.6189755460588794
3459,0.010535375118708452
3460,0.4238782051282051
3461,0.9332858499525166
3462,0.6369301994301995
3463,0.26724240265906934
3464,0.12485161443494776
3465,0.23572530864197527
3466,0.06846509971509972
3467,0.09012939221272553
3468,0.5176578822412156
3469,0.8355294396961064
3470,0.08757716049382715
3471,0.69215930674264
3472,0.1890432098765432
3473,0.07526115859449194
3474,0.04926400759734093
3475,0.7293744064577399
3476,0.4466405508072175
3477,0.22305318138651473
3478,0.0746082621082621
3479,0.9224240265906932
3480,0.9038461538461539
3481,0.3060897435897436
3482,0.480650522317189
3483,0.7998575498575499
3484,0.06852445394112061
3485,0.7871557454890789
3486,0.9384793447293447
3487,0.25106837606837606
3488,0.1590099715099715
3489,0.6181445868945868
3490,0.2800629154795822
3491,0.2662630579297246
3492,0.4619539411206078
3493,0.3597459639126306
3494,0.6267509496676164
3495,0.5951448243114911
3496,0.7384852801519468
3497,0.7935363247863249
3498,0.002849002849002849
3499,0.6626602564102564
3500,0.9055377492877493
3501,0.7768874643874645
3502,0.15286680911680914
3503,0.36410849952516616
3504,0.39512108262108264
3505,0.040123456790123455
3506,0.17358143399810066
3507,0.4782466761633428
3508,0.7751068376068376
3509,0.16693376068376067
3510,0.08250237416904084
3511,0.900195868945869
3512,0.09348290598290598
3513,0.2491096866096866
3514,0.2930318138651472
3515,0.25578703703703703
3516,0.13431861348528015
3517,0.8858024691358025
3518,0.7215990028490028
3519,0.9562559354226021
3520,0.17405626780626782
3521,0.22047127255460586
3522,0.6106956315289648
3523,0.5413698955365622
3524,0.6257419278252612
3525,0.5347815764482432
3526,0.5902184235517569
3527,0.14749525166191832
3528,0.32641856600189934
3529,0.757716049382716
3530,0.19690764482431147
3531,0.2267034662867996
3532,0.9658713200379867
3533,0.18049620132953467
3534,0.5300629154795822
3535,0.11042853751187086
3536,0.2199667616334283
3537,0.31505223171889835
3538,0.09591642924976258
3539,0.9069622507122507
3540,0.03356481481481482
3541,0.46928418803418803
3542,0.24492521367521367
3543,0.7641856600189932
3544,0.34659900284900286
3545,0.3152599715099715
3546,0.3015491452991453
3547,0.0328525641025641
3548,0.0568613485280152
3549,0.1990443969610636
3550,0.20631528964862297
3551,0.901798433048433
3552,0.9838259734093068
3553,0.66622150997151
3554,0.6969076448243116
3555,0.9473231244064576
3556,0.5359389838556505
3557,0.6577338556505223
3558,0.028846153846153844
3559,0.6169575023741691
3560,0.09392806267806268
3561,0.4794337606837607
3562,0.47744539411206083
3563,0.8814696106362773
3564,0.6163046058879392
3565,0.8826270180436847
3566,0.8877908357075025
3567,0.3675807217473884
3568,0.046355650522317195
3569,0.816358024691358
3570,0.532911918328585
3571,0.7962369420702754
3572,0.7708036562203229
3573,0.04401115859449193
3574,0.1480591168091168
3575,0.7429368471035137
3576,0.9984271130104464
3577,0.18298907882241214
3578,0.9461063627730294
3579,0.8590930674264007
3580,0.6254748338081672
3581,0.09211775878442545
3582,0.7323124406457739
3583,0.3400106837606838
3584,0.9700261158594493
3585,0.6577041785375118
3586,0.7858499525166192
3587,0.08024691358024691
3588,0.4894349477682811
3589,0.9700557929724596
3590,0.34300807217473883
3591,0.7157526115859448
3592,0.8300391737891738
3593,0.8387939221272555
3594,0.9422483380816714
3595,0.2609211775878442
3596,0.4466702279202279
3597,0.8547008547008548
3598,0.20224952516619185
3599,0.1034247388414055
3600,0.9044100189933523
3601,0.03807573599240266
3602,0.021604938271604937
3603,0.34725189933523265
3604,0.40435066476733145
3605,0.6133368945868946
3606,0.9455128205128206
3607,0.006172839506172839
3608,0.6560719373219374
3609,0.0013651471984805319
3610,0.5725902184235517
3611,0.8040420227920229
3612,0.46236942070275405
3613,0.8352326685660018
3614,0.7868292972459638
3615,0.2601495726495726
3616,0.1091820987654321
3617,0.2220144824311491
3618,0.9623397435897436
3619,0.8450557929724596
3620,0.4222459639126306
3621,0.7359033713200379
3622,0.05359686609686609
3623,0.9320987654320988
3624,0.15719966761633428
3625,0.7263473409306743
3626,0.7605947293447294
3627,0.6864909781576448
3628,0.6175807217473884
3629,0.36485042735042733
3630,0.8459757834757834
3631,0.4135802469135803
3632,0.31380579297245964
3633,0.24139363722697058
3634,0.28448480531813863
3635,0.14538817663817663
3636,0.3306327160493827
3637,0.23293566001899335
3638,0.850071225071225
3639,0.23893043684710355
3640,0.4390135327635328
3641,0.5090515194681862
3642,0.05015432098765432
3643,0.03629510921177589
3644,0.9860517568850903
3645,0.7806861348528016
3646,0.856985992402659
3647,0.4018577872744539
3648,0.7180377492877493
3649,0.8514957264957265
3650,0.11612654320987655
3651,0.09544159544159543
3652,0.10369183285849953
3653,0.23602207977207978
3654,0.7554902659069326
3655,0.6462488129154796
3656,0.12176519468186135
3657,0.023177825261158594
3658,0.196076685660019
3659,0.810303893637227
3660,0.5845204178537512
3661,0.7487535612535613
3662,0.10116927825261157
3663,0.5468008072174739
3664,0.0840752611585945
3665,0.6943850902184235
3666,0.8294159544159544
3667,0.2612476258309592
3668,0.8332739791073124
3669,0.7626721272554606
3670,0.511900522317189
3671,0.05481362773029439
3672,0.19794634377967713
3673,0.7705662393162394
3674,0.45135921177587845
3675,0.9074667616334283
3676,0.3878501899335232
3677,0.5102089268755936
3678,0.9128086419753086
3679,0.8570453466286799
3680,0.0998338081671415
3681,0.3942901234567901
3682,0.15975189933523268
3683,0.4870311016144349
3684,0.6914767331433999
3685,0.569681861348528
3686,0.9809769705603039
3687,0.5846984805318138
3688,0.595946106362773
3689,0.7915479582146249
3690,0.19183285849952517
3691,0.7862357549857549
3692,0.6695156695156695
3693,0.9863485280151947
3694,0.10170346628679962
3695,0.8657110636277303
3696,0.14942426400759734
3697,0.7829119183285851
3698,0.09303774928774929
3699,0.18901353276353275
3700,0.649542972459639
3701,0.360903371320038
3702,0.9734983380816713
3703,0.49284781576448244
3704,0.9050925925925926
3705,0.975071225071225
3706,0.5762998575498576
3707,0.663758309591643
3708,0.6442604463437797
3709,0.029706790123456794
3710,0.14322174738841406
3711,0.9139363722697057
3712,0.3901650047483381
3713,0.5026412630579298
3714,0.6822174738841404
3715,0.0605116334283001
3716,0.4653668091168091
3717,0.761039886039886
3718,0.8893933998100665
3719,0.48023504273504275
3720,0.8308701329534663
3721,0.6448243114909782
3722,0.9028074548907883
3723,0.96875
3724,0.12553418803418803
3725,0.4811253561253561
3726,0.25893281101614435
3727,0.5696521842355176
3728,0.575468898385565
3729,0.71409069325736
3730,0.8425035612535613
3731,0.17723171889838554
3732,0.5165598290598291
3733,0.3739613010446344
3734,0.23519112060778727
3735,0.5708689458689459
3736,0.028104226020892686
3737,0.10208926875593542
3738,0.9781576448243116
3739,0.9102860873694207
3740,0.6990147198480532
3741,0.8168031813865148
3742,0.8735458214624883
3743,0.2727326685660019
3744,0.7227564102564102
3745,0.6427469135802469
3746,0.693613485280152
3747,0.42286918328585
3748,0.7667378917378919
3749,0.1461301044634378
3750,0.33820037986704654
3751,0.11959876543209876
3752,0.1743233618233618
3753,0.6391856600189932
3754,0.8609924026590693
3755,0.22041191832858498
3756,0.173403371320038
3757,0.33072174738841403
3758,0.13464506172839505
3759,0.654855175688509
3760,0.7330543684710351
3761,0.8648504273504273
3762,0.7389304368471036
3763,0.6270477207977209
3764,0.45061728395061734
3765,0.5465337132003799
3766,0.4477979582146249
3767,0.6046711775878443
3768,0.41737891737891736
3769,0.8856540835707504
3770,0.4896723646723647
3771,0.9447412155745489
3772,0.7178300094966762
3773,0.23507241215574548
3774,0.12336775878442546
3775,0.4286858974358974
3776,0.4216820987654321
3777,0.5004154795821463
3778,0.07128442545109212
3779,0.32778371320037986
3780,0.5192010921177588
3781,0.6651828110161443
3782,0.7470916429249762
3783,0.46777065527065526
3784,0.562767094017094
3785,0.8334223646723647
3786,0.3763651471984805
3787,0.6774988129154796
3788,0.22207383665716998
3789,0.8066239316239315
3790,0.8994836182336182
3791,0.9716286799620133
3792,0.8449964387464387
3793,0.46646486229819556
3794,0.6117936847103513
3795,0.7270892687559355
3796,0.8395061728395062
3797,0.421474358974359
3798,0.5552587844254511
3799,0.1902599715099715
3800,0.021070750237416905
3801,0.29721628679962014
3802,0.9544159544159544
3803,0.5228810541310541
3804,0.8024691358024691
3805,0.17889363722697058
3806,0.4935303893637227
3807,0.9845382241215574
3808,0.6063627730294397
3809,0.4370251661918329
3810,0.4172305318138651
3811,0.46480294396961064
3812,0.3836657169990503
3813,0.22792022792022792
3814,0.8877908357075023
3815,0.24364909781576446
3816,0.6728098290598291
3817,0.4234330484330484
3818,0.8978216999050331
3819,0.8588556505223172
3820,0.6724537037037037
3821,0.4399335232668566
3822,0.8366571699905033
3823,0.28487060778727447
3824,0.33167141500474834
3825,0.999139363722697
3826,0.6763414055080722
3827,0.34253323836657174
3828,0.834639126305793
3829,0.3675807217473884
3830,0.34179131054131057
3831,0.9951923076923076
3832,0.05647554605887939
3833,0.5051638176638177
3834,0.7211835232668565
3835,0.2285434472934473
3836,0.756113485280152
3837,0.9897910731244064
3838,0.7440645773979107
3839,0.8836063627730294
3840,0.5316061253561254
3841,0.3826566951566952
3842,0.4371735517568851
3843,0.6019408831908831
3844,0.4750415479582146
3845,0.9805318138651472
3846,0.10042735042735045
3847,0.9125415479582145
3848,0.015075973409306742
3849,0.168417616334283
3850,0.7026353276353277
3851,0.9693732193732193
3852,0.34701448243114913
3853,0.7498812915479581
3854,0.8498931623931624
3855,0.0251661918328585
3856,0.23949430199430197
3857,0.09716286799620133
3858,0.24694325735992403
3859,0.2975724121557455
3860,0.16610280151946819
3861,0.3881766381766382
3862,0.18539292497625834
3863,0.9225724121557456
3864,0.9964981006647674
3865,0.5771011396011395
3866,0.9962310066476734
3867,0.20224952516619185
3868,0.7022495251661919
3869,0.23670465337132005
3870,0.734775641025641
3871,0.2524632003798671
3872,0.6735220797720798
3873,0.6417378917378919
3874,0.40084876543209874
3875,0.9874762583095916
3876,0.6267806267806267
3877,0.9583333333333334
3878,0.3543447293447293
3879,0.04484211775878443
3880,0.988960113960114
3881,0.9718660968660968
3882,0.6468423551756884
3883,0.693554131054131
3884,0.2031991927825261
3885,0.3588556505223172
3886,0.8591227445394112
3887,0.6082324311490978
3888,0.46524810066476735
3889,0.48121438746438744
3890,0.2241215574548908
3891,0.8624169040835707
3892,0.09244420702754036
3893,0.8032407407407408
3894,0.4304665242165242
3895,0.6649453941120608
3896,0.5068257359924027
3897,0.8955662393162394
3898,0.6349418328584996
3899,0.6240206552706552
3900,0.40862416904083565
3901,0.03608736942070275
3902,0.8739909781576448
3903,0.7405033238366571
3904,0.21984805318138653
3905,0.4468482905982906
3906,0.9348290598290597
3907,0.3751780626780627
3908,0.4047958214624881
3909,0.9979226020892688
3910,0.026887464387464383
3911,0.05534781576448244
3912,0.6171058879392213
3913,0.2496141975308642
3914,0.8449964387464388
3915,0.3040123456790123
3916,0.7774513295346628
3917,0.23658594491927828
3918,0.42156339031339035
3919,0.15429131054131054
3920,0.42188983855650525
3921,0.05258784425451093
3922,0.6460410731244065
3923,0.2800332383665717
3924,0.3031517094017094
3925,0.9519824311490979
3926,0.6546177587844254
3927,0.16761633428300096
3928,0.37431742640075977
3929,0.8798373694207028
3930,0.9541488603988603
3931,0.016381766381766385
3932,0.6351198955365622
3933,0.018548195631528964
3934,0.8503086419753086
3935,0.08876424501424501
3936,0.4748338081671415
3937,0.6006944444444445
3938,0.8949726970560303
3939,0.3066832858499526
3940,0.4860814339981007
3941,0.9334639126305793
3942,0.14096628679962012
3943,0.5749643874643874
3944,0.836568138651472
3945,0.7673017568850903
3946,0.29576210826210825
3947,0.07635921177587844
3948,0.6132478632478633
3949,0.9130757359924027
3950,0.329920465337132
3951,0.3760386989553656
3952,0.8525344254510921
3953,0.23160018993352327
3954,0.9866156220322887
3955,0.08760683760683759
3956,0.46349715099715105
3957,0.6634912155745489
3958,0.46824548907882235
3959,0.8891856600189932
3960,0.37814577397910726
3961,0.3189696106362773
3962,0.2543328584995252
3963,0.8114909781576448
3964,0.6306089743589743
3965,0.52659069325736
3966,0.7694978632478633
3967,0.15898029439696107
3968,0.01575854700854701
3969,0.4196937321937322
3970,0.6049382716049383
3971,0.9113841405508073
3972,0.750801282051282
3973,0.6557751661918328
3974,0.21186490978157646
3975,0.8662452516619182
3976,0.8695690883190883
3977,0.5919990503323836
3978,0.2705662393162393
3979,0.7486348528015195
3980,0.7791132478632479
3981,0.8774928774928776
3982,0.9161028015194681
3983,0.04840337132003799
3984,0.6968186134852802
3985,0.1493945868945869
3986,0.7129332858499525
3987,0.02261396011396011
3988,0.7906873219373219
3989,0.11950973409306742
3990,0.7024275878442544
3991,0.7867996201329536
3992,0.08864553656220324
3993,0.5110102089268755
3994,0.7912808641975309
3995,0.9190705128205128
3996,0.7397910731244064
3997,0.023919753086419752
3998,0.590159069325736
3999,0.21325973409306742
4000,0.3079297245963913
4001,0.25249287749287747
4002,0.20836301044634375
4003,0.5037393162393161
4004,0.7218660968660968
4005,0.5772198480531814
4006,0.4956671415004748
4007,0.06140194681861349
4008,0.9755460588793922
4009,0.4548314339981007
4010,0.9899097815764483
4011,0.8530389363722697
4012,0.4169040835707502
4013,0.21334876543209877
4014,0.9985161443494777
4015,0.8878501899335233
4016,0.46673195631528963
4017,0.35476020892687554
4018,0.4640906932573599
4019,0.13874050332383667
4020,0.2269408831908832
4021,0.2610992402659069
4022,0.17791429249762583
4023,0.10422602089268757
4024,0.035582858499525166
4025,0.8084342355175688
4026,0.7623753561253562
4027,0.11200142450142452
4028,0.29831433998100665
4029,0.36449430199430194
4030,0.07546889838556504
4031,0.8249050332383665
4032,0.48620014245014237
4033,0.1967295821462488
4034,0.36128917378917375
4035,0.2225189933523267
4036,0.13491215574548907
4037,0.11265432098765432
4038,0.9181801994301995
4039,0.07089862298195632
4040,0.6916251187084521
4041,0.9477979582146249
4042,0.3121735517568851
4043,0.3962488129154796
4044,0.1936431623931624
4045,0.03837250712250712
4046,0.1233974358974359
4047,0.5058167141500475
4048,0.5201507597340931
4049,0.46741452991452986
4050,0.4331077872744539
4051,0.46480294396961064
4052,0.5774572649572649
4053,0.843482905982906
4054,0.4673254985754986
4055,0.14218304843304844
4056,0.45794753086419754
4057,0.663164767331434
4058,0.7158119658119659
4059,0.2938924501424502
4060,0.42536206077872746
4061,0.9710351377018043
4062,0.5426163342830009
4063,0.6572886989553656
4064,0.6440230294396961
4065,0.5586419753086419
4066,0.1275522317188984
4067,0.7249525166191834
4068,0.13129154795821463
4069,0.2048017568850902
4070,0.28205128205128205
4071,0.9758725071225071
4072,0.020417853751187084
4073,0.31819800569800577
4074,0.37286324786324787
4075,0.2462310066476733
4076,0.6936431623931624
4077,0.41093898385565053
4078,0.670673076923077
4079,0.5100902184235517
4080,0.041310541310541314
4081,0.7863841405508073
4082,0.8585588793922128
4083,0.5761811490978158
4084,0.3174264007597341
4085,0.5391737891737892
4086,0.5030567426400759
4087,0.0844017094017094
4088,0.4522495251661918
4089,0.14737654320987656
4090,0.5435660018993352
4091,0.042972459639126305
4092,0.5418744064577398
4093,0.66289767331434
4094,0.13049026590693258
4095,0.1273148148148148
4096,0.2268221747388414
4097,0.5822056030389363
4098,0.2178003323836657
4099,0.9238188509021842
4100,0.7178596866096866
4101,0.52127849002849
4102,0.5215159069325735
4103,0.6224180911680911
4104,0.9264304368471036
4105,0.7424323361823362
4106,0.6834045584045585
4107,0.7266144349477682
4108,0.969224833808167
4109,0.9444741215574549
4110,0.46518874643874647
4111,0.01655982905982906
4112,0.9392806267806267
4113,0.644349477682811
4114,0.27792616334283
4115,0.14924620132953467
4116,0.1563687084520418
4117,0.9748338081671415
4118,0.3019349477682811
4119,0.506113485280152
4120,0.9074964387464387
4121,0.6820690883190883
4122,0.77659069325736
4123,0.07401471984805319
4124,0.6832264957264957
4125,0.11464268755935424
4126,0.5054605887939222
4127,0.34588675213675213
4128,0.5018696581196581
4129,0.6542616334283001
4130,0.11728395061728396
4131,0.6340811965811965
4132,0.851792497625831
4133,0.8949726970560304
4134,0.21699905033238365
4135,0.6618292972459638
4136,0.2095204178537512
4137,0.834846866096866
4138,0.03463319088319088
4139,0.2669753086419753
4140,0.990889126305793
4141,0.8628620607787275
4142,0.3970797720797721
4143,0.3609330484330484
4144,0.9162511870845204
4145,0.4736170465337132
4146,0.5747863247863249
4147,0.5501543209876544
4148,0.5869242640075973
4149,0.1347934472934473
4150,0.6143459164292498
4151,0.3216405508072175
4152,0.10330603038936371
4153,0.4666726020892688
4154,0.6978276353276353
4155,0.7820809591642925
4156,0.39055080721747387
4157,0.013295346628679962
4158,0.9092177113010447
4159,0.5564755460588794
4160,0.6257716049382717
4161,0.6208452041785376
4162,0.08315527065527066
4163,0.08297720797720798
4164,0.9214743589743589
4165,0.6036324786324786
4166,0.09769705603038936
4167,0.9745073599240266
4168,0.5935719373219374
4169,0.4216524216524216
4170,0.9940349002849004
4171,0.23486467236467237
4172,0.8281101614434947
4173,0.24379748338081672
4174,0.14144112060778727
4175,0.6480591168091168
4176,0.25976377018043684
4177,0.06149097815764482
4178,0.8160612535612536
4179,0.5577516619183286
4180,0.9002552231718898
4181,0.6511752136752137
4182,0.04567307692307693
4183,0.7860280151946819
4184,0.9034306742640076
4185,0.7771545584045585
4186,0.9344135802469135
4187,0.36232787274453937
4188,0.21317070275403607
4189,0.40248100664767333
4190,0.003798670465337132
4191,0.5570987654320988
4192,0.8926578822412156
4193,0.5591464862298196
4194,0.8436016144349479
4195,0.459312678062678
4196,0.9974774453941121
4197,0.7582205603038936
4198,0.473201566951567
4199,0.8243708452041786
4200,0.1614434947768281
4201,0.7137048907882241
4202,0.5600071225071225
4203,0.4830246913580247
4204,0.3561253561253561
4205,0.3630104463437797
4206,0.7053656220322887
4207,0.5459401709401709
4208,0.5955306267806267
4209,0.5554665242165243
4210,0.6273741690408356
4211,0.5066179962013296
4212,0.551727207977208
4213,0.6762820512820512
4214,0.27166429249762586
4215,0.3860992402659069
4216,0.1891025641025641
4217,0.9564933523266856
4218,0.9862891737891738
4219,0.0867165242165242
4220,0.5745489078822412
4221,0.9517153371320037
4222,0.5389957264957265
4223,0.6739078822412156
4224,0.3483202754036087
4225,0.30712844254510924
4226,0.9814814814814815
4227,0.6697234093067426
4228,0.18530389363722696
4229,0.6497210351377017
4230,0.8066832858499525
4231,0.1431920702754036
4232,0.07698243114909782
4233,0.355116334283001
4234,0.018637226970560302
4235,0.662363485280152
4236,0.2842177113010447
4237,0.4525759734093067
4238,0.20943138651471985
4239,0.5597993827160493
4240,0.714031339031339
4241,0.8377849002849004
4242,0.11369301994301995
4243,0.2659069325735992
4244,0.9616720085470085
4245,0.3966346153846154
4246,0.2069681861348528
4247,0.0726198955365622
4248,0.3611111111111111
4249,0.7288995726495727
4250,0.7577457264957266
4251,0.5280448717948718
4252,0.06273741690408358
4253,0.816150284900285
4254,0.3049620132953466
4255,0.2827635327635327
4256,0.4260743114909782
4257,0.04380341880341881
4258,0.7877492877492878
4259,0.058018755935422606
4260,0.9546533713200379
4261,0.9237001424501425
4262,0.7413342830009496
4263,0.8822412155745489
4264,0.12624643874643873
4265,0.6221213200379867
4266,0.8631885090218422
4267,0.1882122507122507
4268,0.8987713675213675
4269,0.5300629154795821
4270,0.6396901709401709
4271,0.10223765432098765
4272,0.5338022317188984
4273,0.061520655270655276
4274,0.13782051282051283
4275,0.8727148622981957
4276,0.7608915004748337
4277,0.12191358024691357
4278,0.13556505223171889
4279,0.5824133428300095
4280,0.9614494301994302
4281,0.6606125356125356
4282,0.6219135802469137
4283,0.08095916429249762
4284,0.16918922127255462
4285,0.6681801994301995
4286,0.47812796771130106
4287,0.8055555555555555
4288,0.7731184710351376
4289,0.144349477682811
4290,0.7794990503323836
4291,0.2446877967711301
4292,0.21334876543209877
4293,0.7674798195631528
4294,0.8617936847103514
4295,0.6638770180436847
4296,0.574400522317189
4297,0.9600842830009496
4298,0.531457739791073
4299,0.1951863722697056
4300,0.4259852801519468
4301,0.9994954890788224
4302,0.2665301519468186
4303,0.4003145773979108
4304,0.6178774928774929
4305,0.10185185185185186
4306,0.42061372269705605
4307,0.24970322886989557
4308,0.8996913580246914
4309,0.912096391263058
4310,0.37624643874643876
4311,0.0934235517568851
4312,0.9409128679962014
4313,0.8521783000949666
4314,0.3544931149097816
4315,0.1591286799620133
4316,0.8308998100664767
4317,0.8484983380816714
4318,0.7959104938271605
4319,0.11734330484330485
4320,0.7847815764482432
4321,0.019349477682811016
4322,0.6976198955365622
4323,0.4761692782526116
4324,0.7157822886989553
4325,0.6821284425451092
4326,0.005312203228869896
4327,0.6985398860398861
4328,0.9577694681861347
4329,0.20192307692307696
4330,0.4343839031339031
4331,0.2766797245963913
4332,0.19402896486229818
4333,0.22631766381766383
4334,0.5129095441595442
4335,0.2972459639126306
4336,0.31128323836657174
4337,0.3977326685660019
4338,0.39782169990503324
4339,0.7042675688509021
4340,0.43560066476733145
4341,0.2294634377967711
4342,0.4947174738841405
4343,0.9368174264007597
4344,0.8272495251661919
4345,0.2175332383665717
4346,0.09146486229819563
4347,0.3232134377967711
4348,0.37681030389363723
4349,0.03721509971509971
4350,0.1279380341880342
4351,0.18841999050332384
4352,0.9618945868945868
4353,0.6446462488129154
4354,0.4489256885090218
4355,0.3055555555555555
4356,0.8791251187084521
4357,0.3507834757834758
4358,0.5540420227920227
4359,0.0628858024691358
4360,0.9027184235517568
4361,0.6760149572649573
4362,0.7940408357075023
4363,0.28110161443494774
4364,0.819948955365622
4365,0.5682276828110161
4366,0.5004154795821463
4367,0.9083273979107312
4368,0.010416666666666666
4369,0.2684294871794872
4370,0.5449905033238366
4371,0.4298136277302944
4372,0.996735517568851
4373,0.25928893637226974
4374,0.42827041785375125
4375,0.74534069325736
4376,0.32656695156695154
4377,0.5118411680911681
4378,0.8985339506172839
4379,0.9997625830959165
4380,0.42746913580246915
4381,0.21735517568850904
4382,0.45248694207027534
4383,0.6356837606837606
4384,0.8122625830959164
4385,0.30519943019943024
4386,0.5162630579297246
4387,0.0024632003798670463
4388,0.36900522317188983
4389,0.29300213675213677
4390,0.8023801044634378
4391,0.37298195631528963
4392,0.8573717948717948
4393,0.44545346628679966
4394,0.6968186134852802
4395,0.26451210826210825
4396,0.7912511870845206
4397,0.010090218423551756
4398,0.9932336182336182
4399,0.41562796771130106
4400,0.8640491452991453
4401,0.5978751187084521
4402,0.5035315764482432
4403,0.1043150522317189
4404,0.2993530389363723
4405,0.456849477682811
4406,0.01792497625830959
4407,0.3897495251661918
4408,0.6291547958214626
4409,0.5066476733143399
4410,0.13010446343779677
4411,0.01952754036087369
4412,0.14132241215574548
4413,0.2683701329534663
4414,0.7778074548907882
4415,0.2537096391263058
4416,0.6090930674264007
4417,0.30297364672364674
4418,0.15518162393162394
4419,0.6294812440645774
4420,0.22029320987654322
4421,0.07386633428300095
4422,0.006024453941120608
4423,0.5117224596391262
4424,0.07131410256410256
4425,0.3548195631528965
4426,0.44106125356125353
4427,0.0641025641025641
4428,0.20325854700854698
4429,0.4711538461538461
4430,0.21257716049382713
4431,0.6563093542260209
4432,0.0038283475783475788
4433,0.446937321937322
4434,0.3400106837606837
4435,0.5203584995251663
4436,0.055644586894586893
4437,0.6719788698955366
4438,0.40654677113010446
4439,0.5232965337132004
4440,0.7818435422602089
4441,0.07897079772079772
4442,0.7053359449192783
4443,0.44299026590693263
4444,0.5519052706552706
4445,0.5161443494776828
4446,0.3100367996201329
4447,0.6736407882241217
4448,0.29653371320037986
4449,0.790420227920228
4450,0.448539886039886
4451,0.8519408831908831
4452,0.8806980056980057
4453,0.6308463912630579
4454,0.8406635802469137
4455,0.2022792022792023
4456,0.41174026590693263
4457,0.9478869895536562
4458,0.19851020892687563
4459,0.5510743114909782
4460,0.7984330484330484
4461,0.31822768281101615
4462,0.18649097815764482
4463,0.06638770180436847
4464,0.3709639126305793
4465,0.1614434947768281
4466,0.4587488129154796
4467,0.9899988129154796
4468,0.8745548433048432
4469,0.27089268755935425
4470,0.448272792022792
4471,0.10660018993352327
4472,0.5953228869895536
4473,0.5833036562203229
4474,0.637434710351377
4475,0.9706790123456791
4476,0.5797424026590693
4477,0.2780448717948718
4478,0.8215811965811967
4479,0.5107134377967711
4480,0.7615740740740741
4481,0.4275878442545109
4482,0.2185125830959164
4483,0.8967533238366571
4484,0.20414886039886038
4485,0.3014897910731244
4486,0.875474833808167
4487,0.439963200379867
4488,0.35808404558404555
4489,0.18444325735992403
4490,0.4085648148148148
4491,0.007359924026590693
4492,0.24163105413105412
4493,0.6720679012345677
4494,0.6146130104463438
4495,0.5436847103513771
4496,0.5861823361823362
4497,0.6074608262108262
4498,0.13084639126305792
4499,0.21987773029439694
4500,0.6598706077872745
4501,0.1907644824311491
4502,0.6116156220322887
4503,0.9537333808167142
4504,0.6347637701804368
4505,0.5377196106362773
4506,0.7345679012345679
4507,0.47091642924976257
4508,0.05567426400759734
4509,0.17426400759734093
4510,0.5991809116809117
4511,0.5709283000949669
4512,0.18224715099715097
4513,0.004629629629629629
4514,0.2690527065527066
4515,0.6896664292497626
4516,0.8776115859449192
4517,0.5036206077872745
4518,0.9273801044634378
4519,0.4233736942070276
4520,0.5811372269705603
4521,0.7513057929724596
4522,0.5546058879392213
4523,0.8813805792972459
4524,0.7516915954415954
4525,0.904528727445394
4526,0.31525997150997154
4527,0.20058760683760682
4528,0.009110873694207027
4529,0.9262226970560303
4530,0.7045643399810068
4531,0.22038224121557456
4532,0.0974596391263058
4533,0.6090930674264007
4534,0.7993530389363723
4535,0.2666785375118708
4536,0.6873219373219372
4537,0.32828822412155745
4538,0.3109567901234568
4539,0.7077397910731245
4540,0.6386811490978158
4541,0.13007478632478633
4542,0.2003205128205128
4543,0.945809591642925
4544,0.9373812915479581
4545,0.3249940645773979
4546,0.6146130104463438
4547,0.4209995251661918
4548,0.7792022792022792
4549,0.1826923076923077
4550,0.5034722222222222
4551,0.8724180911680911
4552,0.7705365622032287
4553,0.5876661918328585
4554,0.32796177587844255
4555,0.5256410256410257
4556,0.348735754985755
4557,0.746616809116809
4558,0.9236407882241217
4559,0.7416607312440645
4560,0.00860636277302944
4561,0.08428300094966762
4562,0.9316536087369421
4563,0.14782169990503324
4564,0.3110458214624881
4565,0.550866571699905
4566,0.4775047483380817
4567,0.685036799620133
4568,0.0454653371320038
4569,0.14719848053181386
4570,0.12161680911680912
4571,0.1932573599240266
4572,0.5293209876543209
4573,0.2583986229819563
4574,0.6966702279202278
4575,0.13618827160493827
4576,0.519082383665717
4577,0.595679012345679
4578,0.35283119658119655
4579,0.2248338081671415
4580,0.5065289648622983
4581,0.5117818138651472
4582,0.8677884615384616
4583,0.2432929724596391
4584,0.9132241215574549
4585,0.8385565052231718
4586,0.54786918328585
4587,0.6691001899335233
4588,0.3015788224121558
4589,0.24252136752136755
4590,0.33069207027540365
4591,0.07359924026590693
4592,0.23480531813865146
4593,0.12683998100664767
4594,0.9139957264957266
4595,0.27332621082621084
4596,0.46655389363722694
4597,0.93284069325736
4598,0.6006647673314339
4599,0.7523444919278254
4600,0.07042378917378918
4601,0.06324192782526115
4602,0.31152065527065526
4603,0.24893162393162394
4604,0.10093186134852801
4605,0.5030270655270656
4606,0.4128679962013295
4607,0.49483618233618226
4608,0.9385683760683761
4609,0.11099240265906933
4610,0.916815052231719
4611,0.4031635802469136
4612,0.5341286799620133
4613,0.44031932573599236
4614,0.8666607312440645
4615,0.9514185660018993
4616,0.2715752611585945
4617,0.6392450142450142
4618,0.9565230294396961
4619,0.7773326210826211
4620,0.9300213675213675
4621,0.2830306267806268
4622,0.7145358499525166
4623,0.37784900284900286
4624,0.6609983380816714
4625,0.02866809116809117
4626,0.49130460588793917
4627,0.3098587369420703
4628,0.9107312440645773
4629,0.5248100664767331
4630,0.42877492877492873
4631,0.8421474358974358
4632,0.3583214624881292
4633,0.8038936372269706
4634,0.16927825261158594
4635,0.33469848053181384
4636,0.3936965811965812
4637,0.9042022792022792
4638,0.382181861348528
4639,0.2580424976258309
4640,0.4077635327635328
4641,0.332977207977208
4642,0.9393993352326686
4643,0.9981600189933525
4644,0.9914529914529915
4645,0.04356600189933523
4646,0.7423433048433049
4647,0.4457205603038937
4648,0.2462310066476733
4649,0.7189280626780628
4650,0.09938865147198479
4651,0.7781635802469135
4652,0.12873931623931623
4653,0.6239316239316239
4654,0.39749525166191835
4655,0.17028727445394112
4656,0.7515432098765432
4657,0.90625
4658,0.19248575498575496
4659,0.770684947768281
4660,0.5234152421652422
4661,0.5622329059829059
4662,0.29493114909781576
4663,0.3938746438746439
4664,0.5258190883190883
4665,0.015165004748338083
4666,0.7058107787274454
4667,0.08170109211775878
4668,0.2922602089268756
4669,0.17565883190883191
4670,0.6320334757834757
4671,0.9861111111111112
4672,0.5259081196581197
4673,0.0779320987654321
4674,0.0584639126305793
4675,0.8888888888888888
4676,0.2462903608736942
4677,0.3236882716049383
4678,0.17269112060778724
4679,0.8951507597340931
4680,0.36289173789173784
4681,0.22551638176638175
4682,0.19925213675213674
4683,0.7014779202279202
4684,0.16841761633428298
4685,0.7605947293447294
4686,0.6910612535612536
4687,0.15025522317188986
4688,0.32300569800569795
4689,0.40987060778727447
4690,0.2953763057929724
4691,0.6079653371320038
4692,0.33538105413105407
4693,0.9599062203228871
4694,0.21248812915479584
4695,0.709579772079772
4696,0.4972993827160494
4697,0.7130519943019943
4698,0.9705009496676164
4699,0.4004926400759734
4700,0.7202932098765432
4701,0.48851495726495725
4702,0.08906101614434947
4703,0.6444088319088318
4704,0.09653964862298196
4705,0.47320156695156695
4706,0.3056445868945869
4707,0.08597459639126305
4708,0.4791666666666667
4709,0.26483855650522314
4710,0.6403133903133903
4711,0.916696343779677
4712,0.6446462488129154
4713,0.2258131528964862
4714,0.028579059829059828
4715,0.4569088319088319
4716,0.0034425451092117755
4717,0.28935185185185186
4718,0.8017865622032289
4719,0.6395714624881291
4720,0.18031813865147198
4721,0.5356422127255461
4722,0.9293684710351376
4723,0.830721747388414
4724,0.3777302943969611
4725,0.11318850902184235
4726,0.4566120607787274
4727,0.43242521367521364
4728,0.5592651946818613
4729,0.14755460588793923
4730,0.08526234567901235
4731,0.07440052231718898
4732,0.45711657169990505
4733,0.9252730294396961
4734,0.23329178537511872
4735,0.16396604938271606
4736,0.8575201804368472
4737,0.5915835707502374
4738,0.8045762108262108
4739,0.681386514719848
4740,0.9821640550807217
4741,0.14366690408357075
4742,0.894082383665717
4743,0.33650878442545107
4744,0.46397198480531815
4745,0.6366037511870846
4746,0.4389541785375119
4747,0.34315645773979114
4748,0.09805318138651471
4749,0.568138651471985
4750,0.7620785849952516
4751,0.9223646723646723
4752,0.2951982431149098
4753,0.560303893637227
4754,0.5346035137701804
4755,0.5982312440645774
4756,0.12624643874643873
4757,0.31336063627730293
4758,0.4199905033238367
4759,0.4692545109211776
4760,0.8912630579297246
4761,0.7352801519468186
4762,0.3620311016144349
4763,0.10900403608736943
4764,0.10846984805318138
4765,0.6328050807217473
4766,0.5344848053181387
4767,0.748605175688509
4768,0.8866334283000951
4769,0.69945987654321
4770,0.13443732193732194
4771,0.2553418803418803
4772,0.39357787274453937
4773,0.12396130104463436
4774,0.7284840930674265
4775,0.034039648622981956
4776,0.3763057929724596
4777,0.25513414055080724
4778,0.08956552706552706
4779,0.9568198005698005
4780,0.9750712250712251
4781,0.6471094491927826
4782,0.9709164292497626
4783,0.5468304843304843
4784,0.6450914055080722
4785,0.41610280151946827
4786,0.22904795821462487
4787,0.8160018993352326
4788,0.4983084045584046
4789,0.039648622981956316
4790,0.07573599240265906
4791,0.08303656220322887
4792,0.808048433048433
4793,0.9664055080721746
4794,0.3916785375118708
4795,0.061342592592592594
4796,0.984775641025641
4797,0.10244539411206077
4798,0.8241334283000948
4799,0.7383072174738841
4800,0.7315111585944919
4801,0.7190467711301044
4802,0.0978454415954416
4803,0.14123338081671413
4804,0.21456552706552703
4805,0.16064221272554607
4806,0.658772554605888
4807,0.9149157169990504
4808,0.41672602089268757
4809,0.2671236942070276
4810,0.250267094017094
4811,0.495607787274454
4812,0.5120192307692307
4813,0.7777777777777778
4814,0.8872566476733144
4815,0.6048492402659069
4816,0.6845619658119659
4817,0.1951270180436847
4818,0.5560007122507122
4819,0.5660612535612536
4820,0.9807989078822413
4821,0.7630876068376068
4822,0.11301044634377967
4823,0.777599715099715
4824,0.6416488603988604
4825,0.7803596866096866
4826,0.2273860398860399
4827,0.4301400759734093
4828,0.18758903133903135
4829,0.2953763057929724
4830,0.27825261158594494
4831,0.6311431623931624
4832,0.6132181861348528
4833,0.47079772079772075
4834,0.35105056980056987
4835,0.26329534662868
4836,0.2933582621082621
4837,0.3524750712250712
4838,0.19183285849952517
4839,0.08653846153846152
4840,0.914559591642925
4841,0.6344669990503323
4842,0.9573243114909782
4843,0.3476377018043684
4844,0.5177765906932573
4845,0.46590099715099714
4846,0.15396486229819564
4847,0.9324252136752137
4848,0.7884021842355176
4849,0.048551756885090225
4850,0.6642331433998101
4851,0.3375474833808167
4852,0.6883903133903134
4853,0.7635327635327634
4854,0.7281873219373219
4855,0.5833926875593543
4856,0.7495845204178537
4857,0.5166785375118709
4858,0.47100546058879394
4859,0.28041904083570746
4860,0.42467948717948717
4861,0.8148741690408356
4862,0.341286799620133
4863,0.17651946818613484
4864,0.7635030864197531
4865,0.5921474358974359
4866,0.04466405508072174
4867,0.4976258309591643
4868,0.5679902659069326
4869,0.019557217473884142
4870,0.5395892687559355
4871,0.6536384140550807
4872,0.6929605887939222
4873,0.47714862298195637
4874,0.9500830959164293
4875,0.6332205603038936
4876,0.20904558404558404
4877,0.2328169515669516
4878,0.8121438746438746
4879,0.7697649572649573
4880,0.8003917378917379
4881,0.860102089268756
4882,0.37431742640075977
4883,0.3946759259259259
4884,0.5345144824311491
4885,0.8096213200379867
4886,0.9139066951566952
4887,0.09553062678062679
4888,0.2923195631528965
4889,0.6358321462488129
4890,0.21141975308641978
4891,0.7478929249762581
4892,0.9614494301994302
4893,0.8535731244064578
4894,0.4855175688509022
4895,0.5264126305792973
4896,0.7401471984805319
4897,0.82048314339981
4898,0.4884259259259259
4899,0.8593304843304844
4900,0.08757716049382717
4901,0.8250534188034188
4902,0.5938687084520418
4903,0.296474358974359
4904,0.32330246913580246
4905,0.6130104463437797
4906,0.1112298195631529
4907,0.7517212725546059
4908,0.2174145299145299
4909,0.3500415479582146
4910,0.8958630104463438
4911,0.5556742640075973
4912,0.23815883190883191
4913,0.8356184710351378
4914,0.28567188983855646
4915,0.9302587844254511
4916,0.7061669040835707
4917,0.7401471984805319
4918,0.9427825261158594
4919,0.7667675688509021
4920,0.23566595441595442
4921,0.9112654320987654
4922,0.946670227920228
4923,0.07276828110161444
4924,0.9069028964862298
4925,0.5300925925925927
4926,0.1497803893637227
4927,0.8379332858499525
4928,0.7361111111111112
4929,0.19696699905033235
4930,0.9347697056030388
4931,0.8283475783475783
4932,0.7537689933523266
4933,0.9669990503323836
4934,0.520269468186135
4935,0.35259377967711303
4936,0.3203347578347579
4937,0.7185125830959165
4938,0.3298907882241216
4939,0.892479819563153
4940,0.18681742640075974
4941,0.09354226020892686
4942,0.6892806267806267
4943,0.07959401709401709
4944,0.23542853751187084
4945,0.45379273504273504
4946,0.5110992402659069
4947,0.38078703703703703
4948,0.5767153371320037
4949,0.8294753086419754
4950,0.678389126305793
4951,0.5129095441595442
4952,0.6239909781576448
4953,0.5633903133903134
4954,0.7587547483380818
4955,0.7243886514719847
4956,0.47112416904083565
4957,0.4959935897435897
4958,0.9590752611585945
4959,0.7425807217473883
4960,0.015461775878442547
4961,0.7922008547008548
4962,0.42761752136752135
4963,0.6241096866096866
4964,0.825528252611586
4965,0.17224596391263058
4966,0.11505816714150048
4967,0.6657466761633429
4968,0.038016381766381765
4969,0.5746082621082621
4970,0.9500534188034188
4971,0.5383428300094967
4972,0.3662155745489079
4973,0.1066892212725546
4974,0.23703110161443494
4975,0.7937737416904084
4976,0.5612832383665717
4977,0.7518993352326685
4978,0.14155982905982906
4979,0.8238960113960113
4980,0.7249525166191834
4981,0.04077635327635328
4982,0.3901650047483381
4983,0.882448955365622
4984,0.6649750712250713
4985,0.7255163817663818
4986,0.9696996676163342
4987,0.9460470085470085
4988,0.206849477682811
4989,0.003798670465337132
4990,0.06309354226020893
4991,0.7356956315289649
4992,0.09096035137701804
4993,0.3349358974358975
4994,0.5070334757834757
4995,0.15268874643874644
4996,0.9109983380816714
4997,0.15162037037037038
4998,0.6467830009496676
4999,0.7291963437796771
5000,0.20845204178537513
5001,0.12390194681861348
5002,0.37630579297245964
5003,0.7251602564102564
5004,0.6856600189933523
5005,0.4242936847103514
5006,0.30653490028490027
5007,0.7850486704653372
5008,0.9031635802469135
5009,0.32116571699905033
5010,0.025848765432098766
5011,0.7170287274453941
5012,0.2468839031339031
5013,0.4277065527065527
5014,0.5018993352326686
5015,0.7520773979107312
5016,0.8272495251661919
5017,0.7004985754985755
5018,0.9155389363722697
5019,0.9149750712250713
5020,0.15574548907882244
5021,0.597400284900285
5022,0.12681030389363723
5023,0.007122507122507123
5024,0.6464565527065528
5025,0.3637226970560304
5026,0.30330009496676164
5027,0.37304131054131057
5028,0.9905330009496677
5029,0.8306030389363723
5030,0.09701448243114909
5031,0.27748100664767333
5032,0.5279261633428299
5033,0.8848824786324786
5034,0.8474893162393161
5035,0.1636692782526116
5036,0.1479107312440646
5037,0.008101851851851851
5038,0.16233380816714152
5039,0.6451804368471036
5040,0.846005460588794
5041,0.555585232668566
5042,0.9171415004748339
5043,0.31508190883190884
5044,0.15340099715099714
5045,0.6552706552706553
5046,0.4538224121557455
5047,0.01848884140550807
5048,0.6753917378917379
5049,0.5468304843304844
5050,0.4316239316239316
5051,0.791815052231719
5052,0.15153133903133903
5053,0.5108618233618234
5054,0.47958214624881296
5055,0.17070275403608737
5056,0.8786206077872745
5057,0.17079178537511872
5058,0.9152718423551756
5059,0.4568791547958215
5060,0.5317248338081672
5061,0.29849240265906934
5062,0.1674679487179487
5063,0.1569622507122507
5064,0.2610992402659069
5065,0.6734330484330484
5066,0.72340930674264
5067,0.3726258309591643
5068,0.9232846628679962
5069,0.7321047008547009
5070,0.9251543209876543
5071,0.40274810066476735
5072,0.22973053181386516
5073,0.24721035137701805
5074,0.08579653371320038
5075,0.7171177587844255
5076,0.6801697530864197
5077,0.4188034188034188
5078,0.46711775878442546
5079,0.9255698005698005
5080,0.2222222222222222
5081,0.03430674264007597
5082,0.43666904083570746
5083,0.38111348528015193
5084,0.01834045584045584
5085,0.9074964387464387
5086,0.9942723171889839
5087,0.07463793922127256
5088,0.364761396011396
5089,0.1413817663817664
5090,0.6538461538461539
5091,0.38903727445394115
5092,0.9815111585944919
5093,0.6727504748338081
5094,0.3889779202279202
5095,0.426133665716999
5096,0.20076566951566951
5097,0.20957977207977208
5098,0.5548729819563153
5099,0.019824311490978158
5100,0.38681149097815765
5101,0.6594254510921177
5102,0.7436787749287749
5103,0.1335173314339981
5104,0.08484686609686609
5105,0.3611111111111111
5106,0.993292972459639
5107,0.9419812440645775
5108,0.7364672364672366
5109,0.8527124881291548
5110,0.15633903133903135
5111,0.9074667616334282
5112,0.848676400759734
5113,0.5882003798670465
5114,0.8723587369420702
5115,0.8381707027540362
5116,0.6790123456790124
5117,0.816090930674264
5118,0.8175154320987654
5119,0.2629688983855651
5120,0.9090990028490028
5121,0.29136989553656223
5122,0.2988485280151947
5123,0.8299798195631528
5124,0.09799382716049383
5125,0.9010861823361823
5126,0.4769112060778728
5127,0.720946106362773
5128,0.38262701804368476
5129,0.6861645299145298
5130,0.2864434947768281
5131,0.15722934472934472
5132,0.5482549857549858
5133,0.5705128205128205
5134,0.7529380341880342
5135,0.6966702279202278
5136,0.04617758784425452
5137,0.7678359449192782
5138,0.16791310541310542
5139,0.5332977207977208
5140,0.40375712250712253
5141,0.5607787274453941
5142,0.5243055555555556
5143,0.03917378917378917
5144,0.0762701804368471
5145,0.022109449192782526
5146,0.2369717473884141
5147,0.18411680911680914
5148,0.24094848053181386
5149,0.12313034188034189
5150,0.6156220322886989
5151,0.7924976258309592
5152,0.4283297720797721
5153,0.29858143399810066
5154,0.9611229819563153
5155,0.47981956315289653
5156,0.07763532763532764
5157,0.18681742640075974
5158,0.06893993352326684
5159,0.30709876543209874
5160,0.4552765906932574
5161,0.23741690408357075
5162,0.0584639126305793
5163,0.4909781576448243
5164,0.17150403608736942
5165,0.5871320037986705
5166,0.7129036087369421
5167,0.45759140550807215
5168,0.43583808167141497
5169,0.39574430199430194
5170,0.5247210351377017
5171,0.8022613960113961
5172,0.7688746438746438
5173,0.40230294396961064
5174,0.2343304843304843
5175,0.9981600189933523
5176,0.675332383665717
5177,0.9256885090218424
5178,0.8856837606837608
5179,0.9080009496676164
5180,0.19628442545109212
5181,0.49827872744539414
5182,0.5972815764482431
5183,0.018459164292497623
5184,0.5438924501424501
5185,0.24789292497625828
5186,0.003887701804368471
5187,0.3738425925925926
5188,0.9741215574548908
5189,0.2410968660968661
5190,0.4142924976258309
5191,0.6237832383665718
5192,0.4556327160493827
5193,0.6415598290598291
5194,0.6494539411206078
5195,0.6839981006647674
5196,0.3879392212725546
5197,0.18162393162393164
5198,0.22067901234567902
5199,0.09532288698955366
5200,0.036502849002849
5201,0.4707383665716998
5202,0.45127018043684713
5203,0.18097103513770177
5204,0.5812559354226021
5205,0.07929724596391263
5206,0.35250474833808165
5207,0.7403549382716049
5208,0.16197768281101613
5209,0.6947115384615384
5210,0.9400522317188984
5211,0.8601911206077872
5212,0.6395121082621082
5213,0.5492046533713201
5214,0.2324608262108262
5215,0.7584283000949669
5216,0.8346391263057931
5217,0.23210470085470084
5218,0.7288995726495727
5219,0.014304368471035138
5220,0.8984745963912631
5221,0.2196996676163343
5222,0.31558641975308643
5223,0.5806030389363723
5224,0.7478335707502376
5225,0.07772435897435898
5226,0.9331374643874644
5227,0.8020833333333334
5228,0.8245785849952517
5229,0.9798492402659069
5230,0.2893815289648623
5231,0.6728098290598291
5232,0.8863366571699904
5233,0.24655745489078826
5234,0.3325023741690409
5235,0.12069681861348529
5236,0.09149453941120607
5237,0.8676994301994302
5238,0.5381054131054132
5239,0.2142687559354226
5240,0.19981600189933524
5241,0.2564102564102564
5242,0.24100783475783474
5243,0.40280745489078823
5244,0.9709164292497626
5245,0.7182454890788224
5246,0.4639423076923077
5247,0.3447886989553656
5248,0.3493292972459639
5249,0.6103098290598291
5250,0.6279083570750238
5251,0.6453584995251662
5252,0.7105591168091167
5253,0.08128561253561253
5254,0.2349833808167142
5255,0.6190349002849004
5256,0.055971035137701804
5257,0.6252967711301044
5258,0.8273385565052233
5259,0.7795880816714149
5260,0.369480056980057
5261,0.1983915004748338
5262,0.7732965337132004
5263,0.10084283000949668
5264,0.6143459164292497
5265,0.35953822412155745
5266,0.9361942070275404
5267,0.026917141500474834
5268,0.5660612535612536
5269,0.15028490028490027
5270,0.6109924026590693
5271,0.47700023741690406
5272,0.9023029439696106
5273,0.1237238841405508
5274,0.6679131054131053
5275,0.8200676638176638
5276,0.5486111111111112
5277,0.8048433048433048
5278,0.5844313865147198
5279,0.13983855650522317
5280,0.13693019943019943
5281,0.027421652421652426
5282,0.9410315764482431
5283,0.3439280626780627
5284,0.17105887939221273
5285,0.06187678062678063
5286,0.20990622032288697
5287,0.42969491927825265
5288,0.32143281101614435
5289,0.36977682811016144
5290,0.04608855650522317
5291,0.962695868945869
5292,0.667616334283001
5293,0.5144824311490978
5294,0.8038342830009496
5295,0.15607193732193733
5296,0.4815408357075024
5297,0.05831552706552707
5298,0.6363069800569802
5299,0.01623338081671415
5300,0.1529855175688509
5301,0.6774691358024691
5302,0.7247744539411206
5303,0.5268281101614435
5304,0.47836538461538464
5305,0.3202457264957265
5306,0.45877849002848997
5307,0.8765728869895537
5308,0.4210885565052232
5309,0.41019705603038936
5310,0.18990384615384615
5311,0.8187321937321937
5312,0.5708689458689459
5313,0.27255460588793917
5314,0.7736526590693257
5315,0.5733024691358025
5316,0.4520417853751187
5317,0.4282110636277303
5318,0.08098884140550806
5319,0.7606540835707502
5320,0.413431861348528
5321,0.4050629154795821
5322,0.4507656695156695
5323,0.26115859449192785
5324,0.8433641975308642
5325,0.5782288698955366
5326,0.023504273504273504
5327,0.22664411206077872
5328,0.38345797720797714
5329,0.8963675213675214
5330,0.12790835707502377
5331,0.4854878917378918
5332,0.09351258309591642
5333,0.24412393162393164
5334,0.9106125356125356
5335,0.7284247388414055
5336,0.08834876543209876
5337,0.2932692307692308
5338,0.6842651946818613
5339,0.4396070750237417
5340,0.14654558404558404
5341,0.028608736942070275
5342,0.9221569325735993
5343,0.39556623931623935
5344,0.21664292497625834
5345,0.12408000949667615
5346,0.6097162867996201
5347,0.8931030389363723
5348,0.3230650522317189
5349,0.2827041785375119
5350,0.806386514719848
5351,0.9812440645773979
5352,0.7730887939221273
5353,0.2593482905982906
5354,0.5583452041785375
5355,0.8087606837606839
5356,0.23044278252611586
5357,0.558641975308642
5358,0.989820750237417
5359,0.09636158594491928
5360,0.34888414055080724
5361,0.8003620607787275
5362,0.47839506172839513
5363,0.11063627730294397
5364,0.05546652421652421
5365,0.935897435897436
5366,0.0170346628679962
5367,0.023890075973409308
5368,0.8397435897435898
5369,0.8005104463437798
5370,0.25540123456790126
5371,0.2523741690408357
5372,0.1323599240265907
5373,0.5800985280151947
5374,0.07493471035137701
5375,0.20649335232668564
5376,0.40853513770180433
5377,0.13603988603988604
5378,0.3152006172839506
5379,0.6090337132003799
5380,0.693613485280152
5381,0.24881291547958215
5382,0.601792497625831
5383,0.5117818138651472
5384,0.3843482905982906
5385,0.28614672364672367
5386,0.18079297245963913
5387,0.7642746913580246
5388,0.15559710351377018
5389,0.927795584045584
5390,0.7216286799620133
5391,0.1052053656220323
5392,0.06407288698955366
5393,0.9640610161443495
5394,0.36351495726495725
5395,0.8064161918328585
5396,0.4411799620132953
5397,0.6175213675213675
5398,0.5355531813865148
5399,0.62965930674264
5400,0.19310897435897437
5401,0.668625356125356
5402,0.1394230769230769
5403,0.37918447293447294
5404,0.25537155745489076
5405,0.24160137701804366
5406,0.8313449667616335
5407,0.8054071699905033
5408,0.15200617283950618
5409,0.11315883190883191
5410,0.5667438271604938
5411,0.5610161443494777
5412,0.884704415954416
5413,0.4184472934472934
5414,0.050451092117758785
5415,0.9816595441595442
5416,0.23447886989553654
5417,0.450201804368471
5418,0.3661265432098766
5419,0.6600783475783475
5420,0.3380816714150048
5421,0.36366334283000956
5422,0.41082027540360877
5423,0.2935956790123457
5424,0.9256291547958214
5425,0.9201685660018993
5426,0.21358618233618235
5427,0.13419990503323836
5428,0.04920465337132004
5429,0.017806267806267807
5430,0.7372981956315289
5431,0.3138651471984805
5432,0.7867699430199431
5433,0.5654083570750238
5434,0.9252433523266856
5435,0.739820750237417
5436,0.9568198005698005
5437,0.2472400284900285
5438,0.5713141025641025
5439,0.6739969135802469
5440,0.8662155745489079
5441,0.08472815764482432
5442,0.2720204178537512
5443,0.6890135327635328
5444,0.13437796771130106
5445,0.8225605413105413
5446,0.48341049382716045
5447,0.537304131054131
5448,0.2908653846153846
5449,0.012553418803418806
5450,0.9404083570750238
5451,0.020239791073124406
5452,0.9101673789173789
5453,0.5407763532763533
5454,0.35921177587844255
5455,0.8858321462488129
5456,0.11645299145299144
5457,0.31787155745489076
5458,0.058612298195631525
5459,0.8716464862298196
5460,0.923670465337132
5461,0.17922008547008547
5462,0.24860517568850904
5463,0.30674264007597346
5464,0.0936906457739791
5465,0.5426163342830009
5466,0.7805971035137702
5467,0.9779795821462488
5468,0.41007834757834755
5469,0.3607549857549858
5470,0.9867046533713201
5471,0.6735517568850901
5472,0.35458214624881296
5473,0.0445750237416904
5474,0.5841642924976259
5475,0.05217236467236467
5476,0.28211063627730293
5477,0.8534840930674265
5478,0.595352564102564
5479,0.8866631054131053
5480,0.39031339031339024
5481,0.44073480531813863
5482,0.15770417853751187
5483,0.6586241690408358
5484,0.7905092592592592
5485,0.5641322412155746
5486,0.2909840930674264
5487,0.677587844254511
5488,0.6345560303893637
5489,0.5638651471984805
5490,0.27240622032288697
5491,0.7959104938271605
5492,0.3866927825261159
5493,0.17370014245014243
5494,0.8011633428300096
5495,0.8027659069325735
5496,0.10707502374169041
5497,0.5604819563152896
5498,0.23955365622032287
5499,0.062321937321937325
5500,0.054754273504273504
5501,0.5591464862298196
5502,0.15633903133903135
5503,0.321937321937322
5504,0.9575023741690408
5505,0.9450676638176638
5506,0.21646486229819564
5507,0.62232905982906
5508,0.3342533238366572
5509,0.9621320037986706
5510,0.09012939221272553
5511,0.9791073124406457
5512,0.05543684710351377
5513,0.23391500474833812
5514,0.648474596391263
5515,0.06914767331433998
5516,0.3357075023741691
5517,0.4902659069325736
5518,0.5870726495726496
5519,0.22397317188983856
5520,0.199400522317189
5521,0.9838259734093068
5522,0.8096806742640076
5523,0.5909306742640076
5524,0.9284188034188033
5525,0.4692545109211776
5526,0.46937321937321935
5527,0.8223231244064578
5528,0.10220797720797721
5529,0.2232905982905983
5530,0.439429012345679
5531,0.3269527540360874
5532,0.4711538461538461
5533,0.43904320987654327
5534,0.6244064577397911
5535,0.2639482431149098
5536,0.4396070750237417
5537,0.35137701804368476
5538,0.09366096866096867
5539,0.3599240265906933
5540,0.795673076923077
5541,0.07374762583095916
5542,0.5907822886989554
5543,0.058256172839506175
5544,0.11989553656220324
5545,0.8284069325735991
5546,0.6959283000949666
5547,0.40087844254510924
5548,0.3460648148148148
5549,0.9666726020892688
5550,0.2564696106362773
5551,0.5233558879392213
5552,0.2756707027540361
5553,0.27670940170940167
5554,0.6975605413105413
5555,0.40838675213675213
5556,0.4328703703703704
5557,0.7472400284900284
5558,0.9382716049382717
5559,0.44592830009496676
5560,0.95014245014245
5561,0.7487535612535613
5562,0.05027302943969611
5563,0.4496972934472934
5564,0.15699192782526117
5565,0.9722815764482432
5566,0.6763117283950617
5567,0.21296296296296294
5568,0.2745132953466287
5569,0.3815883190883191
5570,0.9507656695156695
5571,0.21423907882241214
5572,0.013354700854700854
5573,0.34532288698955366
5574,0.8010743114909782
5575,0.66622150997151
5576,0.27377136752136755
5577,0.23142212725546063
5578,0.5774572649572649
5579,0.1673195631528965
5580,0.9761099240265908
5581,0.546474358974359
5582,0.15093779677113012
5583,0.15559710351377018
5584,0.7208570750237416
5585,0.14473528015194684
5586,0.6796355650522318
5587,0.7632063152896486
5588,0.5508962488129154
5589,0.5550510446343779
5590,0.3120251661918329
5591,0.20788817663817663
5592,0.7086004273504273
5593,0.07009734093067427
5594,0.26181149097815765
5595,0.37615740740740744
5596,0.737565289648623
5597,0.9191298670465337
5598,0.24127492877492876
5599,0.8753858024691358
5600,0.9162511870845204
5601,0.4243827160493827
5602,0.40141263057929727
5603,0.7150700379867047
5604,0.06635802469135803
5605,0.7734745963912631
5606,0.5181623931623932
5607,0.03323836657169991
5608,0.6697827635327634
5609,0.8140432098765432
5610,0.33769586894586895
5611,0.3940230294396961
5612,0.3500118708452042
5613,0.595411918328585
5614,0.5374525166191834
5615,0.010268281101614435
5616,0.3129748338081672
5617,0.8201863722697057
5618,0.9895833333333334
5619,0.5050747863247863
5620,0.3009556030389364
5621,0.5990918803418803
5622,0.18242521367521367
5623,0.035820275403608735
5624,0.4414767331433998
5625,0.7583392687559355
5626,0.5154617758784426
5627,0.9899394586894587
5628,0.352059591642925
5629,0.5471569325735991
5630,0.9398444919278252
5631,0.17159306742640076
5632,0.21916547958214624
5633,0.06902896486229819
5634,0.7024275878442544
5635,0.3365384615384615
5636,0.01688627730294397
5637,0.49979226020892686
5638,0.7944266381766382
5639,0.037126068376068376
5640,0.17996201329534664
5641,0.5373931623931624
5642,0.20340693257359924
5643,0.7993827160493826
5644,0.38488247863247865
5645,0.25890313390313385
5646,0.7847815764482432
5647,0.3355294396961064
5648,0.22127255460588793
5649,0.2901531339031339
5650,0.11894586894586893
5651,0.5224062203228871
5652,0.27676875593542255
5653,0.123070987654321
5654,0.11022079772079772
5655,0.9170821462488129
5656,0.5851139601139601
5657,0.5711063627730294
5658,0.1629867046533713
5659,0.4800866571699905
5660,0.2241809116809117
5661,0.8252314814814815
5662,0.310036799620133
5663,0.5681089743589743
5664,0.08811134852801521
5665,0.868085232668566
5666,0.42524335232668564
5667,0.8794812440645773
5668,0.9901768755935422
5669,0.6379985754985755
5670,0.8483796296296297
5671,0.3650284900284901
5672,0.20423789173789175
5673,0.6463971984805319
5674,0.812707739791073
5675,0.5842830009496677
5676,0.9861407882241217
5677,0.3788877018043684
5678,0.38681149097815765
5679,0.9512108262108262
5680,0.15797127255460588
5681,0.3200379867046534
5682,0.7105591168091169
5683,0.5676934947768281
5684,0.35514601139601143
5685,0.45503917378917375
5686,0.4041726020892688
5687,0.5493530389363722
5688,0.25866571699905033
5689,0.24925807217473883
5690,0.18384971509971512
5691,0.11956908831908832
5692,0.20008309591642925
5693,0.6253264482431149
5694,0.3655033238366572
5695,0.6719788698955366
5696,0.6699905033238367
5697,0.6199252136752137
5698,0.33502492877492873
5699,0.6788342830009496
5700,0.3788283475783476
5701,0.9419812440645773
5702,0.4385980531813865
5703,0.6303715574548908
5704,0.8305436847103514
5705,0.7661740265906932
5706,0.44738247863247865
5707,0.21557454890788222
5708,0.48934591642924974
5709,0.845946106362773
5710,0.91289767331434
5711,0.40746676163342826
5712,0.017746913580246913
5713,0.17004985754985755
5714,0.6206077872744539
5715,0.2375949667616334
5716,0.024394586894586897
5717,0.8708452041785376
5718,0.873605175688509
5719,0.013325023741690409
5720,0.6933167141500475
5721,0.03044871794871795
5722,0.980917616334283
5723,0.716494539411206
5724,0.19948955365622031
5725,0.35731244064577394
5726,0.6693672839506174
5727,0.9168150522317188
5728,0.8135090218423552
5729,0.08063271604938271
5730,0.643014007597341
5731,0.9339981006647674
5732,0.18085232668566
5733,0.6072234093067427
5734,0.9836775878442544
5735,0.19257478632478633
5736,0.011603751187084522
5737,0.8742580721747388
5738,0.8346688034188033
5739,0.10330603038936371
5740,0.5790004748338081
5741,0.3514957264957265
5742,0.4765847578347579
5743,0.8560956790123457
5744,0.6364850427350427
5745,0.05635683760683761
5746,0.24605294396961064
5747,0.4324845679012346
5748,0.3827457264957265
5749,0.656457739791073
5750,0.9398741690408356
5751,0.04700854700854701
5752,0.4805911680911681
5753,0.22011514719848055
5754,0.08276946818613484
5755,0.28727445394112056
5756,0.06609093067426401
5757,0.5797720797720797
5758,0.8568079297245964
5759,0.5963022317188984
5760,0.17221628679962012
5761,0.048522079772079764
5762,0.6764007597340931
5763,0.8996320037986706
5764,0.004481244064577398
5765,0.7695275403608738
5766,0.9695809591642925
5767,0.29427825261158597
5768,0.8295346628679963
5769,0.040212488129154796
5770,0.4251246438746439
5771,0.990889126305793
5772,0.5607490503323836
5773,0.7533238366571701
5774,0.9129867046533713
5775,0.5070928300094967
5776,0.8226198955365622
5777,0.017984330484330485
5778,0.2539173789173789
5779,0.15779320987654322
5780,0.2743055555555556
5781,0.6733143399810068
5782,0.4032526115859449
5783,0.7012701804368472
5784,0.905448717948718
5785,0.7849299620132953
5786,0.01103988603988604
5787,0.3971094491927825
5788,0.9509437321937323
5789,0.2896486229819563
5790,0.9519824311490979
5791,0.9949845679012345
5792,0.31238129154795824
5793,0.5983499525166192
5794,0.4954594017094018
5795,0.4564043209876543
5796,0.4791369895536562
5797,0.8704000474833808
5798,0.9749228395061728
5799,0.22053062678062677
5800,0.700468898385565
5801,0.60838081671415
5802,0.896545584045584
5803,0.7200261158594493
5804,0.3685897435897436
5805,0.43123812915479576
5806,0.8530686134852802
5807,0.195809591642925
5808,0.9956671415004749
5809,0.13669278252611586
5810,0.32493471035137705
5811,0.8873160018993352
5812,0.959639126305793
5813,0.9553062678062679
5814,0.9144705603038936
5815,0.8917972459639127
5816,0.8767806267806267
5817,0.8668684710351378
5818,0.24878323836657168
5819,0.9781576448243116
5820,0.6305496201329535
5821,0.1970857075023742
5822,0.9938271604938271
5823,0.10651115859449194
5824,0.8240443969610637
5825,0.30309235517568855
5826,0.17978395061728394
5827,0.159840930674264
5828,0.8880876068376069
5829,0.6136336657169991
5830,0.4048848528015195
5831,0.44658119658119655
5832,0.709579772079772
5833,0.574994064577398
5834,0.38969017094017094
5835,0.7503264482431149
5836,0.4895833333333333
5837,0.7314814814814815
5838,0.17999169040835708
5839,0.03386158594491928
5840,0.07077991452991454
5841,0.875207739791073
5842,0.43545227920227925
5843,0.553448480531814
5844,0.5311312915479581
5845,0.723676400759734
5846,0.8603988603988605
5847,0.5355828584995251
5848,0.472608024691358
5849,0.4187737416904083
5850,0.9611229819563153
5851,0.882448955365622
5852,0.8238069800569799
5853,0.453525641025641
5854,0.8162986704653372
5855,0.0880519943019943
5856,0.5005638651471984
5857,0.38046058879392214
5858,0.7370904558404558
5859,0.24940645773979106
5860,0.9017984330484331
5861,0.17156339031339032
5862,0.7540064102564102
5863,0.5054605887939222
5864,0.5792972459639126
5865,0.5377492877492878
5866,0.3728929249762583
5867,0.4319800569800569
5868,0.34627255460588796
5869,0.38330959164292494
5870,0.021456552706552705
5871,0.4852801519468186
5872,0.07327279202279202
5873,0.4640906932573599
5874,0.9708867521367521
5875,0.9952219848053181
5876,0.3560956790123457
5877,0.9101970560303894
5878,0.5213971984805318
5879,0.28525641025641024
5880,0.6260386989553656
5881,0.5629154795821463
5882,0.17838912630579298
5883,0.5736289173789174
5884,0.7846628679962012
5885,0.10339506172839506
5886,0.7162571225071225
5887,0.8649691358024691
5888,0.7343304843304844
5889,0.8892450142450142
5890,0.0738960113960114
5891,0.27578941120607786
5892,0.7159009971509972
5893,0.31092711301044634
5894,0.30036206077872746
5895,0.45854107312440645
5896,0.13879985754985755
5897,0.35102089268755937
5898,0.7627018043684709
5899,0.5104166666666666
5900,0.4458392687559354
5901,0.7591108736942069
5902,0.761900522317189
5903,0.8781457739791073
5904,0.9430792972459638
5905,0.6917735042735043
5906,0.28000356125356124
5907,0.9608558879392213
5908,0.2531160968660969
5909,0.39316239316239315
5910,0.5518162393162394
5911,0.4905330009496676
5912,0.9064280626780628
5913,0.05620845204178537
5914,0.4184769705603039
5915,0.5554368471035137
5916,0.046415004748338075
5917,0.12218067426400758
5918,0.8893933998100664
5919,0.3933701329534663
5920,0.962695868945869
5921,0.35167378917378916
5922,0.37399097815764476
5923,0.4090396486229819
5924,0.6342295821462488
5925,0.40197649572649574
5926,0.939755460588794
5927,0.5605709876543209
5928,0.3892746913580247
5929,0.08689458689458689
5930,0.44672958214624875
5931,0.8535137701804368
5932,0.3022020417853751
5933,0.8638414055080722
5934,0.7188687084520419
5935,0.5748753561253562
5936,0.0697412155745489
5937,0.42286918328584994
5938,0.6509674738841406
5939,0.05300332383665717
5940,0.9050035612535613
5941,0.3705187559354226
5942,0.4542972459639126
5943,0.46020299145299143
5944,0.6984508547008547
5945,0.9558107787274454
5946,0.3465396486229819
5947,0.3812618708452042
5948,0.4451566951566952
5949,0.762968898385565
5950,0.09722222222222221
5951,0.6857787274453941
5952,0.455246913580247
5953,0.6943850902184235
5954,0.7096094491927825
5955,0.23836657169990502
5956,0.8548195631528964
5957,0.7927053656220323
5958,0.7935066476733144
5959,0.5909009971509972
5960,0.3548195631528965
5961,0.03377255460588794
5962,0.6078763057929725
5963,0.07077991452991453
5964,0.8274869420702754
5965,0.5229700854700855
5966,0.2531160968660969
5967,0.06273741690408358
5968,0.34817188983855657
5969,0.7553715574548908
5970,0.8802825261158596
5971,0.3161799620132953
5972,0.8648801044634378
5973,0.48756528964862306
5974,0.8090871320037986
5975,0.7382181861348528
5976,0.06309354226020893
5977,0.636900522317189
5978,0.5959164292497626
5979,0.867491690408357
5980,0.6124465811965812
5981,0.6436075498575499
5982,0.3183463912630579
5983,0.1711182336182336
5984,0.8616156220322887
5985,0.298403371320038
5986,0.5161146723646725
5987,0.1918625356125356
5988,0.7777481006647674
5989,0.8268340455840456
5990,0.1910315764482431
5991,0.9594907407407408
5992,0.38770180436847107
5993,0.7039707977207977
5994,0.18812321937321938
5995,0.3369836182336183
5996,0.29941239316239315
5997,0.8644052706552706
5998,0.7937143874643876
5999,0.8094729344729344
6000,0.21317070275403607
6001,0.755846391263058
6002,0.7565883190883191
6003,0.6690408357075025
6004,0.36927231718898385
6005,0.05347815764482431
6006,0.7629392212725546
6007,0.9159840930674265
6008,0.7433226495726496
6009,0.8848824786324786
6010,0.224269943019943
6011,0.8958926875593543
6012,0.49100783475783477
6013,0.5642509496676164
6014,0.18224715099715097
6015,0.35903371320037986
6016,0.3660375118708452
6017,0.24729938271604937
6018,0.9891678537511871
6019,0.20587013295346632
6020,0.9342058404558404
6021,0.6681208452041784
6022,0.9216227445394112
6023,0.8312559354226021
6024,0.19824311490978155
6025,0.47334995251661915
6026,0.35345441595441596
6027,0.6429546533713201
6028,0.4034603513770181
6029,0.7651056505223172
6030,0.26926044634377966
6031,0.22400284900284897
6032,0.378590930674264
6033,0.1814161918328585
6034,0.6404024216524217
6035,0.5546949192782527
6036,0.889423076923077
6037,0.739227207977208
6038,0.8369836182336182
6039,0.08591524216524216
6040,0.37571225071225073
6041,0.9067545109211776
6042,0.9192485754985755
6043,0.8163283475783475
6044,0.886366334283001
6045,0.8380223171889839
6046,0.1153252611585945
6047,0.45857075023741695
6048,0.6095975783475783
6049,0.7235576923076924
6050,0.16037511870845203
6051,0.5771604938271605
6052,0.4068138651471985
6053,0.01014957264957265
6054,0.18637226970560303
6055,0.3884437321937322
6056,0.5555258784425451
6057,0.16912986704653368
6058,0.5587013295346629
6059,0.8088200379867047
6060,0.15378679962013295
6061,0.6574074074074074
6062,0.3625059354226021
6063,0.8795702754036087
6064,0.07629985754985755
6065,0.23068019943019943
6066,0.5380460588793922
6067,0.1347934472934473
6068,0.7402659069325735
6069,0.024661680911680913
6070,0.2645417853751187
6071,0.16408475783475782
6072,0.9931742640075973
6073,0.16141381766381765
6074,0.5704534662867996
6075,0.40147198480531815
6076,0.5255816714150048
6077,0.4286858974358975
6078,0.6602860873694207
6079,0.2871854226020893
6080,0.7940111585944919
6081,0.09639126305792972
6082,0.7722875118708452
6083,0.12333808167141501
6084,0.9528430674264009
6085,0.5635980531813866
6086,0.2846331908831909
6087,0.2975724121557455
6088,0.5792675688509022
6089,0.37936253561253563
6090,0.22545702754036087
6091,0.2947530864197531
6092,0.9155982905982906
6093,0.6470204178537512
6094,0.24157169990503324
6095,0.6966999050332383
6096,0.9029558404558404
6097,0.3564221272554606
6098,0.012375356125356125
6099,0.8668387939221273
6100,0.9494301994301994
6101,0.8031220322886989
6102,0.4482431149097816
6103,0.6143459164292497
6104,0.40586419753086417
6105,0.10600664767331434
6106,0.21358618233618235
6107,0.7680436847103514
6108,0.9216227445394113
6109,0.025611348528015193
6110,0.6280864197530864
6111,0.9032526115859448
6112,0.14387464387464388
6113,0.056000712250712244
6114,0.2792913105413105
6115,0.9044693732193733
6116,0.7708333333333334
6117,0.04276471984805318
6118,0.3710826210826211
6119,0.7619895536562203
6120,0.6796355650522318
6121,0.10642212725546059
6122,0.308909069325736
6123,0.8305733618233618
6124,0.4522495251661918
6125,0.7488425925925926
6126,0.03175451092117759
6127,0.8593898385565052
6128,0.06712962962962964
6129,0.8323836657169991
6130,0.27929131054131057
6131,0.3109864672364672
6132,0.8900759734093068
6133,0.4682454890788224
6134,0.7197590218423552
6135,0.33499525166191835
6136,0.8151709401709403
6137,0.4889897910731244
6138,0.12066714150047482
6139,0.5319919278252612
6140,0.2983440170940171
6141,0.9923729819563153
6142,0.8548789173789174
6143,0.8265966286799621
6144,0.23596272554605888
6145,0.9180911680911681
6146,0.7381885090218424
6147,0.2674501424501425
6148,0.7723765432098766
6149,0.5924442070275404
6150,0.18022910731244066
6151,0.3070690883190883
6152,0.30511039886039887
6153,0.20910493827160492
6154,0.8073658594491929
6155,0.14437915479582145
6156,0.6572886989553656
6157,0.3535137701804369
6158,0.5623812915479581
6159,0.263829534662868
6160,0.774068138651472
6161,0.7212725546058879
6162,0.8891263057929725
6163,0.8038936372269706
6164,0.22679249762583095
6165,0.6197768281101615
6166,0.913966049382716
6167,0.9721035137701804
6168,0.7943969610636277
6169,0.6846806742640076
6170,0.7942485754985755
6171,0.5475724121557455
6172,0.8009556030389363
6173,0.4809472934472934
6174,0.6836122981956315
6175,0.7794693732193733
6176,0.13853276353276353
6177,0.42426400759734095
6178,0.8450557929724596
6179,0.4466999050332383
6180,0.7564102564102564
6181,0.8982965337132004
6182,0.5340099715099714
6183,0.20928300094966765
6184,0.5189043209876543
6185,0.7490503323836656
6186,0.6587725546058879
6187,0.03795702754036088
6188,0.3226198955365622
6189,0.529588081671415
6190,0.5035018993352326
6191,0.9916310541310541
6192,0.5977267331433999
6193,0.27341524216524216
6194,0.9488366571699905
6195,0.13161799620132952
6196,0.9303478157644823
6197,0.9462844254510921
6198,0.8166547958214624
6199,0.28576092117758783
6200,0.9174085944919278
6201,0.10974596391263058
6202,0.14206433998100665
6203,0.18539292497625828
6204,0.5091702279202279
6205,0.19809472934472935
6206,0.23005698005698005
6207,0.24626068376068377
6208,0.9570572174738841
6209,0.6052053656220323
6210,0.6923967236467238
6211,0.8649988129154796
6212,0.1409366096866097
6213,0.10769824311490979
6214,0.7061372269705603
6215,0.32259021842355173
6216,0.23308404558404558
6217,0.2861764007597341
6218,0.556653608736942
6219,0.5437143874643874
6220,0.3533653846153846
6221,0.7802409781576447
6222,0.15390550807217473
6223,0.11933167141500474
6224,0.09107905982905982
6225,0.029380341880341877
6226,0.0507181861348528
6227,0.20349596391263058
6228,0.24810066476733142
6229,0.8998100664767331
6230,0.009674738841405508
6231,0.41227445394112056
6232,0.41372863247863245
6233,0.2591405508072175
6234,0.9864078822412156
6235,0.7049204653371319
6236,0.5062618708452041
6237,0.6217948717948718
6238,0.39191595441595445
6239,0.7724952516619185
6240,0.17049501424501426
6241,0.6883309591642925
6242,0.12283357075023742
6243,0.12600902184235518
6244,0.007003798670465338
6245,0.016500474833808166
6246,0.9258072174738841
6247,0.3378145773979107
6248,0.08615265906932573
6249,0.6033060303893637
6250,0.6564874169040836
6251,0.42880460588793917
6252,0.8403964862298196
6253,0.7783119658119659
6254,0.8517034662867996
6255,0.8762167616334283
6256,0.9778015194681862
6257,0.6888651471984805
6258,0.981985992402659
6259,0.13155864197530864
6260,0.04861111111111111
6261,0.37007359924026595
6262,0.4439696106362773
6263,0.6210232668566001
6264,0.7128739316239315
6265,0.37600902184235513
6266,0.9219491927825261
6267,0.35476020892687554
6268,0.3665123456790123
6269,0.09817188983855651
6270,0.3974655745489079
6271,0.2191358024691358
6272,0.5240087844254511
6273,0.2621082621082621
6274,0.5257894112060778
6275,0.060719373219373214
6276,0.9550094966761633
6277,0.35167378917378916
6278,0.4341168091168091
6279,0.966494539411206
6280,0.5030864197530865
6281,0.022346866096866095
6282,0.5139482431149098
6283,0.6241393637226971
6284,0.7494361348528016
6285,0.6712666191832858
6286,0.20587013295346626
6287,0.24151234567901234
6288,0.9607668566001899
6289,0.7727920227920227
6290,0.3357075023741691
6291,0.4192188983855651
6292,0.25412511870845206
6293,0.49453941120607786
6294,0.8054962013295346
6295,0.3969313865147199
6296,0.7830603038936372
6297,0.17512464387464388
6298,0.5656457739791074
6299,0.9396070750237416
6300,0.8219373219373219
6301,0.15135327635327636
6302,0.18456196581196582
6303,0.16740859449192783
6304,0.725664767331434
6305,0.8472222222222223
6306,0.7893221747388415
6307,0.6955721747388415
6308,0.7224893162393163
6309,0.2180377492877493
6310,0.7740384615384617
6311,0.7579237891737892
6312,0.9086241690408358
6313,0.9869420702754036
6314,0.26552113010446343
6315,0.6983618233618234
6316,0.6666666666666666
6317,0.2451329534662868
6318,0.6331315289648622
6319,0.501394824311491
6320,0.49557811016144354
6321,0.03166547958214625
6322,0.9969729344729344
6323,0.016352089268755934
6324,0.5840159069325735
6325,0.028104226020892686
6326,0.07727920227920228
6327,0.6149097815764483
6328,0.09633190883190883
6329,0.293951804368471
6330,0.7780151946818613
6331,0.1517094017094017
6332,0.9879510921177589
6333,0.8661562203228869
6334,0.07149216524216524
6335,0.9713319088319089
6336,0.6345857075023741
6337,0.7513057929724596
6338,0.5452575973409307
6339,0.6058582621082621
6340,0.06318257359924026
6341,0.2022792022792023
6342,0.7845738366571701
6343,0.21118233618233617
6344,0.45503917378917375
6345,0.16915954415954415
6346,0.48726851851851843
6347,0.2976614434947768
6348,0.410108024691358
6349,0.8729819563152897
6350,0.8187915479582145
6351,0.6514423076923078
6352,0.7036740265906932
6353,0.3587072649572649
6354,0.170079534662868
6355,0.48056149097815765
6356,0.5266797245963913
6357,0.5550807217473884
6358,0.037689933523266855
6359,0.6028905508072175
6360,0.5336538461538461
6361,0.5852623456790124
6362,0.1848587369420703
6363,0.939696106362773
6364,0.1123872269705603
6365,0.26264245014245013
6366,0.034840930674264005
6367,0.35378086419753085
6368,0.592355175688509
6369,0.8784128679962014
6370,0.6780923551756884
6371,0.28709639126305797
6372,0.054131054131054124
6373,0.6502849002849003
6374,0.38132122507122507
6375,0.6525700379867047
6376,0.7144171415004749
6377,0.5128205128205129
6378,0.15325261158594491
6379,0.18479938271604937
6380,0.06689221272554606
6381,0.6263057929724597
6382,0.27834164292497626
6383,0.25442188983855646
6384,0.33271011396011396
6385,0.9840930674264007
6386,0.5085470085470085
6387,0.17224596391263058
6388,0.8021130104463438
6389,0.7599418328584995
6390,0.7794693732193733
6391,0.843957739791073
6392,0.28216999050332386
6393,0.14829653371320037
6394,0.1370489078822412
6395,0.8079594017094016
6396,0.6043744064577398
6397,0.9433167141500475
6398,0.8736348528015195
6399,0.8883547008547009
6400,0.8087606837606837
6401,0.9703822412155745
6402,0.8635743114909782
6403,0.007359924026590694
6404,0.03130935422602089
6405,0.7125474833808166
6406,0.9129273504273504
6407,0.8668981481481483
6408,0.6913283475783475
6409,0.7562915479582147
6410,0.16999050332383667
6411,0.6200439221272555
6412,0.6382063152896487
6413,0.8783238366571701
6414,0.02685778727445394
6415,0.9406160968660968
6416,0.5013057929724596
6417,0.6991037511870846
6418,0.3193554131054131
6419,0.3917082146248813
6420,0.6433998100664767
6421,0.4730531813865147
6422,0.32517212725546063
6423,0.44112060778727447
6424,0.8690645773979108
6425,0.7389304368471036
6426,0.5923848528015194
6427,0.5672483380816714
6428,0.5262939221272555
6429,0.9416547958214624
6430,0.9609152421652422
6431,0.3109864672364672
6432,0.4750415479582146
6433,0.011455365622032289
6434,0.4190408357075024
6435,0.36410849952516616
6436,0.46975902184235513
6437,0.9673254985754985
6438,0.42221628679962014
6439,0.34719254510921177
6440,0.21613841405508075
6441,0.26949786324786323
6442,0.16634021842355176
6443,0.11915360873694207
6444,0.8736645299145299
6445,0.8545524691358025
6446,0.5366215574548908
6447,0.2276234567901235
6448,0.11259496676163343
6449,0.7529973884140552
6450,0.24560778727445395
6451,0.7531457739791073
6452,0.3653846153846154
6453,0.13627730294396964
6454,0.6185600664767331
6455,0.47367640075973405
6456,0.8620904558404558
6457,0.319681861348528
6458,0.7403252611585945
6459,0.11891619183285851
6460,0.21569325735992403
6461,0.3946462488129155
6462,0.21367521367521367
6463,0.03457383665716999
6464,0.8998397435897436
6465,0.6977682811016145
6466,0.44928181386514715
6467,0.6333689458689459
6468,0.2757597340930674
6469,0.9265491452991453
6470,0.8570453466286799
6471,0.6600486704653371
6472,0.2355472459639126
6473,0.4038164767331434
6474,0.6439933523266856
6475,0.46385327635327633
6476,0.5836301044634378
6477,0.056801994301994306
6478,0.502730294396961
6479,0.7758487654320988
6480,0.1273148148148148
6481,0.2022792022792023
6482,0.7587844254510921
6483,0.38369539411206083
6484,0.31439933523266855
6485,0.5474240265906932
6486,0.6646189458689459
6487,0.19233736942070276
6488,0.30068850902184235
6489,0.1502255460588794
6490,0.7041488603988605
6491,0.4797305318138651
6492,0.9490740740740741
6493,0.22679249762583095
6494,0.4557811016144349
6495,0.5513117283950617
6496,0.3487060778727445
6497,0.9059532288698956
6498,0.7631469610636278
6499,0.6082027540360874
6500,0.9918387939221273
6501,0.9866452991452991
6502,0.07689339981006649
6503,0.9079415954415954
6504,0.1086182336182336
6505,0.8647317188983856
6506,0.9978929249762584
6507,0.5338615859449193
6508,0.45340693257359926
6509,0.40987060778727447
6510,0.5410137701804368
6511,0.9747744539411206
6512,0.30238010446343777
6513,0.941150284900285
6514,0.1262167616334283
6515,0.34149453941120606
6516,0.03932217473884141
6517,0.28982668566001896
6518,0.4307632953466287
6519,0.42628205128205127
6520,0.8462725546058879
6521,0.49614197530864196
6522,0.006914767331433998
6523,0.6845026115859448
6524,0.40957383665717
6525,0.585232668566002
6526,0.4758725071225071
6527,0.0698005698005698
6528,0.08051400759734094
6529,0.1836716524216524
6530,0.069414767331434
6531,0.9090396486229819
6532,0.6193019943019943
6533,0.6875593542260209
6534,0.7838615859449193
6535,0.4752196106362773
6536,0.7876899335232669
6537,0.23151115859449198
6538,0.0649335232668566
6539,0.5156695156695157
6540,0.2906576448243115
6541,0.8922424026590693
6542,0.12069681861348529
6543,0.22524928774928776
6544,0.17868589743589744
6545,0.407110636277303
6546,0.463764245014245
6547,0.8283772554605888
6548,0.5082502374169041
6549,0.9575914055080722
6550,0.3755341880341881
6551,0.5227029914529915
6552,0.7490800094966762
6553,0.386900522317189
6554,0.37250712250712253
6555,0.726258309591643
6556,0.9753383190883191
6557,0.6894290123456791
6558,0.9357787274453941
6559,0.7560244539411206
6560,0.8092651946818613
6561,0.5775166191832858
6562,0.7235576923076924
6563,0.9440586419753085
6564,0.14862298195631532
6565,0.6794278252611585
6566,0.9135208926875592
6567,0.5216939696106363
6568,0.5811372269705603
6569,0.7095500949667617
6570,0.3947352801519468
6571,0.26501661918328584
6572,0.3378739316239316
6573,0.9460173314339982
6574,0.40746676163342826
6575,0.7471806742640076
6576,0.49195750237416896
6577,0.40773385565052234
6578,0.49364909781576444
6579,0.5863900759734092
6580,0.046385327635327635
6581,0.03154677113010446
6582,0.4813627730294397
6583,0.5017806267806268
6584,0.7801519468186134
6585,0.47670346628679955
6586,0.7175925925925926
6587,0.8589446818613485
6588,0.07520180436847103
6589,0.44399928774928776
6590,0.1696343779677113
6591,0.26020892687559355
6592,0.3490622032288699
6593,0.42248338081671416
6594,0.5816417378917379
6595,0.7196996676163344
6596,0.32463793922127254
6597,0.14610042735042736
6598,0.6385921177587844
6599,0.8727742165242165
6600,0.6190942545109211
6601,0.7732371794871794
6602,0.21679131054131054
6603,0.7138829534662868
6604,0.09395773979107312
6605,0.27967711301044634
6606,0.7755223171889839
6607,0.13936372269705602
6608,0.8192663817663818
6609,0.11894586894586895
6610,0.30074786324786323
6611,0.29677113010446343
6612,0.898801044634378
6613,0.19177350427350426
6614,0.6333689458689458
6615,0.4597281576448243
6616,0.16550925925925927
6617,0.1725130579297246
6618,0.8942010921177589
6619,0.3690942545109212
6620,0.6558938746438747
6621,0.9886930199430198
6622,0.880519943019943
6623,0.034188034188034185
6624,0.32701210826210825
6625,0.4684235517568851
6626,0.4956077872744539
6627,0.24011752136752137
6628,0.09395773979107312
6629,0.2110636277302944
6630,0.5633903133903134
6631,0.24142331433998102
6632,0.24795227920227922
6633,0.5311312915479581
6634,0.15666547958214624
6635,0.5814339981006648
6636,0.18254392212725545
6637,0.34929962013295346
6638,0.3461241690408357
6639,0.9159247388414055
6640,0.16835826210826213
6641,0.36090337132003797
6642,0.9234924026590693
6643,0.5130282526115859
6644,0.560838081671415
6645,0.6269883665716999
6646,0.8481422127255461
6647,0.5600071225071225
6648,0.8484983380816714
6649,0.8418209876543209
6650,0.5890610161443495
6651,0.8828941120607787
6652,0.6805258784425452
6653,0.5806623931623931
6654,0.5264719848053181
6655,0.471213200379867
6656,0.01771723646723647
6657,0.7754629629629629
6658,0.2788461538461539
6659,0.9362535612535612
6660,0.3269824311490978
6661,0.5499465811965812
6662,0.9548017568850903
6663,0.24522198480531818
6664,0.30727682811016144
6665,0.8555911680911681
6666,0.40268874643874647
6667,0.66622150997151
6668,0.28347578347578345
6669,0.576923076923077
6670,0.48973171889838557
6671,0.9103454415954415
6672,0.2648088793922127
6673,0.039886039886039885
6674,0.4153905508072175
6675,0.7222815764482431
6676,0.6219432573599241
6677,0.26154439696106363
6678,0.607579534662868
6679,0.4915123456790124
6680,0.616423314339981
6681,0.6778549382716049
6682,0.21156813865147198
6683,0.5173907882241217
6684,0.47222222222222227
6685,0.9387167616334283
6686,0.7593482905982906
6687,0.01599596391263058
6688,0.02436490978157645
6689,0.8528905508072175
6690,0.9445928300094967
6691,0.9885743114909782
6692,0.06425094966761634
6693,0.6588319088319089
6694,0.3018755935422602
6695,0.8947946343779677
6696,0.44735280151946816
6697,0.3679665242165242
6698,0.9561965811965812
6699,0.7819028964862298
6700,0.6614434947768282
6701,0.1128917378917379
6702,0.8643162393162394
6703,0.8561550332383666
6704,0.5311312915479581
6705,0.9490147198480532
6706,0.18747032288698953
6707,0.3360636277302944
6708,0.276264245014245
6709,0.5492936847103514
6710,0.4366987179487179
6711,0.34354226020892686
6712,0.027718423551756882
6713,0.697204415954416
6714,0.9143815289648622
6715,0.2098765432098765
6716,0.3295049857549857
6717,0.8147851377018043
6718,0.9136396011396011
6719,0.4577397910731244
6720,0.014363722697056028
6721,0.0021070750237416904
6722,0.7509496676163344
6723,0.32929724596391263
6724,0.05098528015194682
6725,0.9978632478632479
6726,0.84375
6727,0.8610517568850901
6728,0.2308285849952517
6729,0.9024216524216523
6730,0.6397198480531814
6731,0.5647257834757835
6732,0.5024335232668565
6733,0.9623397435897436
6734,0.17414529914529916
6735,0.9788995726495727
6736,0.6373160018993352
6737,0.9860814339981007
6738,0.9553952991452991
6739,0.010950854700854702
6740,0.08704297245963911
6741,0.05140075973409306
6742,0.4628739316239316
6743,0.3850011870845204
6744,0.22655508072174735
6745,0.026976495726495728
6746,0.764155982905983
6747,0.7348053181386515
6748,0.8401887464387464
6749,0.48946462488129155
6750,0.943019943019943
6751,0.6415598290598291
6752,0.16004867046533713
6753,0.6323302469135803
6754,0.10197056030389363
6755,0.5924442070275404
6756,0.8998694207027541
6757,0.4664945394112061
6758,0.7665301519468186
6759,0.2215099715099715
6760,0.41933760683760685
6761,0.2153074548907882
6762,0.8706077872744541
6763,0.0231184710351377
6764,0.30745489078822413
6765,0.5551994301994303
6766,0.8544040835707502
6767,0.9497269705603039
6768,0.8618827160493826
6769,0.23480531813865146
6770,0.16699311490978155
6771,0.25798314339981004
6772,0.9146189458689458
6773,0.21895773979107314
6774,0.07805080721747389
6775,0.2869183285849953
6776,0.49676519468186137
6777,0.38553537511870845
6778,0.2548967236467236
6779,0.5830662393162392
6780,0.7996794871794872
6781,0.12672127255460588
6782,0.4169634377967711
6783,0.5103869895536562
6784,0.03798670465337132
6785,0.7721688034188033
6786,0.7757300569800569
6787,0.8096213200379867
6788,0.8156754510921177
6789,0.4697886989553656
6790,0.1599596391263058
6791,0.7505341880341879
6792,0.9141737891737892
6793,0.4560778727445394
6794,0.6370192307692307
6795,0.8854760208926876
6796,0.7448658594491929
6797,0.43278133903133903
6798,0.6799323361823362
6799,0.2292260208926876
6800,0.7824370845204179
6801,0.7647198480531814
6802,0.65159069325736
6803,0.46337844254510924
6804,0.6786562203228869
6805,0.048670465337132006
6806,0.7770655270655271
6807,0.04938271604938271
6808,0.30902777777777773
6809,0.5161146723646723
6810,0.7748100664767331
6811,0.23548789173789172
6812,0.18613485280151945
6813,0.8376958689458688
6814,0.24177943969610638
6815,0.59107905982906
6816,0.28552350427350426
6817,0.1549145299145299
6818,0.9561372269705603
6819,0.1262761158594492
6820,0.34719254510921177
6821,0.8803715574548908
6822,0.12075617283950617
6823,0.5727979582146249
6824,0.1971153846153846
6825,0.24587488129154797
6826,0.41871438746438744
6827,0.03457383665716999
6828,0.9069325735992403
6829,0.01323599240265907
6830,0.967028727445394
6831,0.32716049382716045
6832,0.128590930674264
6833,0.377730294396961
6834,0.16550925925925927
6835,0.7595857075023741
6836,0.7354878917378916
6837,0.9944503798670464
6838,0.5977860873694207
6839,0.4916013770180437
6840,0.8229463437796771
6841,0.3117283950617284
6842,0.8309294871794872
6843,0.008042497625830959
6844,0.41461894586894593
6845,0.9702338556505223
6846,0.5681683285849953
6847,0.10443376068376069
6848,0.7830899810066477
6849,0.21254748338081672
6850,0.1625712250712251
6851,0.7506825735992403
6852,0.4570275403608737
6853,0.7638592117758783
6854,0.38808760683760685
6855,0.3034781576448243
6856,0.47311253561253563
6857,0.8166251187084521
6858,0.9450973409306743
6859,0.8740800094966762
6860,0.8301282051282052
6861,0.19355413105413102
6862,0.450201804368471
6863,0.2726139601139601
6864,0.4895833333333333
6865,0.015995963912630577
6866,0.5917913105413105
6867,0.6996379392212725
6868,0.7758190883190883
6869,0.5494717473884141
6870,0.8111942070275404
6871,0.8696284425451092
6872,0.11805555555555557
6873,0.49807098765432095
6874,0.40972222222222215
6875,0.5181920702754036
6876,0.9195453466286799
6877,0.7888473409306743
6878,0.11108143399810066
6879,0.23136277302943972
6880,0.31796058879392214
6881,0.6645002374169041
6882,0.8452041785375118
6883,0.717028727445394
6884,0.5357312440645773
6885,0.34900284900284895
6886,0.9701745014245015
6887,0.8007181861348528
6888,0.7697056030389365
6889,0.43951804368471037
6890,0.9219788698955366
6891,0.37600902184235513
6892,0.06902896486229819
6893,0.33929843304843305
6894,0.5098528015194682
6895,0.3044575023741691
6896,0.9965574548907883
6897,0.40909900284900286
6898,0.9074964387464387
6899,0.1385030864197531
6900,0.6964921652421653
6901,0.06991927825261159
6902,0.29680080721747387
6903,0.2932395536562203
6904,0.26089150047483384
6905,0.9700557929724596
6906,0.8110458214624882
6907,0.35214862298195637
6908,0.34846866096866097
6909,0.02976614434947768
6910,0.7959698480531814
6911,0.14645655270655272
6912,0.9588971984805319
6913,0.9477386039886039
6914,0.03944088319088319
6915,0.2222222222222222
6916,0.9337903608736942
6917,0.6492462013295347
6918,0.7665895061728395
6919,0.1262167616334283
6920,0.2746616809116809
6921,0.7427587844254511
6922,0.017479819563152896
6923,0.25065289648622985
6924,0.29502018043684713
6925,0.11603751187084521
6926,0.7369420702754037
6927,0.12618708452041785
6928,0.011455365622032289
6929,0.12271486229819563
6930,0.6609983380816714
6931,0.42874525166191835
6932,0.3530982905982906
6933,0.805318138651472
6934,0.3334520417853751
6935,0.5917022792022792
6936,0.042408594491927826
6937,0.04956077872744539
6938,0.5918506647673315
6939,0.33796296296296297
6940,0.8624465811965812
6941,0.032911918328585
6942,0.8327991452991453
6943,0.3085232668566002
6944,0.8540182811016144
6945,0.761039886039886
6946,0.014630816714150048
6947,0.8018459164292498
6948,0.10968660968660969
6949,0.4175866571699905
6950,0.8393281101614435
6951,0.7586953941120608
6952,0.399335232668566
6953,0.030656457739791074
6954,0.170079534662868
6955,0.8571640550807217
6956,0.34564933523266855
6957,0.9961419753086419
6958,0.8749703228869895
6959,0.40844610636277306
6960,0.4724893162393162
6961,0.5374228395061729
6962,0.7337666191832858
6963,0.305051044634378
6964,0.6901115859449193
6965,0.08781457739791072
6966,0.2575083095916429
6967,0.15690289648622982
6968,0.9469966761633429
6969,0.9823124406457739
6970,0.008517331433998099
6971,0.022198480531813863
6972,0.43203941120607786
6973,0.20975783475783474
6974,0.6620370370370371
6975,0.4896723646723647
6976,0.1581196581196581
6977,0.45198243114909786
6978,0.10562084520417854
6979,0.2302647198480532
6980,0.717948717948718
6981,0.4322174738841406
6982,0.9979226020892688
6983,0.6074608262108262
6984,0.2390491452991453
6985,0.6658950617283951
6986,0.8141619183285851
6987,0.4888117283950617
6988,0.3546118233618234
6989,0.07819919278252611
6990,0.09146486229819563
6991,0.06508190883190883
6992,0.3637226970560304
6993,0.8599833808167142
6994,0.8202754036087369
6995,0.32490503323836656
6996,0.6957205603038936
6997,0.8392687559354227
6998,0.06718898385565052
6999,0.3782051282051282
7000,0.7070572174738841
7001,0.5160553181386515
7002,0.4402302943969611
7003,0.5241274928774928
7004,0.013087606837606838
7005,0.36577041785375125
7006,0.060541310541310546
7007,0.9219491927825261
7008,0.3640491452991453
7009,0.26210826210826216
7010,0.5418447293447293
7011,0.8494183285849953
7012,0.06520061728395062
7013,0.6790420227920229
7014,0.7562915479582145
7015,0.033208689458689454
7016,0.8608143399810068
7017,0.38933404558404555
7018,0.6402540360873693
7019,0.23896011396011396
7020,0.17717236467236466
7021,0.09977445394112061
7022,0.674264007597341
7023,0.6070453466286799
7024,0.7957027540360874
7025,0.2863841405508072
7026,0.14883072174738843
7027,0.3008368945868946
7028,0.4039945394112061
7029,0.4305555555555555
7030,0.5991809116809117
7031,0.947679249762583
7032,0.09849833808167141
7033,0.8476970560303894
7034,0.4977742165242165
7035,0.6284722222222222
7036,0.8095916429249762
7037,0.8852979582146249
7038,0.2318672839506173
7039,0.015372744539411206
7040,0.4378264482431149
7041,0.8968126780626781
7042,0.06588319088319089
7043,0.7397020417853751
7044,0.23370726495726493
7045,0.5827397910731245
7046,0.7386930199430201
7047,0.8618827160493826
7048,0.8809354226020893
7049,0.6836716524216525
7050,0.5237713675213675
7051,0.24379748338081672
7052,0.23643755935422603
7053,0.42509496676163344
7054,0.1450320512820513
7055,0.4851317663817663
7056,0.5626780626780626
7057,0.5759437321937322
7058,0.7332621082621081
7059,0.3892450142450142
7060,0.17334401709401712
7061,0.7925569800569799
7062,0.8960113960113961
7063,0.32956433998100665
7064,0.3415242165242165
7065,0.5636574074074073
7066,0.5174501424501424
7067,0.26967592592592593
7068,0.35609567901234573
7069,0.8979700854700855
7070,0.9635268281101613
7071,0.4429902659069325
7072,0.08072174738841406
7073,0.2612179487179487
7074,0.3244301994301994
7075,0.9955187559354227
7076,0.7098765432098766
7077,0.9713615859449193
7078,0.8614375593542261
7079,0.6903786799620133
7080,0.3204534662867996
7081,0.566150284900285
7082,0.2615147198480532
7083,0.774335232668566
7084,0.41785375118708457
7085,0.7257241215574549
7086,0.6181149097815765
7087,0.10318732193732194
7088,0.17476851851851852
7089,0.860161443494777
7090,0.45895655270655267
7091,0.6450914055080722
7092,0.23361823361823364
7093,0.7666785375118708
7094,0.7789648622981956
7095,0.7215693257359924
7096,0.587636514719848
7097,0.19061609686609685
7098,0.9515372744539411
7099,0.051430436847103515
7100,0.9969729344729344
7101,0.8214624881291548
7102,0.7005579297245964
7103,0.9928478157644823
7104,0.01614434947768281
7105,0.25611348528015193
7106,0.06193613485280153
7107,0.4798195631528965
7108,0.28546415004748343
7109,0.02326685660018994
7110,0.028757122507122507
7111,0.690230294396961
7112,0.5941061253561254
7113,0.6031279677113011
7114,0.9692248338081672
7115,0.21118233618233617
7116,0.27991452991452986
7117,0.7135861823361823
7118,0.1968482905982906
7119,0.5898326210826211
7120,0.5262939221272555
7121,0.14924620132953467
7122,0.26466049382716056
7123,0.301994301994302
7124,0.7809532288698956
7125,0.23884140550807217
7126,0.6975011870845204
7127,0.5239494301994302
7128,0.4717177113010447
7129,0.8729819563152897
7130,0.2473587369420703
7131,0.9272613960113961
7132,0.6114078822412156
7133,0.11036918328584995
7134,0.897673314339981
7135,0.6868174264007597
7136,0.38277540360873696
7137,0.4768815289648623
7138,0.77127849002849
7139,0.2621082621082621
7140,0.3202754036087369
7141,0.15524097815764482
7142,0.34226614434947766
7143,0.05303300094966762
7144,0.9229582146248813
7145,0.4994361348528016
7146,0.21601970560303896
7147,0.010743114909781576
7148,0.9879214150047483
7149,0.4586894586894587
7150,0.25181030389363723
7151,0.14262820512820515
7152,0.40553774928774927
7153,0.6884199905033238
7154,0.39862298195631524
7155,0.5804546533713201
7156,0.0717889363722697
7157,0.24240265906932576
7158,0.12120132953466285
7159,0.25756766381766383
7160,0.27783713200379867
7161,0.9404677113010447
7162,0.0076566951566951575
7163,0.834579772079772
7164,0.9911858974358974
7165,0.16734924026590695
7166,0.46257716049382713
7167,0.7423433048433049
7168,0.969877730294397
7169,0.6063034188034188
7170,0.9509734093067427
7171,0.6998753561253562
7172,0.9276768755935422
7173,0.8874050332383666
7174,0.21866096866096865
7175,0.3578169515669516
7176,0.7207383665717
7177,0.8220857075023741
7178,0.6945037986704653
7179,0.11476139601139601
7180,0.3187618708452042
7181,0.5388473409306743
7182,0.41289767331433996
7183,0.8607846628679963
7184,0.1809116809116809
7185,0.6645892687559355
7186,0.8243411680911681
7187,0.2603573124406458
7188,0.7893815289648624
7189,0.7449845679012346
7190,0.2785197056030389
7191,0.4648326210826211
7192,0.21729582146248813
7193,0.7155151946818613
7194,0.2492877492877493
7195,0.9733796296296297
7196,0.20960944919278254
7197,0.07110636277302944
7198,0.28071581196581197
7199,0.5251661918328585
7200,0.2435303893637227
7201,0.34464031339031337
7202,0.4554843304843305
7203,0.18684710351377018
7204,0.5002967711301044
7205,0.5240384615384616
7206,0.8096509971509972
7207,0.9269646248812915
7208,0.7694385090218424
7209,0.778786799620133
7210,0.8155864197530863
7211,0.24985161443494777
7212,0.7250415479582147
7213,0.956849477682811
7214,0.3631588319088319
7215,0.2311550332383666
7216,0.18690645773979106
7217,0.6139304368471036
7218,0.35143637226970564
7219,0.06321225071225071
7220,0.7045049857549857
7221,0.7010030864197531
7222,0.010090218423551756
7223,0.9266678537511871
7224,0.8875830959164293
7225,0.4301400759734093
7226,0.20477207977207978
7227,0.14245014245014245
7228,0.5705721747388415
7229,0.4696403133903135
7230,0.9005519943019943
7231,0.3378145773979107
7232,0.691743827160494
7233,0.33573717948717946
7234,0.9540004748338081
7235,0.4025997150997151
7236,0.22269705603038936
7237,0.6484449192782527
7238,0.7798848528015195
7239,0.6895180436847103
7240,0.03872863247863248
7241,0.6778252611585945
7242,0.5857371794871794
7243,0.17696462488129153
7244,0.8836360398860399
7245,0.41642924976258305
7246,0.38630698005698005
7247,0.4178537511870845
7248,0.888028252611586
7249,0.5869836182336182
7250,0.06555674264007598
7251,0.7138532763532762
7252,0.613960113960114
7253,0.6655686134852802
7254,0.36766975308641975
7255,0.5107134377967711
7256,0.740295584045584
7257,0.7513948243114911
7258,0.394616571699905
7259,0.3948243114909782
7260,0.7700320512820512
7261,0.8979700854700855
7262,0.3477267331433998
7263,0.8712310066476733
7264,0.27249525166191835
7265,0.5743708452041786
7266,0.350931861348528
7267,0.16853632478632477
7268,0.05742521367521367
7269,0.3631291547958215
7270,0.19895536562203228
7271,0.25468898385565053
7272,0.6497803893637227
7273,0.43818257359924023
7274,0.09125712250712252
7275,0.850931861348528
7276,0.025225546058879392
7277,0.32306505223171894
7278,0.5690883190883191
7279,0.34846866096866097
7280,0.3551756885090218
7281,0.782110636277303
7282,0.8910849952516618
7283,0.38007478632478636
7284,0.6232193732193733
7285,0.4618055555555555
7286,0.575735992402659
7287,0.011900522317188985
7288,0.88963081671415
7289,0.8847934472934473
7290,0.18791547958214624
7291,0.4867343304843305
7292,0.38084639126305797
7293,0.7413342830009496
7294,0.5546949192782527
7295,0.23486467236467234
7296,0.1730769230769231
7297,0.7001424501424501
7298,0.8146070750237416
7299,0.7850783475783475
7300,0.6232193732193733
7301,0.8266263057929725
7302,0.9173492402659069
7303,0.6979463437796771
7304,0.33582621082621084
7305,0.5172424026590693
7306,0.4890491452991453
7307,0.4678596866096865
7308,0.13618827160493827
7309,0.03819444444444445
7310,0.4656339031339031
7311,0.9069028964862299
7312,0.1622744539411206
7313,0.7728513770180437
7314,0.28840218423551756
7315,0.06772317188983855
7316,0.47204415954415957
7317,0.5110992402659069
7318,0.4577101139601139
7319,0.7470916429249762
7320,0.26017924976258305
7321,0.842889363722697
7322,0.04656339031339032
7323,0.24106718898385562
7324,0.8189102564102564
7325,0.28282288698955366
7326,0.22183641975308643
7327,0.6497210351377017
7328,0.9418922127255461
7329,0.01623338081671415
7330,0.8899572649572649
7331,0.4491037511870845
7332,0.31383547008547014
7333,0.513235992402659
7334,0.4044100189933523
7335,0.38437796771130106
7336,0.553982668566002
7337,0.28469254510921177
7338,0.294812440645774
7339,0.40363841405508066
7340,0.48643755935422606
7341,0.747536799620133
7342,0.17375949667616333
7343,0.9583333333333334
7344,0.408980294396961
7345,0.12873931623931623
7346,0.8906398385565052
7347,0.5280745489078823
7348,0.08173076923076923
7349,0.8953881766381766
7350,0.7220738366571701
7351,0.9933226495726496
7352,0.6801697530864198
7353,0.3130341880341881
7354,0.4484211775878442
7355,0.21679131054131054
7356,0.8234211775878443
7357,0.048581433998100665
7358,0.27305911680911676
7359,0.5292913105413105
7360,0.4558701329534663
7361,0.12870963912630579
7362,0.2113900759734093
7363,0.8231540835707504
7364,0.24394586894586898
7365,0.18907288698955368
7366,0.10983499525166192
7367,0.649068138651472
7368,0.3739019468186135
7369,0.14399335232668567
7370,0.4137583095916429
7371,0.318019943019943
7372,0.13675213675213674
7373,0.30270655270655267
7374,0.7065527065527065
7375,0.9448896011396011
7376,0.6485933048433048
7377,0.057603276353276354
7378,0.8732193732193733
7379,0.8053478157644824
7380,0.7202338556505223
7381,0.07003798670465337
7382,0.25869539411206083
7383,0.03674026590693257
7384,0.16108736942070276
7385,0.974596391263058
7386,0.5034128679962014
7387,0.966019705603039
7388,0.011277302943969612
7389,0.8449667616334282
7390,0.7280092592592592
7391,0.3535731244064578
7392,0.41672602089268757
7393,0.19595797720797722
7394,0.19462250712250714
7395,0.7877196106362773
7396,0.9966168091168092
7397,0.17646011396011396
7398,0.4798492402659069
7399,0.21334876543209877
7400,0.1644408831908832
7401,0.1079653371320038
7402,0.09564933523266857
7403,0.5376602564102564
7404,0.09564933523266857
7405,0.5101495726495727
7406,0.8801934947768282
7407,0.09998219373219375
7408,0.5204178537511871
7409,0.29181505223171894
7410,0.4982490503323836
7411,0.49771486229819567
7412,0.9860517568850903
7413,0.5202397910731243
7414,0.1780330009496676
7415,0.9965277777777777
7416,0.6824548907882241
7417,0.772198480531814
7418,0.1375534188034188
7419,0.8283772554605888
7420,0.850664767331434
7421,0.8212250712250713
7422,0.4555733618233618
7423,0.6567841880341879
7424,0.5171830484330484
7425,0.5439221272554606
7426,0.21972934472934472
7427,0.9173492402659069
7428,0.45008309591642925
7429,0.8033297720797722
7430,0.9003442545109213
7431,0.2770061728395062
7432,0.1716227445394112
7433,0.6612357549857549
7434,0.6751543209876543
7435,0.7146545584045584
7436,0.8772257834757834
7437,0.3500415479582146
7438,0.9155686134852802
7439,0.38259734093067427
7440,0.027599715099715098
7441,0.867551044634378
7442,0.16542022792022792
7443,0.3832205603038936
7444,0.46290360873694203
7445,0.9445334757834759
7446,0.5463556505223172
7447,0.9030745489078823
7448,0.6979166666666666
7449,0.7725546058879392
7450,0.6312025166191834
7451,0.6068969610636277
7452,0.21412037037037035
7453,0.882716049382716
7454,0.18364197530864199
7455,0.5520239791073124
7456,0.5350189933523266
7457,0.37698836657169993
7458,0.31591286799620133
7459,0.6002492877492878
7460,0.266025641025641
7461,0.3229166666666667
7462,0.8091761633428302
7463,0.4890491452991453
7464,0.4715099715099715
7465,0.03846153846153846
7466,0.05692070275403608
7467,0.7786680911680911
7468,0.6217355175688509
7469,0.22922602089268754
7470,0.616957502374169
7471,0.755519943019943
7472,0.5969848053181387
7473,0.14538817663817663
7474,0.1358321462488129
7475,0.3688568376068376
7476,0.05238010446343779
7477,0.1845916429249763
7478,0.023059116809116806
7479,0.10413698955365623
7480,0.7304724596391262
7481,0.44963793922127254
7482,0.061520655270655276
7483,0.9910968660968661
7484,0.20889719848053181
7485,0.11042853751187083
7486,0.5314874169040835
7487,0.5083392687559355
7488,0.3676103988603989
7489,0.36695750237416896
7490,0.009882478632478632
7491,0.62034069325736
7492,0.41417378917378916
7493,0.40167972459639123
7494,0.04739434947768281
7495,0.25290835707502374
7496,0.5004748338081672
7497,0.2879570275403609
7498,0.2850783475783476
7499,0.05496201329534663
7500,0.31344966761633425
7501,0.6671711775878443
7502,0.7002611585944919
7503,0.8009556030389363
7504,0.14957264957264957
7505,0.355917616334283
7506,0.2122803893637227
7507,0.1509377967711301
7508,0.7151887464387464
7509,0.5491749762583096
7510,0.8757122507122507
7511,0.30199430199430194
7512,0.45744301994301995
7513,0.04938271604938271
7514,0.28374287749287747
7515,0.6428656220322888
7516,0.32220441595441596
7517,0.16218542260208926
7518,0.21035137701804366
7519,0.8607846628679962
7520,0.49264007597340925
7521,0.08689458689458689
7522,0.17640075973409308
7523,0.8629807692307692
7524,0.612565289648623
7525,0.9332561728395062
7526,0.1362179487179487
7527,0.996141975308642
7528,0.5538342830009496
7529,0.4518043684710351
7530,0.3831612060778727
7531,0.02199074074074074
7532,0.9088319088319089
7533,0.5274216524216524
7534,0.16082027540360874
7535,0.8342236467236467
7536,0.8286443494776828
7537,0.5986170465337132
7538,0.047038224121557455
7539,0.14479463437796772
7540,0.7494361348528015
7541,0.29080603038936376
7542,0.8692426400759734
7543,0.5331493352326686
7544,0.3496854226020893
7545,0.9534662867996202
7546,0.9926697530864198
7547,0.5029677113010447
7548,0.45966880341880345
7549,0.49243233618233617
7550,0.2487238841405508
7551,0.921474358974359
7552,0.6508784425451092
7553,0.6280864197530864
7554,0.6290360873694206
7555,0.8153786799620133
7556,0.604315052231719
7557,0.11844135802469136
7558,0.6077575973409307
7559,0.5273326210826211
7560,0.7622269705603039
7561,0.5059650997150997
7562,0.4080009496676163
7563,0.3036858974358974
7564,0.6879154795821462
7565,0.3985933048433048
7566,0.7286324786324787
7567,0.8154677113010447
7568,0.5107134377967711
7569,0.9297542735042734
7570,0.5797424026590694
7571,0.1639957264957265
7572,0.21711775878442544
7573,0.12817545109211775
7574,0.2980769230769231
7575,0.6204890788224122
7576,0.17129629629629628
7577,0.49893162393162394
7578,0.11360398860398861
7579,0.7784603513770181
7580,0.9534366096866096
7581,0.48723884140550805
7582,0.7084520417853751
7583,0.8413461538461539
7584,0.11203110161443496
7585,0.7013592117758783
7586,0.41835826210826205
7587,0.7899750712250713
7588,0.02822293447293447
7589,0.8997210351377017
7590,0.6585351377018044
7591,0.4889007597340931
7592,0.22145061728395063
7593,0.16740859449192783
7594,0.3942901234567901
7595,0.9793150522317188
7596,0.16785375118708454
7597,0.7809532288698954
7598,0.7237654320987654
7599,0.4573539886039886
7600,0.19776828110161446
7601,0.08760683760683761
7602,0.1851851851851852
7603,0.847934472934473
7604,0.24545940170940173
7605,0.5430021367521367
7606,0.8264779202279202
7607,0.6641144349477682
7608,0.2423729819563153
7609,0.06567545109211777
7610,0.532911918328585
7611,0.12529677113010448
7612,0.3292972459639127
7613,0.3216405508072175
7614,0.47634734093067427
7615,0.7998872269705603
7616,0.6747685185185185
7617,0.24376780626780625
7618,0.6065111585944919
7619,0.5996854226020892
7620,0.25005935422602094
7621,0.5246913580246914
7622,0.9242046533713201
7623,0.9704415954415954
7624,0.37701804368471037
7625,0.4772970085470085
7626,0.5775462962962963
7627,0.9377967711301044
7628,0.8345204178537511
7629,0.4924916904083571
7630,0.8948539886039887
7631,0.33309591642924974
7632,0.6082621082621084
7633,0.6711182336182336
7634,0.014304368471035138
7635,0.6181742640075973
7636,0.6392746913580247
7637,0.710173314339981
7638,0.8734567901234568
7639,0.08520299145299144
7640,0.3493292972459639
7641,0.5513117283950617
7642,0.419753086419753
7643,0.31092711301044634
7644,0.02590811965811966
7645,0.5599180911680912
7646,0.3325320512820513
7647,0.4347993827160494
7648,0.03154677113010446
7649,0.11674976258309593
7650,0.9347400284900284
7651,0.9666726020892688
7652,0.7267034662867996
7653,0.1224477682811016
7654,0.3479938271604938
7655,0.9677409781576448
7656,0.6842948717948718
7657,0.6744420702754036
7658,0.4791369895536562
7659,0.6796949192782527
7660,0.38224121557454893
7661,0.2621082621082621
7662,0.1716227445394112
7663,0.6225664767331435
7664,0.6985992402659069
7665,0.02101139601139601
7666,0.20566239316239318
7667,0.30600071225071224
7668,0.2681327160493827
7669,0.4773860398860399
7670,0.6546177587844254
7671,0.7756410256410255
7672,0.8035375118708452
7673,0.8859211775878443
7674,0.3525641025641026
7675,0.607579534662868
7676,0.49341168091168086
7677,0.5833036562203229
7678,0.6412630579297246
7679,0.27448361823361817
7680,0.06152065527065526
7681,0.0038283475783475788
7682,0.03991571699905033
7683,0.8214624881291548
7684,0.17877492877492876
7685,0.8872863247863249
7686,0.9903252611585945
7687,0.13568376068376067
7688,0.37553418803418803
7689,0.8361526590693257
7690,0.17966524216524218
7691,0.15031457739791074
7692,0.5426460113960114
7693,0.5294693732193733
7694,0.7191654795821463
7695,0.05899810066476733
7696,0.49893162393162394
7697,0.699875356125356
7698,0.0401531339031339
7699,0.4184769705603039
7700,0.15524097815764482
7701,0.5381350902184235
7702,0.6597815764482431
7703,0.8935778727445394
7704,0.8850605413105413
7705,0.10069444444444446
7706,0.49813034188034183
7707,0.6882122507122507
7708,0.33348171889838557
7709,0.34817188983855657
7710,0.21064814814814814
7711,0.40046296296296297
7712,0.15512226970560306
7713,0.7456671415004749
7714,0.026857787274453943
7715,0.6375830959164293
7716,0.04712725546058879
7717,0.34921058879392214
7718,0.6864316239316239
7719,0.798344017094017
7720,0.5570690883190883
7721,0.25474833808167147
7722,0.3908772554605888
7723,0.5849952516619182
7724,0.2941892212725546
7725,0.33395655270655267
7726,0.7418684710351378
7727,0.8673136277302943
7728,0.23136277302943972
7729,0.7736823361823362
7730,0.7917260208926876
7731,0.5849952516619182
7732,0.9588081671415004
7733,0.09401709401709402
7734,0.3345797720797721
7735,0.5112179487179488
7736,0.12541547958214624
7737,0.5889126305792972
7738,0.5612238841405507
7739,0.5309235517568851
7740,0.9929665242165243
7741,0.993945868945869
7742,0.14710944919278254
7743,0.6757478632478633
7744,0.9367580721747388
7745,0.8909959639126305
7746,0.3234211775878443
7747,0.8502492877492878
7748,0.6274928774928775
7749,0.693554131054131
7750,0.13054962013295346
7751,0.37912511870845206
7752,0.9366690408357075
7753,0.5855591168091168
7754,0.1789826685660019
7755,0.7485161443494777
7756,0.6873219373219372
7757,0.411769943019943
7758,0.7900937796771131
7759,0.3751780626780627
7760,0.4223943494776828
7761,0.7463793922127255
7762,0.5074192782526116
7763,0.5649928774928775
7764,0.36158594491927826
7765,0.3429487179487179
7766,0.0783179012345679
7767,0.3069207027540361
7768,0.9941239316239318
7769,0.8106896961063628
7770,0.7100249287749287
7771,0.6196284425451092
7772,0.1157110636277303
7773,0.5519646248812916
7774,0.8554131054131054
7775,0.7865918803418803
7776,0.21239909781576446
7777,0.5317545109211776
7778,0.8968423551756887
7779,0.8214031339031339
7780,0.4836182336182336
7781,0.49317426400759734
7782,0.7905092592592592
7783,0.3941714150047484
7784,0.3463615859449192
7785,0.9850130579297245
7786,0.8009852801519468
7787,0.8727742165242165
7788,0.9534959639126305
7789,0.6236942070275404
7790,0.8907882241215574
7791,0.9770002374169041
7792,0.866423314339981
7793,0.6219729344729346
7794,0.9621320037986706
7795,0.7399394586894587
7796,0.32080959164292494
7797,0.24139363722697052
7798,0.3008962488129155
7799,0.9929665242165243
7800,0.7195216049382717
7801,0.6670821462488129
7802,0.12090455840455842
7803,0.04884852801519468
7804,0.08410493827160494
7805,0.45572174738841403
7806,0.7944563152896486
7807,0.8739019468186134
7808,0.7632063152896486
7809,0.16512345679012344
7810,0.9324252136752137
7811,0.8712903608736942
7812,0.4076745014245014
7813,0.9131350902184235
7814,0.9724002849002847
7815,0.6036028015194681
7816,0.632508309591643
7817,0.010386989553656219
7818,0.013384377967711303
7819,0.4262226970560304
7820,0.3637523741690409
7821,0.026768755935422606
7822,0.46916547958214627
7823,0.9362832383665717
7824,0.060333570750237424
7825,0.933909069325736
7826,0.7367343304843305
7827,0.49964387464387466
7828,0.9393399810066475
7829,0.8647910731244064
7830,0.7027837132003798
7831,0.8563034188034188
7832,0.4251246438746439
7833,0.9999406457739791
7834,0.1606125356125356
7835,0.4143815289648623
7836,0.9595204178537511
7837,0.22691120607787274
7838,0.20127018043684708
7839,0.2682811016144349
7840,0.9144112060778727
7841,0.11446462488129155
7842,0.6107846628679962
7843,0.23204534662867995
7844,0.8502196106362773
7845,0.09452160493827161
7846,0.7331433998100665
7847,0.02344491927825261
7848,0.6704653371320038
7849,0.7805080721747388
7850,0.5661799620132953
7851,0.022851377018043684
7852,0.7844551282051282
7853,0.09645061728395062
7854,0.5654973884140552
7855,0.9197234093067427
7856,0.22720797720797722
7857,0.19278252611585944
7858,0.2328169515669516
7859,0.9133725071225071
7860,0.5849952516619183
7861,0.705514007597341
7862,0.6142568850902185
7863,0.44975664767331436
7864,0.46305199430199434
7865,0.13449667616334282
7866,0.8500712250712251
7867,0.0792082146248813
7868,0.7816358024691358
7869,0.7903311965811967
7870,0.7275937796771131
7871,0.4156576448243115
7872,0.6098053181386515
7873,0.9005816714150048
7874,0.9220382241215574
7875,0.2189874169040836
7876,0.49329297245963916
7877,0.8143993352326686
7878,0.9896426875593543
7879,0.8401887464387464
7880,0.9750118708452042
7881,0.650403608736942
7882,0.954386277302944
7883,0.7175332383665717
7884,0.11950973409306744
7885,0.4080009496676163
7886,0.09846866096866096
7887,0.2892924976258309
7888,0.8215515194681862
7889,0.21667260208926878
7890,0.8542853751187085
7891,0.2152777777777778
7892,0.5863900759734094
7893,0.7452219848053181
7894,0.010357312440645776
7895,0.4294575023741691
7896,0.22943376068376067
7897,0.2883428300094967
7898,0.40209520417853756
7899,0.4567307692307692
7900,0.6999050332383665
7901,0.491156220322887
7902,0.11897554605887939
7903,0.8041013770180436
7904,0.028430674264007597
7905,0.41580603038936376
7906,0.6467533238366572
7907,0.7520180436847103
7908,0.7433523266856601
7909,0.3781160968660969
7910,0.265758547008547
7911,0.9723409306742642
7912,0.30727682811016144
7913,0.12188390313390313
7914,0.1719195156695157
7915,0.8123812915479581
7916,0.24133428300094964
7917,0.75997150997151
7918,0.5956790123456791
7919,0.5289055080721748
7920,0.8733974358974358
7921,0.4429902659069325
7922,0.37378323836657174
7923,0.08796296296296297
7924,0.2517806267806268
7925,0.5819088319088319
7926,0.5812262583095916
7927,0.4946581196581197
7928,0.543150522317189
7929,0.5512523741690408
7930,0.8649097815764483
7931,0.08244301994301995
7932,0.23355887939221273
7933,0.2296415004748338
7934,0.05365622032288699
7935,0.6364850427350427
7936,0.42939814814814814
7937,0.5488485280151947
7938,0.5061728395061729
7939,0.3923611111111111
7940,0.5658238366571701
7941,0.1972934472934473
7942,0.1843839031339031
7943,0.5484033713200381
7944,0.3636039886039886
7945,0.10671889838556504
7946,0.6235161443494777
7947,0.4473231244064578
7948,0.5718482905982906
7949,0.9350961538461539
7950,0.37384259259259256
7951,0.8250237416904084
7952,0.8326507597340931
7953,0.6955128205128206
7954,0.40749643874643876
7955,0.6293328584995251
7956,0.522673314339981
7957,0.19616571699905036
7958,0.6035434472934473
7959,0.32060185185185186
7960,0.2111229819563153
7961,0.3735458214624881
7962,0.19622507122507118
7963,0.7115978157644824
7964,0.6571699905033238
7965,0.2369717473884141
7966,0.8625949667616335
7967,0.22474477682811014
7968,0.7471213200379867
7969,0.14476495726495728
7970,0.9704712725546059
7971,0.006885090218423551
7972,0.11253561253561255
7973,0.19848053181386516
7974,0.08288817663817664
7975,0.5643993352326685
7976,0.7339446818613485
7977,0.22474477682811014
7978,0.851198955365622
7979,0.25925925925925924
7980,0.7771842355175688
7981,0.4746854226020893
7982,0.344610636277303
7983,0.5928003323836658
7984,0.07656695156695158
7985,0.1613247863247863
7986,0.23168922127255462
7987,0.26661918328584994
7988,0.4240859449192782
7989,0.06276709401709402
7990,0.6258606362773029
7991,0.9414173789173789
7992,0.6513829534662868
7993,0.5874881291547959
7994,0.9026887464387464
7995,0.2226673789173789
7996,0.7075023741690408
7997,0.8706968186134851
7998,0.4290420227920228
7999,0.9596984805318138
8000,0.1054131054131054
8001,0.2236170465337132
8002,0.7608024691358025
8003,0.32763532763532766
8004,0.5917616334283001
8005,0.4816298670465337
8006,0.5251068376068376
8007,0.5413995726495727
8008,0.6847103513770181
8009,0.08282882241215575
8010,0.45361467236467234
8011,0.6237238841405509
8012,0.6542913105413105
8013,0.6256528964862299
8014,0.9726970560303894
8015,0.4136692782526115
8016,0.32318376068376065
8017,0.5671889838556505
8018,0.7911324786324787
8019,0.22872150997150997
8020,0.01614434947768281
8021,0.20646367521367523
8022,0.3098884140550807
8023,0.3645833333333333
8024,0.810303893637227
8025,0.1518874643874644
8026,0.817752849002849
8027,0.09297839506172839
8028,0.703852089268756
8029,0.49293684710351376
8030,0.618945868945869
8031,0.8076329534662868
8032,0.23344017094017092
8033,0.03392094017094017
8034,0.5029083570750237
8035,0.6748278727445394
8036,0.018844966761633428
8037,0.16889245014245013
8038,0.2734152421652421
8039,0.06656576448243114
8040,0.10811372269705603
8041,0.43242521367521364
8042,0.8172780151946819
8043,0.8046058879392213
8044,0.13238960113960113
8045,0.4017687559354226
8046,0.21429843304843307
8047,0.6391856600189934
8048,0.9918387939221273
8049,0.232846628679962
8050,0.6729878917378916
8051,0.8560660018993351
8052,0.06030389363722697
8053,0.9588675213675213
8054,0.09986348528015195
8055,0.5345441595441596
8056,0.9380935422602089
8057,0.9277362298195632
8058,0.4706493352326686
8059,0.4166666666666667
8060,0.0012761158594491928
8061,0.22949311490978155
8062,0.680585232668566
8063,0.3027065527065527
8064,0.4790182811016144
8065,0.7819028964862298
8066,0.5892984330484331
8067,0.7283357075023741
8068,0.17254273504273507
8069,0.47667378917378916
8070,0.684769705603039
8071,0.8251721272554606
8072,0.5588793922127255
8073,0.9152421652421653
8074,0.8279320987654321
8075,0.08173076923076923
8076,0.9635268281101613
8077,0.9667913105413105
8078,0.40135327635327633
8079,0.9625771604938271
8080,0.46735517568850904
8081,0.46726614434947766
8082,0.05021367521367522
8083,0.8330365622032289
8084,0.0222875118708452
8085,0.7229641500474834
8086,0.05371557454890788
8087,0.07437084520417854
8088,0.3115206552706553
8089,0.844877730294397
8090,0.3467770655270655
8091,0.9763176638176638
8092,0.8900462962962963
8093,0.3508725071225071
8094,0.7698243114909782
8095,0.23768399810066476
8096,0.9739731718898387
8097,0.3035671889838556
8098,0.029469373219373218
8099,0.7396426875593543
8100,0.46242877492877493
8101,0.5794456315289649
8102,0.04344729344729345
8103,0.10007122507122507
8104,0.8866037511870846
8105,0.595144824311491
8106,0.015432098765432098
8107,0.653460351377018
8108,0.8064161918328585
8109,0.8677884615384616
8110,0.5262642450142451
8111,0.04674145299145299
8112,0.8832799145299145
8113,0.33116690408357075
8114,0.2943969610636277
8115,0.5340990028490028
8116,0.954386277302944
8117,0.8301578822412156
8118,0.5974299620132953
8119,0.4752789648622982
8120,0.33490622032288697
8121,0.03294159544159544
8122,0.9528430674264007
8123,0.17153371320037988
8124,0.4522495251661918
8125,0.26834045584045585
8126,0.6957799145299145
8127,0.9616868471035138
8128,0.5826804368471036
8129,0.2722875118708452
8130,0.764423076923077
8131,0.5313983855650523
8132,0.053389126305792976
8133,0.3557989078822412
8134,0.8534247388414055
8135,0.785968660968661
8136,0.38918566001899335
8137,0.3283475783475784
8138,0.10149572649572648
8139,0.2934769705603039
8140,0.09742996201329535
8141,0.2896189458689458
8142,0.717948717948718
8143,0.46664292497625826
8144,0.5608974358974359
8145,0.6325676638176638
8146,0.17791429249762583
8147,0.63963081671415
8148,0.3898682336182336
8149,0.6950973409306743
8150,0.2977801519468186
8151,0.9555436847103514
8152,0.7701804368471036
8153,0.25323480531813863
8154,0.44067545109211775
8155,0.580187559354226
8156,0.2938627730294397
8157,0.4171118233618234
8158,0.5595322886989553
8159,0.06350902184235517
8160,0.7846035137701804
8161,0.5422008547008547
8162,0.15711063627730296
8163,0.07959401709401709
8164,0.6799620132953467
8165,0.13149928774928774
8166,0.5104760208926875
8167,0.9734983380816714
8168,0.418417616334283
8169,0.8482609211775878
8170,0.5859449192782527
8171,0.3086122981956315
8172,0.6267509496676164
8173,0.7767390788224121
8174,0.4471153846153846
8175,0.7854641500474834
8176,0.5011574074074073
8177,0.4836182336182337
8178,0.6974121557454892
8179,0.4321877967711301
8180,0.020714624881291548
8181,0.5890610161443495
8182,0.8773444919278252
8183,0.6985102089268755
8184,0.2449548907882241
8185,0.23026471984805316
8186,0.6802884615384616
8187,0.7438271604938271
8188,0.9350961538461539
8189,0.5407466761633428
8190,0.5653786799620133
8191,0.3743471035137702
8192,0.8945572174738842
8193,0.26783594491927826
8194,0.2993530389363723
8195,0.3397139126305793
8196,0.9126899335232669
8197,0.5835410731244065
8198,0.6741452991452991
8199,0.3306327160493827
8200,0.6940883190883191
8201,0.5487001424501424
8202,0.140491452991453
8203,0.6170465337132004
8204,0.7654024216524217
8205,0.4858736942070276
8206,0.37808641975308643
8207,0.5343067426400759
8208,0.9669100189933525
8209,0.7604760208926876
8210,0.6463675213675214
8211,0.32686372269705605
8212,0.041102801519468185
8213,0.047839506172839504
8214,0.8293566001899336
8215,0.45405982905982906
8216,0.33066239316239315
8217,0.6812381291547958
8218,0.6400759734093068
8219,0.12402065527065527
8220,0.36128917378917375
8221,0.8738129154795823
8222,0.2492877492877493
8223,0.5246320037986704
8224,0.5477801519468186
8225,0.6811194207027541
8226,0.5765669515669516
8227,0.2664114434947768
8228,0.23670465337132005
8229,0.02994420702754036
8230,0.5597103513770181
8231,0.27148622981956316
8232,0.9888710826210826
8233,0.24991096866096865
8234,0.6158000949667617
8235,0.9253620607787275
8236,0.9535553181386515
8237,0.0983499525166192
8238,0.24510327635327636
8239,0.287630579297246
8240,0.8492105887939222
8241,0.9783653846153846
8242,0.17954653371320037
8243,0.3256172839506173
8244,0.4956671415004748
8245,0.5238307217473884
8246,0.4738544634377968
8247,0.9615087844254511
8248,0.6572590218423552
8249,0.726792497625831
8250,0.6468126780626781
8251,0.36728395061728397
8252,0.6201923076923076
8253,0.6520358499525166
8254,0.47990859449192785
8255,0.8847637701804368
8256,0.5582264957264956
8257,0.007152184235517569
8258,0.7527006172839505
8259,0.5972815764482431
8260,0.026442307692307692
8261,0.08588556505223173
8262,0.5931861348528015
8263,0.36446462488129155
8264,0.06279677113010447
8265,0.2933879392212726
8266,0.5495607787274454
8267,0.9036087369420702
8268,0.36081433998100665
8269,0.7316595441595442
8270,0.1835826210826211
8271,0.6535790598290598
8272,0.540034425451092
8273,0.43592711301044634
8274,0.40651709401709396
8275,0.9164589268755936
8276,0.5158475783475783
8277,0.581582383665717
8278,0.4022435897435897
8279,0.4221569325735992
8280,0.46400166191832853
8281,0.009645061728395063
8282,0.2241215574548908
8283,0.9861407882241217
8284,0.5967770655270656
8285,0.9047958214624882
8286,0.3096806742640075
8287,0.18272198480531818
8288,0.7857609211775878
8289,0.7337666191832858
8290,0.22171771130104465
8291,0.185303893637227
8292,0.05065883190883191
8293,0.5454653371320037
8294,0.6469313865147198
8295,0.7279795821462489
8296,0.2193138651471985
8297,0.8280508072174739
8298,0.7209757834757834
8299,0.9497863247863249
8300,0.2526115859449193
8301,0.08069207027540361
8302,0.3228869895536562
8303,0.22987891737891739
8304,0.3042794396961064
8305,0.17687559354226023
8306,0.6873219373219374
8307,0.9347697056030388
8308,0.02647198480531814
8309,0.5268577872744539
8310,0.5416073124406457
8311,0.9322768281101613
8312,0.8130638651471985
8313,0.6735220797720798
8314,0.3786502849002849
8315,0.9636455365622032
8316,0.801460113960114
8317,0.21527777777777776
8318,0.09751899335232668
8319,0.20717592592592593
8320,0.2224596391263058
8321,0.206849477682811
8322,0.6909722222222222
8323,0.46815645773979114
8324,0.22468542260208926
8325,0.11609686609686609
8326,0.7801519468186134
8327,0.20020180436847104
8328,0.28629510921177587
8329,0.6444385090218424
8330,0.9689874169040835
8331,0.5598587369420702
8332,0.6386811490978158
8333,0.04276471984805318
8334,0.7382775403608736
8335,0.8947352801519468
8336,0.7626127730294397
8337,0.3956255935422602
8338,0.06597222222222222
8339,0.34220679012345673
8340,0.42604463437796775
8341,0.6126543209876543
8342,0.8959817188983855
8343,0.31110517568850904
8344,0.917616334283001
8345,0.24412393162393162
8346,0.8478157644824312
8347,0.4647435897435897
8348,0.47854344729344733
8349,0.5875771604938272
8350,0.5768933998100665
8351,0.20655270655270655
8352,0.8964862298195632
8353,0.766886277302944
8354,0.029617758784425453
8355,0.8612594966761634
8356,0.2056327160493827
8357,0.6746794871794872
8358,0.48717948717948717
8359,0.7431445868945868
8360,0.9587191358024691
8361,0.6132775403608738
8362,0.846480294396961
8363,0.5124050332383666
8364,0.9897020417853751
8365,0.7467948717948718
8366,0.20679012345679013
8367,0.6896367521367521
8368,0.7973646723646723
8369,0.0592948717948718
8370,0.46147910731244063
8371,0.7778371320037986
8372,0.3792438271604939
8373,0.7706255935422602
8374,0.6168387939221273
8375,0.6442604463437798
8376,0.35823243114909786
8377,0.21860161443494774
8378,0.6828703703703703
8379,0.10820275403608737
8380,0.6946225071225071
8381,0.750207739791073
8382,0.9984271130104463
8383,0.15147198480531812
8384,0.07816951566951567
8385,0.31739672364672367
8386,0.8840811965811967
8387,0.9002255460588794
8388,0.5486407882241215
8389,0.49299620132953464
8390,0.022050094966761635
8391,0.281784188034188
8392,0.15360873694207028
8393,0.7537986704653371
8394,0.6781220322886989
8395,0.5018399810066477
8396,0.4148860398860399
8397,0.9883962488129154
8398,0.9106718898385565
8399,0.4088022317188984
8400,0.4431683285849952
8401,0.7307989078822411
8402,0.8621794871794872
8403,0.7573005698005698
8404,0.25715218423551756
8405,0.8739316239316239
8406,0.5454653371320038
8407,0.9086538461538463
8408,0.028371320037986703
8409,0.1970560303893637
8410,0.38485280151946816
8411,0.49053300094966756
8412,0.4419812440645774
8413,0.37832383665717
8414,0.10799501424501425
8415,0.6867580721747388
8416,0.025670702754036087
8417,0.3640788224121558
8418,0.193880579297246
8419,0.808909069325736
8420,0.09027777777777778
8421,0.9949252136752137
8422,0.3185838081671415
8423,0.6616809116809116
8424,0.03374287749287749
8425,0.6843245489078823
8426,0.9941832858499525
8427,0.7059591642924977
8428,0.9267568850902185
8429,0.5092295821462488
8430,0.28053774928774927
8431,0.6452397910731243
8432,0.24246201329534664
8433,0.8366571699905033
8434,0.5648148148148148
8435,0.3297127255460589
8436,0.8394468186134852
8437,0.8289707977207977
8438,0.20880816714150044
8439,0.5125237416904084
8440,0.17993233618233617
8441,0.6795762108262108
8442,0.10639245014245013
8443,0.6097162867996202
8444,0.30647554605887944
8445,0.06715930674264008
8446,0.2705068850902184
8447,0.47038224121557454
8448,0.3330662393162393
8449,0.7239138176638177
8450,0.14886039886039884
8451,0.3994539411206078
8452,0.00917022792022792
8453,0.9972993827160493
8454,0.7449252136752138
8455,0.4990206552706553
8456,0.7269705603038936
8457,0.4779202279202279
8458,0.9799085944919278
8459,0.6048195631528964
8460,0.5837191358024691
8461,0.36672008547008544
8462,0.28866927825261157
8463,0.29383309591642925
8464,0.37327872744539414
8465,0.128590930674264
8466,0.8176934947768281
8467,0.03944088319088319
8468,0.7406517094017094
8469,0.496943257359924
8470,0.2747210351377018
8471,0.9298433048433049
8472,0.9753383190883191
8473,0.3309591642924976
8474,0.10980531813865146
8475,0.8589150047483382
8476,0.5099121557454891
8477,0.6106066001899335
8478,0.753383190883191
8479,0.08995132953466285
8480,0.069414767331434
8481,0.044931149097815766
8482,0.19245607787274455
8483,0.08686490978157646
8484,0.6363366571699905
8485,0.5819088319088319
8486,0.49418328584995247
8487,0.39191595441595445
8488,0.013740503323836658
8489,0.7872447768281101
8490,0.46367521367521364
8491,0.8324726970560303
8492,0.7455187559354227
8493,0.1052053656220323
8494,0.2769468186134853
8495,0.9336419753086419
8496,0.49997032288698956
8497,0.3164470560303893
8498,0.48985042735042733
8499,0.6607905982905983
8500,0.2460826210826211
8501,0.5174204653371319
8502,0.3924501424501425
8503,0.8428596866096867
8504,0.3116690408357075
8505,0.13336894586894588
8506,0.3007181861348528
8507,0.33736942070275405
8508,0.33455009496676164
8509,0.1739078822412156
8510,0.2773326210826211
8511,0.20901590693257358
8512,0.24198717948717952
8513,0.08995132953466285
8514,0.26641144349477686
8515,0.6312321937321937
8516,0.2644230769230769
8517,0.33078110161443497
8518,0.5770121082621084
8519,0.14239078822412155
8520,0.11511752136752136
8521,0.4503205128205128
8522,0.8492996201329536
8523,0.49133428300094967
8524,0.9584817188983856
8525,0.05997744539411207
8526,0.7601495726495727
8527,0.18738129154795824
8528,0.43266263057929727
8529,0.7871260683760685
8530,0.7893518518518517
8531,0.8254392212725546
8532,0.7444207027540362
8533,0.19735280151946819
8534,0.1478513770180437
8535,0.9752492877492878
8536,0.5313983855650523
8537,0.40696225071225073
8538,0.6494539411206078
8539,0.331048195631529
8540,0.6077872744539411
8541,0.5698896011396011
8542,0.36197174738841403
8543,0.9603513770180436
8544,0.9306149097815765
8545,0.5248990978157645
8546,0.25682573599240266
8547,0.5499465811965812
8548,0.6065705128205128
8549,0.3247269705603039
8550,0.35090218423551756
8551,0.4302884615384615
8552,0.2961775878442545
8553,0.4850724121557455
8554,0.6382656695156695
8555,0.3046355650522317
8556,0.6060066476733144
8557,0.8068316714150048
8558,0.9346806742640076
8559,0.7962666191832858
8560,0.907110636277303
8561,0.740295584045584
8562,0.5053715574548908
8563,0.3743767806267806
8564,0.24830840455840453
8565,0.22097578347578348
8566,0.8359745963912631
8567,0.7915776353276355
8568,0.8763651471984805
8569,0.5662393162393162
8570,0.8064755460588794
8571,0.3001543209876543
8572,0.9923433048433048
8573,0.5521130104463438
8574,0.37879867046533716
8575,0.45040954415954415
8576,0.043031813865147206
8577,0.8016381766381766
8578,0.9305258784425452
8579,0.38470441595441596
8580,0.745281339031339
8581,0.6732549857549858
8582,0.13072768281101613
8583,0.7159900284900284
8584,0.7849893162393161
8585,0.25112773029439694
8586,0.3938449667616335
8587,0.3495073599240266
8588,0.5858855650522317
8589,0.13250830959164292
8590,0.7186906457739791
8591,0.9398444919278252
8592,0.44388057929724595
8593,0.48085826210826205
8594,0.051341405508072174
8595,0.8906991927825261
8596,0.7026353276353277
8597,0.09484805318138652
8598,0.8304546533713201
8599,0.8468660968660968
8600,0.46551519468186137
8601,0.3984745963912631
8602,0.35505698005698005
8603,0.5293209876543211
8604,0.8121438746438746
8605,0.22539767331434
8606,0.32279795821462487
8607,0.6558345204178537
8608,0.9355709876543209
8609,0.2521070750237417
8610,0.3019349477682811
8611,0.8396248812915479
8612,0.5549620132953467
8613,0.9408238366571698
8614,0.8786206077872745
8615,0.6406398385565052
8616,0.3985636277302944
8617,0.3314933523266857
8618,0.733707264957265
8619,0.3624762583095917
8620,0.47667378917378916
8621,0.8426222697056032
8622,0.42714268755935425
8623,0.9019171415004749
8624,0.1863425925925926
8625,0.4259259259259259
8626,0.271604938271605
8627,0.288431861348528
8628,0.7056327160493828
8629,0.10511633428300095
8630,0.8280804843304844
8631,0.4841524216524216
8632,0.4331077872744539
8633,0.8772257834757835
8634,0.5667735042735043
8635,0.7653133903133903
8636,0.8627730294396961
8637,0.9641500474833808
8638,0.2133487654320988
8639,0.649068138651472
8640,0.19551282051282048
8641,0.5508072174738842
8642,0.02552231718898386
8643,0.8240147198480532
8644,0.059710351377018044
8645,0.047839506172839504
8646,0.6615918803418803
8647,0.5945809591642925
8648,0.33348171889838557
8649,0.6651234567901234
8650,0.022376543209876545
8651,0.11743233618233617
8652,0.786502849002849
8653,0.04875949667616334
8654,0.1114969135802469
8655,0.04938271604938271
8656,0.1741452991452991
8657,0.6285018993352326
8658,0.5894764957264957
8659,0.39942426400759734
8660,0.03620607787274454
8661,0.609834995251662
8662,0.023326210826210825
8663,0.38963081671415006
8664,0.015580484330484331
8665,0.13354700854700854
8666,0.9214150047483382
8667,0.27570037986704654
8668,0.25783475783475784
8669,0.6445868945868946
8670,0.018281101614434945
8671,0.6252967711301045
8672,0.8622091642924975
8673,0.22415123456790123
8674,0.27952872744539414
8675,0.9291607312440645
8676,0.845946106362773
8677,0.13238960113960113
8678,0.3409603513770181
8679,0.4865859449192782
8680,0.6961953941120607
8681,0.40708095916429254
8682,0.874792260208927
8683,0.7937737416904084
8684,0.6396901709401709
8685,0.07873338081671416
8686,0.4423670465337132
8687,0.26555080721747387
8688,0.9237298195631528
8689,0.31484449192782527
8690,0.3550273029439696
8691,0.9090099715099714
8692,0.5618471035137702
8693,0.3030033238366572
8694,0.9966464862298196
8695,0.970946106362773
8696,0.26851851851851855
8697,0.8877018043684711
8698,0.43079297245963916
8699,0.4176460113960114
8700,0.3815586419753086
8701,0.8926578822412156
8702,0.24688390313390315
8703,0.3623872269705603
8704,0.016856600189933523
8705,0.7324905033238367
8706,0.9985754985754985
8707,0.17515432098765435
8708,0.10835113960113961
8709,0.1262761158594492
8710,0.5030567426400759
8711,0.22367640075973408
8712,0.2909247388414055
8713,0.498872269705603
8714,0.7744836182336182
8715,0.18022910731244066
8716,0.11835232668566002
8717,0.7098765432098766
8718,0.8579356600189935
8719,0.1752730294396961
8720,0.27780745489078823
8721,0.35876661918328584
8722,0.9020358499525166
8723,0.08484686609686609
8724,0.0803062678062678
8725,0.20714624881291546
8726,0.23922720797720798
8727,0.12482193732193732
8728,0.563894824311491
8729,0.9899394586894587
8730,0.7821996676163342
8731,0.7564992877492878
8732,0.8066832858499525
8733,0.8045465337132004
8734,0.04962013295346629
8735,0.3620014245014245
8736,0.7824964387464387
8737,0.8429783950617283
8738,0.4771189458689458
8739,0.4816001899335232
8740,0.9092770655270656
8741,0.9434947768281101
8742,0.9825201804368472
8743,0.30202397910731243
8744,0.026887464387464383
8745,0.5407466761633428
8746,0.5907822886989553
8747,0.4597281576448243
8748,0.23320275403608737
8749,0.4295168566001899
8750,0.2536502849002849
8751,0.4496972934472934
8752,0.7378917378917379
8753,0.8463319088319089
8754,0.6137820512820513
8755,0.9082680436847103
8756,0.5859745963912631
8757,0.5487891737891738
8758,0.24982193732193733
8759,0.6349418328584995
8760,0.08953584995251662
8761,0.8153490028490028
8762,0.21453584995251665
8763,0.9672067901234568
8764,0.5791191832858499
8765,0.5654083570750238
8766,0.05146011396011396
8767,0.5245132953466287
8768,0.14713912630579298
8769,0.4535849952516619
8770,0.29024216524216523
8771,0.05594135802469136
8772,0.09781576448243116
8773,0.25581671415004753
8774,0.7429071699905033
8775,0.07282763532763532
8776,0.24738841405508075
8777,0.6624821937321937
8778,0.49204653371320034
8779,0.19468186134852802
8780,0.04353632478632479
8781,0.9283000949667617
8782,0.4001661918328585
8783,0.2382181861348528
8784,0.028994539411206072
8785,0.11274335232668566
8786,0.4821640550807218
8787,0.08757716049382715
8788,0.9525462962962963
8789,0.33962488129154794
8790,0.8690645773979107
8791,0.43969610636277306
8792,0.2673017568850902
8793,0.40820868945868943
8794,0.8429190408357075
8795,0.8070690883190883
8796,0.06511158594491928
8797,0.7474774453941121
8798,0.8707561728395062
8799,0.3633072174738841
8800,0.19643281101614432
8801,0.15951448243114907
8802,0.1460707502374169
8803,0.7393755935422602
8804,0.09217711301044634
8805,0.5255519943019943
8806,0.534900284900285
8807,0.24516263057929724
8808,0.7169693732193733
8809,0.6569622507122507
8810,0.1499584520417854
8811,0.6289767331433999
8812,0.8637523741690408
8813,0.15779320987654322
8814,0.7192841880341879
8815,0.8547602089268755
8816,0.8404261633428299
8817,0.9461953941120608
8818,0.8288224121557454
8819,0.661176400759734
8820,0.6614434947768281
8821,0.3865147198480532
8822,0.7670346628679962
8823,0.8836953941120608
8824,0.14322174738841406
8825,0.2728810541310542
8826,0.6153846153846153
8827,0.7596450617283951
8828,0.5376899335232669
8829,0.46961063627730293
8830,0.11995489078822412
8831,0.44361348528015193
8832,0.6073717948717948
8833,0.1600189933523267
8834,0.7757003798670464
8835,0.10113960113960113
8836,0.43043684710351376
8837,0.5059947768281101
8838,0.6312025166191834
8839,0.4902362298195631
8840,0.48243114909781576
8841,0.9515966286799621
8842,0.9410018993352326
8843,0.37143874643874647
8844,0.727920227920228
8845,0.5487891737891738
8846,0.08339268755935421
8847,0.36995489078822413
8848,0.9643874643874644
8849,0.38393281101614435
8850,0.8252314814814814
8851,0.5032941595441596
8852,0.7597934472934472
8853,0.5737179487179488
8854,0.008576685660018993
8855,0.31125356125356124
8856,0.18856837606837606
8857,0.2820809591642925
8858,0.4482431149097816
8859,0.7034662867996202
8860,0.40325261158594494
8861,0.47557573599240266
8862,0.33938746438746437
8863,0.6211419753086419
8864,0.06683285849952515
8865,0.852326685660019
8866,0.9237594966761633
8867,0.23041310541310542
8868,0.8165360873694207
8869,0.6330721747388414
8870,0.2706552706552707
8871,0.6289173789173789
8872,0.4479166666666667
8873,0.09030745489078822
8874,0.6350605413105413
8875,0.371141975308642
8876,0.046593067426400764
8877,0.9975961538461539
8878,0.002492877492877493
8879,0.4118589743589744
8880,0.20103276353276356
8881,0.623338081671415
8882,0.5671889838556505
8883,0.5739553656220323
8884,0.914767331433998
8885,0.6229522792022791
8886,0.5546949192782527
8887,0.1940883190883191
8888,0.25857668566001896
8889,0.2708036562203229
8890,0.45720560303893637
8891,0.5985280151946818
8892,0.5161740265906932
8893,0.6466346153846153
8894,0.4794040835707502
8895,0.911176400759734
8896,0.6763117283950617
8897,0.5966286799620133
8898,0.7119836182336182
8899,0.4155982905982906
8900,0.5311312915479582
8901,0.6695750237416904
8902,0.9935600664767331
8903,0.6477920227920227
8904,0.7307989078822411
8905,0.7459045584045585
8906,0.9008487654320988
8907,0.37544515669515666
8908,0.3867224596391263
8909,0.77460232668566
8910,0.773741690408357
8911,0.21432811016144349
8912,0.6770833333333334
8913,0.2104997625830959
8914,0.3056149097815764
8915,0.3926578822412156
8916,0.08692426400759734
8917,0.41476733143399813
8918,0.3489434947768281
8919,0.5211894586894587
8920,0.4646842355175688
8921,0.38046058879392214
8922,0.8906101614434948
8923,0.31416191832858503
8924,0.7675985280151947
8925,0.7206196581196581
8926,0.21417972459639126
8927,0.724002849002849
8928,0.7776293922127255
8929,0.7169693732193733
8930,0.7516322412155745
8931,0.4559591642924976
8932,0.8986526590693257
8933,0.3018755935422602
8934,0.4453941120607787
8935,0.7718720322886989
8936,0.816358024691358
8937,0.26819207027540365
8938,0.8587962962962963
8939,0.45634496676163344
8940,0.6477326685660018
8941,0.040895061728395056
8942,0.6591880341880342
8943,0.6817129629629629
8944,0.7523741690408358
8945,0.8040716999050334
8946,0.4837962962962963
8947,0.8749406457739791
8948,0.5242165242165242
8949,0.6373456790123457
8950,0.683909069325736
8951,0.9831433998100665
8952,0.28083452041785373
8953,0.31092711301044634
8954,0.28392094017094016
8955,0.8433641975308642
8956,0.7639185660018993
8957,0.8699548907882241
8958,0.8789173789173789
8959,0.6040182811016145
8960,0.18198005698005695
8961,0.7739791073124408
8962,0.13378442545109212
8963,0.9028074548907883
8964,0.6507003798670465
8965,0.18954772079772078
8966,0.6263651471984805
8967,0.20441595441595442
8968,0.2059591642924976
8969,0.07846628679962013
8970,0.04543566001899335
8971,0.13268637226970562
8972,0.07499406457739792
8973,0.7084223646723647
8974,0.33692426400759734
8975,0.8384674738841406
8976,0.569355413105413
8977,0.35134734093067427
8978,0.6895180436847103
8979,0.00982312440645774
8980,0.12606837606837606
8981,0.8139838556505223
8982,0.30884971509971515
8983,0.7280092592592592
8984,0.05979938271604939
8985,0.2607134377967711
8986,0.15239197530864199
8987,0.11295109211775878
8988,0.03991571699905033
8989,0.6221806742640076
8990,0.15853513770180436
8991,0.5113960113960113
8992,0.18298907882241214
8993,0.4199014719848053
8994,0.9615087844254511
8995,0.7253086419753086
8996,0.2726139601139601
8997,0.9387761158594493
8998,0.23254985754985755
8999,0.5126424501424501
9000,0.427854938271605
9001,0.558909069325736
9002,0.12669159544159544
9003,0.9281517094017094
9004,0.4613307217473884
9005,0.8287037037037037
9006,0.8961301044634378
9007,0.48145180436847107
9008,0.35265313390313385
9009,0.24747744539411207
9010,0.8115800094966762
9011,0.8162393162393163
9012,0.19753086419753085
9013,0.1257716049382716
9014,0.4495192307692308
9015,0.09517450142450141
9016,0.615889126305793
9017,0.4233440170940171
9018,0.8022613960113961
9019,0.5865978157644824
9020,0.19503798670465336
9021,0.6519468186134852
9022,0.3770773979107312
9023,0.5677825261158594
9024,0.34642094017094016
9025,0.6737594966761633
9026,0.5051934947768281
9027,0.9894646248812915
9028,0.49988129154795824
9029,0.12399097815764483
9030,0.7173848528015195
9031,0.5890610161443495
9032,0.5580187559354225
9033,0.9570868945868947
9034,0.17565883190883191
9035,0.12541547958214624
9036,0.18316714150047486
9037,0.3066536087369421
9038,0.5365325261158596
9039,0.5057573599240266
9040,0.24198717948717952
9041,0.668417616334283
9042,0.6036324786324786
9043,0.6292141500474834
9044,0.08351139601139601
9045,0.4641797245963913
9046,0.116423314339981
9047,0.40693257359924023
9048,0.4625178062678062
9049,0.9517746913580246
9050,0.4155686134852801
9051,0.9182692307692308
9052,0.2644527540360874
9053,0.19563152896486233
9054,0.2810719373219373
9055,0.6714446818613485
9056,0.6432514245014245
9057,0.36286206077872746
9058,0.9880698005698006
9059,0.35072412155745486
9060,0.2901234567901234
9061,0.6372566476733144
9062,0.8284366096866096
9063,0.23068019943019943
9064,0.1849477682811016
9065,0.6562796771130104
9066,0.543684710351377
9067,0.6153252611585945
9068,0.192218660968661
9069,0.16013770180436848
9070,0.4105531813865147
9071,0.3575201804368471
9072,0.807247150997151
9073,0.7321343779677113
9074,0.8720619658119659
9075,0.03074548907882241
9076,0.819681861348528
9077,0.20803656220322886
9078,0.4724002849002849
9079,0.7426400759734094
9080,0.7705365622032287
9081,0.5246320037986706
9082,0.7221331908831908
9083,0.6959283000949669
9084,0.36974715099715105
9085,0.9200795346628681
9086,0.8424145299145299
9087,0.9493708452041786
9088,0.7833273979107312
9089,0.5341583570750238
9090,0.6179962013295347
9091,0.6734033713200379
9092,0.6905270655270656
9093,0.14621913580246915
9094,0.2569444444444445
9095,0.7341524216524217
9096,0.8721213200379867
9097,0.04697886989553657
9098,0.33469848053181384
9099,0.4890491452991454
9100,0.030864197530864196
9101,0.7954653371320037
9102,0.35389957264957267
9103,0.7753145773979107
9104,0.5311016144349479
9105,0.514363722697056
9106,0.45922364672364674
9107,0.09372032288698956
9108,0.6720975783475783
9109,0.5317545109211776
9110,0.006380579297245964
9111,0.7892331433998101
9112,0.10105056980056981
9113,0.72142094017094
9114,0.144082383665717
9115,0.8098884140550807
9116,0.4251543209876543
9117,0.8348765432098765
9118,0.5968957739791073
9119,0.7334401709401709
9120,0.3905211301044634
9121,0.7159900284900284
9122,0.47610992402659064
9123,0.5888829534662868
9124,0.20916429249762583
9125,0.7063746438746438
9126,0.38419990503323836
9127,0.3175154320987654
9128,0.03852089268755935
9129,0.1684769705603039
9130,0.6936431623931624
9131,0.9304962013295347
9132,0.456849477682811
9133,0.20957977207977208
9134,0.3957146248812915
9135,0.6893696581196581
9136,0.10754985754985753
9137,0.3021130104463438
9138,0.18488841405508072
9139,0.337428774928775
9140,0.8652659069325735
9141,0.45880816714150047
9142,0.28926282051282054
9143,0.7973646723646723
9144,0.48907882241215567
9145,0.2919337606837607
9146,0.08520299145299144
9147,0.41868471035137694
9148,0.5382834757834757
9149,0.48344017094017094
9150,0.5638057929724597
9151,0.06344966761633429
9152,0.7260802469135802
9153,0.5619361348528016
9154,0.8811728395061729
9155,0.9783060303893637
9156,0.7989375593542261
9157,0.8467177113010447
9158,0.6297483380816714
9159,0.033386752136752136
9160,0.6226851851851851
9161,0.16004867046533713
9162,0.456048195631529
9163,0.047364672364672365
9164,0.38713793922127254
9165,0.12146842355175687
9166,0.9353335707502374
9167,0.16022673314339983
9168,0.6229226020892688
9169,0.9513295346628681
9170,0.7929131054131054
9171,0.9161028015194681
9172,0.831315289648623
9173,0.7036443494776828
9174,0.45361467236467234
9175,0.2856422127255461
9176,0.029588081671415006
9177,0.6350605413105413
9178,0.6662808641975309
9179,0.36761039886039887
9180,0.12719610636277304
9181,0.6603157644824312
9182,0.02062559354226021
9183,0.15351970560303896
9184,0.6558641975308642
9185,0.24350071225071224
9186,0.43755935422602094
9187,0.17773622981956314
9188,0.17426400759734093
9189,0.8044575023741691
9190,0.08226495726495726
9191,0.47231125356125353
9192,0.9703525641025642
9193,0.03157644824311491
9194,0.14268755935422603
9195,0.10912274453941122
9196,0.7823183760683761
9197,0.23620014245014245
9198,0.10312796771130105
9199,0.3382300569800569
9200,0.298403371320038
9201,0.9965277777777778
9202,0.27026946818613484
9203,0.3629510921177588
9204,0.5603632478632479
9205,0.02946937321937322
9206,0.7005876068376068
9207,0.7046236942070276
9208,0.06885090218423551
9209,0.1585648148148148
9210,0.8989791073124406
9211,0.8260624406457739
9212,0.6214684235517569
9213,0.4210292022792023
9214,0.16087962962962962
9215,0.2709223646723647
9216,0.5753501899335233
9217,0.2514541785375119
9218,0.5555258784425451
9219,0.33683523266856596
9220,0.21732549857549857
9221,0.682573599240266
9222,0.5238603988603989
9223,0.9074667616334282
9224,0.46115265906932573
9225,0.905122269705603
9226,0.9523088793922128
9227,0.2720797720797721
9228,0.07929724596391263
9229,0.11229819563152899
9230,0.4416547958214625
9231,0.4426934947768281
9232,0.8528311965811967
9233,0.06926638176638177
9234,0.32638888888888884
9235,0.4103454415954417
9236,0.12001424501424501
9237,0.4630816714150047
9238,0.5441001899335233
9239,0.42411562203228875
9240,0.7424026590693259
9241,0.5434769705603039
9242,0.006499287749287749
9243,0.962428774928775
9244,0.16883309591642925
9245,0.29697886989553657
9246,0.639363722697056
9247,0.26400759734093066
9248,0.9658119658119658
9249,0.9911562203228871
9250,0.2200261158594492
9251,0.6866096866096866
9252,0.10912274453941122
9253,0.018874643874643875
9254,0.4337606837606837
9255,0.9927291073124406
9256,0.49842711301044634
9257,0.6691892212725546
9258,0.8376068376068376
9259,0.23833689458689458
9260,0.3912037037037037
9261,0.9279439696106362
9262,0.7774513295346628
9263,0.13645536562203228
9264,0.3429487179487179
9265,0.1969669990503324
9266,0.8225011870845206
9267,0.6709401709401709
9268,0.33597459639126304
9269,0.8057929724596392
9270,0.07811016144349477
9271,0.014126305792972462
9272,0.5618174264007597
9273,0.37633547008547
9274,0.2801519468186135
9275,0.15218423551756885
9276,0.12155745489078822
9277,0.527599715099715
9278,0.9782763532763532
9279,0.41307573599240266
9280,0.7552231718898387
9281,0.9408831908831908
9282,0.6031873219373219
9283,0.7781339031339032
9284,0.46480294396961064
9285,0.5958273979107312
9286,0.500267094017094
9287,0.6707621082621084
9288,0.4804427825261159
9289,0.2928537511870845
9290,0.3440467711301045
9291,0.41010802469135804
9292,0.6860161443494777
9293,0.6190349002849004
9294,0.5011574074074074
9295,0.6605235042735043
9296,0.5001780626780626
9297,0.9342948717948718
9298,0.3615265906932574
9299,0.0844017094017094
9300,0.286502849002849
9301,0.6874406457739791
9302,0.37405033238366575
9303,0.37942188983855646
9304,0.3261217948717949
9305,0.05424976258309592
9306,0.512701804368471
9307,0.7701804368471036
9308,0.8913817663817664
9309,0.9292497625830959
9310,0.2964150047483381
9311,0.8372507122507122
9312,0.8017865622032287
9313,0.7845144824311491
9314,0.2975724121557455
9315,0.68284069325736
9316,0.8422661443494777
9317,0.7368530389363723
9318,0.033060303893637226
9319,0.2797067901234568
9320,0.19266381766381765
9321,0.8158831908831908
9322,0.7587844254510921
9323,0.6280864197530863
9324,0.13601020892687557
9325,0.3020833333333333
9326,0.6299857549857549
9327,0.3861882716049383
9328,0.7490800094966762
9329,0.44773860398860393
9330,0.8115206552706553
9331,0.40470679012345684
9332,0.2849596391263058
9333,0.19168447293447297
9334,0.6627196106362773
9335,0.168417616334283
9336,0.5087250712250712
9337,0.7615443969610637
9338,0.3924501424501425
9339,0.6652421652421653
9340,0.4706493352326686
9341,0.3065645773979107
9342,0.36959876543209874
9343,0.1748278727445394
9344,0.4896723646723647
9345,0.02216880341880342
9346,0.30484330484330485
9347,0.3242818138651472
9348,0.23809947768281103
9349,0.5003264482431149
9350,0.34508547008547
9351,0.12882834757834757
9352,0.33644943019943013
9353,0.3195928300094967
9354,0.2529380341880342
9355,0.6686550332383666
9356,0.4874465811965812
9357,0.24486585944919279
9358,0.5981718898385565
9359,0.9281220322886989
9360,0.3783535137701805
9361,0.008072174738841406
9362,0.2010030864197531
9363,0.1593957739791073
9364,0.706849477682811
9365,0.026917141500474834
9366,0.4594610636277303
9367,0.8935185185185185
9368,0.48109567901234573
9369,0.3459757834757835
9370,0.8925391737891738
9371,0.6888651471984805
9372,0.15144230769230768
9373,0.03442545109211776
9374,0.286235754985755
9375,0.5618174264007597
9376,0.8111348528015195
9377,0.34986348528015193
9378,0.9945394112060778
9379,0.5221094491927826
9380,0.22340930674264006
9381,0.9522198480531814
9382,0.4041429249762583
9383,0.9369361348528015
9384,0.7121616809116809
9385,0.8978216999050334
9386,0.03593898385565052
9387,0.7018933998100665
9388,0.6793684710351378
9389,0.7534425451092118
9390,0.1759852801519468
9391,0.5621735517568851
9392,0.2807454890788224
9393,0.2934472934472935
9394,0.6641737891737892
9395,0.811698717948718
9396,0.21507003798670465
9397,0.9954297245963913
9398,0.07371794871794872
9399,0.01875593542260209
9400,0.7005579297245964
9401,0.2004985754985755
9402,0.39621913580246915
9403,0.12345679012345678
9404,0.9528133903133903
9405,0.719877730294397
9406,0.011247625830959165
9407,0.05834520417853751
9408,0.7154558404558404
9409,0.5787333808167142
9410,0.8631291547958214
9411,0.5273622981956315
9412,0.29914529914529914
9413,0.31309354226020897
9414,0.1848587369420703
9415,0.5727089268755936
9416,0.1929605887939221
9417,0.22011514719848055
9418,0.3443138651471985
9419,0.5960648148148149
9420,0.9159247388414055
9421,0.49261039886039887
9422,0.9854582146248813
9423,0.23403371320037988
9424,0.8077516619183286
9425,0.946076685660019
9426,0.6735220797720798
9427,0.4816001899335233
9428,0.40052231718898385
9429,0.6979760208926876
9430,0.0038580246913580245
9431,0.8492402659069326
9432,0.11835232668566002
9433,0.8980294396961064
9434,0.06629867046533713
9435,0.9962903608736942
9436,0.9401412630579298
9437,0.0701863722697056
9438,0.6531932573599241
9439,0.08885327635327635
9440,0.6693969610636277
9441,0.7620489078822411
9442,0.41818019943019946
9443,0.3689161918328585
9444,0.3584698480531814
9445,0.8731006647673314
9446,0.05991809116809116
9447,0.9609152421652422
9448,0.3604582146248813
9449,0.20848171889838554
9450,0.3306030389363723
9451,0.13369539411206077
9452,0.9586004273504273
9453,0.6731659544159544
9454,0.17280982905982908
9455,0.28053774928774927
9456,0.08024691358024691
9457,0.7099952516619185
9458,0.10333570750237416
9459,0.6535493827160493
9460,0.29050925925925924
9461,0.8735754985754985
9462,0.6506410256410257
9463,0.3543744064577398
9464,0.4934710351377018
9465,0.00860636277302944
9466,0.6312321937321937
9467,0.8481718898385565
9468,0.48373694207027546
9469,0.019943019943019943
9470,0.9157169990503324
9471,0.11909425451092116
9472,0.8733084045584046
9473,0.4816001899335232
9474,0.8836063627730294
9475,0.2131113485280152
9476,0.2857312440645774
9477,0.4211479107312441
9478,0.6875890313390314
9479,0.4696403133903135
9480,0.8438687084520416
9481,0.9113544634377968
9482,0.5986764007597342
9483,0.8693019943019943
9484,0.4466702279202279
9485,0.5887642450142451
9486,0.8857134377967713
9487,0.7823183760683761
9488,0.9458689458689459
9489,0.5841642924976258
9490,0.08906101614434947
9491,0.21527777777777776
9492,0.9796415004748339
9493,0.4844788698955365
9494,0.47421058879392214
9495,0.015343067426400759
9496,0.10912274453941119
9497,0.4411502849002849
9498,0.6622447768281102
9499,0.9071403133903134
9500,0.5930080721747388
9501,0.43770773979107314
9502,0.9216820987654321
9503,0.9449786324786325
9504,0.6503145773979108
9505,0.786502849002849
9506,0.9789886039886039
9507,0.2057514245014245
9508,0.274335232668566
9509,0.46821581196581197
9510,0.15378679962013295
9511,0.5865087844254511
9512,0.618886514719848
9513,0.768221747388414
9514,0.5508368945868946
9515,0.35369183285849953
9516,0.594284188034188
9517,0.2907169990503324
9518,0.27469135802469136
9519,0.3130638651471985
9520,0.022228157644824314
9521,0.22533831908831906
9522,0.6557454890788225
9523,0.3629510921177588
9524,0.3559769705603039
9525,0.0353454415954416
9526,0.7102326685660018
9527,0.3502789648622982
9528,0.34858736942070273
9529,0.4443850902184236
9530,0.27104107312440645
9531,0.23068019943019943
9532,0.1869361348528015
9533,0.7119242640075973
9534,0.7890550807217475
9535,0.8097400284900284
9536,0.16666666666666666
9537,0.9780686134852802
9538,0.18479938271604937
9539,0.7167913105413106
9540,0.8626543209876543
9541,0.6001009021842355
9542,0.6245548433048432
9543,0.058612298195631525
9544,0.18025878442545107
9545,0.44420702754036084
9546,0.9179724596391262
9547,0.785434472934473
9548,0.13627730294396964
9549,0.5284009971509972
9550,0.7889957264957266
9551,0.7529677113010447
9552,0.922542735042735
9553,0.7394052706552707
9554,0.9581552706552706
9555,0.6200439221272555
9556,0.15633903133903135
9557,0.9358677587844255
9558,0.3817367046533713
9559,0.4153905508072175
9560,0.004807692307692308
9561,0.46278490028490027
9562,0.985576923076923
9563,0.5771011396011395
9564,0.9416844729344729
9565,0.08636039886039885
9566,0.39013532763532766
9567,0.9722518993352326
9568,0.3312262583095917
9569,0.4154202279202279
9570,0.4042022792022792
9571,0.3559472934472934
9572,0.5389957264957265
9573,0.8037452516619182
9574,0.7858499525166193
9575,0.3333630104463438
9576,0.9381232193732193
9577,0.6235458214624882
9578,0.06626899335232668
9579,0.0891500474833808
9580,0.8565111585944919
9581,0.8409306742640076
9582,0.12031101614434947
9583,0.7974833808167142
9584,0.8618530389363723
9585,0.23100664767331436
9586,0.07662630579297246
9587,0.13298314339981007
9588,0.8478454415954415
9589,0.1538164767331434
9590,0.48804012345679015
9591,0.6457739791073124
9592,0.76195987654321
9593,0.1932573599240266
9594,0.8716761633428299
9595,0.9486882716049383
9596,0.25611348528015193
9597,0.8672542735042735
9598,0.9367580721747388
9599,0.48029439696106363
9600,0.867818138651472
9601,0.7354582146248813
9602,0.10927113010446343
9603,0.44201092117758783
9604,0.4836479107312441
9605,0.51195987654321
9606,0.00430318138651472
9607,0.6220026115859448
9608,0.7744242640075973
9609,0.7309769705603039
9610,0.10977564102564102
9611,0.04840337132003799
9612,0.12215099715099716
9613,0.44880698005698
9614,0.7169100189933523
9615,0.5381944444444444
9616,0.8689755460588794
9617,0.22673314339981007
9618,0.7236170465337132
9619,0.561698717948718
9620,0.08582621082621082
9621,0.5414589268755935
9622,0.1360695631528965
9623,0.6963734567901234
9624,0.6094195156695156
9625,0.05525878442545109
9626,0.4101673789173789
9627,0.3330959164292498
9628,0.9192485754985755
9629,0.7945156695156695
9630,0.8668091168091169
9631,0.9874762583095915
9632,0.9776828110161443
9633,0.3812915479582146
9634,0.41206671415004753
9635,0.99335232668566
9636,0.966019705603039
9637,0.06024453941120608
9638,0.327991452991453
9639,0.4378264482431149
9640,0.5656754510921177
9641,0.1899928774928775
9642,0.4775641025641026
9643,0.5535671889838557
9644,0.9421889838556505
9645,0.45753205128205127
9646,0.6569622507122507
9647,0.721480294396961
9648,0.005430911680911681
9649,0.5466524216524217
9650,0.14239078822412155
9651,0.9682454890788224
9652,0.7571225071225071
9653,0.6081433998100665
9654,0.605650522317189
9655,0.243085232668566
9656,0.6853335707502374
9657,0.8624169040835707
9658,0.9985161443494777
9659,0.3743471035137702
9660,0.2688746438746439
9661,0.31282644824311495
9662,0.9251839981006649
9663,0.09846866096866097
9664,0.07947530864197531
9665,0.4718660968660969
9666,0.29653371320037986
9667,0.3736942070275404
9668,0.6025641025641025
9669,0.45714624881291543
9670,0.7699726970560304
9671,0.6794278252611585
9672,0.32811016144349475
9673,0.32169990503323836
9674,0.7465277777777778
9675,0.5186075498575499
9676,0.4587488129154796
9677,0.024810066476733145
9678,0.8951507597340931
9679,0.2701507597340931
9680,0.6866690408357075
9681,0.7301460113960113
9682,0.5760921177587844
9683,0.8923907882241217
9684,0.29502018043684713
9685,0.7839209401709403
9686,0.46382359924026595
9687,0.4613603988603989
9688,0.2817545109211776
9689,0.11306980056980058
9690,0.5622625830959165
9691,0.8352623456790124
9692,0.4940942545109212
9693,0.20839268755935422
9694,0.7740384615384616
9695,0.11063627730294397
9696,0.8900759734093068
9697,0.6181149097815765
9698,0.34971509971509973
9699,0.1250593542260209
9700,0.511039886039886
9701,0.44830246913580246
9702,0.9786918328584995
9703,0.5164707977207977
9704,0.30893874643874647
9705,0.5347222222222222
9706,0.7904499050332383
9707,0.459104938271605
9708,0.2052469135802469
9709,0.5897732668566001
9710,0.6886870845204179
9711,0.43818257359924023
9712,0.6939992877492877
9713,0.7378917378917379
9714,0.09469966761633429
9715,0.3362416904083571
9716,0.5727089268755936
9717,0.1804665242165242
9718,0.15271842355175688
9719,0.4673254985754986
9720,0.9661977682811017
9721,0.9297542735042735
9722,0.3893043684710351
9723,0.13841405508072177
9724,0.5235933048433049
9725,0.8352623456790123
9726,0.5070928300094967
9727,0.5341880341880342
9728,0.6476139601139601
9729,0.17939814814814814
9730,0.939755460588794
9731,0.26816239316239315
9732,0.030181623931623932
9733,0.11114078822412156
9734,0.37304131054131057
9735,0.7509496676163342
9736,0.4647435897435897
9737,0.2900641025641026
9738,0.4464624881291548
9739,0.957650759734093
9740,0.4063390313390314
9741,0.2879273504273504
9742,0.31701092117758783
9743,0.7828228869895537
9744,0.30478395061728397
9745,0.7728810541310541
9746,0.1528074548907882
9747,0.6917735042735043
9748,0.7533831908831908
9749,0.9138176638176638
9750,0.10039767331433998
9751,0.9721035137701804
9752,0.13482312440645774
9753,0.8883547008547009
9754,0.6535493827160493
9755,0.9802647198480532
9756,0.5224952516619182
9757,0.9187143874643874
9758,0.5079237891737892
9759,0.1846806742640076
9760,0.04822530864197531
9761,0.631588319088319
9762,0.013414055080721748
9763,0.5086360398860399
9764,0.8278430674264007
9765,0.49958452041785373
9766,0.4415657644824311
9767,0.8349952516619182
9768,0.7108262108262108
9769,0.07270892687559355
9770,0.7406220322886989
9771,0.45251661918328584
9772,0.339357787274454
9773,0.7397317188983856
9774,0.16625118708452039
9775,0.4326032763532764
9776,0.05445750237416904
9777,0.4870607787274454
9778,0.4855769230769231
9779,0.5256410256410257
9780,0.9714506172839507
9781,0.4895536562203229
9782,0.7860280151946819
9783,0.5556149097815765
9784,0.6877077397910732
9785,0.9111467236467236
9786,0.7178300094966761
9787,0.5911384140550807
9788,0.03234805318138651
9789,0.5603929249762584
9790,0.6193613485280153
9791,0.3253798670465337
9792,0.4852801519468186
9793,0.456582383665717
9794,0.7670643399810068
9795,0.44043803418803423
9796,0.34428418803418803
9797,0.8235102089268755
9798,0.7054546533713201
9799,0.27525522317188983
9800,0.303389126305793
9801,0.16215574548907882
9802,0.5241274928774929
9803,0.1639957264957265
9804,0.7926163342830009
9805,0.10565052231718898
9806,0.8129451566951568
9807,0.38419990503323836
9808,0.23584401709401712
9809,0.4271130104463438
9810,0.07324311490978158
9811,0.14648622981956316
9812,0.2921415004748338
9813,0.027065527065527065
9814,0.43132716049382713
9815,0.6224774453941121
9816,0.5668922127255461
9817,0.3386158594491928
9818,0.699875356125356
9819,0.8830721747388415
9820,0.38126187084520424
9821,0.40426163342830007
9822,0.08650878442545111
9823,0.8838437796771129
9824,0.6491571699905033
9825,0.9410612535612536
9826,0.10158475783475783
9827,0.9784247388414055
9828,0.6944741215574549
9829,0.7576863722697057
9830,0.9182395536562203
9831,0.11980650522317189
9832,0.3932811016144349
9833,0.5343957739791073
9834,0.34523385565052234
9835,0.6534009971509972
9836,0.9414025403608738
9837,0.9832324311490979
9838,0.00738960113960114
9839,0.30976970560303896
9840,0.985102089268756
9841,0.3006588319088319
9842,0.7168506647673315
9843,0.7751661918328585
9844,0.45975783475783477
9845,0.041993114909781575
9846,0.8097993827160493
9847,0.6727801519468186
9848,0.25400641025641024
9849,0.06460707502374169
9850,0.584639126305793
9851,0.37666191832858503
9852,0.466820987654321
9853,0.17417497625830958
9854,0.4905923551756885
9855,0.5829475308641975
9856,0.36197174738841403
9857,0.8910256410256411
9858,0.33386752136752135
9859,0.8250534188034188
9860,0.3844669990503324
9861,0.37280389363722694
9862,0.36900522317188983
9863,0.05837488129154795
9864,0.8547305318138653
9865,0.9845679012345679
9866,0.33900166191832853
9867,0.02347459639126306
9868,0.7070868945868947
9869,0.45073599240265905
9870,0.8103335707502374
9871,0.9481837606837606
9872,0.4605294396961064
9873,0.27386039886039887
9874,0.8157941595441596
9875,0.5061728395061729
9876,0.42283950617283955
9877,0.5104166666666666
9878,0.2781339031339031
9879,0.8393281101614435
9880,0.11265432098765432
9881,0.8810838081671415
9882,0.8882656695156695
9883,0.27104107312440645
9884,0.2245963912630579
9885,0.33923907882241217
9886,0.5550807217473884
9887,0.1654795821462488
9888,0.890491452991453
9889,0.9945987654320988
9890,0.6162749287749287
9891,0.20168566001899335
9892,0.43723290598290604
9893,0.6528371320037986
9894,0.41740859449192785
9895,0.43714387464387466
9896,0.7884912155745489
9897,0.5021070750237416
9898,0.31626899335232667
9899,0.5160553181386515
9900,0.5649335232668565
9901,0.3645239791073125
9902,0.33671652421652426
9903,0.4938271604938272
9904,0.7703881766381766
9905,0.39503205128205127
9906,0.49329297245963916
9907,0.7143577872744539
9908,0.047364672364672365
9909,0.9055080721747388
9910,0.9281517094017094
9911,0.4563746438746438
9912,0.32457858499525166
9913,0.1926934947768281
9914,0.547008547008547
9915,0.9633784425451092
9916,0.4480947293447293
9917,0.3969313865147199
9918,0.14678300094966762
9919,0.7101139601139601
9920,0.21575261158594491
9921,0.6634021842355176
9922,0.004243827160493828
9923,0.6585351377018044
9924,0.5322886989553657
9925,0.6282644824311491
9926,0.4256291547958215
9927,0.6052350427350428
9928,0.08731006647673316
9929,0.8655330009496676
9930,0.8937262583095916
9931,0.7116274928774929
9932,0.47702991452991456
9933,0.5895655270655271
9934,0.1306386514719848
9935,0.795079534662868
9936,0.9644171415004749
9937,0.649335232668566
9938,0.6571403133903134
9939,0.37959995251661915
9940,0.5589387464387464
9941,0.2854641500474834
9942,0.40773385565052234
9943,0.11398979107312442
9944,0.2665004748338082
9945,0.8994836182336181
9946,0.34754867046533716
9947,0.4460173314339981
9948,0.29733499525166196
9949,0.0699786324786325
9950,0.3327101139601139
9951,0.55252849002849
9952,0.10366215574548908
9953,0.9799976258309592
9954,0.7743649097815765
9955,0.5113366571699905
9956,0.7918447293447294
9957,0.15251068376068377
9958,0.9257181861348528
9959,0.587903608736942
9960,0.7495845204178537
9961,0.22070868945868946
9962,0.3019052706552707
9963,0.13164767331434
9964,0.560778727445394
9965,0.24177943969610638
9966,0.10318732193732194
9967,0.0681980056980057
9968,0.45251661918328584
9969,0.0714031339031339
9970,0.41358024691358025
9971,0.9796711775878443
9972,0.3057336182336183
9973,0.27872744539411204
9974,0.2692307692307692
9975,0.9234033713200379
9976,0.6868471035137702
9977,0.5560007122507123
9978,0.4347993827160494
9979,0.03433641975308642
9980,0.43002136752136755
9981,0.4592830009496676
9982,0.08330365622032289
9983,0.5625
9984,0.229255698005698
9985,0.03935185185185185
9986,0.29454534662868
9987,0.5329712725546059
9988,0.4182692307692308
9989,0.30294396961063624
9990,0.5114256885090218
9991,0.871349715099715
9992,0.4397257834757835
9993,0.2988485280151947
9994,0.7760268281101613
9995,0.01655982905982906
9996,0.591494539411206
9997,0.7160790598290597
9998,0.9700854700854701
9999,0.37265550807217473
10000,0.6282348053181387
10001,0.9095441595441596
10002,0.6659840930674265
10003,0.6322412155745489
10004,0.1660434472934473
10005,0.8979700854700855
10006,0.8992758784425451
10007,0.20328822412155745
10008,0.958570750237417
10009,0.8852682811016144
10010,0.46946225071225073
10011,0.22812796771130106
10012,0.8358855650522315
10013,0.17215693257359924
10014,0.5765669515669516
10015,0.4705009496676163
10016,0.32956433998100665
10017,0.10817307692307691
10018,0.032526115859449194
10019,0.3879392212725546
10020,0.2944266381766382
10021,0.33754748338081675
10022,0.9483024691358025
10023,0.9732905982905983
10024,0.7388117283950617
10025,0.19218898385565053
10026,0.18304843304843307
10027,0.3506944444444445
10028,0.8167141500474834
10029,0.4140847578347578
10030,0.04092473884140551
10031,0.40589387464387466
10032,0.752255460588794
10033,0.8387048907882241
10034,0.08757716049382715
10035,0.16165123456790123
10036,0.45408950617283955
10037,0.863960113960114
10038,0.15004748338081672
10039,0.6816239316239315
10040,0.5504807692307693
10041,0.118085232668566
10042,0.8408416429249762
10043,0.22115384615384617
10044,0.6279973884140552
10045,0.14179724596391263
10046,0.08834876543209876
10047,0.8272495251661919
10048,0.5377789648622983
10049,0.7924382716049383
10050,0.08745845204178537
10051,0.6936431623931624
10052,0.9603216999050334
10053,0.43551163342830007
10054,0.7503561253561254
10055,0.5739553656220323
10056,0.09499643874643875
10057,0.9169040835707504
10058,0.9083867521367521
10059,0.342622269705603
10060,0.8112535612535613
10061,0.4533772554605888
10062,0.032407407407407406
10063,0.3626246438746439
10064,0.9519527540360874
10065,0.48486467236467234
10066,0.385238603988604
10067,0.26747981956315287
10068,0.15797127255460588
10069,0.30855294396961064
10070,0.32995014245014237
10071,0.7434413580246915
10072,0.8996913580246915
10073,0.7697946343779677
10074,0.612031101614435
10075,0.8319978632478632
10076,0.8824786324786325
10077,0.35259377967711303
10078,0.2384556030389364
10079,0.48530982905982906
10080,0.45040954415954415
10081,0.40343067426400764
10082,0.6905864197530865
10083,0.08193850902184235
10084,0.5202991452991452
10085,0.6607905982905983
10086,0.4461360398860399
10087,0.7808641975308642
10088,0.2527896486229819
10089,0.7968304843304844
10090,0.022109449192782526
10091,0.4252730294396961
10092,0.05062915479582147
10093,0.29050925925925924
10094,0.701062440645774
10095,0.29766144349477686
10096,0.23403371320037988
10097,0.9372032288698954
10098,0.5606600189933524
10099,0.6047008547008547
10100,0.10953822412155745
10101,0.06241096866096866
10102,0.3597459639126306
10103,0.15832739791073125
10104,0.8942010921177589
10105,0.05822649572649572
10106,0.5717592592592592
10107,0.04282407407407407
10108,0.6364553656220323
10109,0.4293091168091168
10110,0.5037689933523267
10111,0.2106778252611586
10112,0.1536977682811016
10113,0.3894230769230769
10114,0.5379273504273505
10115,0.04994658119658119
10116,0.7680733618233617
10117,0.3344017094017094
10118,0.5426163342830009
10119,0.7253086419753086
10120,0.6411443494776828
10121,0.5065289648622983
10122,0.5950854700854701
10123,0.5062321937321937
10124,0.06950379867046534
10125,0.4008190883190883
10126,0.9468779677113011
10127,0.275730056980057
10128,0.34288936372269707
10129,0.30255816714150047
10130,0.53392094017094
10131,0.7564696106362773
10132,0.6908535137701804
10133,0.4598765432098766
10134,0.9425451092117759
10135,0.33692426400759734
10136,0.11648266856600191
10137,0.08300688509021842
10138,0.7011514719848053
10139,0.8404558404558404
10140,0.6063924501424501
10141,0.5657348053181387
10142,0.16957502374169042
10143,0.40301519468186137
10144,0.03644349477682811
10145,0.1282644824311491
10146,0.4536740265906933
10147,0.6688330959164293
10148,0.7490206552706553
10149,0.7924382716049383
10150,0.4493411680911681
10151,0.2731778252611586
10152,0.0978454415954416
10153,0.8583511396011395
10154,0.37318969610636277
10155,0.1889838556505223
10156,0.719017094017094
10157,0.610102089268756
10158,0.7288698955365622
10159,0.5485814339981006
10160,0.9407348053181387
10161,0.18672839506172836
10162,0.8809057454890787
10163,0.9917497625830959
10164,0.08466880341880341
10165,0.1336657169990503
10166,0.015046296296296295
10167,0.7482193732193733
10168,0.641292735042735
10169,0.8421474358974358
10170,0.07425213675213675
10171,0.6038105413105413
10172,0.6414707977207977
10173,0.5844017094017094
10174,0.05852326685660019
10175,0.6542022792022792
10176,0.048136277302943974
10177,0.9907407407407408
10178,0.22622863247863248
10179,0.3241631054131054
10180,0.5095263532763533
10181,0.07187796771130105
10182,0.29365503323836656
10183,0.9117105887939222
10184,0.9900878442545108
10185,0.8641381766381766
10186,0.6490978157644824
10187,0.3124109686609686
10188,0.2758190883190883
10189,0.07083926875593542
10190,0.009348290598290598
10191,0.9369954890788224
10192,0.9020655270655271
10193,0.6025047483380818
10194,0.46557454890788225
10195,0.284306742640076
10196,0.739227207977208
10197,0.25649928774928776
10198,0.39429012345679015
10199,0.44097222222222227
10200,0.05617877492877493
10201,0.1423017568850902
10202,0.32312440645773977
10203,0.18723290598290598
10204,0.8267153371320037
10205,0.15316358024691357
10206,0.9848349952516618
10207,0.16212606837606838
10208,0.9236704653371319
10209,0.8327397910731243
10210,0.9519824311490979
10211,0.7238841405508071
10212,0.8521783000949669
10213,0.6704653371320038
10214,0.546741452991453
10215,0.2237951092117759
10216,0.680051044634378
10217,0.8027659069325738
10218,0.09929962013295346
10219,0.31626899335232667
10220,0.5128501899335233
10221,0.1468423551756885
10222,0.04315052231718899
10223,0.9046177587844255
10224,0.8241037511870846
10225,0.3831315289648623
10226,0.25810185185185186
10227,0.9932336182336181
10228,0.13378442545109212
10229,0.6885980531813866
10230,0.987624643874644
10231,0.16699311490978155
10232,0.5766559829059829
10233,0.5728276353276354
10234,0.42666785375118704
10235,0.15948480531813866
10236,0.25225546058879394
10237,0.7133190883190883
10238,0.3505163817663817
10239,0.8503383190883191
10240,0.4025700379867046
10241,0.2956730769230769
10242,0.4732312440645774
10243,0.4003442545109212
10244,0.07606244064577398
10245,0.8623872269705603
10246,0.3343423551756885
10247,0.6956908831908831
10248,0.7459639126305794
10249,0.7792616334283
10250,0.0795940170940171
10251,0.19931149097815762
10252,0.20394112060778727
10253,0.8008962488129154
10254,0.5662393162393162
10255,0.4264304368471035
10256,0.8440467711301046
10257,0.7951388888888888
10258,0.16556861348528015
10259,0.26243471035137705
10260,0.9424857549857549
10261,0.14577397910731246
10262,0.0018399810066476732
10263,0.764363722697056
10264,0.7574786324786325
10265,0.14797008547008547
10266,0.7346866096866096
10267,0.8304843304843305
10268,0.1271070750237417
10269,0.3041013770180437
10270,0.7312143874643874
10271,0.09455128205128205
10272,0.415687321937322
10273,0.7809235517568851
10274,0.7256350902184235
10275,0.5331493352326685
10276,0.606718898385565
10277,0.5292022792022792
10278,0.5384912155745489
10279,0.9507063152896486
10280,0.2209164292497626
10281,0.7506825735992403
10282,0.20539529914529916
10283,0.7182158119658119
10284,0.6250593542260209
10285,0.335440408357075
10286,0.46803774928774927
10287,0.6248219373219374
10288,0.8701923076923076
10289,0.8146367521367521
10290,0.34012939221272553
10291,0.3001839981006648
10292,0.14084757834757836
10293,0.40013651471984807
10294,0.7208867521367521
10295,0.6282051282051282
10296,0.9283594491927825
10297,0.528786799620133
10298,0.35033831908831914
10299,0.5222875118708452
10300,0.8693316714150047
10301,0.05086657169990503
10302,0.787304131054131
10303,0.39013532763532766
10304,0.569414767331434
10305,0.19797602089268754
10306,0.8312262583095916
10307,0.4545346628679962
10308,0.5095263532763532
10309,0.5368886514719848
10310,0.390224358974359
10311,0.5295287274453941
10312,0.9328110161443495
10313,0.2985517568850902
10314,0.0005935422602089269
10315,0.75465930674264
10316,0.6358915004748339
10317,0.38327991452991456
10318,0.6851851851851852
10319,0.15960351377018045
10320,0.49106718898385565
10321,0.3930733618233619
10322,0.5162333808167142
10323,0.44067545109211775
10324,0.013295346628679962
10325,0.6199548907882241
10326,0.6760743114909782
10327,0.13612891737891739
10328,0.8134793447293447
10329,0.4721035137701804
10330,0.21352682811016144
10331,0.37749287749287747
10332,0.33757716049382713
10333,0.6614731718898385
10334,0.830514007597341
10335,0.863099477682811
10336,0.6406695156695157
10337,0.6645892687559355
10338,0.705721747388414
10339,0.6907941595441596
10340,0.774335232668566
10341,0.38422958214624875
10342,0.7767094017094017
10343,0.8746735517568851
10344,0.7816951566951568
10345,0.1616215574548908
10346,0.9131054131054132
10347,0.8777599715099714
10348,0.40298551756885087
10349,0.8050807217473884
10350,0.5214862298195632
10351,0.9081493352326686
10352,0.18545227920227922
10353,0.8647613960113961
10354,0.7015966286799621
10355,0.5346628679962012
10356,0.48293566001899335
10357,0.4020952041785375
10358,0.9450379867046533
10359,0.1607312440645774
10360,0.884704415954416
10361,0.8856540835707502
10362,0.08538105413105412
10363,0.16856600189933524
10364,0.5914055080721748
10365,0.15699192782526117
10366,0.3581433998100665
10367,0.16084995251661918
10368,0.963230056980057
10369,0.27021011396011396
10370,0.03602801519468186
10371,0.6370785849952516
10372,0.2509496676163343
10373,0.6763414055080722
10374,0.9143815289648624
10375,0.010594729344729345
10376,0.20925332383665718
10377,0.5333570750237416
10378,0.717948717948718
10379,0.24177943969610638
10380,0.46966999050332375
10381,0.24379748338081672
10382,0.9245904558404558
10383,0.997002611585945
10384,0.31149097815764476
10385,0.29914529914529914
10386,0.4080306267806268
10387,0.051430436847103515
10388,0.3419693732193732
10389,0.33576685660018996
10390,0.6602267331433999
10391,0.0957977207977208
10392,0.5488485280151947
10393,0.13609924026590695
10394,0.7868589743589743
10395,0.5040954415954416
10396,0.6936728395061728
10397,0.47702991452991456
10398,0.8657704178537512
10399,0.49130460588793917
10400,0.7515135327635328
10401,0.7029024216524217
10402,0.7181861348528015
10403,0.33259140550807215
10404,0.15473646723646725
10405,0.7415716999050331
10406,0.7135268281101613
10407,0.11535493827160492
10408,0.9313568376068376
10409,0.42459045584045585
10410,0.7186906457739791
10411,0.42690527065527073
10412,0.49780389363722694
10413,0.29267568850902187
10414,0.9529320987654321
10415,0.5032644824311491
10416,0.7372981956315289
10417,0.3351139601139601
10418,0.9420999525166192
10419,0.5155508072174739
10420,0.7856718898385565
10421,0.87767094017094
10422,0.7307098765432097
10423,0.4562559354226021
10424,0.7785493827160495
10425,0.59042616334283
10426,0.13764245014245013
10427,0.3275759734093068
10428,0.19776828110161446
10429,0.28537511870845206
10430,0.543417616334283
10431,0.7265254036087371
10432,0.9185363247863249
10433,0.5007716049382717
10434,0.11915360873694207
10435,0.3398326210826211
10436,0.3972875118708452
10437,0.07356956315289649
10438,0.09357193732193732
10439,0.014660493827160495
10440,0.007686372269705603
10441,0.8202754036087369
10442,0.8732490503323836
10443,0.6953941120607787
10444,0.590366809116809
10445,0.22613960113960116
10446,0.06389482431149097
10447,0.7631172839506174
10448,0.12675094966761632
10449,0.9691654795821463
10450,0.9588675213675213
10451,0.5896248812915479
10452,0.9576507597340931
10453,0.774542972459639
10454,0.630252849002849
10455,0.1460707502374169
10456,0.10953822412155745
10457,0.07273860398860399
10458,0.8818850902184235
10459,0.4231066001899335
10460,0.2540657644824311
10461,0.6484152421652422
10462,0.5810185185185185
10463,0.4096331908831909
10464,0.8953584995251661
10465,0.2950201804368471
10466,0.46961063627730293
10467,0.24836775878442544
10468,0.7487238841405509
10469,0.8003917378917379
10470,0.8000059354226021
10471,0.18384971509971507
10472,0.764838556505223
10473,0.46854226020892686
10474,0.5878442545109213
10475,0.2462310066476733
10476,0.42850783475783477
10477,0.9750415479582147
10478,0.8252314814814814
10479,0.3687381291547958
10480,0.924264007597341
10481,0.8887701804368472
10482,0.5987060778727445
10483,0.43177231718898385
10484,0.9041726020892688
10485,0.27670940170940167
10486,0.4929368471035138
10487,0.417289886039886
10488,0.3121735517568851
10489,0.6414707977207977
10490,0.7479226020892688
10491,0.29967948717948717
10492,0.015877255460588793
10493,0.9719848053181387
10494,0.5488188509021842
10495,0.9338200379867047
10496,0.5491156220322887
10497,0.3212844254510921
10498,0.6147020417853751
10499,0.3014304368471035
10500,0.9664648622981957
10501,0.6880341880341879
10502,0.7388117283950617
10503,0.9237298195631528
10504,0.5534188034188035
10505,0.20681980056980057
10506,0.6589209401709402
10507,0.5051044634377968
10508,0.2954059829059829
10509,0.36772910731244063
10510,0.8188509021842355
10511,0.6136336657169991
10512,0.27908357075023743
10513,0.42907169990503324
10514,0.804991690408357
10515,0.09179131054131055
10516,0.7818732193732193
10517,0.26715337132003797
10518,0.6231896961063628
10519,0.7937440645773979
10520,0.9742402659069326
10521,0.6460707502374169
10522,0.09271130104463438
10523,0.17331433998100665
10524,0.8699252136752137
10525,0.7455781101614435
10526,0.646545584045584
10527,0.7102920227920229
10528,0.8260624406457739
10529,0.895269468186135
10530,0.3974655745489079
10531,0.2992936847103514
10532,0.328525641025641
10533,0.39986942070275405
10534,0.42126661918328584
10535,0.6513532763532763
10536,0.9323658594491927
10537,0.43776709401709407
10538,0.20566239316239318
10539,0.4274097815764482
10540,0.7701804368471036
10541,0.8613188509021844
10542,0.48373694207027546
10543,0.854522792022792
10544,0.7909840930674265
10545,0.8688271604938271
10546,0.9964684235517569
10547,0.7793506647673314
10548,0.20230887939221273
10549,0.9301400759734092
10550,0.5527362298195632
10551,0.06917735042735042
10552,0.12045940170940171
10553,0.2830009496676163
10554,0.8362120132953467
10555,0.46584164292497626
10556,0.6129807692307693
10557,0.3530982905982906
10558,0.8284662867996202
10559,0.827397910731244
10560,0.35823243114909786
10561,0.015224358974358976
10562,0.5572471509971509
10563,0.8395655270655271
10564,0.7639185660018993
10565,0.08167141500474834
10566,0.6917735042735043
10567,0.2203525641025641
10568,0.39509140550807215
10569,0.5010090218423552
10570,0.6794278252611586
10571,0.4191298670465337
10572,0.5135921177587844
10573,0.6281160968660968
10574,0.9261336657169991
10575,0.05499169040835707
10576,0.11817426400759734
10577,0.9039648622981957
10578,0.8282288698955366
10579,0.41372863247863245
10580,0.03783831908831909
10581,0.20732431149097816
10582,0.8782348053181387
10583,0.9072590218423552
10584,0.20955009496676166
10585,0.8911740265906932
10586,0.6473468660968661
10587,0.8880876068376069
10588,0.17791429249762583
10589,0.566684472934473
10590,0.6592770655270656
10591,0.08641975308641975
10592,0.8052884615384616
10593,0.30543684710351376
10594,0.2438568376068376
10595,0.03935185185185185
10596,0.5338022317188984
10597,0.889363722697056
10598,0.5224358974358974
10599,0.48151115859449184
10600,0.5600961538461539
10601,0.8125
10602,0.40933641975308643
10603,0.8834283000949666
10604,0.0025522317188983856
10605,0.7848112535612536
10606,0.9644764957264957
10607,0.12339743589743589
10608,0.31882122507122507
10609,0.49937678062678065
10610,0.40325261158594494
10611,0.8771664292497626
10612,0.13238960113960113
10613,0.3614969135802469
10614,0.22851377018043686
10615,0.32552825261158597
10616,0.5397970085470086
10617,0.698065052231719
10618,0.8609330484330484
10619,0.1052053656220323
10620,0.8741690408357075
10621,0.5858262108262108
10622,0.7225783475783475
10623,0.47150997150997154
10624,0.4252730294396961
10625,0.5811075498575499
10626,0.5064696106362773
10627,0.4320097340930675
10628,0.6655686134852802
10629,0.05101495726495726
10630,0.9454534662867996
10631,0.010386989553656219
10632,0.3241037511870845
10633,0.21453584995251662
10634,0.735576923076923
10635,0.8413758309591644
10636,0.7594373219373219
10637,0.9920762108262108
10638,0.463764245014245
10639,0.5970144824311491
10640,0.5691179962013296
10641,0.6127730294396961
10642,0.6150581671415004
10643,0.04964981006647673
10644,0.2276531339031339
10645,0.9878620607787275
10646,0.07745726495726496
10647,0.09971509971509972
10648,0.04267568850902184
10649,0.8445216049382717
10650,0.5991512345679012
10651,0.521872032288699
10652,0.9844195156695156
10653,0.605650522317189
10654,0.830187559354226
10655,0.5762405033238366
10656,0.9573539886039887
10657,0.5501543209876543
10658,0.6268103038936371
10659,0.18426519468186134
10660,0.024988129154795823
10661,0.9123041310541312
10662,0.1900819088319088
10663,0.5782882241215574
10664,0.3911443494776828
10665,0.14755460588793923
10666,0.6741156220322887
10667,0.6547067901234568
10668,0.7364969135802469
10669,0.1157704178537512
10670,0.22459639126305794
10671,0.035820275403608735
10672,0.011277302943969612
10673,0.590099715099715
10674,0.6923670465337132
10675,0.750267094017094
10676,0.27866809116809116
10677,0.9555733618233617
10678,0.3893043684710351
10679,0.3868708452041785
10680,0.037126068376068376
10681,0.7052765906932574
10682,0.29602920227920226
10683,0.7020121082621081
10684,0.23326210826210825
10685,0.9145002374169042
10686,0.9642094017094017
10687,0.2420465337132004
10688,0.19245607787274455
10689,0.820008309591643
10690,0.07757597340930673
10691,0.6544990503323836
10692,0.8847934472934472
10693,0.8058226495726496
10694,0.17218660968660968
10695,0.7227267331433999
10696,0.3725961538461538
10697,0.12761158594491928
10698,0.8075142450142451
10699,0.9944503798670464
10700,0.8400403608736942
10701,0.5030567426400759
10702,0.1025344254510921
10703,0.9090693257359924
10704,0.7010030864197532
10705,0.9320097340930674
10706,0.7679546533713201
10707,0.904053893637227
10708,0.03258547008547008
10709,0.5297958214624882
10710,0.04709757834757835
10711,0.013414055080721748
10712,0.4908594491927825
10713,0.508576685660019
10714,0.06042260208926875
10715,0.6438746438746439
10716,0.8032110636277302
10717,0.41966405508072174
10718,0.011396011396011395
10719,0.5186372269705603
10720,0.7899453941120608
10721,0.9433167141500475
10722,0.907051282051282
10723,0.8836953941120607
10724,0.04326923076923076
10725,0.49839743589743596
10726,0.8522376543209876
10727,0.9731718898385565
10728,0.24261039886039884
10729,0.39046177587844255
10730,0.12547483380816715
10731,0.9846569325735993
10732,0.4785137701804369
10733,0.36737298195631524
10734,0.534900284900285
10735,0.925065289648623
10736,0.1311431623931624
10737,0.6691892212725546
10738,0.03148741690408357
10739,0.8259437321937323
10740,0.6137820512820512
10741,0.5833036562203229
10742,0.8021426875593543
10743,0.07861467236467237
10744,0.8069503798670464
10745,0.5746972934472935
10746,0.7767094017094017
10747,0.11490978157644822
10748,0.9404677113010447
10749,0.9879214150047484
10750,0.8065942545109211
10751,0.15856481481481483
10752,0.3295940170940171
10753,0.5680496201329535
10754,0.5078347578347578
10755,0.15693257359924026
10756,0.5403905508072174
10757,0.7600011870845204
10758,0.7160493827160495
10759,0.40811965811965806
10760,0.6547364672364672
10761,0.11152659069325736
10762,0.40298551756885087
10763,0.7003501899335233
10764,0.8825676638176638
10765,0.8485576923076924
10766,0.3875237416904083
10767,0.43373100664767333
10768,0.0692960588793922
10769,0.5470975783475783
10770,0.9699074074074074
10771,0.36571106362773026
10772,0.2241809116809117
10773,0.030359686609686614
10774,0.12437678062678063
10775,0.6869658119658121
10776,0.6997566476733144
10777,0.2562915479582146
10778,0.4166963437796771
10779,0.8436609686609686
10780,0.06389482431149097
10781,0.48056149097815765
10782,0.03181386514719848
10783,0.7935660018993351
10784,0.42515432098765427
10785,0.6267509496676164
10786,0.8984745963912631
10787,0.4424264007597341
10788,0.1938212250712251
10789,0.9844491927825261
10790,0.66820987654321
10791,0.3400700379867047
10792,0.08920940170940171
10793,0.793625356125356
10794,0.5968660968660969
10795,0.7787571225071225
10796,0.3854166666666667
10797,0.37057811016144354
10798,0.770684947768281
10799,0.6035731244064576
10800,0.6121498100664767
10801,0.2964150047483381
10802,0.09633190883190883
10803,0.3384674738841406
10804,0.9751009021842355
10805,0.840366809116809
10806,0.31309354226020897
10807,0.3928062678062678
10808,0.29154795821462487
10809,0.5609864672364672
10810,0.8690052231718898
10811,0.26878561253561256
10812,0.2445690883190883
10813,0.21290360873694206
10814,0.35170346628679966
10815,0.6593364197530863
10816,0.43969610636277306
10817,0.9172008547008547
10818,0.424798195631529
10819,0.445809591642925
10820,0.04089506172839506
10821,0.37992640075973405
10822,0.30101495726495725
10823,0.34698480531813863
10824,0.12989672364672367
10825,0.3292082146248813
10826,0.3547008547008546
10827,0.012286324786324786
10828,0.701270180436847
10829,0.43209876543209874
10830,0.2932098765432099
10831,0.6860754985754985
10832,0.624732905982906
10833,0.26816239316239315
10834,0.4338497150997151
10835,0.6377908357075025
10836,0.15123456790123457
10837,0.7276828110161443
10838,0.6687143874643874
10839,0.5930674264007597
10840,0.13603988603988604
10841,0.5259081196581196
10842,0.8106006647673314
10843,0.9044990503323836
10844,0.6526887464387464
10845,0.34995251661918325
10846,0.492818138651472
10847,0.2487832383665717
10848,0.6196284425451092
10849,0.40067070275403616
10850,0.4501424501424502
10851,0.6114375593542261
10852,0.8496854226020893
10853,0.28938152896486224
10854,0.003175451092117759
10855,0.14461657169990502
10856,0.5003561253561254
10857,0.31086775878442546
10858,0.5716999050332384
10859,0.9014719848053181
10860,0.627196106362773
10861,0.39348884140550805
10862,0.4754570275403609
10863,0.4510921177587844
10864,0.8451745014245015
10865,0.598676400759734
10866,0.43948836657169993
10867,0.3572530864197531
10868,0.2375059354226021
10869,0.9258665716999052
10870,0.641352089268756
10871,0.17524335232668564
10872,0.37583095916429254
10873,0.3855650522317189
10874,0.939161918328585
10875,0.5077160493827161
10876,0.42746913580246915
10877,0.3264185660018994
10878,0.04202279202279202
10879,0.8603395061728395
10880,0.2587250712250712
10881,0.894883665716999
10882,0.8177825261158594
10883,0.7770952041785376
10884,0.931445868945869
10885,0.06341999050332385
10886,0.7927647198480532
10887,0.31404320987654316
10888,0.9199311490978158
10889,0.5103276353276353
10890,0.8441061253561254
10891,0.16954534662867995
10892,0.03985636277302944
10893,0.919485992402659
10894,0.956374643874644
10895,0.9085944919278252
10896,0.49623100664767333
10897,0.1920405982905983
10898,0.15838675213675213
10899,0.08173076923076923
10900,0.18892450142450143
10901,0.6787452516619185
10902,0.34496676163342826
10903,0.5428240740740741
10904,0.14755460588793923
10905,0.6978869895536562
10906,0.5179843304843305
10907,0.37767094017094016
10908,0.7516025641025642
10909,0.10882597340930673
10910,0.8901056505223172
10911,0.9376187084520419
10912,0.11446462488129154
10913,0.8425035612535613
10914,0.9899097815764483
10915,0.8283475783475783
10916,0.9702635327635326
10917,0.5482846628679963
10918,0.6530745489078823
10919,0.5026412630579298
10920,0.9511217948717948
10921,0.9671177587844254
10922,0.8560066476733142
10923,0.8090871320037986
10924,0.7288698955365621
10925,0.5225546058879392
10926,0.7324311490978158
10927,0.23801044634377969
10928,0.7052765906932574
10929,0.9475902184235517
10930,0.6945037986704653
10931,0.480650522317189
10932,0.14464624881291546
10933,0.5492936847103513
10934,0.5902777777777777
10935,0.9191298670465337
10936,0.6428359449192783
10937,0.5472162867996201
10938,0.9094254510921177
10939,0.6199548907882242
10940,0.8583214624881291
10941,0.9782466761633429
10942,0.7337666191832858
10943,0.13716761633428298
10944,0.1549145299145299
10945,0.6157407407407408
10946,0.18687678062678062
10947,0.2979582146248813
10948,0.047691120607787275
10949,0.16918922127255462
10950,0.11538461538461538
10951,0.8555021367521368
10952,0.3482609211775878
10953,0.24899097815764482
10954,0.44025997150997154
10955,0.5648444919278253
10956,0.7516619183285851
10957,0.02166429249762583
10958,0.2651056505223172
10959,0.03641381766381766
10960,0.8911146723646723
10961,0.6974418328584995
10962,0.7699133428300096
10963,0.6184710351377019
10964,0.012048907882241215
10965,0.7925569800569799
10966,0.8712013295346629
10967,0.8671949192782525
10968,0.5678715574548908
10969,0.49875356125356124
10970,0.28160612535612534
10971,0.5269171415004749
10972,0.7337962962962963
10973,0.7501483855650523
10974,0.621349715099715
10975,0.735042735042735
10976,0.490562678062678
10977,0.8923017568850903
10978,0.5385505698005698
10979,0.04985754985754986
10980,0.8560956790123457
10981,0.6913877018043685
10982,0.967088081671415
10983,0.4169931149097816
10984,0.270477207977208
10985,0.8760980531813866
10986,0.3342830009496676
10987,0.19806505223171889
10988,0.5025819088319089
10989,0.3690052231718899
10990,0.3589446818613485
10991,0.36482075023741695
10992,0.1625118708452042
10993,0.3461538461538461
10994,0.028964862298195632
10995,0.5709876543209876
10996,0.6791013770180436
10997,0.28671058879392214
10998,0.2521070750237417
10999,0.37327872744539414
11000,0.23884140550807217
11001,0.1310838081671415
11002,0.683849715099715
11003,0.6815349002849004
11004,0.945809591642925
11005,0.052854938271604944
11006,0.04665242165242165
11007,0.5083392687559355
11008,0.5572174738841406
11009,0.2613960113960114
11010,0.3310778727445394
11011,0.03676994301994302
11012,0.5311016144349477
11013,0.7188983855650521
11014,0.34591642924976257
11015,0.492551044634378
11016,0.11672008547008546
11017,0.8707858499525166
11018,0.08128561253561255
11019,0.4642687559354226
11020,0.8487654320987654
11021,0.18034781576448242
11022,0.5668922127255461
11023,0.023860398860398865
11024,0.7830306267806267
11025,0.43770773979107314
11026,0.7714862298195632
11027,0.6440527065527065
11028,0.8173967236467236
11029,0.22373575498575496
11030,0.2136455365622032
11031,0.13060897435897437
11032,0.8687974833808166
11033,0.33867521367521364
11034,0.1636692782526116
11035,0.8578169515669516
11036,0.42171177587844255
11037,0.9672661443494777
11038,0.6425391737891738
11039,0.9711835232668565
11040,0.11870845204178537
11041,0.3518518518518518
11042,0.9191001899335233
11043,0.38624762583095923
11044,0.5711360398860399
11045,0.827397910731244
11046,0.16660731244064578
11047,0.7042082146248813
11048,0.2395239791073124
11049,0.07662630579297247
11050,0.782110636277303
11051,0.6460410731244065
11052,0.6842651946818613
11053,0.7354878917378916
11054,0.9616274928774929
11055,0.8407229344729346
11056,0.4797008547008547
11057,0.3632478632478633
11058,0.46168684710351376
11059,0.3356184710351377
11060,0.6419159544159544
11061,0.7541547958214626
11062,0.9091880341880342
11063,0.027154558404558406
11064,0.8313152896486229
11065,0.9032526115859448
11066,0.3589446818613486
11067,0.43393874643874647
11068,0.8854166666666666
11069,0.8801044634377968
11070,0.43043684710351376
11071,0.2302647198480532
11072,0.8736942070275404
11073,0.37232905982905984
11074,0.9840040360873695
11075,0.3184057454890788
11076,0.4666429249762583
11077,0.2679843304843305
11078,0.7381291547958214
11079,0.2018043684710351
11080,0.015313390313390312
11081,0.21020299145299146
11082,0.8600130579297245
11083,0.417289886039886
11084,0.2098468660968661
11085,0.4498160018993353
11086,0.6077279202279203
11087,0.050540123456790126
11088,0.08288817663817664
11089,0.9556920702754036
11090,0.947946343779677
11091,0.1542616334283001
11092,0.8924798195631528
11093,0.7656991927825261
11094,0.47928537511870845
11095,0.8828941120607787
11096,0.713170702754036
11097,0.3806386514719848
11098,0.5216049382716049
11099,0.8711716524216525
11100,0.46103395061728397
11101,0.6137820512820513
11102,0.26026828110161443
11103,0.8881766381766382
11104,0.4094551282051282
11105,0.5083689458689459
11106,0.9218601614434947
11107,0.9502018043684709
11108,0.6347934472934472
11109,0.9141441120607787
11110,0.43162393162393164
11111,0.8997507122507123
11112,0.33502492877492873
11113,0.022732668566001896
11114,0.4303774928774929
11115,0.6171949192782527
11116,0.5783475783475783
11117,0.9058345204178537
11118,0.47091642924976257
11119,0.9098112535612536
11120,0.06899928774928775
11121,0.40636870845204176
11122,0.09929962013295346
11123,0.9909781576448243
11124,0.8053774928774929
11125,0.9452012108262107
11126,0.40942545109211775
11127,0.4449192782526116
11128,0.9285078347578347
11129,0.18744064577397912
11130,0.4038461538461539
11131,0.8970204178537512
11132,0.4017687559354226
11133,0.7073243114909782
11134,0.3961597815764482
11135,0.9488960113960113
11136,0.5760624406457739
11137,0.12425807217473885
11138,0.8824192782526117
11139,0.22815764482431147
11140,0.8876721272554605
11141,0.24376780626780628
11142,0.4842711301044635
11143,0.8889482431149097
11144,0.15052231718898382
11145,0.5814933523266856
11146,0.9242343304843305
11147,0.16990147198480532
11148,0.9389245014245015
11149,0.37502967711301044
11150,0.8139245014245015
11151,0.4555733618233618
11152,0.17607431149097816
11153,0.812232905982906
11154,0.2564696106362773
11155,0.6046415004748339
11156,0.2654024216524216
11157,0.6679131054131053
11158,0.9539707977207977
11159,0.15230294396961064
11160,0.8734567901234568
11161,0.9271723646723647
11162,0.6405211301044634
11163,0.8133903133903134
11164,0.26569919278252613
11165,0.6299857549857549
11166,0.5130579297245964
11167,0.2379214150047483
11168,0.9553359449192783
11169,0.6519171415004749
11170,0.23510208926875595
11171,0.8267746913580246
11172,0.3614078822412156
11173,0.0584045584045584
11174,0.4719551282051282
11175,0.6054724596391263
11176,0.2240622032288699
11177,0.9077932098765431
11178,0.07499406457739792
11179,0.12140906932573599
11180,0.8081374643874644
11181,0.5976377018043685
11182,0.942218660968661
11183,0.7309769705603039
11184,0.014037274453941123
11185,0.8404261633428299
11186,0.33564814814814814
11187,0.972340930674264
11188,0.45729463437796763
11189,0.5541607312440646
11190,0.35108024691358025
11191,0.9834698480531814
11192,0.6014363722697055
11193,0.33576685660018996
11194,0.4976851851851851
11195,0.5431208452041786
11196,0.15666547958214624
11197,0.2732371794871795
11198,0.7955840455840457
11199,0.8352029914529915
11200,0.6217651946818613
11201,0.09668803418803418
11202,0.0059650997150997144
11203,0.47269705603038936
11204,0.04448599240265907
11205,0.24875356125356127
11206,0.08051400759734094
11207,0.5343660968660968
11208,0.1553596866096866
11209,0.9080899810066477
11210,0.3483499525166192
11211,0.3985636277302944
11212,0.4181801994301994
11213,0.07259021842355176
11214,0.7644824311490979
11215,0.4195156695156695
11216,0.4884259259259259
11217,0.5837488129154796
11218,0.4906517094017094
11219,0.981778252611586
11220,0.41619183285849953
11221,0.6223587369420703
11222,0.5728276353276353
11223,0.010505698005698005
11224,0.296474358974359
11225,0.9810363247863249
11226,0.13467473884140552
11227,0.5015135327635327
11228,0.6959579772079771
11229,0.4781576448243115
11230,0.020744301994301995
11231,0.9557514245014245
