index,target
0,0.016444683258928828
1,0.8789251390729054
2,0.04052511464472598
3,0.03490905091526227
4,0.9903823906046728
5,0.005604995645387029
6,0.9547213605492418
7,0.16800021708017354
8,0.025994555791866502
9,0.9466738399416532
10,0.007615691685148844
11,0.004462250126812248
12,0.06938486788053815
13,0.599225887658216
14,0.4670812995765403
15,0.3722660854206657
16,0.18177444534817136
17,0.8780390059161706
18,0.7805484691523494
19,0.9768295314560543
20,0.11599374102885766
21,0.7421585546711841
22,0.9805835681803939
23,0.11666625496362815
24,0.9664765541604147
25,0.03236304105576165
26,0.019791899683514184
27,0.012001603745475936
28,0.012497824453635705
29,0.0025115906837366833
30,0.030665933340685292
31,0.0049917125411505885
32,0.006146394783934521
33,0.5147932075846283
34,0.10227022639388195
35,0.18897138100735092
36,0.880546975754246
37,0.008664577468781376
38,0.05625472675516926
39,0.13010213984474278
40,0.09380188138614336
41,0.9570500533877322
42,0.004051848320636317
43,0.3275558193124362
44,0.796421271875461
45,0.018124361927906184
46,0.7823745750805543
47,0.1367374702593024
48,0.4536109726883615
49,0.06485277581923621
50,0.09022314752267058
51,0.006201348750604941
52,0.2810898214699742
53,0.012230236208534898
54,0.11374662301090614
55,0.026843056761490985
56,0.03583972374663367
57,0.9613666290893331
58,0.031655537940982005
59,0.786697933033588
60,0.16818807879126454
61,0.017054030529953555
62,0.8462426711291883
63,0.7273818667058002
64,0.2249242669313798
65,0.004608972429566511
66,0.05697466682153816
67,0.9684573798937945
68,0.9848693506764947
69,0.31723983800035
70,0.07295377976511976
71,0.40708031959524477
72,0.055513795937266706
73,0.09781515593098396
74,0.1328406228587762
75,0.011152313844833681
76,0.0017957850525539755
77,0.004831938720763564
78,0.027446650068872203
79,0.784181051510371
80,0.2166347077181209
81,0.2688423158026993
82,0.10712464558391303
83,0.11254964352625955
84,0.16829597420329287
85,0.5983687958411047
86,0.5196547178022151
87,0.015382707351510991
88,0.13110021625158574
89,0.002166312226838848
90,0.7410798096796695
91,0.04441311459753874
92,0.040743253506253095
93,0.0891859462480679
94,0.11740683591629975
95,0.8157380647399606
96,0.453474263701672
97,0.07007104634951215
98,0.978504700086242
99,0.3486542214962524
100,0.008647944370407269
101,0.081996473538179
102,0.04937904667653533
103,0.12566281513634295
104,0.4476798006222957
105,0.055145181724725455
106,0.9118166647189021
107,0.7648338421882303
108,0.25676731407209047
109,0.12712248106805424
110,0.9252577960818528
111,0.019246631716249508
112,0.10390273658005933
113,0.01174669222348984
114,0.02205971445067691
115,0.24608258174912614
116,0.9761442478463737
117,0.27318817327781125
118,0.31208225300946085
119,0.9904060756342371
120,0.9580933019397571
121,0.0028080129421532763
122,0.28287679778120856
123,0.09032262433504519
124,0.19773225195489275
125,0.09145870048669114
126,0.041517952971298705
127,0.1511952142139843
128,0.10898860225579517
129,0.07587913670947748
130,0.004741509726427556
131,0.03351089279893466
132,0.9896808519834647
133,0.062487102550729985
134,0.9778554769643364
135,0.9250541942753131
136,0.9868999844200385
137,0.9372240222396941
138,0.7079542814168601
139,0.10452811088895342
140,0.014492124014643518
141,0.4407562405371273
142,0.017767440670579334
143,0.07186947725057365
144,0.0037492583977402094
145,0.9813648012142903
146,0.7917768635125793
147,0.9572538382816882
148,0.9532480568302155
149,0.054201180372011916
150,0.6022410026351478
151,0.0743943780817762
152,0.07444777374558435
153,0.014987856545691796
154,0.0531040470755611
155,0.026072086036733815
156,0.4813846639739963
157,0.6125795169100585
158,0.04729564450577894
159,0.05502393620483662
160,0.0060386695585748175
161,0.5539389333575724
162,0.04217879904260386
163,0.7023949541584535
164,0.055967612738788676
165,0.04149160601033535
166,0.13594431821586675
167,0.010584792413569558
168,0.9830623153792946
169,0.006896408935158329
170,0.03925327284648477
171,0.039359297100292824
172,0.15444649073006222
173,0.9054475990844649
174,0.010810371447766831
175,0.009356598072171658
176,0.9599944737580821
177,0.9710687827465817
178,0.00362200189984078
179,0.9421573245024696
180,0.09986636118509418
181,0.04214190713542192
182,0.8037494595689876
183,0.14628610187551547
184,0.939632693438542
185,0.06533886513353436
186,0.6355539781619948
187,0.0053885752233623
188,0.13749755495610844
189,0.01697633409812958
190,0.00786933091997655
191,0.9136306585023862
192,0.05615544658603263
193,0.04732782030155716
194,0.1535653994112415
195,0.9851914661213262
196,0.04540958588489099
197,0.9831186604741015
198,0.1387606773652509
199,0.35263048386874934
200,0.17486152743823347
201,0.028537762914058528
202,0.9622202672272842
203,0.005978680860369905
204,0.03748687167751292
205,0.014989910036004778
206,0.1105200760132317
207,0.8195636567966024
208,0.05771469992825872
209,0.9981921616984014
210,0.09756348273671052
211,0.0032486837303383584
212,0.6040217450521926
213,0.013898443763391001
214,0.020385517477829795
215,0.25067061232154203
216,0.044259645749277675
217,0.5021207110239344
218,0.9608719241899152
219,0.6310328101740235
220,0.13468529629543127
221,0.03314433970897688
222,0.02455722602495565
223,0.023204639920408162
224,0.29181412274025553
225,0.9882279249041276
226,0.9095181446680018
227,0.055697808189699625
228,0.8879833766918005
229,0.00239724649179341
230,0.03712536596888577
231,0.9904808892770792
232,0.194306437081198
233,0.020597982052384885
234,0.2907580698297633
235,0.05128179304040369
236,0.29158898322714194
237,0.5858764099508155
238,0.059347293028412844
239,0.9837823666055363
240,0.04257443029037372
241,0.011533594975821806
242,0.21904659883234637
243,0.30853843915265383
244,0.9206223425995493
245,0.16329459478944927
246,0.17678790962050028
247,0.006570201133752405
248,0.7287861620824104
249,0.9979014749309155
250,0.11139139080077298
251,0.03558199718243898
252,0.04673003887395388
253,0.13650248238108886
254,0.10608109503540876
255,0.17860939262724376
256,0.40397598946381996
257,0.8379558124784697
258,0.01246934015134202
259,0.03581499178638766
260,0.1767826129289314
261,0.07820143570093614
262,0.9963914967476702
263,0.9415165961446994
264,0.006675508896163755
265,0.1100878616558001
266,0.7891940248298104
267,0.10736380941136377
268,0.00656964551854658
269,0.0031282928259913924
270,0.3628465969181005
271,0.41895931130220404
272,0.05458133989967073
273,0.014947644057726058
274,0.9984666517171337
275,0.996006720539859
276,0.10553520221480354
277,0.02545535036397391
278,0.01365636153444689
279,0.04867505978928619
280,0.9573893760688374
281,0.9489758371465475
282,0.9545660396564731
283,0.010644217709285012
284,0.13703130899701213
285,0.10243043533861984
286,0.018012801414996314
287,0.01812705742710276
288,0.9850594837000788
289,0.2895624829372323
290,0.3897521883710647
291,0.9837140035656219
292,0.8426276126006789
293,0.9894915407267572
294,0.004745222184333836
295,0.09640336878382104
296,0.1699471172199316
297,0.07748828318820337
298,0.004676014909012659
299,0.9889334662229952
300,0.13425021079220115
301,0.9296267655345695
302,0.811253478753393
303,0.050439618807081955
304,0.5570344828980341
305,0.7902658479377673
306,0.07053109321949251
307,0.03854270210765335
308,0.4823694236341815
309,0.36981563845806553
310,0.9792359201187653
311,0.0357748002200476
312,0.44889549321669514
313,0.01158066299551593
314,0.4960126151438353
315,0.03136934150946156
316,0.9612732641057787
317,0.025251725991486618
318,0.003481292159372188
319,0.6918443175021647
320,0.2811104501829985
321,0.044454260997571736
322,0.00284884336599717
323,0.029832982598679943
324,0.14317397874155532
325,0.8655169966786239
326,0.05096904806383006
327,0.8907948041778854
328,0.014152058167693576
329,0.010674171884213456
330,0.8404238320826272
331,0.01366610115016624
332,0.23163838028634856
333,0.04181536540268845
334,0.1389805768941492
335,0.3038496757335938
336,0.05516743384240455
337,0.9793609790919091
338,0.0162177508855512
339,0.05369698422851934
340,0.004090083037331844
341,0.9860970990957029
342,0.8494928503467168
343,0.1950590219198142
344,0.06813755198463887
345,0.9643896335894323
346,0.5199271085777145
347,0.07741824495260582
348,0.0027451975592666746
349,0.3296659496178753
350,0.9973938505684504
351,0.041513435420926274
352,0.038834128505634315
353,0.09223502004491986
354,0.17388771807574613
355,0.1788318075551009
356,0.9658943704957114
357,0.023753780742147578
358,0.9742575009271252
359,0.23267972799119066
360,0.10858001948969355
361,0.5944103342335054
362,0.008722307975270037
363,0.05536788100893881
364,0.004889516961244937
365,0.6607402120551222
366,0.024329895320501643
367,0.3826658753000726
368,0.3908481698216135
369,0.9654389872809261
370,0.6392768213697826
371,0.8992689741278438
372,0.028300911140983456
373,0.17275192114262952
374,0.02874818271546255
375,0.8261340174146768
376,0.11211834991636939
377,0.028984864605979422
378,0.031798588235261716
379,0.005274021695486704
380,0.07373116475652099
381,0.1394450548784775
382,0.9768559664205271
383,0.13746134422620643
384,0.12085307123131757
385,0.17363042096012948
386,0.04025413241141308
387,0.5140320395162523
388,0.09681655012810687
389,0.03175298977960051
390,0.741706446521182
391,0.014403849542001574
392,0.015236793456377837
393,0.7481872948507654
394,0.9828900106988933
395,0.8065971366634147
396,0.967518749145292
397,0.3733421693767817
398,0.13343155965975156
399,0.002715868355777073
400,0.049871494999667115
401,0.003852174789942127
402,0.008185680203949467
403,0.11056853245051419
404,0.010260808627386353
405,0.037333306838624035
406,0.9850423995749011
407,0.46107872227452656
408,0.02819013393640381
409,0.15721440072916737
410,0.09322843826782279
411,0.8541069694480785
412,0.15832915517721424
413,0.49463156507727907
414,0.08790003230053088
415,0.048423358282127356
416,0.9531770409378716
417,0.1800305587593829
418,0.07965296924218147
419,0.9880239047498703
420,0.10037225250386189
421,0.00306081912963551
422,0.01097716572227464
423,0.7067276408938374
424,0.9325993555257618
425,0.01355005625234171
426,0.061840702507850655
427,0.006067386961120773
428,0.8774095985829766
429,0.9453798130120298
430,0.9952408106562197
431,0.11764142890325703
432,0.35150640118201953
433,0.07013599183703903
434,0.7182652242921747
435,0.02501315594669505
436,0.9773888539950341
437,0.05328204837570468
438,0.06301706853315664
439,0.9846537879193206
440,0.7977324940719733
441,0.08434739894326763
442,0.03207526756784968
443,0.007599385596521184
444,0.19661578377577982
445,0.025756758187168233
446,0.9923551537251795
447,0.20302058202931006
448,0.012800174152762698
449,0.2957435087337088
450,0.12182447140701354
451,0.40419839117420037
452,0.9245026663200099
453,0.28688538820422266
454,0.10734981476839477
455,0.9256090165048847
456,0.8646363072940634
457,0.04347039585215425
458,0.32500823635411874
459,0.5286715215598764
460,0.10637361538150292
461,0.43553211615561677
462,0.3103187876686985
463,0.9387439310509396
464,0.0769823200645069
465,0.9752631913903457
466,0.9416258262709035
467,0.017170881312641165
468,0.8588239091730805
469,0.9626200276672794
470,0.14101881964149962
471,0.3046247471688159
472,0.9633618769744089
473,0.022696886599896354
474,0.03198495393536092
475,0.007956533626651083
476,0.02020856768120448
477,0.06873703847298161
478,0.09798725427918809
479,0.6513280181839949
480,0.015491013519856793
481,0.9894743152485191
482,0.11716729859534875
483,0.9723602797595272
484,0.9530963965729641
485,0.012788434721125971
486,0.028124778139355808
487,0.0848306568388259
488,0.011021284440611788
489,0.01424922157262303
490,0.05090929523721962
491,0.018252150680913914
492,0.0038968296236887314
493,0.04233923367662309
494,0.346135958406967
495,0.08211702350648402
496,0.019490836459589402
497,0.5861326745615115
498,0.20925720796660832
499,0.07777252354594573
500,0.9757444141460697
501,0.07231172166410424
502,0.09700345295335056
503,0.2552626087835383
504,0.7635024958888805
505,0.22279680944652816
506,0.012579253456979052
507,0.9885637645351871
508,0.7348744463974793
509,0.046311382437328914
510,0.09328872844230783
511,0.6009428074024581
512,0.018321376355885214
513,0.9776567003944591
514,0.9664560650072186
515,0.9610522730112754
516,0.9722637464615197
517,0.45100953886259504
518,0.13317801979203492
519,0.09959956992361456
520,0.617452152512079
521,0.14284805660807431
522,0.9086072794984362
523,0.5945061302786141
524,0.11041454806980511
525,0.9595399513281256
526,0.4487110886175197
527,0.0071636761887052675
528,0.3317587814632599
529,0.9882082342625482
530,0.006972166922248092
531,0.00333295866145698
532,0.02423310367391067
533,0.008912643276869922
534,0.009208334189445798
535,0.06324231635343368
536,0.054219955039620356
537,0.8634558043558206
538,0.052243795436594444
539,0.9635119965439943
540,0.31855558479130736
541,0.04542314668962955
542,0.0026634038629921287
543,0.5195021110517491
544,0.9078648553606387
545,0.009451031772412983
546,0.38767581210206353
547,0.0033741640192997174
548,0.06650639704794838
549,0.02554549241499852
550,0.973346731131501
551,0.7093062144244028
552,0.2611665787445647
553,0.014175510758080117
554,0.07055431968611393
555,0.36819921824901586
556,0.017498259172984792
557,0.09686966034595566
558,0.633656663089872
559,0.010106559668798783
560,0.060976387178429854
561,0.29555660119758226
562,0.9780655005881319
563,0.4907634308348647
564,0.004062225314418899
565,0.9150836054446426
566,0.09061720852338447
567,0.015928625716827804
568,0.4799781989920018
569,0.31937311212905745
570,0.08795770008316135
571,0.12497662875877913
572,0.6706015261570525
573,0.026506602278587768
574,0.41451355371027687
575,0.07307915339768666
576,0.9300306585662788
577,0.006929123189702994
578,0.03857936517239461
579,0.12945360190352403
580,0.1271669592687998
581,0.14685603915629777
582,0.002016276106496476
583,0.007085097248745106
584,0.002758252316943957
585,0.3187920177607964
586,0.6712190782137085
587,0.5946235105265588
588,0.007013987628426484
589,0.10161667047064138
590,0.13515875861032295
591,0.005412497001371508
592,0.06754289031702142
593,0.028092092140406286
594,0.06283969285265872
595,0.2795107853377454
596,0.06031923671718512
597,0.07544924821145786
598,0.20110997487647378
599,0.9574684734618949
600,0.018907492605503277
601,0.013977869560544457
602,0.022253864298975416
603,0.264056786910902
604,0.92134691445445
605,0.03815911385911236
606,0.03906818945943691
607,0.006638311092382971
608,0.006816029325306761
609,0.004764694505679925
610,0.06808716056190178
611,0.09609295036437353
612,0.013614394286360076
613,0.006199233974110215
614,0.1069501252451504
615,0.4488720822964163
616,0.014020485433209958
617,0.026856184341720338
618,0.004681951846090782
619,0.027659352255142457
620,0.012561706852595098
621,0.006315398224590423
622,0.4628509576407009
623,0.0160069972298483
624,0.10264745031055773
625,0.46771211143708796
626,0.7735171961095845
627,0.98520836723916
628,0.007008765387874129
629,0.932167188816115
630,0.017126216934624072
631,0.07196267849877948
632,0.5053589959633095
633,0.9847916867744382
634,0.022574095616182472
635,0.6454102486893919
636,0.008453316365104857
637,0.005222694909953591
638,0.009691664743540298
639,0.9635214042810784
640,0.09324047633880478
641,0.7323196402487979
642,0.03156885210403775
643,0.030340949308874734
644,0.9327667170496374
645,0.013830538710876708
646,0.020743617840871004
647,0.057311745417730396
648,0.1506382239018579
649,0.5141925400885893
650,0.071300044645124
651,0.962840817828219
652,0.9724385980049314
653,0.013248632562231645
654,0.039418154537832636
655,0.003194229843826116
656,0.14356023674926624
657,0.9597260246756961
658,0.49702233636581
659,0.14720184777072362
660,0.011693860834350705
661,0.45814604072426396
662,0.060509010293173494
663,0.15226712382567553
664,0.4834771492285346
665,0.042182398999612514
666,0.030894744931919255
667,0.9633574891120557
668,0.1989579310394686
669,0.7004375226455609
670,0.029374778417822506
671,0.5165154505188984
672,0.06279718463158039
673,0.07331355813309508
674,0.9982513487537931
675,0.04613580658869376
676,0.024285540632504515
677,0.6011961727192797
678,0.0646040339200014
679,0.7169931201208707
680,0.14806575064080474
681,0.03814035158403759
682,0.9486460157433211
683,0.10528348159917966
684,0.21297007812204663
685,0.18470875672099116
686,0.0883168648794438
687,0.039272380886576586
688,0.9689444107340356
689,0.09013518710385876
690,0.9664649075374033
691,0.10051918904767332
692,0.0032402866634168967
693,0.8804445183003958
694,0.02166601809936519
695,0.8339223822841372
696,0.016457475368812858
697,0.3947614826393468
698,0.9948086481257746
699,0.014333666631891942
700,0.021000482904566454
701,0.10025952642143961
702,0.004742066006089456
703,0.0019613035886681036
704,0.03247897032210878
705,0.027423522213355405
706,0.07413543592870488
707,0.43088477699610683
708,0.08245011747429848
709,0.03130367068693247
710,0.06372657790248015
711,0.06371783887729918
712,0.9974392330819812
713,0.052552159126863236
714,0.9203043226805189
715,0.07279211258690305
716,0.005683437254039695
717,0.13716126535198114
718,0.12637708714220097
719,0.012435404405330855
720,0.027617609602543697
721,0.13803816455760584
722,0.32949720920952497
723,0.7272581005839066
724,0.8935815976437779
725,0.6183381860922808
726,0.023660732341424278
727,0.984175734048453
728,0.0671369469796188
729,0.22906359921915564
730,0.17423654561847002
731,0.008859058743246101
732,0.9864851365140916
733,0.9453433803506214
734,0.181411376458358
735,0.03089273340937676
736,0.9459911013850749
737,0.024945848880991967
738,0.18502551744701265
739,0.48251654404537975
740,0.9917387066462219
741,0.6715988760406312
742,0.2587162746053337
743,0.20764617275816052
744,0.07521017344033176
745,0.02083605781552585
746,0.9528508335817133
747,0.862055878778404
748,0.1319505668784616
749,0.6196442700729617
750,0.0579216601707932
751,0.12528382720441708
752,0.0676104512325472
753,0.1684498670601897
754,0.028344534971006214
755,0.0395828413610454
756,0.2755804503393986
757,0.061819780400450774
758,0.005719689962728941
759,0.02072788059234033
760,0.8819140040451167
761,0.0733544654940384
762,0.8179591933435671
763,0.019265680396537664
764,0.004159776801894018
765,0.978327676127333
766,0.24805353167499458
767,0.7749455943738451
768,0.3288762255221825
769,0.47547926967182
770,0.20604810048130662
771,0.01721448276922807
772,0.9833387505932603
773,0.010596901483581903
774,0.21690509366479457
775,0.9954980015418555
776,0.32614940677250037
777,0.010174050517759319
778,0.19434401792641606
779,0.543624320805219
780,0.0071638142122454175
781,0.011118791266614275
782,0.6015032627319491
783,0.029831480004674945
784,0.5620260695370306
785,0.9803620702676893
786,0.7375346925310903
787,0.009645881415350863
788,0.9324931673013444
789,0.035801950458668685
790,0.8482844297228596
791,0.0358951995633012
792,0.06811606155257034
793,0.04418771800263465
794,0.19355370663151614
795,0.15573166805904118
796,0.051756785140795895
797,0.005278484065166546
798,0.8130278314231872
799,0.31413931151872304
800,0.399755277221725
801,0.7754013375755863
802,0.009948626478384908
803,0.003706323247492484
804,0.0466058978160708
805,0.09732496770918049
806,0.011879672500011984
807,0.03818581508494933
808,0.0721660622742018
809,0.2555042239575396
810,0.054179126468494154
811,0.05926556712674564
812,0.977014417106262
813,0.33840584530213674
814,0.9463704677561919
815,0.01719043236486377
816,0.3433666558471436
817,0.9293807443786948
818,0.5812497517263767
819,0.023007953046293512
820,0.9881786028474792
821,0.9978433265981982
822,0.15317381714965442
823,0.017845714292038285
824,0.31833089331704145
825,0.0018864783340700629
826,0.2205182960652228
827,0.08315816738369526
828,0.034197894044713475
829,0.9870454680728914
830,0.839372220358865
831,0.02349194262683607
832,0.9874348527129397
833,0.45327808044297985
834,0.9261466582921778
835,0.0024899889059458815
836,0.2597192110379937
837,0.45985324557831775
838,0.3662913750330432
839,0.9947784374224695
840,0.08297004081027876
841,0.028688788727119108
842,0.12249762172448682
843,0.007163667336946083
844,0.862578834388073
845,0.9972202700253826
846,0.9984374401510624
847,0.01907917916548374
848,0.0047425189311168575
849,0.6944283968936915
850,0.45926458371206297
851,0.8651926827453296
852,0.13912756546127394
853,0.029029275480071903
854,0.9400844870260187
855,0.009722624049491159
856,0.9009906738753096
857,0.9769819529016625
858,0.018539178273910828
859,0.7596820732929802
860,0.008492175044482663
861,0.8971981498338896
862,0.2862564889977225
863,0.9037075073283608
864,0.00561583295124556
865,0.3316075664529047
866,0.9230446951385319
867,0.06944768294049718
868,0.13907647657756858
869,0.7229781890377184
870,0.02744637068931415
871,0.9982930140384236
872,0.02983433511109326
873,0.012180678547883806
874,0.9765987141464895
875,0.838095342968102
876,0.023960977881361662
877,0.11332938663308258
878,0.06655380995583833
879,0.9498122756240184
880,0.04549223699618137
881,0.07818139509675485
882,0.8597869718459711
883,0.22198323132621042
884,0.033101857186062116
885,0.9793985069356284
886,0.025061051208268962
887,0.9400737001326157
888,0.036352518014868745
889,0.012840288367808478
890,0.17606969760641467
891,0.5293907153811102
892,0.23162021457810292
893,0.05850133453774128
894,0.5174210204607735
895,0.2949171050537597
896,0.8610974127810226
897,0.10920737591921026
898,0.003797122220555199
899,0.7258054547487166
900,0.11402362055292903
901,0.006079296304001961
902,0.4052617606289104
903,0.8800187817662123
904,0.027996307154641405
905,0.9651330165255777
906,0.07922469682954011
907,0.007960756092510684
908,0.9874535531068181
909,0.025850398906067513
910,0.031599829781718165
911,0.09607530154655829
912,0.02788822245914809
913,0.06742636013120369
914,0.02206914327314347
915,0.06130979010993351
916,0.18572413977135915
917,0.48173290031250243
918,0.0693238439554753
919,0.494532852114308
920,0.008050206551819837
921,0.01851036549921961
922,0.03453126852963508
923,0.9980279641495811
924,0.9611463637354051
925,0.8976851506803786
926,0.043231933541574126
927,0.09130574953037018
928,0.029556685066447087
929,0.618683914045392
930,0.24320058840018519
931,0.03925650773738205
932,0.9477875060913892
933,0.026393313609831996
934,0.029613648323853926
935,0.07018174205653918
936,0.9906229229494853
937,0.029943985525499876
938,0.03751726379455183
939,0.4799519011063582
940,0.045012722215940194
941,0.9739982877316947
942,0.9540877287776538
943,0.9966702884592241
944,0.48403033892312725
945,0.3683665907282528
946,0.051889462149807074
947,0.729789551164163
948,0.029806419978455744
949,0.04935238752990872
950,0.9826345226970239
951,0.30580675360574183
952,0.3310516495276747
953,0.14394935900700243
954,0.04035914772045443
955,0.4868036879597281
956,0.9849583113690711
957,0.2685780054804313
958,0.022837429847497804
959,0.4666896129734901
960,0.002670356057530016
961,0.9591283285882408
962,0.02646349653275491
963,0.4792406560568969
964,0.36576884284129524
965,0.041768090662039146
966,0.20981128027324022
967,0.00645446302028328
968,0.009344653086466304
969,0.0040571200955188715
970,0.13505671085491522
971,0.1266074093928735
972,0.9981279266513572
973,0.06285529329669119
974,0.46695081621479634
975,0.01059598599497513
976,0.023520003629769675
977,0.8613746843572208
978,0.062385581686261404
979,0.994491203676323
980,0.9315817602741965
981,0.9784476174265261
982,0.40500901948871704
983,0.04213937726979435
984,0.9724047555686903
985,0.05165746479932489
986,0.891343806352443
987,0.1491770380923716
988,0.2352109048912018
989,0.8453664648236477
990,0.9549737264916374
991,0.0780497781360469
992,0.03909090827907411
993,0.04714142602655926
994,0.01762823420673841
995,0.9970538495677768
996,0.031116717849581945
997,0.05683539286091322
998,0.12957427770442834
999,0.8737653944924553
1000,0.9144870283721875
1001,0.9915662385060999
1002,0.007385139645664039
1003,0.007776052885045567
1004,0.5884643070743346
1005,0.8913994988333945
1006,0.9968150765340611
1007,0.38302951328247126
1008,0.0337610473483683
1009,0.2551214655758532
1010,0.026681842239305514
1011,0.08579485655888182
1012,0.048585438130064974
1013,0.24398876923442026
1014,0.5413285311986528
1015,0.0420467921221746
1016,0.018896933095866045
1017,0.5200991350271525
1018,0.8465479272703694
1019,0.0027442457249364297
1020,0.05598317002986256
1021,0.9694241650298542
1022,0.6494104034669709
1023,0.8671503100761425
1024,0.008286076560454188
1025,0.009875334872385164
1026,0.019081654131271466
1027,0.10143924640501673
1028,0.03083467427611832
1029,0.10927293803835159
1030,0.0030752131588238224
1031,0.18302776187082795
1032,0.3850243766964733
1033,0.006813562310638001
1034,0.6535599980338366
1035,0.021238350885707368
1036,0.2236181029024508
1037,0.9724040150805949
1038,0.030077591550267544
1039,0.931728292293719
1040,0.37737401085586936
1041,0.04147701350910141
1042,0.039662486990149265
1043,0.6239611066639239
1044,0.002321348111851622
1045,0.06650421335492492
1046,0.004118904924189699
1047,0.23094939414232382
1048,0.7994837341364979
1049,0.7623055057246896
1050,0.004608480501845678
1051,0.14084788839372353
1052,0.057209137783738595
1053,0.9738107588055321
1054,0.42432002101257105
1055,0.10514096890327544
1056,0.19888555691430554
1057,0.1881055132909858
1058,0.0026925236558866337
1059,0.950942511335109
1060,0.279215456199847
1061,0.03371793901386695
1062,0.005530721364168552
1063,0.33720137498495095
1064,0.9417780665749532
1065,0.04755450427107405
1066,0.01695810553594585
1067,0.1959105334562851
1068,0.15745874505158625
1069,0.9879426860484214
1070,0.20370376321254013
1071,0.5797325895418374
1072,0.019269320360948663
1073,0.9001996266018161
1074,0.005666496530937965
1075,0.021551679781195588
1076,0.0035815915973738516
1077,0.015856807594133836
1078,0.026935500453883803
1079,0.9720380623735688
1080,0.007629088356177279
1081,0.04514833700984364
1082,0.85296039113727
1083,0.06583605355435442
1084,0.9253414742084148
1085,0.6015019851206932
1086,0.7865716649515372
1087,0.5046436572820379
1088,0.002811337706352107
1089,0.9148370155899523
1090,0.04674008983601121
1091,0.9743313236521285
1092,0.057118045018319574
1093,0.1083288851863336
1094,0.9981360995996312
1095,0.8253282608145746
1096,0.0597668872454525
1097,0.7535924251290586
1098,0.021306546044184357
1099,0.4007587324093332
1100,0.157343441471701
1101,0.03162877310298635
1102,0.11096229810471081
1103,0.1610993203462139
1104,0.054096327091751606
1105,0.13936377635981187
1106,0.18673659275683363
1107,0.06775388467139608
1108,0.047001832338440186
1109,0.39429711220894753
1110,0.821381586546084
1111,0.00816678144540539
1112,0.02362748505461591
1113,0.590927103782177
1114,0.40784897748400467
1115,0.1895661425143854
1116,0.1096164760010177
1117,0.7165673950461514
1118,0.15771860179845076
1119,0.01701798325510359
1120,0.024455941216934368
1121,0.04609269817793327
1122,0.043893592005408266
1123,0.4523058188500662
1124,0.03410250708833886
1125,0.1657556032972213
1126,0.9679106912213197
1127,0.45694120024995083
1128,0.02011221276273482
1129,0.0739667839106683
1130,0.008365334585793235
1131,0.022487431329785743
1132,0.010260554172502821
1133,0.004707557560531481
1134,0.9973958124506255
1135,0.020782156358917486
1136,0.021538556900804227
1137,0.003619810864044705
1138,0.9331552688820518
1139,0.17764302053324796
1140,0.6401062454274214
1141,0.9833724330083876
1142,0.006149209784653528
1143,0.11243834078359888
1144,0.9181579215878619
1145,0.9538594759537773
1146,0.9983624859965986
1147,0.0736053345574124
1148,0.003317741422098978
1149,0.3463322373291761
1150,0.979952301208003
1151,0.0020651155384177207
1152,0.17972798684155575
1153,0.985280891605484
1154,0.24325654587597448
1155,0.018350659596672796
1156,0.2759596703485136
1157,0.6170400430100331
1158,0.633251184765261
1159,0.8689401257054449
1160,0.02059283753827761
1161,0.012815318723610998
1162,0.3685679074275556
1163,0.00865955200812449
1164,0.2084584406204164
1165,0.02389348641137526
1166,0.3924369993042371
1167,0.936800675687897
1168,0.9768328681327688
1169,0.7981393829500303
1170,0.005092151714764346
1171,0.02064072714686162
1172,0.950633283940934
1173,0.05173669212464856
1174,0.032803255893076234
1175,0.2622299985955317
1176,0.04728488511835747
1177,0.004703057294135223
1178,0.008564800460028927
1179,0.01009398856330967
1180,0.9583053693651555
1181,0.06838688629301477
1182,0.019829377603029535
1183,0.03939531372226742
1184,0.6878486436943375
1185,0.057505404109596814
1186,0.8667403070451116
1187,0.017815630549470135
1188,0.004608276501562984
1189,0.13862106434914126
1190,0.08843710665253723
1191,0.09566676646900106
1192,0.9745376657648127
1193,0.09509018201924391
1194,0.05842513308972458
1195,0.008152144717277111
1196,0.1703760098864886
1197,0.824238753152433
1198,0.10312891926078381
1199,0.9698988217094064
1200,0.593156907886092
1201,0.09521260195998388
1202,0.42812472288120706
1203,0.030351616514243254
1204,0.6091626404296613
1205,0.025545608346236065
1206,0.7239068889412271
1207,0.027407215658626315
1208,0.19057872091955463
1209,0.06502621902383345
1210,0.9385968440251821
1211,0.6080026851421864
1212,0.011513651383989312
1213,0.010970626777512883
1214,0.015170603632529013
1215,0.032677738439823766
1216,0.01449591468565632
1217,0.49102687687983826
1218,0.08905513125832565
1219,0.016183989636905843
1220,0.9179656301941979
1221,0.10279136782788577
1222,0.5556429469525507
1223,0.052595195059303185
1224,0.21854774868473112
1225,0.7989283226821314
1226,0.12210660778144274
1227,0.9855743070327008
1228,0.09244651172476821
1229,0.7418291774163895
1230,0.006792275246008656
1231,0.9577892882448088
1232,0.5557408994463319
1233,0.02728962711414291
1234,0.0349666297323474
1235,0.851289447187162
1236,0.48470132462985077
1237,0.240860809852346
1238,0.06687676520599274
1239,0.5028873007740544
1240,0.5480233984140832
1241,0.046740786218238316
1242,0.008492442790716453
1243,0.19615811342696787
1244,0.35451750696881845
1245,0.03170615319330281
1246,0.003963236971570419
1247,0.02244988815258542
1248,0.13915456967935977
1249,0.9894305105328748
1250,0.19179302465886902
1251,0.01661396643061717
1252,0.914663308448716
1253,0.9769811776327016
1254,0.9976045465159613
1255,0.7902313334108543
1256,0.0646108996585562
1257,0.9612764455684205
1258,0.007964502647486136
1259,0.9979440323076251
1260,0.47690744129847173
1261,0.09131232492761393
1262,0.002985222955071774
1263,0.006188263665641028
1264,0.04515382421330379
1265,0.9869300892135388
1266,0.00899500792746009
1267,0.9737102721580445
1268,0.08488157863541863
1269,0.02936386725912546
1270,0.4868091788212441
1271,0.020260056234081128
1272,0.05283885759063589
1273,0.4271826188703727
1274,0.9266030761581043
1275,0.217644956490974
1276,0.036643476686314395
1277,0.1702850497118643
1278,0.2598296876897632
1279,0.007971350490684303
1280,0.951224948432612
1281,0.024684587232664063
1282,0.897990624155494
1283,0.03280289495590818
1284,0.08386718144399245
1285,0.48589927448932374
1286,0.25772650150403725
1287,0.4528052108183873
1288,0.3501381744001027
1289,0.0021338606158153887
1290,0.3621334787014138
1291,0.0950583484651719
1292,0.11547752494804912
1293,0.034635291906660794
1294,0.15176661928710902
1295,0.3773005454147473
1296,0.7186321741860814
1297,0.04668893869565579
1298,0.018238556474481957
1299,0.01389509725264496
1300,0.28372281325684195
1301,0.06662488478700375
1302,0.052151802887675604
1303,0.9640018912764369
1304,0.05269127060189289
1305,0.9959106412605913
1306,0.2034034515115395
1307,0.011964917051421607
1308,0.0068786946346532886
1309,0.9870914701760576
1310,0.07152716011078347
1311,0.0364127123077723
1312,0.6705155897935585
1313,0.004339635657440896
1314,0.9473668743808061
1315,0.02242742337587512
1316,0.06632146582979816
1317,0.3885215743648324
1318,0.20300678197798025
1319,0.14214263886684878
1320,0.3432491097344996
1321,0.9679870190875371
1322,0.006484875892267531
1323,0.03800752040182593
1324,0.028251563282099323
1325,0.017444189476233267
1326,0.9702407564666428
1327,0.8855220491774242
1328,0.011693912347831967
1329,0.4122355777270324
1330,0.9674626347790415
1331,0.2469340990664474
1332,0.08306641419201427
1333,0.02398729589076988
1334,0.8455458451257121
1335,0.2636048447287256
1336,0.007669839609527843
1337,0.009246242346618519
1338,0.00858503514618788
1339,0.06143305672150557
1340,0.5219946543491424
1341,0.9357574892614967
1342,0.9523341795407854
1343,0.3363994118844002
1344,0.36166514825912516
1345,0.03610549651069883
1346,0.9979891819291004
1347,0.8288148755039861
1348,0.08335423126801732
1349,0.00881322380620732
1350,0.16916703360704832
1351,0.07576779863489203
1352,0.26608352998436186
1353,0.014131016963196316
1354,0.07236000172219353
1355,0.9846988732209915
1356,0.02126680104946325
1357,0.6482030446161321
1358,0.21545576679761178
1359,0.06645882416386244
1360,0.9525788469673232
1361,0.14305010708120888
1362,0.9089665023822217
1363,0.8689470275495749
1364,0.02097203563570346
1365,0.9582351213425727
1366,0.04707861806572233
1367,0.9294724774428823
1368,0.8151355880906604
1369,0.2714982846432392
1370,0.48932387019853046
1371,0.34717970239090995
1372,0.027632214701061517
1373,0.2508654549027185
1374,0.02281445175025262
1375,0.9492369645662669
1376,0.11469816065438883
1377,0.9983954828588463
1378,0.04317157211067225
1379,0.008392649064128456
1380,0.9131407322831132
1381,0.8437301461819748
1382,0.0019650654005208524
1383,0.987942418544374
1384,0.025011928512300677
1385,0.48504984339011376
1386,0.7640874916073909
1387,0.9616417807157509
1388,0.9116303326199268
1389,0.9977778553481343
1390,0.006533720954715455
1391,0.976173719462598
1392,0.40797907898291585
1393,0.703654241815503
1394,0.006550408440515931
1395,0.5937256689671778
1396,0.06591332113166498
1397,0.04357105535100426
1398,0.020883857405134487
1399,0.9926066702114413
1400,0.02945224837950099
1401,0.009166123624162395
1402,0.0046235940980421854
1403,0.4480132155353213
1404,0.011108403777875317
1405,0.09671988070467454
1406,0.03319316251858356
1407,0.13552919159555296
1408,0.01617747292583065
1409,0.004536993852196841
1410,0.011513918397751649
1411,0.06190328074929158
1412,0.6839630138603997
1413,0.9058976037461176
1414,0.016044473984983848
1415,0.20015535131690879
1416,0.978221059811825
1417,0.12173691024139337
1418,0.16339360196730549
1419,0.5778842060936976
1420,0.27820655454979143
1421,0.9748275132498964
1422,0.04172397724232973
1423,0.005570282011951626
1424,0.011221973488310666
1425,0.01527689790059607
1426,0.028517991057973324
1427,0.006897918212071315
1428,0.038668295668349534
1429,0.012012385141483116
1430,0.13705013254309248
1431,0.6444951478941051
1432,0.05946564993660627
1433,0.7188526635294044
1434,0.6804645435737685
1435,0.0066555392173324865
1436,0.0032931952909570996
1437,0.9702392640726395
1438,0.015589868454874006
1439,0.9754254005438749
1440,0.015016248600353088
1441,0.036377312123742116
1442,0.5724453067042895
1443,0.02693266548178948
1444,0.09738664416597964
1445,0.7465167784959569
1446,0.8516744831497363
1447,0.07500021663467327
1448,0.09014324429050391
1449,0.8176072810070959
1450,0.18426595318651295
1451,0.005971949160044267
1452,0.22574808472069474
1453,0.973118385867735
1454,0.9814442687488855
1455,0.06673981338584685
1456,0.0674503443735514
1457,0.06432116088796812
1458,0.9669586188049176
1459,0.9662043501212355
1460,0.015423340306568922
1461,0.048357814507072085
1462,0.04904186985124953
1463,0.9365952006603995
1464,0.1656873570442596
1465,0.025404518086267813
1466,0.7294017218262877
1467,0.3901531557785734
1468,0.9486231623462986
1469,0.9884038665627952
1470,0.9836486484067725
1471,0.13296032667577506
1472,0.27301033849323814
1473,0.9851318032227834
1474,0.19859698805354897
1475,0.16198822822559525
1476,0.9781530413867525
1477,0.7025369221102532
1478,0.22107047337054944
1479,0.053978284757179223
1480,0.26287265879159166
1481,0.013953062415867171
1482,0.9485529603193316
1483,0.048527059620530034
1484,0.061893636629571015
1485,0.02887551705968581
1486,0.09185286968314772
1487,0.2569855911434285
1488,0.19240230122548718
1489,0.05994024109660839
1490,0.8324848458732359
1491,0.005298527996843747
1492,0.9834613083773687
1493,0.995495013451459
1494,0.9965945125277492
1495,0.09141604099280683
1496,0.6051343106557013
1497,0.026794472592417292
1498,0.8084029547619576
1499,0.8285674096278468
1500,0.05770803531241908
1501,0.04987469980459044
1502,0.13078329981252057
1503,0.07980333664233026
1504,0.03702702912044089
1505,0.26591777707079717
1506,0.10853667182874671
1507,0.9231813486258421
1508,0.03893614121543162
1509,0.01039391705934944
1510,0.13459076888331573
1511,0.5579392150194633
1512,0.05516557483825132
1513,0.4441494093061642
1514,0.8419216798180003
1515,0.02820306539564286
1516,0.0896941717903746
1517,0.0036171597781664844
1518,0.38147169526521524
1519,0.07564436404039773
1520,0.01329259169906817
1521,0.009955828465381454
1522,0.04253303483419424
1523,0.027031488518826752
1524,0.9131802988994968
1525,0.009738027481819815
1526,0.009197060158716396
1527,0.691240030897657
1528,0.024598625263003413
1529,0.9591144234788865
1530,0.0275696709092504
1531,0.28711351672341373
1532,0.9478579676256939
1533,0.09764639584195835
1534,0.031444761820039406
1535,0.006922003075282908
1536,0.07801712775773069
1537,0.538644777378326
1538,0.14037012397169363
1539,0.5689839371533746
1540,0.9419343173395639
1541,0.8202621800941564
1542,0.13446051284642163
1543,0.004545220186651571
1544,0.04170442832519764
1545,0.09276749785165321
1546,0.7538144311381497
1547,0.6449407358317434
1548,0.03711132483486864
1549,0.899470429242145
1550,0.667882917144032
1551,0.09453230515861072
1552,0.004905046637375067
1553,0.8156320355073708
1554,0.027430071181783283
1555,0.012123521305685529
1556,0.005386832461747974
1557,0.058188057705118486
1558,0.011376355467548565
1559,0.2014848971076629
1560,0.027744037621765246
1561,0.04331743534336568
1562,0.20871809436159153
1563,0.26253477307280826
1564,0.2119636336597401
1565,0.01809995690709368
1566,0.0035640151901927815
1567,0.15069173284914986
1568,0.6284076433475589
1569,0.18253290041438375
1570,0.04375469708152389
1571,0.3980231836691234
1572,0.2437471397919644
1573,0.492500346320246
1574,0.26533497695463726
1575,0.044879428880435716
1576,0.8815003821272808
1577,0.0697061247016526
1578,0.005651686438691847
1579,0.542006300977818
1580,0.9769200771146438
1581,0.9743832116706734
1582,0.11226660706826001
1583,0.01712598406806797
1584,0.09285017158690684
1585,0.9717627317716399
1586,0.0266906962520414
1587,0.009598517380538327
1588,0.9631669252042913
1589,0.932458280295683
1590,0.04666212802788805
1591,0.01905889957917527
1592,0.026114486586365365
1593,0.12213556448865694
1594,0.006294441184325885
1595,0.3822547355178106
1596,0.18161325155816557
1597,0.9189336529432373
1598,0.5202130717178618
1599,0.09041947159659887
1600,0.08524103099255258
1601,0.14136737083592854
1602,0.27361487786588307
1603,0.903991639333794
1604,0.8375459227989125
1605,0.9798599275104829
1606,0.01292655991855833
1607,0.028147544664339778
1608,0.04819433116372094
1609,0.8403127001703822
1610,0.9205664841748588
1611,0.7399858768087637
1612,0.0994172161298665
1613,0.06098578897452511
1614,0.04190361803881341
1615,0.9617363609183709
1616,0.13348771056221775
1617,0.003285881029251509
1618,0.026593102612899402
1619,0.05978947563011532
1620,0.07449686672362722
1621,0.8844004168872516
1622,0.07635884439794906
1623,0.12439061287737863
1624,0.976893830818779
1625,0.004636976479741519
1626,0.013142253876059336
1627,0.27085528996740893
1628,0.9893526218545815
1629,0.04724495283064343
1630,0.048307327213464396
1631,0.013421262754410678
1632,0.05564778312282722
1633,0.8565174011081109
1634,0.517520155778009
1635,0.021648187016567618
1636,0.10951724349064534
1637,0.2419359786624452
1638,0.9973247797647193
1639,0.06448645663618756
1640,0.16101650547485644
1641,0.04973406826172403
1642,0.07514223453663842
1643,0.038888011060540434
1644,0.13408279332547937
1645,0.0063073928237970195
1646,0.03415277085133024
1647,0.20839209296682304
1648,0.007539881308716381
1649,0.011911636405611251
1650,0.15052208447472895
1651,0.10714468778364399
1652,0.11586723436010525
1653,0.016867845286028915
1654,0.06365789546767942
1655,0.19654268380350473
1656,0.48558710590861914
1657,0.2171298311250386
1658,0.1808638608623678
1659,0.09743760165753822
1660,0.0062321951756030254
1661,0.6295944535475508
1662,0.16726965235593497
1663,0.17484230469962106
1664,0.006683042145323242
1665,0.6452540695076249
1666,0.40838890758956553
1667,0.9546591309106511
1668,0.03580202676555781
1669,0.02584697274103422
1670,0.013254319260697645
1671,0.11790351431829023
1672,0.09566691032985176
1673,0.00573998062818403
1674,0.9832240742014684
1675,0.020690858998645475
1676,0.004295269467134238
1677,0.571450737849764
1678,0.14637589450741875
1679,0.04845893683070338
1680,0.16297365192188673
1681,0.09747021476178996
1682,0.002193501904349996
1683,0.022693057997513394
1684,0.003956918509643126
1685,0.08806249752913688
1686,0.07174475981014727
1687,0.12625552979608742
1688,0.06609023639769714
1689,0.9980664084191643
1690,0.33798633132426104
1691,0.9474840946306026
1692,0.986993323171954
1693,0.9834589769623143
1694,0.599234607287849
1695,0.9083836203367367
1696,0.9614191465003037
1697,0.04211924151319499
1698,0.2463017608257387
1699,0.5573470402700234
1700,0.2302658844204637
1701,0.011252343969744385
1702,0.027931673317277517
1703,0.9977777403045724
1704,0.007697883445157959
1705,0.4489233211785823
1706,0.07048578759582143
1707,0.22588111235300876
1708,0.012502693449959107
1709,0.9555372992779562
1710,0.003071466950709943
1711,0.07508301999773319
1712,0.029960800883193556
1713,0.19873940082316807
1714,0.19192089716128455
1715,0.003135993612149377
1716,0.013346140572369
1717,0.22853460861229155
1718,0.05808772028448537
1719,0.16419632534432743
1720,0.0027584452239597015
1721,0.03325340193962483
1722,0.03185807194562043
1723,0.8497435315824542
1724,0.004518502898475006
1725,0.055177201628459745
1726,0.013228261331938362
1727,0.3969747888092998
1728,0.37926468935954355
1729,0.013863573631232806
1730,0.9864266642141336
1731,0.38492574224737064
1732,0.008863095377784444
1733,0.98695832462592
1734,0.9670725091288311
1735,0.07657894867572289
1736,0.06105678332734221
1737,0.99818028543873
1738,0.23058010341013935
1739,0.8262774358105304
1740,0.014612618673182457
1741,0.9769060951257372
1742,0.01200984364916155
1743,0.051282978940272235
1744,0.014886767369820192
1745,0.12840637031380778
1746,0.08568424525766018
1747,0.004121304203317514
1748,0.03447410224827819
1749,0.975761142044104
1750,0.05691048066291835
1751,0.0028665605575296776
1752,0.8872033538974368
1753,0.2271417844692011
1754,0.35957463325508465
1755,0.9378466128548665
1756,0.751690624810157
1757,0.024537656437180255
1758,0.13108773020474837
1759,0.012062223360593717
1760,0.7076151614117553
1761,0.014686934180678268
1762,0.8652053176775368
1763,0.2392426949897215
1764,0.06251820737909253
1765,0.06989671746787009
1766,0.02604802278942504
1767,0.8826772953279548
1768,0.9871556593837455
1769,0.0034844003886119364
1770,0.04248051358822089
1771,0.7230254280534748
1772,0.904421368506665
1773,0.9966824701719187
1774,0.5963861592698957
1775,0.9291069819958935
1776,0.7854570677385935
1777,0.002636402070857183
1778,0.051057259297429325
1779,0.4051960403668245
1780,0.005695010818355828
1781,0.9811380097951882
1782,0.019595632138448185
1783,0.8037205101140851
1784,0.20977387344461482
1785,0.01374616524728513
1786,0.568402542368132
1787,0.7698772647454204
1788,0.014244680937839371
1789,0.020322002733522984
1790,0.021181271457988676
1791,0.012887737812086913
1792,0.27579514703911856
1793,0.09737002912239101
1794,0.004202294897899823
1795,0.04371061916698895
1796,0.16195358276859131
1797,0.32740408513147756
1798,0.04457080889184253
1799,0.012632285748048443
1800,0.03166697923896826
1801,0.020056472881104334
1802,0.1726623086561961
1803,0.5481757643897355
1804,0.0017716554205005873
1805,0.11687442569057101
1806,0.6845594904640161
1807,0.011003761464449285
1808,0.08237297428440109
1809,0.028467088848968796
1810,0.01502611808071814
1811,0.01842076154103165
1812,0.2310752776942694
1813,0.05733490709160305
1814,0.23625255741732779
1815,0.06690732346128223
1816,0.06608972669508124
1817,0.3400089115653433
1818,0.031803242004686184
1819,0.06669810358798829
1820,0.9717605553861662
1821,0.012631591952878607
1822,0.18275078792532504
1823,0.29346593781742086
1824,0.030433859406112096
1825,0.9848614613217501
1826,0.017536233940615948
1827,0.9843521299913989
1828,0.007624050068324295
1829,0.11577548530578467
1830,0.34856064025353284
1831,0.05312300206427458
1832,0.05039319113746127
1833,0.9878467472871652
1834,0.07519330404889404
1835,0.015823452652924376
1836,0.023808934627290168
1837,0.028444525910487767
1838,0.017388664150473118
1839,0.024786786640914955
1840,0.060480875746754405
1841,0.9747168076180343
1842,0.11193929427775086
1843,0.18415134611591966
1844,0.009284065993097135
1845,0.9743268891443612
1846,0.06838185523864705
1847,0.03974819010254313
1848,0.8873199607733769
1849,0.38206699239729297
1850,0.11551441911821725
1851,0.04770142597734722
1852,0.07640474180566734
1853,0.0445599031569471
1854,0.06337605048057104
1855,0.01711698833408562
1856,0.9486505791863914
1857,0.0127557965176779
1858,0.03091110078244932
1859,0.15914145152492898
1860,0.10462927664316934
1861,0.01492487430117862
1862,0.17674990358829823
1863,0.005354246727991563
1864,0.7836592358547679
1865,0.007777561153102293
1866,0.056007505759960934
1867,0.05917810468458277
1868,0.35826546015000665
1869,0.9874653937577086
1870,0.04910235493222398
1871,0.3396005434679659
1872,0.09280943193052031
1873,0.02366002785387879
1874,0.6348309610631017
1875,0.30763680067641863
1876,0.03981182120240215
1877,0.011309590988907076
1878,0.009804351659465582
1879,0.09553694656034684
1880,0.11068737167072917
1881,0.12218387599247112
1882,0.005869909368196927
1883,0.9921193888803375
1884,0.9635320324847158
1885,0.0049457545587583635
1886,0.2629183535420384
1887,0.32399665135573075
1888,0.049566585697853736
1889,0.0033992611306869363
1890,0.00799979835118226
1891,0.4032369993859532
1892,0.7786797154644991
1893,0.8995837851461185
1894,0.09344793567951272
1895,0.02084809970441127
1896,0.9379542118713425
1897,0.0026174475579404805
1898,0.886201063370117
1899,0.02598889755284689
1900,0.07450388925596992
1901,0.2574491381429484
1902,0.12236703332217665
1903,0.037228810077152355
1904,0.07805161748386928
1905,0.03451789669834519
1906,0.9985482180271547
1907,0.05166249723582
1908,0.005669477591813937
1909,0.22143609465351624
1910,0.9797901251691291
1911,0.0663789815434815
1912,0.0517325983600749
1913,0.7760786683729833
1914,0.07716243691521586
1915,0.9779935800704803
1916,0.08508760008520354
1917,0.9837930786783473
1918,0.5758233116217483
1919,0.19680913665313715
1920,0.2246325630349256
1921,0.9642004508026115
1922,0.24165327959499108
1923,0.005163991973656787
1924,0.8691843974721323
1925,0.22546302387507802
1926,0.9551205047983767
1927,0.9609862302307581
1928,0.4021928649843553
1929,0.23434065365455412
1930,0.9471120541561527
1931,0.019207074844702392
1932,0.056344050606699635
1933,0.13585572264968557
1934,0.2634274918661132
1935,0.9776697805228104
1936,0.1426378063777712
1937,0.02478220522521124
1938,0.05869739411098459
1939,0.036231465083831994
1940,0.4788788445588157
1941,0.009107268136692975
1942,0.9209529285448369
1943,0.4494724083492348
1944,0.010208712240976414
1945,0.003445313333572904
1946,0.26328294049821827
1947,0.07239441486446213
1948,0.39630082691488644
1949,0.00606462900905616
1950,0.423707497487936
1951,0.9429614794862204
1952,0.9444840675057086
1953,0.2035890912781716
1954,0.05554862898259382
1955,0.020280768150922477
1956,0.03277828071876741
1957,0.8492440414275965
1958,0.25632957491175584
1959,0.06010504985829391
1960,0.051370364967811416
1961,0.18474241037716665
1962,0.1600493798975706
1963,0.1234726721936028
1964,0.11923629814327674
1965,0.0775753602314949
1966,0.9765819911611091
1967,0.035314817212545424
1968,0.037413314867310137
1969,0.15191051775654316
1970,0.17147582353169152
1971,0.9778722144640968
1972,0.753045949496563
1973,0.04945099216436427
1974,0.9022747825401134
1975,0.6471633727925662
1976,0.01898633474858036
1977,0.9807411343088447
1978,0.033747619196389855
1979,0.997748589179782
1980,0.9634273048287946
1981,0.5157706250505186
1982,0.2421121936448278
1983,0.04475660204230145
1984,0.4129806673198928
1985,0.05803813262438504
1986,0.13028082046777759
1987,0.5252450785294794
1988,0.0035615344284728686
1989,0.04955830970858016
1990,0.34900003380859385
1991,0.967372064184362
1992,0.09169047838938181
1993,0.007032180160940406
1994,0.9138880404617172
1995,0.5255110336065137
1996,0.36493112562774793
1997,0.47445205833568577
1998,0.5706454510896554
1999,0.93557101969594
2000,0.17136494115128487
2001,0.042519700235397605
2002,0.05858129320883785
2003,0.9800689812498615
2004,0.03391420531169991
2005,0.04746680330064771
2006,0.9714200439211416
2007,0.05221782746904415
2008,0.24210170630872443
2009,0.1088641939825012
2010,0.9525580654578244
2011,0.9091824707115809
2012,0.7191395506767368
2013,0.8617367698988542
2014,0.9803629209706441
2015,0.0075787275485522014
2016,0.8958744571467997
2017,0.8131610960005573
2018,0.004425656169256679
2019,0.09469526228497484
2020,0.004996046303223629
2021,0.872499599652835
2022,0.4106776756142871
2023,0.3992317961199812
2024,0.9857689567359138
2025,0.8546242077750995
2026,0.7063579977076531
2027,0.009752465735593194
2028,0.1090045724559612
2029,0.002516702077653087
2030,0.9764498987906469
2031,0.15947622790631313
2032,0.9880987908839888
2033,0.4870479034146677
2034,0.9597087047969391
2035,0.990980678900212
2036,0.06072477953412613
2037,0.013407116272989713
2038,0.038223010037997045
2039,0.9943927863719972
2040,0.004732741791810387
2041,0.4782372795677687
2042,0.22790821037202472
2043,0.9791615465782342
2044,0.7835100196074025
2045,0.0037582035322165394
2046,0.008133745504671169
2047,0.20562837450642993
2048,0.06987311308924564
2049,0.9632076887051014
2050,0.9626540981516546
2051,0.7203642439171017
2052,0.027920655481005977
2053,0.22496583439723963
2054,0.7972891429739795
2055,0.005825062923078667
2056,0.015699660338260632
2057,0.8312424991801425
2058,0.0034482129124310374
2059,0.010174636371922983
2060,0.024689017300096344
2061,0.33011008842448275
2062,0.1323674882954453
2063,0.03690158747090067
2064,0.8553410128075511
2065,0.846391628187721
2066,0.2771082514089324
2067,0.9809542893687792
2068,0.7328425686096228
2069,0.3394418172024645
2070,0.16758903119428192
2071,0.4727159664933744
2072,0.3176503721508666
2073,0.0063502178237130865
2074,0.08464360737027789
2075,0.4216493643697517
2076,0.017473124479332813
2077,0.11743348411662835
2078,0.009439405992377367
2079,0.02794562188333193
2080,0.011591305102858855
2081,0.6143725941555914
2082,0.22572516620328775
2083,0.022064127952822084
2084,0.7473766152886636
2085,0.07294145727335126
2086,0.018899471391867675
2087,0.03688019279866828
2088,0.9773634973892822
2089,0.04445901620823354
2090,0.6398894427850323
2091,0.10653235217542456
2092,0.020299443487116528
2093,0.016582659140425327
2094,0.5033422508328803
2095,0.9981438772789241
2096,0.25783116693165425
2097,0.0058000860932374
2098,0.557287843461573
2099,0.46480096852098085
2100,0.9898708721070357
2101,0.022015668565580366
2102,0.7884770212103355
2103,0.1532671313508344
2104,0.024483704613355323
2105,0.004629417265238385
2106,0.028355489250060605
2107,0.8556939033199206
2108,0.01825345748576629
2109,0.009399754554120955
2110,0.012897611924138809
2111,0.6538772899601629
2112,0.037408704527751885
2113,0.4555860470207123
2114,0.32754919830551116
2115,0.14852867373913572
2116,0.9491943636576021
2117,0.914250951540973
2118,0.006605412268328279
2119,0.9482899840258417
2120,0.1642952880692808
2121,0.03221593961482748
2122,0.1970032603489075
2123,0.9329474742922653
2124,0.01356199261245826
2125,0.8094990658722208
2126,0.06629084646624665
2127,0.05713341867389038
2128,0.04523985510377943
2129,0.10407748192911041
2130,0.032742158310584905
2131,0.11812469327340384
2132,0.9655513935198424
2133,0.03357744876906699
2134,0.01315381095488236
2135,0.16698773505048362
2136,0.007526280861221077
2137,0.993373410776961
2138,0.005851292297912511
2139,0.06405306349425635
2140,0.01594863292285874
2141,0.27567980858528524
2142,0.17617153564735444
2143,0.7403671680353988
2144,0.8315131464950255
2145,0.9137941577448673
2146,0.37577034544168764
2147,0.9958436246911702
2148,0.010993201147572082
2149,0.9766938071340113
2150,0.4260605579883827
2151,0.9213251358016818
2152,0.7796524034843971
2153,0.16408698179660608
2154,0.04310614887445674
2155,0.15819671228690976
2156,0.9709853960041092
2157,0.008361894237982474
2158,0.5884505895645759
2159,0.8930146191623637
2160,0.7326856744632929
2161,0.00815660322621481
2162,0.17070702185815045
2163,0.02001544360131632
2164,0.058734947311892584
2165,0.18608679841418066
2166,0.20141516844347443
2167,0.2749981268520612
2168,0.050915934981266585
2169,0.05286731446368279
2170,0.9425010884341106
2171,0.017115029965384273
2172,0.5303738488681141
2173,0.9726963705394417
2174,0.22815097431291098
2175,0.017876426888320484
2176,0.069760662637723
2177,0.02585189556936322
2178,0.04959546815258823
2179,0.0572767162429224
2180,0.9082821805662351
2181,0.01822336834869979
2182,0.0051801421249146684
2183,0.31642780963825295
2184,0.04886720338449412
2185,0.08163484394802707
2186,0.3682156262403134
2187,0.03574900753490615
2188,0.059515648184687305
2189,0.47182225152682467
2190,0.0034745704760143306
2191,0.9757390876798268
2192,0.9510948908891662
2193,0.034695954471713086
2194,0.02375775666785512
2195,0.04222690962353102
2196,0.07052448202842077
2197,0.9663636144253469
2198,0.9037210438049511
2199,0.030384448536836566
2200,0.013595448609988176
2201,0.11163143771718538
2202,0.006157852241131057
2203,0.9401223884776181
2204,0.9266138863971695
2205,0.5488860527731085
2206,0.29267049787167676
2207,0.1542794692750925
2208,0.9372564538354098
2209,0.333452923954334
2210,0.13675513105042233
2211,0.040461955449996485
2212,0.6299552417570258
2213,0.008615703347444117
2214,0.01189338765233991
2215,0.01125668990038082
2216,0.5533583497809117
2217,0.17388965454832497
2218,0.039752510867981754
2219,0.005198233821801069
2220,0.0070749369190770085
2221,0.029210826517158377
2222,0.005065422114436072
2223,0.9412426764313325
2224,0.1842636671487472
2225,0.005570517142971079
2226,0.3029377333510992
2227,0.7995593441568598
2228,0.2689936061215597
2229,0.0031897308757922777
2230,0.7605668923881349
2231,0.0333093419577857
2232,0.3949549648876436
2233,0.0069855644548946745
2234,0.9625418532154391
2235,0.060110714265566044
2236,0.3197454357349753
2237,0.05617168200726663
2238,0.21802562250820165
2239,0.8075961514803502
2240,0.375511451950155
2241,0.009596817327616034
2242,0.008618032105460168
2243,0.13750632482672906
2244,0.002479740524640416
2245,0.007640644021036025
2246,0.0756692050202154
2247,0.03565823959246527
2248,0.05199326726550357
2249,0.5610800090206043
2250,0.031031557106398794
2251,0.3901500564839906
2252,0.5920642815924352
2253,0.9765111411157378
2254,0.01682743356989536
2255,0.03262862766230248
2256,0.1887880698922273
2257,0.009066634539507883
2258,0.013437097091811146
2259,0.027538581755697317
2260,0.35385379862406013
2261,0.5690694176943744
2262,0.8446345380782908
2263,0.31573529062410655
2264,0.052123144121766725
2265,0.005652308322591432
2266,0.4677272094064702
2267,0.9556910672298312
2268,0.12713116660604187
2269,0.3596408914576584
2270,0.08023666598985113
2271,0.26080880616995955
2272,0.08079150985574618
2273,0.9828838954681931
2274,0.9190036016754082
2275,0.0021613784248212826
2276,0.04585499512374752
2277,0.9689104522613148
2278,0.7001746645737089
2279,0.032934623922823696
2280,0.03829079343000447
2281,0.2856540399626642
2282,0.06795646990443299
2283,0.12085609919064333
2284,0.6145362089159397
2285,0.05081006370610235
2286,0.9812330290499913
2287,0.05490852016595116
2288,0.006335148684368261
2289,0.0075079101389403475
2290,0.008388397443700716
2291,0.9154568048538166
2292,0.23598194264880015
2293,0.023685049080727872
2294,0.04348818593870071
2295,0.9724088441599715
2296,0.8677229368872917
2297,0.20073274518057602
2298,0.010600623500976236
2299,0.04982033119023253
2300,0.03265335328892587
2301,0.03711954734492557
2302,0.05713926314838628
2303,0.23703389044383785
2304,0.8163320238168463
2305,0.04692018628956323
2306,0.07150377455570382
2307,0.15642619331441918
2308,0.11295127572007084
2309,0.0035442904293118307
2310,0.013133423031693632
2311,0.005080086583098044
2312,0.006025869727377766
2313,0.009744378533874559
2314,0.9781343525097013
2315,0.0875881288932218
2316,0.07689507141299755
2317,0.8218763015272018
2318,0.1679912257713305
2319,0.0033429228706577906
2320,0.10272797083778377
2321,0.9984205526494744
2322,0.5210526013796661
2323,0.16087401855826178
2324,0.9438034423916584
2325,0.12796406802666457
2326,0.555403266932644
2327,0.005474076399176578
2328,0.9887817115100299
2329,0.17427336393427095
2330,0.0427130178069646
2331,0.0032913918425307976
2332,0.07849954799031912
2333,0.9866786161757976
2334,0.0026042962800537812
2335,0.12704785844907218
2336,0.0300169313933376
2337,0.9763623682807417
2338,0.08132076283116324
2339,0.9825745506375285
2340,0.030800588472638533
2341,0.009008592063681485
2342,0.26847723632085924
2343,0.9874891629755962
2344,0.06880746506219342
2345,0.01500360983917197
2346,0.041458726201254945
2347,0.4864183451852167
2348,0.0018996264010792618
2349,0.41665116722334333
2350,0.11171625742013562
2351,0.897869816467307
2352,0.6149853471666944
2353,0.9745563393740834
2354,0.012081867980990294
2355,0.09920322025417484
2356,0.22005925321190245
2357,0.9598254701506003
2358,0.02702689288631525
2359,0.012983590212010758
2360,0.21929729534618722
2361,0.1907034845309206
2362,0.01231153951728717
2363,0.07890045617040303
2364,0.017234917337252603
2365,0.6058145986261972
2366,0.7110486539509147
2367,0.08485562406874238
2368,0.014621196190731184
2369,0.015650662898969547
2370,0.10130723072211505
2371,0.9909843242857087
2372,0.32334956361726624
2373,0.022512944896204656
2374,0.002716307065136912
2375,0.9168054625538208
2376,0.029292367943454828
2377,0.2691897103840655
2378,0.9238743777803986
2379,0.011233158417374581
2380,0.016605268823482892
2381,0.015446996464982722
2382,0.7487902625029274
2383,0.5520974842908938
2384,0.9386624584684323
2385,0.3331336828046661
2386,0.06445205975163727
2387,0.13248476092266895
2388,0.9896317048656941
2389,0.006750744383714764
2390,0.17009700446826406
2391,0.25204421761300044
2392,0.018618152639827894
2393,0.05286484752091374
2394,0.6347544420400458
2395,0.10601361385994416
2396,0.0374537461144868
2397,0.6711761556696767
2398,0.027339530963877253
2399,0.23970658063031106
2400,0.009348747107145679
2401,0.03016128850306853
2402,0.08434373280407904
2403,0.16801465526313417
2404,0.967138857154107
2405,0.07417200468743614
2406,0.06128860940992622
2407,0.6179275518663274
2408,0.3832655054179048
2409,0.070290627535913
2410,0.0657312509053957
2411,0.024978661631905607
2412,0.006450040742405162
2413,0.967493409976444
2414,0.008407772392089568
2415,0.9903183912117215
2416,0.5843741827605765
2417,0.9140120926459798
2418,0.019085972893584196
2419,0.03539583574109447
2420,0.9857907838562863
2421,0.15374125006359637
2422,0.0037453137514128695
2423,0.020782039182024824
2424,0.02003104193462819
2425,0.5410704242550858
2426,0.8726062590013676
2427,0.9984204591853288
2428,0.003589712451691467
2429,0.9511862429326774
2430,0.5370088640878407
2431,0.48863284484392483
2432,0.9613418611781945
2433,0.08787986237798096
2434,0.0632945750975674
2435,0.10648943967582399
2436,0.25846240941004245
2437,0.9687368106005034
2438,0.1225445737077041
2439,0.13838558865115663
2440,0.30582223960676036
2441,0.9965967036554089
2442,0.20356876285525094
2443,0.08377338625810193
2444,0.8852911771968696
2445,0.17464772736708598
2446,0.4710780203949283
2447,0.04958572418375243
2448,0.016885264905863787
2449,0.8497897365962156
2450,0.17841469450284295
2451,0.011742830908237486
2452,0.46985712522596756
2453,0.5184265137736362
2454,0.019758024687033034
2455,0.2181297249771487
2456,0.004663169770601561
2457,0.9835715108363878
2458,0.2149299480742054
2459,0.9016518515041803
2460,0.051250327002869765
2461,0.007327153865120739
2462,0.015283825907589138
2463,0.9178932803468854
2464,0.0052969485022629345
2465,0.010409684196680738
2466,0.032653615876814
2467,0.034775747666194325
2468,0.9557600680150428
2469,0.6197884369267552
2470,0.9923358920727997
2471,0.010673099911853999
2472,0.08577105106843781
2473,0.01862996447693223
2474,0.0038440830359195315
2475,0.004524895405663383
2476,0.7497070727183752
2477,0.04279935311838185
2478,0.009817295766229169
2479,0.2917615161901861
2480,0.9810406843706998
2481,0.028199526602252816
2482,0.21221834168765552
2483,0.5512266036225136
2484,0.007789018482603392
2485,0.869030225074081
2486,0.07528437435023794
2487,0.9741097503072069
2488,0.42720180705964533
2489,0.03868575909455482
2490,0.30420374019635726
2491,0.0023661762539832504
2492,0.35804700716994925
2493,0.4463230338236536
2494,0.0179079292217689
2495,0.5867731133839628
2496,0.039122999569929116
2497,0.11451927336035034
2498,0.1096074206972784
2499,0.9980950175661502
2500,0.01820224295330456
2501,0.04432605171293616
2502,0.027906604883568876
2503,0.1626153992802615
2504,0.9962930958410539
2505,0.08789465767151587
2506,0.08771251198333686
2507,0.45213028988575193
2508,0.09988289206446577
2509,0.0302187189398945
2510,0.03988199362348798
2511,0.17407262147554373
2512,0.03639087780524351
2513,0.06333175149495397
2514,0.12564357282586372
2515,0.06880546179990954
2516,0.04044874301667925
2517,0.734045740724504
2518,0.19972615039732367
2519,0.21945757923861642
2520,0.028975003955777085
2521,0.2251161481822439
2522,0.2504402678745641
2523,0.07781471434212597
2524,0.01339515189215681
2525,0.06220111442712232
2526,0.05671666839396109
2527,0.3921565565131068
2528,0.2517754589313306
2529,0.07475066481550047
2530,0.7952649822145013
2531,0.013224714848503698
2532,0.9176559953371052
2533,0.15336177689677538
2534,0.031128765756570836
2535,0.986760773386321
2536,0.09506386736880183
2537,0.029890926725931327
2538,0.016777718766885153
2539,0.5891495529356824
2540,0.062000529527223104
2541,0.21215884180590897
2542,0.14893347983447597
2543,0.17684075945268232
2544,0.9852620338638879
2545,0.003814117751620612
2546,0.3906245430806301
2547,0.01657533661061817
2548,0.38068905680220905
2549,0.0018194900919065195
2550,0.9044185005684092
2551,0.47529108705169804
2552,0.03301958007060641
2553,0.016093143814906213
2554,0.0033483729613673374
2555,0.876433952900327
2556,0.9701187570765605
2557,0.19756174576872532
2558,0.019763028282161824
2559,0.20066956128878818
2560,0.15712388016647522
2561,0.012414710468321532
2562,0.7517449289765507
2563,0.21208249898608478
2564,0.9006825061978176
2565,0.9117720762012645
2566,0.0647741737007489
2567,0.9769606038273712
2568,0.17313654934685754
2569,0.0038142189834636186
2570,0.025191712567291673
2571,0.5225200426473388
2572,0.05104114352539777
2573,0.05339757833623717
2574,0.014603470480976757
2575,0.932612170710907
2576,0.9975661700044672
2577,0.07670146905556348
2578,0.012530702171697891
2579,0.3214941554404285
2580,0.1135818535458083
2581,0.9517227956428514
2582,0.03475803424525772
2583,0.1352233596425109
2584,0.1457197395153698
2585,0.07871723385637767
2586,0.015943309782748324
2587,0.08444011212675655
2588,0.8504258125772619
2589,0.00855286145124519
2590,0.005528564831806935
2591,0.049402305829176624
2592,0.11569083152946519
2593,0.14509050701926843
2594,0.16137224374202316
2595,0.03870129597083854
2596,0.05555212623305175
2597,0.9614692178326245
2598,0.9595342454507342
2599,0.08797427884389826
2600,0.16887392470271015
2601,0.029482000956242937
2602,0.07285446679784334
2603,0.9800617865763087
2604,0.9248926637732807
2605,0.059976582050335625
2606,0.1415727935688598
2607,0.2562576503721942
2608,0.9929427112660042
2609,0.062464884949220874
2610,0.9649188727596408
2611,0.9197674870102173
2612,0.004565334136985191
2613,0.5135399109680638
2614,0.004660839526967826
2615,0.009488743170423362
2616,0.01220786562094354
2617,0.020569372048368288
2618,0.006582709317871316
2619,0.9793387486927209
2620,0.0453220604316448
2621,0.9493384124779839
2622,0.18097945671725632
2623,0.02670068108821076
2624,0.08438686872663341
2625,0.02882906672046268
2626,0.8230176628910915
2627,0.00402721084052289
2628,0.2195123418923265
2629,0.9503416435323816
2630,0.33280035842193406
2631,0.8172255103585395
2632,0.9642340485978199
2633,0.3124722509697555
2634,0.9758305005447946
2635,0.6426263471008763
2636,0.99803137006234
2637,0.20183239200120148
2638,0.022709010747448886
2639,0.0552490385630432
2640,0.005875696587498795
2641,0.019647170755682942
2642,0.4323437497231841
2643,0.9971470283283984
2644,0.9380451091694765
2645,0.0033220188506356677
2646,0.0020241094223419514
2647,0.37802746793523784
2648,0.00737517877046293
2649,0.9088107204025245
2650,0.13524930231166213
2651,0.032336759168968825
2652,0.7391054243041039
2653,0.6822336135450016
2654,0.020866966936521306
2655,0.047225988258068015
2656,0.09901040035178112
2657,0.7855587172720723
2658,0.5473223092043341
2659,0.237356041584687
2660,0.9748051170890143
2661,0.006589295722112355
2662,0.005419274829457453
2663,0.013753312459015355
2664,0.01715946718332771
2665,0.9780735048565465
2666,0.9741395815828685
2667,0.11662222856228292
2668,0.41386125021087655
2669,0.39044864644981336
2670,0.6270875464306384
2671,0.2182108655622984
2672,0.07978072902147364
2673,0.0538049849899487
2674,0.05654305329333567
2675,0.04314774046057825
2676,0.9762524108257008
2677,0.9968768105161964
2678,0.09554029795561603
2679,0.03980613068577165
2680,0.9744521792015334
2681,0.008376814807892957
2682,0.0029520223182142396
2683,0.5988951967236479
2684,0.0028648437670655935
2685,0.3180718374147165
2686,0.9329128135740858
2687,0.015526803793585819
2688,0.8444692194234911
2689,0.08429167413596082
2690,0.011844720067980966
2691,0.04006661168583039
2692,0.008116784203307153
2693,0.21275828485171636
2694,0.08633200804275748
2695,0.07933062535203757
2696,0.10490004149606869
2697,0.9945912051782994
2698,0.35739007769953246
2699,0.05673448502705906
2700,0.23219271827046603
2701,0.9368992011884366
2702,0.9357711573256543
2703,0.9650141323142295
2704,0.9028582056877422
2705,0.24021865674955944
2706,0.0455852401775016
2707,0.9983737616293423
2708,0.005239665648580495
2709,0.9147592209107976
2710,0.3995416664401284
2711,0.014669938717691107
2712,0.0427920072533734
2713,0.01969669690921882
2714,0.9359961666286093
2715,0.0845595430356665
2716,0.0023587816287505363
2717,0.9421204307372419
2718,0.1589983963673506
2719,0.1546435932701725
2720,0.4796722823276789
2721,0.038418321469139205
2722,0.9788929997616159
2723,0.020558336609249436
2724,0.23976656012911027
2725,0.004990339281142782
2726,0.9061860848891
2727,0.9344024748664544
2728,0.009550634818708994
2729,0.5903039650314087
2730,0.2984909785841869
2731,0.021789424972660024
2732,0.4242082248480698
2733,0.007540795405137031
2734,0.016639695463198163
2735,0.01500353074524731
2736,0.3483392949385417
2737,0.014289173525992432
2738,0.6740839109730271
2739,0.20709686844900785
2740,0.8387252015315668
2741,0.9981568972850569
2742,0.9967616045626723
2743,0.08281672508418943
2744,0.24458906643551834
2745,0.9250421796602849
2746,0.9638909650291749
2747,0.6454651566659689
2748,0.06651255570409864
2749,0.06238465385710751
2750,0.012846318423799024
2751,0.059311863200246895
2752,0.12070763761936461
2753,0.0717195953548259
2754,0.05689631092890879
2755,0.7886229443994902
2756,0.3024990505157616
2757,0.09033637243625882
2758,0.08035524415803157
2759,0.11031651431107932
2760,0.2355802433892523
2761,0.813340773941173
2762,0.9657311581711138
2763,0.417426576125905
2764,0.02557510317784945
2765,0.15439731801485068
2766,0.08220747667188451
2767,0.5645737985127011
2768,0.009734780376748598
2769,0.9756397437718903
2770,0.03245362193586432
2771,0.03287679334099283
2772,0.11449898346910764
2773,0.8706313590586613
2774,0.11509136457190457
2775,0.18174723834168383
2776,0.4908790855035781
2777,0.04131809290524965
2778,0.08160969445346987
2779,0.03823592154831959
2780,0.5324316548051623
2781,0.7723375383552761
2782,0.004343282000691179
2783,0.0029500050962408546
2784,0.04820350561398373
2785,0.010952742224377988
2786,0.0043345418046641816
2787,0.0039043914182960576
2788,0.03686682969449637
2789,0.02691283756483366
2790,0.007169627527041936
2791,0.012877640679554435
2792,0.8320840942395101
2793,0.9226872723404647
2794,0.3787804144907563
2795,0.17855594886632611
2796,0.007895118895344293
2797,0.027413367540722905
2798,0.5973125452812477
2799,0.9278995898389194
2800,0.04736473032128068
2801,0.9107801980804847
2802,0.03864822113687265
2803,0.9717145257012604
2804,0.023154403384524753
2805,0.029133150353251824
2806,0.04095538264781851
2807,0.03335827612799189
2808,0.0769341756980353
2809,0.1515419510229115
2810,0.013365254050367753
2811,0.0029969287678596993
2812,0.9740026587622359
2813,0.03201762767354464
2814,0.00398402608726658
2815,0.7692567602164552
2816,0.0524909401694485
2817,0.03140953442573188
2818,0.6262420609079916
2819,0.9742327733016584
2820,0.893825477893566
2821,0.020030874787251022
2822,0.12565980893058676
2823,0.3659207246905436
2824,0.25856737913556965
2825,0.050232643697244096
2826,0.9827539322016396
2827,0.034888181860485507
2828,0.02959985928081287
2829,0.88189602572803
2830,0.02908541061372504
2831,0.0314007574746405
2832,0.05883388127897199
2833,0.7916250527399286
2834,0.977693653657873
2835,0.019713056768638493
2836,0.021869164523502422
2837,0.06811507849573886
2838,0.04255295772485099
2839,0.052035631209083354
2840,0.021995560726432856
2841,0.9934232436057163
2842,0.9906813083798522
2843,0.9228591438962649
2844,0.019386686759438516
2845,0.019022950691333296
2846,0.20224117994702398
2847,0.01493886088663216
2848,0.016922449392990462
2849,0.0182469196440425
2850,0.06060905234429359
2851,0.860431185203792
2852,0.011978881473641586
2853,0.9014393442640588
2854,0.002755112579718248
2855,0.554461323661061
2856,0.007188624905805098
2857,0.11777405684357971
2858,0.009330037889823402
2859,0.09775955118859614
2860,0.014400568564051442
2861,0.0892878327516451
2862,0.5478644008040697
2863,0.022402498577068015
2864,0.506328876961711
2865,0.9284073034044757
2866,0.010679230959007946
2867,0.0680235512137825
2868,0.002880840370377245
2869,0.10147988988507346
2870,0.025938826220122193
2871,0.0167200124682169
2872,0.20599953617495226
2873,0.11832729743000107
2874,0.037787127538604685
2875,0.042888136225787736
2876,0.020945444927070317
2877,0.039053012467337216
2878,0.2712085946541513
2879,0.12598838666425058
2880,0.9475148318033089
2881,0.4377997986597792
2882,0.24524129267799674
2883,0.008845846618385179
2884,0.786301350175645
2885,0.9600419856685303
2886,0.9969659036907897
2887,0.8168682805255272
2888,0.11764583466215454
2889,0.04278086569083377
2890,0.4030924591568967
2891,0.989094591717894
2892,0.0025611372675803583
2893,0.45337941751866656
2894,0.22531160624198085
2895,0.9554446043842609
2896,0.04872451303642731
2897,0.006985685111527644
2898,0.5436177657416292
2899,0.0591885975997432
2900,0.0729075611245326
2901,0.037091099800973366
2902,0.17774046672230037
2903,0.0027131801297125943
2904,0.02120823961599662
2905,0.5247141838557329
2906,0.17736832670656047
2907,0.0023491052335506885
2908,0.12303355639939541
2909,0.009030516851420943
2910,0.5718278955742268
2911,0.08692778084382491
2912,0.5874875234973785
2913,0.022015392546771085
2914,0.9777771388789273
2915,0.10587432296504988
2916,0.5504859181012255
2917,0.06802927572925192
2918,0.6203912676427911
2919,0.11119580852820232
2920,0.03121883913430763
2921,0.11789572237042671
2922,0.07224454407834803
2923,0.011025696118757195
2924,0.6254940425104077
2925,0.819743892368766
2926,0.6266308090831417
2927,0.14748459195031183
2928,0.8266628822910675
2929,0.9673938580919144
2930,0.0718778900651768
2931,0.995720322045225
2932,0.9767754560268312
2933,0.11143863062462593
2934,0.011432063653194982
2935,0.43576172930782536
2936,0.00543214937606775
2937,0.030107143692011205
2938,0.7459698289085619
2939,0.9620143484200169
2940,0.41306369567157236
2941,0.005404226334546915
2942,0.9159164255645856
2943,0.01932738017093214
2944,0.460525413331567
2945,0.06748688570210616
2946,0.05554514659446608
2947,0.03304420116293217
2948,0.08783594879266284
2949,0.012189775426833168
2950,0.03555079875972373
2951,0.007092826593961556
2952,0.5621070402613378
2953,0.9741824755267935
2954,0.047297047752422494
2955,0.02098399925363968
2956,0.964370698198096
2957,0.4341136686641793
2958,0.037881607257629436
2959,0.22268053204658067
2960,0.018888846695819007
2961,0.00362306183383913
2962,0.6713379548360515
2963,0.08708616640510684
2964,0.6969660775268885
2965,0.9324216324505255
2966,0.041701262429838105
2967,0.2762563392119482
2968,0.014132823920514603
2969,0.3117130993949088
2970,0.017856908692000194
2971,0.054603227568472246
2972,0.016931280452403292
2973,0.2691508092270229
2974,0.8757155998609093
2975,0.12651813595248174
2976,0.07977244885151352
2977,0.9829438224066234
2978,0.0035777010431887316
2979,0.05068623467319474
2980,0.011862848938658415
2981,0.03240425066418318
2982,0.6761264003103561
2983,0.8281771995358743
2984,0.08537989455266733
2985,0.16933389393938367
2986,0.041328661917945236
2987,0.024826479811111524
2988,0.0271683097866945
2989,0.04745445447394042
2990,0.034673653863319186
2991,0.8908705808849833
2992,0.9530694179967846
2993,0.18286599150065116
2994,0.2097296418646443
2995,0.028742096265163497
2996,0.11127274448718537
2997,0.1701820742474707
2998,0.09501938519304727
2999,0.6533359166334792
3000,0.1033655711045563
3001,0.0028374015831578226
3002,0.9751193444884407
3003,0.0030664842519672214
3004,0.40619633020504803
3005,0.7720215873193927
3006,0.13332584490198798
3007,0.14958014660246
3008,0.3998667507391927
3009,0.1298331579825592
3010,0.009773979902247704
3011,0.03246861592855501
3012,0.960932325824514
3013,0.14650557785433385
3014,0.00257902366450419
3015,0.0028167748692373104
3016,0.008783968081951738
3017,0.8473751823862421
3018,0.01553101630717169
3019,0.45185575336584666
3020,0.06039470813383504
3021,0.31885635403647306
3022,0.970625258082323
3023,0.00631040654776191
3024,0.07062420437820122
3025,0.1557397344603609
3026,0.9181652098001409
3027,0.08297791854861589
3028,0.2843712950470198
3029,0.18287697343234902
3030,0.01673701270483795
3031,0.008200520749381502
3032,0.037920714891419766
3033,0.6372815439766998
3034,0.21915993376400578
3035,0.4037273323710218
3036,0.5346067638303212
3037,0.10404050457153106
3038,0.3679186097774046
3039,0.018093449167486054
3040,0.054715862000411265
3041,0.06688048430573236
3042,0.9368707446228619
3043,0.014320147951398887
3044,0.12283674930444953
3045,0.6937488172311448
3046,0.028460602943734526
3047,0.05007961110735026
3048,0.9760449877036869
3049,0.7612213638516451
3050,0.9954724298724479
3051,0.9627126586873223
3052,0.008456075251153931
3053,0.8917637264046568
3054,0.08694967071118577
3055,0.04286417349198276
3056,0.7581768038103852
3057,0.00469111469993489
3058,0.9953336521275151
3059,0.0018754088549447843
3060,0.9194959171955565
3061,0.9979072715158394
3062,0.12518324688464497
3063,0.37828803114997317
3064,0.05279721929085057
3065,0.006266484881668669
3066,0.609364455545504
3067,0.09483106647093202
3068,0.6083838909672841
3069,0.05551191784226026
3070,0.005493379691621499
3071,0.006658563645030247
3072,0.017426689006665875
3073,0.23768328536397343
3074,0.46490748288721284
3075,0.13756048342545538
3076,0.002881335504388517
3077,0.9876509765425325
3078,0.9920611184452647
3079,0.08667054006707386
3080,0.008746192616559479
3081,0.053343337734326195
3082,0.8820263290222771
3083,0.02055008480191264
3084,0.4423897273896906
3085,0.48890895929059747
3086,0.05722267004212689
3087,0.06129806464996166
3088,0.04214787257317087
3089,0.05844128222178471
3090,0.03601891119040001
3091,0.06391196349801492
3092,0.011770065102885278
3093,0.9053399493903709
3094,0.009256410416876462
3095,0.1343943615399276
3096,0.10531920486834638
3097,0.013808421660132313
3098,0.9983178050999739
3099,0.009594115612015992
3100,0.03544391826890067
3101,0.009727400143681725
3102,0.009894019726073181
3103,0.018007895852141267
3104,0.16213103312547844
3105,0.29052839258145563
3106,0.06798374409632184
3107,0.7351349132164207
3108,0.025316614851849235
3109,0.007190875066751596
3110,0.007108629992760231
3111,0.03869346375445205
3112,0.0019733640200761842
3113,0.056139521258300386
3114,0.009284035503994465
3115,0.7927110899223831
3116,0.051641026023483416
3117,0.004171800232789347
3118,0.42505436233542665
3119,0.5298908322008268
3120,0.0022078941932281333
3121,0.012134861627898985
3122,0.014788622392968347
3123,0.9864040176008232
3124,0.028539492352083015
3125,0.40385291365506304
3126,0.017168778124778895
3127,0.8292311503429627
3128,0.004824292701077607
3129,0.03949133005417775
3130,0.7369758692935667
3131,0.8103811944826331
3132,0.058074149478971625
3133,0.13918642233376602
3134,0.013567375787724259
3135,0.009161136046744527
3136,0.21789365665480523
3137,0.015440777213129706
3138,0.031613121072789026
3139,0.9814273279629098
3140,0.12096564475945322
3141,0.006413369060257304
3142,0.9460793484330449
3143,0.6366829632540337
3144,0.9733328624146145
3145,0.049262274536265506
3146,0.13216298790160722
3147,0.06651231305292336
3148,0.152120484649563
3149,0.9677936012045506
3150,0.0022368652433286877
3151,0.2610677161640827
3152,0.0048630865142733305
3153,0.016068094638042443
3154,0.02449303092752318
3155,0.019078190003930916
3156,0.028900630333439425
3157,0.18824118961290784
3158,0.004634723720112435
3159,0.0482335110884673
3160,0.8119258059202177
3161,0.04103188841388799
3162,0.947452635784006
3163,0.016122511902754717
3164,0.16113292905075063
3165,0.03049801090954175
3166,0.06329171268003284
3167,0.018613498293677016
3168,0.025712880165993116
3169,0.9621471107519698
3170,0.012475276762837035
3171,0.18851715678455708
3172,0.15251332646488536
3173,0.016897782722196022
3174,0.9306487484590651
3175,0.7328988378017914
3176,0.002362859414286806
3177,0.2834483129984559
3178,0.23956245023959233
3179,0.0035949284757302315
3180,0.10373924619872292
3181,0.03188781879234477
3182,0.12115701030458914
3183,0.6002498276471672
3184,0.0034127312028788027
3185,0.33111622615882524
3186,0.049644146064284966
3187,0.9759411842024027
3188,0.017856005705935405
3189,0.022829737571079936
3190,0.9981652045162056
3191,0.6740639676214114
3192,0.011988628821345486
3193,0.06384633272136353
3194,0.02481262726482462
3195,0.9090913751768738
3196,0.8377398070293581
3197,0.008770577420462675
3198,0.005107895474233667
3199,0.5097095165396707
3200,0.9926146300528481
3201,0.12206071865153512
3202,0.00686031198492576
3203,0.10619148648545612
3204,0.3971450945690988
3205,0.9489629654246684
3206,0.7278174717605624
3207,0.027990856566483036
3208,0.08690698686709801
3209,0.9709227215027806
3210,0.004155941303190431
3211,0.9755924395321656
3212,0.053830833706385854
3213,0.7620035828776269
3214,0.02752538036003892
3215,0.05546071929983474
3216,0.9831718605807828
3217,0.9714253022631761
3218,0.9592750096954802
3219,0.9192319279181658
3220,0.7713228621974405
3221,0.11631080035090043
3222,0.20302537264080475
3223,0.9161356784620406
3224,0.010355417464568717
3225,0.010207271351358176
3226,0.16443360396006051
3227,0.9930962096455289
3228,0.9678303177811297
3229,0.6985501723604872
3230,0.03637807312880259
3231,0.013821653831361818
3232,0.26012247465734856
3233,0.21680579802242872
3234,0.18203849180503281
3235,0.03063369159653458
3236,0.33001943718291427
3237,0.9187113730174591
3238,0.014123839300767979
3239,0.38724079515110127
3240,0.03449551966649024
3241,0.02250543429590573
3242,0.3186558508994662
3243,0.1060898761479232
3244,0.11308314106966195
3245,0.830063355294303
3246,0.21191590487440368
3247,0.18494191299760876
3248,0.06040310791227635
3249,0.039999583689184486
3250,0.3870160526935682
3251,0.018347528994763575
3252,0.032255406940002763
3253,0.006868138185693741
3254,0.2719641257815551
3255,0.010170966373359909
3256,0.008261703625581306
3257,0.0031220671205851457
3258,0.8602964281076934
3259,0.022492854173039385
3260,0.7922569783200756
3261,0.2184108372300119
3262,0.02077499020201622
3263,0.5422057355494544
3264,0.014229479943615399
3265,0.1929969428220936
3266,0.14909421672737352
3267,0.9120513315640432
3268,0.9867868646935088
3269,0.04245253051941372
3270,0.14246134972830712
3271,0.9107270837290704
3272,0.26995836758531805
3273,0.05040748031297965
3274,0.0090081066747627
3275,0.19122648001265785
3276,0.3141120727687949
3277,0.3284572323158675
3278,0.9706305972594734
3279,0.6089588475283921
3280,0.10703769001537831
3281,0.005790091373179175
3282,0.08442693689379621
3283,0.008837414024106717
3284,0.9792286218664937
3285,0.011572647963347558
3286,0.6508322610859896
3287,0.3581499171223472
3288,0.7255236272494865
3289,0.004530746716860812
3290,0.2729805385515662
3291,0.019109160293378096
3292,0.11968370857283071
3293,0.574840081870344
3294,0.868198699845297
3295,0.900214135673457
3296,0.022814417661818593
3297,0.7625251182888695
3298,0.7078186783327691
3299,0.9516884490751064
3300,0.0030813879099290584
3301,0.04807726826233339
3302,0.6606358119248333
3303,0.008707369857923647
3304,0.3695888634336261
3305,0.997846550575764
3306,0.9915447744335504
3307,0.7899054514601539
3308,0.6844851966365061
3309,0.03668340093142487
3310,0.9870440055372081
3311,0.5464587358617262
3312,0.402355006296179
3313,0.07468466772054988
3314,0.28620171260515465
3315,0.19492395699408957
3316,0.9504390742940793
3317,0.988874812797239
3318,0.5465948448741536
3319,0.973252220109336
3320,0.002499553344147018
3321,0.020406981608033822
3322,0.004192085082804936
3323,0.03920537909649092
3324,0.8267455093438523
3325,0.08747776455863954
3326,0.00580210554058188
3327,0.08792807215024064
3328,0.03185128049820453
3329,0.9642024228046098
3330,0.9853869943503274
3331,0.1263595656893832
3332,0.8837449924603588
3333,0.6765362672468557
3334,0.13650886806274157
3335,0.9442670190125919
3336,0.9597875357139506
3337,0.8193499648182684
3338,0.395453665578952
3339,0.051860905353487176
3340,0.9553980067177493
3341,0.9420207983957173
3342,0.4315972079189436
3343,0.02141923875378202
3344,0.6395283695500861
3345,0.35069852984271105
3346,0.9582572278912357
3347,0.7915583687662284
3348,0.620713328942097
3349,0.012693163247744868
3350,0.08159255829276672
3351,0.4672556681491357
3352,0.7530664509875763
3353,0.02137648776573359
3354,0.007244270314188332
3355,0.3515223529242694
3356,0.013701138571962368
3357,0.26872863735245833
3358,0.0030653966904521713
3359,0.02954974775950173
3360,0.002940298082557467
3361,0.0028556348903824194
3362,0.08879222287953825
3363,0.17928288644312892
3364,0.2703408372422837
3365,0.009381314217953518
3366,0.9451729876204727
3367,0.08022685368350829
3368,0.1192759306206788
3369,0.009592989614025623
3370,0.6485920805569352
3371,0.18534743145192548
3372,0.014062761251507808
3373,0.004587176203872052
3374,0.6497708029426806
3375,0.035273532995747786
3376,0.014115284454123423
3377,0.5741476194398437
3378,0.9761882917377728
3379,0.05166748848145597
3380,0.1403430699449049
3381,0.010012344323307614
3382,0.07830045585846511
3383,0.26298520928419217
3384,0.9672175706627208
3385,0.9477809469601276
3386,0.01451502729982742
3387,0.012630535619212053
3388,0.3033801601956679
3389,0.14029657319543207
3390,0.38402065519831624
3391,0.9985461959765812
3392,0.0031921505741513093
3393,0.12431179919240003
3394,0.1363571364542969
3395,0.10658379495014718
3396,0.9563950789897043
3397,0.9915867633790975
3398,0.005951135881054746
3399,0.03979647458772761
3400,0.08250362245139219
3401,0.05604029644842277
3402,0.02511421105268562
3403,0.939429296946475
3404,0.173333303213732
3405,0.02451089757811198
3406,0.38227075333276445
3407,0.8594001104039464
3408,0.056164416227956
3409,0.01628030092766702
3410,0.9916429577161218
3411,0.08144204442686055
3412,0.9766051759846867
3413,0.92762693512841
3414,0.1211085230468812
3415,0.3445051876066589
3416,0.011894568520710901
3417,0.0673303802725299
3418,0.010565574927660458
3419,0.06909365547568828
3420,0.7610944557439233
3421,0.018962143084159416
3422,0.04951009736986728
3423,0.040791499386319464
3424,0.03452409336613346
3425,0.02674571901028558
3426,0.058332665611062894
3427,0.03252345886089223
3428,0.04141802626049314
3429,0.5654835990266532
3430,0.0028847226748565853
3431,0.48740160942508615
3432,0.36371148700797695
3433,0.010972682848633522
3434,0.9676239431696422
3435,0.05021508741758691
3436,0.08029562405420305
3437,0.1761903366181131
3438,0.1503051743247908
3439,0.30900536094869696
3440,0.9330964297230221
3441,0.48262162889783283
3442,0.004047625503334994
3443,0.35424099330104813
3444,0.4752409927682491
3445,0.15654294366659047
3446,0.48326132289206464
3447,0.03167368940985374
3448,0.03169503889860298
3449,0.03333057744046158
3450,0.051581458723878204
3451,0.01847741980663208
3452,0.19527612089912258
3453,0.8463796649124032
3454,0.9976168860772474
3455,0.8942494365578845
3456,0.47710952123257205
3457,0.11341887555106073
3458,0.27415516496349673
3459,0.0026848811804552936
3460,0.08934413917790475
3461,0.9757176460152482
3462,0.2991892530274555
3463,0.034343929191189955
3464,0.010444247117993419
3465,0.034665377213065306
3466,0.007130180007021335
3467,0.008739739537177063
3468,0.13724481414948675
3469,0.8979955140114466
3470,0.008212864647038373
3471,0.4435193243953375
3472,0.02637498983853304
3473,0.007201833270907142
3474,0.004986755677523731
3475,0.5788007660082681
3476,0.09349555941999506
3477,0.027545571743363657
3478,0.007910558383184317
3479,0.9767646534398032
3480,0.97097797073189
3481,0.047889242796325344
3482,0.11161402241743718
3483,0.8055971221940411
3484,0.005618776456291184
3485,0.781636985663535
3486,0.9820295869033616
3487,0.0342629583992017
3488,0.015800995419685545
3489,0.2578461594233398
3490,0.03740771706711385
3491,0.03318088543795757
3492,0.10007292490143792
3493,0.060253865793097106
3494,0.2558146639170376
3495,0.2877716290299356
3496,0.555539553211918
3497,0.8072676175640074
3498,0.001809518875126729
3499,0.39830778938887895
3500,0.9618802368257361
3501,0.7710710356887294
3502,0.01475090795174754
3503,0.06031357487411379
3504,0.06242779917980723
3505,0.004357258151379867
3506,0.01731436073517054
3507,0.1086362316223088
3508,0.7546071893187657
3509,0.015309826276797195
3510,0.006495158206009185
3511,0.9599510981261696
3512,0.0085538531620808
3513,0.030272714946494694
3514,0.03607055876399666
3515,0.03992871823222036
3516,0.012722764095319826
3517,0.9570662707973195
3518,0.5281508838782066
3519,0.9857260049823383
3520,0.015812498388347397
3521,0.024444122530224054
3522,0.26984910849325505
3523,0.1541740448325384
3524,0.3085054319392027
3525,0.17307122847479997
3526,0.2679524768312837
3527,0.01644686060892598
3528,0.04561606256173825
3529,0.6960495431365924
3530,0.02328485310731467
3531,0.02623858756928212
3532,0.9881735443211355
3533,0.018427702777014044
3534,0.14918677973327366
3535,0.009266334429429444
3536,0.02399253334102525
3537,0.04284573010957853
3538,0.008577641629517274
3539,0.958666551044307
3540,0.004661296384053891
3541,0.10837597249247617
3542,0.03284948805767419
3543,0.7227423601811053
3544,0.05192348223121395
3545,0.050821875136772075
3546,0.035771703354100265
3547,0.003529027337341862
3548,0.005793171333949551
3549,0.023428726573975534
3550,0.02188439212677898
3551,0.9611326195963832
3552,0.9967737008551657
3553,0.30970655743627445
3554,0.463228928960763
3555,0.9796606529570995
3556,0.14331095940938843
3557,0.3597425142576925
3558,0.0037006223104762213
3559,0.2676442899645759
3560,0.008672185853321333
3561,0.12833309939634777
3562,0.10104424360000404
3563,0.9521055073012752
3564,0.2904239508773254
3565,0.9520571471082171
3566,0.9545587955401924
3567,0.05204634245693126
3568,0.00424077837893814
3569,0.8636649352766975
3570,0.14909045779467736
3571,0.8046784262582216
3572,0.7274260884339511
3573,0.004516116169136929
3574,0.017603214386903224
3575,0.5858368714920789
3576,0.9984726556073946
3577,0.01893961762533722
3578,0.9795312186873231
3579,0.9286030837686697
3580,0.2848466357073632
3581,0.008448569498174416
3582,0.5894559430401604
3583,0.043613856940026646
3584,0.9907887390327342
3585,0.31640312125887093
3586,0.7449844171273736
3587,0.007423239762854972
3588,0.0968680211665519
3589,0.9877853615473026
3590,0.04875685369823585
3591,0.5192895145048899
3592,0.9130301552987939
3593,0.9046531695199168
3594,0.9821282456440579
3595,0.04102041677356841
3596,0.08191953604491403
3597,0.9217932096387086
3598,0.021793536777818114
3599,0.010433138879989057
3600,0.9610242016961849
3601,0.004276529715855566
3602,0.0027670468730308377
3603,0.05916129157548302
3604,0.07096686489875768
3605,0.24151850676659672
3606,0.9844117376531035
3607,0.0020451401578568708
3608,0.3332163772946622
3609,0.0014915975455245284
3610,0.18038422883911429
3611,0.7582236082724751
3612,0.16059180752559085
3613,0.8998058114665622
3614,0.8011386120487262
3615,0.03459032655400779
3616,0.011377289581032006
3617,0.026800751570121406
3618,0.9884066919849616
3619,0.9149730336323504
3620,0.0860497503611064
3621,0.5575593730147728
3622,0.00557824973610417
3623,0.9745863338161119
3624,0.01868805151068981
3625,0.5628162603408681
3626,0.6922822065098643
3627,0.419884835371579
3628,0.2556620958024374
3629,0.05430012053772285
3630,0.9107985280844452
3631,0.0775258068554593
3632,0.04216175667022141
3633,0.028608340558454504
3634,0.03282143068335838
3635,0.017234014078658152
3636,0.049358425144971775
3637,0.027548107178340078
3638,0.9210535260803244
3639,0.027936674393399252
3640,0.0927095715126192
3641,0.13226494484218526
3642,0.004161244485203
3643,0.004465183270128355
3644,0.9967848912575131
3645,0.7558577469909689
3646,0.9347091596299087
3647,0.10738947553784335
3648,0.5717355806270019
3649,0.9283830826564244
3650,0.011403305195449088
3651,0.01021375601557064
3652,0.008959367397307808
3653,0.02427900893186194
3654,0.6705810676195427
3655,0.3515141633595629
3656,0.01081404856195626
3657,0.0026934109592672752
3658,0.02319136846980109
3659,0.8363371502810578
3660,0.20399345573341443
3661,0.6391625310034602
3662,0.008444647590889184
3663,0.15379449739105092
3664,0.008832919612639994
3665,0.46539119605996376
3666,0.8958684611651299
3667,0.026386975071803237
3668,0.8764505873950895
3669,0.7304801205702708
3670,0.11369446382853383
3671,0.005472816515161842
3672,0.022422066122808445
3673,0.7212205277761033
3674,0.11012186911192111
3675,0.9642261693175781
3676,0.06751804355341301
3677,0.12349139283410009
3678,0.9693114383459885
3679,0.9336377794020764
3680,0.009403355052102604
3681,0.06249488515711393
3682,0.016572371194706347
3683,0.10071009892586817
3684,0.5100889791109533
3685,0.19555031234113862
3686,0.9933362453093869
3687,0.19477551279656558
3688,0.2212990465690902
3689,0.8049531530080044
3690,0.01766802732292207
3691,0.8144635707655992
3692,0.3929119728383808
3693,0.9970219711232593
3694,0.009157824418953483
3695,0.9406954622662372
3696,0.014197593121047495
3697,0.7758577744507447
3698,0.008438752958448453
3699,0.025162301675129246
3700,0.3442646359189414
3701,0.05852219096330954
3702,0.9922267969554927
3703,0.12006089725813351
3704,0.961251379665795
3705,0.9913768697305282
3706,0.1962898231895239
3707,0.3174177569051992
3708,0.3103741152476925
3709,0.003934419538144394
3710,0.013341037524005181
3711,0.9695218745225797
3712,0.07419714361112788
3713,0.1269784062756464
3714,0.4260299999782063
3715,0.0054554261234469985
3716,0.10798734792535246
3717,0.6984311055584485
3718,0.9452333272519956
3719,0.11634463505907328
3720,0.8984091812011679
3721,0.3163324601352974
3722,0.9642657616608125
3723,0.9906887692892563
3724,0.018373895765021995
3725,0.10682538403654988
3726,0.0351758038115205
3727,0.17942471781880376
3728,0.22022163125318694
3729,0.5093396679913549
3730,0.9033160260467419
3731,0.016551505461224983
3732,0.13049056233802728
3733,0.05323413795558437
3734,0.026139063044122196
3735,0.1927582566926698
3736,0.003544157507088278
3737,0.007540005220555236
3738,0.9932821072183856
3739,0.9686188759150779
3740,0.42901759561699176
3741,0.8241672745767751
3742,0.9442243574876793
3743,0.03601269652713546
3744,0.5110064991050839
3745,0.3065392400059386
3746,0.46403570523726384
3747,0.08045202074488983
3748,0.7249393163604655
3749,0.013475501183102546
3750,0.054731852223033235
3751,0.012556298979665134
3752,0.016197569749010775
3753,0.3292684598997764
3754,0.9323950499824353
3755,0.024039274844112928
3756,0.017908844508974692
3757,0.04734614921574784
3758,0.012629825139354836
3759,0.34197229443237864
3760,0.602365211198192
3761,0.9405303068246306
3762,0.6223855043050729
3763,0.2795282528659027
3764,0.09223675315979267
3765,0.15583583095282993
3766,0.08711811885273252
3767,0.25268789649279855
3768,0.06909883041194809
3769,0.9526756725056016
3770,0.10338177993992732
3771,0.9853300010856675
3772,0.5321594493015425
3773,0.02216209821159083
3774,0.010680388721228479
3775,0.07680128144729985
3776,0.10429098047830332
3777,0.13057307009109084
3778,0.006397965114210191
3779,0.04800631903236378
3780,0.14945136387704028
3781,0.3468571574705734
3782,0.6181137822177746
3783,0.11621051736346698
3784,0.18153113804187607
3785,0.9084522165918126
3786,0.06706797174332281
3787,0.37308079787460163
3788,0.021962735233696472
3789,0.8277259500561166
3790,0.9648190631601951
3791,0.989765569908296
3792,0.9135269052555804
3793,0.10034172720010055
3794,0.2933556668643904
3795,0.5817649413056815
3796,0.9201702772416197
3797,0.07053897669584414
3798,0.17044381988629964
3799,0.024023176550233682
3800,0.00324118888769853
3801,0.03334972401153089
3802,0.9842812201271336
3803,0.14273547365518824
3804,0.8107962799717553
3805,0.020862562299232057
3806,0.11811113414344715
3807,0.9970640736412762
3808,0.2226439311298417
3809,0.08242264518673044
3810,0.0830074982925192
3811,0.11387537463599316
3812,0.06975717861814971
3813,0.025381874193057336
3814,0.9550540988795841
3815,0.03195022151061195
3816,0.44921225439064694
3817,0.06968849497249663
3818,0.9605156967649741
3819,0.935814661998061
3820,0.36961137946200506
3821,0.07802721262489203
3822,0.9153275347105718
3823,0.03732629903118873
3824,0.04898930914647209
3825,0.9985337296963005
3826,0.43491081470792087
3827,0.04694769647550754
3828,0.8976849119972418
3829,0.0593666784547963
3830,0.06253412125491495
3831,0.9981068380254304
3832,0.006185687694713296
3833,0.12638436600442968
3834,0.5674170370401505
3835,0.024733891294047416
3836,0.7144594357510282
3837,0.997595887702965
3838,0.6200773427826776
3839,0.9533221128803495
3840,0.1363750824208205
3841,0.06292010967782526
3842,0.08234321380322242
3843,0.23443265454195675
3844,0.13075670904567374
3845,0.9953298503090258
3846,0.009008579767547863
3847,0.9699177234267077
3848,0.0026309952265983123
3849,0.016622460276857463
3850,0.47642193638566405
3851,0.9863367703942093
3852,0.05088076844008188
3853,0.5589363922493987
3854,0.9246744822489124
3855,0.003464106505475554
3856,0.02436295185169286
3857,0.008760127275293562
3858,0.02786683067000861
3859,0.03856617298678397
3860,0.014291188325334074
3861,0.07064222625756263
3862,0.023231678083328156
3863,0.9675335295013255
3864,0.9984185190925768
3865,0.17885602911230084
3866,0.9982514403122722
3867,0.022191407150648313
3868,0.43120296243493367
3869,0.02947498540436887
3870,0.5888056600334979
3871,0.03147922828324782
3872,0.46975371082097545
3873,0.34289936859367454
3874,0.06851052608018017
3875,0.9970287357136872
3876,0.26823052087275956
3877,0.987153793484981
3878,0.050679001746904005
3879,0.00413954040535288
3880,0.9978302266988189
3881,0.9915657022040282
3882,0.262770737962608
3883,0.472195627912821
3884,0.021218674167839378
3885,0.05683257475550337
3886,0.9292810815315886
3887,0.22854086108644822
3888,0.08312536122332487
3889,0.10033014511598892
3890,0.024575399346989404
3891,0.9419405788485564
3892,0.008413546219773773
3893,0.8432806356124822
3894,0.08588855909156479
3895,0.38848234993490216
3896,0.13129205312374717
3897,0.9651585592055657
3898,0.3154710575875805
3899,0.25765983478908155
3900,0.06529613405818853
3901,0.004010794190770314
3902,0.9476910162450517
3903,0.601406556621313
3904,0.021785895723976347
3905,0.0907953157667117
3906,0.97675687928623
3907,0.05378611369529232
3908,0.06592904971193009
3909,0.9983555119894163
3910,0.003106100603019397
3911,0.005484802068248612
3912,0.28348344217659827
3913,0.02640272616328679
3914,0.912872982825868
3915,0.03785455328056131
3916,0.7689406576960209
3917,0.02641499208086687
3918,0.08190393505137882
3919,0.01393203137311347
3920,0.07328906434682776
3921,0.00521081355384236
3922,0.3299830959541254
3923,0.03885633166250302
3924,0.04040392604552299
3925,0.9751584078343049
3926,0.39692398657985084
3927,0.017401573188039803
3928,0.08001304068583649
3929,0.9353985159327166
3930,0.9860621718950101
3931,0.0026309043643516616
3932,0.2998977063955209
3933,0.003208042316197027
3934,0.9146975057467657
3935,0.006685313965098576
3936,0.12612972596421573
3937,0.22900438987757263
3938,0.9626913543554969
3939,0.04352930760677545
3940,0.10968038582505484
3941,0.9753685973500644
3942,0.014730767617170274
3943,0.20629230008478072
3944,0.8880033530065153
3945,0.7161168497478773
3946,0.037303312972040065
3947,0.008188967996420674
3948,0.25231857347575753
3949,0.9727501133956705
3950,0.04866153623088983
3951,0.061025387692212274
3952,0.9170153425738699
3953,0.025519697725852414
3954,0.9969391393298489
3955,0.008214209484198935
3956,0.11489002225941325
3957,0.32443473943689877
3958,0.11719618683780969
3959,0.9525223525270858
3960,0.0704295613766227
3961,0.041636557154588645
3962,0.028646289704326353
3963,0.8596245511435884
3964,0.30137885537699644
3965,0.14797147751690023
3966,0.6880347078111098
3967,0.0153151020345962
3968,0.002803422775529678
3969,0.0901209379292897
3970,0.23444328890798224
3971,0.9746760991012273
3972,0.5762022951666183
3973,0.40806166622125595
3974,0.02322925226890951
3975,0.9341175507343283
3976,0.9425497488004958
3977,0.22027979059071523
3978,0.03674426857420272
3979,0.6546535550863561
3980,0.7525985187483982
3981,0.9410591500516502
3982,0.9682150858116794
3983,0.005312769798774094
3984,0.5222036987148991
3985,0.014808853496443964
3986,0.5119322642977667
3987,0.003236309337731603
3988,0.7876410996565015
3989,0.009572120020057235
3990,0.45749798536567593
3991,0.6988485599317694
3992,0.008209596329715982
3993,0.146866900197126
3994,0.803137549450336
3995,0.9676716571332723
3996,0.5833087466885182
3997,0.003300798606357177
3998,0.18443165879817494
3999,0.020590755942093735
4000,0.04085711498167577
4001,0.035824695417944856
4002,0.020237285148567433
4003,0.11603780875623321
4004,0.5874149260935385
4005,0.21765546215984874
4006,0.12603246164983486
4007,0.005376361836583789
4008,0.9917958377170426
4009,0.1005549788825012
4010,0.9977056861006757
4011,0.9093937821881771
4012,0.09084678488369702
4013,0.023887375157347696
4014,0.998433410789993
4015,0.9562918466730256
4016,0.08769035203564794
4017,0.05594833445127729
4018,0.10462100972386108
4019,0.014263862554912759
4020,0.026340617169818958
4021,0.03687717061384502
4022,0.016857731283541413
4023,0.007378103149792886
4024,0.004047249306020043
4025,0.829011196839835
4026,0.7143998906112516
4027,0.011080989725029
4028,0.039264094727450634
4029,0.04844924180268173
4030,0.006948230586767648
4031,0.8729769324347748
4032,0.12425057161899249
4033,0.020813395429823574
4034,0.058717637155810735
4035,0.023967556059725035
4036,0.015081420827899705
4037,0.008479693266981841
4038,0.9713868106112734
4039,0.006495948457497129
4040,0.4477477936505896
4041,0.9806529983213655
4042,0.04376195345371398
4043,0.06758801371588513
4044,0.02281485538124457
4045,0.004096918909983476
4046,0.011540099164816658
4047,0.1263248363051047
4048,0.1320330276623682
4049,0.10509381710504496
4050,0.07651912422953061
4051,0.08703769969668755
4052,0.2190846719887994
4053,0.9074612361559325
4054,0.07393543577589703
4055,0.012898274247657082
4056,0.09331824585371913
4057,0.3424152767594075
4058,0.5427888245332295
4059,0.04243865912182727
4060,0.07768218984997738
4061,0.9889808888253789
4062,0.19848424022407332
4063,0.3587816324419937
4064,0.3176314863074235
4065,0.1570732610807383
4066,0.009430700314484291
4067,0.48741675744667984
4068,0.012296565595792128
4069,0.02278596761434006
4070,0.03682731743837713
4071,0.9873299793096916
4072,0.0032199490693896444
4073,0.03562713964948167
4074,0.06330820011256835
4075,0.029478059822025948
4076,0.4300568383231966
4077,0.07121526841670645
4078,0.3760533069899004
4079,0.13136192057115895
4080,0.0035476473460311123
4081,0.7495715503416619
4082,0.9353213946375384
4083,0.22733158306555143
4084,0.04762496051712863
4085,0.16574555992789977
4086,0.11227688584274664
4087,0.006802866007983543
4088,0.10553269372449643
4089,0.013592311068671216
4090,0.16491048355002066
4091,0.005188271550541292
4092,0.16290354799597836
4093,0.311178218706833
4094,0.013288487165359566
4095,0.01122322250183024
4096,0.02815844519269998
4097,0.22586080868469446
4098,0.02577125211486045
4099,0.9694926983593568
4100,0.508971832321233
4101,0.12161111343006037
4102,0.12260199418325768
4103,0.3084498118999136
4104,0.9733368833678172
4105,0.6243650493908354
4106,0.35451334198888235
4107,0.592619244153446
4108,0.991230997208869
4109,0.9796558800013643
4110,0.1063671301000471
4111,0.0028976886113339425
4112,0.9809613161763053
4113,0.266680288799279
4114,0.033877749096630085
4115,0.014012557588297803
4116,0.016051261940295374
4117,0.9918944368894601
4118,0.0388369911854655
4119,0.12493878514558372
4120,0.9623763385536354
4121,0.4532334952521513
4122,0.7570724335540254
4123,0.006681808371559888
4124,0.38504588426030056
4125,0.00962683874214122
4126,0.1279434179999848
4127,0.057564033784687246
4128,0.11579249732976592
4129,0.32492662113220044
4130,0.01092383669574129
4131,0.3010899865837788
4132,0.9296119032001706
4133,0.9680094540261074
4134,0.02882592151484503
4135,0.34433960251815376
4136,0.023482426770613185
4137,0.8980255040037782
4138,0.0034154389236676734
4139,0.041646198373628436
4140,0.9980244145160202
4141,0.930484849416636
4142,0.07200973410898304
4143,0.05501979194791834
4144,0.9673532290671697
4145,0.08953932334643179
4146,0.18200276768638793
4147,0.19784586151313485
4148,0.23558314453007798
4149,0.013449305928973742
4150,0.28198911394413706
4151,0.048891333697402804
4152,0.009844800278419549
4153,0.1200045944746309
4154,0.5075613878432225
4155,0.8000118395551944
4156,0.0704257437998988
4157,0.0023842390024098824
4158,0.9689026112672408
4159,0.20528199666228666
4160,0.21598369377888962
4161,0.26796229410699185
4162,0.007791715623417216
4163,0.008629866819001642
4164,0.9767998138690143
4165,0.24576001863118416
4166,0.009183811104619426
4167,0.991066794169245
4168,0.19852154813621412
4169,0.09068444414627341
4170,0.9980994568386805
4171,0.02631044161626789
4172,0.8925006470638214
4173,0.03196800795566542
4174,0.014926810899654377
4175,0.33540254883831605
4176,0.031318664735038394
4177,0.006455039045680302
4178,0.8410578456203629
4179,0.20359119025280123
4180,0.9624313704594573
4181,0.33952007885001584
4182,0.005183950514528989
4183,0.794272087072342
4184,0.9629068158330666
4185,0.715745788059824
4186,0.9754096535390832
4187,0.05024818831988592
4188,0.02218949235245247
4189,0.08396147947552328
4190,0.00179565010637614
4191,0.19647977538473702
4192,0.9649698329512729
4193,0.1697540994434791
4194,0.9099721630620587
4195,0.09410641467605356
4196,0.9983659366571015
4197,0.7050853059620134
4198,0.1008412613619224
4199,0.8882266121118029
4200,0.018281956069810448
4201,0.5468092653705549
4202,0.16122086084752965
4203,0.14669700405276587
4204,0.04968853726977865
4205,0.055887896369768486
4206,0.6077297598976769
4207,0.21314270151365614
4208,0.22009026692969016
4209,0.17226786963552768
4210,0.28193892743372795
4211,0.12261897366100062
4212,0.1468740547065058
4213,0.4066928256047364
4214,0.038862123501996235
4215,0.07459652748013802
4216,0.0177270547120109
4217,0.9853312322631985
4218,0.9952361159515245
4219,0.008566041303960345
4220,0.15881310486593225
4221,0.9856792356769087
4222,0.14967846054581402
4223,0.4145381074588004
4224,0.050418160930847555
4225,0.03960622184253217
4226,0.9954934573216491
4227,0.415087050332396
4228,0.014723532004441769
4229,0.31367165274892367
4230,0.8192345511296196
4231,0.013351272069774942
4232,0.007264698761250351
4233,0.05230266680917214
4234,0.0022553897789281494
4235,0.3489536223779209
4236,0.0377352016146496
4237,0.08986640251410495
4238,0.027729667685812632
4239,0.172862343673708
4240,0.5392091766174253
4241,0.9079617701157758
4242,0.010305366878408733
4243,0.03704505251072631
4244,0.9869160868175131
4245,0.06546031895688309
4246,0.02592704851461163
4247,0.006224815861948293
4248,0.06283466237796331
4249,0.5853017006967026
4250,0.6696712822809386
4251,0.1328926539306585
4252,0.005472386401995998
4253,0.8364152967929376
4254,0.06647167977602274
4255,0.03534958126139622
4256,0.07138015254577397
4257,0.004953331740993955
4258,0.8055675772424414
4259,0.0055134257698111235
4260,0.9840769473268779
4261,0.9731996370500579
4262,0.6240631274779801
4263,0.9385925338020847
4264,0.012929996864498076
4265,0.2651710180198262
4266,0.9313890169669997
4267,0.02126167334100031
4268,0.958196731589148
4269,0.16169560376682307
4270,0.2965367912201823
4271,0.010432261445894953
4272,0.13371606442135495
4273,0.006376591125413914
4274,0.011573728041541997
4275,0.9459424061488021
4276,0.7290257268884973
4277,0.012914955437492619
4278,0.013629895267938697
4279,0.20929430178118133
4280,0.9866136734739612
4281,0.32575953248977857
4282,0.31142933222319685
4283,0.007750375404857489
4284,0.014071431309946203
4285,0.39950221524212476
4286,0.10753749765216618
4287,0.798599655850663
4288,0.7358546688051563
4289,0.017228676593139116
4290,0.7240303258151549
4291,0.030391451909529788
4292,0.020580557081842792
4293,0.732695148607012
4294,0.9251188373149889
4295,0.3325116802414956
4296,0.18864712438846207
4297,0.9816219837805615
4298,0.12265408331951422
4299,0.01859255613725299
4300,0.08826864998003996
4301,0.9985111212414886
4302,0.028872824499976458
4303,0.0732576293797611
4304,0.26851357238897483
4305,0.009708435889110462
4306,0.07025552146790591
4307,0.03445928469266885
4308,0.9500278321877338
4309,0.9669349613517816
4310,0.06600089810184846
4311,0.008565871981497032
4312,0.9778310550183429
4313,0.9205888395715135
4314,0.04864038570187468
4315,0.021007695109776858
4316,0.8879160517601533
4317,0.919366017472003
4318,0.8238942290284545
4319,0.010396087819100527
4320,0.7942350993334634
4321,0.0033084949857920126
4322,0.4351850089560907
4323,0.09757352159320581
4324,0.5393261986844679
4325,0.41607742129766323
4326,0.0023682026372733767
4327,0.4986908974028867
4328,0.9837567057748425
4329,0.02446706701287277
4330,0.08795199583905557
4331,0.03496810063877666
4332,0.020451518981236632
4333,0.028412734179912125
4334,0.14703000316708148
4335,0.04177609038531782
4336,0.042538534453128635
4337,0.07188867069821335
4338,0.06718258053286628
4339,0.49271901932426515
4340,0.08620475009388744
4341,0.025481586728390054
4342,0.12256647805194572
4343,0.9781574947556075
4344,0.8862510853508456
4345,0.029771771735014496
4346,0.010187711677522497
4347,0.04568728108522107
4348,0.06767880013216769
4349,0.00374407475801128
4350,0.011096075045185708
4351,0.019340129813963897
4352,0.9871863610285664
4353,0.33880634173547025
4354,0.08108106464347727
4355,0.03899744953603499
4356,0.9586512152234105
4357,0.0589259980770429
4358,0.1594039285847402
4359,0.005664550747830052
4360,0.9555354680580775
4361,0.4202362476856665
4362,0.8068813857585285
4363,0.04043091994244428
4364,0.8737023930531352
4365,0.19383711584440957
4366,0.1211736023078565
4367,0.9654111559924092
4368,0.0023504963137431067
4369,0.03596080263518286
4370,0.21899049819809235
4371,0.08783325841667737
4372,0.9983190506898715
4373,0.027538433744131535
4374,0.07716407345121606
4375,0.6673424895228863
4376,0.04673857631069123
4377,0.13948315272548703
4378,0.9676815354190059
4379,0.9986108256804002
4380,0.08540348265595214
4381,0.023898923641285413
4382,0.09162221615751204
4383,0.2916546962956401
4384,0.8692773696247525
4385,0.04450488976083975
4386,0.11495067606250205
4387,0.0018423107954770312
4388,0.06993090582809612
4389,0.03673103111782002
4390,0.7661775016559557
4391,0.0592681863871161
4392,0.9345787603771853
4393,0.08964346704441624
4394,0.4535498532687452
4395,0.031032708418392303
4396,0.7800545562911633
4397,0.0023971626771495647
4398,0.9981015535246892
4399,0.08048490833057494
4400,0.9336282722887965
4401,0.2661906433236438
4402,0.09905086089327715
4403,0.009648734441736221
4404,0.037001880102766956
4405,0.10013168704345053
4406,0.0024940496063762924
4407,0.05847227642414554
4408,0.2946579781095838
4409,0.12882374974259603
4410,0.01430458883364561
4411,0.0023076861442261763
4412,0.013448299823827635
4413,0.03610668312622561
4414,0.7219163339119792
4415,0.029791420500866236
4416,0.27211425456516364
4417,0.041878204823780456
4418,0.015766450523263
4419,0.26712738344650494
4420,0.02378001715324693
4421,0.006576566209503361
4422,0.002027676315618407
4423,0.11097949981382445
4424,0.0060349769958557425
4425,0.05096010249262669
4426,0.07566151508549739
4427,0.005534694924994379
4428,0.021036181301673226
4429,0.11022570546821964
4430,0.021343500506222978
4431,0.38407817385834725
4432,0.0021891511485736897
4433,0.08995432464494087
4434,0.04429163187960448
4435,0.1239139590517192
4436,0.004969061987298551
4437,0.3672817137339854
4438,0.06549595546967805
4439,0.14681047486536705
4440,0.7823900346470474
4441,0.007121778250073293
4442,0.5606534483151684
4443,0.09101725228226258
4444,0.17813986378492944
4445,0.1173276900740297
4446,0.05002220478898426
4447,0.4009032696332247
4448,0.0398126701257057
4449,0.7607633218311
4450,0.08406300076567286
4451,0.9202980854929876
4452,0.9547344583837148
4453,0.37428510185912933
4454,0.898706226714682
4455,0.020699583710552263
4456,0.07218720682561748
4457,0.9811929976060755
4458,0.02114999050793216
4459,0.1661264895706774
4460,0.800765647335418
4461,0.04543736932335652
4462,0.018360373054421564
4463,0.006922168844382285
4464,0.0667341474479935
4465,0.015209466127267361
4466,0.09537522630363231
4467,0.9974571877621963
4468,0.9497646403298253
4469,0.0342890516563348
4470,0.096555311602338
4471,0.0101639749756438
4472,0.2238261351902091
4473,0.2042751064508439
4474,0.328531271743607
4475,0.9876211641011682
4476,0.18992394733948115
4477,0.03733162294253408
4478,0.8528801203161781
4479,0.15931048063714662
4480,0.6569411446302554
4481,0.08524264007539929
4482,0.022753707585190186
4483,0.9637218435091895
4484,0.023266823113841373
4485,0.03694275926591666
4486,0.9538520490335155
4487,0.12337039666857615
4488,0.05852537683625191
4489,0.02137788244744249
4490,0.07464212883190585
4491,0.002292121023369544
4492,0.028993209906580247
4493,0.4434094991905388
4494,0.20401031863439514
4495,0.16740793977057625
4496,0.15787798461756464
4497,0.23279006829557902
4498,0.010676413117725063
4499,0.026634631264216797
4500,0.40767664849973784
4501,0.021782418283362064
4502,0.22815829832757728
4503,0.9850300672476244
4504,0.2931708126042113
4505,0.16180324390508852
4506,0.5742671941823209
4507,0.09103948199950558
4508,0.005633761623296027
4509,0.017423520795105497
4510,0.23251058537868521
4511,0.18134554479625886
4512,0.020794420167875333
4513,0.0018246722327864215
4514,0.03387143065988493
4515,0.4467760247707204
4516,0.9548468256348587
4517,0.11948328419454017
4518,0.9790907829577736
4519,0.08157696913001461
4520,0.1969214069912915
4521,0.6117589357474896
4522,0.1684346797084754
4523,0.9589386653828936
4524,0.6604218970591257
4525,0.9630078880485035
4526,0.04455251602738841
4527,0.02304081546632414
4528,0.0021961770779223683
4529,0.9784288850002576
4530,0.45339892455882236
4531,0.02328099551733687
4532,0.008315993914338399
4533,0.24226819820652834
4534,0.778057032895468
4535,0.029441930915577397
4536,0.36117419922689936
4537,0.052261156137246266
4538,0.04391131493120908
4539,0.5287068967431355
4540,0.30842764183062193
4541,0.012389343759007307
4542,0.018622620430591482
4543,0.9812289629509264
4544,0.9781403930073633
4545,0.04041427791515335
4546,0.25716401401917477
4547,0.07807414094771319
4548,0.7842671448781355
4549,0.02934940204873716
4550,0.10741515814367375
4551,0.9381583546127407
4552,0.7546081880839064
4553,0.25491767541076604
4554,0.046038550538502025
4555,0.15371242974384597
4556,0.044145266864269984
4557,0.6465335953505926
4558,0.9777369111124118
4559,0.6568725047150775
4560,0.0022132056329705776
4561,0.0075403420876854685
4562,0.9791807386192177
4563,0.013492751979863197
4564,0.04406790774277553
4565,0.14341939126483205
4566,0.09267616716682535
4567,0.4680168902380127
4568,0.004779962783090694
4569,0.014452961983511923
4570,0.011610123688244814
4571,0.022110764773243443
4572,0.12503170453872828
4573,0.028155841530464656
4574,0.5041542388882074
4575,0.013087520650140025
4576,0.13904894671072263
4577,0.23595139152538436
4578,0.055967382084706724
4579,0.02440827701267267
4580,0.12516165136053511
4581,0.1393001209337533
4582,0.9450226821975837
4583,0.03212051967607849
4584,0.9638603932745294
4585,0.9008541732909968
4586,0.17162080154436285
4587,0.37362811486167224
4588,0.034713827574350826
4589,0.031959610501293895
4590,0.04672688081138235
4591,0.006139835756849865
4592,0.03390349116324092
4593,0.013851877757235584
4594,0.9649631413882434
4595,0.03404729212082863
4596,0.10220645730907517
4597,0.9762829480916831
4598,0.20504564544012324
4599,0.6814363678982941
4600,0.006544300984939528
4601,0.005073337198489315
4602,0.03916247770094589
4603,0.03319053461735776
4604,0.009099329879988573
4605,0.1341653608467437
4606,0.11885263255206298
4607,0.11247890620967704
4608,0.9819648158637747
4609,0.009644704796922135
4610,0.9670812600973551
4611,0.06878787655421918
4612,0.15896675510411537
4613,0.08547431611643157
4614,0.9319035383418998
4615,0.9818949020999453
4616,0.03193214164593242
4617,0.31600315253646416
4618,0.9871013611130733
4619,0.7457466468539464
4620,0.9766707433273695
4621,0.04891688013682103
4622,0.502721425361533
4623,0.06594015284805609
4624,0.33100478905951825
4625,0.0031783370433125097
4626,0.11675799333901611
4627,0.07034032840120356
4628,0.9672374246861174
4629,0.13908324213045917
4630,0.07607835894648037
4631,0.909245976845004
4632,0.0640826451076177
4633,0.8263800983732393
4634,0.01853946229012537
4635,0.045917286352707705
4636,0.07453416828616773
4637,0.9651544387415512
4638,0.05681145070986685
4639,0.03175544612870087
4640,0.10571018738113336
4641,0.04471241673027069
4642,0.9761355916822922
4643,0.998539367048697
4644,0.9980085178129666
4645,0.0052757161100316086
4646,0.652129268435501
4647,0.10430824872291784
4648,0.031538196817473836
4649,0.6009113741649452
4650,0.007877344555560167
4651,0.7433515134868308
4652,0.01473602112976525
4653,0.313878674825708
4654,0.10097823582362492
4655,0.01700453435410075
4656,0.6719743028930792
4657,0.9692862590458905
4658,0.020942343234274713
4659,0.734222598601224
4660,0.1541295641172528
4661,0.17015330063486434
4662,0.04192329314983678
4663,0.06901866414103836
4664,0.157901478039051
4665,0.0028583066105398367
4666,0.5056220225414768
4667,0.008702114882618224
4668,0.042777560403238414
4669,0.017621501704806267
4670,0.3232598007277853
4671,0.9967435197216984
4672,0.1641173454398454
4673,0.007279993805429226
4674,0.00580238652012224
4675,0.9478598627853483
4676,0.026617931432807523
4677,0.04875752489420165
4678,0.01530170902263144
4679,0.9485926723214063
4680,0.058299077687521496
4681,0.024528051342263272
4682,0.02289260855197864
4683,0.4986680154562129
4684,0.017568048868837307
4685,0.6682912276895498
4686,0.4369811805344193
4687,0.013410349756861098
4688,0.04693076218375669
4689,0.07088055221854818
4690,0.03989362148254837
4691,0.25063143961781936
4692,0.04706128547580199
4693,0.983906520911241
4694,0.027017319452213043
4695,0.5436138610679048
4696,0.11787816121027699
4697,0.5063035091939015
4698,0.9907028425390711
4699,0.06638442997846228
4700,0.5363515169377223
4701,0.11731325712115971
4702,0.008774672684262479
4703,0.33621391394372807
4704,0.01306288714393084
4705,0.10397827053449321
4706,0.03789570130180946
4707,0.007255330308100191
4708,0.10205058451911696
4709,0.0334002823597725
4710,0.3048166673313027
4711,0.9726832558445105
4712,0.30365023470566593
4713,0.02292439696170798
4714,0.0038547274869169842
4715,0.08820791703206025
4716,0.0018958312622987753
4717,0.03989088706855246
4718,0.7626591424799015
4719,0.3696279337449699
4720,0.01870343555851452
4721,0.1323958003222184
4722,0.9773701053017594
4723,0.8563842006058074
4724,0.05836143562844937
4725,0.010615912426581773
4726,0.12847525963997716
4727,0.08389582235849347
4728,0.17470404231947165
4729,0.013289674504354676
4730,0.00797742244269476
4731,0.007097901581843591
4732,0.09243675382574112
4733,0.9756029114803901
4734,0.023018787727161327
4735,0.01453640329705493
4736,0.9099031706330197
4737,0.210490177735543
4738,0.7963515252599347
4739,0.39381454928050136
4740,0.9958411352916553
4741,0.014008969924724854
4742,0.9604975191723616
4743,0.048263503627875674
4744,0.10494571426095134
4745,0.2862501651645269
4746,0.07217267062747089
4747,0.05400778787964824
4748,0.008329872128276863
4749,0.2285328481041333
4750,0.7627192565515605
4751,0.9717475049882149
4752,0.03764935530601849
4753,0.16302084497781502
4754,0.14387761069152147
4755,0.19530045628100004
4756,0.012604056581185125
4757,0.048877766290752404
4758,0.07313711809061095
4759,0.09278414965016409
4760,0.9592958073619942
4761,0.6207848861386748
4762,0.05151512502977083
4763,0.009456281022216382
4764,0.00848932869643562
4765,0.35406929128057735
4766,0.14477836318532078
4767,0.6459323955465462
4768,0.9530551435464352
4769,0.4765926740151493
4770,0.01355025843626966
4771,0.027318073346383368
4772,0.07341267639248344
4773,0.010438811291174958
4774,0.5881894299218459
4775,0.004618372069611464
4776,0.06007748520682817
4777,0.03177028950642536
4778,0.008538972891758706
4779,0.9875929125891755
4780,0.9922048394046215
4781,0.3043777657027303
4782,0.9904702656425947
4783,0.17978450336523974
4784,0.2836490803738223
4785,0.0851424563905928
4786,0.025347418452403948
4787,0.8804441322640756
4788,0.11022723299412916
4789,0.004067182094685714
4790,0.0067356960434257285
4791,0.009018818059694048
4792,0.8686267063206409
4793,0.985268507167698
4794,0.07770095119127819
4795,0.0061837636599195766
4796,0.9965444809674544
4797,0.010532240730658398
4798,0.8566100190156166
4799,0.6266658807342608
4800,0.6428880815394296
4801,0.5301201963601958
4802,0.007750824907820835
4803,0.012063658938466405
4804,0.02553615360154642
4805,0.015870121358822566
4806,0.37554943842772887
4807,0.9647750384224582
4808,0.07544922137385661
4809,0.03693529886165827
4810,0.03279657081655907
4811,0.11193041162824859
4812,0.12895624346045872
4813,0.7605922884371911
4814,0.9545825188191853
4815,0.2437095255196371
4816,0.4660152698742228
4817,0.02462472728856042
4818,0.1628424222353304
4819,0.17765274557077584
4820,0.9943327074929792
4821,0.6091678553455911
4822,0.010514348196499601
4823,0.7910080470835856
4824,0.3023835934445952
4825,0.7586494345852569
4826,0.027263356861450944
4827,0.08303280497784023
4828,0.0164711428922254
4829,0.03818357909075112
4830,0.03587396947077673
4831,0.30723108927378134
4832,0.2612461406539339
4833,0.10268249890977364
4834,0.05107649642193402
4835,0.03591899359600171
4836,0.038358528177119856
4837,0.05111687710589099
4838,0.02579814470979444
4839,0.007340484154483087
4840,0.9630174550708178
4841,0.2535124206973714
4842,0.9863588815203049
4843,0.050533705261193294
4844,0.12737777055407765
4845,0.10015360806902435
4846,0.015226316880736576
4847,0.9755021081253773
4848,0.7653194857603376
4849,0.005083518128691855
4850,0.42302888857825366
4851,0.052957530602978975
4852,0.4538224921865193
4853,0.7230606575064286
4854,0.6088964114532549
4855,0.21388694383850096
4856,0.6604604001961182
4857,0.13762317569026014
4858,0.096956305502701
4859,0.036848427932511946
4860,0.08886527417335359
4861,0.8411221621240813
4862,0.04541882734596415
4863,0.019338585409416933
4864,0.7118719179928709
4865,0.2565242711198081
4866,0.005223086784717436
4867,0.13589499795865181
4868,0.15416113613315716
4869,0.0032513398525585075
4870,0.14424242960351163
4871,0.3280361949348766
4872,0.42276894246740265
4873,0.09423453078880646
4874,0.9802757630467264
4875,0.28548591732361833
4876,0.026600953982060017
4877,0.02616262405928499
4878,0.869750959679566
4879,0.6843045344112636
4880,0.8152903264555039
4881,0.9461469353439181
4882,0.06456637673390613
4883,0.06748107450510805
4884,0.1400669783526569
4885,0.8305508860542735
4886,0.97456550078303
4887,0.00703624302257886
4888,0.03627853692543429
4889,0.2931554729467396
4890,0.019658558507182382
4891,0.6882052686002297
4892,0.9871550411988207
4893,0.8961126354745842
4894,0.11870905236582725
4895,0.1622651634939018
4896,0.638898421281109
4897,0.8802441991879116
4898,0.1263743407575665
4899,0.9320182663468094
4900,0.007419520710351468
4901,0.851968640390627
4902,0.22551635903215647
4903,0.0419329120778597
4904,0.04168234703086785
4905,0.2995028126800205
4906,0.010156120713917813
4907,0.6791114187467663
4908,0.02866391660334038
4909,0.04926201724768153
4910,0.95977113988178
4911,0.17127881858541838
4912,0.026358477246619567
4913,0.8862469614218728
4914,0.0399933324051731
4915,0.9733175143902604
4916,0.4884372755150667
4917,0.595476840306071
4918,0.9810538402346648
4919,0.7204524605142936
4920,0.026845419746564892
4921,0.9726924082995785
4922,0.9809464303295875
4923,0.0069140160879234205
4924,0.970023920875868
4925,0.13610361172490928
4926,0.013715492062449678
4927,0.9135720964799795
4928,0.6082573489233893
4929,0.02393065740535068
4930,0.9799532341217958
4931,0.876589974509761
4932,0.7016139588969482
4933,0.9870746524465212
4934,0.1249557883255078
4935,0.05785652466357716
4936,0.03851651136424224
4937,0.5811424828368249
4938,0.055372381986534554
4939,0.949639745770397
4940,0.020664854836887594
4941,0.007670237350818686
4942,0.39909640151341436
4943,0.008594130745292684
4944,0.026871015596717573
4945,0.11089832853003423
4946,0.11945769648677841
4947,0.06065889104896146
4948,0.20200432114847156
4949,0.8865631179921044
4950,0.4312520498820048
4951,0.16784395859205
4952,0.2324360433264837
4953,0.16888344468094366
4954,0.6660197372900486
4955,0.5538790412102842
4956,0.10121377321632008
4957,0.12162637271524117
4958,0.9860282243316899
4959,0.5758907332093678
4960,0.002651389808775294
4961,0.7996261302819253
4962,0.07010059943836987
4963,0.28133348445239914
4964,0.8832644097946875
4965,0.018791544432242003
4966,0.010820674761590593
4967,0.38994115608119134
4968,0.004307628499001814
4969,0.18869900834755224
4970,0.9865618318930703
4971,0.141214470207492
4972,0.05528128622027071
4973,0.011224596444836537
4974,0.03044748527588098
4975,0.8111274232650935
4976,0.17033761472226291
4977,0.7108312653926405
4978,0.011493456799494225
4979,0.8741659434701484
4980,0.540735890277459
4981,0.004037932670096794
4982,0.06890028883999023
4983,0.9576168891254797
4984,0.3424573425004472
4985,0.53481619783466
4986,0.9898759630600376
4987,0.9854327660832198
4988,0.025429391560106762
4989,0.0018671962568628676
4990,0.0055974294733413775
4991,0.5920521947341749
4992,0.008337140063716587
4993,0.05269640942147808
4994,0.1398004047392781
4995,0.016596838527966184
4996,0.971841784154171
4997,0.01768754600860272
4998,0.3011729936685352
4999,0.5992213570204258
5000,0.020531399604029568
5001,0.011895739856017556
5002,0.06338443701123625
5003,0.529849547407878
5004,0.44450500235683793
5005,0.10790812494473591
5006,0.03790303938490471
5007,0.7545794177476695
5008,0.9639408103310908
5009,0.05055063432029296
5010,0.002897952325204728
5011,0.5636588362105673
5012,0.02733907594236029
5013,0.08874098766654699
5014,0.12086471041516737
5015,0.6803023839344359
5016,0.8956356677378962
5017,0.44864419802342653
5018,0.9670683946855245
5019,0.9704976838422551
5020,0.016446801371101414
5021,0.2084206762907491
5022,0.012468143165054105
5023,0.001847268411593839
5024,0.32659624025932454
5025,0.06627544105780912
5026,0.04092012094217522
5027,0.08544441544972291
5028,0.9975826473271869
5029,0.8874364122014189
5030,0.008673322212230416
5031,0.03435777010523557
5032,0.14437722736083494
5033,0.9559806714546877
5034,0.9177057995303849
5035,0.015440745265538765
5036,0.013474998670536767
5037,0.0024527420651113737
5038,0.016419930124083743
5039,0.3565946685750294
5040,0.9194195084093804
5041,0.17076296081266365
5042,0.9687377343881683
5043,0.04233336501759336
5044,0.014695307204864066
5045,0.3863154784642409
5046,0.11263034483880303
5047,0.00274870602766061
5048,0.3931004401075948
5049,0.1803566614079775
5050,0.08711477640542464
5051,0.7943657483086218
5052,0.013293500650888345
5053,0.12996832341387904
5054,0.10265959176611651
5055,0.018518325157135005
5056,0.9489404921701357
5057,0.015336126689370039
5058,0.9654118952077662
5059,0.08563031819092874
5060,0.12891020306242343
5061,0.03637693857663867
5062,0.020006680029250077
5063,0.013484963096601008
5064,0.03219902565214334
5065,0.3655135113162089
5066,0.5600934294638412
5067,0.06458915711208364
5068,0.9729998555313627
5069,0.6137405894233495
5070,0.9712405593677467
5071,0.0745526448353143
5072,0.024509176211470182
5073,0.02727085384422223
5074,0.008460558736354554
5075,0.5661502064201249
5076,0.427681102053134
5077,0.0775275771704831
5078,0.17559670461570676
5079,0.9761827072516428
5080,0.02243485668563656
5081,0.0038064959443732164
5082,0.08435089085986201
5083,0.06314195636760256
5084,0.0029524499666616264
5085,0.9683622813096365
5086,0.9982174631694508
5087,0.00839608235923552
5088,0.061833110275170154
5089,0.012633060188417339
5090,0.3517260636396815
5091,0.06498890662738775
5092,0.9954137854473745
5093,0.3858741869348205
5094,0.0597630022561065
5095,0.08236100516731532
5096,0.022172553251880608
5097,0.02465244691181361
5098,0.16614341468723223
5099,0.0031409305269744455
5100,0.06781021958184108
5101,0.33848001101492264
5102,0.669160512562096
5103,0.013445918525744673
5104,0.008202231172261237
5105,0.05237678868214002
5106,0.9980374407771976
5107,0.9782692209547822
5108,0.5326507089581343
5109,0.9228076994642566
5110,0.015408747097455664
5111,0.962409152292708
5112,0.9130849644595699
5113,0.21338740807093493
5114,0.9417996703408842
5115,0.877037551516076
5116,0.37499695210222805
5117,0.8280733381514468
5118,0.811106097760499
5119,0.029339082851796813
5120,0.9545223660170009
5121,0.03903248681361978
5122,0.038679030562710874
5123,0.8786034900101566
5124,0.008768186224623307
5125,0.9672032488528849
5126,0.10528938084006072
5127,0.5600503788845513
5128,0.07049834887252689
5129,0.42307866996657983
5130,0.03226038521578912
5131,0.020117345698226832
5132,0.14727515401070654
5133,0.18046532425993056
5134,0.6547780964067913
5135,0.4934274767901097
5136,0.004422014731900035
5137,0.724678740348711
5138,0.019746273674439468
5139,0.16067270766267805
5140,0.07077152904881721
5141,0.1999108954317433
5142,0.1542691876654809
5143,0.004667263442480357
5144,0.006354070835845857
5145,0.0028006595824061494
5146,0.027601352355659362
5147,0.017714721393256028
5148,0.028127132973266213
5149,0.011993386078332809
5150,0.2777664946639251
5151,0.8166328576853162
5152,0.08469561516660405
5153,0.042338649867740275
5154,0.9849232470912307
5155,0.11079958024080401
5156,0.006798849399821475
5157,0.018937186489050475
5158,0.007417029166933236
5159,0.04312383799968133
5160,0.10404629389923664
5161,0.03372728635765782
5162,0.005986653834924922
5163,0.11859047704746188
5164,0.020664002233734612
5165,0.24418835020535404
5166,0.46314467982609103
5167,0.08949974176405606
5168,0.0782725607327222
5169,0.06438825674350182
5170,0.15430332693122137
5171,0.8143723834521072
5172,0.6472076977815194
5173,0.06175006710916512
5174,0.024720143242662595
5175,0.9984667050162882
5176,0.39453938190583066
5177,0.970542094186206
5178,0.9544368900533812
5179,0.9680169393070166
5180,0.021976271653467938
5181,0.1458818676881969
5182,0.21810280295594295
5183,0.0028163476644664457
5184,0.15393431713099284
5185,0.05045686827811872
5186,0.0018970512780999767
5187,0.05079814125342972
5188,0.9902819214753874
5189,0.028347735680272546
5190,0.08122664384073093
5191,0.29400686334867837
5192,0.10053109210475937
5193,0.34155851948741794
5194,0.3488697514993962
5195,0.37729804175851456
5196,0.06515346521591638
5197,0.01948386995396818
5198,0.02311042823222124
5199,0.008603073651704348
5200,0.0035371968092752716
5201,0.11613579321865636
5202,0.08989041883988964
5203,0.017840969543214315
5204,0.1854993932695936
5205,0.008549171199669485
5206,0.0698610835702783
5207,0.6504982919828429
5208,0.013854081583908459
5209,0.5125873460804677
5210,0.9746206002849923
5211,0.9313443845601975
5212,0.2906450024056236
5213,0.13582082589455577
5214,0.025392419993259446
5215,0.6915038110174395
5216,0.9057966045409213
5217,0.022553856147595714
5218,0.5169653488171988
5219,0.002792614318361293
5220,0.950571372832495
5221,0.023020675532887957
5222,0.044611412926587796
5223,0.2257652473398496
5224,0.6749212367050518
5225,0.0070532488159453675
5226,0.9739741495723027
5227,0.8451776711174507
5228,0.8840339305298839
5229,0.9943737164997245
5230,0.03713817934346314
5231,0.4563418183709005
5232,0.9522968702468132
5233,0.025911515536618274
5234,0.05071754012347276
5235,0.010160896781521883
5236,0.008697281438200881
5237,0.9358694954738258
5238,0.139438196334209
5239,0.0282658353113841
5240,0.020609987542256417
5241,0.03076130041256879
5242,0.027429746779882358
5243,0.06065400988215463
5244,0.9901887646467102
5245,0.5423354788629747
5246,0.1010009673242262
5247,0.05370421085636002
5248,0.04974599114297215
5249,0.23506131342571843
5250,0.2789927821072374
5251,0.3245914521375328
5252,0.4801341087624406
5253,0.006549388554030512
5254,0.029946306645484585
5255,0.2743904027445768
5256,0.005951690316317188
5257,0.2709071273680448
5258,0.8857787992678204
5259,0.7435156587581383
5260,0.06755676971013465
5261,0.023414338762521386
5262,0.7252121607284797
5263,0.009360489961558869
5264,0.24989713681928802
5265,0.05928394263524426
5266,0.9771268625202119
5267,0.003217273883715005
5268,0.16229849796717422
5269,0.013368050832474646
5270,0.23774853423084563
5271,0.11161446650891811
5272,0.9561308523598249
5273,0.011184861331818499
5274,0.4180116048475277
5275,0.8024863268082795
5276,0.152929217999115
5277,0.81549603411427
5278,0.21152169424405767
5279,0.014178434317073657
5280,0.01393990772612237
5281,0.003058194394918133
5282,0.9815413756740541
5283,0.04571736588066518
5284,0.016498560259834816
5285,0.006752158601486952
5286,0.02080708953065517
5287,0.07531480841623832
5288,0.06216834677340868
5289,0.06631804022870548
5290,0.004276103016626579
5291,0.9883263392799009
5292,0.4387285749705852
5293,0.14051224144304275
5294,0.8635506895790144
5295,0.020407782164536408
5296,0.11936225672040009
5297,0.005501277847228365
5298,0.287552679131911
5299,0.002701643480751799
5300,0.01442219961461215
5301,0.4161787945295754
5302,0.5273158091327309
5303,0.11211751553067566
5304,0.09514594901254157
5305,0.047360961293897524
5306,0.10729781496524711
5307,0.9361284767598681
5308,0.07829376214686508
5309,0.089074438485308
5310,0.022795676631701636
5311,0.8624095156475726
5312,0.1707290792389681
5313,0.033453476145707296
5314,0.773195455145533
5315,0.20041512055070632
5316,0.09932052007326908
5317,0.08856000316130386
5318,0.006208805731387826
5319,0.6818810624274216
5320,0.06968648775966012
5321,0.07288812793778278
5322,0.10152004026988919
5323,0.03098290967794944
5324,0.9109368271730425
5325,0.14777777482287596
5326,0.004204917657540688
5327,0.02630606865349161
5328,0.07605969569777983
5329,0.9612641956599558
5330,0.011803217156898261
5331,0.11235942349535277
5332,0.007092407960457267
5333,0.03104568500054111
5334,0.965886864040504
5335,0.5323306678443389
5336,0.007696818098361334
5337,0.033310332595694575
5338,0.4237489448401924
5339,0.08166179142031409
5340,0.015462318358035158
5341,0.004265621886348756
5342,0.9732320758401475
5343,0.07746908213247516
5344,0.025088597945792466
5345,0.010866242590869171
5346,0.25404152299466637
5347,0.9495284500077742
5348,0.048067105475496585
5349,0.03360223542689612
5350,0.8236086942457304
5351,0.9945767082237545
5352,0.7582648243381974
5353,0.03180858062888595
5354,0.21713276047099214
5355,0.816321513603692
5356,0.026521288012803224
5357,0.22161898861242132
5358,0.9977351227472363
5359,0.008450106684752776
5360,0.04472694235752386
5361,0.8151088492843552
5362,0.10888408479026584
5363,0.008757756442316352
5364,0.006074620468047851
5365,0.9772750055448586
5366,0.0028532456185411345
5367,0.0034765542259250705
5368,0.9115095960626128
5369,0.8550761506538139
5370,0.029510094320598007
5371,0.03416130291268435
5372,0.013153779364705747
5373,0.2078464301706363
5374,0.006679506817401942
5375,0.024322678910835064
5376,0.06726337757328006
5377,0.012873600561733504
5378,0.04620843542083881
5379,0.2743898376868109
5380,0.44183955359889415
5381,0.0316249087644463
5382,0.22649307024449916
5383,0.11063016155914364
5384,0.06871266106441459
5385,0.04298689111402929
5386,0.018576355621483503
5387,0.7011492648146262
5388,0.014764138815328835
5389,0.966839281329074
5390,0.5540463309853734
5391,0.01023139011665175
5392,0.005711321993484266
5393,0.9851335162200181
5394,0.05313547660697924
5395,0.7743440309207262
5396,0.07559352741925336
5397,0.2615640696379373
5398,0.15736804778709593
5399,0.2758148335286717
5400,0.01833491557512708
5401,0.3919204188908421
5402,0.01142087687769971
5403,0.0720842097327446
5404,0.03224569498849434
5405,0.03292739574144188
5406,0.8880013206686468
5407,0.8321341695034182
5408,0.014121865042727423
5409,0.01309819683127224
5410,0.19766017078595474
5411,0.2116810230914418
5412,0.9565372681171449
5413,0.07208028928566447
5414,0.005484689169911366
5415,0.9951182248624111
5416,0.031159808499745225
5417,0.07609877487216132
5418,0.06705229741410482
5419,0.34828997075646856
5420,0.04441368541484612
5421,0.0549792699992471
5422,0.07332507385224885
5423,0.03792426881246893
5424,0.9752643526588325
5425,0.9762160903568793
5426,0.030038375764941755
5427,0.013630035132351023
5428,0.00572923928745337
5429,0.0026823481773494517
5430,0.5771927903636113
5431,0.04497324573399759
5432,0.7925739324634394
5433,0.17283260179659923
5434,0.9673529063588564
5435,0.6510402328233096
5436,0.985927059667907
5437,0.029976001850876514
5438,0.17375724272930126
5439,0.43968023726467154
5440,0.9359846414919434
5441,0.008328376680564827
5442,0.03584804372679363
5443,0.4537673590988433
5444,0.012533672847701786
5445,0.8738619593695658
5446,0.10037243980814754
5447,0.15765399535856583
5448,0.04086445476834318
5449,0.002965834115623672
5450,0.9795126408502425
5451,0.002914462770995956
5452,0.9638082821515074
5453,0.12141847335068741
5454,0.05268528853310881
5455,0.9524996781393366
5456,0.010445665615472543
5457,0.04035892810011788
5458,0.005397984460827736
5459,0.9427918942997854
5460,0.9724499540371134
5461,0.018472448016402583
5462,0.029543101885563385
5463,0.03489045107737573
5464,0.008964168430859017
5465,0.16887711116540097
5466,0.8280740838742159
5467,0.9934608926083929
5468,0.0709693993982186
5469,0.056317069524541186
5470,0.9954281034737501
5471,0.3539836965083714
5472,0.07235703213582857
5473,0.0041509797920540265
5474,0.2231933191842327
5475,0.006675630113405943
5476,0.038188700613228675
5477,0.9299380583163934
5478,0.1976447681289106
5479,0.9566416761527136
5480,0.061767141533397484
5481,0.07165082227660488
5482,0.014410429532524374
5483,0.3757210438125053
5484,0.7557021042745294
5485,0.19541771198147526
5486,0.04187164161315424
5487,0.38443851204761464
5488,0.29078506838565193
5489,0.1699089519059768
5490,0.03656002059989869
5491,0.7790650598252126
5492,0.06764075917020522
5493,0.01714430148500058
5494,0.77460787384247
5495,0.8308072147054556
5496,0.01079251082319442
5497,0.17044981343558616
5498,0.026941346916093355
5499,0.0058757138307146016
5500,0.004613333463480626
5501,0.16573900884060813
5502,0.017237489610689764
5503,0.050308497993206656
5504,0.9872656197927197
5505,0.9824851698155207
5506,0.023463858119375066
5507,0.2828871300113486
5508,0.051128657170228825
5509,0.9866887780566141
5510,0.00948041420827829
5511,0.9936052700161815
5512,0.005228458988014572
5513,0.028139149011694953
5514,0.29350620524519055
5515,0.0056052920895371255
5516,0.05293087650449576
5517,0.09791790370311815
5518,0.23356595050372217
5519,0.024037090692545292
5520,0.024465134793684437
5521,0.9971847200078782
5522,0.8239898302810263
5523,0.2021172935982245
5524,0.9789485797791698
5525,0.09395370131105008
5526,0.0786682591020071
5527,0.8957606729420681
5528,0.008753695165333983
5529,0.02433173917111024
5530,0.09272300625041063
5531,0.04587259285275406
5532,0.11358349330828998
5533,0.0780055605826095
5534,0.28542685997162204
5535,0.03775370436697031
5536,0.0857751688699571
5537,0.05093920462151589
5538,0.007683496615659397
5539,0.054844430279549834
5540,0.8032702368023142
5541,0.007135620612313748
5542,0.18883216563431893
5543,0.0057073563660696115
5544,0.01098324319311777
5545,0.8675541729015968
5546,0.5422516547811753
5547,0.06120267021423444
5548,0.04926487649153675
5549,0.990142126829383
5550,0.035443892205590036
5551,0.14475996273260364
5552,0.03471506930181579
5553,0.03635375878050507
5554,0.4753079489392078
5555,0.07808207548581354
5556,0.09273821180341253
5557,0.6109419613467492
5558,0.9820971574530578
5559,0.08312374112641117
5560,0.9792833990257638
5561,0.6153451788439978
5562,0.0067366831850484005
5563,0.0840038482606591
5564,0.013730171996893706
5565,0.9897414803034167
5566,0.40612097514592854
5567,0.024546798100958462
5568,0.036030213757197053
5569,0.06853446137913811
5570,0.9851960240928013
5571,0.02467538329506962
5572,0.002241363373189417
5573,0.04817200664470778
5574,0.8199150529939591
5575,0.3703216656845146
5576,0.033735983333192436
5577,0.035390359848378475
5578,0.20191672564708155
5579,0.015164077476616036
5580,0.9918720001125679
5581,0.20208537668918433
5582,0.016409869524461603
5583,0.01579189557448146
5584,0.5534545809680081
5585,0.014133276765344397
5586,0.3393417037339879
5587,0.7268261337638302
5588,0.23764509302687653
5589,0.16529696047575448
5590,0.04635540371459563
5591,0.02042644642236797
5592,0.5072673968635787
5593,0.006553134151445571
5594,0.03246817941714887
5595,0.06862450930524171
5596,0.5916089906683761
5597,0.9687123604254771
5598,0.029953419672180976
5599,0.9264867068302897
5600,0.9730640498638152
5601,0.08907518964138768
5602,0.08115202645558361
5603,0.5851424865284609
5604,0.005858711133183705
5605,0.7541627177174174
5606,0.18547021226468055
5607,0.0031895232871153455
5608,0.43153531751105517
5609,0.8211984980835006
5610,0.04638824790600396
5611,0.06626228108914277
5612,0.04877203337990366
5613,0.20329249695443183
5614,0.1491763473905433
5615,0.00249288242785153
5616,0.0474514264506238
5617,0.8746922600956042
5618,0.9976067473557908
5619,0.11865597184157108
5620,0.039977128428501166
5621,0.205129923493226
5622,0.02008407043696971
5623,0.004159308286345301
5624,0.09925018092872712
5625,0.7345041243815075
5626,0.1287763436942824
5627,0.997547043297012
5628,0.052685657756188255
5629,0.17275089079503536
5630,0.9785631632881756
5631,0.017053900778706634
5632,0.027327603382346233
5633,0.006265462229257321
5634,0.5040348741946395
5635,0.06868994948514458
5636,0.00349824890310311
5637,0.12590628419100156
5638,0.76244500526045
5639,0.0035698765717096016
5640,0.018283733358599487
5641,0.14391806028261983
5642,0.026228092498767546
5643,0.8231081567318778
5644,0.060565891339559086
5645,0.029355223472449888
5646,0.7817394227570481
5647,0.05051633291212763
5648,0.025998057837061776
5649,0.04041194628738581
5650,0.00962428268891489
5651,0.1697286913096335
5652,0.03572148067353196
5653,0.011173907617934659
5654,0.009638765852551124
5655,0.966852505075935
5656,0.20475069453279002
5657,0.1969560827538782
5658,0.017506157532360612
5659,0.09932315517291775
5660,0.02500519520652869
5661,0.8680561709845952
5662,0.045314167184261754
5663,0.2154158921625641
5664,0.00803969018268035
5665,0.9465350241073865
5666,0.08727429719670027
5667,0.9498793523607866
5668,0.9978077165394407
5669,0.268620312777574
5670,0.8870192042596258
5671,0.07067875386077237
5672,0.02273301646147689
5673,0.320677190381412
5674,0.8622091084397759
5675,0.22432277347632923
5676,0.9969004742228803
5677,0.06268740427660194
5678,0.08505813565807213
5679,0.9837702569983926
5680,0.018174943655434556
5681,0.043429074990916
5682,0.4771175625771423
5683,0.1835984956799619
5684,0.055243534530329576
5685,0.10147889136683674
5686,0.09310432138862797
5687,0.17734183455594088
5688,0.029956737809304163
5689,0.0299968009355135
5690,0.016611772238245764
5691,0.010944136936954748
5692,0.025860883768977078
5693,0.2528157833658815
5694,0.052671895551889336
5695,0.4017542223603912
5696,0.4067580428895408
5697,0.27120873679846275
5698,0.044890598602065256
5699,0.3853097232492007
5700,0.06216659904909158
5701,0.9824255723205804
5702,0.08911205214147712
5703,0.30327241007478006
5704,0.882569524788154
5705,0.6580894055368925
5706,0.08793329562846453
5707,0.023839569579073256
5708,0.10154058103469234
5709,0.9075814019390552
5710,0.967206996579145
5711,0.07055652298448586
5712,0.0028275294469068523
5713,0.014078172944690126
5714,0.2812247096398755
5715,0.023451683619067704
5716,0.0031761303434979025
5717,0.9461733093066039
5718,0.9551311820831163
5719,0.002569681182145232
5720,0.4328071496294396
5721,0.0035750638031090405
5722,0.995314086210132
5723,0.6097010603939216
5724,0.023211229912290143
5725,0.05710174335479479
5726,0.3255471242151197
5727,0.9732961054251174
5728,0.8473334960269033
5729,0.007148599780187403
5730,0.303403113491624
5731,0.978847435558689
5732,0.01818469214418701
5733,0.23327306798231792
5734,0.9963911664520588
5735,0.022478352139389868
5736,0.002315568007635801
5737,0.9424186644763212
5738,0.8904129138205427
5739,0.010063120661172426
5740,0.20257081399557234
5741,0.061462290793661306
5742,0.11066100508192846
5743,0.927012763279071
5744,0.2607601613623087
5745,0.006744151859082434
5746,0.027445186526102408
5747,0.07955261252590447
5748,0.06482797217708035
5749,0.33467797683631173
5750,0.9774932029273978
5751,0.004117022655851993
5752,0.11058009535561658
5753,0.020342520733895492
5754,0.006846986700433791
5755,0.04252399155371021
5756,0.007332297852592074
5757,0.21962778922921947
5758,0.9317603886966781
5759,0.2603960164809816
5760,0.01927013770378672
5761,0.004897853256293432
5762,0.42957773401322713
5763,0.9639015708804664
5764,0.0020786139438446617
5765,0.7033774639019633
5766,0.9880734691013991
5767,0.04286356613423565
5768,0.8892506943834396
5769,0.004037736474922715
5770,0.08856869222016629
5771,0.9976662896215847
5772,0.1732729772725757
5773,0.6705113003837395
5774,0.9618398433416964
5775,0.11374873687612848
5776,0.8616510537997467
5777,0.0031993993951278366
5778,0.03617127155875751
5779,0.014568615163323135
5780,0.03888463591611463
5781,0.35464244672691025
5782,0.06750034572252046
5783,0.47275733177378115
5784,0.9685501971224321
5785,0.7865863925214676
5786,0.002299802458165853
5787,0.07439321764033491
5788,0.9808749269864466
5789,0.0358999147576008
5790,0.984800843829989
5791,0.9981302144586662
5792,0.042884934313616084
5793,0.24111091017482003
5794,0.11178910390394083
5795,0.09352120852924088
5796,0.10045625106902445
5797,0.9422234023261226
5798,0.9914923329188422
5799,0.02510707783600011
5800,0.4455718723826625
5801,0.26932874756263003
5802,0.9634810428563952
5803,0.5040532510864657
5804,0.055765547349418264
5805,0.08570814779479685
5806,0.9264980763737158
5807,0.022781159101207663
5808,0.9982097597250634
5809,0.013498981041725982
5810,0.04943185455090735
5811,0.9626175612929343
5812,0.98768172348769
5813,0.9819862153257629
5814,0.962438968897651
5815,0.9582793151052823
5816,0.9398395605819245
5817,0.9464984804125672
5818,0.02996242379005065
5819,0.9942064101754743
5820,0.2812532462789708
5821,0.021408856066434074
5822,0.9980703602960298
5823,0.01080690717845778
5824,0.8765306418339779
5825,0.04664935837132452
5826,0.023157449601866803
5827,0.016082703085486413
5828,0.9535703398492267
5829,0.2796755724287391
5830,0.06771187610653057
5831,0.09105421860879948
5832,0.4912484757276254
5833,0.21075375096359164
5834,0.0696059372962949
5835,0.6554176493740586
5836,0.11050272457551653
5837,0.5651696795604025
5838,0.018703517120283765
5839,0.004396215583351736
5840,0.006224782583772247
5841,0.9475567207486874
5842,0.07117637567997608
5843,0.17656791611614986
5844,0.13936676882871843
5845,0.5698828380116913
5846,0.9335245985347848
5847,0.1919650034206615
5848,0.0981129799703433
5849,0.07800401554641723
5850,0.9883760324322975
5851,0.9510778588865912
5852,0.8730840111832882
5853,0.09461190293300192
5854,0.8647876814590644
5855,0.00818736996625067
5856,0.11719253326499128
5857,0.06855708577531829
5858,0.5865348028417507
5859,0.02951710576865245
5860,0.9682056741997095
5861,0.016467599331897658
5862,0.6536096728481539
5863,0.11776412567802484
5864,0.1899092110836805
5865,0.1449323732154253
5866,0.06467508561824957
5867,0.08576764137015132
5868,0.05878759296872352
5869,0.05824457129193495
5870,0.0030152828711787275
5871,0.12384067230887401
5872,0.006490988933476681
5873,0.09756176154094433
5874,0.9908194835949931
5875,0.9980212455727383
5876,0.05830953283908036
5877,0.9667149967336918
5878,0.14740334103731656
5879,0.03599803244386702
5880,0.31949658737140735
5881,0.1796968805570592
5882,0.019418689293507648
5883,0.1756990280263363
5884,0.7549846031228536
5885,0.009423634687498328
5886,0.5516352422005458
5887,0.9342500129289727
5888,0.5704955348816693
5889,0.9554032266652251
5890,0.007734387534292349
5891,0.034786418627245096
5892,0.5504544188320014
5893,0.04255026246783636
5894,0.04365466181185907
5895,0.1019470593975559
5896,0.01199966613574726
5897,0.04927765581422494
5898,0.7069879264794686
5899,0.12306263737323801
5900,0.09099684037416644
5901,0.6786990854658987
5902,0.7037077512605204
5903,0.9570818621037881
5904,0.9815313611484436
5905,0.4712107191647121
5906,0.04619502765702984
5907,0.9874356701838501
5908,0.028050617022233437
5909,0.07108167119637866
5910,0.15103013194114856
5911,0.11327902488186327
5912,0.9701244523401309
5913,0.004614431831219404
5914,0.07462131785551467
5915,0.1595736761213856
5916,0.0068023758616817835
5917,0.010376233529705497
5918,0.9578222553596603
5919,0.07471026986491223
5920,0.982510965465616
5921,0.05601457606184542
5922,0.06816559400945225
5923,0.07324611083372659
5924,0.2817127138565149
5925,0.08218399825017897
5926,0.9815936780617519
5927,0.17355319501155284
5928,0.05812682016859169
5929,0.006825422064911849
5930,0.09385668769931339
5931,0.9112275894521172
5932,0.043098618900353575
5933,0.9380887602314489
5934,0.5216814837374196
5935,0.19149408208452515
5936,0.006979939933145919
5937,0.07639500523654179
5938,0.35102053019941454
5939,0.005124499917530226
5940,0.9602692785447385
5941,0.058559323871575364
5942,0.10005850682107664
5943,0.09923398539648633
5944,0.4409772429369578
5945,0.9854752576128556
5946,0.05934311288303045
5947,0.06809968860063713
5948,0.08505815228088559
5949,0.7058741420680045
5950,0.01024828931332019
5951,0.462286039576049
5952,0.1015200210808714
5953,0.43858225643312676
5954,0.49154569727589664
5955,0.025327116559623827
5956,0.9318776871362914
5957,0.8269532672088253
5958,0.7565103785720488
5959,0.24393595198666804
5960,0.05875814841387065
5961,0.004482005368007244
5962,0.2243918117661059
5963,0.005708073214188032
5964,0.8946030758622822
5965,0.15468621064749064
5966,0.03177152630716453
5967,0.006146575535410871
5968,0.0631915804148583
5969,0.7096030553584479
5970,0.9591594648577236
5971,0.0377348635326992
5972,0.9296745322826929
5973,0.11085809221556635
5974,0.8444527196753073
5975,0.6166295767108158
5976,0.005653084090485237
5977,0.3139228258459111
5978,0.24936951925163695
5979,0.926566704324345
5980,0.26250664366803805
5981,0.29321171608964297
5982,0.04307952865540662
5983,0.02016632492931004
5984,0.9319311485416147
5985,0.040625838694569955
5986,0.1418386474456799
5987,0.022823002631774558
5988,0.7436776715354441
5989,0.8935112419351645
5990,0.01969253509119262
5991,0.9838079617584938
5992,0.08016055204983842
5993,0.49668676730460176
5994,0.018488337060191012
5995,0.04685559334510391
5996,0.048717548035569214
5997,0.9501729374667919
5998,0.8004708345164189
5999,0.8563203553710353
6000,0.03138019100272913
6001,0.7194168927768763
6002,0.6534494097784319
6003,0.3927235084685486
6004,0.0574859021580306
6005,0.005163458987555374
6006,0.727639887065337
6007,0.9637841227756069
6008,0.6589165982960051
6009,0.9470110765495554
6010,0.027930346728459583
6011,0.9630484772733352
6012,0.0848338472632363
6013,0.18245955387582544
6014,0.017379862418195453
6015,0.06441465070772394
6016,0.06429058968806933
6017,0.03124388587670036
6018,0.9977928567407431
6019,0.022057626659186733
6020,0.9758230517276143
6021,0.3495611317745319
6022,0.9722030406334873
6023,0.8861142572861268
6024,0.020077642910061224
6025,0.09787073932181768
6026,0.05369469894214479
6027,0.33434215179713095
6028,0.06502288934893628
6029,0.7089925576140504
6030,0.030587596767314446
6031,0.02346102771090024
6032,0.06120482235158101
6033,0.01703457023419682
6034,0.35042490061028886
6035,0.17078805467887634
6036,0.9526684698116794
6037,0.6100204073429717
6038,0.9126868370480666
6039,0.006853388687386886
6040,0.059484269321661204
6041,0.9715105922773581
6042,0.9691477145210884
6043,0.8488458864274656
6044,0.953510212624949
6045,0.908394695222981
6046,0.010768979993079677
6047,0.07901296416484356
6048,0.30224876418572477
6049,0.5422119701176461
6050,0.01646186430892714
6051,0.1793176499877248
6052,0.07839626912179874
6053,0.0021596001315315554
6054,0.019581684907159436
6055,0.07221731928019877
6056,0.15218792490343214
6057,0.01685422619052882
6058,0.16242431753170508
6059,0.8100273076142811
6060,0.014669567324035864
6061,0.356529767705455
6062,0.055247753760252115
6063,0.9553728299206182
6064,0.0075963373390130874
6065,0.028845036253214204
6066,0.16096985177899883
6067,0.01189655063994489
6068,0.5985042920131896
6069,0.0030700518136107893
6070,0.03142460760685236
6071,0.016690156042174085
6072,0.998049162657961
6073,0.015715375302144254
6074,0.17672670945901878
6075,0.059058643785041325
6076,0.13120198889927417
6077,0.0756524881900138
6078,0.34631955889263805
6079,0.03743848699048147
6080,0.7924989970411519
6081,0.009045928970002415
6082,0.7382711221763376
6083,0.01109195165915326
6084,0.9850593502102702
6085,0.1717659128630957
6086,0.0369427667454995
6087,0.04261064889607219
6088,0.19407938463444294
6089,0.07329774490161438
6090,0.022864634175710153
6091,0.05136285276896382
6092,0.9751097818023599
6093,0.3104935271290476
6094,0.03206760655378787
6095,0.4121176637661043
6096,0.9634293637459531
6097,0.05074582123532995
6098,0.0025056859530689316
6099,0.9332047317913647
6100,0.9770193012166625
6101,0.8113845304913028
6102,0.08646721905657312
6103,0.22906464220093628
6104,0.08035003621166338
6105,0.007451075020440237
6106,0.02339506197716658
6107,0.7245168446319822
6108,0.9752509464280833
6109,0.003754358936550022
6110,0.30830890597649246
6111,0.9633470978924578
6112,0.014790208578584188
6113,0.005553010361415612
6114,0.03289677399000812
6115,0.9641274925347817
6116,0.7158708022180447
6117,0.005277165775511274
6118,0.06116812970874457
6119,0.6999398270952151
6120,0.4229098498214247
6121,0.009032982145253653
6122,0.04175549610497022
6123,0.8896518765428661
6124,0.09440936851194694
6125,0.5873192724128856
6126,0.0032183367529542025
6127,0.9141621206141979
6128,0.006465982427036385
6129,0.9031526466993451
6130,0.03405801289398755
6131,0.040140223848650826
6132,0.960165401292212
6133,0.10407201007410927
6134,0.5334188216752617
6135,0.04704972284895534
6136,0.85549618392756
6137,0.12422747633050372
6138,0.010771992518864985
6139,0.14242645460994838
6140,0.03852714984969324
6141,0.9979528515656768
6142,0.8996421435908882
6143,0.8741986901402842
6144,0.026198984896724547
6145,0.9720663254385212
6146,0.6227669895723786
6147,0.03577733741476541
6148,0.7344214583561154
6149,0.21207091927495447
6150,0.01925787923514101
6151,0.042731283800589555
6152,0.03639555297535276
6153,0.025539900715309937
6154,0.8197522567769759
6155,0.014502960521561865
6156,0.3542624337703632
6157,0.050162084454275474
6158,0.1673893119242316
6159,0.034088107788294936
6160,0.6603228992116187
6161,0.5670559114487702
6162,0.9597008626765232
6163,0.8381524497933238
6164,0.027608915514241966
6165,0.26101115307580325
6166,0.9596618648775735
6167,0.9910514600345596
6168,0.8135809130277948
6169,0.39736221433764435
6170,0.7680530269165718
6171,0.14949675205145593
6172,0.8204598849052881
6173,0.10328283362176886
6174,0.4082437701683593
6175,0.7748902256440605
6176,0.013597146634539363
6177,0.06287155487312539
6178,0.9238518651154854
6179,0.0884773607283784
6180,0.6602492978701286
6181,0.9653584352124446
6182,0.15529038008680904
6183,0.02808973927698133
6184,0.1358678085771783
6185,0.60086491046158
6186,0.3683624688213478
6187,0.003626049981729787
6188,0.04467747699277924
6189,0.15286533547702627
6190,0.11849513000032517
6191,0.9978946497999885
6192,0.20596474139576573
6193,0.03316019725731375
6194,0.985751800242928
6195,0.012167703529249103
6196,0.9731930037814372
6197,0.98392626906815
6198,0.8435809056187621
6199,0.035867407556960336
6200,0.9742150575736409
6201,0.008773729994600942
6202,0.015844368621728045
6203,0.018688323078254254
6204,0.1466960566624902
6205,0.023548699259971526
6206,0.027559059747590042
6207,0.02879359268975254
6208,0.9848233734447027
6209,0.2419671432004884
6210,0.45783601465087487
6211,0.9362160939814886
6212,0.014041119461785162
6213,0.00926782842508461
6214,0.48124289985845214
6215,0.048020274479634556
6216,0.041387506267467795
6217,0.04014761543816915
6218,0.20782250668258384
6219,0.13867170449889932
6220,0.0723227655446259
6221,0.7491688765930116
6222,0.014818790858883555
6223,0.010570758564867713
6224,0.009621057746579842
6225,0.0032844253445881975
6226,0.004580984250777964
6227,0.02304854658292781
6228,0.030334673360356695
6229,0.9679365008216213
6230,0.0023736492312384826
6231,0.07992831310141019
6232,0.07855080736837132
6233,0.03410712040247415
6234,0.9970017675023554
6235,0.4876585565833689
6236,0.11454085197763864
6237,0.2803593860165693
6238,0.054016219155982925
6239,0.7716502782883871
6240,0.019013978599917134
6241,0.3679487700262425
6242,0.011099678242583821
6243,0.012362971409040135
6244,0.0017618047677387383
6245,0.002755947409194371
6246,0.9777336152215966
6247,0.053518794826720756
6248,0.008388515452410594
6249,0.23144174227236522
6250,0.3612189187922112
6251,0.08233813132900189
6252,0.8929618189879802
6253,0.7797190390034214
6254,0.9305600307701889
6255,0.9575814601111453
6256,0.9942245330217331
6257,0.4499386440154412
6258,0.9964484786700444
6259,0.011390878316433428
6260,0.005622947966844014
6261,0.057030467461234864
6262,0.08318086481298706
6263,0.2930941416581218
6264,0.5484434276264536
6265,0.0665122617511094
6266,0.9771974701802878
6267,0.04931276380538052
6268,0.059054513642708195
6269,0.00866860881685686
6270,0.06929985456095952
6271,0.021855216745474842
6272,0.15339714687016415
6273,0.034869131059968736
6274,0.1609347216095894
6275,0.006389290882183475
6276,0.9814916400586315
6277,0.05595345721061412
6278,0.08627913244059027
6279,0.9875198565812068
6280,0.12639644698601216
6281,0.002938496310845864
6282,0.12409005776074489
6283,0.27684446120452827
6284,0.6453320283237859
6285,0.37715272962360125
6286,0.026509442837380996
6287,0.027205777761126187
6288,0.9880166929987544
6289,0.7495341959223927
6290,0.05178494473432205
6291,0.0713135938597365
6292,0.035048344022513216
6293,0.11429879179800351
6294,0.8485881896820366
6295,0.06994751974183087
6296,0.7629226977593061
6297,0.019017440307304498
6298,0.15887986521574482
6299,0.9764196936476653
6300,0.8729786511600698
6301,0.016604236788609086
6302,0.021144389252545196
6303,0.01890300546865363
6304,0.5727176659496943
6305,0.8915811310808159
6306,0.7963166573359656
6307,0.4461322387823587
6308,0.5284365218288871
6309,0.02302784101750265
6310,0.7454499102975193
6311,0.6255684833931254
6312,0.9659219155585657
6313,0.9973052352784094
6314,0.03436801244967549
6315,0.45787530447793356
6316,0.3291275869312501
6317,0.028708620603990948
6318,0.2909916399822065
6319,0.10689624861411216
6320,0.12476984461504559
6321,0.003473031228277097
6322,0.9983672479620296
6323,0.00324013212835191
6324,0.20788262257215714
6325,0.003297807167726542
6326,0.006805246808147157
6327,0.25175346761239786
6328,0.008009601466057635
6329,0.03724078731137589
6330,0.7199526826239473
6331,0.014566194916804368
6332,0.9974198025465087
6333,0.944448397800175
6334,0.006098080984124257
6335,0.9908202900087927
6336,0.3077642034000615
6337,0.6035934265455357
6338,0.13816420693523115
6339,0.23174091108197695
6340,0.007053410505811628
6341,0.019556197429308326
6342,0.772681824508902
6343,0.024658082531740216
6344,0.10887144148678568
6345,0.01973572994044012
6346,0.13855269015075203
6347,0.04084786511847646
6348,0.07263864159205329
6349,0.9370877382083497
6350,0.8656585042951389
6351,0.3417825456595394
6352,0.5390377374678084
6353,0.04794023500282629
6354,0.01490453485292545
6355,0.10712479897392428
6356,0.15361826504815757
6357,0.16161181354086454
6358,0.004364315301064979
6359,0.2836650341105764
6360,0.13686630990368284
6361,0.1986290831466483
6362,0.020443347835476966
6363,0.9824575751978212
6364,0.010882256818517002
6365,0.03245719603480133
6366,0.003704072228164341
6367,0.04866751396605897
6368,0.21241647278414688
6369,0.9435779675488544
6370,0.41711695153501765
6371,0.03807800648841697
6372,0.005854572242104793
6373,0.3080736965392068
6374,0.06296216278005422
6375,0.339246616347882
6376,0.47426016180938707
6377,0.1181480252962484
6378,0.01623173648381596
6379,0.016477423193160316
6380,0.006175307494154683
6381,0.3146922995633558
6382,0.03386643926954302
6383,0.03550769295769557
6384,0.04895863798234018
6385,0.9949015434222982
6386,0.12199024626536055
6387,0.019740994557726058
6388,0.8033317389715341
6389,0.6803019056089482
6390,0.7932782031866532
6391,0.9156504546539063
6392,0.03856833267326001
6393,0.015526225471165715
6394,0.012138315091418944
6395,0.8176456912623818
6396,0.22363017087961015
6397,0.9817595931150845
6398,0.9491801280264349
6399,0.9559247130502192
6400,0.8620926839163593
6401,0.9890867758414655
6402,0.9277609762740472
6403,0.0018252259048572037
6404,0.0033986102025097106
6405,0.5300033455669361
6406,0.9671977255741503
6407,0.9422564765392606
6408,0.46239218892078887
6409,0.6439156920595389
6410,0.018971971009667406
6411,0.2591174294453136
6412,0.31261427568278694
6413,0.9458071786369961
6414,0.002972247840409605
6415,0.9773714519290699
6416,0.12013119004925825
6417,0.5259442623457818
6418,0.047419536456428935
6419,0.07276024516615447
6420,0.3423553191820646
6421,0.08681957445978032
6422,0.04325804327819662
6423,0.10192209806308318
6424,0.942663006237897
6425,0.6259099912372381
6426,0.20517680232446142
6427,0.16603036784100123
6428,0.1559914515505407
6429,0.9788505079164694
6430,0.9883211909885837
6431,0.04609757254022854
6432,0.09568910506542326
6433,0.0024413116521926127
6434,0.0731110609470758
6435,0.06403509776535606
6436,0.09060436601928379
6437,0.9865890161428151
6438,0.06947835882243951
6439,0.055334497845232734
6440,0.02252056430080024
6441,0.03153792438214615
6442,0.016609062547564547
6443,0.009976066955174157
6444,0.9446797348959666
6445,0.9277247696603856
6446,0.13884550965200118
6447,0.023681540470253126
6448,0.00974926222289192
6449,0.6631944907013237
6450,0.028036898365341966
6451,0.6737499502067004
6452,0.056920023534126486
6453,0.01407414036015242
6454,0.2542277292679625
6455,0.11907183347237815
6456,0.8784341515991092
6457,0.05025845742481458
6458,0.5955360792056159
6459,0.011529526100916197
6460,0.023610247131691853
6461,0.08263563854375797
6462,0.023842149795462175
6463,0.004085163404952651
6464,0.9578604670414976
6465,0.4767966243119626
6466,0.08188566660566389
6467,0.3301713561483113
6468,0.034549486241403984
6469,0.9768126135251266
6470,0.9300876348147468
6471,0.3674728284920237
6472,0.039270969803198726
6473,0.06604656147254806
6474,0.320343955919202
6475,0.07385136696682872
6476,0.18558615408385415
6477,0.004902429392400035
6478,0.10977131714214872
6479,0.7117681640217327
6480,0.012880062269879136
6481,0.023423412375897523
6482,0.6665892359014242
6483,0.05872640694758058
6484,0.057205126123055755
6485,0.14820038282971157
6486,0.3978176057783287
6487,0.01858931135897747
6488,0.044550772811278984
6489,0.014207557356523333
6490,0.4752047526194474
6491,0.14060839139457615
6492,0.9752298384143768
6493,0.028389321161897338
6494,0.10286238995597503
6495,0.17893114693386744
6496,0.0506042300234916
6497,0.9666136984455275
6498,0.6841261260953062
6499,0.25076541461967533
6500,0.9979070683501523
6501,0.9968142089654254
6502,0.006754760736386864
6503,0.9648272477969572
6504,0.009035924461537136
6505,0.9306105296543375
6506,0.9984147302383505
6507,0.14176333645940412
6508,0.09093615213661609
6509,0.06733328773507394
6510,0.17491298776738354
6511,0.9884390121638141
6512,0.03638792605484998
6513,0.9745233115146611
6514,0.01091011019864029
6515,0.052941501744741104
6516,0.0044198633174756955
6517,0.040992164731990126
6518,0.12905327491154214
6519,0.0945183086317302
6520,0.9031620473488348
6521,0.09854579745994248
6522,0.002140051031768566
6523,0.5003284062846655
6524,0.08133931977210627
6525,0.20221667873058943
6526,0.089319512792761
6527,0.006684404460201759
6528,0.006885418686067457
6529,0.017764506125461318
6530,0.006173871113547909
6531,0.965763263064574
6532,0.24875650221864895
6533,0.42332198249569203
6534,0.7609573872838441
6535,0.11160392959964066
6536,0.7855812201900028
6537,0.029336589623440285
6538,0.0054182824862354095
6539,0.14367479451169515
6540,0.04906759316293841
6541,0.9476595552634106
6542,0.010525616888723797
6543,0.024386749535056772
6544,0.021770274792819694
6545,0.07867528500150926
6546,0.09582582195078371
6547,0.8870297410085914
6548,0.12063656734298371
6549,0.9854502478322128
6550,0.05926088263978282
6551,0.1398549395927479
6552,0.5927134982331178
6553,0.06096992549793332
6554,0.052881655721510046
6555,0.5688996339103686
6556,0.9925905631537443
6557,0.43450814860188497
6558,0.9773323666285281
6559,0.7062065407515239
6560,0.8350231588268094
6561,0.18668011566055606
6562,0.5640539873077353
6563,0.9753487251815782
6564,0.012107018515580254
6565,0.455581935944604
6566,0.9688311059750115
6567,0.13881342211338296
6568,0.20254737103478826
6569,0.518763015541918
6570,0.0713009191678588
6571,0.029079492597828258
6572,0.04569048654713065
6573,0.9849351932560325
6574,0.06881683114713921
6575,0.5808948218349945
6576,0.12347040880809997
6577,0.0672413122621472
6578,0.1068048009955272
6579,0.19426044086257435
6580,0.003953036103544218
6581,0.00412024050390964
6582,0.10475558633078873
6583,0.13063657067533418
6584,0.7053845301289011
6585,0.10467443181185367
6586,0.5218434131042216
6587,0.9205432904807904
6588,0.0071662984323512926
6589,0.08280714515415787
6590,0.017140563618054275
6591,0.02752787324058964
6592,0.05582056945232647
6593,0.07894368668129799
6594,0.18104105802392156
6595,0.5501968866460952
6596,0.05978882220279317
6597,0.01323329641107343
6598,0.30925964368752906
6599,0.9461836382910628
6600,0.2820325988397247
6601,0.7650573688998857
6602,0.025217130386925315
6603,0.5119677940140832
6604,0.008835883926015796
6605,0.03949290872121724
6606,0.7196182094214422
6607,0.015418493645239001
6608,0.8580393964886396
6609,0.010759112892554113
6610,0.03657492909010484
6611,0.03920783618451943
6612,0.9546962511613529
6613,0.020703314775402753
6614,0.26397334575925646
6615,0.09590806452175116
6616,0.017295789067838102
6617,0.024517485588052373
6618,0.9596719031770115
6619,0.07647883064913537
6620,0.371192385484899
6621,0.9973772357924459
6622,0.9490344061852763
6623,0.004164795223166221
6624,0.05121732881661716
6625,0.10309863146490354
6626,0.11713483437345651
6627,0.030536036630587533
6628,0.008434265329577306
6629,0.019901962473997344
6630,0.1623781213834586
6631,0.025723828247968417
6632,0.031737077043565605
6633,0.15252490811344485
6634,0.01831182017733213
6635,0.1959259422393186
6636,0.01997190223592911
6637,0.04990717156529958
6638,0.05373497467919638
6639,0.9673766255698008
6640,0.016706542599559972
6641,0.06076331573690915
6642,0.9705795760664416
6643,0.12350576730698488
6644,0.1854616326487232
6645,0.29352955985574897
6646,0.9104039032771665
6647,0.1890459127703715
6648,0.9155374519701233
6649,0.903600086926731
6650,0.18085508328657476
6651,0.9495919906004052
6652,0.3909109496585545
6653,0.22652502778607375
6654,0.15033287248592167
6655,0.12064480573166991
6656,0.0030166658013685717
6657,0.7447787386274624
6658,0.054140905882017955
6659,0.9767350494468493
6660,0.04380052476183751
6661,0.16106481272228843
6662,0.9826026536349198
6663,0.029685399961347836
6664,0.04786976896366115
6665,0.9283006585532819
6666,0.0689494703177687
6667,0.418809440546843
6668,0.03674551099882323
6669,0.2093404809096645
6670,0.10944275897081839
6671,0.9566512243156543
6672,0.030099354895236467
6673,0.004023646011976377
6674,0.07006842699381581
6675,0.5102718484043128
6676,0.25162734928101993
6677,0.0320093710506907
6678,0.26447994949440495
6679,0.10209344745347664
6680,0.26871550002355654
6681,0.3540359589816677
6682,0.021648101341654114
6683,0.13070105432457046
6684,0.09623054776913742
6685,0.9792480135408406
6686,0.7273901072067526
6687,0.0033959573914056538
6688,0.003805429921484664
6689,0.9128114990419877
6690,0.9799061043061496
6691,0.9972536463366025
6692,0.0078065242859791375
6693,0.38072219935142176
6694,0.04240145709383233
6695,0.9531785459586736
6696,0.08503475370930019
6697,0.053295569915194484
6698,0.985564304604782
6699,0.7829635725915196
6700,0.3582686755043876
6701,0.01340534637155044
6702,0.9378847152987997
6703,0.9379914392061428
6704,0.14270379127098656
6705,0.979125856519704
6706,0.019164231821998997
6707,0.05328704995901417
6708,0.03990883710924553
6709,0.16341308015347902
6710,0.08136887727063637
6711,0.05140738905188743
6712,0.004196645794690081
6713,0.4524497897977448
6714,0.964464948461325
6715,0.025278221006489077
6716,0.04406902034864168
6717,0.8657223025293116
6718,0.9721996474013092
6719,0.10349578643691444
6720,0.0026385383795666253
6721,0.0017745606422525887
6722,0.685372448654765
6723,0.049884669663556425
6724,0.004992983243278405
6725,0.9982790379151764
6726,0.9136808589038371
6727,0.94025911427695
6728,0.028788901483729964
6729,0.9607807022609464
6730,0.2824058058702015
6731,0.21014630629807227
6732,0.11794467701915594
6733,0.9869439933137589
6734,0.01626561248274121
6735,0.9939503152156831
6736,0.31866662180046545
6737,0.9968274248189856
6738,0.9829734960019074
6739,0.0024041881709208446
6740,0.007298105574849567
6741,0.005216139208662987
6742,0.11390426225561105
6743,0.06610685936670348
6744,0.02726922870266538
6745,0.003936939039631808
6746,0.7242720112245697
6747,0.5319626076278839
6748,0.9051168180718894
6749,0.12065001336145105
6750,0.9799735314189079
6751,0.287754315370207
6752,0.014431458752378936
6753,0.2779783204587367
6754,0.008528747109486966
6755,0.236122812760851
6756,0.9613505558940886
6757,0.09635338920186365
6758,0.7263201409955397
6759,0.026394379309918687
6760,0.06686555727517994
6761,0.022214261104857195
6762,0.9516253804650917
6763,0.0033220104067152307
6764,0.04479141647459182
6765,0.1743223866745792
6766,0.9328279128350733
6767,0.9860447885140915
6768,0.9445202019003119
6769,0.027404840139274713
6770,0.020965382885560668
6771,0.030009226683083673
6772,0.9677966577729687
6773,0.025839395726216328
6774,0.007735555180095756
6775,0.03883553094109341
6776,0.12583794384400784
6777,0.06004147053948968
6778,0.031521975036117623
6779,0.2109532455830647
6780,0.7936924583116207
6781,0.01238493993001988
6782,0.06738465366304387
6783,0.13091972600927199
6784,0.005067164141390479
6785,0.7295176129242243
6786,0.7580025193386367
6787,0.8453918004794655
6788,0.8696827213166659
6789,0.09442254133391703
6790,0.016095035859255345
6791,0.6731453189871797
6792,0.9687898895769553
6793,0.09643248969970232
6794,0.3054111238378554
6795,0.9604231585551307
6796,0.6473027028861741
6797,0.07766631284600344
6798,0.4213235720678088
6799,0.026639256535589448
6800,0.73488541270122
6801,0.700813811274291
6802,0.30463820603218594
6803,0.09304572215179101
6804,0.3907420957720098
6805,0.0047711343573558695
6806,0.779531124552865
6807,0.004912166149605771
6808,0.04046530831019735
6809,0.12701363647847255
6810,0.7395905161190067
6811,0.02674485468187671
6812,0.019069473499202984
6813,0.8928352502547857
6814,0.027639376056206866
6815,0.21939705543159405
6816,0.03049547519718745
6817,0.015273243709397146
6818,0.9849247170733321
6819,0.012915716753020038
6820,0.05309529519707721
6821,0.9581001607575144
6822,0.009623380420587536
6823,0.1872044658231943
6824,0.018819468780947635
6825,0.029746669179171358
6826,0.0733520578838201
6827,0.003657706005193225
6828,0.9661384897657336
6829,0.0024507265934291277
6830,0.9898811688037971
6831,0.042701260896300185
6832,0.010672015265290019
6833,0.06092175435337027
6834,0.01810342960779655
6835,0.6398270714344646
6836,0.6019003789974445
6837,0.9982456038573706
6838,0.21050294352250884
6839,0.12220292519703091
6840,0.856407784987312
6841,0.05716250035095149
6842,0.8950918085079261
6843,0.00211963251457252
6844,0.09000590805019
6845,0.9904427096811549
6846,0.17381768587699165
6847,0.008881815704140601
6848,0.7762469152053604
6849,0.026881010701156033
6850,0.020350469809874854
6851,0.6477683485477689
6852,0.10342085939513707
6853,0.7752613970502297
6854,0.0767208222434847
6855,0.03915699720101982
6856,0.09024717596100296
6857,0.8684962939165061
6858,0.9841676589567561
6859,0.926830182166705
6860,0.8950257866586159
6861,0.01873242756703071
6862,0.08849150844112842
6863,0.031365684596314725
6864,0.12359651994971876
6865,0.0029307675271039095
6866,0.20699661902906397
6867,0.4431671540121842
6868,0.7415206465213049
6869,0.1465274041122612
6870,0.8543503035341965
6871,0.9439351444352093
6872,0.009824764718538872
6873,0.14198076376703708
6874,0.06418055508357581
6875,0.1387486713383916
6876,0.9760625070620753
6877,0.7839764310423899
6878,0.008620764445075077
6879,0.030216028622701174
6880,0.043097853604216474
6881,0.3486451730891258
6882,0.9089254125090006
6883,0.5764104151032615
6884,0.15358768660917446
6885,0.04736841275678779
6886,0.9913214144608947
6887,0.8006414568432342
6888,0.7305012899309261
6889,0.09343958941354613
6890,0.9709224206418609
6891,0.05795334397037927
6892,0.009309306844251746
6893,0.05161810729196362
6894,0.13231144497774203
6895,0.05587980075246646
6896,0.9983314041876318
6897,0.06072998841012439
6898,0.96363129822541
6899,0.013256320191734361
6900,0.480061576999221
6901,0.006197292184924527
6902,0.03951716883529274
6903,0.041186891225379246
6904,0.03179807603358868
6905,0.9899535246180212
6906,0.8671157087267519
6907,0.0674602950841861
6908,0.0495556036282461
6909,0.00424157474042516
6910,0.7964159438513735
6911,0.013654087199271261
6912,0.9848193696267417
6913,0.9829369802093918
6914,0.003763285759377215
6915,0.028962081783120885
6916,0.977527089468497
6917,0.3004681628647216
6918,0.7229483269853355
6919,0.010730403454590623
6920,0.03419701858160249
6921,0.6477777165479437
6922,0.0024559959946045314
6923,0.027900457236028173
6924,0.03408739571844952
6925,0.012520724659065355
6926,0.5682132064158648
6927,0.009999095130411702
6928,0.003007662659177887
6929,0.012417958124862717
6930,0.31118321668665083
6931,0.08709360740341514
6932,0.05161191576259994
6933,0.8109778618998923
6934,0.04650888398511316
6935,0.23890047879774182
6936,0.0046337580316514046
6937,0.004289231859831662
6938,0.2754470712122992
6939,0.049516002924851595
6940,0.9188500556147248
6941,0.003816215288542103
6942,0.8817261212028192
6943,0.04716300014810437
6944,0.9351185901433667
6945,0.6597071150881412
6946,0.003464963082624529
6947,0.8291948162029902
6948,0.009244252631591971
6949,0.08572672151020673
6950,0.9171476615904869
6951,0.7058691244649172
6952,0.07085549094213912
6953,0.0031947176118622095
6954,0.017628855984476152
6955,0.9279824199608683
6956,0.05560644205673193
6957,0.9982653098901381
6958,0.9252628214751114
6959,0.0794278860167874
6960,0.0889488296082543
6961,0.15862245375650122
6962,0.5947204989437662
6963,0.04036726259016019
6964,0.45686461970171605
6965,0.009416357551994577
6966,0.029913491415484415
6967,0.015938020022812156
6968,0.9854533722759009
6969,0.9951526838771395
6970,0.0018810845765720016
6971,0.0034023698528961484
6972,0.08128717672921981
6973,0.021716914262390807
6974,0.33925067723000374
6975,0.10242065442153386
6976,0.016842631959608886
6977,0.0887721750407091
6978,0.0107349651260438
6979,0.027335487202118158
6980,0.5247579702171696
6981,0.06985996588223337
6982,0.998389771081849
6983,0.2698297024384513
6984,0.03245098956611883
6985,0.3795705294457261
6986,0.859253945122699
6987,0.1095137950155368
6988,0.05953806293827679
6989,0.008042056189264653
6990,0.008704082318644057
6991,0.006224470413128823
6992,0.054517659368301365
6993,0.9213046177993448
6994,0.8527733422386996
6995,0.045959296750758445
6996,0.41374853048332333
6997,0.9167372014981856
6998,0.007862226395620097
6999,0.052537297419556706
7000,0.5014800227161905
7001,0.11477550074305126
7002,0.08690468424847282
7003,0.15267651017103753
7004,0.0022667482302513174
7005,0.06653515387657309
7006,0.005664023029258604
7007,0.9713166964719419
7008,0.07269999976545884
7009,0.035331070147018424
7010,0.12870628637936934
7011,0.925394489905016
7012,0.0056816703583464495
7013,0.43242156214016875
7014,0.708590186308926
7015,0.005140236268349722
7016,0.935511013710394
7017,0.05916611517411291
7018,0.308310999768327
7019,0.023596029319473553
7020,0.018905586864906797
7021,0.01142188884824411
7022,0.38012020554219883
7023,0.23063429011959605
7024,0.7642510824134114
7025,0.03339479836184228
7026,0.014208875317113482
7027,0.0376476173758318
7028,0.05937417052744681
7029,0.08810795381540525
7030,0.27123712532653077
7031,0.9794886912333814
7032,0.008579645875142518
7033,0.916243925827063
7034,0.1166255613738691
7035,0.30976626798468865
7036,0.8772527041505861
7037,0.9510608885698185
7038,0.024771849896931476
7039,0.0025838012179874325
7040,0.08534464882894233
7041,0.949400784544833
7042,0.006114487557063647
7043,0.6317242729877748
7044,0.02745471772552219
7045,0.1812551050479659
7046,0.592275915909199
7047,0.9074306538581326
7048,0.950084728206912
7049,0.45947197175841586
7050,0.14240842773099652
7051,0.03164867259901635
7052,0.026390288998117253
7053,0.09546107682783739
7054,0.01619577996084964
7055,0.10652083807469886
7056,0.175752784840337
7057,0.22161422412234585
7058,0.6896542490929756
7059,0.052814630240201645
7060,0.018042827747865642
7061,0.8211970788515068
7062,0.9507152195582877
7063,0.044079337379667564
7064,0.04858542425809161
7065,0.15095218659037987
7066,0.17285246368028484
7067,0.03061479594445274
7068,0.05350919767171919
7069,0.9606054421055302
7070,0.9893403796396624
7071,0.0877090099701151
7072,0.006058521646322912
7073,0.03841524301877557
7074,0.05861891149761125
7075,0.9982747111991612
7076,0.5305231444673005
7077,0.9888668626810105
7078,0.9271455357478571
7079,0.4215665120422103
7080,0.045798148897713255
7081,0.22063269511429487
7082,0.031610632361496756
7083,0.7737500700897121
7084,0.07273541355337561
7085,0.6084734875967333
7086,0.30299962148593235
7087,0.010273575606269217
7088,0.01691322553953691
7089,0.9331801854498627
7090,0.09512965820518544
7091,0.3353331603553917
7092,0.02459240896523654
7093,0.727148208726876
7094,0.7822313157006006
7095,0.5513961828670355
7096,0.21666082670148837
7097,0.023932371720062563
7098,0.984457740335805
7099,0.004534777595404549
7100,0.9984059222832263
7101,0.8805330700622189
7102,0.47660116856998824
7103,0.998216405118136
7104,0.002649415345419754
7105,0.03067183174977467
7106,0.006019497559829405
7107,0.11057232903809477
7108,0.04147884617190373
7109,0.0030273259396682455
7110,0.003386243703600123
7111,0.43164218502704266
7112,0.23566460395653369
7113,0.25643081550529345
7114,0.9886431620543399
7115,0.02193777058030502
7116,0.03988705052660396
7117,0.47012522105974086
7118,0.0205177878661426
7119,0.22621290301086938
7120,0.14088868954476738
7121,0.013564930281149065
7122,0.02876360184785993
7123,0.03597151565798992
7124,0.7693761978434117
7125,0.030915687540176647
7126,0.4510629298959857
7127,0.14433990423025964
7128,0.10486911656515323
7129,0.9503524898739153
7130,0.03125036663242209
7131,0.9700469240609483
7132,0.25844144822086673
7133,0.009159859805850712
7134,0.9649839983491934
7135,0.45715385071476106
7136,0.060918125812665
7137,0.13618178963628352
7138,0.7449170218973399
7139,0.031970130394109085
7140,0.05130694606249159
7141,0.013414301978825649
7142,0.04728688768704962
7143,0.005388878822683157
7144,0.9711145040900909
7145,0.13668360278085465
7146,0.03086559663392115
7147,0.0026915012759068362
7148,0.9973261550954926
7149,0.09246458450424783
7150,0.035413090619787944
7151,0.011536671624648677
7152,0.08275638278298876
7153,0.5011773033270986
7154,0.06856830879335399
7155,0.19848411873662095
7156,0.007153874899634846
7157,0.02970161546242996
7158,0.01076617031740666
7159,0.029403563551300294
7160,0.030606429186850692
7161,0.9790746288903945
7162,0.002253584478984176
7163,0.891250617952667
7164,0.9979400724309347
7165,0.021987974220937512
7166,0.09264159872237161
7167,0.5979235485236188
7168,0.989013211284961
7169,0.2249821833828162
7170,0.9847170932509174
7171,0.4451372837599759
7172,0.9717943893265456
7173,0.9548933020182414
7174,0.02469719571019215
7175,0.07328526507924434
7176,0.5385968422552309
7177,0.8877924970530007
7178,0.4443325101044801
7179,0.010851964298918854
7180,0.03877634331202626
7181,0.1731218919919942
7182,0.06985565217455443
7183,0.9269179826476392
7184,0.017532479047345704
7185,0.32325710024217197
7186,0.8695113156755347
7187,0.032508298671974
7188,0.7733341227023397
7189,0.6521887824570216
7190,0.03492768403475203
7191,0.09207984625865802
7192,0.021846836573768055
7193,0.5928247942935809
7194,0.036655685132259745
7195,0.9899379069179398
7196,0.02350850611856844
7197,0.005374256642186077
7198,0.033946283217808924
7199,0.16052763632771302
7200,0.030119144967984818
7201,0.052277457692315586
7202,0.1229295596999878
7203,0.01888509272658188
7204,0.12119218218424403
7205,0.12803825235405186
7206,0.8415504133898911
7207,0.9777083599208622
7208,0.7030221025914763
7209,0.7740280197276291
7210,0.8739260569668951
7211,0.029001027283228606
7212,0.4205728368704201
7213,0.9867552279082289
7214,0.05822966237262977
7215,0.02915252616002581
7216,0.02082104476697332
7217,0.21118039449163975
7218,0.0662582728041781
7219,0.005412157718767592
7220,0.5207641219673879
7221,0.5352175853599462
7222,0.0022899871184271447
7223,0.9740997413573633
7224,0.955430524020822
7225,0.08111199656323397
7226,0.025057146626879714
7227,0.015290628368121348
7228,0.18885982189150444
7229,0.103694686361032
7230,0.9557801852112847
7231,0.05457772688525101
7232,0.4626968379520084
7233,0.05704970619313892
7234,0.9841602729016158
7235,0.06237784750430898
7236,0.026877025785959362
7237,0.34071521561858775
7238,0.7466521560256142
7239,0.4640164739004919
7240,0.004073220935392609
7241,0.3902137015085944
7242,0.2251064524515626
7243,0.016155472478762572
7244,0.9538991907873067
7245,0.08405352292031687
7246,0.06379739775011838
7247,0.07593044529983178
7248,0.9550021352253323
7249,0.22906100901881463
7250,0.006969906889216229
7251,0.5485308217686337
7252,0.2610715730745057
7253,0.3689380835234209
7254,0.06808504580383098
7255,0.14427172435969815
7256,0.6253118638405198
7257,0.6246903921024846
7258,0.06159946029581446
7259,0.07044012244675084
7260,0.7435599224328394
7261,0.9560520275142848
7262,0.05236209033580826
7263,0.9514784339195002
7264,0.04172781259929862
7265,0.20956212619192624
7266,0.05282841514309824
7267,0.017599945638992583
7268,0.005243552141700719
7269,0.061300822693673124
7270,0.020983334725928726
7271,0.03199829977534298
7272,0.34693210320721124
7273,0.09057149945180597
7274,0.007787097006239318
7275,0.9067129045423631
7276,0.0026701190120510684
7277,0.04701451116258621
7278,0.18912827403511143
7279,0.0643475251896707
7280,0.05516196292174825
7281,0.7676589908351863
7282,0.962461071632022
7283,0.06215721317959642
7284,0.31788326430869146
7285,0.08803786786216826
7286,0.18874486597118936
7287,0.002314988342713428
7288,0.9444893840393824
7289,0.9461792864666786
7290,0.01995267806875855
7291,0.08751835401627583
7292,0.06323843314359119
7293,0.6237129414411172
7294,0.20027887028830504
7295,0.033162994103253005
7296,0.01601137447794056
7297,0.4652077368034886
7298,0.86385908659605
7299,0.7828471624568664
7300,0.2750653268946432
7301,0.8840392541253829
7302,0.971576991912627
7303,0.4652151702977582
7304,0.0462041266320089
7305,0.14711539647195812
7306,0.1195776418717003
7307,0.0854543442579122
7308,0.013667369498946291
7309,0.004781597783560948
7310,0.08915434141254062
7311,0.9684050992873211
7312,0.014997746393461214
7313,0.7404940099531728
7314,0.03504700225072441
7315,0.006917864819006238
7316,0.10113377559273729
7317,0.12341192596689732
7318,0.09176445853365507
7319,0.6293244811864954
7320,0.02974024845993556
7321,0.9068605152194392
7322,0.0044052096358859726
7323,0.02905709270681026
7324,0.8714871099899747
7325,0.03719860372967572
7326,0.026255822414378238
7327,0.32444305882409785
7328,0.9742302099263935
7329,0.0026539999168344024
7330,0.9630254597922304
7331,0.08020411693661772
7332,0.06110989969714812
7333,0.11770062062205226
7334,0.07449507922193145
7335,0.06146273141871195
7336,0.1731601033389777
7337,0.03581516407693119
7338,0.045412054773763026
7339,0.07372541676568801
7340,0.1017989251503925
7341,0.6007777316026509
7342,0.018886819927856943
7343,0.9843471366157335
7344,0.08135737709741601
7345,0.01460695769034979
7346,0.9566046752846263
7347,0.17755684559811927
7348,0.007849312213639248
7349,0.9659520612457096
7350,0.5461641599596994
7351,0.9979380071240206
7352,0.44845337543508035
7353,0.043983290126922626
7354,0.09423137553173343
7355,0.02788826947385571
7356,0.8705157562629844
7357,0.006622713944188172
7358,0.034975687388431986
7359,0.1600145008734665
7360,0.08671881731601339
7361,0.011647146819823104
7362,0.023772803261402926
7363,0.8378464391130843
7364,0.027742948075064288
7365,0.02081047796746514
7366,0.01068269555667562
7367,0.3002551011646057
7368,0.05433846526397996
7369,0.012501710334702964
7370,0.08224887194873674
7371,0.04117962694623132
7372,0.01689294382546024
7373,0.033244701507153036
7374,0.513229793048453
7375,0.9799232926782984
7376,0.3262660341221748
7377,0.005381713212396826
7378,0.9405885408075848
7379,0.8063775080297436
7380,0.5359932891139209
7381,0.006269581152524496
7382,0.03029724331781394
7383,0.0043567774168876945
7384,0.01631041079742634
7385,0.9922433920279499
7386,0.10922825263665586
7387,0.988112544341799
7388,0.0028586995786579216
7389,0.9189248488754372
7390,0.543017265940458
7391,0.052388911960497025
7392,0.07075241589049906
7393,0.019109142930147628
7394,0.01702436910229469
7395,0.8326453216689756
7396,0.9982352396885187
7397,0.016077359906917582
7398,0.10398944674872128
7399,0.024363585537824084
7400,0.014709359516764225
7401,0.010956859312306918
7402,0.008346313634269078
7403,0.16024042773295313
7404,0.008757118948388239
7405,0.12001949215144923
7406,0.9237776388445454
7407,0.008608821236411593
7408,0.14426654953095405
7409,0.035553457521688835
7410,0.12544666907060195
7411,0.12583732367728095
7412,0.997169016025194
7413,0.14247017141047222
7414,0.01905357997331886
7415,0.9983408285730685
7416,0.4521295079325265
7417,0.7235105909981036
7418,0.014766039461191817
7419,0.8820436844852472
7420,0.9292183833680786
7421,0.8723198275959348
7422,0.09881155368128695
7423,0.3889771462151656
7424,0.13272104634878365
7425,0.14474273889377395
7426,0.025491832469906425
7427,0.9738766661651744
7428,0.15565062114921413
7429,0.8261696609492905
7430,0.9579698866444022
7431,0.03185162993878854
7432,0.01691108864776653
7433,0.4233106354655302
7434,0.3183435969023028
7435,0.5486037515823063
7436,0.9515558191852103
7437,0.04980572168773084
7438,0.9734365484257835
7439,0.05595756166110638
7440,0.0031546427328511904
7441,0.915530566058131
7442,0.01911776439800367
7443,0.06456630941199172
7444,0.10792683620573891
7445,0.9789277831932365
7446,0.1599340982272417
7447,0.9610386605122697
7448,0.4350517101926985
7449,0.7138820456076441
7450,0.2839669863874595
7451,0.2561019205917797
7452,0.02303670560346438
7453,0.9588838973477315
7454,0.01702999847518456
7455,0.1671987637488749
7456,0.14254773680788713
7457,0.058133592601364026
7458,0.04292605293594922
7459,0.22145739897019545
7460,0.03508183194864852
7461,0.045633234053887535
7462,0.8093709462666686
7463,0.10246391486626644
7464,0.10798393542171263
7465,0.004021000616189247
7466,0.005692247733118634
7467,0.7217970808921986
7468,0.21705666298943535
7469,0.026271532108021994
7470,0.2534231151818495
7471,0.7189717719488802
7472,0.2287215943142701
7473,0.013946042984910983
7474,0.014720773377790953
7475,0.059104095205105865
7476,0.0050525405388534865
7477,0.02016790152648906
7478,0.0031774430897986814
7479,0.011036108300038793
7480,0.6021528804753623
7481,0.08348804786273463
7482,0.005725727417635476
7483,0.9974348764889177
7484,0.023566185389321277
7485,0.011856560918118464
7486,0.1253450149388097
7487,0.13392586391066771
7488,0.05481814178890521
7489,0.05735880127796053
7490,0.002572779447458623
7491,0.2735994517233807
7492,0.07860602030470497
7493,0.06059962503682561
7494,0.0071659445594705225
7495,0.027059880005056932
7496,0.09281033711111786
7497,0.037062369817685466
7498,0.035364704060338
7499,0.005218980367131147
7500,0.05534751523428207
7501,0.31676718702009105
7502,0.5002020672841336
7503,0.816219851854072
7504,0.015272852295229197
7505,0.0554747162081168
7506,0.021786194639478795
7507,0.016506446166618463
7508,0.5624922905524223
7509,0.18556232917703552
7510,0.9512102855355131
7511,0.05040903769484136
7512,0.09242191104402492
7513,0.00506730367349191
7514,0.03279208476649737
7515,0.30416084485642236
7516,0.04653291013762445
7517,0.01726539533619362
7518,0.02515552158073786
7519,0.9429374005300885
7520,0.11525811142018001
7521,0.010711750564169361
7522,0.019646980461479988
7523,0.9327514986260548
7524,0.2831373126208992
7525,0.975606862890487
7526,0.011214719275187931
7527,0.998248325335097
7528,0.16022486520136217
7529,0.09103939942178972
7530,0.06409653758796104
7531,0.003236871928678804
7532,0.965466156197016
7533,0.14827434970178108
7534,0.015086854845689618
7535,0.9019288035905874
7536,0.888245932304049
7537,0.20350993543886872
7538,0.005354158486134133
7539,0.012409600211070756
7540,0.6730585272801978
7541,0.0403118221775487
7542,0.9459401284519067
7543,0.1186122595415899
7544,0.0489956807917036
7545,0.983703589756697
7546,0.9980133312115149
7547,0.11279926044081566
7548,0.11384249140036062
7549,0.12752860288363524
7550,0.031053049172629257
7551,0.9754119109733898
7552,0.30902615811358297
7553,0.2666345350106596
7554,0.2494576341829199
7555,0.8434500787433729
7556,0.22914715353775672
7557,0.011191179802857387
7558,0.21293544091861638
7559,0.15091058580934366
7560,0.6997412074161772
7561,0.1631564023024278
7562,0.07568708616644759
7563,0.035748331643747154
7564,0.4528955265818377
7565,0.07129923773485063
7566,0.5829117672550802
7567,0.8553232984447448
7568,0.1232339298128512
7569,0.9760898471967936
7570,0.2078289537718296
7571,0.019782107687977123
7572,0.024197811682724987
7573,0.013349811946111364
7574,0.03713482394471223
7575,0.3217646692656529
7576,0.016127796645444167
7577,0.14148009462794628
7578,0.009977004552284183
7579,0.7824692143754649
7580,0.9856600647318178
7581,0.10876750941856224
7582,0.4923718011402121
7583,0.9155358610245944
7584,0.009542916553848757
7585,0.4297493484641508
7586,0.07169845913596169
7587,0.7920988828912133
7588,0.003176086298691721
7589,0.9622830877395973
7590,0.34863350979843294
7591,0.1301760282594167
7592,0.03039369698763179
7593,0.017496193048633896
7594,0.061607651151303566
7595,0.9942283517264938
7596,0.016399363500920732
7597,0.702074885864743
7598,0.6090595446228794
7599,0.09052815932959228
7600,0.020034620135287017
7601,0.009267319734387968
7602,0.020105896768585
7603,0.8967122399866575
7604,0.03636777795759793
7605,0.14376555693300483
7606,0.883080719811251
7607,0.41531117226296593
7608,0.026502504475137783
7609,0.006757341891780048
7610,0.14117481910778507
7611,0.014166612470011906
7612,0.049010868540606545
7613,0.04391466218726554
7614,0.10542603141284292
7615,0.8110456212886277
7616,0.3381938666260205
7617,0.029184913229365145
7618,0.20502457532069876
7619,0.23369333457461824
7620,0.029484773407313734
7621,0.14450350068171525
7622,0.9720929920405322
7623,0.990895341089017
7624,0.06307808751270337
7625,0.10494378791515853
7626,0.1869213065828684
7627,0.9789435812435286
7628,0.9072391553519307
7629,0.12448883029605982
7630,0.9577124588077961
7631,0.0471542056945796
7632,0.25643174540828356
7633,0.42124032647442733
7634,0.0026027381928872407
7635,0.24457293517076814
7636,0.31300425901313195
7637,0.5197882286588269
7638,0.9365363776056227
7639,0.008334576429090038
7640,0.04540366244235167
7641,0.17153930478150403
7642,0.08857691339558958
7643,0.051097770091416604
7644,0.003115958997324924
7645,0.19613832767903597
7646,0.04179638426906352
7647,0.07394942470028373
7648,0.005202788162636084
7649,0.014220782208231334
7650,0.9762885164687461
7651,0.9886799210881768
7652,0.5480795722019945
7653,0.011594888654453891
7654,0.045118303652845325
7655,0.9860842864004308
7656,0.4517592996146325
7657,0.46125141352093757
7658,0.11086645683287129
7659,0.4005106692059031
7660,0.06461847524329474
7661,0.030809410388722203
7662,0.018225223822229828
7663,0.2666976327040743
7664,0.48166556709510283
7665,0.0030376965889440393
7666,0.02534081756783094
7667,0.03652407728211283
7668,0.03279475150967102
7669,0.10220366194760205
7670,0.3890925655014626
7671,0.7712628742556108
7672,0.826924398086032
7673,0.9416733374220702
7674,0.05324584490603074
7675,0.2549614219717469
7676,0.11721591356639953
7677,0.20731368137369835
7678,0.3070100352787027
7679,0.03327294575071293
7680,0.005636370288989167
7681,0.00196209516994616
7682,0.004806834323990185
7683,0.8181795314708324
7684,0.016576882593168762
7685,0.944174995822566
7686,0.9975572957330349
7687,0.012237628046391419
7688,0.06114150625453698
7689,0.894514064978507
7690,0.016365955925757434
7691,0.015683165263108267
7692,0.16041321702834552
7693,0.1347999833362775
7694,0.5168755930277701
7695,0.0058285911527346706
7696,0.14232540129674054
7697,0.4683738239092814
7698,0.004240193993907928
7699,0.07632057750143796
7700,0.016463040372142936
7701,0.16075698399418759
7702,0.3590222880262813
7703,0.9524603137995356
7704,0.948458358496303
7705,0.00864410679807182
7706,0.12655140459026507
7707,0.4081440075387112
7708,0.0631003792421675
7709,0.06314998245911468
7710,0.024603902762201136
7711,0.07267921309170848
7712,0.016315352261338737
7713,0.6686916166675676
7714,0.0031666671410373478
7715,0.26511947018158327
7716,0.004308156100284414
7717,0.0490381670860392
7718,0.5042876891289876
7719,0.8126212812163885
7720,0.2045974682871763
7721,0.030119767055367636
7722,0.05386012150050352
7723,0.2161173319931898
7724,0.04029340812565977
7725,0.048938526459029096
7726,0.6086651673757234
7727,0.939757390771727
7728,0.029093186567120566
7729,0.7049494748333073
7730,0.7538650889175745
7731,0.19444013157245651
7732,0.9877219677034148
7733,0.009285669836597132
7734,0.05337632918157392
7735,0.12232224548025313
7736,0.01056224018477153
7737,0.17727919372037934
7738,0.14464664751446898
7739,0.14163804059033458
7740,0.9980212338294975
7741,0.9981569630722897
7742,0.015735949781092873
7743,0.3981013599087486
7744,0.9751599429563899
7745,0.9610814352337765
7746,0.046962914414357626
7747,0.9341271329110348
7748,0.2753938108505773
7749,0.4207645065861545
7750,0.011970224206684607
7751,0.06660848945265323
7752,0.9727838683515647
7753,0.20656872958542358
7754,0.017564808438903453
7755,0.5962369052601616
7756,0.4397987975912061
7757,0.09543758958181688
7758,0.8142513144706145
7759,0.06121114780022625
7760,0.07412805618206879
7761,0.5959180870278175
7762,0.09587332483078269
7763,0.18776608359437152
7764,0.05734018524538212
7765,0.0545182837494631
7766,0.006472032385738846
7767,0.05570292579634306
7768,0.9981713499292205
7769,0.8100621884053686
7770,0.5190684493808779
7771,0.28426343270989424
7772,0.011342537781280143
7773,0.1658790830152795
7774,0.927594422149908
7775,0.8019778214738543
7776,0.025065330895851032
7777,0.1740488360608002
7778,0.9621642342350439
7779,0.8584998140900018
7780,0.12097583385621646
7781,0.12285585876236305
7782,0.7894932984062418
7783,0.05901573435025662
7784,0.04924292242888634
7785,0.9967594467384205
7786,0.8116882621212014
7787,0.942360411489998
7788,0.9855475925622118
7789,0.29910924232898684
7790,0.9407765583591289
7791,0.9929179666517703
7792,0.9385310825533697
7793,0.2906243913621378
7794,0.9870609445668374
7795,0.6050411661529237
7796,0.03993527437497236
7797,0.02637443785511116
7798,0.03837810433240945
7799,0.9981473577776664
7800,0.5503642420572294
7801,0.30392539956569026
7802,0.010854406593982959
7803,0.0050421816576342645
7804,0.007573249038780874
7805,0.09248321964718949
7806,0.8176313021305549
7807,0.9419970422163898
7808,0.7265900170881232
7809,0.016503049273738444
7810,0.9749339972276566
7811,0.9259262489930523
7812,0.07245229980159669
7813,0.9660046630612409
7814,0.9897882470300337
7815,0.23004622236299832
7816,0.2775312421528749
7817,0.0028488776579317725
7818,0.0028461172186364653
7819,0.08969884225322555
7820,0.056030315447563955
7821,0.003103452037166854
7822,0.1010779240816836
7823,0.9773672592464452
7824,0.005500410275968405
7825,0.9764922156622733
7826,0.6104692443400261
7827,0.12545566549558498
7828,0.9819295345528731
7829,0.9236641357134999
7830,0.42557775402278675
7831,0.9305995229619306
7832,0.0826298239753571
7833,0.9986748211106349
7834,0.01529617137194427
7835,0.07013612381945004
7836,0.9858791023601726
7837,0.024806276324978546
7838,0.022144865415849063
7839,0.03749340456632356
7840,0.9731911782516877
7841,0.013691798415120476
7842,0.2261565472886993
7843,0.0287958215040032
7844,0.8702643241479375
7845,0.007687875125559865
7846,0.6416484694342807
7847,0.0033783030021026276
7848,0.3249653465773637
7849,0.7885777159350115
7850,0.18813379318054788
7851,0.0028894625260866506
7852,0.7740471411526039
7853,0.008769123502584434
7854,0.19243471214699284
7855,0.9761199601158291
7856,0.023771363625090608
7857,0.025759077644354793
7858,0.026446778807381555
7859,0.9641403916217968
7860,0.20803593583383928
7861,0.5030288641489992
7862,0.22969404268521587
7863,0.08664418022072425
7864,0.11882673593698367
7865,0.011114055083219105
7866,0.9019768505980825
7867,0.0075367938025859395
7868,0.7757855766525754
7869,0.8004554007491645
7870,0.5570316363724133
7871,0.07207912718416733
7872,0.24895759660272176
7873,0.9682690560418458
7874,0.9684310089693566
7875,0.023702697720754673
7876,0.13983476903707362
7877,0.8418607964168755
7878,0.9976401843481723
7879,0.8941129214932187
7880,0.9921945469750636
7881,0.2932473261825998
7882,0.9830813324632076
7883,0.502338507974538
7884,0.012392223330765716
7885,0.07115194937390941
7886,0.008808423224697387
7887,0.035554806216005874
7888,0.8626769416799481
7889,0.0246298449786862
7890,0.9131967340119758
7891,0.02538749094780036
7892,0.2729809329034885
7893,0.6273485909333457
7894,0.0028768628146729237
7895,0.11076547578894984
7896,0.02547029287522577
7897,0.0396860699469569
7898,0.06445225865591231
7899,0.09306859933824844
7900,0.46475050655337097
7901,0.1116941247910806
7902,0.01031688980527267
7903,0.8438443977934685
7904,0.0034487376568018563
7905,0.07940386281711281
7906,0.35215243120603884
7907,0.6659965006139345
7908,0.6114859761869794
7909,0.07622418622286987
7910,0.03443111066414436
7911,0.9911524873926304
7912,0.044520905793803335
7913,0.01132821967008589
7914,0.016822107293738887
7915,0.8532690458489481
7916,0.02625269771797745
7917,0.7014468645616209
7918,0.23869595097346605
7919,0.14373152345640536
7920,0.9288991021513225
7921,0.08824561371249913
7922,0.05369816325203063
7923,0.007026935498851805
7924,0.028334724487566052
7925,0.21390753297587542
7926,0.19862528546390704
7927,0.1259393128039826
7928,0.18441264871557736
7929,0.15862360486218893
7930,0.9101906247052902
7931,0.008358607179210348
7932,0.02347193229863459
7933,0.025833712719182413
7934,0.004940905512566535
7935,0.2804654376606959
7936,0.08782961690009544
7937,0.1835409161692689
7938,0.11486311171478654
7939,0.07159141805023618
7940,0.19571553600118338
7941,0.01886756471738217
7942,0.01848781138807834
7943,0.1793435231108027
7944,0.057238845270136514
7945,0.010186262720252944
7946,0.2800855471647056
7947,0.08997789417238444
7948,0.1965174072964028
7949,0.9754804467231349
7950,0.08083334367054654
7951,0.8768571758719935
7952,0.8935815290151887
7953,0.44104300281771125
7954,0.08424927402469058
7955,0.25081862496957047
7956,0.12726263657449013
7957,0.019167826118889227
7958,0.2936193785288577
7959,0.049861171908120304
7960,0.028381376934769702
7961,0.06112560150330872
7962,0.01790589372144909
7963,0.4691579012317965
7964,0.32782230931152717
7965,0.030328417856918168
7966,0.9255207573587194
7967,0.026243820159664703
7968,0.5831890527415187
7969,0.012756376802769386
7970,0.9909996293823844
7971,0.0022346962713594575
7972,0.010993750791314474
7973,0.01899429805172464
7974,0.010778069605342723
7975,0.18457121055787096
7976,0.5823215690131659
7977,0.024949560056686915
7978,0.9166299117717359
7979,0.02890568870102273
7980,0.7982650448292574
7981,0.10067593657736902
7982,0.05211403723581087
7983,0.21176349975948208
7984,0.006962708335416508
7985,0.01702640500775175
7986,0.025009325264912608
7987,0.02987715201040526
7988,0.08510843487752129
7989,0.006133471634736656
7990,0.27466858793309745
7991,0.9803656124509708
7992,0.31769540930090523
7993,0.2045945711276994
7994,0.9591317551840447
7995,0.0242334896808736
7996,0.5091558195507946
7997,0.940581709425135
7998,0.07768727968151813
7999,0.9858838604430883
8000,0.01045399569945299
8001,0.02585610390012703
8002,0.6296829289918359
8003,0.05320143470855949
8004,0.20861393217433502
8005,0.09814981190524981
8006,0.13739762356754795
8007,0.16121014401581027
8008,0.4415562261873946
8009,0.007602308023659975
8010,0.08466680667972087
8011,0.30433582960890976
8012,0.30348807337015965
8013,0.2912703321169455
8014,0.9908256864218558
8015,0.10112014755956271
8016,0.05267491125775548
8017,0.17023483402806552
8018,0.8140027624423913
8019,0.025113056710847764
8020,0.0027626258587916514
8021,0.02135100900192088
8022,0.039624948581686886
8023,0.05931707935147442
8024,0.8281627612899038
8025,0.014378223933779334
8026,0.8400456266695656
8027,0.007340826608823934
8028,0.48911798100980447
8029,0.10102635892755822
8030,0.25807421974559336
8031,0.8549824905818455
8032,0.027013750684377294
8033,0.0036970526764781224
8034,0.10819934853456675
8035,0.4463418530248582
8036,0.003085068326291605
8037,0.015262197049552492
8038,0.03274859966796983
8039,0.006515476892437731
8040,0.009265496278405122
8041,0.08703315083779035
8042,0.8582224918722711
8043,0.8411090910878224
8044,0.017177353722923953
8045,0.06824217999680733
8046,0.02793101458029401
8047,0.32323228018545197
8048,0.9977999572730364
8049,0.028842911373053278
8050,0.37198301780936394
8051,0.9377654630011977
8052,0.005448935335933274
8053,0.9855041973628742
8054,0.007881671896066615
8055,0.1520598820785551
8056,0.9808894751951752
8057,0.9779231859749523
8058,0.10769064749645181
8059,0.06723672635702052
8060,0.0016646103957162796
8061,0.02961414288819512
8062,0.40927918974754257
8063,0.039698751887505136
8064,0.10808176076344456
8065,0.72643131728418
8066,0.23431202585202868
8067,0.5219554239061445
8068,0.01776978767568282
8069,0.10975299132636078
8070,0.4373927823275842
8071,0.8814923140019845
8072,0.18328877841025995
8073,0.96794668064966
8074,0.874537425227714
8075,0.008099827461772848
8076,0.9895630952268005
8077,0.9871013618734833
8078,0.06850901731369917
8079,0.9877619112788528
8080,0.09434156452116564
8081,0.09356384108939769
8082,0.004650169637477272
8083,0.9001645642198176
8084,0.0034638213578345525
8085,0.5652876065310128
8086,0.005111359065483698
8087,0.006544399101147083
8088,0.04355078854130485
8089,0.9049916479778298
8090,0.050038432546212354
8091,0.9937530599607335
8092,0.9412090890598025
8093,0.05155762679807985
8094,0.7191962877624739
8095,0.02448644669799201
8096,0.9901473686432606
8097,0.04094632266150353
8098,0.00421870720848433
8099,0.712081194001016
8100,0.11411793524657032
8101,0.2125864614678831
8102,0.0043406981998496625
8103,0.010216387983750396
8104,0.9588881699861087
8105,0.26796856430169846
8106,0.002666724839002274
8107,0.34970764370256097
8108,0.8701870992621282
8109,0.9424463092980414
8110,0.1474428738763981
8111,0.005098981281641887
8112,0.9315716281569344
8113,0.04867657760734265
8114,0.03852310170767548
8115,0.1365415283536345
8116,0.9810974865220444
8117,0.8977516085373866
8118,0.228141583015489
8119,0.11515811796697117
8120,0.0491890798672051
8121,0.00390949833549358
8122,0.9815748012323459
8123,0.01660423646676705
8124,0.08118118195454992
8125,0.034916502570007134
8126,0.4635832762025913
8127,0.987400798708261
8128,0.2122317673827315
8129,0.03184053101298128
8130,0.7079989480287856
8131,0.16841153732244799
8132,0.00592591925519734
8133,0.04947118418755057
8134,0.9161459336095104
8135,0.7768948371305718
8136,0.06765992717414417
8137,0.04845027646342631
8138,0.0077855972425106
8139,0.0473868247689967
8140,0.007849425629498795
8141,0.040368966054668186
8142,0.4937907460106364
8143,0.08591810268961435
8144,0.1936730862251391
8145,0.3076825679229087
8146,0.015508264983467647
8147,0.2980790551119819
8148,0.06908048440074543
8149,0.45598150599835435
8150,0.03988795163472136
8151,0.9875092818219521
8152,0.7499387284240657
8153,0.029564513756500165
8154,0.09212082100701796
8155,0.2264576790597452
8156,0.03306747203855944
8157,0.07009499212762464
8158,0.1828468702121461
8159,0.005553281715257218
8160,0.7524705644557379
8161,0.16053019424630757
8162,0.013331344434369419
8163,0.007975178700487804
8164,0.43639693318440403
8165,0.016735243678988085
8166,0.11971899550691463
8167,0.9906434124241584
8168,0.0659182511073724
8169,0.9177294988669376
8170,0.21211581613922914
8171,0.04380923884057158
8172,0.2991977838120638
8173,0.7484965312806621
8174,0.09906093254896607
8175,0.7885693875473677
8176,0.11161731992453534
8177,0.10107144081932055
8178,0.4907728163541149
8179,0.07867345570257556
8180,0.003116200585076796
8181,0.22985682427702583
8182,0.9364747691509324
8183,0.5120101047000042
8184,0.02816091164862188
8185,0.03437943256853124
8186,0.38588747882278684
8187,0.6558926879148456
8188,0.978983267831551
8189,0.13478368877691863
8190,0.2028512168097917
8191,0.061081879060183676
8192,0.9528833918565711
8193,0.03334385086855108
8194,0.04330956221936642
8195,0.0497563129475381
8196,0.963897579277483
8197,0.1937005796899933
8198,0.39280967856220056
8199,0.048092976009866846
8200,0.45411753336836186
8201,0.1810328047086099
8202,0.011901789025502993
8203,0.2600684342829424
8204,0.718509450437141
8205,0.11671652215767066
8206,0.06197869174012086
8207,0.1526070123056057
8208,0.9891952882494427
8209,0.7373417777146184
8210,0.3308459155716665
8211,0.04710030041315604
8212,0.004284144429778794
8213,0.0045526517229027945
8214,0.8737096905216969
8215,0.09876776373630132
8216,0.05051726035013137
8217,0.44750536870521174
8218,0.2949977585013863
8219,0.010121827855236574
8220,0.056138949882904764
8221,0.8575850990867776
8222,0.031150902010432288
8223,0.13931989696773825
8224,0.17820857896755504
8225,0.4473142302592607
8226,0.21877258305349087
8227,0.02708854326928441
8228,0.027932202455384834
8229,0.0036090666598710005
8230,0.1471215740495129
8231,0.03485159995864524
8232,0.9973789818650411
8233,0.02924197160298217
8234,0.2972516118787215
8235,0.9647945899977257
8236,0.9838985036217567
8237,0.009820197279127276
8238,0.028843356844539075
8239,0.032882260199212955
8240,0.9175313500404144
8241,0.9931592337462599
8242,0.016754761453483338
8243,0.047026376089960416
8244,0.11025711803301248
8245,0.14973590207669385
8246,0.09916374261697558
8247,0.9890235375486286
8248,0.3094902684950983
8249,0.5420570040249292
8250,0.3273625957989535
8251,0.06168059819679029
8252,0.28397750563671936
8253,0.33748674848470683
8254,0.12398274711035628
8255,0.9323291060096525
8256,0.18101069391768265
8257,0.0018953324161688715
8258,0.7052656277578638
8259,0.24147738190336862
8260,0.0030601642065951873
8261,0.008489322029206365
8262,0.1800510911528018
8263,0.05234691736247337
8264,0.006222255423387432
8265,0.041632934692300616
8266,0.14114276422216201
8267,0.9695695333850537
8268,0.06324687578357258
8269,0.6172486633263587
8270,0.020320505652883954
8271,0.3126872815045
8272,0.13020240826466958
8273,0.07466770836998426
8274,0.07734344879483523
8275,0.9756678658020433
8276,0.1278865404630826
8277,0.16207926987550766
8278,0.06806278569907108
8279,0.0756870572221372
8280,0.10819668786928001
8281,0.002441674710556964
8282,0.02811181137112902
8283,0.9968725441082485
8284,0.24615142138343424
8285,0.9655021943388776
8286,0.04205283512069086
8287,0.01762481484163044
8288,0.8009937751751179
8289,0.5563681503692862
8290,0.032438894256687535
8291,0.018600586496217375
8292,0.004281334102569336
8293,0.16211579431633402
8294,0.2973593509355872
8295,0.5427474389570134
8296,0.02435499047578581
8297,0.9010607330614026
8298,0.5367811840474904
8299,0.984799269500421
8300,0.02710334780953023
8301,0.008106361222429123
8302,0.04208527221670977
8303,0.027017172225242553
8304,0.043372448157606214
8305,0.016144309505477728
8306,0.4475473715372249
8307,0.9797687515544665
8308,0.004184768222259184
8309,0.14437570377769457
8310,0.15644451606338508
8311,0.9744267035540192
8312,0.8080276855210796
8313,0.40754385678321375
8314,0.055087936181221354
8315,0.9873155045294425
8316,0.8150849507148777
8317,0.024766032101690733
8318,0.009794739420918427
8319,0.018571944883767528
8320,0.024908787952516057
8321,0.021565934129081407
8322,0.4422674718347668
8323,0.09912819589194193
8324,0.024880173455299026
8325,0.009038626989606308
8326,0.7334783154315335
8327,0.02199756103716728
8328,0.040247730272952954
8329,0.3243602727436557
8330,0.9901443982858616
8331,0.168494939163228
8332,0.312154496569126
8333,0.005089860261687724
8334,0.5811732994602065
8335,0.9629321351535284
8336,0.6912280746697266
8337,0.07690517752485371
8338,0.006373435325615036
8339,0.05714120664598225
8340,0.07879269822066438
8341,0.2315441802992085
8342,0.9641942834148023
8343,0.04518030076729467
8344,0.9588666962400018
8345,0.027343438121803603
8346,0.9163842545230314
8347,0.10123835488951727
8348,0.12663435295725609
8349,0.21201033687123857
8350,0.1886844300909194
8351,0.02854109618485165
8352,0.9649162627654285
8353,0.7078978502983642
8354,0.004643163768991146
8355,0.925228466926331
8356,0.0232052432076669
8357,0.4023487995613815
8358,0.10969533487286776
8359,0.6418728397667524
8360,0.9861783241228143
8361,0.2384043568460643
8362,0.9223404055163839
8363,0.12113551122782142
8364,0.997424926176668
8365,0.6592572948355229
8366,0.020234229126549732
8367,0.5158739521429863
8368,0.8151828518416623
8369,0.0063116740422946545
8370,0.10064720148340751
8371,0.7604528469303062
8372,0.0624146002423229
8373,0.7602800272176635
8374,0.27207725906738806
8375,0.32697992832587913
8376,0.06665275250641062
8377,0.02169997770058224
8378,0.43908353010727424
8379,0.015759410275658404
8380,0.482415297701196
8381,0.6866678964677457
8382,0.9985209713663782
8383,0.014939885868661578
8384,0.006840234363143454
8385,0.04475555906579445
8386,0.9442259032305181
8387,0.9644084934665204
8388,0.16514645639707648
8389,0.10358234168701137
8390,0.0034780165898443426
8391,0.03255622606121621
8392,0.013757665606845637
8393,0.6320533026620797
8394,0.4456259017254569
8395,0.1193869248859883
8396,0.07250867228779244
8397,0.9972927135684712
8398,0.9706543585323827
8399,0.07291652029872563
8400,0.10607181237337067
8401,0.4798710245459714
8402,0.9393017924746981
8403,0.733302560751573
8404,0.02696524946730115
8405,0.9524223946479121
8406,0.15150569359329777
8407,0.9668280986601913
8408,0.0038340769199344308
8409,0.02421425779517967
8410,0.06047122292081988
8411,0.11882305323134158
8412,0.07729095578599933
8413,0.061510780202058635
8414,0.011012687065877982
8415,0.4625145087112445
8416,0.003367905044680989
8417,0.05270639738356953
8418,0.020371130132980034
8419,0.8252139728774232
8420,0.010484645388781647
8421,0.9978510069671239
8422,0.04368365499939122
8423,0.3699896083488641
8424,0.0038237121763401542
8425,0.40931060615287346
8426,0.9981966335427099
8427,0.5255837065458732
8428,0.9720869897738188
8429,0.12891185687151901
8430,0.034392947051776326
8431,0.3173675868331168
8432,0.02620106720920334
8433,0.8972604324361438
8434,0.18549306514601302
8435,0.044090101439278585
8436,0.8684493821335822
8437,0.8971848566943758
8438,0.02271745446091944
8439,0.12882112104947416
8440,0.01741740374993298
8441,0.390385333352748
8442,0.00879074242490936
8443,0.36523082150461333
8444,0.04125760159823512
8445,0.006448667062528565
8446,0.034825398193895886
8447,0.11193681328995227
8448,0.048980435193413156
8449,0.5459573965795499
8450,0.01533717711393287
8451,0.07742882999714887
8452,0.002488379356705733
8453,0.9983584751784669
8454,0.6389042433121598
8455,0.13289245322691356
8456,0.5674021545571916
8457,0.1292158831004294
8458,0.9946327461691079
8459,0.26966171997601895
8460,0.2036035391585124
8461,0.05049358412439447
8462,0.038311800376268294
8463,0.03778086063310449
8464,0.06146975084831591
8465,0.01089341024844937
8466,0.8316521725462884
8467,0.00373082675393829
8468,0.6222540397944202
8469,0.1204752097717166
8470,0.03478831116653733
8471,0.9780681960340193
8472,0.9922577276227496
8473,0.040569042443280016
8474,0.010176930134708098
8475,0.9366443338113003
8476,0.1732825133101112
8477,0.30870214231082754
8478,0.6742985948959624
8479,0.007614932554691717
8480,0.006742085076271831
8481,0.004623353394421668
8482,0.017560999391895735
8483,0.006776701141392887
8484,0.3358995116250023
8485,0.22893057131666025
8486,0.13056679141381575
8487,0.0680015572227171
8488,0.0023223160920760664
8489,0.7981313767293757
8490,0.09307020230764995
8491,0.879776165291651
8492,0.6681878438845482
8493,0.009905029677063155
8494,0.03799072171849646
8495,0.9686301474026541
8496,0.11708593071815482
8497,0.04377997479643448
8498,0.10744679543385592
8499,0.34902041084657504
8500,0.024613885237075004
8501,0.133519870105853
8502,0.06394449524381214
8503,0.9068227611811954
8504,0.04199696156240324
8505,0.011974168780803658
8506,0.04144759515762514
8507,0.058954190027094594
8508,0.051106127416756124
8509,0.01877019205242836
8510,0.031414320593242416
8511,0.024077895538179656
8512,0.02610679286182156
8513,0.009119818133107289
8514,0.027756956098578936
8515,0.29021940187246037
8516,0.03251926141899568
8517,0.05206578334937217
8518,0.20125783152159668
8519,0.01952904245164706
8520,0.012115587039554671
8521,0.08594158303132782
8522,0.912735897306455
8523,0.10629682842774872
8524,0.9861201602568831
8525,0.005589651476162797
8526,0.6959002347747593
8527,0.01728673676532753
8528,0.07805813547017207
8529,0.7810750833726701
8530,0.7822688718213034
8531,0.8775629245467678
8532,0.6190574922021342
8533,0.01758397890370219
8534,0.015162436339086214
8535,0.9944457218026507
8536,0.162519175112753
8537,0.06423322798910526
8538,0.31341788455643643
8539,0.043365704859959
8540,0.28391483280090224
8541,0.19733548839364304
8542,0.05420170655424252
8543,0.9861712630558443
8544,0.9761808395460322
8545,0.12974947171782628
8546,0.03397558984695553
8547,0.17686565482834982
8548,0.23350481164236384
8549,0.05330449393378064
8550,0.05668721927788095
8551,0.07751405468654445
8552,0.03654440525704394
8553,0.11463714652696662
8554,0.3287604951886583
8555,0.04278497043128277
8556,0.23520201006681532
8557,0.8266158232589613
8558,0.9739665230727156
8559,0.8258634293055832
8560,0.9701721734931287
8561,0.5877138426250429
8562,0.1408401435880925
8563,0.05365420506047758
8564,0.030044855101389184
8565,0.021058979158034518
8566,0.8854310465758727
8567,0.7098747760188789
8568,0.9534943566419738
8569,0.17870743920212873
8570,0.8109919410451503
8571,0.03786185983469367
8572,0.9979562692966089
8573,0.16044519926238196
8574,0.05094322890493088
8575,0.0791204095142191
8576,0.004016911989595303
8577,0.8299134100201283
8578,0.9760003437627014
8579,0.06141897926325477
8580,0.6341924151150452
8581,0.39809150047850084
8582,0.015058312020978048
8583,0.5653528020344563
8584,0.7520271825506439
8585,0.029052212908844393
8586,0.06094287711658065
8587,0.05231288087617303
8588,0.1902401591845553
8589,0.01389069107309141
8590,0.49881584858348466
8591,0.9791309437218881
8592,0.08887726817433472
8593,0.11603784136924282
8594,0.00473434056782704
8595,0.9597124380185001
8596,0.4735410999816276
8597,0.008817335229990215
8598,0.911938477034485
8599,0.9134882077238623
8600,0.09574005411278093
8601,0.07644818171409705
8602,0.061867915432285925
8603,0.15845894574217806
8604,0.8499270260294155
8605,0.025760676376454846
8606,0.04435024695714695
8607,0.3920902078510233
8608,0.9769174831318276
8609,0.03421474446447742
8610,0.03630559820919466
8611,0.8729331764987381
8612,0.14681663128363798
8613,0.9782464724390589
8614,0.9511449749517763
8615,0.30018940748316575
8616,0.07786307412228137
8617,0.04862339695876531
8618,0.6107374182751678
8619,0.058023596829424505
8620,0.08692260398392855
8621,0.8981171801190596
8622,0.07636939343229933
8623,0.9553210275395569
8624,0.019476983193959792
8625,0.08219451825971488
8626,0.03613561447139935
8627,0.038731318193202656
8628,0.4733467729039135
8629,0.010034415220329206
8630,0.8866702338701457
8631,0.11474678094174114
8632,0.07235418089889177
8633,0.9528743778244414
8634,0.21003373760727873
8635,0.6977425469638382
8636,0.938043791237359
8637,0.9851390001303647
8638,0.02140315569060794
8639,0.3847777508293159
8640,0.02060131836848224
8641,0.16377986045570883
8642,0.0029101494163423576
8643,0.8601619296855721
8644,0.005655844076211173
8645,0.00478410210099977
8646,0.35536984609100203
8647,0.23485376573416597
8648,0.05331164103827273
8649,0.43529156158811416
8650,0.003311450486885466
8651,0.009953939325698258
8652,0.8020266586236776
8653,0.004362976797081659
8654,0.009436634631986077
8655,0.004515278493870606
8656,0.019563081112912672
8657,0.22911557873650867
8658,0.22126609863447286
8659,0.06891038581985232
8660,0.00416404688419799
8661,0.2586548874425782
8662,0.0031425910669517637
8663,0.07366413911857574
8664,0.0026623152636851342
8665,0.012545082249671727
8666,0.9667202286313074
8667,0.043601734777796136
8668,0.03002048997913895
8669,0.3064873419684887
8670,0.0028853994184184894
8671,0.2790245610952301
8672,0.898796653830528
8673,0.02395623915575672
8674,0.05312561438479472
8675,0.9744733894321533
8676,0.9112110533482264
8677,0.012297947827457972
8678,0.06818291514931792
8679,0.09836374051061207
8680,0.44543492926595807
8681,0.06720467444832716
8682,0.9402538126092143
8683,0.7075913829919793
8684,0.37764267256244866
8685,0.007427404178581273
8686,0.10623171368899272
8687,0.0371071435574455
8688,0.9500283205394117
8689,0.044746911521690275
8690,0.05308805690188841
8691,0.9701884965668216
8692,0.17192074434034996
8693,0.05141551571286405
8694,0.9983504297470702
8695,0.9899090046309431
8696,0.03654180844951559
8697,0.9664172662156147
8698,0.0809914533430705
8699,0.09136359784680377
8700,0.06221385908561496
8701,0.951349277553772
8702,0.03266277462849402
8703,0.054021669161667264
8704,0.0025409694326926067
8705,0.5631180960509087
8706,0.9985024229499686
8707,0.01688375138053731
8708,0.010599431737152535
8709,0.010588664259483448
8710,0.13124643249727252
8711,0.025335123488259545
8712,0.040420890229954855
8713,0.1131951490342848
8714,0.7226690822008514
8715,0.018785752569068653
8716,0.012344785012471937
8717,0.4827401943533168
8718,0.9325581082056367
8719,0.017877651757073426
8720,0.037780881594753506
8721,0.05432326110088561
8722,0.961655957614783
8723,0.006922967718578436
8724,0.0064679997412215055
8725,0.022966872150928453
8726,0.02693642065160347
8727,0.01083153383789764
8728,0.18330643557350948
8729,0.9977307476573763
8730,0.7800095455592547
8731,0.6997371355589977
8732,0.8250479306624333
8733,0.776847516882598
8734,0.0048292910268104726
8735,0.05496140745597023
8736,0.8034994430372873
8737,0.9162066408752958
8738,0.096498540035521
8739,0.12792408468771696
8740,0.9695199585909178
8741,0.9842974768685296
8742,0.9954774267097264
8743,0.04007640834300347
8744,0.0034511270205139157
8745,0.16557112325878434
8746,0.2004955530250363
8747,0.10351020123679851
8748,0.03024521507904825
8749,0.08127362395213203
8750,0.033107303715959935
8751,0.0875433872611251
8752,0.6122934818891095
8753,0.9010366091407881
8754,0.2626465418075247
8755,0.965498221148343
8756,0.22042793570341243
8757,0.16114373974524002
8758,0.02722893382833097
8759,0.2798459380104989
8760,0.0091025730236896
8761,0.8524746231468113
8762,0.02620165355164898
8763,0.9887449626009731
8764,0.16868117281269848
8765,0.18034791272989112
8766,0.0050725646476814205
8767,0.13425818808882745
8768,0.015478631298851348
8769,0.0843989045895228
8770,0.03416718088941266
8771,0.005048659828317037
8772,0.00980156569594038
8773,0.0297163387624972
8774,0.6215368820319208
8775,0.007194303535155509
8776,0.03339718092848437
8777,0.3847589146779479
8778,0.1199236365029664
8779,0.023336679285469317
8780,0.004431274899172335
8781,0.9725450608492366
8782,0.06320660142154466
8783,0.030825899358564446
8784,0.003719539874721293
8785,0.009775443902326434
8786,0.09897212701281517
8787,0.007526307870047048
8788,0.9834427796067514
8789,0.05828410710002451
8790,0.9362143866829675
8791,0.08608057856984637
8792,0.030859076501710325
8793,0.0772484078202668
8794,0.9085675364694886
8795,0.8163338032548603
8796,0.005399752985199027
8797,0.5808330204514683
8798,0.9059239190858692
8799,0.06209876703267662
8800,0.019097730807868245
8801,0.015277904000017994
8802,0.013606405201019314
8803,0.6164762546773596
8804,0.008004214218093072
8805,0.1227637294397071
8806,0.18074152708428817
8807,0.027192242977612108
8808,0.5261755131408671
8809,0.33151083149809796
8810,0.012307862132129697
8811,0.28812759967494356
8812,0.9400794611332491
8813,0.015469225124937994
8814,0.5817619382394678
8815,0.9145125768245994
8816,0.9219485684918803
8817,0.9856650326433334
8818,0.8766457410953267
8819,0.3631283072768367
8820,0.33573110067818623
8821,0.07334035167095619
8822,0.7509201788250524
8823,0.9481889528511864
8824,0.013668610768501446
8825,0.036285357815260315
8826,0.2609281629828418
8827,0.653566068928818
8828,0.18181639523201257
8829,0.10081023087436176
8830,0.01166453986188148
8831,0.09106851797130898
8832,0.2470881913615506
8833,0.01653987590244207
8834,0.772362688670631
8835,0.009379557991244906
8836,0.08595326363387328
8837,0.11594953301016102
8838,0.3145094947916747
8839,0.14078595618275475
8840,0.13590299430838093
8841,0.9844347236043308
8842,0.9729847622690923
8843,0.07088290742821023
8844,0.5329659644754196
8845,0.18188158417420378
8846,0.008480660876133863
8847,0.06289924525339856
8848,0.9854638977431113
8849,0.06456522747455272
8850,0.8783562024373679
8851,0.11413564994593002
8852,0.6785285790235598
8853,0.19348706318852882
8854,0.00211111498833297
8855,0.047792220465449425
8856,0.019252683408486192
8857,0.03726445513609751
8858,0.08504895193614805
8859,0.5265745549658649
8860,0.07171263406495247
8861,0.10587830406339467
8862,0.05196408922239685
8863,0.2553477321672949
8864,0.008077695626083565
8865,0.9115265745000943
8866,0.9606231306873493
8867,0.022585094522187637
8868,0.8582616351373354
8869,0.28709708692683095
8870,0.03407398242191556
8871,0.2518983028245228
8872,0.1123697274150034
8873,0.009456119503750261
8874,0.3136816260529745
8875,0.05590114464764606
8876,0.005007153968704123
8877,0.9984546327208306
8878,0.0015539295115348827
8879,0.07212107873212559
8880,0.01934942999643001
8881,0.30484233118736076
8882,0.19132301074379746
8883,0.16799598636469934
8884,0.9690296026942488
8885,0.27908687285934236
8886,0.18045979620380628
8887,0.02109282635833325
8888,0.031220974224690317
8889,0.03340709146267301
8890,0.09113935901869359
8891,0.23738317490125918
8892,0.1406904052214953
8893,0.306184238505184
8894,0.13101163018497786
8895,0.9602011255167072
8896,0.38551316840214445
8897,0.23417582304682152
8898,0.5344692782384745
8899,0.0786635427910612
8900,0.16031944271675072
8901,0.40268755067828804
8902,0.9980952288520012
8903,0.3494284926995825
8904,0.540360014065341
8905,0.5736070517000805
8906,0.9683154628153504
8907,0.06337521808183416
8908,0.07089441989000188
8909,0.7435439517099879
8910,0.7313538190808492
8911,0.03152106964317911
8912,0.42212606989009543
8913,0.02419359520530756
8914,0.04347144271805023
8915,0.06209284810638355
8916,0.00658038728681399
8917,0.08563849660993687
8918,0.05632520248576051
8919,0.12927986852593373
8920,0.09307423142744513
8921,0.07437936288458796
8922,0.9520945573804381
8923,0.03868439003880669
8924,0.7372910682870307
8925,0.5493674826237549
8926,0.0209077081879968
8927,0.5744121321929376
8928,0.7560288887906994
8929,0.5881422372988921
8930,0.6286330455135166
8931,0.09525342348812664
8932,0.9530358008991643
8933,0.03533317861201655
8934,0.0873373567750808
8935,0.7515050269841735
8936,0.8537817248881029
8937,0.035323373832408494
8938,0.9218563633300002
8939,0.09376356868876869
8940,0.3306829471224451
8941,0.004987310493049211
8942,0.34919014708364454
8943,0.4162248743835549
8944,0.6919032501642821
8945,0.8397838053524919
8946,0.10932993119806289
8947,0.9516648141910352
8948,0.14066879716020883
8949,0.3127923631314759
8950,0.48507603368211544
8951,0.9957207008758586
8952,0.03940607800908167
8953,0.04456489896752536
8954,0.035501384069492374
8955,0.9085973459077005
8956,0.6729441643417964
8957,0.9518188313443351
8958,0.9486938540332749
8959,0.24165076274857122
8960,0.019237955052454733
8961,0.7834826821652102
8962,0.011404229768044722
8963,0.9646229430587119
8964,0.33868200224829575
8965,0.020002144257073935
8966,0.2887456505411629
8967,0.022214733275468957
8968,0.020868760788160707
8969,0.007546140891357586
8970,0.004307266620260577
8971,0.01164520738584756
8972,0.006786342618371626
8973,0.4646153472316516
8974,0.04951996072165223
8975,0.9073413690285784
8976,0.19994943287590994
8977,0.05588090759977019
8978,0.42633971482079985
8979,0.0026240988480496167
8980,0.011416846659136911
8981,0.8362634564385623
8982,0.04991715548800724
8983,0.5318519806716112
8984,0.006374768459505418
8985,0.028038473791205776
8986,0.013432451633230097
8987,0.01121247891731196
8988,0.0038476912740052272
8989,0.2952701343831932
8990,0.013470696444740575
8991,0.12238909079355631
8992,0.017324302380810334
8993,0.09317963479999895
8994,0.9876950844162131
8995,0.5650984846821482
8996,0.03076230481479263
8997,0.9735641541809006
8998,0.02265813328668867
8999,0.14328883442300036
9000,0.07923248150513433
9001,0.16825525988091117
9002,0.012021563747415661
9003,0.9718183204601497
9004,0.09901664802117978
9005,0.8780551098530922
9006,0.9567106748353025
9007,0.11125783299414166
9008,0.05061601623882972
9009,0.030134706904998254
9010,0.8091632862830506
9011,0.8446821512244281
9012,0.02413716705611205
9013,0.012121241329243792
9014,0.10917390529997302
9015,0.010550971560710993
9016,0.2748071709041053
9017,0.07182516473364142
9018,0.8310886839009615
9019,0.21093015633568699
9020,0.024837919728689286
9021,0.29523878228597034
9022,0.05900901238136649
9023,0.2008789394393343
9024,0.04779070471375138
9025,0.4349675133647819
9026,0.12634369901327863
9027,0.9973306027976472
9028,0.10002408997872408
9029,0.010011653417917899
9030,0.5986633179202748
9031,0.20786440194230757
9032,0.21214814613366442
9033,0.9844294973018273
9034,0.020402106658921688
9035,0.00937746988985167
9036,0.019110731940000833
9037,0.04057385325853744
9038,0.12935658870053068
9039,0.14485019756926706
9040,0.025546582336486417
9041,0.38210733174959843
9042,0.2632576486771097
9043,0.27053873030649783
9044,0.008391058947181236
9045,0.0931785563791922
9046,0.016775441100321142
9047,0.07182254139867306
9048,0.10021507625710403
9049,0.9827346896805599
9050,0.07648999588505673
9051,0.9691899378637595
9052,0.03244440707903534
9053,0.02078495502951747
9054,0.039011810837277915
9055,0.3631579357101009
9056,0.3270313244279719
9057,0.05712098752925881
9058,0.9970068461473766
9059,0.05857072451746793
9060,0.037147408799241576
9061,0.25506700853363
9062,0.8894783092854907
9063,0.026659287967010874
9064,0.019047188513745403
9065,0.36162852859539973
9066,0.1789624647268272
9067,0.24930051808071163
9068,0.019804860886779754
9069,0.012685597914427338
9070,0.06961981796913409
9071,0.0578913501346894
9072,0.8642683285115096
9073,0.6067327999039106
9074,0.9498534620511577
9075,0.004111810461688227
9076,0.872780194695811
9077,0.02321930042702734
9078,0.11120992562407843
9079,0.5744189232384067
9080,0.7373538824775349
9081,0.14017823188057443
9082,0.555938156347369
9083,0.48801870464539404
9084,0.06252371802056537
9085,0.9736733709959053
9086,0.9149324292060698
9087,0.982787885726232
9088,0.7739780053750174
9089,0.16177651386148592
9090,0.28093889532225785
9091,0.39946128281036697
9092,0.4040363823526914
9093,0.012691957541467305
9094,0.031988455986083665
9095,0.5709092592736827
9096,0.9418891206968034
9097,0.004034482208826612
9098,0.047042336273416245
9099,0.10917293321902115
9100,0.004219096517898392
9101,0.8120434494280843
9102,0.05106032139607883
9103,0.7435817317341852
9104,0.16719063722441796
9105,0.1332647782784505
9106,0.10270201248361466
9107,0.00954481917122881
9108,0.3862663227958993
9109,0.13508430341510333
9110,0.001809860476730404
9111,0.7836910594980436
9112,0.010394855104193796
9113,0.4970063506720539
9114,0.016932218828735964
9115,0.8613297446929318
9116,0.07631799883923364
9117,0.895761848597906
9118,0.18851527621033806
9119,0.6081950204240668
9120,0.06893831333666772
9121,0.5756378962121947
9122,0.1259994436782891
9123,0.20725923338349395
9124,0.020691845703311836
9125,0.48450912112995814
9126,0.057739160617984446
9127,0.04928713090026404
9128,0.00434135286772603
9129,0.015662171931371982
9130,0.43567837912777535
9131,0.9795867847751153
9132,0.09392715868228148
9133,0.027049206027792
9134,0.0766112130879371
9135,0.43206875723347987
9136,0.010188670431796342
9137,0.04080091736447348
9138,0.017472118370669115
9139,0.04505208190755583
9140,0.9361176570850106
9141,0.09792266551227574
9142,0.04053469320503164
9143,0.812705951225701
9144,0.10117389327929228
9145,0.03689637490741863
9146,0.007940109423925335
9147,0.06290169318939604
9148,0.1620761286245702
9149,0.09696957593712395
9150,0.1706877345511212
9151,0.007525190736042235
9152,0.5502125199792617
9153,0.17351256562972361
9154,0.9514512248904391
9155,0.9931246460783111
9156,0.8596020733035011
9157,0.900545729819418
9158,0.2809321412844002
9159,0.0037203457492983177
9160,0.2965111353028101
9161,0.015101497841575148
9162,0.09511369382804415
9163,0.0038317108649822545
9164,0.06877576474535581
9165,0.011709809812313968
9166,0.963549726206573
9167,0.015209210860317214
9168,0.27365506047190147
9169,0.9848455442849637
9170,0.7904480139582893
9171,0.9630696491865546
9172,0.8738872555352616
9173,0.4749386031388554
9174,0.08742136848774529
9175,0.04481628887738213
9176,0.00313312441979444
9177,0.307656692993183
9178,0.38925533018467057
9179,0.05151522937177889
9180,0.012417646671394694
9181,0.3485911418612724
9182,0.0034055623107514515
9183,0.01581713453559083
9184,0.40804462740579356
9185,0.030783128523690455
9186,0.09113665059282428
9187,0.02176651863490142
9188,0.017395894876455178
9189,0.8378339057375944
9190,0.006820753014144713
9191,0.10998474108490204
9192,0.9887054175835589
9193,0.002922301299150038
9194,0.01229342261897749
9195,0.01160580036708851
9196,0.7502386867115859
9197,0.027485643517735785
9198,0.009036120003355921
9199,0.04480388108743294
9200,0.04243221378028408
9201,0.9982706868305335
9202,0.030695311697088657
9203,0.056676758067868836
9204,0.15620321513736193
9205,0.0033350059646944006
9206,0.5267768521006981
9207,0.4883230519517123
9208,0.006483050841618436
9209,0.01567070346817487
9210,0.9579084966495947
9211,0.888052396552076
9212,0.3008596348825379
9213,0.07396626113597847
9214,0.01630981807047993
9215,0.037804618295365834
9216,0.20946061965585605
9217,0.031688482284697284
9218,0.17218679726749966
9219,0.045642587241062925
9220,0.01947225009168203
9221,0.44856877434743164
9222,0.13872419448546763
9223,0.9670909850374917
9224,0.09786081033897427
9225,0.9672232830436194
9226,0.9795864287504004
9227,0.032366943760137996
9228,0.0075857172492146616
9229,0.009599335361850134
9230,0.0901056358605389
9231,0.07867337833656872
9232,0.9238437987787935
9233,0.006347619760864222
9234,0.04513866257550362
9235,0.06893019879076238
9236,0.011049936530392879
9237,0.10916286074661148
9238,0.16949857772768329
9239,0.08527281097451918
9240,0.5922851093707323
9241,0.16681013178762516
9242,0.002121148660758907
9243,0.9871059005562165
9244,0.017579195543084722
9245,0.03859651936202967
9246,0.3085428001050757
9247,0.031703492149234895
9248,0.9882542152135679
9249,0.9978784134903792
9250,0.02249622306483752
9251,0.3579650684630578
9252,0.008326206354752851
9253,0.003119665101104714
9254,0.08471362681476553
9255,0.9979434778875081
9256,0.11852777371806351
9257,0.4030669975329301
9258,0.8915443861167859
9259,0.028395191034949224
9260,0.06323508839334697
9261,0.975124082174338
9262,0.7886749907640117
9263,0.012991837230327215
9264,0.04289860538270001
9265,0.02004764191336791
9266,0.8629615253945232
9267,0.37956654890656916
9268,0.054026194540809945
9269,0.8063178107114766
9270,0.006873686057236215
9271,0.0023220475644434514
9272,0.19523161374144907
9273,0.05593511661636652
9274,0.03465540992461306
9275,0.01514527496770022
9276,0.011245446914427954
9277,0.12528704051513165
9278,0.9933669362957537
9279,0.07415535733431315
9280,0.6840124927584466
9281,0.9777189436396391
9282,0.2528272040124148
9283,0.7586343131264162
9284,0.09132999780587554
9285,0.22207939276756852
9286,0.12134444291805953
9287,0.3910563710000717
9288,0.10450900284540986
9289,0.04189956261365114
9290,0.05522525997784548
9291,0.08204288109485848
9292,0.40872396528723504
9293,0.27902126511612135
9294,0.11375492512295533
9295,0.45601662551231
9296,0.1261158718669381
9297,0.9781675767346606
9298,0.05508355483832137
9299,0.012621458953345308
9300,0.03954302463809562
9301,0.44090052134583346
9302,0.05956536571192913
9303,0.07005718213594862
9304,0.04338902574198899
9305,0.005720497412069089
9306,0.1307567297880445
9307,0.6782461636017906
9308,0.9619706543752439
9309,0.9697011392996594
9310,0.03959902118844814
9311,0.9172223457715974
9312,0.851036348114849
9313,0.7773499915006287
9314,0.0330144185061126
9315,0.43093860301990355
9316,0.9032795317404148
9317,0.6265208039582094
9318,0.0037306325471772373
9319,0.03934373556856165
9320,0.020412749537319433
9321,0.8707889041222163
9322,0.6893729316921497
9323,0.31585298058705247
9324,0.012343709280395382
9325,0.037522628184031785
9326,0.34144239802773274
9327,0.06304919969895077
9328,0.6473030567927262
9329,0.08337554139072106
9330,0.8373147923536896
9331,0.06766323888156406
9332,0.03534008305253027
9333,0.021597460425758063
9334,0.3887504829199655
9335,0.01735502640791
9336,0.10633885613827214
9337,0.743315083488544
9338,0.07395337957912897
9339,0.352337272580779
9340,0.0974839009961234
9341,0.03764943349960936
9342,0.06010550987812254
9343,0.017165215715750404
9344,0.1056256343724486
9345,0.0032546941436823137
9346,0.034478746920507
9347,0.0497735690168023
9348,0.027749355807824883
9349,0.12372598187017673
9350,0.05312790298753289
9351,0.011350651598349379
9352,0.04355223916899193
9353,0.04513156073809907
9354,0.031438272810551254
9355,0.3965662514829192
9356,0.13578901291914888
9357,0.026152322308881818
9358,0.23218416331072222
9359,0.974852268614741
9360,0.05393887073869765
9361,0.0020313345184990563
9362,0.021031681300635638
9363,0.01544469800927469
9364,0.47965877882322133
9365,0.0034300921571080553
9366,0.08986177905746716
9367,0.9660898628360034
9368,0.10563888471597777
9369,0.04805028983801094
9370,0.9498009383677563
9371,0.4176312364295323
9372,0.01484148063803728
9373,0.0033580225795523965
9374,0.03519407388227768
9375,0.1976718499903404
9376,0.8502515899111227
9377,0.059916974053391414
9378,0.9981453276932758
9379,0.14819424527839883
9380,0.02828375403856129
9381,0.9821544149080639
9382,0.06976360479481457
9383,0.9767273618874727
9384,0.4985627772679937
9385,0.9678330322851977
9386,0.004574455718288346
9387,0.5085958554247562
9388,0.42446613800091404
9389,0.7059254763913207
9390,0.02262115383718345
9391,0.18717408713890024
9392,0.04054219244754551
9393,0.03968992877546008
9394,0.363703045777412
9395,0.8510458778001948
9396,0.027110122870483606
9397,0.9982671424988302
9398,0.0070807714518388324
9399,0.002924778973547669
9400,0.38006845906134207
9401,0.022432391178093675
9402,0.06422417516801462
9403,0.013707798958765503
9404,0.9841824763647797
9405,0.5277905267274323
9406,0.0026091870835522374
9407,0.005724310502889245
9408,0.5126865421929694
9409,0.2015456871214759
9410,0.9358856327349984
9411,0.13012503674218798
9412,0.0382463649260975
9413,0.04187382875662238
9414,0.017587734980643147
9415,0.19636595688963773
9416,0.02267740454874212
9417,0.02920007521262487
9418,0.04968736795978742
9419,0.20266225800772752
9420,0.977424801005435
9421,0.12428831425159322
9422,0.996750071990561
9423,0.03868069235703723
9424,0.7562059060288959
9425,0.9837190716058477
9426,0.35281410439174343
9427,0.10615182698394858
9428,0.06735303431417526
9429,0.5372284421143187
9430,0.0019681986390319606
9431,0.9282142110769072
9432,0.009527088641971668
9433,0.9574340880842437
9434,0.006032203465616506
9435,0.9982975240059152
9436,0.9827094250941872
9437,0.0076629185192646785
9438,0.3370830529210947
9439,0.008467451614123012
9440,0.36884735315196854
9441,0.7092702353448953
9442,0.071897043051204
9443,0.06514756551336087
9444,0.06987867437774481
9445,0.9343750542939336
9446,0.005394597959145563
9447,0.9840065102640253
9448,0.06272804006869843
9449,0.02284700975417606
9450,0.04742542862992544
9451,0.012432709762531734
9452,0.9848101143753948
9453,0.3636757474719862
9454,0.01654640982213298
9455,0.036169185998627056
9456,0.006953138127391248
9457,0.4608549469339384
9458,0.0113532210135116
9459,0.31590544854263586
9460,0.034382845836598654
9461,0.9120442059034106
9462,0.35254273003487535
9463,0.0514292241703209
9464,0.11143401427243743
9465,0.002209285482279199
9466,0.2709021099598641
9467,0.9140689218753485
9468,0.1246392221117626
9469,0.002846003459657601
9470,0.965333039989564
9471,0.011411963423056783
9472,0.9213957521907222
9473,0.1076050547035395
9474,0.9583133224746668
9475,0.021263929548130427
9476,0.03735428264656607
9477,0.08132118895248391
9478,0.3888700165186127
9479,0.11008021264692498
9480,0.9023071970732035
9481,0.9655821416125036
9482,0.20317952648324192
9483,0.9381678874288316
9484,0.09638439719151674
9485,0.21720631227728848
9486,0.9530182565292883
9487,0.7602290971508955
9488,0.982558444310692
9489,0.2181850609152758
9490,0.009301591999301714
9491,0.026131539311316815
9492,0.993769997032507
9493,0.10979165086321123
9494,0.1157047266278639
9495,0.002799028254357037
9496,0.009339618538577161
9497,0.0897515556718362
9498,0.3887137135457042
9499,0.9637402194050172
9500,0.2099915523257614
9501,0.09558490058693515
9502,0.9753617202501963
9503,0.9821085302625064
9504,0.3533686921872168
9505,0.8377994532762784
9506,0.9927380223957062
9507,0.027119969069620747
9508,0.033020584225571296
9509,0.09848959771675274
9510,0.015665877585821077
9511,0.20236574301948515
9512,0.2880750599487927
9513,0.7222900123598434
9514,0.15932233140574867
9515,0.05403280186999356
9516,0.24025347024450175
9517,0.038126919545561654
9518,0.031388525481140565
9519,0.0527599820313675
9520,0.003288328638519876
9521,0.023073542850685757
9522,0.33428969410727327
9523,0.060599483536159494
9524,0.05342557332387523
9525,0.003882824316173096
9526,0.5506828854481243
9527,0.04586578928395652
9528,0.05402898415003515
9529,0.11087016251527355
9530,0.03138255088254149
9531,0.02203333014491546
9532,0.018406368362568582
9533,0.4716441274925504
9534,0.8102125909747121
9535,0.8683812172850174
9536,0.01982527641874979
9537,0.9934464788765572
9538,0.02099096067552957
9539,0.5246611861089329
9540,0.8968624734939358
9541,0.21872465298485588
9542,0.31506519339802797
9543,0.005618152017911522
9544,0.016056900976414355
9545,0.09426506047511979
9546,0.9684776087914462
9547,0.777879641470541
9548,0.013748444731762654
9549,0.12006000336154643
9550,0.710709736819464
9551,0.694984959974656
9552,0.9717165876022188
9553,0.6180865488845838
9554,0.9861851754407898
9555,0.29574527690476454
9556,0.015560152096936635
9557,0.9775313233548005
9558,0.07306607423482459
9559,0.07691773383514262
9560,0.0018817983156949362
9561,0.09790722771022382
9562,0.9963680327377112
9563,0.18356859091093014
9564,0.9809513428767224
9565,0.00849769645462879
9566,0.07662952397757807
9567,0.9909723830172522
9568,0.044638120059060704
9569,0.06929508325621088
9570,0.07497606598411805
9571,0.057796394461284116
9572,0.16931897424354134
9573,0.8398256084172724
9574,0.7373236657434136
9575,0.05707884913446426
9576,0.9793932080249196
9577,0.2958837044565323
9578,0.005648597013249754
9579,0.007761322586615916
9580,0.9091371840217656
9581,0.9117087142409909
9582,0.010677930624795424
9583,0.8182963286986237
9584,0.9159924791352428
9585,0.03193675306271075
9586,0.006975082799384987
9587,0.011841378330124249
9588,0.9155356927951814
9589,0.02146019908902527
9590,0.12254171329995485
9591,0.3135827485544966
9592,0.6485357232390272
9593,0.019384847624959806
9594,0.948229233185718
9595,0.9815740351718322
9596,0.0298207893845522
9597,0.9421465321243786
9598,0.9729268771668765
9599,0.0938867989599359
9600,0.9350490443509499
9601,0.6031216452614689
9602,0.009436825350118019
9603,0.11221422982600456
9604,0.11104698208874653
9605,0.1395006766411382
9606,0.0017288813382447038
9607,0.2725201297686368
9608,0.74590573276136
9609,0.5689128223825987
9610,0.010494760935249032
9611,0.004961590680710371
9612,0.011696151608084635
9613,0.09089315976163785
9614,0.48464359758967807
9615,0.13674439398758556
9616,0.9301865039606044
9617,0.028164129858541494
9618,0.5801410791334679
9619,0.17477084010780705
9620,0.007325234557616377
9621,0.1758129649779621
9622,0.011578936504569405
9623,0.5220897708249798
9624,0.24495185527550337
9625,0.004962854311246021
9626,0.07339923635962951
9627,0.05687253828918781
9628,0.9767286803159733
9629,0.8012638221827316
9630,0.9316828504667348
9631,0.9957773799407383
9632,0.9938728358294461
9633,0.06463773661610146
9634,0.07989712749638707
9635,0.9981009414845725
9636,0.9904569213038017
9637,0.005890752164096741
9638,0.044860726149078434
9639,0.0847980355010568
9640,0.16925607870621895
9641,0.021300153897951774
9642,0.1083016362041798
9643,0.1381566807946129
9644,0.9726248283083279
9645,0.08185663656050025
9646,0.3437597179949514
9647,0.40378573759637476
9648,0.0020522403926949017
9649,0.2073790315853524
9650,0.012595048682273862
9651,0.9910710591735145
9652,0.6854988336527211
9653,0.22765500903649452
9654,0.2242211916876173
9655,0.02810472151802568
9656,0.38749004709521895
9657,0.9375745692558611
9658,0.9984249635761066
9659,0.07202104314933461
9660,0.03900383735428896
9661,0.03548926003120886
9662,0.9665811920626365
9663,0.008455954893441005
9664,0.0066687435102746355
9665,0.11277068218678803
9666,0.041054402487101786
9667,0.06353579808999792
9668,0.23839947513126758
9669,0.10414354694127652
9670,0.7233032121372537
9671,0.40369398504806386
9672,0.04128526902177018
9673,0.04668686047992479
9674,0.6773927071517697
9675,0.12851335671686986
9676,0.09149834851410184
9677,0.004082516877319366
9678,0.9460565911510931
9679,0.032438639818100155
9680,0.4481585488548492
9681,0.5928007386487752
9682,0.1731348196960504
9683,0.9607561262410925
9684,0.034702576086111346
9685,0.7880756693641865
9686,0.10219244821128488
9687,0.10679367609203584
9688,0.035384539954650025
9689,0.009677861956857664
9690,0.15110914650594676
9691,0.9143964520047144
9692,0.12593411018445622
9693,0.022153279070936546
9694,0.7834334169567273
9695,0.010413432147883738
9696,0.9630828441874678
9697,0.24803568910235355
9698,0.05850509655882522
9699,0.009647847333255572
9700,0.11706313205943493
9701,0.096933490168937
9702,0.9938222535502798
9703,0.12620891956085012
9704,0.042024930514792946
9705,0.16872643592345912
9706,0.7709266582095737
9707,0.10164639950415805
9708,0.020232861671878013
9709,0.20639581945975652
9710,0.4314953987228416
9711,0.07471814186725888
9712,0.43604413089230115
9713,0.5777145244308342
9714,0.009015495968772358
9715,0.0469561883656815
9716,0.2348451908035771
9717,0.0169481435954616
9718,0.01523445652333875
9719,0.09374728771324031
9720,0.9863760781239818
9721,0.976343852167949
9722,0.06847406493855922
9723,0.013382072589711054
9724,0.12640393634958366
9725,0.911550903328512
9726,0.1274694109233968
9727,0.14315655906673178
9728,0.3050340755283442
9729,0.017304719477967297
9730,0.9785596512260608
9731,0.03624014515208201
9732,0.0036511963120739338
9733,0.011439670772164318
9734,0.06688605702084256
9735,0.6387438631183513
9736,0.10012265529101044
9737,0.03564479113641558
9738,0.11681450646668073
9739,0.9860835910545883
9740,0.06434485386292131
9741,0.04015149853419952
9742,0.041039304350760426
9743,0.7146222227573656
9744,0.043305387174589045
9745,0.7606380470073838
9746,0.016401785884741907
9747,0.4516001316471372
9748,0.6272760095484221
9749,0.9689659269946292
9750,0.008768075923130168
9751,0.9893487276990194
9752,0.011767265069951719
9753,0.950176923500521
9754,0.35473108337776943
9755,0.9952903028814521
9756,0.14919307375437701
9757,0.9734291162016045
9758,0.13562789361074487
9759,0.020049713792603494
9760,0.004698638975930299
9761,0.23891877323093014
9762,0.002431440317902541
9763,0.13549071534736687
9764,0.8649114793474063
9765,0.13748587664784342
9766,0.10087626670136808
9767,0.893303902924036
9768,0.4792830283572432
9769,0.006892243701667414
9770,0.622884659315552
9771,0.09804919808198342
9772,0.05639058132984807
9773,0.590752690124202
9774,0.017630475282770498
9775,0.09335030341521726
9776,0.006227892441220829
9777,0.1282059839743794
9778,0.10681645682020457
9779,0.1665468830553012
9780,0.9883583663084856
9781,0.13371219709664758
9782,0.778276450528956
9783,0.17764439860954018
9784,0.42935577892001414
9785,0.9698175778727106
9786,0.595875359021806
9787,0.2288866921422227
9788,0.003955490771738644
9789,0.21076099926409675
9790,0.2660094895197264
9791,0.05733982217764797
9792,0.11677608054796589
9793,0.11863548069894321
9794,0.7449858927697983
9795,0.09132275380769572
9796,0.059153348165392285
9797,0.8711281067702991
9798,0.4978481654251454
9799,0.036446778411625504
9800,0.044864263044614335
9801,0.014999826063510496
9802,0.15419878088762853
9803,0.01758039422208056
9804,0.814689635141136
9805,0.009528846769873698
9806,0.8399218810653575
9807,0.06012275362864639
9808,0.027810608227853948
9809,0.05956594518641677
9810,0.00639609937270907
9811,0.020995882548982575
9812,0.046727220284022895
9813,0.003413021640295919
9814,0.09539579767763852
9815,0.2633715194172243
9816,0.17572438320334574
9817,0.05972580520842843
9818,0.5222154004708016
9819,0.9495195018308297
9820,0.07015242430816972
9821,0.07171711204098939
9822,0.008379962071246425
9823,0.9423985249450649
9824,0.3145637036573261
9825,0.9812585058933321
9826,0.008861844006829359
9827,0.9953177388897817
9828,0.4960882949033893
9829,0.7547997261948364
9830,0.9727161487684818
9831,0.013489321156049887
9832,0.052637348409507796
9833,0.1751208605469249
9834,0.044426380736680426
9835,0.3350329328430069
9836,0.9831706266474914
9837,0.9963741254266604
9838,0.002149615396353036
9839,0.051279889772388704
9840,0.9970412873890458
9841,0.0467031651439156
9842,0.4978422166906804
9843,0.7391637519844171
9844,0.10795113401925371
9845,0.0045640095959615335
9846,0.8206020284457499
9847,0.44244957040134986
9848,0.029925080695882927
9849,0.00556392191128002
9850,0.2158975661279782
9851,0.062302536495477144
9852,0.11118652153497284
9853,0.018087366028827937
9854,0.12380014499956077
9855,0.20825308874787996
9856,0.04430642735449852
9857,0.9531211238253992
9858,0.045626123128424324
9859,0.8851268733220966
9860,0.07346909622130064
9861,0.059623099777887933
9862,0.053082110198711084
9863,0.005671207595580646
9864,0.9230053120249249
9865,0.9964994413777862
9866,0.05527243473997617
9867,0.003042689291731824
9868,0.46973458165794524
9869,0.10042023201557111
9870,0.8453262941268296
9871,0.9761794465186844
9872,0.09505736116247894
9873,0.04541002140743239
9874,0.8528722340131555
9875,0.1202696200162847
9876,0.08673619301612706
9877,0.1333729962789182
9878,0.03706346071324251
9879,0.900683665230016
9880,0.009204861132428832
9881,0.9418524069370217
9882,0.9516365789926929
9883,0.03407423501179164
9884,0.02364901029224825
9885,0.04979694120799418
9886,0.16028938648540872
9887,0.016517435871482727
9888,0.9551994426664705
9889,0.9982193900542781
9890,0.2494181399848673
9891,0.019813296687385136
9892,0.08790123362177593
9893,0.34465185707054463
9894,0.07354036649318822
9895,0.08588449423324014
9896,0.8068122516396281
9897,0.11479927162959451
9898,0.04438467383198622
9899,0.12562959952983505
9900,0.15879263954974723
9901,0.059271024586326625
9902,0.04851691611933401
9903,0.11714409291582813
9904,0.7427224043881403
9905,0.08015381463219802
9906,0.09900421168667184
9907,0.47944598356485857
9908,0.005024348157104192
9909,0.9688667184629299
9910,0.9786555204601962
9911,0.09801152876931274
9912,0.04794155917675522
9913,0.01903248156856664
9914,0.1443453024243691
9915,0.9874556171527361
9916,0.08068991231227084
9917,0.06932391627177482
9918,0.014595257180404364
9919,0.4765930729076519
9920,0.02189673297092186
9921,0.3334807714056342
9922,0.0020439186303191745
9923,0.3712265068840009
9924,0.14473248807926148
9925,0.278869199041952
9926,0.0769156350774072
9927,0.27442650881063374
9928,0.006701859227193639
9929,0.9441274075192408
9930,0.9550354048136508
9931,0.5513478398209727
9932,0.11643417895497556
9933,0.1998463660595864
9934,0.013026210279407271
9935,0.8027591600219243
9936,0.987062435769484
9937,0.29959407395369825
9938,0.3520902619045307
9939,0.05644063330512045
9940,0.17670894034052465
9941,0.04029786523874739
9942,0.06297100252182575
9943,0.010609697406900287
9944,0.036196241901905256
9945,0.9655069225385299
9946,0.04498276835845775
9947,0.0994281377745709
9948,0.03601132707357475
9949,0.0070279034166284655
9950,0.05132423639375022
9951,0.15398490008168064
9952,0.008663240074710898
9953,0.9944924126261672
9954,0.7413219152817122
9955,0.12834302193093394
9956,0.8679448774897992
9957,0.01341889771775646
9958,0.9768864016133797
9959,0.2168428972683263
9960,0.6572395128204763
9961,0.022454643257488856
9962,0.03351347229899801
9963,0.013532391317032821
9964,0.1804639335393102
9965,0.02751639504308134
9966,0.008691176788888536
9967,0.005438597024337269
9968,0.09021746474954888
9969,0.005792695884332458
9970,0.08070867969241283
9971,0.9933062383116752
9972,0.03455830536331194
9973,0.03776429519930648
9974,0.045912881739005325
9975,0.9736910440472348
9976,0.40343893945867987
9977,0.14474380823110222
9978,0.09965983762702478
9979,0.0032052860779681236
9980,0.0707991553001903
9981,0.08688230054089467
9982,0.008192304682172295
9983,0.164888351531296
9984,0.022308755587396308
9985,0.004468238544328505
9986,0.04064835900633482
9987,0.15358085544009573
9988,0.0725933045293063
9989,0.04703122860985448
9990,0.13678346004731903
9991,0.9509461978793693
9992,0.09277714716017814
9993,0.04719375080007632
9994,0.7229895618151936
9995,0.002321120294607509
9996,0.20727386208107115
9997,0.5279068891429745
9998,0.9894773127914224
9999,0.06261701176271688
10000,0.3079454994025938
10001,0.9669454538176296
10002,0.380418754819376
10003,0.2747455717307758
10004,0.018322309108907073
10005,0.9500551522754123
10006,0.9613133715022096
10007,0.022859617739830012
10008,0.9861721658554229
10009,0.9539415133710746
10010,0.101170781726889
10011,0.02525666253394773
10012,0.901898544368593
10013,0.0184881281371682
10014,0.2352741800826974
10015,0.09081695315708833
10016,0.040457503751333494
10017,0.013095250377726913
10018,0.003596595576593267
10019,0.06745404235868814
10020,0.03715476683247107
10021,0.05513532346318917
10022,0.9846101968074826
10023,0.9914427714805352
10024,0.5600734100264279
10025,0.022599972647628155
10026,0.01736365527336529
10027,0.053238973115259235
10028,0.8472400501701246
10029,0.06550526975594849
10030,0.004642631245974904
10031,0.07730007108568238
10032,0.6729862360261598
10033,0.9181428910617684
10034,0.008234985784869501
10035,0.018419745555585593
10036,0.09728648350242358
10037,0.9350707834070527
10038,0.014018474162778518
10039,0.41630096676626077
10040,0.19386621609605617
10041,0.015531138904429564
10042,0.8961404953939766
10043,0.026262945070246037
10044,0.29398958310554085
10045,0.015785482633023894
10046,0.008098447855551237
10047,0.8741458116060769
10048,0.14465544110888953
10049,0.8019875374630328
10050,0.007995347933037262
10051,0.4605228552774973
10052,0.9847187629101252
10053,0.08441894387018711
10054,0.6298789973919865
10055,0.20065215740601572
10056,0.009643079768938878
10057,0.9657279772580543
10058,0.9617241963308274
10059,0.05148340335909723
10060,0.8362018480091579
10061,0.08888507759202675
10062,0.0037874018250064223
10063,0.05259033282938271
10064,0.9846856870609141
10065,0.12383542115036006
10066,0.06793035132567103
10067,0.03862450590836985
10068,0.01600616479859603
10069,0.04368311178364486
10070,0.04492750713749394
10071,0.689245999503417
10072,0.9626419374836139
10073,0.7622704291551452
10074,0.23458121226952044
10075,0.8832404422699272
10076,0.9488856025283633
10077,0.05144584890144699
10078,0.028830523876504945
10079,0.11903898739159895
10080,0.08650263939238066
10081,0.06909598173794669
10082,0.3976638629318916
10083,0.00784216009761584
10084,0.13428828835667658
10085,0.3424489323535072
10086,0.07924375596837076
10087,0.7656259533185761
10088,0.02723364913331422
10089,0.7843750583310208
10090,0.003310454264109372
10091,0.0687902537105778
10092,0.005228971786061624
10093,0.03753741964029216
10094,0.42160465937561065
10095,0.04156318088067509
10096,0.02790728120945735
10097,0.9795547223751703
10098,0.16244937986817984
10099,0.2498971464097297
10100,0.011444121248969395
10101,0.006174541221626514
10102,0.0584069454353508
10103,0.02516537285042528
10104,0.9535262656583998
10105,0.005621199420630894
10106,0.17747318822605265
10107,0.0045360094638505636
10108,0.31361685594190725
10109,0.08276186511297366
10110,0.1556235387771482
10111,0.02685228496896425
10112,0.017493466965217672
10113,0.06716795135288493
10114,0.14300530425491212
10115,0.00507306383456567
10116,0.7410581698503999
10117,0.045999132322749305
10118,0.13221346459178293
10119,0.5635550307147986
10120,0.3364747852337473
10121,0.1433830293623932
10122,0.19763890117404773
10123,0.12399832146360912
10124,0.007050818549045625
10125,0.06845286163931068
10126,0.9836562892485476
10127,0.031673770412190584
10128,0.04333258294648426
10129,0.04023862520192729
10130,0.14946290073848698
10131,0.6999087305603986
10132,0.47395186389303556
10133,0.11210075755497485
10134,0.9838452750793264
10135,0.05221115998600389
10136,0.011801895456679297
10137,0.007413858659473294
10138,0.4875240279942183
10139,0.882982972594201
10140,0.23701605131059766
10141,0.1859478149751084
10142,0.01690772295902554
10143,0.06423699093758051
10144,0.003201654254328258
10145,0.011818197762768948
10146,0.08307663980423734
10147,0.37216970481247386
10148,0.6523088042914913
10149,0.7837618425070257
10150,0.0914514077230462
10151,0.03577830995140201
10152,0.009083592120226502
10153,0.9422521604417886
10154,0.0559086392278097
10155,0.023721734621922827
10156,0.5640467115322092
10157,0.22643257665042094
10158,0.6386133415578782
10159,0.17719898055300046
10160,0.9748100880475009
10161,0.01792486639034672
10162,0.9485236355923296
10163,0.9977498536187789
10164,0.008832055610696403
10165,0.013869987484595656
10166,0.0029173354429549363
10167,0.6367869579556932
10168,0.3217191993481086
10169,0.9085768365142312
10170,0.008228151860236687
10171,0.2202555250358965
10172,0.2724039076665458
10173,0.18957316157335344
10174,0.006675570371185271
10175,0.4001659821454347
10176,0.004825674556191227
10177,0.9975672192238427
10178,0.023542616685742784
10179,0.04415394285477208
10180,0.15724488564025793
10181,0.0058019948662775345
10182,0.038933195982347464
10183,0.9634208122436361
10184,0.997467398833524
10185,0.9253790357443652
10186,0.3974118155109913
10187,0.037688763656912906
10188,0.03498922936013881
10189,0.006622464551000837
10190,0.0025565372916469087
10191,0.9806010187559832
10192,0.961250395409054
10193,0.22764005140119792
10194,0.09471964368760978
10195,0.034778986204117505
10196,0.6357385358213938
10197,0.03497878395788281
10198,0.06978088654618932
10199,0.08380194910319198
10200,0.0056505659855034295
10201,0.015137034654929549
10202,0.04262326727494934
10203,0.019091673094993374
10204,0.8876522635918098
10205,0.013278437748266378
10206,0.9963593289841448
10207,0.016995041582285705
10208,0.9799071830230451
10209,0.9011403689227334
10210,0.9853821651811945
10211,0.5622244285021836
10212,0.9088715256344689
10213,0.36096984467745247
10214,0.16259491555386066
10215,0.023733320973877262
10216,0.4287056710660584
10217,0.8311898249463218
10218,0.008998646587724202
10219,0.04596575120139303
10220,0.14099310762228204
10221,0.010914740826587716
10222,0.004076421036654759
10223,0.9657609352751452
10224,0.857200724061936
10225,0.06687977427028206
10226,0.030774450592053217
10227,0.9981234532871506
10228,0.011307446472907946
10229,0.4546420892090181
10230,0.9973555772712759
10231,0.016415653257153565
10232,0.1706199653013966
10233,0.18820896946513085
10234,0.07835475517831669
10235,0.016979111718998952
10236,0.03400023074874874
10237,0.5149748871192596
10238,0.06355839453527119
10239,0.9158777064176916
10240,0.0661958339289332
10241,0.03602238952540911
10242,0.125770622018037
10243,0.07573776195327682
10244,0.006095672129730765
10245,0.9404311007116535
10246,0.044411989580278734
10247,0.5025579579254039
10248,0.6502155851222814
10249,0.7476185136241732
10250,0.010412058912343492
10251,0.021764711100871605
10252,0.020764934524676648
10253,0.8279904154745181
10254,0.18913868208582615
10255,0.08101383906261589
10256,0.9062364445692412
10257,0.8215339167888529
10258,0.015170030133315754
10259,0.03735470393681627
10260,0.9773172286266439
10261,0.015276171103507525
10262,0.0018391296123400737
10263,0.672364530203105
10264,0.7068862267132889
10265,0.014816712619607922
10266,0.5984447467810138
10267,0.8903609481287877
10268,0.011065208713472446
10269,0.04091501334712442
10270,0.5613279865922397
10271,0.009067005445728535
10272,0.08272639939247066
10273,0.7636550049609143
10274,0.5061529710822829
10275,0.16527588996408393
10276,0.24436668369123338
10277,0.13965439972188784
10278,0.15436668567431483
10279,0.9844587088263137
10280,0.02589267700227067
10281,0.6573355993541031
10282,0.02020243935846203
10283,0.5466925723897277
10284,0.251361774651152
10285,0.05011397989842318
10286,0.10123946298792243
10287,0.28077257221063723
10288,0.9372709832796461
10289,0.835372611880501
10290,0.051215290627012335
10291,0.03627920264234109
10292,0.01461231755595249
10293,0.0762327523380187
10294,0.499682531787003
10295,0.2845861549098969
10296,0.9740860550698617
10297,0.13810863236765297
10298,0.06201847028008493
10299,0.13702158051840943
10300,0.9226773571504029
10301,0.004929004844467376
10302,0.7861264912294486
10303,0.06873504628447291
10304,0.1958859281231351
10305,0.023385928306288935
10306,0.8838203799296167
10307,0.10143474512275179
10308,0.13847877621413116
10309,0.15207048265316123
10310,0.07578046474648477
10311,0.13819328611395196
10312,0.9733868026564245
10313,0.039986441957665715
10314,0.0015911873930467217
10315,0.637266707161985
10316,0.2981020867623521
10317,0.059119673996395804
10318,0.41529059239112714
10319,0.013691854942122737
10320,0.09395934660750505
10321,0.06770936454899751
10322,0.12452370921196633
10323,0.0828844591980475
10324,0.003485048223009377
10325,0.27016029582589374
10326,0.45922770512710137
10327,0.012516502077005867
10328,0.848277271573815
10329,0.11936362392643418
10330,0.021936648526856062
10331,0.05405991733824287
10332,0.045506609372292894
10333,0.326359030593761
10334,0.8730008123269483
10335,0.9302280273968749
10336,0.293301582429813
10337,0.385159884225466
10338,0.48168733177504813
10339,0.4689368909977116
10340,0.6947017940599555
10341,0.05742711517318653
10342,0.7591851518588347
10343,0.926634504556239
10344,0.74909818269606
10345,0.014112334725091139
10346,0.9678165850245696
10347,0.9530343716344042
10348,0.07707815087108644
10349,0.8238399521409151
10350,0.1627420141303246
10351,0.9644322773015094
10352,0.022231467817448853
10353,0.9247900079993924
10354,0.509984777594941
10355,0.14533745309384352
10356,0.11496562161981355
10357,0.07549247577152725
10358,0.9813722161587443
10359,0.01740490800144588
10360,0.9536779800263258
10361,0.9579863471629791
10362,0.0071139949239189815
10363,0.017430495994197225
10364,0.2491064432339701
10365,0.013564804956142795
10366,0.06100254306397394
10367,0.015912041186605535
10368,0.9865740860351301
10369,0.030882441266390514
10370,0.0032391869845854134
10371,0.28083021888137644
10372,0.030818502706699374
10373,0.40855854439198874
10374,0.9687034241212769
10375,0.0022494621855544215
10376,0.02324549778248676
10377,0.16317392860201554
10378,0.588061817733405
10379,0.030222945052214806
10380,0.0934164372852166
10381,0.025779430559123285
10382,0.9752402644357282
10383,0.9983695775119769
10384,0.041344854763351264
10385,0.04088182584821188
10386,0.07406457089609737
10387,0.005081226808041524
10388,0.04305613561999768
10389,0.05029471450770721
10390,0.3342275182138252
10391,0.008533890374963956
10392,0.1551171173573965
10393,0.014484721300850505
10394,0.7812554376352076
10395,0.12470947074732508
10396,0.4876197283594732
10397,0.10424402250152952
10398,0.9367503206056215
10399,0.1205558356706156
10400,0.6718717742830713
10401,0.47343293996932717
10402,0.5354065051195841
10403,0.05100622236788241
10404,0.015893026859170777
10405,0.6467759842677766
10406,0.5646417008957592
10407,0.01006128797041004
10408,0.9759297675616065
10409,0.07230259209309425
10410,0.4839826065034279
10411,0.07873875856045554
10412,0.11965592829186145
10413,0.04158456821673286
10414,0.9842208884158151
10415,0.15147746855123545
10416,0.6220514848304335
10417,0.049960144003321466
10418,0.9761130190100369
10419,0.13897903892765726
10420,0.7865266481436571
10421,0.9365806544269595
10422,0.5850022430687697
10423,0.08765992243746479
10424,0.7517048381931207
10425,0.19878011856863534
10426,0.013315326470929938
10427,0.05370148271284742
10428,0.019912740473972942
10429,0.0416778173555988
10430,0.136422010680774
10431,0.5771508808805609
10432,0.9689172323545598
10433,0.11195492823936759
10434,0.009816105379152307
10435,0.04681213941892889
10436,0.0703350244078294
10437,0.006520618019962216
10438,0.008919053649258574
10439,0.002590189044226011
10440,0.0024451988700600717
10441,0.8724690881602791
10442,0.9471088458580684
10443,0.5264108120295267
10444,0.19771304929202402
10445,0.026751013472030155
10446,0.00575716627191708
10447,0.7133768953821917
10448,0.011677988091300407
10449,0.982756189776392
10450,0.987498450521206
10451,0.2314840368933592
10452,0.985590047818992
10453,0.7456670519644603
10454,0.27260117463729033
10455,0.01544933187096515
10456,0.011901289827909797
10457,0.007887868907065783
10458,0.939376117051458
10459,0.08549865680157119
10460,0.031039798364224453
10461,0.31552554219142115
10462,0.22003431838326803
10463,0.06904655251917446
10464,0.9550923839131825
10465,0.036477506715165676
10466,0.12063374644263376
10467,0.026937969040427622
10468,0.6705982495510369
10469,0.8455047314275924
10470,0.83122092778433
10471,0.018121149696638927
10472,0.6662773838066435
10473,0.10177146560363959
10474,0.23353934800405196
10475,0.026197789066056968
10476,0.08401672594147754
10477,0.9921117511374961
10478,0.8669413908690461
10479,0.05995410238982868
10480,0.9765341969741237
10481,0.9602877262364574
10482,0.2243351913698326
10483,0.08374675627520067
10484,0.969650907466534
10485,0.03579428756731884
10486,0.12256845118886572
10487,0.08854863065529565
10488,0.038069846642860054
10489,0.21982628580186145
10490,0.6706932555427901
10491,0.03895367827458147
10492,0.0026499405059302963
10493,0.9904684157698221
10494,0.1751362468394713
10495,0.980367356235795
10496,0.15968328401878293
10497,0.04426764143019318
10498,0.24132321856504746
10499,0.03920386832048425
10500,0.9884651095840132
10501,0.4052336920886684
10502,0.604375840544752
10503,0.9671739859483824
10504,0.20910670580105825
10505,0.02250624997048108
10506,0.36285381245636117
10507,0.14876827310870527
10508,0.04332591174347192
10509,0.05777484658520373
10510,0.8407919447553267
10511,0.23903716685000295
10512,0.03386557967068384
10513,0.08087159493330974
10514,0.8230700021090711
10515,0.009085206864970217
10516,0.7850374229786455
10517,0.04074897624488293
10518,0.2746822998742577
10519,0.8090567510285881
10520,0.9915162942533259
10521,0.31484740319595517
10522,0.008640140237890852
10523,0.016309479941412085
10524,0.9448961343016972
10525,0.6446392906295869
10526,0.2881666157569441
10527,0.4847615562126279
10528,0.8410839186186031
10529,0.9646214775416871
10530,0.07743482766645142
10531,0.03818737486313404
10532,0.047306808709258935
10533,0.0666806236021732
10534,0.08060982601817683
10535,0.33745612916826206
10536,0.9794377583808109
10537,0.08790809955955348
10538,0.022464123888698003
10539,0.0945893594151509
10540,0.7166908695903881
10541,0.9421799946087073
10542,0.09475892444239231
10543,0.9254667854447244
10544,0.7537401278086459
10545,0.951815034951962
10546,0.9983973326183961
10547,0.7550665210115367
10548,0.0208319532099336
10549,0.9787112681560738
10550,0.16194750526906754
10551,0.0071143395889107465
10552,0.011918518050360602
10553,0.04161807492761648
10554,0.8698764036195455
10555,0.09873398454623677
10556,0.21915077210926448
10557,0.04678539962894603
10558,0.8870239084894341
10559,0.8926472052219069
10560,0.05965618003818118
10561,0.002174686579518682
10562,0.18122596441955288
10563,0.8957780250012913
10564,0.7035152490301964
10565,0.008054531042435495
10566,0.4520644728911676
10567,0.02724044218823905
10568,0.06117444679476645
10569,0.11216248679934349
10570,0.41247532812351245
10571,0.07492830148652431
10572,0.1316681752101703
10573,0.31830376513497066
10574,0.9758056151344174
10575,0.005025917489294137
10576,0.011369837362977484
10577,0.9623338387707602
10578,0.8280045781191733
10579,0.07220528051108475
10580,0.004619929124439375
10581,0.023418582420047854
10582,0.9491933227082203
10583,0.966710039352062
10584,0.027486278461422323
10585,0.9565204080929997
10586,0.3764713300428249
10587,0.9481334918234837
10588,0.02075992661953864
10589,0.1649757985109931
10590,0.422071058521101
10591,0.008069612407437067
10592,0.7842939666440912
10593,0.03868677962589819
10594,0.03836862824182525
10595,0.004211687489467167
10596,0.15717578439850075
10597,0.9567119699155061
10598,0.1476127224706166
10599,0.09782498418871965
10600,0.17892316814189388
10601,0.7589763804085735
10602,0.07163078992693085
10603,0.9587871908018029
10604,0.0019982570777482994
10605,0.6776952387151196
10606,0.987137172041729
10607,0.011024663342301136
10608,0.04189357473536681
10609,0.11510919565883138
10610,0.07359451369929408
10611,0.954198703584401
10612,0.013490219720338483
10613,0.05736621151947354
10614,0.02394572407317885
10615,0.047543924962052474
10616,0.15958047714986517
10617,0.4041191850431016
10618,0.9325144877363073
10619,0.008968372810275217
10620,0.9376147150101065
10621,0.19180945484542797
10622,0.5278411544678514
10623,0.09476750765493569
10624,0.09425267485146833
10625,0.22690160243787502
10626,0.1232661616382106
10627,0.08321205607683735
10628,0.38509476132891657
10629,0.004628689554016667
10630,0.9836804881556506
10631,0.002705443031238139
10632,0.042220215909048654
10633,0.023930799152872276
10634,0.5853542483274915
10635,0.9180536554376122
10636,0.6873621462209588
10637,0.9979541556424616
10638,0.08909245744058614
10639,0.23361075604425907
10640,0.20008099426089418
10641,0.23960164511678306
10642,0.29185786444054534
10643,0.005374675795333968
10644,0.025476747793967015
10645,0.997438188677258
10646,0.00738082807760834
10647,0.007078892264388393
10648,0.003992589413521969
10649,0.9177798141440859
10650,0.2504227447153136
10651,0.13353545944599257
10652,0.9962998667376531
10653,0.28237482900115946
10654,0.8844126649726615
10655,0.17539791988315656
10656,0.9834045446821436
10657,0.1834093144600628
10658,0.2954889848989715
10659,0.02056125962603063
10660,0.0032070860386032873
10661,0.9706072852131845
10662,0.020618843169990356
10663,0.1747237879470339
10664,0.060887355124923916
10665,0.015334129181018582
10666,0.3461707530135331
10667,0.31300075837104635
10668,0.6258659620181763
10669,0.011941377489926389
10670,0.02404889644639543
10671,0.003303389716328953
10672,0.002335150346248245
10673,0.20118739647885056
10674,0.46237753913707147
10675,0.589711828990959
10676,0.03737490290422862
10677,0.985626978404515
10678,0.06759262188844777
10679,0.06663963212887906
10680,0.0035788915628198158
10681,0.4974295963184376
10682,0.03613597101974332
10683,0.45964295754081763
10684,0.032941868937226455
10685,0.9740216470386018
10686,0.9871061399964511
10687,0.023723707042231482
10688,0.021540767367912748
10689,0.8603019053644337
10690,0.006830823535957784
10691,0.36339630561508324
10692,0.9476009333620707
10693,0.8164741773188241
10694,0.01662502012151612
10695,0.5608649778499935
10696,0.07517414045974354
10697,0.011534673647611826
10698,0.8047064724093702
10699,0.9980592723759735
10700,0.9014907697694384
10701,0.1209031157891291
10702,0.009800325627051538
10703,0.9610628681506707
10704,0.45387668959182514
10705,0.9805771009395304
10706,0.7371423529272003
10707,0.9607550480760415
10708,0.0038062876675871177
10709,0.1548033602044737
10710,0.005622298637263439
10711,0.002570596725121318
10712,0.10260634630511155
10713,0.1292339546994857
10714,0.006382379502723101
10715,0.3130102183987166
10716,0.8449515375952092
10717,0.08128388890441297
10718,0.002113649563687097
10719,0.14725908185783168
10720,0.7798497436164992
10721,0.9798951641350236
10722,0.9668801828095773
10723,0.9400955630723052
10724,0.005318687988249579
10725,0.12443381581431816
10726,0.9246170685536591
10727,0.9905354560694352
10728,0.031510021355567436
10729,0.07041384989324445
10730,0.010375796259680077
10731,0.99673579118262
10732,0.09799248660843167
10733,0.05481847370816421
10734,0.15324783512945975
10735,0.976444827146712
10736,0.011817110100790174
10737,0.4162110262480643
10738,0.0034647527896024713
10739,0.8955290212897897
10740,0.24854960677731697
10741,0.1953223443890033
10742,0.7958495477375651
10743,0.009518393092689013
10744,0.8255239677110436
10745,0.18327371871661532
10746,0.6895071542340349
10747,0.009679776994318592
10748,0.9796437313103081
10749,0.9967034022381105
10750,0.8346994414858361
10751,0.014308372071961529
10752,0.05068482197037594
10753,0.17875364874739397
10754,0.1466684418263482
10755,0.01855218939851379
10756,0.1455848127303699
10757,0.7347666870955024
10758,0.45892981489064605
10759,0.073474648298908
10760,0.31828219751545306
10761,0.010367016364801647
10762,0.08496218910841195
10763,0.4968710112209726
10764,0.9582488537162384
10765,0.9195533629110942
10766,0.06755655643342516
10767,0.0806915855778385
10768,0.006004448726411829
10769,0.1677481605654775
10770,0.9886125396519865
10771,0.053932935717612485
10772,0.027890319792423252
10773,0.003472217575263664
10774,0.011933293105551654
10775,0.43441983390841604
10776,0.569809955374227
10777,0.03336288455979098
10778,0.07401726433664298
10779,0.8743405065949367
10780,0.005509241313423792
10781,0.09350837721822569
10782,0.004121822846016154
10783,0.7941346679522542
10784,0.09036713775537385
10785,0.3535583608480226
10786,0.9500743843158016
10787,0.09244975257209975
10788,0.017983055892468437
10789,0.9967493960078341
10790,0.41904460029317364
10791,0.05109899486950928
10792,0.007936281422397643
10793,0.7371125448419361
10794,0.2315951627721283
10795,0.680486411071553
10796,0.06986009979418357
10797,0.04877040868040578
10798,0.7554751549397567
10799,0.25955936998350376
10800,0.26967787764821577
10801,0.04300574676179145
10802,0.008306804929466094
10803,0.09062825670743835
10804,0.9908683502790486
10805,0.9068202759193126
10806,0.04469006170382037
10807,0.06293584357755483
10808,0.0438070956121713
10809,0.19202816541667053
10810,0.9443118953035539
10811,0.035070326627750524
10812,0.030161927146635643
10813,0.024574426563959976
10814,0.05105683260086221
10815,0.3776843273109068
10816,0.08648812158273315
10817,0.9730398353661148
10818,0.07421751147112138
10819,0.08500499871462132
10820,0.005154790775617152
10821,0.06820363853663847
10822,0.04024080135434844
10823,0.05509267247504962
10824,0.010411314478939645
10825,0.045483810108620217
10826,0.06290546548958265
10827,0.002375105356982653
10828,0.5076297200202929
10829,0.08275611469430753
10830,0.056131462740015035
10831,0.42708492131940695
10832,0.3082719264840797
10833,0.03681084889199166
10834,0.08800456842324868
10835,0.38765783998983255
10836,0.01530312922110122
10837,0.5340525041480606
10838,0.44923295104801747
10839,0.1943129617495433
10840,0.01335123279541056
10841,0.14003512241768848
10842,0.8609691246479175
10843,0.9645855235262308
10844,0.3471026337225247
10845,0.056663493896519666
10846,0.12347538612344004
10847,0.03576841801611172
10848,0.2762457027518227
10849,0.08056310566119086
10850,0.10496762223981372
10851,0.2477176211248057
10852,0.9139631103951041
10853,0.04087479679747364
10854,0.0015846708983878355
10855,0.013113661083992983
10856,0.12052575848965308
10857,0.045191881956746505
10858,0.1742219335389644
10859,0.9617524125141582
10860,0.28213122383680195
10861,0.06684270990641378
10862,0.09898841496428513
10863,0.10429825908645173
10864,0.909915281902212
10865,0.217055550594782
10866,0.0826338318729167
10867,0.05702127860671913
10868,0.025293431833235902
10869,0.9728650362445087
10870,0.29982622793227126
10871,0.016955920311766553
10872,0.07536502774316406
10873,0.06076522148921346
10874,0.9810532545138942
10875,0.15040306606854484
10876,0.08943414425197622
10877,0.04650037620024758
10878,0.004415279148670012
10879,0.9343181568376867
10880,0.03066701525048765
10881,0.9588244025940575
10882,0.8506487588498409
10883,0.6843218232965569
10884,0.9760670538381956
10885,0.006152858545296629
10886,0.8138445171575005
10887,0.040961905463022176
10888,0.9727771321007777
10889,0.14623034314437708
10890,0.8995713725026597
10891,0.016006602400249915
10892,0.004757075758453398
10893,0.9678575241035402
10894,0.9838341942432057
10895,0.9628002323109275
10896,0.11083067208811559
10897,0.026568709809291862
10898,0.014269539218062044
10899,0.007006855797926922
10900,0.01658884412738394
10901,0.38756699948292234
10902,0.05591768936928498
10903,0.1475110572058496
10904,0.014683422985590592
10905,0.49647212413489356
10906,0.1431853127197843
10907,0.05784737355240028
10908,0.7040795869474209
10909,0.010628994122133096
10910,0.9624912108768001
10911,0.9786421083365311
10912,0.011849113880204161
10913,0.8982108417182406
10914,0.9978392706009944
10915,0.8612164408458205
10916,0.9924130264464793
10917,0.15126642699133025
10918,0.3888484666061731
10919,0.1450151982503178
10920,0.9849931204502185
10921,0.9896180450346629
10922,0.9219036926757237
10923,0.8603563301919861
10924,0.5722795390254245
10925,0.14487687112346737
10926,0.5454183497842111
10927,0.03098986629769468
10928,0.4945833915620301
10929,0.9827402246075696
10930,0.46431747050160216
10931,0.12220661927627359
10932,0.015627057206176253
10933,0.18045923042446588
10934,0.21171907485702976
10935,0.965346074400942
10936,0.3270653398229317
10937,0.1612019036224236
10938,0.9690466805785326
10939,0.25105741407342647
10940,0.9131744117596252
10941,0.9936218047623008
10942,0.6107304446026237
10943,0.016282696279756818
10944,0.01666085555863977
10945,0.25966134935964097
10946,0.01805409705876163
10947,0.04028876259369812
10948,0.0038917779401073348
10949,0.018843742527206664
10950,0.011452000523730396
10951,0.924448207890254
10952,0.047972534317448336
10953,0.03278265264701429
10954,0.0719659000614427
10955,0.2029193332375242
10956,0.6659428162968805
10957,0.0030970803351820426
10958,0.029792590834239213
10959,0.0033804853910294093
10960,0.9582381809377729
10961,0.44656837652326614
10962,0.7299789782104794
10963,0.2757533139671909
10964,0.002046721813075986
10965,0.7450807779786328
10966,0.9470370031236511
10967,0.933763702087887
10968,0.20263557993670597
10969,0.14328506560272125
10970,0.0307743465271207
10971,0.14132866868218297
10972,0.5135718227416253
10973,0.6485847024541799
10974,0.2550343479559036
10975,0.5766895388818465
10976,0.12532286812476423
10977,0.9539650086726076
10978,0.14442017020238804
10979,0.0047029006347661965
10980,0.9333002478485389
10981,0.47556293568825775
10982,0.9887224450329833
10983,0.07582761254503798
10984,0.03632826531133953
10985,0.9290370353427827
10986,0.0508183557762606
10987,0.026139319023312197
10988,0.124405683923788
10989,0.059978851868617934
10990,0.056627566124891275
10991,0.05674356579555886
10992,0.01736821703154225
10993,0.04679771185950721
10994,0.003716413344522425
10995,0.1938425460657788
10996,0.3839266224310327
10997,0.03891742498967982
10998,0.03317748132953496
10999,0.061314426516163915
11000,0.029216247510579958
11001,0.011391276984729056
11002,0.3354215434563406
11003,0.436229605025539
11004,0.9830833089053183
11005,0.004478132111982089
11006,0.004302135308704238
11007,0.12224341647717045
11008,0.17849295602296486
11009,0.030160712728118533
11010,0.05303081019959182
11011,0.004009983735362928
11012,0.15818672800769987
11013,0.5284431693412004
11014,0.050763247254328875
11015,0.0993825632347423
11016,0.011204083113428048
11017,0.9471577889419351
11018,0.008068758902871767
11019,0.09959666924960037
11020,0.9148789543039518
11021,0.018090513376079274
11022,0.18260253493056208
11023,0.003844797327535387
11024,0.7458803644137353
11025,0.0927623604811597
11026,0.736002380910105
11027,0.26714621672304595
11028,0.8837495126303075
11029,0.025355719792490905
11030,0.020962620940349935
11031,0.012196297124804573
11032,0.936432944468966
11033,0.0489590300541718
11034,0.01650823376787071
11035,0.9339522300408714
11036,0.08940868341363413
11037,0.9893590413533683
11038,0.322840683909898
11039,0.9896239243163638
11040,0.010623784679845543
11041,0.053352611858428746
11042,0.9683819581743455
11043,0.06551487830546214
11044,0.19672628842740847
11045,0.9017941976683574
11046,0.018504171132297086
11047,0.5257281870215602
11048,0.030650529794141856
11049,0.007977255278371948
11050,0.7474122548180042
11051,0.3203657658445913
11052,0.38169902324558186
11053,0.521982744651213
11054,0.9877135918739719
11055,0.879925956442645
11056,0.11578133285654353
11057,0.05864513836560631
11058,0.08837780332599147
11059,0.05079640206451669
11060,0.31859529243252865
11061,0.625982376713092
11062,0.9705046014414136
11063,0.002842945196390135
11064,0.8849768036479885
11065,0.971037173310667
11066,0.05379612740678988
11067,0.0930602952099396
11068,0.9469278660293196
11069,0.9411482741064159
11070,0.0820968195605465
11071,0.026430364368242476
11072,0.9317759865320753
11073,0.058416087435356055
11074,0.9965449880358513
11075,0.040282012497798315
11076,0.10213017390179391
11077,0.0326657294712077
11078,0.5552546454088444
11079,0.02010923689026953
11080,0.003156465847676405
11081,0.024479386131523697
11082,0.9330622022734497
11083,0.07303138021218457
11084,0.022497947196815027
11085,0.09253272298776648
11086,0.2443437063832278
11087,0.0045879984119014386
11088,0.009241976327076832
11089,0.9869388721299289
11090,0.9814758815060053
11091,0.01606789125646785
11092,0.9557775338498472
11093,0.6951755271499742
11094,0.10671227550564737
11095,0.9484844017511894
11096,0.485259575122366
11097,0.059886640009313395
11098,0.12909949208826968
11099,0.9499397450114136
11100,0.0900832828069673
11101,0.2740152917819117
11102,0.030643418367580066
11103,0.9467123348834529
11104,0.0706218181743047
11105,0.10946194472958687
11106,0.968595042318368
11107,0.9835656606170606
11108,0.285837553643336
11109,0.974318716757984
11110,0.07112097726942206
11111,0.9640226495678906
11112,0.056224205370565467
11113,0.00295442806832466
11114,0.07467477562456473
11115,0.25488868514567603
11116,0.19080063656480442
11117,0.9683904019888084
11118,0.10750599844602733
11119,0.961231119171404
11120,0.006801852134207122
11121,0.07582891420150088
11122,0.008494738743495473
11123,0.9978911139736204
11124,0.8512001186781383
11125,0.9830695227448386
11126,0.07428821991779797
11127,0.08878669374755473
11128,0.9622146049443812
11129,0.018171590306779745
11130,0.06950109502561745
11131,0.9495978276884184
11132,0.07484179216185828
11133,0.47964347480841657
11134,0.07260059094624217
11135,0.9832151641760981
11136,0.23383235828630503
11137,0.012953887362953253
11138,0.9457125086098358
11139,0.026197280208534846
11140,0.9633157821408093
11141,0.028167241902720703
11142,0.1073646447601093
11143,0.9534051453245512
11144,0.01469530457137389
11145,0.1862649464603474
11146,0.9740416930741039
11147,0.016875893998296584
11148,0.9776428244425902
11149,0.06024637299249827
11150,0.8445953288233409
11151,0.10587239204811656
11152,0.019933902960239832
11153,0.8688540909749166
11154,0.026729321037381796
11155,0.2366478464027398
11156,0.03292616957564331
11157,0.39383237972741253
11158,0.9794094354176276
11159,0.013635605434231972
11160,0.9415032067082575
11161,0.9784653125325594
11162,0.2601821038785144
11163,0.8713067372071003
11164,0.042321048153993186
11165,0.3049110115995309
11166,0.11990474786432842
11167,0.028533831182947653
11168,0.9804201426359112
11169,0.3583440787852428
11170,0.02747302150158167
11171,0.88541879247749
11172,0.053674631890829584
11173,0.005009753583070121
11174,0.0915629171952055
11175,0.23998255500527924
11176,0.026537598569240716
11177,0.9625427085269617
11178,0.007005892328144203
11179,0.010440395505665737
11180,0.852967189720563
11181,0.20944688879333892
11182,0.9718155601843576
11183,0.6092259854995029
11184,0.00266855112457033
11185,0.8969176024226475
11186,0.043114552650840084
11187,0.990197044680342
11188,0.08074231000327682
11189,0.15963263071911749
11190,0.05528578935280256
11191,0.9952396391889788
11192,0.2503080344881999
11193,0.05476875309525495
11194,0.13264741188975174
11195,0.1599550008344173
11196,0.01747325570693266
11197,0.03719749016935253
11198,0.801870633221078
11199,0.8903212783592629
11200,0.2602671371408592
11201,0.008441438053831588
11202,0.00223163076197849
11203,0.09942083978938882
11204,0.004260273244276339
11205,0.03472722965771161
11206,0.008377099012737031
11207,0.15663995135478512
11208,0.01834273729763115
11209,0.9704840920239276
11210,0.06051376279210922
11211,0.07555856326519529
11212,0.06290561304448615
11213,0.005809372759006007
11214,0.7072330100324787
11215,0.07400309796191129
11216,0.11598861385632375
11217,0.23003898902100353
11218,0.1082834949722784
11219,0.9948164407988832
11220,0.0876021960914496
11221,0.2605420516325678
11222,0.20012829513430677
11223,0.002620682855238305
11224,0.04165845516500711
11225,0.9956389257583642
11226,0.011211834981366521
11227,0.12538679258859098
11228,0.44707726309809503
11229,0.10260979496162558
11230,0.0024071750823478058
11231,0.9852320927445151
