index,target
0,0.0849141620000467
1,0.8430534082178391
2,0.16096096524730194
3,0.17003806982583997
4,0.9806245788330252
5,0.0286750965121112
6,0.9252682053049283
7,0.3405396592320587
8,0.11738864191676861
9,0.9093932465415605
10,0.03687578600383855
11,0.01791286285822795
12,0.24268265819488233
13,0.6583425374375058
14,0.6058251684183547
15,0.5154263370264343
16,0.37407374537817856
17,0.8398591781361304
18,0.7939536895070689
19,0.9512983467133667
20,0.3221745032025061
21,0.7636839784982201
22,0.9607406027379938
23,0.3166746632132576
24,0.941399045761145
25,0.14321205766585532
26,0.11334578290543235
27,0.06467595135060135
28,0.069380717900227
29,0.00625770379187525
30,0.1375791806208914
31,0.02683624352573425
32,0.0383384821537668
33,0.6198438849282928
34,0.3004829264730391
35,0.3860704921803042
36,0.851949170927253
37,0.04327666812473445
38,0.19710718706912728
39,0.3375667453384546
40,0.2834141047140919
41,0.9139641218015035
42,0.027137293010982198
43,0.49340747046888234
44,0.8046221776837623
45,0.10247281438622005
46,0.765584701990258
47,0.32059898643857615
48,0.5517253086922353
49,0.2395746194896196
50,0.2669378778808553
51,0.03169815567348295
52,0.45242356910635173
53,0.0670823274191613
54,0.3011331058157951
55,0.1156932094075439
56,0.15810979838059244
57,0.922251203018923
58,0.14193551918162006
59,0.7798761917389312
60,0.36193278366998977
61,0.08625896377056626
62,0.8267367754188293
63,0.7545619187516395
64,0.41487216434685953
65,0.026718133930664748
66,0.2155615503386113
67,0.9344787134116064
68,0.974763269196106
69,0.5132680381385015
70,0.2379168676658475
71,0.5630964179937626
72,0.21005261876838435
73,0.2819839040321322
74,0.29511743990211425
75,0.07603096993331969
76,0.0028070511063974
77,0.029270955117982448
78,0.12640582537238937
79,0.7835692902302291
80,0.4336500308357195
81,0.4477704815603457
82,0.3032741932960556
83,0.30393496542099024
84,0.35806744514497896
85,0.6272223923168558
86,0.61837431985597
87,0.08224786424115271
88,0.30871674956304074
89,0.00599379068873025
90,0.7712327995730972
91,0.1729808975230088
92,0.1592425309652158
93,0.26869902472572177
94,0.30259022204352426
95,0.8339859265121958
96,0.5783281829349572
97,0.252768880208947
98,0.9547994107786166
99,0.4733468788217738
100,0.05873188135684775
101,0.275402540360259
102,0.19021471324632305
103,0.30980005081974815
104,0.5708467423997832
105,0.20848298250247374
106,0.8806387460265372
107,0.7481720845591643
108,0.4375434551841758
109,0.3400707601603694
110,0.8871190480275558
111,0.10633688932741645
112,0.2956801294361935
113,0.0700534320402756
114,0.1084413501347631
115,0.408685243879612
116,0.9482324535704512
117,0.43038333139890894
118,0.4729873081625765
119,0.981634910894693
120,0.9254021449616012
121,0.00675070025175175
122,0.5185862256863821
123,0.2603685503219007
124,0.40364656421792616
125,0.27998257915592983
126,0.17704138659653387
127,0.34785571111986247
128,0.2644733370378228
129,0.2503054193694991
130,0.02553486729875555
131,0.1357481336947218
132,0.9815409706279725
133,0.23837248861717433
134,0.9587643806418135
135,0.886050126015366
136,0.9725122458833702
137,0.9056797785599
138,0.7360823826934003
139,0.2708688243122602
140,0.08252079839982425
141,0.5883586043695492
142,0.0984993754673229
143,0.24625970606832404
144,0.01709427771452065
145,0.9577661277485462
146,0.7897729497506816
147,0.9240363851947744
148,0.9193137371479128
149,0.195210295502729
150,0.6459227937327017
151,0.240699810146602
152,0.2492851509898101
153,0.08474816302960819
154,0.19587190291883827
155,0.10772444538899491
156,0.6076283173717394
157,0.7131018221302206
158,0.18503557509067353
159,0.2048509541084532
160,0.03641865454134435
161,0.6664233276435969
162,0.16671930775533383
163,0.7568595098534014
164,0.2161280990804449
165,0.1769286926398125
166,0.34146544426036396
167,0.07293562659200875
168,0.9665275846859227
169,0.035398055228255045
170,0.14282761292804236
171,0.1556012995571324
172,0.34104580859332684
173,0.8773891799399136
174,0.07211081333278475
175,0.0689041609569448
176,0.9243341845953781
177,0.951276125213073
178,0.0161811139546356
179,0.8976095436740255
180,0.29646339411073835
181,0.18169649361703916
182,0.8176911344948214
183,0.355346874517001
184,0.8950313524841957
185,0.2072979407904897
186,0.6974426897225181
187,0.0364556445817465
188,0.35990402134980515
189,0.0929366123267131
190,0.0465869257460972
191,0.8696620342632781
192,0.20119787271230688
193,0.2074953744386204
194,0.3487688792119943
195,0.9685229171637022
196,0.1829973059131052
197,0.963218534030942
198,0.3327225060043223
199,0.4762154093182681
200,0.37168592613152607
201,0.10838650303928479
202,0.9318181721984284
203,0.03812269966974005
204,0.15071944839425613
205,0.08300322134230355
206,0.3144871006033012
207,0.8496724583059068
208,0.2107256548992124
209,0.9958004229445674
210,0.28694858080591457
211,0.018690318089339002
212,0.6778807310584372
213,0.0707807281074241
214,0.10225794285917926
215,0.43115030406351795
216,0.18640979295231064
217,0.6183814208591338
218,0.9380805762345572
219,0.6894860398010545
220,0.32377048002095976
221,0.1324265904960145
222,0.12692926501175195
223,0.126546962755723
224,0.4917378739921051
225,0.9787403079260102
226,0.8706815887915593
227,0.19854174625972815
228,0.858297060941654
229,0.008611176963009901
230,0.15285453919682795
231,0.9808169380414576
232,0.38531545684553997
233,0.10914642190335794
234,0.44465922733731583
235,0.19538369592799784
236,0.46348012420856755
237,0.671697772764315
238,0.23011255152610688
239,0.9707200708230299
240,0.16857875731579924
241,0.0639081307622603
242,0.42565731219354574
243,0.4412669326250426
244,0.8588208285044361
245,0.3609107204009113
246,0.34724960455331594
247,0.0382703435400563
248,0.7705699682188366
249,0.9951858679172592
250,0.3150306756622361
251,0.15874698725016534
252,0.18540076876830638
253,0.31975525254567316
254,0.3007449856853984
255,0.39188642040944266
256,0.5308432858873149
257,0.8328441351797522
258,0.0685255577734638
259,0.15458305828487082
260,0.36629755650770535
261,0.2481075183392377
262,0.9906154184379674
263,0.901946024923903
264,0.036989967737487146
265,0.29367635220539884
266,0.8042547039382546
267,0.34515569674595276
268,0.0180883840805563
269,0.00978733283850255
270,0.5316007211719349
271,0.5895674054939598
272,0.1908012381533761
273,0.0806972027518891
274,0.9990888684108085
275,0.9903354799419897
276,0.29141421643385657
277,0.1226294564327523
278,0.07925509770177196
279,0.18548933458732836
280,0.9154492245107156
281,0.9036277093600376
282,0.9307712545160256
283,0.06367337823841995
284,0.33477280817587934
285,0.303743467209875
286,0.0880957369343052
287,0.10631487971427805
288,0.9741132781391226
289,0.45339867359637
290,0.5443385851532518
291,0.9738872618325861
292,0.8642798031657027
293,0.9787201830317624
294,0.02653479619659495
295,0.2885519506240277
296,0.3561473655900023
297,0.26354045642381096
298,0.030584259464407848
299,0.9807022368377638
300,0.3273601333542305
301,0.8799363897553067
302,0.8192943226720806
303,0.19353096844539294
304,0.695727828121143
305,0.7898928494932391
306,0.26267953320536364
307,0.16913756153045653
308,0.5892441377670052
309,0.5463847547375535
310,0.9488724094961428
311,0.1790573418794208
312,0.5601230330058391
313,0.0586296993427476
314,0.6339401653025125
315,0.1457155489848439
316,0.9381065281446832
317,0.12133548722405095
318,0.01648374549634045
319,0.7370695703607661
320,0.41473355775791315
321,0.1842985430651532
322,0.0118169440968563
323,0.1526019807925046
324,0.3542356254864711
325,0.8544910972913082
326,0.20439430285232554
327,0.8575654376105826
328,0.0873874501861754
329,0.07010706069506
330,0.8416368100985164
331,0.07345382128112744
332,0.39931097100063506
333,0.18429526674187174
334,0.31791931873404167
335,0.45037445441787827
336,0.2090517684042852
337,0.9574586994372198
338,0.08803872286196304
339,0.19927953551214786
340,0.0135840551838339
341,0.9703557723675231
342,0.8377322956960931
343,0.3639834251770532
344,0.2439925936933955
345,0.9335139302784453
346,0.5853437725592325
347,0.24817857919622957
348,0.00973994825470865
349,0.5158867276369037
350,0.9930900456594014
351,0.17666538442131016
352,0.1675788818897439
353,0.25964488947752784
354,0.35220535141650244
355,0.3421813458017011
356,0.9281921435704952
357,0.1184819619865604
358,0.9411030298127265
359,0.3949260261926771
360,0.2877468594024906
361,0.6759131378883532
362,0.04885603637993245
363,0.21111269387754514
364,0.02746559361634805
365,0.7102469059567817
366,0.10149579018087534
367,0.5200703828538753
368,0.5388982621258528
369,0.935911805012094
370,0.6917793351055148
371,0.8516653433462429
372,0.12424166614361806
373,0.3455697301659678
374,0.15031140032352774
375,0.8185111353335128
376,0.30459206596383637
377,0.1365828304215399
378,0.1454370870702287
379,0.031945268400968105
380,0.2557817344437737
381,0.33807046051492107
382,0.9646032973339198
383,0.33420088887929367
384,0.29797793337366435
385,0.3686907966356227
386,0.15329103462016155
387,0.6367638077712463
388,0.27571124918108747
389,0.15099455358771655
390,0.7683665482842934
391,0.08456743077505309
392,0.0875831903395775
393,0.7597616998064457
394,0.9670054718370344
395,0.7726534541837158
396,0.9435171400411506
397,0.5077294588568941
398,0.34470083746983854
399,0.009177998245321551
400,0.1831642303399976
401,0.0196725597214063
402,0.051710714762259954
403,0.31899777282464414
404,0.07408499230318324
405,0.16969975649523994
406,0.9720566644611862
407,0.5892676673731645
408,0.11902077336688485
409,0.3710801141141315
410,0.26121203164536894
411,0.8286743688602302
412,0.3742386300867358
413,0.5896225252244401
414,0.27644566146336164
415,0.1911307634444119
416,0.9262015414763902
417,0.3829165372530767
418,0.25830082126020204
419,0.977081194704756
420,0.2813923333732244
421,0.0102645446020442
422,0.06506351410383784
423,0.7362218626795431
424,0.8959214906998074
425,0.08007840420154695
426,0.19492492046108137
427,0.03801767948152735
428,0.8387268026785137
429,0.9077082590703216
430,0.9880218335153543
431,0.28311827495025094
432,0.5303839633448885
433,0.19787268668239083
434,0.7250607953054871
435,0.1267371347542213
436,0.953623271420488
437,0.2039606143933804
438,0.2122603250520737
439,0.9767977877257836
440,0.7949824054488057
441,0.26024612756190857
442,0.14736887246623526
443,0.0462511166737638
444,0.40439448717172355
445,0.1187462463949108
446,0.9840341309399965
447,0.41949903792812226
448,0.0771446944195759
449,0.43650948508585713
450,0.28142610375302324
451,0.5418406637291862
452,0.8911443614050065
453,0.48575699383796134
454,0.28857381347767813
455,0.8901410836589707
456,0.839169657969798
457,0.17138272525865095
458,0.4608860835267064
459,0.5846073959604707
460,0.26110401436397457
461,0.5767780176211509
462,0.4729134440243106
463,0.9006974605268676
464,0.24186432555438414
465,0.9450867012484162
466,0.9263328116145164
467,0.084853782125199
468,0.8204109809051279
469,0.9343597078304202
470,0.31492418352020046
471,0.4783450356077467
472,0.9291618132525659
473,0.1071475035683588
474,0.14236331932374796
475,0.04767271514483195
476,0.10942134308953155
477,0.24226564841447254
478,0.2620088047080777
479,0.6734152583214359
480,0.08141853002729729
481,0.9785768404070054
482,0.31070487568379035
483,0.9468699171607722
484,0.9064738628028999
485,0.08800280131802064
486,0.1381323515631783
487,0.2712435335574649
488,0.0633683471578047
489,0.0891111368755807
490,0.2148590639510509
491,0.10352884993894661
492,0.026555641727180453
493,0.1717222896976886
494,0.4978349596164039
495,0.2647834930541599
496,0.09634251758172854
497,0.6773942593306925
498,0.4308962937459261
499,0.23490154547970774
500,0.949083505560778
501,0.24447738847737366
502,0.2738491255254492
503,0.4699250539023455
504,0.7626059886517997
505,0.39702929399697245
506,0.0723469598565515
507,0.977260643043004
508,0.7539891071036264
509,0.1745220658575034
510,0.2596411526148901
511,0.7110942263484245
512,0.09501009197523924
513,0.9587934368935243
514,0.9355215865772393
515,0.9242532446077549
516,0.9580076759597225
517,0.5792453824439499
518,0.32511213263754496
519,0.28734670654991107
520,0.7039725089995769
521,0.3101565928936273
522,0.8880768139138291
523,0.6626377639990277
524,0.29602606186508407
525,0.9188202441011657
526,0.5433926648832499
527,0.040459362895273396
528,0.4937706705499303
529,0.9777359139425056
530,0.04538818026436825
531,0.014950806718851701
532,0.12170023655913295
533,0.057971552751931145
534,0.05250052468261385
535,0.22190445419575014
536,0.18009640571393884
537,0.851850098330761
538,0.18851638830710016
539,0.9300895371183799
540,0.4846570817070789
541,0.17738208956793414
542,0.006437290697457999
543,0.5926212568587933
544,0.8626723941154154
545,0.057498015843670494
546,0.5413908270084443
547,0.01769741368437175
548,0.2193583787213703
549,0.1362352440187414
550,0.9455076268053834
551,0.71502376447705
552,0.4437309525276649
553,0.08097699138372541
554,0.24334063659169308
555,0.5699816586061627
556,0.09846999539945145
557,0.27772243994392476
558,0.7258786775480636
559,0.05765639497574805
560,0.2046521951751943
561,0.4862050841349317
562,0.9542902141911465
563,0.6057273283455455
564,0.015639135439096848
565,0.8758328475228141
566,0.27576951079417844
567,0.08601932505056091
568,0.5634768686177739
569,0.4505906095551041
570,0.2662398725563452
571,0.3180797504663189
572,0.7044936407178078
573,0.1258281626156606
574,0.5267332669767716
575,0.24381471119333384
576,0.9296796150104106
577,0.0350331423418812
578,0.1719531061920874
579,0.32540350875396906
580,0.30518372881246536
581,0.34460243237149113
582,0.0035931737454887
583,0.033499793516790145
584,0.008765545370570001
585,0.4461883355668269
586,0.7060645319466796
587,0.6764214997046709
588,0.04710443401377655
589,0.28616745756554857
590,0.3196881793418097
591,0.02942256697241485
592,0.23194547683690203
593,0.14561358469274963
594,0.23080609415638892
595,0.42631980732217345
596,0.20672506884251757
597,0.2499003969931315
598,0.4006032189843605
599,0.9212882084550249
600,0.10244025239345256
601,0.08370760059198716
602,0.11973913307718505
603,0.40356391231727745
604,0.8833321903550645
605,0.1482286315608754
606,0.15281738516708532
607,0.0231701370058307
608,0.0413640939938111
609,0.028813035158191398
610,0.2293092406043863
611,0.2704913753852789
612,0.07810059932136905
613,0.03435979837592145
614,0.30427937411691675
615,0.6038260366876206
616,0.08071990699220286
617,0.14321295276168014
618,0.02644908012739085
619,0.15031744971144873
620,0.07454340825884771
621,0.036617470238581244
622,0.5859463541465566
623,0.08285776251233905
624,0.2871882516975971
625,0.5893513302103127
626,0.7977354224780662
627,0.9715811832406699
628,0.04217435521002565
629,0.90083547309561
630,0.08703052428025206
631,0.254245086518757
632,0.6120883654926231
633,0.969257281417573
634,0.1234739377408677
635,0.6880523610617286
636,0.057599872670819854
637,0.02669182154062455
638,0.058528818464899955
639,0.9300902921031353
640,0.25558669655323746
641,0.7399654590506959
642,0.1462133057144463
643,0.153795357540975
644,0.9027346576432247
645,0.08028485049157265
646,0.10914537819296885
647,0.218537582244999
648,0.3666347417238378
649,0.6110440626299476
650,0.226888180451247
651,0.9426976472123259
652,0.9432922597185448
653,0.08287755177205955
654,0.17547827926530155
655,0.0097594807625577
656,0.3360176809434358
657,0.9218305442481843
658,0.6239355086250056
659,0.35399634365196575
660,0.06859902490951465
661,0.5664935258907602
662,0.2289478321172647
663,0.3677648976034428
664,0.6089016286952957
665,0.18159985568589415
666,0.14421329910543418
667,0.9399978686970745
668,0.41185285058908216
669,0.7143773945383871
670,0.14361975089883872
671,0.6135463339876919
672,0.22793920002652548
673,0.2548928283713878
674,0.9971281947451438
675,0.19201024674673625
676,0.1175407328429613
677,0.6383262725970744
678,0.21244937353617893
679,0.7662090928418845
680,0.35971687079695225
681,0.15496268929269605
682,0.9077358145475551
683,0.2959532844539108
684,0.4171057191387988
685,0.3757737589918164
686,0.24253759682593515
687,0.160173374293248
688,0.9472765886567022
689,0.26633053177579114
690,0.9327607501458284
691,0.2660570146897251
692,0.0099706000583402
693,0.8707967389350284
694,0.11315199245851465
695,0.8282720542175324
696,0.0810450596553897
697,0.5420443773074299
698,0.9892315641539983
699,0.0882862394174351
700,0.09210050089318846
701,0.306040884790369
702,0.0258682323401421
703,0.0068630242088080495
704,0.1357023651814742
705,0.1318201853596703
706,0.22963224169143806
707,0.5579227705356842
708,0.25880351820905695
709,0.12353914768905559
710,0.21894298610934215
711,0.22329574777917185
712,0.9937642081585913
713,0.19221424479021135
714,0.8703249977979577
715,0.23086224940315025
716,0.026647910442500797
717,0.33080141763845333
718,0.3120127401664716
719,0.06519588600545585
720,0.130355411397512
721,0.32352959342759013
722,0.5066218066109707
723,0.7552706526799099
724,0.8547053834512741
725,0.698157217043905
726,0.12657357689821636
727,0.9665464918362552
728,0.2283252866785062
729,0.3642531195145905
730,0.3666735192904244
731,0.047725468945724006
732,0.9755802942570645
733,0.9077595608895416
734,0.3936316894348371
735,0.16234186671124057
736,0.9257112025223126
737,0.13264024726846046
738,0.3711256809326529
739,0.6264511657892833
740,0.9838892774470881
741,0.7020765304696825
742,0.4317047183189525
743,0.39922997999990467
744,0.25029412919872474
745,0.09796230360722034
746,0.9106007630221253
747,0.8590769143749999
748,0.32184809387772595
749,0.7081637087185635
750,0.20974296573336784
751,0.3209576885017517
752,0.2294670649369836
753,0.37516786473146313
754,0.12982966569849136
755,0.17791750996609595
756,0.48783637758459575
757,0.22630317965858124
758,0.027968126090605398
759,0.11315891476211544
760,0.8471596474914171
761,0.2195901003735023
762,0.7890034870504528
763,0.10481919655585449
764,0.02223840825473265
765,0.95656811443285
766,0.40748643194768414
767,0.7828478393920635
768,0.4900853682576186
769,0.6027049969635523
770,0.41165017837923024
771,0.0992989901837244
772,0.9655862020201023
773,0.06482336587451396
774,0.4065967358222351
775,0.9897934108996533
776,0.479893991946319
777,0.052619469392912746
778,0.35967991904933966
779,0.6246750566547363
780,0.0473960390034496
781,0.06895533062470464
782,0.6671086559316256
783,0.14471079791853403
784,0.6699734659984392
785,0.959615008978213
786,0.7697361926363426
787,0.05151438402137675
788,0.889116641569794
789,0.1627040926027984
790,0.7987790111753669
791,0.14578875976020045
792,0.23469940597311167
793,0.18885767531475534
794,0.41810487083416187
795,0.3628908291197989
796,0.19831110289350026
797,0.0299687854045175
798,0.8165457531615934
799,0.46898358562177
800,0.5264091322522786
801,0.7772869370655893
802,0.052803290329482944
803,0.01185673484729
804,0.20777245479637224
805,0.2818221810310735
806,0.06409550314375385
807,0.16736289510596608
808,0.21948158839207838
809,0.45875812680075057
810,0.1944393656727394
811,0.2133431791676492
812,0.9604301751623274
813,0.4850761931022018
814,0.9165506957207641
815,0.07645620416765879
816,0.4958171550885528
817,0.90234533088584
818,0.5929746397939106
819,0.1262831075730211
820,0.9796871352917048
821,0.9954471614079308
822,0.3535919699999792
823,0.09152489159310205
824,0.48383627802482276
825,0.0022272662552136
826,0.4318289592933324
827,0.25026963011980297
828,0.13001564297062534
829,0.9748849009955542
830,0.808229217482318
831,0.11567049322231285
832,0.9793385064887884
833,0.5571662715753163
834,0.8831890788459917
835,0.00638391963320775
836,0.44632843247175114
837,0.5700616363364251
838,0.522396426476658
839,0.9881990228672402
840,0.24016720907041053
841,0.12855837413750745
842,0.32115138124266107
843,0.039274741941073596
844,0.8517647823282393
845,0.9924443583945695
846,0.9987487558959964
847,0.10241743434296631
848,0.02868725369848905
849,0.7291013379395588
850,0.5592153870195733
851,0.8334166163239574
852,0.2840183818061029
853,0.13129924744990173
854,0.9075531873976317
855,0.060577613022900705
856,0.8657595402802243
857,0.9627609501849568
858,0.0915901583752733
859,0.7504338550269716
860,0.0548518131216669
861,0.8714422279048428
862,0.46736936203275603
863,0.8667337713852826
864,0.0282334471715032
865,0.517941228986009
866,0.876939064735029
867,0.2438651775260795
868,0.3287749922394967
869,0.7330814655394697
870,0.13251334010781884
871,0.9975055495321064
872,0.1386815624704499
873,0.06862176200560499
874,0.9602851666931342
875,0.7950726560846473
876,0.10528444856696766
877,0.29971697826212673
878,0.2253170260874949
879,0.9130712807662815
880,0.1862367925406668
881,0.23350558229780174
882,0.8033787289514478
883,0.3771776336367697
884,0.14403344878517446
885,0.9543865931562783
886,0.12426868367972695
887,0.9342498679434144
888,0.15520319633887997
889,0.07851311263354739
890,0.3720126605092057
891,0.6354458368850802
892,0.3949244979201425
893,0.22067654510944695
894,0.6293283696510747
895,0.4403766735702658
896,0.8646836452441014
897,0.2900800522652427
898,0.01657567790484155
899,0.7439464871430064
900,0.33813447742422975
901,0.04316145977348755
902,0.5616140538014884
903,0.8456513105861039
904,0.1356311084849132
905,0.9272880855816338
906,0.259798121258236
907,0.049401826841564
908,0.9851415366888793
909,0.12444483608213676
910,0.15598907993718272
911,0.27191375699901604
912,0.14024731867231185
913,0.2386782582300609
914,0.1113878194551934
915,0.21734250905515715
916,0.38288012461955195
917,0.6039290950388643
918,0.24131428529048338
919,0.600989889444764
920,0.05112974673266025
921,0.09097006106108005
922,0.1509120842943332
923,0.9952788315412406
924,0.9311436206948047
925,0.8566671759188076
926,0.1853689272580905
927,0.24787542484440758
928,0.1312665839673115
929,0.669643987990679
930,0.4391525010202876
931,0.15415933643186294
932,0.9120568040178256
933,0.11761373164895375
934,0.13343284457421328
935,0.24199507754795413
936,0.9814826188150187
937,0.15464241984878926
938,0.16010450013013414
939,0.6334852860865643
940,0.1907025048930539
941,0.9537079036809788
942,0.9144859474315123
943,0.9905705652370278
944,0.5744426431251838
945,0.5373009963997532
946,0.19764031517097136
947,0.7313902817773271
948,0.14474986594629224
949,0.17907287502819294
950,0.9667354345305776
951,0.47334923688710046
952,0.48732456414877084
953,0.31417972670699723
954,0.16273705146856124
955,0.6100393868178888
956,0.9757361772426734
957,0.45507628622739627
958,0.12144218847370485
959,0.5813748009253816
960,0.0060499405165942
961,0.9211364681077421
962,0.1339247570401912
963,0.56763232057561
964,0.5047529888994249
965,0.15837214376297665
966,0.41346124375983484
967,0.0409010099070978
968,0.056322325897951095
969,0.022477730819924747
970,0.3180678244259101
971,0.3230125056635084
972,0.9952353789677699
973,0.2126619075196099
974,0.5792910951172328
975,0.0604646947544051
976,0.1074860326832986
977,0.851420674564808
978,0.22794165813849154
979,0.9880064661423988
980,0.9099362112782303
981,0.9609350271296728
982,0.5351853004250087
983,0.1735617836164432
984,0.9482067533968662
985,0.2071779901140424
986,0.876586043204622
987,0.3466434595908088
988,0.38853949273861305
989,0.8293603026422331
990,0.9143693780813487
991,0.26163311743387596
992,0.1654391246724785
993,0.18161183650230836
994,0.09351611635097219
995,0.9921003172296443
996,0.1314353727920209
997,0.21639999264125734
998,0.3606364191782393
999,0.8359804289094293
1000,0.8866502551599779
1001,0.9829070251748591
1002,0.04633232973331905
1003,0.049286472503285356
1004,0.6828892402110582
1005,0.8780032432895455
1006,0.9912331610435063
1007,0.5362011276562075
1008,0.16132259459171985
1009,0.43705344425465986
1010,0.13527052377921364
1011,0.28628230260406656
1012,0.18572799693166536
1013,0.468230521440054
1014,0.6228074914301527
1015,0.1745698244818328
1016,0.099535799242426
1017,0.6382386803219097
1018,0.8146173871835309
1019,0.0055601501860230995
1020,0.200516051479323
1021,0.943919823194214
1022,0.692038900882274
1023,0.8641567069108309
1024,0.0497944705093589
1025,0.05745449070789245
1026,0.0953682765672385
1027,0.2853599121530088
1028,0.14361170959896025
1029,0.28873462886780754
1030,0.010631045862153599
1031,0.35891016970903555
1032,0.48713326030395
1033,0.03985322518957695
1034,0.7185419816944867
1035,0.11795417526112581
1036,0.39150325999559094
1037,0.9584666176179586
1038,0.12691849871148714
1039,0.896727802576262
1040,0.5127591104477572
1041,0.16061729800989186
1042,0.160067354153329
1043,0.6773607666856503
1044,0.00500466657880465
1045,0.226839136094634
1046,0.0251139961615258
1047,0.4122025357070481
1048,0.7892207932968411
1049,0.8015492450121486
1050,0.02648802778192095
1051,0.33720421081347973
1052,0.21187367603130702
1053,0.9491254250584487
1054,0.5497833314380383
1055,0.2881392011700442
1056,0.42068833507086667
1057,0.3986815943677179
1058,0.00817747409634795
1059,0.909417355339224
1060,0.4610242124671732
1061,0.14446082945083566
1062,0.0272375216146802
1063,0.47645898151578514
1064,0.9055884062096835
1065,0.19042708066973185
1066,0.0921363646748754
1067,0.3997919169689751
1068,0.36988191511371704
1069,0.9722612346948873
1070,0.39509463787978805
1071,0.6529621816930875
1072,0.10324190206198075
1073,0.8708941187388777
1074,0.01957456105798365
1075,0.1171302552391183
1076,0.01855927455204285
1077,0.09434059305316711
1078,0.13223910885326284
1079,0.9394906024791014
1080,0.035827504325023754
1081,0.1673978286143649
1082,0.8246388212227167
1083,0.2280466870606813
1084,0.8867326653421042
1085,0.6391394314696506
1086,0.7735805424381699
1087,0.6424308887440056
1088,0.0068950761756043505
1089,0.8731994345710214
1090,0.1810515194930641
1091,0.9460060189722088
1092,0.2124795832868101
1093,0.28937404330624406
1094,0.9961342556011057
1095,0.807691231970084
1096,0.21248579215525104
1097,0.7716855573565997
1098,0.11483920527140215
1099,0.49853372719339595
1100,0.3291349157121526
1101,0.14013945553404575
1102,0.29928183355936494
1103,0.3728327846450475
1104,0.19000095808126694
1105,0.3388319706585772
1106,0.36711929068060795
1107,0.21314920725378414
1108,0.17389269090447695
1109,0.5184339164733471
1110,0.8050504943042661
1111,0.052173814751531954
1112,0.11231808987484715
1113,0.6593359805111293
1114,0.533190274153013
1115,0.3638921427190688
1116,0.29517035099127426
1117,0.7310335817612816
1118,0.3440033320170449
1119,0.08885132952544635
1120,0.11708971240684445
1121,0.1820203844838457
1122,0.17757843071043064
1123,0.6048096635630057
1124,0.15827245871342335
1125,0.3676009551729154
1126,0.9379605425079064
1127,0.5109756937027596
1128,0.10764216611614735
1129,0.23732057081800562
1130,0.0580572040343652
1131,0.1134385306995965
1132,0.066288951090659
1133,0.0197591248649869
1134,0.992939498759033
1135,0.09052824852203789
1136,0.1093976869075827
1137,0.0135197569295477
1138,0.8888123583112677
1139,0.3534265977005197
1140,0.7001261350010622
1141,0.9623162340728224
1142,0.030522574586369353
1143,0.3018224752355101
1144,0.8843512921928716
1145,0.9217983163238992
1146,0.9978705199383342
1147,0.24897273347295365
1148,0.0201819865147304
1149,0.48821881576290865
1150,0.956477105134306
1151,0.00807375669363405
1152,0.38451768353922194
1153,0.979215043620874
1154,0.43803904837581253
1155,0.0934246148820653
1156,0.4311698975382493
1157,0.6609466485850013
1158,0.6416909727439605
1159,0.8550353035557603
1160,0.1125286352468905
1161,0.07020823103532084
1162,0.5056799608880839
1163,0.0288524941351987
1164,0.3925053857024463
1165,0.1090147563052655
1166,0.5694571993254676
1167,0.9055411230496632
1168,0.9577760022445179
1169,0.8021695173104908
1170,0.0284138353487821
1171,0.10933222019372135
1172,0.9164250531520598
1173,0.20871870803575
1174,0.15599573194041838
1175,0.4555050742223243
1176,0.1919156497497015
1177,0.01844433563185105
1178,0.05579013825089295
1179,0.05818974282072255
1180,0.931709501338329
1181,0.22417064903662295
1182,0.10788591647964585
1183,0.1744920263953371
1184,0.7389239214812326
1185,0.1961234142369273
1186,0.8403545744651597
1187,0.0981753875565943
1188,0.024789274163946898
1189,0.3275846885940049
1190,0.2745303373963229
1191,0.2916906271007073
1192,0.9411890149736308
1193,0.27842045774531315
1194,0.21936992493345925
1195,0.0422637547438028
1196,0.4108217023288073
1197,0.8254375606926161
1198,0.30889260517194206
1199,0.947635282252999
1200,0.6299151747192455
1201,0.27867116761042166
1202,0.5186604582471803
1203,0.1371562228274154
1204,0.7176002234511878
1205,0.12840280351566954
1206,0.7470285604377103
1207,0.1364917630674497
1208,0.37158458645852516
1209,0.2668344547890576
1210,0.8891125913109215
1211,0.6806304291680172
1212,0.06212398782301945
1213,0.060683820382137904
1214,0.0951853476827498
1215,0.1470136696224801
1216,0.08489701651926669
1217,0.5769521993939958
1218,0.27430751340230186
1219,0.0831869135602421
1220,0.8618124663579376
1221,0.28893913599265225
1222,0.6128707824480093
1223,0.19068578882081935
1224,0.4256604473783958
1225,0.8022766696113364
1226,0.3314593212191427
1227,0.975276811056529
1228,0.2789996192463654
1229,0.7688008701697298
1230,0.03728170277369315
1231,0.919923664448761
1232,0.6505194528713427
1233,0.1186500016260036
1234,0.16582941838185755
1235,0.8370681062053724
1236,0.5794615497865266
1237,0.42800989062573025
1238,0.25176649817069796
1239,0.5745629554841358
1240,0.6454493630129505
1241,0.18057708611201922
1242,0.0459263774801278
1243,0.3912322535881912
1244,0.5133664040331358
1245,0.153683428187265
1246,0.0150415820428788
1247,0.11051711359667031
1248,0.32892037559561504
1249,0.9824036978811523
1250,0.3881038211170765
1251,0.0925148684800491
1252,0.8755971763869401
1253,0.9475594973994657
1254,0.9929370266433573
1255,0.7728921741541755
1256,0.23720567902933315
1257,0.9345739905187933
1258,0.04525855770091805
1259,0.9953899833893529
1260,0.6156546497330868
1261,0.28151093691662876
1262,0.01427983954368885
1263,0.04122586960902575
1264,0.19176484170124505
1265,0.9754744116414675
1266,0.05442690655595035
1267,0.946669420163024
1268,0.25313919643647903
1269,0.13107362464401656
1270,0.5913575779798129
1271,0.11488315154561225
1272,0.21072680441057082
1273,0.5873143449661231
1274,0.8945351602407363
1275,0.451349134783352
1276,0.1515144175304044
1277,0.3576307365138184
1278,0.45188239943100106
1279,0.051819115800725846
1280,0.9131469750317731
1281,0.1106626588636731
1282,0.873864576678381
1283,0.15193361843805345
1284,0.2517456151388219
1285,0.633847055912901
1286,0.41664168826748105
1287,0.5607467877302386
1288,0.49138574238953214
1289,0.0038091502998
1290,0.5338276700709874
1291,0.2734629873208051
1292,0.30876796735808176
1293,0.16251520185940319
1294,0.36069426563606327
1295,0.5282210888092231
1296,0.7383383246039479
1297,0.1804215240637829
1298,0.1054716638796625
1299,0.072641750880046
1300,0.45127161932100246
1301,0.22952384538656265
1302,0.21481151580129615
1303,0.9298568875814077
1304,0.20217712033816815
1305,0.989176020239819
1306,0.40822664308889667
1307,0.06293742771986685
1308,0.044972794882051
1309,0.9742723205164123
1310,0.25286741634429694
1311,0.15693794110949774
1312,0.6827376641353874
1313,0.020501152681191948
1314,0.9106104584796664
1315,0.1194780048495463
1316,0.23294637468172605
1317,0.5308972747257409
1318,0.3957171905097702
1319,0.31514625175693356
1320,0.4883543753057561
1321,0.9443428125157867
1322,0.04345993253789955
1323,0.16647283793192375
1324,0.15447729210776404
1325,0.08480621000318685
1326,0.9410683103666868
1327,0.8571478943737085
1328,0.06249479689625525
1329,0.5307283802561902
1330,0.9392635765600996
1331,0.43056481485562537
1332,0.25728471663842467
1333,0.11691775801343039
1334,0.823273839711302
1335,0.4443847402685982
1336,0.04471984298131845
1337,0.05641447067355515
1338,0.0498292977761291
1339,0.20940402155561935
1340,0.5903610201397398
1341,0.8847478872048837
1342,0.9060793135375285
1343,0.5258313963342053
1344,0.5006632011654175
1345,0.17639802285662753
1346,0.9956383657396493
1347,0.8043904188303657
1348,0.24933459814165573
1349,0.05844258252720695
1350,0.3556058019369217
1351,0.23181832223078475
1352,0.45407873742814125
1353,0.08034746823074515
1354,0.2389212919963443
1355,0.967987674934935
1356,0.11304993973130814
1357,0.6834499680300076
1358,0.39836802427594487
1359,0.24153701519867177
1360,0.9325404963538937
1361,0.33099786180583424
1362,0.8844852248588166
1363,0.8544206545608196
1364,0.11582564683768536
1365,0.9270127756578532
1366,0.19511089662187162
1367,0.8910535029274974
1368,0.8249075451354115
1369,0.43339779483534896
1370,0.6055316783919105
1371,0.5131008027154242
1372,0.13565042994139984
1373,0.42823695702447273
1374,0.1250138009318309
1375,0.9070518248472765
1376,0.30572355966221815
1377,0.9982011932380646
1378,0.18970037442973994
1379,0.0487313459689285
1380,0.8723812219739351
1381,0.8191086475740413
1382,0.005092546392058151
1383,0.9764505549732974
1384,0.09814744655162419
1385,0.5838835165309928
1386,0.7673382798573352
1387,0.9264714376613755
1388,0.8634709372499488
1389,0.9950647618096018
1390,0.04146922085502075
1391,0.9624673135550497
1392,0.5676440073485143
1393,0.7542129390727841
1394,0.0331786471470899
1395,0.6721232635030732
1396,0.2339821007819286
1397,0.16172400235689416
1398,0.10972087396213884
1399,0.9862802745460185
1400,0.15527543077656936
1401,0.058381621376799746
1402,0.023413236729772552
1403,0.5707280008463492
1404,0.0667215547111427
1405,0.28292289437248225
1406,0.1484182392191688
1407,0.34184531650862365
1408,0.08459699715122294
1409,0.02460795065380425
1410,0.06557198168903595
1411,0.21683373764498626
1412,0.7293370612194727
1413,0.8666077080698318
1414,0.0777003499340664
1415,0.3997346225359833
1416,0.9584989659358227
1417,0.34559649947333765
1418,0.3632548594674862
1419,0.6141422622384538
1420,0.46750398715998376
1421,0.9443018182496787
1422,0.17988589241748898
1423,0.02401994030907655
1424,0.05540687088875855
1425,0.09470917521509256
1426,0.13486516118424918
1427,0.041893274494968
1428,0.15696876972406323
1429,0.0713482724644179
1430,0.33467092222810757
1431,0.7322988061241714
1432,0.2166159182466435
1433,0.7633007924794242
1434,0.7312367515353795
1435,0.04355208515059555
1436,0.01454019483877605
1437,0.9340611775334808
1438,0.07338913863471655
1439,0.9421217470789582
1440,0.08083944103270195
1441,0.157893710117665
1442,0.6966238387070083
1443,0.13984403247113983
1444,0.2804632436386326
1445,0.7628448135983708
1446,0.8454080677139616
1447,0.2480310238798041
1448,0.2689012875157084
1449,0.8210814944769828
1450,0.37833049023204507
1451,0.025985398832298702
1452,0.40529892443431814
1453,0.9495327344536466
1454,0.9702426505360154
1455,0.23997166125406125
1456,0.21127348649262645
1457,0.2213017548763178
1458,0.9354717252779468
1459,0.9375152316011465
1460,0.08461157243710594
1461,0.18561658718369028
1462,0.1981167547999851
1463,0.8963170550522629
1464,0.3721855631103558
1465,0.1206941603377391
1466,0.745925505443229
1467,0.4913643129873101
1468,0.9263557900270005
1469,0.9779478663304761
1470,0.9654989239885408
1471,0.33435999258551136
1472,0.46249553013710154
1473,0.9754851005778598
1474,0.4087578094939375
1475,0.38310884499833575
1476,0.9566930613438562
1477,0.7329406460748311
1478,0.38278175262401565
1479,0.19697491421932625
1480,0.44098168893500306
1481,0.07001992237167334
1482,0.9265071157151588
1483,0.1915025260216971
1484,0.2313442944061285
1485,0.13780430068420957
1486,0.2763364935567751
1487,0.4524104319431124
1488,0.39231208184942756
1489,0.2124454801765986
1490,0.8082055392269227
1491,0.0233094337664283
1492,0.9649079973677004
1493,0.9894457042789712
1494,0.988660958260764
1495,0.27295316667152886
1496,0.6686259240077459
1497,0.1348608905575067
1498,0.7817057458899972
1499,0.8224508481586463
1500,0.20670109551444898
1501,0.1929774539616103
1502,0.31207707185493144
1503,0.24704290989867844
1504,0.152507091461553
1505,0.4499934954685555
1506,0.31773216239367047
1507,0.8762631766932575
1508,0.16208400116350996
1509,0.062677654492344
1510,0.29842684209103654
1511,0.6537318573790549
1512,0.20413517388835253
1513,0.5544898522342484
1514,0.8126872362776749
1515,0.1238289565522876
1516,0.2717649036490499
1517,0.02027666164111015
1518,0.5109086515080801
1519,0.2268916640897257
1520,0.07218588732262135
1521,0.061101312639862695
1522,0.17326981755123202
1523,0.1233069333987855
1524,0.8726089471870313
1525,0.060236203692333345
1526,0.06657992491023175
1527,0.7337204560031187
1528,0.1065356755259285
1529,0.9196405236525071
1530,0.12991540269456445
1531,0.44792086260334385
1532,0.9054898768978412
1533,0.2785867672716104
1534,0.11850179410762396
1535,0.04219048077776565
1536,0.25247135070773424
1537,0.6362730139561499
1538,0.3408813407804767
1539,0.636173045181032
1540,0.907347131374093
1541,0.7976425993580638
1542,0.3350302765153609
1543,0.021903909211932103
1544,0.18474702897617581
1545,0.27632492287534227
1546,0.775729769338619
1547,0.6871386388629785
1548,0.15736203640561333
1549,0.8641513920292316
1550,0.7114848305038752
1551,0.27206095717623263
1552,0.02460066420148155
1553,0.7823332488466213
1554,0.14202408885442835
1555,0.075262037149826
1556,0.03034854630809065
1557,0.1996540372914154
1558,0.07495813356396665
1559,0.365346547513706
1560,0.1346940319600066
1561,0.17146568529458645
1562,0.4231492889508996
1563,0.47404413467113216
1564,0.38873649331499927
1565,0.0936380472982197
1566,0.0189331062130645
1567,0.34356217150679097
1568,0.6646585776672883
1569,0.4007597340349359
1570,0.1905827420751801
1571,0.5476814808075723
1572,0.40590948028784185
1573,0.5884949284355125
1574,0.4522230121922627
1575,0.1670910051793699
1576,0.8632879645187574
1577,0.24699724035082016
1578,0.027788545331002352
1579,0.6402739000038951
1580,0.945568086362355
1581,0.9537077480140181
1582,0.31052364393452914
1583,0.0923038621479271
1584,0.2612465619640056
1585,0.9441694402901628
1586,0.1354112686648857
1587,0.061881138526332195
1588,0.9250568543406457
1589,0.9014095688204211
1590,0.19815779014699655
1591,0.1067415783023058
1592,0.1028187739174497
1593,0.31244264326807053
1594,0.0319248290865906
1595,0.48034826654367413
1596,0.3650574543921976
1597,0.8645296172362918
1598,0.6109352364657712
1599,0.2643940421173646
1600,0.2719801681645631
1601,0.36811472879961205
1602,0.4459976821131899
1603,0.8719775856408485
1604,0.832814255286779
1605,0.963564912962381
1606,0.09097038480752026
1607,0.12987704331348585
1608,0.1979018440613147
1609,0.7823917415310163
1610,0.8681081323771282
1611,0.7975817487207892
1612,0.24296718249233823
1613,0.2317733634631876
1614,0.18509305149738856
1615,0.9325008785135929
1616,0.30491239782253965
1617,0.01365788777920215
1618,0.1422555609089384
1619,0.21811218728465095
1620,0.25415264269785914
1621,0.8785546558524535
1622,0.24877387111497795
1623,0.30268134281831255
1624,0.9535601282923323
1625,0.02341692336833665
1626,0.07714115628147275
1627,0.4465770359455027
1628,0.9822534968361981
1629,0.19007491160158255
1630,0.18401839378777485
1631,0.07220316115896094
1632,0.2075302961269931
1633,0.8299376412730124
1634,0.6342723241664061
1635,0.1108571875035365
1636,0.2990487925141447
1637,0.4270086003869976
1638,0.9935248819339981
1639,0.229945901291472
1640,0.36676827318328364
1641,0.17728636515311216
1642,0.23599528880345477
1643,0.16355885648145593
1644,0.32145700193504334
1645,0.0413806960408396
1646,0.1551409747846425
1647,0.3872350025275617
1648,0.0472173410581277
1649,0.073585812738718
1650,0.37431026194111994
1651,0.29300136623359607
1652,0.3059177163661722
1653,0.09144942265012529
1654,0.2181190291949591
1655,0.38822587333324443
1656,0.5908694496783571
1657,0.3932769917739494
1658,0.38365987990986666
1659,0.34075178610073875
1660,0.03207163880772115
1661,0.6921681335996521
1662,0.3436825697030369
1663,0.3674056291053862
1664,0.0364534087130845
1665,0.6929892627261862
1666,0.5218683200604826
1667,0.9132805080833175
1668,0.15322481219450598
1669,0.1281230860944654
1670,0.0763350817701252
1671,0.30890512031214457
1672,0.29481459939742766
1673,0.0319863192290953
1674,0.9670011305866948
1675,0.09002415247687695
1676,0.024839600435714648
1677,0.6589524795577908
1678,0.34105142597453564
1679,0.18498077735358245
1680,0.35124908236089847
1681,0.2721437007308824
1682,0.0036498710041907
1683,0.10589919016408539
1684,0.0179253120093665
1685,0.28851198184346166
1686,0.24769038259538184
1687,0.3186625952853267
1688,0.2587814244068233
1689,0.9957497990611679
1690,0.4878723111585439
1691,0.9134229907665795
1692,0.9705992081934691
1693,0.970720505732019
1694,0.6950425183889657
1695,0.8788102097888558
1696,0.9144698864942857
1697,0.1625978225256138
1698,0.41615566247925656
1699,0.6681379591175152
1700,0.41568067796209485
1701,0.07531425810611116
1702,0.11992437428189161
1703,0.994468692375329
1704,0.0461872479933692
1705,0.5712928037035051
1706,0.2359197271060034
1707,0.4188877964437921
1708,0.0690332099739427
1709,0.919554821023979
1710,0.0092762977140029
1711,0.26085097749793096
1712,0.15037580226836075
1713,0.3727007343801427
1714,0.40148637363178874
1715,0.0097530637981942
1716,0.076007765374524
1717,0.4122356866914151
1718,0.20758466767227346
1719,0.36358980706786226
1720,0.009413921400628501
1721,0.1585437439181118
1722,0.1409813090947192
1723,0.8439708080400181
1724,0.0220398337392811
1725,0.22773012641800816
1726,0.08321312451093155
1727,0.5171767884285826
1728,0.5213753164273918
1729,0.0748218590189514
1730,0.9777747585815854
1731,0.5006781017456827
1732,0.05986509186826085
1733,0.9742805558477203
1734,0.9603768766851202
1735,0.258921492007298
1736,0.21934864111713345
1737,0.9960333431982555
1738,0.42304623232010974
1739,0.8104168772298452
1740,0.0773576946489027
1741,0.946625311397724
1742,0.06292556163001514
1743,0.18663613103029525
1744,0.0772772267873182
1745,0.3020442044775558
1746,0.2601104150719813
1747,0.02445085463762105
1748,0.14523654281571685
1749,0.9622011629436
1750,0.19183964636961326
1751,0.01455333516339315
1752,0.8408724040916092
1753,0.3898304083822944
1754,0.5380624904279844
1755,0.907644024550021
1756,0.7751728530021034
1757,0.114563125027556
1758,0.3087071902847412
1759,0.0740077283911139
1760,0.7125668141166244
1761,0.0857208130126827
1762,0.8508452170114174
1763,0.41798625192181743
1764,0.2232511473219294
1765,0.24310802255532027
1766,0.13161434635067076
1767,0.8546839470417076
1768,0.9726490726579007
1769,0.01801425577873065
1770,0.1531429472732165
1771,0.7308196171204295
1772,0.8700586360695057
1773,0.9914740628017409
1774,0.6779803196472199
1775,0.8880345100255169
1776,0.7740358476117947
1777,0.009279612446349849
1778,0.21295678936567894
1779,0.5448880401899858
1780,0.03497626462395125
1781,0.9643202657373933
1782,0.10261658544422969
1783,0.8112767152931495
1784,0.40368331119096396
1785,0.08085444721484225
1786,0.6269702174176013
1787,0.757739996682636
1788,0.0899613385514777
1789,0.10692397795333214
1790,0.11660502714670551
1791,0.07932749012508976
1792,0.43124561640868586
1793,0.26350627770011703
1794,0.0242419726524498
1795,0.18486234887088265
1796,0.3566160330044953
1797,0.49695273472701884
1798,0.17369762881160855
1799,0.0758312975286558
1800,0.14385054930933666
1801,0.11670698717189655
1802,0.37020462986638386
1803,0.6275344126523315
1804,0.00134511094971365
1805,0.2976985906213039
1806,0.7028634811259142
1807,0.064139925955029
1808,0.25109016470463813
1809,0.1343662308386885
1810,0.09069965786407255
1811,0.09554066214901694
1812,0.399507128854217
1813,0.21510490203380966
1814,0.4296654493325218
1815,0.2237268892954525
1816,0.23044535966488428
1817,0.47363515818870866
1818,0.14785260443669265
1819,0.17503136806470063
1820,0.9599195342946254
1821,0.07521109277662165
1822,0.3862619339697844
1823,0.4713600907556269
1824,0.13504810853384785
1825,0.9680468439964209
1826,0.09384730536331154
1827,0.9679052653422436
1828,0.039248438567928354
1829,0.31757554140825
1830,0.48865395291734515
1831,0.20900948384073925
1832,0.1888633271565853
1833,0.9753071322575936
1834,0.25568422545210573
1835,0.08837837652300025
1836,0.1071229387559904
1837,0.12591685074254141
1838,0.10734145069718645
1839,0.11830130280508361
1840,0.21397237562461707
1841,0.9513718425066849
1842,0.27517959362365985
1843,0.4076708157282134
1844,0.06462848218351826
1845,0.9452272727749749
1846,0.25469221509355877
1847,0.16487852741599066
1848,0.8618887887350846
1849,0.5313322259799278
1850,0.29105047724985156
1851,0.1975691567777663
1852,0.249587875661221
1853,0.1949894809335126
1854,0.23786592385828031
1855,0.0784588244007654
1856,0.9012661947098062
1857,0.08268748882164526
1858,0.15061950053888162
1859,0.35226059520223707
1860,0.28980824966734303
1861,0.08774815413002615
1862,0.3670490738380438
1863,0.03646294536624725
1864,0.8041718237071517
1865,0.04447653424928985
1866,0.21841180413856884
1867,0.20794142602788365
1868,0.5497709268578991
1869,0.9764210700774567
1870,0.21273425391516154
1871,0.5032336339739243
1872,0.2926390760100688
1873,0.11921681087184391
1874,0.6629151324894177
1875,0.47914189892496095
1876,0.14952786132156587
1877,0.07209626789317826
1878,0.05870669470705795
1879,0.26528304083253373
1880,0.28881819100191214
1881,0.32354567508619075
1882,0.04194835456646405
1883,0.986395115428746
1884,0.9428266663912264
1885,0.01873183300446965
1886,0.48702181600029987
1887,0.49116451584624743
1888,0.20078532792754206
1889,0.0137730768781903
1890,0.05179608101868
1891,0.5077543057657921
1892,0.78666622695106
1893,0.8733181994642002
1894,0.27135730913240713
1895,0.1108299696894902
1896,0.9130819843745768
1897,0.009062682031190549
1898,0.8516839442903914
1899,0.12832321536831554
1900,0.2294679237221242
1901,0.4410036135232152
1902,0.31942105609269966
1903,0.163439703263238
1904,0.24261947856215538
1905,0.14637161024379566
1906,0.9986878508118338
1907,0.2025166861797922
1908,0.0322687208550997
1909,0.4053035928047183
1910,0.9664613409079219
1911,0.20539924616428357
1912,0.19989950461260986
1913,0.7606527696807819
1914,0.25929843743566305
1915,0.9511582038166705
1916,0.2570604887854746
1917,0.9708086284657792
1918,0.6439787402142532
1919,0.38454520305481665
1920,0.38890208922660685
1921,0.9309219526488024
1922,0.41080709285716877
1923,0.0340777338466942
1924,0.8412715109189113
1925,0.37721439329314355
1926,0.9134272542729792
1927,0.9290122496175903
1928,0.5579387528156136
1929,0.43541721109482223
1930,0.9017431880065687
1931,0.10069796717591155
1932,0.2162878536794269
1933,0.3325211555455422
1934,0.4474639249584107
1935,0.9563703847486904
1936,0.3244179522191628
1937,0.12779598634258196
1938,0.1985913801126493
1939,0.1571221504093902
1940,0.5877785211509343
1941,0.0507395576194331
1942,0.8744354025314498
1943,0.5500821559744975
1944,0.05772535435239985
1945,0.01340655703196305
1946,0.4632708857708383
1947,0.24332417290081174
1948,0.5588373988077137
1949,0.04312840525738515
1950,0.5321466688827875
1951,0.916696146243105
1952,0.9079236647748814
1953,0.38918991712849316
1954,0.21872973677513774
1955,0.1062508625036843
1956,0.14774594746418204
1957,0.8644397628049947
1958,0.4324352717076172
1959,0.23246648869088204
1960,0.19657720862452996
1961,0.38705986521737884
1962,0.3696055002896324
1963,0.3327848589157806
1964,0.32109597058855455
1965,0.23922491583470656
1966,0.9547580596687063
1967,0.15242104217515795
1968,0.154448117086616
1969,0.3528430108999076
1970,0.343877522714334
1971,0.9594676633978131
1972,0.7375049949198349
1973,0.19459191263989115
1974,0.8687135019060355
1975,0.7284016738297168
1976,0.10327807544813536
1977,0.9656439125717962
1978,0.15550190800682054
1979,0.9947246991368321
1980,0.9265532444648704
1981,0.6368639070253719
1982,0.40619756196082646
1983,0.18854604621321086
1984,0.5203112706706432
1985,0.21476798925387436
1986,0.3381064586864022
1987,0.5910187614844506
1988,0.01639428950755365
1989,0.21238212495351694
1990,0.4769077787351984
1991,0.945196172540699
1992,0.2964667245862847
1993,0.04468811566004545
1994,0.8881015658527365
1995,0.5798429606363915
1996,0.5154564013951618
1997,0.6023393938952328
1998,0.6410806834177825
1999,0.8925563301093329
2000,0.34321741155654706
2001,0.15776487086084642
2002,0.2085429580062293
2003,0.9606385409046294
2004,0.1502946634911041
2005,0.1508398203663071
2006,0.9545882191552069
2007,0.20022145551004683
2008,0.40873026944584867
2009,0.281273678117475
2010,0.9233231418342862
2011,0.8881963112765141
2012,0.7536489408660835
2013,0.8447396119696164
2014,0.9596121209213633
2015,0.03844297666757475
2016,0.8608670064047101
2017,0.7845920727297931
2018,0.027818873396986202
2019,0.25633040453560235
2020,0.02444960921294505
2021,0.8539832661049791
2022,0.5341153038195027
2023,0.5310498753049171
2024,0.9697686352046437
2025,0.8276941215010203
2026,0.7182239955460835
2027,0.05590065803307065
2028,0.30120008761306816
2029,0.0059181339114708
2030,0.9479371633672481
2031,0.38539623334930195
2032,0.976664146749226
2033,0.5893835081309345
2034,0.9274339461662344
2035,0.981799950183821
2036,0.2500983758257924
2037,0.07800469298600314
2038,0.1530061308712539
2039,0.9891885796471238
2040,0.0260987730194265
2041,0.6386019544606193
2042,0.4164085751826721
2043,0.9737831677143631
2044,0.8016897530450577
2045,0.0182156085984002
2046,0.04739560100683381
2047,0.3762145050364967
2048,0.240643825969637
2049,0.9265498890451012
2050,0.9299586011042884
2051,0.7548172572291159
2052,0.1380744690984211
2053,0.4033342016131214
2054,0.7890327183473234
2055,0.040443429025956504
2056,0.09682058819086475
2057,0.8245691746509632
2058,0.0150074934053999
2059,0.06305454967154595
2060,0.12057960573778764
2061,0.4834265374706185
2062,0.33281331118568436
2063,0.14625563069572456
2064,0.8215176088804139
2065,0.8079261517059144
2066,0.45458576882999174
2067,0.9618081347882562
2068,0.7557935973475034
2069,0.5142800066751868
2070,0.3618553011322926
2071,0.5882975867443914
2072,0.4933561634984842
2073,0.038763232887104745
2074,0.2647073153517156
2075,0.5694700361085804
2076,0.0993943320599548
2077,0.3016689304224643
2078,0.0542233214386537
2079,0.11883132047541016
2080,0.07073187182417424
2081,0.6641751536334382
2082,0.3884264493414533
2083,0.11248896283818975
2084,0.7653918481182989
2085,0.2321991261801017
2086,0.0978317221483718
2087,0.18564504903396084
2088,0.9587935718401117
2089,0.20115089035545589
2090,0.7604630656156318
2091,0.29807099914174845
2092,0.09365022075256516
2093,0.10214003260763055
2094,0.6130304133333317
2095,0.9967962198426388
2096,0.4303837775639545
2097,0.03602631567448715
2098,0.6050989752151311
2099,0.5952063187757193
2100,0.9784679822118659
2101,0.11540294892140635
2102,0.7803222790424944
2103,0.31626825757018523
2104,0.12173786439715945
2105,0.029315198320536553
2106,0.12605830708925675
2107,0.819383055842763
2108,0.09293737398059634
2109,0.055395043344040704
2110,0.07941654294465629
2111,0.6972443008110316
2112,0.1383581661179453
2113,0.5760433005727864
2114,0.4950535124875399
2115,0.3391804540968736
2116,0.9200866913193939
2117,0.8819656618643104
2118,0.03975690796460815
2119,0.9226490184336309
2120,0.3599389035680086
2121,0.15091858219427812
2122,0.38317543202142335
2123,0.8931799846407535
2124,0.0749593344036323
2125,0.7967297947693883
2126,0.22571832062848668
2127,0.19439053940214554
2128,0.1958583534580448
2129,0.3079041017330791
2130,0.14019776956829463
2131,0.3129216535687158
2132,0.9477808115723592
2133,0.1485859682096671
2134,0.07171687837566175
2135,0.36868156110079997
2136,0.04318641607931025
2137,0.9852862262580588
2138,0.0332272962337963
2139,0.2328482343812587
2140,0.09951104257468855
2141,0.4378721597448463
2142,0.370637828964123
2143,0.7895068682216421
2144,0.8178994694903725
2145,0.8706694529605714
2146,0.5028802193424061
2147,0.9896918787479434
2148,0.079621590456018
2149,0.9564001605791093
2150,0.5471681418046381
2151,0.9030169617079306
2152,0.7730058936344189
2153,0.38690720564297354
2154,0.16562975920532824
2155,0.3634199405655475
2156,0.9469367791513521
2157,0.05818611939403545
2158,0.66524987124454
2159,0.854047030694661
2160,0.8033460902044507
2161,0.04469672815857691
2162,0.3258583645443887
2163,0.1096572175060344
2164,0.23333143474747836
2165,0.37389770452479193
2166,0.40813588309483306
2167,0.49059795542047824
2168,0.19575153157238484
2169,0.19206980495005885
2170,0.9042162348901128
2171,0.0970622347764608
2172,0.6188141484763714
2173,0.9475694590817774
2174,0.4120262823775079
2175,0.0948037892419789
2176,0.248977255645474
2177,0.12613240627647926
2178,0.19227572707642546
2179,0.213192675594951
2180,0.8716293976187823
2181,0.09203225741822854
2182,0.03136692764603995
2183,0.49414650491652123
2184,0.2033997694267757
2185,0.2677979819016527
2186,0.49778167233250087
2187,0.1594400601701951
2188,0.22734985061935145
2189,0.6025628352881476
2190,0.01693405904990265
2191,0.9559343587959201
2192,0.9141259461907005
2193,0.14966297794303796
2194,0.12332964015588165
2195,0.1748676362156357
2196,0.23080060533279087
2197,0.9361996103939487
2198,0.868862941951456
2199,0.13588016526205973
2200,0.07553168996665376
2201,0.2985633160574965
2202,0.03757703193838255
2203,0.9169694705075657
2204,0.8850163626488982
2205,0.6265054557004128
2206,0.4607704806353693
2207,0.30974898308256266
2208,0.9005440161647468
2209,0.48149085519664436
2210,0.3361590495721976
2211,0.1621227045589218
2212,0.6725626315122455
2213,0.0471230689681178
2214,0.0709722108117834
2215,0.06550126830660345
2216,0.6190872616989802
2217,0.33979172210992215
2218,0.1788137528633978
2219,0.021093442945697802
2220,0.0468531173070828
2221,0.14092174085543865
2222,0.0220601992777044
2223,0.9261212796331318
2224,0.4098903047979945
2225,0.030428462983285103
2226,0.43960257679924675
2227,0.8076084807928559
2228,0.4291982017723892
2229,0.01606269873969965
2230,0.7977416909576103
2231,0.15898969322379586
2232,0.5110323412019614
2233,0.040418479302147994
2234,0.933672828924659
2235,0.2116519103766579
2236,0.48057042532017896
2237,0.20265593759755546
2238,0.38416095448240284
2239,0.7843617664320373
2240,0.5156968867531121
2241,0.050983688582221146
2242,0.0505252386998297
2243,0.3275719194460053
2244,0.00895846240774905
2245,0.049399822486746854
2246,0.2414361593039232
2247,0.1534143525331323
2248,0.19596944081571
2249,0.6187149859972662
2250,0.15002890788539774
2251,0.5373362251538879
2252,0.6491523038795055
2253,0.9530824885670872
2254,0.0786819784656864
2255,0.15506124080520092
2256,0.3965769868334609
2257,0.054441368848377296
2258,0.0742421082920961
2259,0.140408740014693
2260,0.5184180611974915
2261,0.615442785441244
2262,0.8391227832957509
2263,0.4935454694128822
2264,0.1978599447276319
2265,0.03053843312470385
2266,0.579748353782823
2267,0.9224126299966344
2268,0.33378795126000904
2269,0.5121736425266683
2270,0.2558498541897338
2271,0.4458455398556285
2272,0.2764194548388816
2273,0.9736514429460006
2274,0.8802202008009852
2275,0.00635335379675985
2276,0.1922086459715775
2277,0.9347766741987894
2278,0.7313644299764728
2279,0.13968103806205986
2280,0.16077839775004985
2281,0.4672616411165127
2282,0.23502621202842355
2283,0.30890254255410743
2284,0.676020896209681
2285,0.1981596790554965
2286,0.9582277018494645
2287,0.22327725704892878
2288,0.0412756487903265
2289,0.0472572200517919
2290,0.0557670382189061
2291,0.902438991336406
2292,0.4028423576337187
2293,0.119136944177498
2294,0.1896348954908933
2295,0.9410467910585387
2296,0.8545956627703848
2297,0.41465836638236486
2298,0.0609810046346915
2299,0.20064007482519797
2300,0.1224967321715095
2301,0.15893440192234926
2302,0.19423074875878515
2303,0.4051706683953336
2304,0.8384749493944659
2305,0.1759879236445531
2306,0.24747287240970622
2307,0.35930670239674944
2308,0.3366052959033208
2309,0.01209898198414525
2310,0.07073736183823726
2311,0.031230176941022
2312,0.0375565610032575
2313,0.0545640972401132
2314,0.9590411008185948
2315,0.24964727988530414
2316,0.25221488830182753
2317,0.8275578832099348
2318,0.33623054388918727
2319,0.0151367245134096
2320,0.2730163488201234
2321,0.997591714126654
2322,0.6084085573662343
2323,0.3446769843899056
2324,0.8977121352620612
2325,0.3268302639866689
2326,0.6438571173068416
2327,0.02348256399483435
2328,0.9765924819727305
2329,0.371024381024071
2330,0.1645103291497258
2331,0.01371468543305455
2332,0.2561585297265646
2333,0.9706359207339181
2334,0.00549777783538935
2335,0.32495897465784135
2336,0.1458145679924436
2337,0.9706178166912813
2338,0.2558141907614624
2339,0.9615735694735873
2340,0.1517690905390088
2341,0.05025637887163045
2342,0.45429662931055226
2343,0.9752283553336658
2344,0.2290140500752082
2345,0.07923972776422634
2346,0.1757731745502191
2347,0.5542734045588099
2348,0.0023225264659229
2349,0.5365388253658327
2350,0.3203954857873489
2351,0.8841023228137275
2352,0.6791449513134282
2353,0.9539017904013832
2354,0.07356583167819031
2355,0.2824283983533892
2356,0.4235588202362973
2357,0.9191531401761848
2358,0.1223664298999057
2359,0.0673806133435262
2360,0.40585194074284103
2361,0.37717402756137014
2362,0.07941006783747076
2363,0.2532615562689528
2364,0.08987264319536964
2365,0.7120382276139507
2366,0.7701077295506205
2367,0.25444405156774424
2368,0.08818635075854821
2369,0.0865919986649814
2370,0.29011990367463814
2371,0.9828290688686553
2372,0.4642125304761536
2373,0.0991827017179887
2374,0.0101127917242116
2375,0.8833486926054115
2376,0.1363354228728455
2377,0.44354108833108785
2378,0.8980418060280243
2379,0.06971776502026675
2380,0.08381959050452305
2381,0.09130995937809384
2382,0.760358676745726
2383,0.6136250159819168
2384,0.8960365266243393
2385,0.4734146940802142
2386,0.2145301868547012
2387,0.3129646048578051
2388,0.9797815839890702
2389,0.0371266527846511
2390,0.3541964167924536
2391,0.4119697023773476
2392,0.106528923270389
2393,0.19124679558695773
2394,0.6649800616628323
2395,0.2958798322947031
2396,0.15833618912516564
2397,0.726708136772191
2398,0.1441377909609972
2399,0.42306096676899707
2400,0.05205133796613375
2401,0.1271450097982842
2402,0.2616050235720433
2403,0.36588960391950975
2404,0.9404710136485241
2405,0.24197942820829296
2406,0.2294920697655316
2407,0.6967639641578722
2408,0.5213958846009609
2409,0.2550514333274411
2410,0.22792978053282595
2411,0.11283005027114665
2412,0.0317908518445756
2413,0.945671891871749
2414,0.054379383046509605
2415,0.9790995781269736
2416,0.665108695477737
2417,0.8761901676231305
2418,0.10303622845200085
2419,0.1470058927018013
2420,0.9730122076064776
2421,0.35081460627905575
2422,0.015807249571609852
2423,0.10320894671092351
2424,0.1026847867044787
2425,0.6428423197214206
2426,0.845220970832634
2427,0.9976159590452169
2428,0.0162218938111169
2429,0.9106896583990091
2430,0.6395888410702497
2431,0.5790105859333279
2432,0.9184668934310172
2433,0.28416675394322044
2434,0.22416084570525655
2435,0.2916679491652581
2436,0.40632909551874935
2437,0.9478596862843561
2438,0.3275841221320183
2439,0.32784202520400696
2440,0.4965936917208853
2441,0.9892314059719727
2442,0.4088404937368783
2443,0.26768935452390397
2444,0.8443686404462214
2445,0.36964807830400637
2446,0.5882124425764931
2447,0.2062082962613008
2448,0.0931064497875368
2449,0.8477624813681712
2450,0.391376849345666
2451,0.0675535904943024
2452,0.5514405116294059
2453,0.6175210194438979
2454,0.1100270672321934
2455,0.4328186424224722
2456,0.02971808392278595
2457,0.9655745697552625
2458,0.4103364436130011
2459,0.8657060512752108
2460,0.2029868895662133
2461,0.047914246049488046
2462,0.0944157990227514
2463,0.8719859773546896
2464,0.0321158502653546
2465,0.0663532700815307
2466,0.16278654007299756
2467,0.15474864055030155
2468,0.9241179156149018
2469,0.6645599621093041
2470,0.9836006143965483
2471,0.060292755691476754
2472,0.2608883104998681
2473,0.09403935274834685
2474,0.01475211368687885
2475,0.029210504233351503
2476,0.7308300037990226
2477,0.1916260741215535
2478,0.0440552599393096
2479,0.441770054407547
2480,0.96720591401559
2481,0.1229649418128721
2482,0.3981782906432303
2483,0.6226529781241739
2484,0.055350803176369805
2485,0.8592035145239926
2486,0.2638474827957554
2487,0.9444300919561057
2488,0.6000018876582167
2489,0.16075798886460455
2490,0.4380824493635901
2491,0.00620642811400645
2492,0.5100981281734953
2493,0.5390150084716657
2494,0.0931208331307184
2495,0.7047677015628129
2496,0.1628012266865684
2497,0.3016632840582202
2498,0.29936798302909656
2499,0.996054191620516
2500,0.0920268961207128
2501,0.17235722719226396
2502,0.1070924124802619
2503,0.37959098651303014
2504,0.9912380552281403
2505,0.24114430172225904
2506,0.2645045106416796
2507,0.5711574089519648
2508,0.2945901544686378
2509,0.15673577542152228
2510,0.1733960219818802
2511,0.3517094555919852
2512,0.16721714712967725
2513,0.2299447185365609
2514,0.3170550576012547
2515,0.2387925427339515
2516,0.19084668993613826
2517,0.7328255703781934
2518,0.3729840326086234
2519,0.40254717553791364
2520,0.13746017258190255
2521,0.4011256615644462
2522,0.4166533641878273
2523,0.2363805008496808
2524,0.07888994900531275
2525,0.21405897006081576
2526,0.2011306144222931
2527,0.5228130901585171
2528,0.4137435914728144
2529,0.2645690492558955
2530,0.804058110682855
2531,0.07524456707616266
2532,0.8772375221931472
2533,0.3550897366861971
2534,0.14659864942235765
2535,0.9738784146030619
2536,0.2728642819589874
2537,0.14847382787526245
2538,0.0928995209740321
2539,0.6564552729824475
2540,0.20427239527511745
2541,0.3849942838244662
2542,0.3197280859806973
2543,0.3823015588527353
2544,0.9762727569560835
2545,0.02385895525306435
2546,0.5275511655976357
2547,0.09871246679612554
2548,0.4969815939941916
2549,0.0024905601209889
2550,0.8702605381420334
2551,0.5541122351257726
2552,0.15767661141890635
2553,0.0934896781417893
2554,0.0151896967196608
2555,0.839574799527237
2556,0.9442472583781765
2557,0.4028748135617015
2558,0.10634474662211935
2559,0.3950460571267778
2560,0.37945272913528705
2561,0.07227725283761935
2562,0.737293063467751
2563,0.38756331997257765
2564,0.8802108266480856
2565,0.8789535966481099
2566,0.23210171400984536
2567,0.9505286052952969
2568,0.37375653251593854
2569,0.0168456976914516
2570,0.124154525144082
2571,0.6243493689184977
2572,0.18491671753932526
2573,0.20489625857892718
2574,0.07605684197744805
2575,0.8986258098176134
2576,0.9939584055822013
2577,0.2435849373882639
2578,0.075723904382064
2579,0.506612572728163
2580,0.31426207191463723
2581,0.9161687036908599
2582,0.14353126031167585
2583,0.31068765258567566
2584,0.3568119125613687
2585,0.24525009446357865
2586,0.08834371815082115
2587,0.2636800638534523
2588,0.8506700406548353
2589,0.051644695167207946
2590,0.03467369830271585
2591,0.20223911678143064
2592,0.3074346952788151
2593,0.3270959227371068
2594,0.36684459514826884
2595,0.1813419656925098
2596,0.19574548120164575
2597,0.9250845619609568
2598,0.9272206527695186
2599,0.26865196450157164
2600,0.3593549779627996
2601,0.15306417471444764
2602,0.2363952936366256
2603,0.97385907982224
2604,0.8865456701937171
2605,0.21158459126990314
2606,0.32267988586872653
2607,0.438007468351751
2608,0.9859444694501514
2609,0.2116541854931577
2610,0.9392750138977956
2611,0.8896697416569923
2612,0.022407494311904048
2613,0.600672629431479
2614,0.02661164889754585
2615,0.0530949539577197
2616,0.0719185151665154
2617,0.0893538200680748
2618,0.041569708687674845
2619,0.9664551937750276
2620,0.1847608344045491
2621,0.9289694535545796
2622,0.369377265604173
2623,0.13717513449083754
2624,0.2661710995650699
2625,0.1026658792149905
2626,0.8126064433823403
2627,0.02568463412800445
2628,0.3892270330743513
2629,0.9215411097605651
2630,0.4746952537006536
2631,0.7904770218139676
2632,0.9338407045053105
2633,0.4990163687951698
2634,0.9507017157658824
2635,0.7098534551938944
2636,0.9977593125622277
2637,0.3885340343046476
2638,0.110840096606221
2639,0.1922012670800283
2640,0.032869893611708396
2641,0.10550640287131455
2642,0.550258752701638
2643,0.991851136520319
2644,0.9019218397723812
2645,0.0102468483457656
2646,0.0044540597996058
2647,0.5363311101112933
2648,0.0493391662589206
2649,0.8800654245624475
2650,0.3292564956281424
2651,0.1323707855366294
2652,0.7538136438952561
2653,0.7113319005046158
2654,0.10924664152501519
2655,0.17100285714517086
2656,0.2912536729359949
2657,0.7939343117136595
2658,0.624537070559309
2659,0.423820251196693
2660,0.949218224324377
2661,0.03434374504817985
2662,0.0332431182094618
2663,0.0823403898914358
2664,0.09458996060025185
2665,0.9639973111450814
2666,0.9476930816364715
2667,0.31102527725225626
2668,0.5532673503754126
2669,0.5361595534860196
2670,0.6780756219720165
2671,0.38717287044050064
2672,0.27394915275612897
2673,0.16817225201187827
2674,0.21948114673108565
2675,0.1791294345163153
2676,0.9490828120348052
2677,0.9917384259518547
2678,0.27760151525214666
2679,0.17288697432782116
2680,0.9512512405674614
2681,0.05184591873843475
2682,0.0145576882311342
2683,0.6422491801245409
2684,0.01208192124045445
2685,0.49580071444848106
2686,0.8844164291173696
2687,0.09401184120893681
2688,0.8108730391632433
2689,0.2690153925481412
2690,0.07775716499290715
2691,0.1752865597489775
2692,0.047462925060719044
2693,0.38066772885577527
2694,0.2747901446511911
2695,0.2618825813481046
2696,0.27795178152682454
2697,0.9863596336526277
2698,0.5061264079193192
2699,0.20704762717651254
2700,0.4115631322593074
2701,0.9024487637672547
2702,0.9043120547653498
2703,0.9362394009223411
2704,0.8673152536931006
2705,0.43562770509978044
2706,0.1950978739585275
2707,0.9976456123357751
2708,0.029256658762906
2709,0.8871770717159816
2710,0.533502657386992
2711,0.0817189346545135
2712,0.1771707981794711
2713,0.10656189732360105
2714,0.8899474180573211
2715,0.2692409050433477
2716,0.0063304705969356
2717,0.9126350597147694
2718,0.35715090893204254
2719,0.32111026856392144
2720,0.5943718445954583
2721,0.164450087974271
2722,0.9565575439174498
2723,0.1127318093919126
2724,0.3903734319268356
2725,0.0157187144708488
2726,0.8459567178416905
2727,0.8895385611050952
2728,0.049710102749065996
2729,0.6363474561942377
2730,0.4983351025678989
2731,0.10743905045486224
2732,0.5244369104580132
2733,0.04647354935011695
2734,0.09298665523224245
2735,0.07737543513076545
2736,0.4680603407961563
2737,0.08635309088808835
2738,0.6951590169668678
2739,0.3707393641408701
2740,0.8099430316717589
2741,0.9958346737778341
2742,0.9913444612900235
2743,0.23027928457267105
2744,0.4460407652457604
2745,0.9064040579094524
2746,0.9277731645193229
2747,0.7315003893858512
2748,0.2160015832923509
2749,0.21758508697570206
2750,0.07708355333185375
2751,0.20633750345330829
2752,0.29284762361960076
2753,0.2341745472376732
2754,0.20016084231163667
2755,0.7955993079330252
2756,0.4695990853012354
2757,0.26180434869460767
2758,0.2507572961069644
2759,0.2987252640559397
2760,0.41110441206598325
2761,0.8000443401499204
2762,0.9318085095139479
2763,0.5625793353004478
2764,0.12868757788477986
2765,0.3304030199425966
2766,0.25773279070671273
2767,0.7013739153926405
2768,0.05976214839711885
2769,0.9542494600944575
2770,0.15856923658215316
2771,0.15671681291054515
2772,0.30559942218665953
2773,0.836014827354489
2774,0.3114809735696468
2775,0.38714091386973387
2776,0.5791298994444719
2777,0.168252510841812
2778,0.27775030025514913
2779,0.16254425734526126
2780,0.5908611330108908
2781,0.7234843504866633
2782,0.0184764879876209
2783,0.011070579602647401
2784,0.2101130326610468
2785,0.06666204594843075
2786,0.02425428267399935
2787,0.01897974682525
2788,0.16460992178333408
2789,0.1393555966734628
2790,0.04312770176233715
2791,0.0687042840900243
2792,0.8007516349270791
2793,0.8903647360006064
2794,0.5157279431766402
2795,0.38204129099824335
2796,0.055559317714820054
2797,0.1377280305327227
2798,0.675512566210368
2799,0.8854071468654974
2800,0.19585325226039865
2801,0.8608287253082463
2802,0.1643472899601646
2803,0.9445849568781621
2804,0.09538085170293305
2805,0.1395247183110373
2806,0.1695710528008257
2807,0.15927451962577505
2808,0.2518012422193517
2809,0.31246228973128387
2810,0.08243646007678804
2811,0.01508565239521585
2812,0.9459625339566604
2813,0.14391663121311452
2814,0.01559671163449525
2815,0.7741091203445343
2816,0.2048633125323023
2817,0.1448809305597267
2818,0.6637362633921542
2819,0.9403574391277698
2820,0.8660432364402262
2821,0.11287710842862829
2822,0.3051450400143893
2823,0.5307446846584989
2824,0.4372008169075965
2825,0.19688445773369787
2826,0.9659865873688949
2827,0.1634539157193609
2828,0.15227125720865028
2829,0.8421854077211754
2830,0.13290108664832745
2831,0.14455077964539784
2832,0.20805874120809573
2833,0.7775971799762548
2834,0.9558438399549107
2835,0.0954847791109925
2836,0.12293892057673764
2837,0.22100411417780794
2838,0.1702397841911985
2839,0.2092974406388361
2840,0.11127112001054179
2841,0.9868612729552676
2842,0.9823245482283585
2843,0.8858384433119304
2844,0.1042279165347997
2845,0.08189427650661345
2846,0.4020647562586026
2847,0.08035480968342876
2848,0.09039116273099446
2849,0.09985396200169175
2850,0.2209336526677376
2851,0.8299824323376679
2852,0.07958971820973919
2853,0.8638674312394751
2854,0.0090230375625266
2855,0.6577532268382054
2856,0.04454433530273155
2857,0.2963407794941742
2858,0.04682669890211175
2859,0.27508927719653703
2860,0.09043101193662001
2861,0.2493020112412123
2862,0.648379342445687
2863,0.10417872240772116
2864,0.6101645689025941
2865,0.9374671659985216
2866,0.052382296727744845
2867,0.2330892885989829
2868,0.0098005256751646
2869,0.2671775772193457
2870,0.13149181230308551
2871,0.10328023361784286
2872,0.45573712179880344
2873,0.30217148246863157
2874,0.1762388467794056
2875,0.16084491733038045
2876,0.10508284116235811
2877,0.17803096692421344
2878,0.46024039963973407
2879,0.30273929380187625
2880,0.906599283008528
2881,0.5805218285701286
2882,0.4460510188017659
2883,0.055151861620083495
2884,0.7845074126837086
2885,0.9204451834260305
2886,0.9929172287154318
2887,0.8111429810792938
2888,0.3192452170943208
2889,0.1609851749614516
2890,0.5310707107647411
2891,0.9818913915958172
2892,0.010015050690812599
2893,0.5926173123123496
2894,0.401244679569181
2895,0.9213239272785949
2896,0.20750237561513818
2897,0.0419744428927976
2898,0.6556840010484648
2899,0.20919268608239094
2900,0.25380778574454255
2901,0.1699603898945615
2902,0.38302240947097543
2903,0.0093281485505433
2904,0.11072638436452
2905,0.6369829570786245
2906,0.3812354705588424
2907,0.0061580806611356
2908,0.3128126409994124
2909,0.057244545346420296
2910,0.6219634193023595
2911,0.24659827656358901
2912,0.6395045100382777
2913,0.113040237198246
2914,0.9514265961264354
2915,0.2968841430664204
2916,0.6048452053804123
2917,0.23242294295514396
2918,0.6806068563670766
2919,0.29661214082904297
2920,0.14379566462707
2921,0.3110186464809809
2922,0.24310375505415785
2923,0.0709823547628848
2924,0.6858179269618762
2925,0.8420216306869355
2926,0.6790713752824887
2927,0.32476229608639234
2928,0.8087525977245946
2929,0.9362634877207249
2930,0.2365319670315891
2931,0.9896915824888644
2932,0.9486007597347768
2933,0.29080058571012013
2934,0.06719895294651985
2935,0.5430973023131309
2936,0.02969115479975925
2937,0.1509827150629675
2938,0.7455037358631931
2939,0.9278703884252926
2940,0.5449256996200617
2941,0.0346570095319437
2942,0.8834393089852578
2943,0.0995039909660158
2944,0.5779236664558808
2945,0.2366241407107622
2946,0.2216155092315162
2947,0.13474150255871184
2948,0.258761247515688
2949,0.07581002824807245
2950,0.1517390962521247
2951,0.04512735601725885
2952,0.6618345434048974
2953,0.9472953451166712
2954,0.18541919028312845
2955,0.09990541491415164
2956,0.9352369461913925
2957,0.5733198813084771
2958,0.15809381998640645
2959,0.4268662397943497
2960,0.0919238387517199
2961,0.01687523804170555
2962,0.7362911897412006
2963,0.2635183189853967
2964,0.7382266593075115
2965,0.900476434319546
2966,0.16959956353950895
2967,0.4712982181818544
2968,0.07485092206500904
2969,0.4585150018056119
2970,0.10714263336980791
2971,0.2196485266420889
2972,0.09167883941988655
2973,0.4608697893292256
2974,0.8282013849398823
2975,0.3115681430847489
2976,0.24779109681330308
2977,0.9704912606996242
2978,0.015403206361580449
2979,0.15448971793786123
2980,0.0711667519318769
2981,0.14158783253451926
2982,0.7395551888345201
2983,0.810294954566404
2984,0.2421918033830282
2985,0.3457222555877957
2986,0.1675833434583215
2987,0.1244195212381593
2988,0.12696528278940855
2989,0.1853416327752897
2990,0.17149740312772216
2991,0.8624808925376656
2992,0.9146205483656944
2993,0.36856357877715096
2994,0.38335913216648665
2995,0.11302183654912054
2996,0.2650862151147602
2997,0.38454369148383166
2998,0.29832036897823816
2999,0.720807051255955
3000,0.3143742616995725
3001,0.0108823842931755
3002,0.9469943962154888
3003,0.0148723015853508
3004,0.48035243559055457
3005,0.7952085014022938
3006,0.32988018662893337
3007,0.3253468845169569
3008,0.5304155660739183
3009,0.3058617579211789
3010,0.0550551136315197
3011,0.1420739649793367
3012,0.9325343594206186
3013,0.34275103835809495
3014,0.0094953852336267
3015,0.01285625813757745
3016,0.05181617195797571
3017,0.8372666029589306
3018,0.08571362937543535
3019,0.6255341040459801
3020,0.2097966072111763
3021,0.4831281413167712
3022,0.9309695373976425
3023,0.0338929413514857
3024,0.21694090106609146
3025,0.3609839957277859
3026,0.8832608516537704
3027,0.2970743717780502
3028,0.4207327608939478
3029,0.35986361499398445
3030,0.0946033913929161
3031,0.04325066935819965
3032,0.15694318858147477
3033,0.6447903069179948
3034,0.3975839250152915
3035,0.47843238033428254
3036,0.6217958260856288
3037,0.29101099745363573
3038,0.5206524674054238
3039,0.09178419777131876
3040,0.2195928845978139
3041,0.22709919623378283
3042,0.9119396057684488
3043,0.07786964000253396
3044,0.27599263891570847
3045,0.7186353873216778
3046,0.11518246587048729
3047,0.18937650536360456
3048,0.9463959782529656
3049,0.7542527430721857
3050,0.9884013175769667
3051,0.9377992793497766
3052,0.0460117096124616
3053,0.8607315562516489
3054,0.2761957527826611
3055,0.1796262921969545
3056,0.7595511708174066
3057,0.0241674217329521
3058,0.9886202495849602
3059,0.00280973569106095
3060,0.8840871072562566
3061,0.9957853618215333
3062,0.3149246325031219
3063,0.5246962332268243
3064,0.20863348986728017
3065,0.03361027999675055
3066,0.6430946700459861
3067,0.2705580434562934
3068,0.6971248284791007
3069,0.2151942272879301
3070,0.03770428693603225
3071,0.03465628012989425
3072,0.0949710931047737
3073,0.4161594546595645
3074,0.584017215270591
3075,0.29352182601894833
3076,0.00998897507655835
3077,0.9759872623056232
3078,0.9850688498454747
3079,0.2601749610075506
3080,0.04805607047666145
3081,0.2051205290006649
3082,0.8531537925098522
3083,0.10391588043163384
3084,0.552697695684864
3085,0.6146847107427283
3086,0.2072653211901947
3087,0.21530689113659285
3088,0.1636961385343928
3089,0.2094996804743822
3090,0.1619636807923025
3091,0.22554566426273795
3092,0.0684304126434874
3093,0.8739821322657961
3094,0.05515662254748345
3095,0.329538493151696
3096,0.26185135029428525
3097,0.07406724676478375
3098,0.9982299067173738
3099,0.0584155993774287
3100,0.1506565930389107
3101,0.0535411953187466
3102,0.053801674879426095
3103,0.10496907840279254
3104,0.3811517145960138
3105,0.47313983452909614
3106,0.23084008563354438
3107,0.7609937326887628
3108,0.11198965135355719
3109,0.038369834261973754
3110,0.046277940779868444
3111,0.16074075504541854
3112,0.00286813489344315
3113,0.22200609931700124
3114,0.0593255253422921
3115,0.7943253397431229
3116,0.20436750651301275
3117,0.0159587123059634
3118,0.5816271353726326
3119,0.6361675858884646
3120,0.0057774545796107
3121,0.06717345198083059
3122,0.0795273559856942
3123,0.9706684938207377
3124,0.1324074525191033
3125,0.5612039154821665
3126,0.0965664057103376
3127,0.8265741300612157
3128,0.02801910938643205
3129,0.1839005092259917
3130,0.7649300419861237
3131,0.8041753261530664
3132,0.21856775318909874
3133,0.34706020925402536
3134,0.0725082359745858
3135,0.050138503828973
3136,0.37230616384245535
3137,0.09166408689438799
3138,0.14689977484587952
3139,0.9598594244605659
3140,0.34722134880688416
3141,0.0305020354112888
3142,0.918159374740561
3143,0.690332323218954
3144,0.942405177581455
3145,0.184525993583786
3146,0.3139550391946147
3147,0.23703948762312105
3148,0.354269983706926
3149,0.9352477318587884
3150,0.0044415742913848505
3151,0.45425711415119885
3152,0.0241710422098173
3153,0.08550310945080634
3154,0.11868521166775506
3155,0.09553598012673255
3156,0.12258180822787344
3157,0.3618893398677636
3158,0.028692449342440952
3159,0.1766332633304711
3160,0.7953416555318341
3161,0.16185307446530567
3162,0.9037612253385208
3163,0.08948079617207215
3164,0.35959515274029474
3165,0.1329978072496511
3166,0.20936271213256935
3167,0.0869549149985239
3168,0.13323512120099654
3169,0.9327124812874219
3170,0.0693625250276476
3171,0.3941394797097392
3172,0.35913621492556075
3173,0.08831284179518814
3174,0.8964523159905755
3175,0.7613629086113118
3176,0.00500407343492555
3177,0.47213841126964207
3178,0.398728251618505
3179,0.0236040488177179
3180,0.2638873903263852
3181,0.1559225613637097
3182,0.30115211196896413
3183,0.712842063697612
3184,0.0147974382987537
3185,0.48712643323214455
3186,0.19169671780116365
3187,0.946440601532611
3188,0.0948208624820632
3189,0.1174900208230607
3190,0.996793638683436
3191,0.7340685398740416
3192,0.0771870638472511
3193,0.2071185686653791
3194,0.116032262746363
3195,0.8844623662870702
3196,0.824846380077709
3197,0.05466339750644
3198,0.02270984239844915
3199,0.6307170662344401
3200,0.9857354139520765
3201,0.31426286452486074
3202,0.0433027866253485
3203,0.2823599831270454
3204,0.5362704549365309
3205,0.912101622457913
3206,0.7532482369644982
3207,0.15588429093274742
3208,0.26593361985484154
3209,0.9361667386384438
3210,0.02351470099230405
3211,0.9588499870623264
3212,0.2010809031244079
3213,0.7866165401187429
3214,0.13533309738638835
3215,0.21614908305056768
3216,0.9630883477417975
3217,0.9407051124223248
3218,0.9212059242758056
3219,0.8788900741036867
3220,0.7781371420099633
3221,0.30765971404863074
3222,0.3932443114871294
3223,0.8855275150971862
3224,0.06283878672272675
3225,0.05488519340056185
3226,0.33694929332884105
3227,0.9851608825264386
3228,0.9430441471501734
3229,0.7520081441872923
3230,0.15892087167175128
3231,0.06731417885679156
3232,0.4743093426093101
3233,0.38336862489517043
3234,0.36253857757534
3235,0.13424873893695977
3236,0.49063898386927185
3237,0.8697356015788718
3238,0.0741598779549734
3239,0.5498923492245517
3240,0.15100554511776096
3241,0.1162171176284444
3242,0.5190249794227986
3243,0.2789566861236445
3244,0.30354833551793603
3245,0.8055819097965133
3246,0.4397658734915654
3247,0.38474790348900784
3248,0.23195799984534604
3249,0.17905931746030415
3250,0.5712547051061345
3251,0.09536383918565075
3252,0.14381226873841735
3253,0.03258512015733855
3254,0.42412577115576
3255,0.05922300535326945
3256,0.04109052240339095
3257,0.0173286444212091
3258,0.8359279929967764
3259,0.11369713480805485
3260,0.7830463067117542
3261,0.3979816498068991
3262,0.1179811582288662
3263,0.6231628951828697
3264,0.08696440624847669
3265,0.3886871295891938
3266,0.3306473038656641
3267,0.8625487042703226
3268,0.9754918406842525
3269,0.18127304022913904
3270,0.34248374325982694
3271,0.8661235659938196
3272,0.42098309389900324
3273,0.20070830769563575
3274,0.0482623661889626
3275,0.36272967432707653
3276,0.45605072976640804
3277,0.5003740490837543
3278,0.9493888237945303
3279,0.6807929248770486
3280,0.3130279439448705
3281,0.028188678895973252
3282,0.2630244584394912
3283,0.04282074565841125
3284,0.9576580672693829
3285,0.07340290678494915
3286,0.6936898663697776
3287,0.4966212916297144
3288,0.7321204377583439
3289,0.0211861090643136
3290,0.4549719425962251
3291,0.10426566539609164
3292,0.30224585258375214
3293,0.6630031849841442
3294,0.8279990810059927
3295,0.8732233868919386
3296,0.11856763086043165
3297,0.7787967364468833
3298,0.7233262260815752
3299,0.8976306095386443
3300,0.0064039842027904005
3301,0.17270770603436264
3302,0.7100195050511994
3303,0.05300518570022545
3304,0.4941867369308052
3305,0.9958014394911887
3306,0.9876100844947695
3307,0.7815744958527828
3308,0.6798615090572762
3309,0.1574992846097844
3310,0.9751737160078022
3311,0.6239705176917308
3312,0.5777675942876108
3313,0.248089347002491
3314,0.46030396622182623
3315,0.38201641870710157
3316,0.9097636665782374
3317,0.9787821725192777
3318,0.6453617945138161
3319,0.9441714803441169
3320,0.0073356252064892
3321,0.091683046882229
3322,0.024923802125981602
3323,0.15187425739639357
3324,0.8027126208493174
3325,0.27085834523947444
3326,0.03016680753608245
3327,0.267778382230391
3328,0.13893050951737373
3329,0.9369267380213503
3330,0.9675951212415935
3331,0.3169358324390721
3332,0.8457014799786126
3333,0.7185924442143989
3334,0.30630583300534087
3335,0.9185572253146452
3336,0.9237292690852121
3337,0.8034673576363007
3338,0.5390217940338871
3339,0.19943942586527771
3340,0.9197410086702094
3341,0.8963936672311545
3342,0.5543255122317803
3343,0.11462069674315915
3344,0.6956706113611644
3345,0.4692512747058351
3346,0.9375599183868658
3347,0.7755384562343808
3348,0.6923926905087856
3349,0.06628905928271366
3350,0.26988953531551413
3351,0.6031748180771175
3352,0.7638139584247354
3353,0.1058424090968537
3354,0.041531237340157755
3355,0.5142174180953141
3356,0.07036783421067791
3357,0.45339372640226405
3358,0.01209200541144765
3359,0.11849992499680576
3360,0.00987898903910785
3361,0.01238057839006965
3362,0.2740889842417767
3363,0.35098839618719246
3364,0.4444925197523586
3365,0.058996052058773396
3366,0.9178465519543402
3367,0.25145225568473556
3368,0.3267737827617429
3369,0.0648814728213023
3370,0.7147717180662871
3371,0.3856323265543597
3372,0.08030148241487
3373,0.0250879892362811
3374,0.6903128480008369
3375,0.1408708958575353
3376,0.08090145482604616
3377,0.6608514771731664
3378,0.9490731305186012
3379,0.1998505008564331
3380,0.33261492620091493
3381,0.0608001518416225
3382,0.2623620463241135
3383,0.438934009871359
3384,0.9375749521017278
3385,0.9073469910617524
3386,0.07653690621113415
3387,0.0686362195987395
3388,0.46503704156991166
3389,0.28976374636609425
3390,0.5199203774798704
3391,0.9988821288244281
3392,0.011637046833774749
3393,0.31676686064508836
3394,0.31124253481658937
3395,0.27476731375281954
3396,0.922924558519338
3397,0.9842501898170555
3398,0.03911523761076495
3399,0.1607521785692932
3400,0.25979389686803733
3401,0.19885843505401918
3402,0.1212248063342439
3403,0.8946272474183188
3404,0.3429592840052117
3405,0.11365953563616026
3406,0.5200222800566221
3407,0.8325405008008484
3408,0.21210598999862396
3409,0.0849953116112948
3410,0.9826784173202547
3411,0.26687079084706816
3412,0.9476314303516331
3413,0.8768300124195677
3414,0.31755960621513085
3415,0.48696700090351996
3416,0.0653277146334271
3417,0.21782398975080614
3418,0.0618767601130532
3419,0.22691116235844905
3420,0.7793915121073608
3421,0.0978837486788246
3422,0.18613921500340996
3423,0.17673176837456234
3424,0.1453160096966909
3425,0.1354103278245202
3426,0.21352593788648874
3427,0.12555713172993782
3428,0.18815338661181769
3429,0.6293104484985766
3430,0.0100255789634511
3431,0.5959934856644046
3432,0.49479537045060573
3433,0.05888348570117835
3434,0.9320790611929274
3435,0.211597506210593
3436,0.277761895670763
3437,0.3497470308389994
3438,0.3668197244030025
3439,0.4713487936353695
3440,0.8895635027258656
3441,0.5624959768388543
3442,0.024155627190284003
3443,0.5117621076677766
3444,0.605332521077987
3445,0.3478835310112556
3446,0.5893781814579426
3447,0.1505255151756844
3448,0.1526682675842303
3449,0.15821712516830636
3450,0.20569599914465805
3451,0.1011073166262848
3452,0.38785522492934965
3453,0.8264160792629541
3454,0.9937107264019578
3455,0.8415233239098805
3456,0.575138746986976
3457,0.2955908737451318
3458,0.44051516728246815
3459,0.006366972576029551
3460,0.25571707430347573
3461,0.9566471127123273
3462,0.47926332259439874
3463,0.15215828265671488
3464,0.06861664853464705
3465,0.13304726992258484
3466,0.037532216242014554
3467,0.049166588701006556
3468,0.3298923614543583
3469,0.8683750212368955
3470,0.048164000801760705
3471,0.5636677944871973
3472,0.1060994175737077
3473,0.04102356800446405
3474,0.0268707162594829
3475,0.669631368527176
3476,0.26658454628401634
3477,0.12808840559684553
3478,0.0410168060688494
3479,0.9481897870165222
3480,0.9348959491953529
3481,0.17456153685344866
3482,0.28819390619534047
3483,0.8158998640965778
3484,0.0372773215005513
3485,0.7844674359277495
3486,0.9593690087638812
3487,0.14436756789857821
3488,0.08738272367988256
3489,0.44461273376457644
3490,0.1557265447734988
3491,0.150674324016492
3492,0.2911499019945603
3493,0.2099581160743568
3494,0.46089645810368884
3495,0.4382371789265507
3496,0.6437821416934002
3497,0.7747997088840181
3498,0.00213139378704535
3499,0.5092230774985033
3500,0.9366285364386604
3501,0.767809614716964
3502,0.0851385213981799
3503,0.2105184976969926
3504,0.23187989976807238
3505,0.02207689496675705
3506,0.09551706035263045
3507,0.2984025215332183
3508,0.7596052406546399
3509,0.09191085534692114
3510,0.0444979743767785
3511,0.9225104377643008
3512,0.05064660904783315
3513,0.14009770132255445
3514,0.16485671123002585
3515,0.14613275767993864
3516,0.0741627576572332
3517,0.9187125175519455
3518,0.6427413665767647
3519,0.9699181541051425
3520,0.09612455488813139
3521,0.12537356840705555
3522,0.43503265825745585
3523,0.3519293512266991
3524,0.456099190616961
3525,0.3456279450006997
3526,0.42748001813685876
3527,0.08109055849570834
3528,0.1867742033434362
3529,0.7249251963191126
3530,0.10934551028920414
3531,0.12546143071326996
3532,0.9779534627807226
3533,0.09825347119843444
3534,0.34147194665549707
3535,0.05986987286788875
3536,0.12260202981590404
3537,0.17906167463324255
3538,0.05210102419386905
3539,0.9318222615122826
3540,0.018548749936870498
3541,0.284312205113637
3542,0.13270356789834237
3543,0.7292268779005489
3544,0.1999658203047389
3545,0.18337764449690908
3546,0.1698305854570495
3547,0.017910611902998898
3548,0.03056800249578415
3549,0.11274080564050065
3550,0.1151604781823809
3551,0.9315266658952939
3552,0.9905548041913934
3553,0.5287864228740837
3554,0.5804160616161931
3555,0.964504506793861
3556,0.337416682915363
3557,0.5054250777050826
3558,0.0160311069558688
3559,0.4450958511095008
3560,0.050627521676956
3561,0.292793354649792
3562,0.2973023572169861
3563,0.9108027934657769
3564,0.4501750365086279
3565,0.9183557070229877
3566,0.9205434093674807
3567,0.21681787232855082
3568,0.0250222658161306
3569,0.8283304400597566
3570,0.34271535914094486
3571,0.8122604176541388
3572,0.7560288825481785
3573,0.02438761325444065
3574,0.08178207510126205
3575,0.6698688209859562
3576,0.9987142923973458
3577,0.10081365158097841
3578,0.9652390566129214
3579,0.8875450130320759
3580,0.4679915825824151
3581,0.050414242752684545
3582,0.6664423672137713
3583,0.1955569613777674
3584,0.9806263406269582
3585,0.5027881676913031
3586,0.7954193889008134
3587,0.0436794161466066
3588,0.30510053247426583
3589,0.9797755499492905
3590,0.1961692409576582
3591,0.599342314719442
3592,0.8608982165748126
3593,0.8650972494321962
3594,0.9608728650609579
3595,0.15131864267454517
3596,0.2622974717692415
3597,0.8792060819523092
3598,0.1120646020082329
3599,0.056599976021894254
3600,0.9292315952894556
3601,0.020765185241997348
3602,0.01182800815274375
3603,0.19960658445276036
3604,0.23327060073696093
3605,0.4396084629575899
3606,0.9641431767315345
3607,0.00384974877138675
3608,0.48891170300418596
3609,0.00122051939991335
3610,0.39245420097171635
3611,0.7852358281207175
3612,0.2916026176060606
3613,0.8652996150628312
3614,0.7807807145901631
3615,0.14987967105241085
3616,0.06054327531436795
3617,0.1238697015265124
3618,0.9744306604097486
3619,0.8775794415082263
3620,0.259846729127751
3621,0.6569097114828546
3622,0.02916697293193785
3623,0.9516179929221524
3624,0.0868202834676533
3625,0.6424448693010476
3626,0.714909259390782
3627,0.5474884285555717
3628,0.39729171719673184
3629,0.2113217937200416
3630,0.8771705971868067
3631,0.24276920912760086
3632,0.17904966279750495
3633,0.13513172046216884
3634,0.1603967031793421
3635,0.07857601477592265
3636,0.19309825666235855
3637,0.1288909959419022
3638,0.8842074256081669
3639,0.13319065989552326
3640,0.27016998520726077
3641,0.31479151699977825
3642,0.02725583384220115
3643,0.0200600841031372
3644,0.9917841686420881
3645,0.7733415905371458
3646,0.8893397097654501
3647,0.25724175492928325
3648,0.6040600331391466
3649,0.8812456411846186
3650,0.06460036094434746
3651,0.05091049671087215
3652,0.0563080485044038
3653,0.1314540949790723
3654,0.7093773541231997
3655,0.5058711971628902
3656,0.0661174857052541
3657,0.01297515394111955
3658,0.11035106929523916
3659,0.823766484619013
3660,0.3910342723348639
3661,0.6875682401751564
3662,0.054751204857378305
3663,0.3630923773901059
3664,0.0456434674257495
3665,0.598427944812961
3666,0.8595146147002652
3667,0.14401218170493668
3668,0.8544231948502665
3669,0.7445264569962015
3670,0.31884773844986897
3671,0.0298330088715134
3672,0.1116608600960832
3673,0.7407975651126133
3674,0.2894505147501585
3675,0.9343162775111269
3676,0.2314385369166398
3677,0.3179658356396367
3678,0.9435100882243219
3679,0.8886032294005077
3680,0.0547012022296436
3681,0.22857846281409067
3682,0.08731728107719995
3683,0.29922280226090836
3684,0.5961259041686904
3685,0.4006847098013304
3686,0.9884461837544677
3687,0.4079309982300589
3688,0.39905904867021846
3689,0.7780792721259824
3690,0.10652092022879475
3691,0.791155317053841
3692,0.5400677467657652
3693,0.9923634384805896
3694,0.055143007724709356
3695,0.9038795527088396
3696,0.0822103493249626
3697,0.7781317497446049
3698,0.05021205590820685
3699,0.1049201698381602
3700,0.4792737288113133
3701,0.2128654876285777
3702,0.9834261591776814
3703,0.30342088763526914
3704,0.9308378671092503
3705,0.9843812922421156
3706,0.38916616430215956
3707,0.49723363693244327
3708,0.4624182689219114
3709,0.0163445631258191
3710,0.07875666442883761
3711,0.9412607066053782
3712,0.2291810686383235
3713,0.31878156303706323
3714,0.5451886863831591
3715,0.032704614521890496
3716,0.28212086277934323
3717,0.7035076893568271
3718,0.9229714312306068
3719,0.2973481604528864
3720,0.8536877846915369
3721,0.4731483332026889
3722,0.933333122016909
3723,0.9793685604246397
3724,0.0685847394862463
3725,0.2971903275040024
3726,0.14378067880861178
3727,0.38299928118400234
3728,0.40165667141837896
3729,0.6022627855143168
3730,0.876434182569894
3731,0.09695392866759944
3732,0.3201257893474587
3733,0.2123589388050195
3734,0.13020517789842226
3735,0.3892405265730555
3736,0.0157827909352541
3737,0.05482971620473385
3738,0.98631439846464
3739,0.9359416356093588
3740,0.6113493435359144
3741,0.8363500492669458
3742,0.9060093780128933
3743,0.15383028296445855
3744,0.650747919418337
3745,0.4821794735537838
3746,0.5940827194346145
3747,0.2500570845766742
3748,0.7492085877460377
3749,0.0790373910625062
3750,0.19681697919629249
3751,0.06560403992461646
3752,0.09584569987185805
3753,0.4905548460472351
3754,0.8986579906179433
3755,0.1229971628188406
3756,0.0948064358279132
3757,0.1869843000273963
3758,0.07392416442369215
3759,0.5192594898785408
3760,0.6520669189918362
3761,0.9006505501727347
3762,0.7122754409338945
3763,0.4538024361862267
3764,0.28118582237911277
3765,0.3666894302213717
3766,0.271965187720528
3767,0.4154693539438869
3768,0.24487797983436715
3769,0.9178629595280516
3770,0.2997100387502518
3771,0.9646253997440791
3772,0.6255824184437466
3773,0.1273227589269597
3774,0.0675542971072252
3775,0.25139763377437874
3776,0.257847017487705
3777,0.31092079065648837
3778,0.038833956235967054
3779,0.18870014237074179
3780,0.3277536495409378
3781,0.5170667873512496
3782,0.6875723010076678
3783,0.2925901162797533
3784,0.37114539096076155
3785,0.8653958170892426
3786,0.21797071297244447
3787,0.5242700022181421
3788,0.1230506625133754
3789,0.8211768255919429
3790,0.929768603891074
3791,0.9813864676510375
3792,0.8835600041604837
3793,0.2794797017195851
3794,0.43686291914149555
3795,0.6480742417424109
3796,0.8675564671012532
3797,0.24886245716839017
3798,0.37248572851029693
3799,0.10704312298552926
3800,0.011661799847779701
3801,0.16751696783431863
3802,0.9695894759535308
3803,0.3373689575890482
3804,0.8117326026189471
3805,0.0997867807646841
3806,0.3119232063836055
3807,0.9904975323908707
3808,0.4161554922006971
3809,0.25498955168435244
3810,0.24522962219034375
3811,0.2918726784696675
3812,0.22258371422393283
3813,0.12705515411253984
3814,0.920266148856254
3815,0.1378799317464081
3816,0.5391034263527398
3817,0.2483583067217757
3818,0.9291410550712828
3819,0.8936481831472789
3820,0.5314752494160306
3821,0.261132293658065
3822,0.8695652736950814
3823,0.16432355478049526
3824,0.19081669054638994
3825,0.9991876795832675
3826,0.5341915428724001
3827,0.19566947146270325
3828,0.871936797497733
3829,0.21489629409941524
3830,0.20385671877633604
3831,0.9969405071819971
3832,0.0307803998895592
3833,0.32339910640850167
3834,0.6089281989435319
3835,0.1281043565862629
3836,0.7069314151646742
3837,0.9939315703962737
3838,0.6997636280014441
3839,0.9185973504506829
3840,0.34760229062372044
3841,0.22455190720703266
3842,0.2622304342472511
3843,0.43235749971386495
3844,0.2955019439134549
3845,0.987970551574728
3846,0.05494550705159555
3847,0.940791352072508
3848,0.00871833342480285
3849,0.09250906158660616
3850,0.5972614651232211
3851,0.9801635500375963
3852,0.19538780520012833
3853,0.7013492591535138
3854,0.8805182323583931
3855,0.014202644287356899
3856,0.1343478101327426
3857,0.05281229790075295
3858,0.1391161265587873
3859,0.17323628199583185
3860,0.0918729645838009
3861,0.23539744108049276
3862,0.1024401640457184
3863,0.9489455168406524
3864,0.9977868658677439
3865,0.3857114655623193
3866,0.9975015518283412
3867,0.11078297071592409
3868,0.5895512533157076
3869,0.1336125774200168
3870,0.6698298175817026
3871,0.1427219416316466
3872,0.5699382139840583
3873,0.49183226093640015
3874,0.2396696290175289
3875,0.9927077691948654
3876,0.4544660768820743
3877,0.9730743452361045
3878,0.2087657495022186
3879,0.0240442698780717
3880,0.9935684652384735
3881,0.9825437572727793
3882,0.4765347118006984
3883,0.5591858588072491
3884,0.1121619165497022
3885,0.2049022619438297
3886,0.8950714803529105
3887,0.41929717399220234
3888,0.27707479497763227
3889,0.29715768652333396
3890,0.1246247956605647
3891,0.8969728797791463
3892,0.050045716144627606
3893,0.7849169412864558
3894,0.26223650703076307
3895,0.508819166631931
3896,0.3135596545926321
3897,0.9268125873124462
3898,0.4760437162275703
3899,0.4506933636942022
3900,0.23618975812435383
3901,0.01967222388651485
3902,0.9090145393420266
3903,0.711736497927703
3904,0.1220939716088943
3905,0.26453071322577165
3906,0.9560329851646301
3907,0.21856986566950976
3908,0.2412169657135844
3909,0.9983841340210642
3910,0.01482384265081295
3911,0.03012296527495855
3912,0.4321377970382436
3913,0.1393927868847401
3914,0.8748723789403706
3915,0.1729618761146448
3916,0.761728767665044
3917,0.13344338727603466
3918,0.2534122754729272
3919,0.08450108714489926
3920,0.24938707947512814
3921,0.0286761226118458
3922,0.497317179032373
3923,0.1605935733788772
3924,0.17282723547402395
3925,0.9673223258459984
3926,0.4935531595616869
3927,0.09243039208242805
3928,0.22297936819865297
3929,0.914595238731664
3930,0.9701084901079173
3931,0.0092346743569559
3932,0.4642634975253266
3933,0.010527876762922399
3934,0.8837689799732643
3935,0.0478360556695632
3936,0.2940989666704545
3937,0.42698807511650083
3938,0.925503931753519
3939,0.17510164989814603
3940,0.29599374764199493
3941,0.9542376668909744
3942,0.07783984555023994
3943,0.38697664247455266
3944,0.8703764353241856
3945,0.7413849876862475
3946,0.16652117877817205
3947,0.04165403272033165
3948,0.4273780085484793
3949,0.9434122532178836
3950,0.1898762069398764
3951,0.2205703867010095
3952,0.8771313022823635
3953,0.12973780386526199
3954,0.9921562429106592
3955,0.0481120402698631
3956,0.29422147028990187
3957,0.502761313013719
3958,0.28730499896515427
3959,0.9166190733141986
3960,0.22519128518261944
3961,0.1802431580445635
3962,0.14251232616513634
3963,0.8382550165548266
3964,0.46443409300314853
3965,0.3446190630034155
3966,0.7341202087380747
3967,0.08689303231797166
3968,0.0089821197818718
3969,0.25145714156668203
3970,0.43041701660032283
3971,0.9413215504475856
3972,0.7045688439189974
3973,0.5287778244472925
3974,0.1162188442621967
3975,0.8966908996182723
3976,0.9023365384108917
3977,0.40156368064143333
3978,0.1528749587905872
3979,0.6987105159366565
3980,0.7597472129267362
3981,0.9075033050399681
3982,0.9394482804447393
3983,0.026628345708869648
3984,0.6058342634524299
3985,0.0805913284229619
3986,0.6002224974016319
3987,0.0124311447247192
3988,0.7989716838618794
3989,0.06434335010243315
3990,0.5956395084118209
3991,0.760012442294566
3992,0.04840210695286715
3993,0.32548575605615004
3994,0.7904005052538773
3995,0.9411490178936575
3996,0.6779183352844579
3997,0.01320967499899185
3998,0.39623337466244435
3999,0.11836163019603779
4000,0.17792090574286723
4001,0.14422831325744215
4002,0.11493231526444825
4003,0.3113244496870652
4004,0.6693259129642569
4005,0.3988553000806526
4006,0.3043966830304502
4007,0.033398674563057396
4008,0.9842449021794485
4009,0.27886392078068484
4010,0.9940034256176649
4011,0.8848135250186335
4012,0.2476525330149112
4013,0.11935114563243811
4014,0.9988207411238301
4015,0.921712677271025
4016,0.2822079292751408
4017,0.2058035360714014
4018,0.2835450321701479
4019,0.07593280688107151
4020,0.12691107598925935
4021,0.14795196779728936
4022,0.0972781097425538
4023,0.056532519107420895
4024,0.01924289847588745
4025,0.8241751365969541
4026,0.7514840041601213
4027,0.0618562930974102
4028,0.1697335430680264
4029,0.20631186381320368
4030,0.04164556149050145
4031,0.8512013764698542
4032,0.31075633848297834
4033,0.1080312039352907
4034,0.21258689256279784
4035,0.1240120079360448
4036,0.07503461979016715
4037,0.06030866032244775
4038,0.9458130868262328
4039,0.0390011208521236
4040,0.5561570819687655
4041,0.9643575996736308
4042,0.17840461970396335
4043,0.22876657594483646
4044,0.10710483336113885
4045,0.02073041999049105
4046,0.06746794690911845
4047,0.31470102950703416
4048,0.32710613739274086
4049,0.2789127100946617
4050,0.2624943282932573
4051,0.28186397009461434
4052,0.3817019715874057
4053,0.8805470446809311
4054,0.2709431268327384
4055,0.07733265219884901
4056,0.2777579201028241
4057,0.5194967250123379
4058,0.6230969231836996
4059,0.1662233516528678
4060,0.2509115109549103
4061,0.981211953909191
4062,0.35914724531789743
4063,0.49978589327820266
4064,0.5026701790162948
4065,0.3679343354835623
4066,0.0693239186570409
4067,0.6293521748793323
4068,0.0714975215468223
4069,0.11483785038902315
4070,0.1576659778037696
4071,0.985001939566459
4072,0.01149915014879835
4073,0.17717347324076377
4074,0.21761802875349762
4075,0.1382456493682303
4076,0.5663591516467146
4077,0.24687795111388428
4078,0.523164280507441
4079,0.3300097684198028
4080,0.02218647295765885
4081,0.775255554488417
4082,0.898383618817371
4083,0.3843630847633216
4084,0.18385036811141275
4085,0.3450492693031061
4086,0.3087572704852295
4087,0.045755480149437346
4088,0.2845458659936987
4089,0.08058028903072505
4090,0.3518254992035673
4091,0.02399804177583345
4092,0.36669601419281317
4093,0.4942356062314909
4094,0.0726742786666328
4095,0.06993858557425875
4096,0.12619262979543275
4097,0.39430294749366523
4098,0.1214444173329586
4099,0.9443166493407008
4100,0.6057443789109618
4101,0.3355238483707492
4102,0.329035246856852
4103,0.46435422269139326
4104,0.9501319743465008
4105,0.6681383884963096
4106,0.5388920649884549
4107,0.6511840994653173
4108,0.9802544378001457
4109,0.9658918320492706
4110,0.2885154706393469
4111,0.009497418711715451
4112,0.9600671460961268
4113,0.45120281199965573
4114,0.15750139529533588
4115,0.0816918504160878
4116,0.08691187881788505
4117,0.9840701871095562
4118,0.17232863863018097
4119,0.3178364154818829
4120,0.9377569133772283
4121,0.5723234511570671
4122,0.7369319905691428
4123,0.04013702758972245
4124,0.5361123312138445
4125,0.06200515362355835
4126,0.3116125030433035
4127,0.20093810308228993
4128,0.30984248604052067
4129,0.4848628954486347
4130,0.0629252885740745
4131,0.4756528590887852
4132,0.8862384758832864
4133,0.9289532057573109
4134,0.12340691110873314
4135,0.5168950637793485
4136,0.11618513426799384
4137,0.8554311220071107
4138,0.01905328119327945
4139,0.14777653201183488
4140,0.994744102456488
4141,0.8932733375436035
4142,0.23767910179714308
4143,0.20753018611376736
4144,0.9424996548179644
4145,0.28677078763077335
4146,0.37402817878836936
4147,0.34981784339268807
4148,0.3955190713224676
4149,0.07433286055903435
4150,0.46058796672965674
4151,0.18323980197725603
4152,0.05655604498801655
4153,0.2856411269573611
4154,0.5927373953897217
4155,0.7666856486453921
4156,0.22328430593489862
4157,0.00768406916107745
4158,0.9397169391915138
4159,0.37161482245412447
4160,0.42781758614577425
4161,0.46108906259285665
4162,0.045129635709807006
4163,0.044702173784147495
4164,0.9467483993313859
4165,0.42545616457496027
4166,0.05380248020794665
4167,0.9829125341400013
4168,0.4068436243512489
4169,0.24963904329557135
4170,0.9963515267912324
4171,0.1293814149316292
4172,0.8544070033060926
4173,0.13789243061053413
4174,0.07814059198118616
4175,0.5017760978679482
4176,0.1486496262110113
4177,0.033421160861906954
4178,0.8223002560093842
4179,0.3748977622460037
4180,0.9276533506247825
4181,0.4856030582844275
4182,0.024953424065523
4183,0.7719047582433859
4184,0.9304468037428657
4185,0.7778474197742191
4186,0.9502361268989115
4187,0.2089078319892065
4188,0.1182485926086813
4189,0.24512819187129897
4190,0.00251822620274025
4191,0.38062013279889967
4192,0.9235595698300973
4193,0.36914123327016163
4194,0.8763913382354774
4195,0.28085416611904745
4196,0.9981681117858782
4197,0.7266554961385058
4198,0.29117139966861494
4199,0.8525894111315768
4200,0.0910040631022086
4201,0.6181900489477712
4202,0.3560753395886506
4203,0.2927125212188262
4204,0.19875600547128236
4205,0.2105291858071899
4206,0.636193541717101
4207,0.35599079077348017
4208,0.40757098507046857
4209,0.3738584554490192
4210,0.46514920171365687
4211,0.3123497464673039
4212,0.3647107525590689
4213,0.5601006070207137
4214,0.1541169156952601
4215,0.22663772788402667
4216,0.1026753179830122
4217,0.9703792995464058
4218,0.9918458406031054
4219,0.0472144331571542
4220,0.3881902990700701
4221,0.968504525485864
4222,0.34670724199257447
4223,0.5385938776221469
4224,0.20400458817948736
4225,0.17612698406864655
4226,0.9888604289565189
4227,0.5121959444663415
4228,0.10074046738636025
4229,0.4879813513305393
4230,0.8131291451389628
4231,0.07825639660537084
4232,0.04217702987474755
4233,0.20274344091847274
4234,0.01043590016796725
4235,0.5116566894849031
4236,0.16149662141369064
4237,0.2713481703383955
4238,0.11735186679971249
4239,0.3598581405633754
4240,0.6411309679185442
4241,0.8702577326120364
4242,0.0618914772320792
4243,0.15073555978102526
4244,0.9745241190072798
4245,0.23383914958891897
4246,0.11474205218943605
4247,0.0390487775060305
4248,0.2114328868269991
4249,0.6569423310530992
4250,0.7083483358782124
4251,0.3314300638803112
4252,0.0338952051415397
4253,0.8209415249097565
4254,0.1736879227931024
4255,0.1590718725829919
4256,0.24886987716065373
4257,0.0240545293071277
4258,0.7778191367585419
4259,0.0314634635451976
4260,0.970161568803258
4261,0.9480207720759044
4262,0.6803757215201536
4263,0.9206322895455201
4264,0.06867424585503185
4265,0.44930033492124444
4266,0.9022191787423595
4267,0.1001951767799834
4268,0.926074617446116
4269,0.33427156021270604
4270,0.4599942843586664
4271,0.0572943306721974
4272,0.3363759883623496
4273,0.0336157293919732
4274,0.07523049461383276
4275,0.9077323999629363
4276,0.727911081424131
4277,0.06733908773063205
4278,0.07421614035970185
4279,0.391835528673378
4280,0.9742279834234059
4281,0.5247594107308096
4282,0.44260893863307144
4283,0.04386370342217995
4284,0.09224349659885149
4285,0.5239191767196991
4286,0.30288341055349927
4287,0.81006410183287
4288,0.7443527035757789
4289,0.08021160988394116
4290,0.7666892266385241
4291,0.13614351441675723
4292,0.1165908901872118
4293,0.7662804421516757
4294,0.8926450643165278
4295,0.5118302169236879
4296,0.3857492561669457
4297,0.9735498407978516
4298,0.3362882755522475
4299,0.1076443153443348
4300,0.25139019133314755
4301,0.9993198855278389
4302,0.14643959602197645
4303,0.23739733014503486
4304,0.4523150735562438
4305,0.05606947833900415
4306,0.24638024664829614
4307,0.13981036876167616
4308,0.9324622761929708
4309,0.9429520083383669
4310,0.22244458414482846
4311,0.05173116498522455
4312,0.9592572382477358
4313,0.8784760079382208
4314,0.20023495886958553
4315,0.0902647225412774
4316,0.857430474472874
4317,0.8766587007942033
4318,0.7983960145940188
4319,0.06338081199727665
4320,0.7798029304498372
4321,0.0109232957447091
4322,0.6055273115839999
4323,0.2966361375184671
4324,0.6151595960559944
4325,0.5426351855274949
4326,0.0035090829119793004
4327,0.6082065216470506
4328,0.9719890910441631
4329,0.1149021891853271
4330,0.25628103475150077
4331,0.15481367793622394
4332,0.1070922081994513
4333,0.1282107621903978
4334,0.3301681476315032
4335,0.16623195631135174
4336,0.17905565441555904
4337,0.23763119377176226
4338,0.2324686131202249
4339,0.5905966709691934
4340,0.26379632850852447
4341,0.1265085603981918
4342,0.31065419133758176
4343,0.9579703222933511
4344,0.8442259651884338
4345,0.12171311957857886
4346,0.0506727056937193
4347,0.18369399421664695
4348,0.21842084616633214
4349,0.020182433470308053
4350,0.06880709444143976
4351,0.1044961585112258
4352,0.9751982153443648
4353,0.48539534403239515
4354,0.26726303756340336
4355,0.1731212961965094
4356,0.9093373569469052
4357,0.20417048454173864
4358,0.35393018965373024
4359,0.0344312848306254
4360,0.9346361043199728
4361,0.5458301838412841
4362,0.8022053762080064
4363,0.1604912839203266
4364,0.8409969394113654
4365,0.37005363590417456
4366,0.31882819187766986
4367,0.9334980384879477
4368,0.00609964643767945
4369,0.1505869515754061
4370,0.3640997260932746
4371,0.2557850349367138
4372,0.9978338447528574
4373,0.14422328038685253
4374,0.2537934002418228
4375,0.6819171568283591
4376,0.18898358889945985
4377,0.326225506826435
4378,0.9298520641321124
4379,0.9994362681092224
4380,0.2623316945735277
4381,0.12232039931876856
4382,0.27282296748269885
4383,0.46579619559198515
4384,0.8365714582741145
4385,0.17435731279217534
4386,0.32949123527933993
4387,0.0018510765284695
4388,0.21577229369883225
4389,0.1645079421258059
4390,0.8098923247896771
4391,0.21538222066694915
4392,0.8870197731118017
4393,0.26521528613582657
4394,0.5676334740311177
4395,0.1478076436019869
4396,0.7798118677243049
4397,0.0059882504158992505
4398,0.9959165510462831
4399,0.24307276479045664
4400,0.8971329708798967
4401,0.41922761775314077
4402,0.32371759964691954
4403,0.0571894039482895
4404,0.1701901773424197
4405,0.2753508189794767
4406,0.010056160699243501
4407,0.23085792278801442
4408,0.4573191906109443
4409,0.31715330282718646
4410,0.07205709874970365
4411,0.0107820647006973
4412,0.0765374197964403
4413,0.1529401455031561
4414,0.7521875706306267
4415,0.141644476962754
4416,0.42588961885559307
4417,0.17312855680214564
4418,0.08592050182948956
4419,0.45753720884052773
4420,0.12201700510577329
4421,0.040144401873398156
4422,0.0037894911171956
4423,0.32179785985426657
4424,0.03858299560472895
4425,0.20384912310427764
4426,0.2715434763452431
4427,0.03505428842411795
4428,0.1116771662538481
4429,0.286875749054024
4430,0.1173404653289755
4431,0.5209621225635195
4432,0.0026241116259120498
4433,0.27338840424248584
4434,0.1943886110514899
4435,0.32574337289538735
4436,0.030315155794979853
4437,0.5618164814162248
4438,0.23380226048129366
4439,0.3419415072652622
4440,0.7961541396506611
4441,0.042557550312972744
4442,0.6180566387324109
4443,0.2678468761045476
4444,0.36525541644866055
4445,0.31634223338659606
4446,0.17903813786450065
4447,0.5674432561949003
4448,0.17063964535579415
4449,0.7860217933188167
4450,0.2696623340715572
4451,0.8731987006610857
4452,0.9167159819877972
4453,0.48075518426152597
4454,0.8698296852273544
4455,0.11077667561935695
4456,0.24572508831159529
4457,0.9640562129653153
4458,0.11135026567565215
4459,0.3703764749059382
4460,0.8052331483872013
4461,0.18377515320666704
4462,0.1029626847421877
4463,0.03636249855956595
4464,0.21606940003898895
4465,0.08818252702034445
4466,0.27574232026925083
4467,0.9940134824032141
4468,0.9125556902478704
4469,0.1586529669744298
4470,0.2707531020435626
4471,0.057944796773472904
4472,0.42253101998887355
4473,0.3942449174289728
4474,0.47216737550243476
4475,0.980759996591462
4476,0.3983421965384861
4477,0.15971288280013635
4478,0.8326166119177902
4479,0.32685283727198833
4480,0.72745558413177
4481,0.253518114576909
4482,0.1204708942216972
4483,0.9282347270411977
4484,0.11477704602854305
4485,0.17067481743355595
4486,0.9040434110580784
4487,0.2658602125432466
4488,0.20718483637156995
4489,0.1044271951942663
4490,0.2368124636363637
4491,0.00447645436953655
4492,0.13661795932791626
4493,0.5415655324187929
4494,0.4249113457149222
4495,0.35187237500947943
4496,0.3955071134711544
4497,0.4356754866080764
4498,0.07142048838174804
4499,0.12193217855888114
4500,0.5040350565426609
4501,0.1049446000592104
4502,0.42795866067408417
4503,0.9698520335437419
4504,0.4597428175160934
4505,0.3469893242359195
4506,0.673138196452155
4507,0.28533662132716253
4508,0.03032726506371405
4509,0.0964031621138786
4510,0.39814486125699544
4511,0.3698815149437753
4512,0.10180889498120939
4513,0.0030204764005874497
4514,0.1526325907043896
4515,0.6032724047286686
4516,0.913953545921542
4517,0.3125997361917827
4518,0.9513937367199901
4519,0.2513885913559271
4520,0.38703054152412963
4521,0.7264965522055956
4522,0.3720946673917311
4523,0.9193541378606578
4524,0.6960761304858477
4525,0.92793866106249
4526,0.18327852800397215
4527,0.11321465476277584
4528,0.005411808879525549
4529,0.9506053355601639
4530,0.6024526652538333
4531,0.12190325850200535
4532,0.05299666321717875
4533,0.41824979279256547
4534,0.7941281579112288
4535,0.14956178458209157
4536,0.5362822691014285
4537,0.188916467360551
4538,0.17909220522953354
4539,0.6006663675970579
4540,0.45781082310975174
4541,0.0708229661330397
4542,0.10955286247842826
4543,0.9640873044223552
4544,0.9563189848386853
4545,0.188691181724923
4546,0.44954729327788145
4547,0.25969098849092387
4548,0.7541707283611042
4549,0.1050027295439125
4550,0.3214386116117993
4551,0.9024514949492042
4552,0.7374138999333512
4553,0.40631037483266647
4554,0.1872012015604496
4555,0.3420660392115101
4556,0.20078729473331763
4557,0.7214198066620492
4558,0.9508831260690213
4559,0.6790121117505785
4560,0.00507654209561465
4561,0.04563128344635435
4562,0.9539313030480775
4563,0.08056722361930789
4564,0.1756975710016339
4565,0.3530281549937363
4566,0.2880894206769688
4567,0.5359236420379112
4568,0.0249067131285622
4569,0.0799789008862698
4570,0.06658810735674435
4571,0.1081125157805101
4572,0.32471187642109395
4573,0.14463140148227455
4574,0.5801141331652461
4575,0.07480709179797636
4576,0.3292201393298626
4577,0.4312114515030414
4578,0.20215117137619484
4579,0.1242726619215922
4580,0.3131806455340619
4581,0.33039328195835066
4582,0.9011791710692596
4583,0.1376680100297115
4584,0.9417240629806689
4585,0.8661434341951592
4586,0.36586469012963435
4587,0.5241101542921904
4588,0.16954418066542154
4589,0.13745039550990945
4590,0.18863648528044125
4591,0.03994688999426025
4592,0.1332718878934532
4593,0.06855935682851169
4594,0.9406108768656372
4595,0.1515640254715712
4596,0.28110529818982477
4597,0.9551574683330466
4598,0.4075437789538022
4599,0.6993721247398774
4600,0.0381771947145649
4601,0.03440874334617505
4602,0.1776834998833591
4603,0.13899468008575286
4604,0.05478607555369325
4605,0.3208916939287968
4606,0.26758399851408476
4607,0.3068445973376626
4608,0.9605333854410874
4609,0.0597308034209758
4610,0.9414535072766006
4611,0.2396408473298422
4612,0.3453593019340373
4613,0.2693538634787879
4614,0.9009857142593298
4615,0.9657883344090422
4616,0.15229638190083494
4617,0.4837805276293145
4618,0.9714197574307154
4619,0.754639423144184
4620,0.9526131919349377
4621,0.16640203555699964
4622,0.6101722693697262
4623,0.22115244958666586
4624,0.5067159755072458
4625,0.0159629620371978
4626,0.30242303233428575
4627,0.18528006151874624
4628,0.9436322056115937
4629,0.33479598544374023
4630,0.25522399992192646
4631,0.8779309069776113
4632,0.20951460330190835
4633,0.8229071845766551
4634,0.09520231582289501
4635,0.1897340703952734
4636,0.22917056774969274
4637,0.931867015448506
4638,0.22293330892718755
4639,0.14439671617665326
4640,0.24639281582466804
4641,0.19231916785015563
4642,0.9599115133264264
4643,0.9985957662604179
4644,0.9950216236695111
4645,0.023866103822222297
4646,0.6967787953441558
4647,0.2722074497504008
4648,0.13807955787175405
4649,0.648667364298019
4650,0.05422534757734625
4651,0.7512058807936113
4652,0.07069115266321885
4653,0.4483111831820922
4654,0.24559415542395985
4655,0.09429751440678219
4656,0.7098872345917842
4657,0.9349819865544375
4658,0.1066084454004777
4659,0.7431632093014033
4660,0.3286058372357569
4661,0.3704700859153377
4662,0.1680637069449852
4663,0.2290287708321625
4664,0.33615155484111126
4665,0.00868609939115405
4666,0.5851242011947733
4667,0.044454803026224995
4668,0.166442801814074
4669,0.09659323478476714
4670,0.4584342553010242
4671,0.9919403488607651
4672,0.3475019352820258
4673,0.04233446020486025
4674,0.0322545943243621
4675,0.921685999542528
4676,0.1372302086239939
4677,0.18683779968706285
4678,0.09457375709280685
4679,0.919027834305787
4680,0.20668344302284664
4681,0.12544914509348415
4682,0.1087069266022965
4683,0.5811833895141976
4684,0.0925321567860813
4685,0.7163841713141792
4686,0.5680384942106839
4687,0.0811104665000747
4688,0.18989456048886916
4689,0.2418425199225493
4690,0.16903149256813796
4691,0.4276270549319674
4692,0.18862615259901142
4693,0.9727821542356314
4694,0.12071230888740525
4695,0.6215621520941582
4696,0.30866968748271706
4697,0.5950770178989678
4698,0.9807703226135109
4699,0.2326059011899888
4700,0.6278503412506025
4701,0.2980651536556757
4702,0.0486597315302732
4703,0.4892191620234524
4704,0.05246862365825394
4705,0.2872313382299636
4706,0.1734106315920856
4707,0.04630581608443425
4708,0.2940971952481897
4709,0.15585130698329389
4710,0.4712118096128573
4711,0.9445433083244139
4712,0.49558741298530495
4713,0.12506178001019136
4714,0.0155261671433671
4715,0.2748672263564894
4716,0.0024044954644239
4717,0.1624237981212328
4718,0.7953626500408604
4719,0.516862735733492
4720,0.09926565991655124
4721,0.3446404535154546
4722,0.9521374592407943
4723,0.8557406966956609
4724,0.22002557431080344
4725,0.0620335310186392
4726,0.2799206398038569
4727,0.26109687341423
4728,0.363117575588284
4729,0.0797151065070741
4730,0.046691055930820194
4731,0.040924117131775496
4732,0.2755470077319479
4733,0.9501510182310565
4734,0.1300717919590663
4735,0.09020554769772154
4736,0.879935139981197
4737,0.4001582005451012
4738,0.8081890802429215
4739,0.5563317359840345
4740,0.9891183861426398
4741,0.07874815517561624
4742,0.9291485379020112
4743,0.196021577966968
4744,0.28479355898359215
4745,0.470954041783983
4746,0.26875632459090404
4747,0.19850604964597018
4748,0.053119961046744
4749,0.3918305132088463
4750,0.7430771174371257
4751,0.9470484817771825
4752,0.16692838402428728
4753,0.38417264044027977
4754,0.3490846701977063
4755,0.4047579731386648
4756,0.06989507136438125
4757,0.17771752589826378
4758,0.2508751019339515
4759,0.293581013341055
4760,0.9234344959680907
4761,0.6841290517111139
4762,0.2092063533752569
4763,0.0590584554946095
4764,0.05834454798017345
4765,0.48812901412787557
4766,0.3491475235296427
4767,0.6834648792871518
4768,0.9191074037801177
4769,0.5671492541680817
4770,0.07352294005352321
4771,0.14253575471064242
4772,0.23748188268006856
4773,0.0666859510616121
4774,0.6826323286726248
4775,0.01871947952698325
4776,0.21369359733983215
4777,0.1424994385962221
4778,0.048645808680625756
4779,0.9723429117236696
4780,0.9841191125231574
4781,0.45771840370896605
4782,0.9800725476546022
4783,0.3474717683757112
4784,0.4813455408499861
4785,0.2527740519859954
4786,0.12756585600521905
4787,0.8447227183546853
4788,0.3026827854339675
4789,0.02167542928536275
4790,0.0413297248304496
4791,0.044307222834500753
4792,0.8285002696598789
4793,0.9771845331005223
4794,0.23356113942113632
4795,0.03369880935602825
4796,0.991073091887489
4797,0.05576554943954765
4798,0.844383349390992
4799,0.6963091641152642
4800,0.6390902835880901
4801,0.6431680996042626
4802,0.053193044397321254
4803,0.07677096869690996
4804,0.11804865423400811
4805,0.0877589135796327
4806,0.489332965471436
4807,0.9384392203479393
4808,0.24317673179988464
4809,0.15271182618422208
4810,0.14115016999646307
4811,0.3088407015973541
4812,0.3233577500861504
4813,0.7612243477528873
4814,0.9221443768350746
4815,0.43802213362122705
4816,0.5560412197685128
4817,0.1095440661536798
4818,0.3817764723856341
4819,0.3731161086241117
4820,0.9891326356105152
4821,0.7182056864574844
4822,0.06108815125766665
4823,0.7471533750029637
4824,0.48989020766838487
4825,0.769089395389515
4826,0.1247274795478429
4827,0.25606959851079186
4828,0.1022815506205441
4829,0.16706814022576696
4830,0.15676170150183305
4831,0.43910190546686567
4832,0.41780231685729297
4833,0.2958718113135192
4834,0.20373807750515427
4835,0.1484040377435893
4836,0.16542185145810365
4837,0.20174499275761104
4838,0.1091608855796764
4839,0.046655347195995796
4840,0.9411023043170987
4841,0.45446379367693457
4842,0.9721837160153617
4843,0.2008266251261552
4844,0.3211404903530237
4845,0.29185023754371536
4846,0.08416308418011505
4847,0.9525559531562497
4848,0.7702659888383194
4849,0.0269484747941861
4850,0.53198416610397
4851,0.19644969855072658
4852,0.5748563395696664
4853,0.7241438938998566
4854,0.6402817020815199
4855,0.40076702204092407
4856,0.6959211000970316
4857,0.33350271455409547
4858,0.2814102268767474
4859,0.1590124573635239
4860,0.25502716477467835
4861,0.8253916776639938
4862,0.19119797820444773
4863,0.09763231300976549
4864,0.7502603519697155
4865,0.4170457724313884
4866,0.02436709547433915
4867,0.31914424214557613
4868,0.3737601907337855
4869,0.01096477481653715
4870,0.34317248854483173
4871,0.4975052069258339
4872,0.5585934979953474
4873,0.293337803203862
4874,0.9637131024338514
4875,0.47477635631853454
4876,0.1175490733178384
4877,0.13119756576993005
4878,0.8343096339659404
4879,0.7509087248987032
4880,0.815030332266834
4881,0.8963359922756754
4882,0.22280309687043576
4883,0.23018713616262274
4884,0.3466189554339876
4885,0.8215487065002021
4886,0.9416454195684748
4887,0.05202768411128385
4888,0.16687172479274448
4889,0.44728319097417746
4890,0.11713785262728445
4891,0.7340873995103787
4892,0.9752479343678688
4893,0.8850095898660923
4894,0.3223481573372715
4895,0.3330736205710225
4896,0.6795867930227064
4897,0.8508284965044408
4898,0.3033144860010946
4899,0.8949908550012446
4900,0.0468828829623669
4901,0.8459986016861367
4902,0.4046991783070414
4903,0.16993068711094914
4904,0.18719584392150054
4905,0.4260165651450675
4906,0.06049031164479331
4907,0.6816659630323092
4908,0.1212132006480291
4909,0.20453457760203406
4910,0.92587138140261
4911,0.3613893284939052
4912,0.13323700775962463
4913,0.8658484225928142
4914,0.16012795065887725
4915,0.949901156005632
4916,0.6067380301924143
4917,0.6950144167208393
4918,0.9611532100839145
4919,0.7182302968919682
4920,0.13248250283252855
4921,0.9406980630701702
4922,0.9637613275663258
4923,0.039775034573978504
4924,0.9365749905318423
4925,0.3408317244974962
4926,0.07993477213341635
4927,0.8711687063935769
4928,0.6772561957940229
4929,0.11093476060255295
4930,0.9573846162201007
4931,0.8508172328440382
4932,0.7087254200107143
4933,0.9783262858317576
4934,0.3258132285237636
4935,0.20419125395846924
4936,0.18362565256083185
4937,0.6310997652523731
4938,0.18964398693171186
4939,0.9159064734920922
4940,0.10456083359579815
4941,0.05030513368081975
4942,0.5760750628138357
4943,0.04448724073928255
4944,0.13359162566391275
4945,0.2861753746570441
4946,0.3229781216164438
4947,0.2218283783763242
4948,0.3900024330344141
4949,0.850845448573994
4950,0.5626655279419928
4951,0.3446421449004138
4952,0.44153131256027245
4953,0.38277760451965687
4954,0.711335006829138
4955,0.6411085684679314
4956,0.29088700631667413
4957,0.31257160073661827
4958,0.9734733757920869
4959,0.6611585788811726
4960,0.0088786782352764
4961,0.7930299293757692
4962,0.2572831869624676
4963,0.44539576210650655
4964,0.851793763373816
4965,0.09509182433811975
4966,0.06312925273160215
4967,0.5161170329358319
4968,0.021060909053356003
4969,0.3934890379455728
4970,0.9676986630110795
4971,0.3417796015813257
4972,0.2139403318690872
4973,0.05845919770323625
4974,0.13130665482773177
4975,0.7953124249165668
4976,0.3580376877190304
4977,0.7430734421412927
4978,0.07677614306466575
4979,0.8480101982746104
4980,0.664424721670074
4981,0.0220301648839128
4982,0.2291347267399069
4983,0.9091087309981494
4984,0.5125653984666136
4985,0.6385392658153624
4986,0.98071207162352
4987,0.9641330179605818
4988,0.11412512738544241
4989,0.002487897728876
4990,0.03393120809249675
4991,0.6759443873081019
4992,0.0494238355036993
4993,0.1932813102892836
4994,0.31812385716166636
4995,0.08456105162769684
4996,0.9361061953397554
4997,0.08579740864269905
4998,0.4806575259942655
4999,0.6773295960118304
5000,0.1160974748507286
5001,0.0679079924372821
5002,0.21785431918873355
5003,0.6653463433510645
5004,0.5797426854658922
5005,0.2718122301934372
5006,0.17265221528651706
5007,0.7577620818649995
5008,0.9314221874457242
5009,0.1882345766323007
5010,0.01443211629113385
5011,0.623916514786196
5012,0.13885294981917656
5013,0.2555334124260678
5014,0.3180584269555409
5015,0.7081121206338454
5016,0.8590889153940381
5017,0.5773418910503564
5018,0.9421873163096727
5019,0.9421908540751964
5020,0.0848387412139365
5021,0.41177706419191995
5022,0.06897669022321755
5023,0.00425703272016735
5024,0.49798869792652467
5025,0.2139099210443946
5026,0.17322580506452298
5027,0.2254312129893313
5028,0.9945114963806794
5029,0.8625345121995478
5030,0.0521962217896241
5031,0.15731768328322068
5032,0.35678905178922404
5033,0.9136379330773035
5034,0.8823494165728702
5035,0.09029720531327275
5036,0.08129277494166465
5037,0.00493970380514025
5038,0.08950469880498894
5039,0.49675799225186057
5040,0.8805708389535218
5041,0.35864385596740866
5042,0.9419797155298698
5043,0.1781228511361176
5044,0.08482359606404019
5045,0.5073322033174317
5046,0.28191922161090177
5047,0.01040297842550175
5048,0.5275734950344053
5049,0.3644193130414216
5050,0.2620886189094072
5051,0.7864880083434025
5052,0.08215046981260304
5053,0.3127989512052413
5054,0.2910261339186291
5055,0.09412127244686745
5056,0.9122629945385916
5057,0.09410131374452284
5058,0.9385522877545424
5059,0.2713348067897951
5060,0.3331229911582636
5061,0.16818945461523116
5062,0.09588992915208891
5063,0.08535207140911745
5064,0.14794157626006682
5065,0.5465301621414886
5066,0.6294124885482473
5067,0.2187166575901016
5068,0.9482968955803115
5069,0.6691422783848873
5070,0.9468260865210902
5071,0.23482252727495528
5072,0.127606218094168
5073,0.1375833931499799
5074,0.0465215938471924
5075,0.625226258499162
5076,0.5489893543788285
5077,0.2506545049624689
5078,0.3408711243977207
5079,0.9480508052001237
5080,0.12313991749743121
5081,0.01885198284663565
5082,0.2605666919072111
5083,0.22233467366182139
5084,0.0104220034554967
5085,0.9363251266706574
5086,0.9965394390593645
5087,0.041363137471401704
5088,0.21350582568079957
5089,0.0776582359999744
5090,0.49284943498867606
5091,0.2311801398669641
5092,0.988562635781763
5093,0.546096129272302
5094,0.22882688341215057
5095,0.256170448844439
5096,0.11355001409169284
5097,0.11696879678522284
5098,0.3581863356720669
5099,0.01114289689364385
5100,0.22815401217702225
5101,0.4970476517942397
5102,0.7086943275137176
5103,0.07140421827087275
5104,0.046044142450163694
5105,0.2069215988998953
5106,0.9958983800345362
5107,0.9619061061115216
5108,0.6769175714512159
5109,0.8833708338828616
5110,0.08536732334099209
5111,0.9390944991024154
5112,0.8733379028265252
5113,0.4056007203952406
5114,0.9081894653472178
5115,0.8671991172449406
5116,0.5417030431101952
5117,0.8234857325413409
5118,0.8356139192747501
5119,0.14577763575515135
5120,0.9319779296883952
5121,0.16545774225228962
5122,0.1694457178343451
5123,0.864603243126651
5124,0.053175705063427905
5125,0.9279633971988355
5126,0.29029140880800774
5127,0.63639784527311
5128,0.22493872317516134
5129,0.5758252714794063
5130,0.16167089364348367
5131,0.08697152769072815
5132,0.36193316715128354
5133,0.3857909029448088
5134,0.7101896493377708
5135,0.5836203778632918
5136,0.02522753073642605
5137,0.7480369807074346
5138,0.09171990632070394
5139,0.35106601007615634
5140,0.23744919615237248
5141,0.3849599720838172
5142,0.32985065765799065
5143,0.021519737195797802
5144,0.0409098753554603
5145,0.012318405081226102
5146,0.12953150088614374
5147,0.10204228220786596
5148,0.1319836816940809
5149,0.06853968592724441
5150,0.466571237084674
5151,0.8082429088113277
5152,0.26065935855279515
5153,0.16912779765062566
5154,0.974415502875092
5155,0.29835958517993527
5156,0.04232387280477885
5157,0.1022631891861548
5158,0.03698192371803685
5159,0.178859161114849
5160,0.29114268024680495
5161,0.13438754420824428
5162,0.03185046975856455
5163,0.3066641424585341
5164,0.09494639746579694
5165,0.4043060505895201
5166,0.6059143272331285
5167,0.2770886462899228
5168,0.2554898906255723
5169,0.22910311911074044
5170,0.343479024232928
5171,0.8030429131007446
5172,0.7541815449999916
5173,0.23730783573220823
5174,0.12979827626135926
5175,0.9985705799986015
5176,0.5495693565176851
5177,0.9466807769120288
5178,0.9239569353070074
5179,0.9352558178065824
5180,0.1095817379426058
5181,0.3104130806195057
5182,0.40873786131818046
5183,0.01033257070425235
5184,0.3527140591907191
5185,0.14837757006842026
5186,0.00258470061730375
5187,0.21922553604563466
5188,0.9834526411357187
5189,0.13828971194763004
5190,0.2502039124376346
5191,0.45960228988890206
5192,0.28242200435407455
5193,0.4754760693403184
5194,0.5323109646954332
5195,0.5359894828362455
5196,0.2252952279529951
5197,0.10186421958822024
5198,0.12047955596014634
5199,0.05138525781264855
5200,0.019757339802152253
5201,0.2952264481847998
5202,0.27704628521882657
5203,0.09924461973648036
5204,0.3817711851056466
5205,0.0442026702172104
5206,0.2028317731604356
5207,0.7018971556525602
5208,0.0882088134966723
5209,0.613955953790811
5210,0.9571751181589593
5211,0.8872985459543935
5212,0.4709957509127862
5213,0.3502667147762435
5214,0.130521306350135
5215,0.7204858861819015
5216,0.8594719599060111
5217,0.12784064509047816
5218,0.652576906839505
5219,0.00801133756188715
5220,0.9262266938428532
5221,0.12033729220899256
5222,0.18069676968670495
5223,0.411256809241174
5224,0.6941507966598547
5225,0.042021708601471405
5226,0.9520105415425446
5227,0.8249179629316767
5228,0.8450910308908641
5229,0.9876881312201201
5230,0.1651866552427215
5231,0.5682882404324442
5232,0.9203972290262528
5233,0.1343583485501449
5234,0.18964965085750948
5235,0.06618200652180531
5236,0.04991049661835975
5237,0.8990486839194619
5238,0.33600692041023195
5239,0.1205581819163485
5240,0.11136467183312676
5241,0.14428686597595355
5242,0.13436460280352974
5243,0.2353492766432829
5244,0.9810002091680503
5245,0.6177149466868832
5246,0.2825022728931677
5247,0.20444938847336422
5248,0.20202998884967824
5249,0.43994771909089503
5250,0.4428377877731769
5251,0.4911000082361096
5252,0.6173115134606478
5253,0.043768275618674156
5254,0.1338482064530319
5255,0.46132919721427185
5256,0.030571932422780897
5257,0.4564200790500468
5258,0.8513687949040227
5259,0.7569928594172924
5260,0.2249032118247682
5261,0.1098153005450046
5262,0.761024851594077
5263,0.05489999928212935
5264,0.4452114178473032
5265,0.21468667765323055
5266,0.958757596087747
5267,0.014985042243869649
5268,0.37601432576076943
5269,0.08210800907705361
5270,0.42304429339079735
5271,0.2983304668974932
5272,0.9341574812978282
5273,0.0680387986625542
5274,0.5297176750151997
5275,0.8405196041463529
5276,0.35498146463700814
5277,0.8052945690990165
5278,0.40214027496918914
5279,0.07583292499730485
5280,0.0751371897078765
5281,0.0151242262776391
5282,0.9606186464755246
5283,0.19705872735487404
5284,0.09451901560497035
5285,0.03356100299865815
5286,0.11594603138048204
5287,0.24850026184635376
5288,0.1868825523506584
5289,0.21866829089561923
5290,0.0250548148958296
5291,0.9749890448707591
5292,0.5157715740765212
5293,0.3187383842627883
5294,0.8247891405896717
5295,0.0862284614396503
5296,0.2998480403147148
5297,0.03152863616174835
5298,0.45534689435118625
5299,0.00914683733832705
5300,0.0834790024695684
5301,0.5515089207138533
5302,0.6141266385366089
5303,0.3343445282138061
5304,0.28992062099671034
5305,0.18775325588546152
5306,0.28051577514401893
5307,0.9018845381537269
5308,0.250649152397242
5309,0.25862604927346033
5310,0.10499695640741055
5311,0.836361655379132
5312,0.3791050998740929
5313,0.15445821625327866
5314,0.7535004653532418
5315,0.37895976561453887
5316,0.2748889785101688
5317,0.25872930781938985
5318,0.044196989413180496
5319,0.7267515784226253
5320,0.24549454293590725
5321,0.23804997392874477
5322,0.27464505070815654
5323,0.1445455041517276
5324,0.8760510305883885
5325,0.3956710116275519
5326,0.0131904184204158
5327,0.12679179855828074
5328,0.21733405497530295
5329,0.9294882199429889
5330,0.06939282450792415
5331,0.2972865905769916
5332,0.05035602354603565
5333,0.1379980647993973
5334,0.9417140837143856
5335,0.6530580160158932
5336,0.0480940501364771
5337,0.16592229161604188
5338,0.5305883151335927
5339,0.26605548088716
5340,0.08086449401431729
5341,0.01595559813210205
5342,0.9490974058501718
5343,0.23282291560466525
5344,0.12243094234087726
5345,0.06739145435999874
5346,0.4417254481826286
5347,0.9245179108857791
5348,0.18263899681920234
5349,0.15841938724069074
5350,0.8143491058920479
5351,0.988463276555587
5352,0.7735898665802854
5353,0.14610701554599292
5354,0.38999087595693993
5355,0.8312071624730826
5356,0.13059116172664614
5357,0.3698009480134783
5358,0.9941903169235851
5359,0.0517667971221748
5360,0.2005753683190448
5361,0.7991126200959859
5362,0.29241116314370835
5363,0.0599976977494827
5364,0.030209494299852348
5365,0.9545983651153414
5366,0.009735264425287202
5367,0.01333857110510615
5368,0.872026472587859
5369,0.8198610567397826
5370,0.14295221901714225
5371,0.14202158969850875
5372,0.0720130328634563
5373,0.3952253851948165
5374,0.04038740857325015
5375,0.1144757624658363
5376,0.24046943431876594
5377,0.07380789842704266
5378,0.1799989393577286
5379,0.43384061084592773
5380,0.5846102576381884
5381,0.1402734855982232
5382,0.40679360593856406
5383,0.3173870614292273
5384,0.22826479197078206
5385,0.16869390725208325
5386,0.10089745052068555
5387,0.7224215832475911
5388,0.08534999771015525
5389,0.9498435425082431
5390,0.629098644555063
5391,0.0573881413963912
5392,0.034689696510738104
5393,0.9757567408117662
5394,0.2108099452336717
5395,0.8160019019175533
5396,0.266288018773058
5397,0.44708880676881846
5398,0.3536839286155108
5399,0.468944853254345
5400,0.10720212127018011
5401,0.5396105032542013
5402,0.07608715106282055
5403,0.22417736983556985
5404,0.14175209000818034
5405,0.13201419987795665
5406,0.8662762485028519
5407,0.8162177329182383
5408,0.0831744571474925
5409,0.0621713501623021
5410,0.3775976515278754
5411,0.387361520039869
5412,0.9223025282186508
5413,0.25124312288333056
5414,0.0279502759555092
5415,0.9888057177244406
5416,0.12947517343573806
5417,0.2689201501696889
5418,0.2137927363972495
5419,0.5165374896391668
5420,0.19147750375359185
5421,0.21563053005958327
5422,0.2409610977490956
5423,0.1665934370020083
5424,0.9501930919727445
5425,0.9471558592828778
5426,0.12188243976296124
5427,0.07395550872963591
5428,0.026826203923859947
5429,0.01005814391217135
5430,0.6819637660216464
5431,0.1836712939791911
5432,0.7961865904199268
5433,0.38020014481457876
5434,0.9455182476356615
5435,0.6602985550974996
5436,0.9715855499978252
5437,0.13925364312517
5438,0.3769430422492286
5439,0.5323410681785324
5440,0.8971415375642907
5441,0.04588884801455835
5442,0.1551094120655106
5443,0.5641102781678022
5444,0.07272422618386815
5445,0.8447746316614397
5446,0.2943597857064717
5447,0.3448801719028955
5448,0.16825353207677898
5449,0.007440056175989
5450,0.9581949046027227
5451,0.011424111436552649
5452,0.9409282742000873
5453,0.3398584126882527
5454,0.2067167496472761
5455,0.9205254105189782
5456,0.0630925672638471
5457,0.1805747044515071
5458,0.0314458993781777
5459,0.9073136018439136
5460,0.9440070127268454
5461,0.0978966325778381
5462,0.1363778359324684
5463,0.1692830030182843
5464,0.050516587942516504
5465,0.3503013715189798
5466,0.776245829657674
5467,0.9855113653327461
5468,0.2409874631296363
5469,0.2058271628625993
5470,0.9924181585733534
5471,0.5358604924434585
5472,0.21621906590676448
5473,0.024377794794533753
5474,0.40394177697272393
5475,0.02835100469509845
5476,0.1605815342879208
5477,0.8862706574221222
5478,0.4171778453217641
5479,0.9180349642871637
5480,0.22747154099828976
5481,0.2696824675508988
5482,0.08516938426227971
5483,0.5257207083828195
5484,0.7944578398576652
5485,0.37170500352109076
5486,0.1638985806384236
5487,0.5420061073627664
5488,0.4598770068015212
5489,0.3624680644077161
5490,0.15380840115409947
5491,0.7935598993009368
5492,0.22868595484195078
5493,0.09609410655337695
5494,0.8096852440362775
5495,0.8230134200703632
5496,0.058586002461817
5497,0.3743668614237361
5498,0.13284638778605284
5499,0.0342355154154302
5500,0.029577851402738248
5501,0.36826517485285415
5502,0.08647872722958394
5503,0.18421437765842225
5504,0.9725543046880711
5505,0.9625789678963923
5506,0.1194953366533071
5507,0.4611369793950898
5508,0.19343289139674694
5509,0.9745382531146719
5510,0.049821928016135456
5511,0.9869342303231604
5512,0.0302604510647305
5513,0.13112799402012135
5514,0.5193072699216337
5515,0.0370605187378896
5516,0.19428675054058195
5517,0.3040654217717327
5518,0.41341358705278064
5519,0.1246256717799513
5520,0.1103377789535363
5521,0.9907057357410523
5522,0.8131216347855936
5523,0.40628671321665
5524,0.951582018703629
5525,0.28162593844283657
5526,0.2835911733187201
5527,0.845969306619412
5528,0.0557547019380588
5529,0.1249219922887791
5530,0.268025662230966
5531,0.18498686001158596
5532,0.29443827757430263
5533,0.2706342208417747
5534,0.448189633052264
5535,0.150990571009924
5536,0.27614482012023783
5537,0.1997083136860418
5538,0.050662391250612795
5539,0.20911420702053418
5540,0.8020232289452509
5541,0.0406251067619654
5542,0.3963378369739183
5543,0.0316756890494971
5544,0.06507980500873829
5545,0.8480483398294651
5546,0.5901964242762489
5547,0.23218425040158183
5548,0.2007174194256771
5549,0.9779755145468387
5550,0.1508670448298425
5551,0.33268971354293225
5552,0.15387997545390691
5553,0.15724738302495916
5554,0.5667671268390833
5555,0.24579122737350714
5556,0.2614846554796393
5557,0.6995097305083924
5558,0.9590196036390284
5559,0.272330767997293
5560,0.9656054890497296
5561,0.7029867361197117
5562,0.0266502270785491
5563,0.271087076302053
5564,0.0862013583261897
5565,0.9821239917254765
5566,0.5341659958867826
5567,0.11753547820669866
5568,0.15557630482337892
5569,0.2276072211307946
5570,0.9675899182963148
5571,0.11745194864566495
5572,0.0077955615358701
5573,0.2008648983091825
5574,0.8248072627322145
5575,0.5258103733992421
5576,0.15337317552650245
5577,0.13132557413199916
5578,0.3940475428960319
5579,0.09158253015608545
5580,0.9851117414678032
5581,0.3675096625229832
5582,0.0842040548949031
5583,0.0849781817209061
5584,0.6290395585927788
5585,0.0789046493489271
5586,0.5234729598843783
5587,0.7504997797510236
5588,0.3823035551806684
5589,0.3820826801206877
5590,0.1803660060756886
5591,0.11424603971064115
5592,0.6170872666809368
5593,0.0376700938807645
5594,0.15065184290398465
5595,0.225573828288899
5596,0.67070820345386
5597,0.9504305299300789
5598,0.13366416478173976
5599,0.9079588498669204
5600,0.9433889335381282
5601,0.25330717240500866
5602,0.24099157479612246
5603,0.6310582123858701
5604,0.035976970286067
5605,0.7664716335052764
5606,0.3367803621552108
5607,0.01818595284713715
5608,0.5626646715909371
5609,0.8273599641630274
5610,0.1952522741872264
5611,0.23499369676417645
5612,0.20123972888084873
5613,0.4028842063982405
5614,0.3439976941265751
5615,0.00601824438019215
5616,0.1795488458645878
5617,0.8407882720148564
5618,0.9939993674603835
5619,0.31409064158157607
5620,0.17023374303005673
5621,0.4260622663477226
5622,0.1015746917975745
5623,0.01998134199580245
5624,0.268211823041892
5625,0.7474362126486933
5626,0.32510014847330615
5627,0.9942669628759792
5628,0.2026067429872495
5629,0.3516194964523704
5630,0.9592810608307478
5631,0.09447367514764515
5632,0.12279986909360624
5633,0.037330293702235756
5634,0.5913457620767756
5635,0.20012502873468616
5636,0.00963347111482555
5637,0.307997482200114
5638,0.8051611235956881
5639,0.0202982841044665
5640,0.09899780900279345
5641,0.3526105959157736
5642,0.1124346007354715
5643,0.8070950416123204
5644,0.226587209676906
5645,0.1454873771355511
5646,0.7770044906580795
5647,0.19507642889419083
5648,0.12388812933211191
5649,0.1631310674072623
5650,0.06454771412474855
5651,0.3358406110060286
5652,0.15694890092371044
5653,0.06659095013108325
5654,0.059812579764368747
5655,0.9391440129400639
5656,0.39314733106157107
5657,0.39020973503222056
5658,0.09013512123574276
5659,0.3004554730994219
5660,0.1241607182324546
5661,0.8456552942437903
5662,0.1766428075731103
5663,0.3826318395679834
5664,0.04740590819321225
5665,0.9034536438179729
5666,0.25368139938665285
5667,0.9138428966192984
5668,0.9942844386636229
5669,0.46550861278177097
5670,0.8763456941841297
5671,0.21119741456252508
5672,0.11271696590550295
5673,0.4917023882643685
5674,0.8143523092226321
5675,0.4045231192548319
5676,0.9917880312835343
5677,0.22017440589620257
5678,0.23025959249917743
5679,0.9680222982474005
5680,0.088703336029094
5681,0.1821594608201145
5682,0.5979123303888771
5683,0.3822757749438216
5684,0.20033494124119788
5685,0.28480086891018236
5686,0.24639686743847217
5687,0.3493327610460352
5688,0.14381665330970764
5689,0.1399059740648259
5690,0.10175055226522689
5691,0.06537694217894185
5692,0.1124039341694274
5693,0.45720266023161404
5694,0.21196480979388493
5695,0.560147309561258
5696,0.5186258813545058
5697,0.45411165911342055
5698,0.19222880035671408
5699,0.5347720593528735
5700,0.2191701459450841
5701,0.9598612069378697
5702,0.2639037155963847
5703,0.4689345460035368
5704,0.8563317726618453
5705,0.7425705576380027
5706,0.2692897530935173
5707,0.1215301669198967
5708,0.3051558857709649
5709,0.8767510305738101
5710,0.9379508765092162
5711,0.2412233925474681
5712,0.0100666378566444
5713,0.09321837032500735
5714,0.45589442959420234
5715,0.13140933650096237
5716,0.0136360427175476
5717,0.903087144199042
5718,0.907582943471387
5719,0.0076763815302256
5720,0.5765719945371931
5721,0.0168734947592784
5722,0.988277534848192
5723,0.6118485545390376
5724,0.11163663052905799
5725,0.2088080024035831
5726,0.47651664215620065
5727,0.9408503900684322
5728,0.832760072321906
5729,0.04349647777400135
5730,0.47625140772151076
5731,0.9573610660252669
5732,0.09963834332264115
5733,0.4309997845606085
5734,0.9903703903800952
5735,0.1074669840290859
5736,0.00677055119240715
5737,0.9014862123739893
5738,0.8679280827257189
5739,0.0563071102341212
5740,0.417247772342363
5741,0.20264185971884666
5742,0.295629792889335
5743,0.8896469258687105
5744,0.46120747384761906
5745,0.0306783911955381
5746,0.13743817185607451
5747,0.25609439773371034
5748,0.22538149946852193
5749,0.4796870393706544
5750,0.958754442826734
5751,0.02545114623477665
5752,0.2972733173345815
5753,0.12184907637233394
5754,0.0448342335987146
5755,0.16896648558644906
5756,0.036291665956739
5757,0.3885041406192573
5758,0.887837002104833
5759,0.42831619678223976
5760,0.09720321157610955
5761,0.02640431362190545
5762,0.5488143879917985
5763,0.9308965903116663
5764,0.0029828743556924
5765,0.771404496153541
5766,0.9796118139255718
5767,0.1708805098949512
5768,0.8550485220870347
5769,0.02198159574602675
5770,0.24910619382933288
5771,0.9947203237128005
5772,0.3723043491745679
5773,0.6954787496668219
5774,0.9342791337000895
5775,0.31112685350048525
5776,0.8492749099135175
5777,0.0100181916139111
5778,0.1439568727659633
5779,0.08716672879783299
5780,0.15498797644297893
5781,0.5346938919183157
5782,0.234522540740921
5783,0.565850702646181
5784,0.9332847063401436
5785,0.7693737557937036
5786,0.00635841230068475
5787,0.23610798735228394
5788,0.9645472725031573
5789,0.16390558363309352
5790,0.968716463522607
5791,0.9968188839857341
5792,0.17904812931280278
5793,0.40345780934902065
5794,0.31439166403122365
5795,0.2791905256693794
5796,0.29665069740137623
5797,0.9059328839390333
5798,0.9838208974659459
5799,0.12285739445595145
5800,0.5812578233456476
5801,0.42673438903600713
5802,0.9249410099103382
5803,0.6121677201967989
5804,0.2101733807691351
5805,0.25981196400704665
5806,0.8792909186286745
5807,0.10980969300524834
5808,0.9972376029411826
5809,0.07425434749009235
5810,0.188555978040656
5811,0.922360038620543
5812,0.9734788097925835
5813,0.9699953076626888
5814,0.9374406704030653
5815,0.9241064644105537
5816,0.9037053976167264
5817,0.9058332704810259
5818,0.14003192768078648
5819,0.9865523335272937
5820,0.45674578274941735
5821,0.1097237491092273
5822,0.996248700960612
5823,0.057689082439983844
5824,0.8499469783014417
5825,0.17222194394123475
5826,0.10226597144830969
5827,0.0878738358968178
5828,0.9206282955906138
5829,0.4351502910524414
5830,0.23995185354746704
5831,0.26692309497577815
5832,0.6054332184690598
5833,0.3779503806630327
5834,0.22991927993258685
5835,0.665576719622575
5836,0.2946556145465202
5837,0.6748055853168742
5838,0.09757966338335584
5839,0.0185640448061358
5840,0.0382598812495915
5841,0.9019002098917717
5842,0.2655411737537745
5843,0.355435474370559
5844,0.35628572157187927
5845,0.6433759775867146
5846,0.8943248997190965
5847,0.35543133264119725
5848,0.28490142915735783
5849,0.24178641077339585
5850,0.9741703179877779
5851,0.9225711594403787
5852,0.8411414971877513
5853,0.27447253770161184
5854,0.8335182850460313
5855,0.0480032273115244
5856,0.31225848856257415
5857,0.22307482807001883
5858,0.6768761048500171
5859,0.1416060507526744
5860,0.9328117848134874
5861,0.09405847920633255
5862,0.6967821197630619
5863,0.3205821982379455
5864,0.39137565033892247
5865,0.3417438561960822
5866,0.21839944640723702
5867,0.25406422431039555
5868,0.19742586620680036
5869,0.2274876112067483
5870,0.0119662666895398
5871,0.3057802643279011
5872,0.03974462694122815
5873,0.2769017851122805
5874,0.9811521945474571
5875,0.9970406645797107
5876,0.2100298775712082
5877,0.937053074233783
5878,0.32810721902042517
5879,0.16229929060280304
5880,0.4824781537478963
5881,0.3884237806985112
5882,0.0986508873366821
5883,0.3846052469345746
5884,0.8008428722056831
5885,0.05590137846538
5886,0.6288054945097554
5887,0.8998248879564821
5888,0.6626456811717212
5889,0.9213165834205723
5890,0.0401103701253461
5891,0.1566244514634957
5892,0.633962905637252
5893,0.17903378030992173
5894,0.172528177565083
5895,0.2808117400047941
5896,0.07522104768857925
5897,0.20242022630460682
5898,0.7289952060139516
5899,0.32178190282238295
5900,0.2707008354345551
5901,0.7506857929166411
5902,0.7293455202163903
5903,0.9142241658326915
5904,0.9622820068027438
5905,0.6151305570782335
5906,0.15871440288127425
5907,0.9743279219494625
5908,0.14458064136017448
5909,0.23153299196214575
5910,0.35229160667877446
5911,0.30047261251025287
5912,0.9366955205867743
5913,0.0302278426792929
5914,0.2538578316140324
5915,0.3639032401516906
5916,0.02518426399508095
5917,0.0651811891754962
5918,0.9189450029710874
5919,0.229973853158012
5920,0.9741138609494271
5921,0.20605814607022827
5922,0.22411737731080106
5923,0.2414387774434999
5924,0.4870490555015165
5925,0.2362967056909747
5926,0.958241083078588
5927,0.3645082751729017
5928,0.22790799666303277
5929,0.0468874862503379
5930,0.2685397405384965
5931,0.8861343629104788
5932,0.17144708125264319
5933,0.9002572439458797
5934,0.6224128015571044
5935,0.442498805261057
5936,0.0378006566528857
5937,0.2492547381143511
5938,0.5121973299112557
5939,0.02890261369834585
5940,0.9380322490988899
5941,0.2147233197438586
5942,0.2752736789204639
5943,0.2738730691486901
5944,0.5745117866438687
5945,0.9708893956612565
5946,0.20308391943193452
5947,0.2237741099470049
5948,0.2742393329995484
5949,0.7306922054299823
5950,0.053309932806707094
5951,0.5761047006668509
5952,0.2790978230791798
5953,0.5810860322518083
5954,0.5878482753140667
5955,0.1319809713844479
5956,0.8911340657852582
5957,0.790279800744087
5958,0.7784518558009773
5959,0.4024649897691661
5960,0.20240117799603413
5961,0.0185482014197854
5962,0.42015906388721935
5963,0.03788029620147045
5964,0.8481219025850615
5965,0.3294708267396895
5966,0.14405810491983215
5967,0.03433493438118485
5968,0.2046454146793702
5969,0.7404348964968923
5970,0.9176803513252706
5971,0.17887407227519875
5972,0.901457668710303
5973,0.3026606067612915
5974,0.8313345374041754
5975,0.6680794638374914
5976,0.03417613283772115
5977,0.48707556789956713
5978,0.4100601219581287
5979,0.8960779524030865
5980,0.4536475061354052
5981,0.46693479125389303
5982,0.1808171549398097
5983,0.0961433155065524
5984,0.8987536739784557
5985,0.16949402138470426
5986,0.3277738086141189
5987,0.10587934808891131
5988,0.7418207393689027
5989,0.8459072823958147
5990,0.10423847028178114
5991,0.9744566463060186
5992,0.232668010684012
5993,0.6214248434767746
5994,0.1035352427473619
5995,0.19363776005818148
5996,0.17436830663774255
5997,0.9030749555136848
5998,0.7971537206752497
5999,0.8247239334668962
6000,0.1221913632650003
6001,0.7401096274498142
6002,0.7016251347808968
6003,0.5402487506167247
6004,0.21088023280856524
6005,0.029021118350958053
6006,0.7157922144587565
6007,0.9399989365771564
6008,0.6892181871715738
6009,0.9230460729628833
6010,0.12677522861781146
6011,0.9232684793280246
6012,0.2936379339462944
6013,0.37220006102511816
6014,0.0991176030697632
6015,0.21369403266082546
6016,0.21098414154316245
6017,0.14034071733690504
6018,0.9937181718342996
6019,0.1153234396485415
6020,0.9518396906178116
6021,0.5133653078519185
6022,0.9451362056946472
6023,0.8598025604839632
6024,0.1099784842546702
6025,0.29231522129485743
6026,0.20319166374482636
6027,0.4853224205880121
6028,0.23680972183068238
6029,0.7076775809347836
6030,0.1518689036036699
6031,0.122616456027048
6032,0.22750856635694022
6033,0.1006735933779747
6034,0.5090528888840841
6035,0.3590163278338464
6036,0.9235223190112702
6037,0.6874929531784508
6038,0.8582904489575794
6039,0.0467700628791599
6040,0.21707255483581095
6041,0.9393690250482157
6042,0.9419367712342702
6043,0.8306776270417415
6044,0.9179862677233122
6045,0.8701456923695248
6046,0.0631836569943207
6047,0.2733836118301649
6048,0.4115837083077485
6049,0.6188216006421928
6050,0.0898094502929853
6051,0.3838594386828456
6052,0.24687659843265333
6053,0.0057665665133605
6054,0.10210708171151706
6055,0.2340358401819663
6056,0.3578166982266746
6057,0.09275707914703846
6058,0.3649434606357296
6059,0.8047985339359227
6060,0.08481904398582195
6061,0.5314028691621635
6062,0.20604151246489627
6063,0.9157353055358401
6064,0.0415211755392993
6065,0.1296641755527749
6066,0.3595643103848283
6067,0.0727926045197674
6068,0.6550676763442791
6069,0.01352737364398805
6070,0.1476906539548162
6071,0.08973344441431799
6072,0.9958996748289376
6073,0.0902284182418815
6074,0.37681872798398636
6075,0.23423942087764843
6076,0.33025930708577583
6077,0.26068900519886495
6078,0.5113731492837728
6079,0.1635158630337272
6080,0.7604897191382562
6081,0.05253902497009605
6082,0.7547524768657081
6083,0.06665316407594585
6084,0.9685093100315054
6085,0.3764237763284629
6086,0.1603316471331888
6087,0.1709484337471659
6088,0.3943259183036354
6089,0.2256672637245084
6090,0.12399832188333279
6091,0.17269362707684652
6092,0.9460424435101347
6093,0.4763704921735822
6094,0.1355741919936303
6095,0.5660063404086736
6096,0.9335464197200871
6097,0.20801716507366538
6098,0.0072730368115871
6099,0.9026129561185746
6100,0.963595329218157
6101,0.8175247929243644
6102,0.2744731984779128
6103,0.4369021264021056
6104,0.24477659464702736
6105,0.056924183218686204
6106,0.1197770788284494
6107,0.7433002041696477
6108,0.9472292716823583
6109,0.01412879248962625
6110,0.47633186674692785
6111,0.9363878456176118
6112,0.07918791465494515
6113,0.030424251978881753
6114,0.1547466971959805
6115,0.9333477076323446
6116,0.7351945912137983
6117,0.023105649305096
6118,0.2141971490784431
6119,0.7399762562605423
6120,0.550750033388308
6121,0.058014336098241706
6122,0.17564300052181603
6123,0.8523482564174084
6124,0.26948163513669676
6125,0.6422178276658651
6126,0.017436990027841652
6127,0.8874623872731036
6128,0.036151541761437894
6129,0.8611658991781868
6130,0.1570148386785749
6131,0.1757312975876234
6132,0.9224550816080956
6133,0.28501814587971325
6134,0.6101158907809354
6135,0.19470453320378464
6136,0.8451033860954229
6137,0.3029941095284192
6138,0.06633952849477791
6139,0.33348325402486845
6140,0.17153180929072484
6141,0.9954669092656185
6142,0.8854399426301339
6143,0.8624914826236584
6144,0.1310700740984306
6145,0.9437585960594114
6146,0.6684593612165486
6147,0.1513124532254862
6148,0.769135883685913
6149,0.4108214485086073
6150,0.09763791706904745
6151,0.1742689929857815
6152,0.1720502698404413
6153,0.115577859926107
6154,0.8340100346255772
6155,0.07797392689156575
6156,0.5046831425833823
6157,0.20756170909601623
6158,0.38202385340654677
6159,0.1463209312703915
6160,0.7670856451105845
6161,0.6355196609188221
6162,0.9202545206422419
6163,0.8242765711996846
6164,0.12608588983897606
6165,0.44262652009301806
6166,0.9394674825227249
6167,0.9813505981527422
6168,0.7725831569096829
6169,0.5563507028218072
6170,0.7861928197884108
6171,0.3542692575485055
6172,0.8130422682179963
6173,0.29907709124381304
6174,0.5654792363211153
6175,0.7947176688084739
6176,0.0754210557569506
6177,0.24000198120889385
6178,0.8721745919451991
6179,0.27293844076010343
6180,0.6916414244581501
6181,0.9343933357310954
6182,0.3431525632867826
6183,0.11796392127455854
6184,0.3276400782557951
6185,0.6971203503916439
6186,0.5140524793360414
6187,0.02071239355930545
6188,0.1864495267397724
6189,0.33540729395366614
6190,0.3096756444851099
6191,0.9949233353013901
6192,0.42599393167041727
6193,0.15499395003997016
6194,0.9666234713710111
6195,0.07079612369669319
6196,0.9538459684171918
6197,0.96348894141208
6198,0.8347890231965787
6199,0.16159746679035694
6200,0.9467745119646387
6201,0.0591691121229307
6202,0.07814717548239995
6203,0.10167791663584325
6204,0.32903440210786444
6205,0.1107544489895429
6206,0.12929932581499165
6207,0.13739610426252363
6208,0.9703788429141154
6209,0.4119362780143734
6210,0.5806802076851251
6211,0.8933541864406265
6212,0.07713884487382675
6213,0.058773392403194305
6214,0.6076599693053096
6215,0.18728054059619564
6216,0.12807279688990406
6217,0.1635556309631077
6218,0.36916729614644483
6219,0.34581871527779534
6220,0.20628065369892845
6221,0.7635239602180668
6222,0.08374855826956686
6223,0.064426663160983
6224,0.0497604054145512
6225,0.01630102876228895
6226,0.02777322564599755
6227,0.10993187174139026
6228,0.1396735772774434
6229,0.9306276528725405
6230,0.00575150433805925
6231,0.23976396169279765
6232,0.2483815419169553
6233,0.14598064332927088
6234,0.9919592279598068
6235,0.6077794461307673
6236,0.3147529520433543
6237,0.45059083497288055
6238,0.22990222422060594
6239,0.7674781333189793
6240,0.0953776365812784
6241,0.5859316497062729
6242,0.0663433994266344
6243,0.0690174267938365
6244,0.00410465200356065
6245,0.0092289143697597
6246,0.9507531136926527
6247,0.19280860979764922
6248,0.047233966448318905
6249,0.43619800308060064
6250,0.5133983910043927
6251,0.25524263470570546
6252,0.8594777594937704
6253,0.7677019401040106
6254,0.8887519834679115
6255,0.9140372258108304
6256,0.9861941148349387
6257,0.5672253995489236
6258,0.9892507615954009
6259,0.0719740684710008
6260,0.0266495287927496
6261,0.2153663342940018
6262,0.25702413759174103
6263,0.41861356648051695
6264,0.6414201720785686
6265,0.2190855272634992
6266,0.94595381787791
6267,0.20291093171029004
6268,0.2097641977550187
6269,0.0532196980661388
6270,0.23680186757218016
6271,0.11999549731003831
6272,0.3359847690086621
6273,0.14659926112479235
6274,0.3372266987447027
6275,0.0332935583396221
6276,0.9676964852494524
6277,0.20226503506563914
6278,0.26029788067365045
6279,0.9777409497349638
6280,0.31718441768407024
6281,0.01255761682247875
6282,0.33054091854932843
6283,0.44431144901184105
6284,0.7112715627499172
6285,0.5239639562885967
6286,0.11499136728396031
6287,0.1359184446036852
6288,0.9744169958525464
6289,0.7411119485161943
6290,0.19432602362161858
6291,0.24800627025888763
6292,0.1441616787945438
6293,0.30385562244699493
6294,0.7909318062307371
6295,0.23109461012045718
6296,0.7526018698672738
6297,0.0962203899332686
6298,0.37636295769407097
6299,0.959431078293949
6300,0.8425676967571294
6301,0.08197470714325725
6302,0.10137642670188055
6303,0.0932263948850944
6304,0.6189896697550867
6305,0.881874463444192
6306,0.7795473084956213
6307,0.562702109259253
6308,0.6359709820840473
6309,0.1220448609653439
6310,0.759793775670541
6311,0.7146966317503991
6312,0.9328477434202451
6313,0.9925133089516478
6314,0.14967743627896843
6315,0.5699949622187314
6316,0.5108307157423316
6317,0.13792313422180055
6318,0.461334536701103
6319,0.31364888350686465
6320,0.31026400124394343
6321,0.0174124100724428
6322,0.9979907454768836
6323,0.0091054320460865
6324,0.40250526235409734
6325,0.0155258637193236
6326,0.042142744923807894
6327,0.4541556347009246
6328,0.05196481548140845
6329,0.16862301001423916
6330,0.7467738241343087
6331,0.08370587240303826
6332,0.9930969122850681
6333,0.9028772274339858
6334,0.0387309890020124
6335,0.98150606444917
6336,0.47362023160819705
6337,0.7029081918213356
6338,0.3472009416975276
6339,0.4104720798793725
6340,0.034521346423063
6341,0.1118316923422106
6342,0.7762188940336123
6343,0.11733691133467794
6344,0.28265732929325926
6345,0.0915118029881781
6346,0.32831770941157895
6347,0.16972877384472235
6348,0.23974527621880073
6349,0.911612308232661
6350,0.8289618341729024
6351,0.5068165414351414
6352,0.6487556147730231
6353,0.20416404256496706
6354,0.09225371474537544
6355,0.2948652927175773
6356,0.34163844971721696
6357,0.3557391184717175
6358,0.02062468673853325
6359,0.4311791399874113
6360,0.348585149416547
6361,0.40240881684089974
6362,0.1021970311349708
6363,0.9595967317844643
6364,0.060894719437047405
6365,0.14771012383601623
6366,0.0190348452624641
6367,0.2030855576489363
6368,0.4019036064637722
6369,0.9156229760984279
6370,0.5620633800588127
6371,0.16320889106205722
6372,0.0296519919003578
6373,0.5009449965695247
6374,0.22127575554797466
6375,0.5413245261254518
6376,0.5994139114353034
6377,0.31924419040749896
6378,0.08474513150359889
6379,0.10137067733384199
6380,0.03642349401982405
6381,0.47325645596367105
6382,0.15687082118467927
6383,0.1428315447326993
6384,0.19096047489106122
6385,0.990407331811872
6386,0.3028430985583776
6387,0.09702882748146766
6388,0.8126571326311864
6389,0.6873190616425529
6390,0.7691890131797969
6391,0.8798998464120122
6392,0.15783930497891902
6393,0.08193279033758896
6394,0.07424317140790924
6395,0.827888275711408
6396,0.44513501849628856
6397,0.9614633579709035
6398,0.9115489793759983
6399,0.9198347330744472
6400,0.8190709207091732
6401,0.980029182817628
6402,0.8922040327773746
6403,0.00441472744189305
6404,0.0170734593572122
6405,0.6034179736636566
6406,0.9351899643998235
6407,0.8962441513273297
6408,0.5663160400246303
6409,0.70009288700951
6410,0.093350811289511
6411,0.45344453796962186
6412,0.4570573821218984
6413,0.9078729026588078
6414,0.014521415960142451
6415,0.9588663098885482
6416,0.31034004489526285
6417,0.604683947292415
6418,0.18125350843008906
6419,0.23388864913684396
6420,0.4883377931662469
6421,0.28038828059964443
6422,0.18339262971072864
6423,0.2690690948972806
6424,0.9075891898860854
6425,0.6805374275105915
6426,0.40006657348506736
6427,0.3655937488386132
6428,0.33459617149317317
6429,0.9605214825670382
6430,0.9746497381280776
6431,0.18262327451625138
6432,0.2886390818778281
6433,0.006698385860366
6434,0.24291481018862554
6435,0.2143796772312448
6436,0.2846139366271943
6437,0.9784811149548935
6438,0.2499443432874541
6439,0.19978589279775727
6440,0.11934125643033544
6441,0.1492954667435347
6442,0.09028912319363595
6443,0.0642499536443573
6444,0.8994551434976479
6445,0.8908061117189904
6446,0.34097972598119436
6447,0.12525145526389106
6448,0.06095588786196285
6449,0.6986571964411897
6450,0.1384110191228234
6451,0.6962976385508857
6452,0.21661481626250131
6453,0.07412790876544106
6454,0.427755379513626
6455,0.28792406560522255
6456,0.8876569931963098
6457,0.18362319874788935
6458,0.6663015899527267
6459,0.06470829143331609
6460,0.11956483707956525
6461,0.2384391473750705
6462,0.11706072169900456
6463,0.0191269472221431
6464,0.9308019004041941
6465,0.6029479616515125
6466,0.2737287534846623
6467,0.5110472264856014
6468,0.15360760276326632
6469,0.951204864661757
6470,0.8930448646249616
6471,0.52214648642139
6472,0.13091342231152006
6473,0.23185026714214546
6474,0.47814233816661755
6475,0.28148683964274424
6476,0.3944583803641869
6477,0.0306110208273616
6478,0.30273175620249143
6479,0.7679342088899879
6480,0.0702018082042897
6481,0.11319177306302759
6482,0.7201414404839344
6483,0.22236209096533244
6484,0.1818583652740061
6485,0.3478918232644568
6486,0.5201547632861887
6487,0.1049672305572294
6488,0.17227174071291596
6489,0.08240928737383915
6490,0.5870016216883379
6491,0.29774308819162904
6492,0.9671907753724742
6493,0.13149157581074
6494,0.27992894878748
6495,0.36135859627952105
6496,0.2018737086779975
6497,0.9352046756616637
6498,0.7391586216376972
6499,0.43291608092455336
6500,0.9950888271475042
6501,0.9921158510022903
6502,0.04190917590547375
6503,0.931237479937794
6504,0.0576032334970708
6505,0.8887079675861099
6506,0.9984587255029408
6507,0.33565816376162033
6508,0.27160273784787087
6509,0.24537767694045715
6510,0.3434913670959806
6511,0.9849632705671155
6512,0.17284657382054622
6513,0.9575067090295366
6514,0.0677300037299214
6515,0.19868297462973195
6516,0.0215710102966042
6517,0.16564682890570445
6518,0.2911971887108056
6519,0.2567042453293273
6520,0.8779966268912683
6521,0.29958772311641846
6522,0.00437303711727305
6523,0.5529643538696727
6524,0.23789807038286725
6525,0.3912065833511173
6526,0.2948193272050455
6527,0.03764873759306335
6528,0.044133087992547296
6529,0.09974602576726765
6530,0.03766196195604235
6531,0.9349880886859446
6532,0.4618885284809122
6533,0.5675428278723464
6534,0.7810358983018231
6535,0.2919536887127401
6536,0.7794454067259893
6537,0.12749278023847305
6538,0.0353386498144391
6539,0.3223579047178135
6540,0.1670738950133654
6541,0.9208847859802161
6542,0.065463055665112
6543,0.1288018445497426
6544,0.0967577595131152
6545,0.24257941794091795
6546,0.2709457047065952
6547,0.8491562207243414
6548,0.3149006389836059
6549,0.9720313874800885
6550,0.2200973630843818
6551,0.33264795171081707
6552,0.6892216703205638
6553,0.22833408049643095
6554,0.215593271789441
6555,0.6544001495053084
6556,0.9843776182295756
6557,0.5426802685968295
6558,0.9545721537570484
6559,0.7206748323321339
6560,0.8167511890677425
6561,0.38829454966529725
6562,0.6208786171393555
6563,0.95957977460879
6564,0.081220480093083
6565,0.5874308355221627
6566,0.9422705758752752
6567,0.3225551891957729
6568,0.39081240172747717
6569,0.6270773824957707
6570,0.23320142826100027
6571,0.149015089002272
6572,0.19332965238266409
6573,0.9649646702520343
6574,0.2374991842155024
6575,0.6576386559182541
6576,0.29844762822192955
6577,0.23824065730169636
6578,0.30515758398262227
6579,0.41245100144222047
6580,0.0250816219477422
6581,0.0173465816703605
6582,0.28569526736892964
6583,0.31979821938465514
6584,0.7968666347632762
6585,0.2870847590089852
6586,0.6247372872531437
6587,0.8896277965047108
6588,0.04113781830706045
6589,0.270113030389452
6590,0.0941659243382855
6591,0.14522841125024
6592,0.1995237735910872
6593,0.25392693328990773
6594,0.39548185593011603
6595,0.6506562002852472
6596,0.19007058303350605
6597,0.07968615989982945
6598,0.46012809207095
6599,0.9104831749265068
6600,0.4329766458043037
6601,0.7760280330040769
6602,0.1204347080716697
6603,0.6235793361397053
6604,0.05024066819589075
6605,0.16299082207751533
6606,0.7694945180462622
6607,0.07700842444239639
6608,0.8361866691881727
6609,0.06454559397716354
6610,0.1705026990974225
6611,0.17072058656380995
6612,0.929838168823129
6613,0.10608518431401795
6614,0.45276265842490215
6615,0.27928834424095333
6616,0.09084727473803934
6617,0.093493863354178
6618,0.9267323255637352
6619,0.21107823088604474
6620,0.5079080577142374
6621,0.9935815936478705
6622,0.9134493428732623
6623,0.01881868196420395
6624,0.1917318689080982
6625,0.2871566746736326
6626,0.2975014067958671
6627,0.13620975509164546
6628,0.051562884135356146
6629,0.1154306322610186
6630,0.3742467875368214
6631,0.1355408450862474
6632,0.13845679855370985
6633,0.34067340704790694
6634,0.0862380250075412
6635,0.38527318440479796
6636,0.1017277548067593
6637,0.1996876805216081
6638,0.2008776901749298
6639,0.9430885563194715
6640,0.09298831698940355
6641,0.2145458957355058
6642,0.9475256094858882
6643,0.32379124470130904
6644,0.3730431833860596
6645,0.4559068306723386
6646,0.8902624373171213
6647,0.36422613653174796
6648,0.880801005547794
6649,0.8813165208187654
6650,0.3888056818018213
6651,0.910056095843603
6652,0.5754403991466455
6653,0.3961199704845258
6654,0.33736137756229484
6655,0.29359565320881265
6656,0.0101706564926098
6657,0.7549856927630341
6658,0.16605962258367865
6659,0.9581204129593182
6660,0.1849376012343694
6661,0.35280940816830275
6662,0.969534123960416
6663,0.13833457483562078
6664,0.17528598719428545
6665,0.8865220494694428
6666,0.23604035501057002
6667,0.5175208478845954
6668,0.1603877339858782
6669,0.3957975393414761
6670,0.3039185104816936
6671,0.9342993401613799
6672,0.14889031845439765
6673,0.0218191979548761
6674,0.24639213637716834
6675,0.6224312512757558
6676,0.4555232472245174
6677,0.14680175820485888
6678,0.4377237020005047
6679,0.29961913926373146
6680,0.43485986810457544
6681,0.5420862160581246
6682,0.11681114883270059
6683,0.32425671678763834
6684,0.28632955311883274
6685,0.9616419697096754
6686,0.7152647261727458
6687,0.008988768494676551
6688,0.013338305498819451
6689,0.8736936942038964
6690,0.963200398643602
6691,0.9931559690783494
6692,0.035505759281257196
6693,0.5104613943479411
6694,0.17176112420646963
6695,0.9186150271949917
6696,0.26850005867362403
6697,0.21059792597891416
6698,0.9696818139796048
6699,0.7819949925980373
6700,0.5270085323476171
6701,0.0630434546601073
6702,0.8975421372237051
6703,0.8978004675800826
6704,0.33801544711944953
6705,0.9661696127502701
6706,0.1051328900783894
6707,0.1943695907800163
6708,0.15646180473908786
6709,0.3491511967990487
6710,0.26764932884951936
6711,0.1965648323562246
6712,0.01533258595802995
6713,0.5671071526734006
6714,0.9433695960904909
6715,0.11767618867510575
6716,0.1895158194353927
6717,0.8244010369813402
6718,0.9426531369478721
6719,0.27838798642366763
6720,0.00834634526490415
6721,0.00167147137108525
6722,0.700244453642177
6723,0.19141187469749593
6724,0.027575673472191503
6725,0.9984047620303707
6726,0.8850246651629821
6727,0.8938464752554043
6728,0.1297730420024498
6729,0.9331474289520951
6730,0.46053534254764117
6731,0.3881837498244485
6732,0.31309608605860056
6733,0.9756091907289146
6734,0.09430971241195515
6735,0.9876710270721789
6736,0.48558971579447985
6737,0.9918503005941055
6738,0.9703319377253674
6739,0.00640886429142725
6740,0.04711628032218205
6741,0.02788070041770015
6742,0.2870751420590336
6743,0.2262852788456013
6744,0.1265747708958736
6745,0.014948218084484599
6746,0.7553325521139485
6747,0.6296464688342989
6748,0.8654995051734187
6749,0.3006644538745486
6750,0.9624736237109273
6751,0.4540080369401888
6752,0.0875103285604229
6753,0.45521805475732124
6754,0.05490282139033005
6755,0.3973848404212701
6756,0.9309952234016678
6757,0.28395237999642947
6758,0.7287151845132475
6759,0.12321406246623101
6760,0.2469651602308957
6761,0.1191119810730031
6762,0.9090193205453967
6763,0.0128853161499116
6764,0.1786022882004165
6765,0.3551014344999715
6766,0.8842857556162357
6767,0.9669925816889109
6768,0.897734696389829
6769,0.13070430638778166
6770,0.0940059649939324
6771,0.1420816718544864
6772,0.9408687827178889
6773,0.12169676403486271
6774,0.04254386447679355
6775,0.16038273288151184
6776,0.3141311713675933
6777,0.2252423498108927
6778,0.14361898147514202
6779,0.38569796239325804
6780,0.807429424505926
6781,0.0695821617746292
6782,0.24540733322987465
6783,0.31911817795857084
6784,0.021060644154945348
6785,0.765427274399745
6786,0.7541638651713966
6787,0.8187563179526286
6788,0.8357853201865837
6789,0.2921275288349988
6790,0.08872772407642861
6791,0.6981121604367229
6792,0.9412745476428699
6793,0.2795619175278727
6794,0.47287847320509413
6795,0.9204954115554222
6796,0.7041551867487887
6797,0.2605595090863388
6798,0.537450299941252
6799,0.1287164933684836
6800,0.7707924712130506
6801,0.7272030130245718
6802,0.4692903240346605
6803,0.2778114471330575
6804,0.5694882269754895
6805,0.026157379718751348
6806,0.7530610822455219
6807,0.0266622677900543
6808,0.17232793740535549
6809,0.31995082131848
6810,0.7715165700883861
6811,0.1329439161735149
6812,0.1024330505971772
6813,0.8697575290917576
6814,0.1351526443823922
6815,0.4022772370255403
6816,0.16073109355269616
6817,0.0843823643797912
6818,0.970995367622812
6819,0.06994383513547205
6820,0.20153585155625045
6821,0.9151026917964868
6822,0.0649447577814602
6823,0.3804025827085939
6824,0.10786391312775576
6825,0.14089422043785174
6826,0.24717557559476894
6827,0.0187336436776054
6828,0.9360099665102604
6829,0.00758255339965955
6830,0.9785345881671939
6831,0.18559673581647734
6832,0.06915327861929554
6833,0.22249217881375705
6834,0.09288133534148499
6835,0.7412810292912713
6836,0.6922890841410099
6837,0.9965185854764388
6838,0.41787127328863005
6839,0.30599846553198273
6840,0.8369407471490767
6841,0.1856570010043895
6842,0.8474939987408772
6843,0.00470737925634285
6844,0.2500463446068383
6845,0.9804538932563258
6846,0.37931108059032725
6847,0.0568552379057054
6848,0.7767056552214906
6849,0.1174857440088687
6850,0.09210305971502869
6851,0.6868547149007506
6852,0.2783327202621637
6853,0.758891453371938
6854,0.2263419249624558
6855,0.1747026899344501
6856,0.2861711660897693
6857,0.8394605917296564
6858,0.9637799837513923
6859,0.9061830082981239
6860,0.8613677901988505
6861,0.10639670000487089
6862,0.2682889614728707
6863,0.15417690249205634
6864,0.31449040761984387
6865,0.00906903426126765
6866,0.3950819798727486
6867,0.5687703674391626
6868,0.7662056449014374
6869,0.352561830907146
6870,0.8206590030489314
6871,0.9075888910453271
6872,0.0643990647428428
6873,0.32039772778650305
6874,0.23515634921529704
6875,0.3319609370572303
6876,0.9457285574034987
6877,0.7897919528382933
6878,0.0612304071647882
6879,0.1300072020823371
6880,0.1838525612883001
6881,0.5000347051646632
6882,0.8783532353661845
6883,0.6156637077455465
6884,0.34889507856841756
6885,0.19944622910628645
6886,0.9807318647052081
6887,0.8065747107485104
6888,0.7476095380457659
6889,0.26682906008033225
6890,0.9482257928054271
6891,0.2188272772408414
6892,0.03720411392221935
6893,0.1942918107631362
6894,0.3221121879089492
6895,0.17869142747801503
6896,0.9977406381778888
6897,0.2422200603554314
6898,0.9358377407602021
6899,0.0756966394061466
6900,0.5730984508070803
6901,0.0381522238405713
6902,0.16698622344642391
6903,0.1670123600114527
6904,0.147169858303111
6905,0.9806096845701191
6906,0.831972349044471
6907,0.20224600346491795
6908,0.19996451790981165
6909,0.01636162438561655
6910,0.794674506560257
6911,0.0789767632282698
6912,0.9732873722044998
6913,0.9645423715356702
6914,0.021304806461288
6915,0.12476006116400265
6916,0.9557068978787351
6917,0.4811824396569067
6918,0.7365027344329697
6919,0.06791421342415109
6920,0.15795412285571825
6921,0.674134797783933
6922,0.0099328821555811
6923,0.13822630940245245
6924,0.16812692785585795
6925,0.06284606109282034
6926,0.6555475714261201
6927,0.06814670278501404
6928,0.00669437689267245
6929,0.0674694597030019
6930,0.5035259776241567
6931,0.2748764134791203
6932,0.20376204229062217
6933,0.8065904529773811
6934,0.1903025095911805
6935,0.40162736835101304
6936,0.02339252780351575
6937,0.0268877096296848
6938,0.409722839848859
6939,0.1943854300685841
6940,0.8982302494103582
6941,0.0181330655327215
6942,0.8588849786333256
6943,0.17734668851507085
6944,0.8838681611231186
6945,0.7178903993915005
6946,0.008407223727304949
6947,0.8108668273584937
6948,0.059563589314007306
6949,0.25791682299275903
6950,0.8751759976931812
6951,0.7175402956778545
6952,0.23366621620171552
6953,0.01685947260981965
6954,0.0937950944978023
6955,0.8845110945888545
6956,0.2040540488754062
6957,0.997481817081151
6958,0.899103097893863
6959,0.2443588764906912
6960,0.2873011493767729
6961,0.3517997848928305
6962,0.6587201805494776
6963,0.1725598376428919
6964,0.6150051786432874
6965,0.04785154238189155
6966,0.14552278237934885
6967,0.08729714644690115
6968,0.9660609476228882
6969,0.989715272360721
6970,0.0050854439466117
6971,0.012389319609014751
6972,0.25596990319170515
6973,0.1139511250032992
6974,0.520755008508951
6975,0.30418904861913265
6976,0.0875957749406657
6977,0.27460742342905753
6978,0.0573191570311606
6979,0.1292392632000776
6980,0.6398798341230166
6981,0.2546367210739181
6982,0.9984438045501202
6983,0.4256362267568251
6984,0.1366036998407539
6985,0.5186682431051096
6986,0.8395297847325282
6987,0.30157726269687596
6988,0.20944589174345754
6989,0.0422761339408164
6990,0.05009530421211385
6991,0.035891632571339496
6992,0.2129261493262283
6993,0.909402634520494
6994,0.8401724729219631
6995,0.18561073934042174
6996,0.601021116503433
6997,0.8744727146670854
6998,0.037064339051611404
6999,0.219424010569544
7000,0.604298504142448
7001,0.32925682025147096
7002,0.2674050307301513
7003,0.3293025889201815
7004,0.0074827792893442
7005,0.21605949000753388
7006,0.03295399388331645
7007,0.9433367879393204
7008,0.2125154217516836
7009,0.1463592255734818
7010,0.3498455536260233
7011,0.8830112517695281
7012,0.0351591472441914
7013,0.5523818928804534
7014,0.7439012818406641
7015,0.01837711836102855
7016,0.896793401603543
7017,0.22762740213629015
7018,0.49023780563595354
7019,0.13334260077191015
7020,0.09757002885214246
7021,0.05473403035407915
7022,0.5315425741642377
7023,0.4305441826750053
7024,0.7880831906814112
7025,0.16119610541506504
7026,0.08189488947631934
7027,0.17096473615217114
7028,0.23629879975719492
7029,0.24591133740291615
7030,0.40349756547089516
7031,0.9648079058333368
7032,0.05334134068078475
7033,0.8731928564680911
7034,0.3098428239676295
7035,0.4486660359016734
7036,0.8157936362185132
7037,0.9195039809702805
7038,0.1285930905195451
7039,0.008687242688063
7040,0.26020920019538135
7041,0.9253229701926815
7042,0.035566937563959705
7043,0.6669612377524727
7044,0.1299572417400818
7045,0.3927679168167695
7046,0.6870178833081794
7047,0.8974361002479176
7048,0.9142582997958648
7049,0.5509596884122082
7050,0.32936074217715916
7051,0.13886007399374506
7052,0.13245405233116056
7053,0.26256920037829057
7054,0.08082478608464595
7055,0.3019776383585109
7056,0.3592439056952869
7057,0.4140444015496727
7058,0.6538071484857095
7059,0.22578183409573685
7060,0.09497736491914704
7061,0.8215019909722292
7062,0.9241316366662462
7063,0.18707042876197094
7064,0.1953253343376984
7065,0.3797396124007825
7066,0.3306824422582672
7067,0.1539567481522628
7068,0.2054115521343517
7069,0.9271910144004112
7070,0.9768151040462406
7071,0.26544855359910113
7072,0.043753322927096404
7073,0.1487587311683502
7074,0.19111065427986176
7075,0.9972138094804597
7076,0.6124593666064356
7077,0.9812222322935107
7078,0.8984445347382213
7079,0.5616958227332239
7080,0.18495090110054516
7081,0.39470940042214736
7082,0.1458869614885158
7083,0.7872218746450834
7084,0.24723944050123475
7085,0.6535661120595269
7086,0.45176125962414615
7087,0.05614962747662035
7088,0.095023384208447
7089,0.8954904597862795
7090,0.28710511559854845
7091,0.4913657141829981
7092,0.1295288615683536
7093,0.7403894057340626
7094,0.7320179973114136
7095,0.6135590430502329
7096,0.39267187778642654
7097,0.10783071714114434
7098,0.9686183119266608
7099,0.02772206024028215
7100,0.9979689458865229
7101,0.8419156533257548
7102,0.5903902721372196
7103,0.9958145375143564
7104,0.0091386376259265
7105,0.14563575259389094
7106,0.03390729062303795
7107,0.29476828736728444
7108,0.16318570960972945
7109,0.01297478976018285
7110,0.01601102763473255
7111,0.5707981761749842
7112,0.4033605638160286
7113,0.42302821428100956
7114,0.9799016628354806
7115,0.11703359830525459
7116,0.1628463490592511
7117,0.5979507614122646
7118,0.1095607278588896
7119,0.40123504675287835
7120,0.3374008976222279
7121,0.0816972324740306
7122,0.14963021329159482
7123,0.172403754796279
7124,0.7675180504696639
7125,0.13262659852051775
7126,0.5736958228396759
7127,0.3518304924962917
7128,0.28771925742376275
7129,0.9011762103139656
7130,0.1398523138037747
7131,0.9474304227066828
7132,0.4359964161384766
7133,0.059574221486835846
7134,0.9310150457916808
7135,0.5645614928064908
7136,0.22147238670364125
7137,0.28814530045436043
7138,0.7625830911993374
7139,0.14770693954655806
7140,0.18174345976671316
7141,0.08471148914326375
7142,0.19431322684435234
7143,0.02881936710818565
7144,0.9416204165359476
7145,0.32032128241311336
7146,0.1236015163704421
7147,0.0062475435822051
7148,0.9927887613020282
7149,0.27175768611679985
7150,0.1427931878112159
7151,0.07752851450293125
7152,0.24912363301238571
7153,0.5509528178334853
7154,0.2327250608376611
7155,0.38909709177470353
7156,0.03936838722264735
7157,0.13574006190640356
7158,0.06613210540645564
7159,0.14385986534638934
7160,0.1558764344570446
7161,0.958442796667086
7162,0.00464285917558325
7163,0.8673076788648393
7164,0.9947722758488566
7165,0.09683648936903924
7166,0.2793966941590594
7167,0.6542052873068904
7168,0.9797779313330526
7169,0.42773813473515365
7170,0.9675606582634602
7171,0.5840305305334117
7172,0.9466291211584963
7173,0.9225448158449062
7174,0.12447934333284445
7175,0.21917482217097914
7176,0.6320665548520207
7177,0.8499051283749213
7178,0.5652621834916733
7179,0.0627753977648766
7180,0.17955993830995265
7181,0.3615729493105679
7182,0.24317237115994816
7183,0.893999635507581
7184,0.09969209994691565
7185,0.5212702512034912
7186,0.8555692076609768
7187,0.1451887154767089
7188,0.7838477009428427
7189,0.7053834611357451
7190,0.15733352174852486
7191,0.28111112791587867
7192,0.1201519583964583
7193,0.6400007730641649
7194,0.1376210676868534
7195,0.9826582416610432
7196,0.11657464718280809
7197,0.03828844646922325
7198,0.15643866552274321
7199,0.34170437142093557
7200,0.1372438372446314
7201,0.19519735391671525
7202,0.2962362648836168
7203,0.1023588827931386
7204,0.3179892124031581
7205,0.3344428509406967
7206,0.823197254902575
7207,0.9504378476266662
7208,0.7128144411076012
7209,0.7762743906821821
7210,0.8442950581509944
7211,0.13928122753138125
7212,0.6112191671035727
7213,0.9713027348200254
7214,0.209901570561442
7215,0.132113882772429
7216,0.1046274446317173
7217,0.43278827678863385
7218,0.20653622590285603
7219,0.0341675149255757
7220,0.6359081644706776
7221,0.5772868356768385
7222,0.00586390494827165
7223,0.949631758053614
7224,0.9233321437928482
7225,0.26265133548882785
7226,0.11612314707758756
7227,0.07828966699133975
7228,0.3644044525770859
7229,0.28574755845520444
7230,0.9325477565244857
7231,0.1944817551245932
7232,0.5724299328719865
7233,0.1901527992534133
7234,0.969455985451908
7235,0.24049816574304075
7236,0.12590488490290144
7237,0.47788602955057435
7238,0.7561394513116197
7239,0.5631904996745503
7240,0.02114337109156575
7241,0.5502781287664055
7242,0.39332167484914526
7243,0.0972495634647671
7244,0.9137337842105602
7245,0.2543061482055228
7246,0.22613911823715976
7247,0.24896299087089807
7248,0.9209123369874429
7249,0.39602253389725106
7250,0.03556386366353435
7251,0.6010196353611569
7252,0.434464478320609
7253,0.5126939769320039
7254,0.2164393358775991
7255,0.32203880277674873
7256,0.6836657564301603
7257,0.6852111900627151
7258,0.2348725047681364
7259,0.23270527541234193
7260,0.7571148547856772
7261,0.9306783010691264
7262,0.20321833163797706
7263,0.9111969483209382
7264,0.15709147642944898
7265,0.3812026583581487
7266,0.19996633360419944
7267,0.09273250103167649
7268,0.0311674878593613
7269,0.21059487589364922
7270,0.1101999923837394
7271,0.14559209134793163
7272,0.509775896891045
7273,0.2618299437884329
7274,0.04923570840194395
7275,0.885709518452853
7276,0.01370670805406525
7277,0.18718017114112454
7278,0.3872665656705624
7279,0.2066035780026328
7280,0.2057682468906275
7281,0.7800612164365626
7282,0.9254584519319151
7283,0.21827727191555857
7284,0.4436426056636977
7285,0.2796772403435234
7286,0.3733498525656217
7287,0.0069827981554338
7288,0.9144572758270573
7289,0.9133167577670253
7290,0.1048241697381651
7291,0.302496431493004
7292,0.22523603512905746
7293,0.6836956715076062
7294,0.3818000426188466
7295,0.1323260136587621
7296,0.09495785030951745
7297,0.574756326456148
7298,0.8450071600705937
7299,0.7893676830311687
7300,0.45756766809821103
7301,0.8490693462747512
7302,0.9447545714927543
7303,0.5970153205684579
7304,0.1942032827315002
7305,0.3244551321038603
7306,0.3016501079942997
7307,0.2837655992344106
7308,0.07444614876859401
7309,0.0209910397689337
7310,0.28929280884610237
7311,0.9358597884960116
7312,0.08961008955010501
7313,0.7552234845703634
7314,0.16324998472036875
7315,0.0372227744322576
7316,0.28943186031902274
7317,0.3122566106504197
7318,0.2735004919356254
7319,0.6767412538445574
7320,0.14655540511040455
7321,0.8782701133665013
7322,0.02512541208359435
7323,0.13344242624960115
7324,0.8334741601736178
7325,0.1604764348463311
7326,0.1250844866696885
7327,0.5099644540704266
7328,0.9659025456434749
7329,0.00921892039202605
7330,0.9250624617315846
7331,0.26546539109037104
7332,0.18525022884327685
7333,0.3209516742381699
7334,0.24237330946532215
7335,0.22801929578221805
7336,0.357160897796804
7337,0.15846235993746086
7338,0.1672342358175026
7339,0.23959368173961826
7340,0.2858700497417773
7341,0.683829586251629
7342,0.09578459267255335
7343,0.9711508306561862
7344,0.2572869367635133
7345,0.0698904903458079
7346,0.9270294149424427
7347,0.3565195074049118
7348,0.044648726049397555
7349,0.9295345527559951
7350,0.6494688214968247
7351,0.9960294298122472
7352,0.5536204085402484
7353,0.17936311568351934
7354,0.2763614516815745
7355,0.1209035875106955
7356,0.8545766580797063
7357,0.02591042665189485
7358,0.15552642901756766
7359,0.34147173394313185
7360,0.27346708812187936
7361,0.0700054352441994
7362,0.11892722182676606
7363,0.8398089604205369
7364,0.1373207576938183
7365,0.10616412595551106
7366,0.0598623109050741
7367,0.5025807670037178
7368,0.2116535747626849
7369,0.0784014082708282
7370,0.24622617230391136
7371,0.17809313055997122
7372,0.0761616827934712
7373,0.16914892438563076
7374,0.6190394208731467
7375,0.9615089758117168
7376,0.49406414129253073
7377,0.031126398396738298
7378,0.9033755650377702
7379,0.8096832374907103
7380,0.6229431711461499
7381,0.0378263330624487
7382,0.14634612397680263
7383,0.020538300280459252
7384,0.08860154944087595
7385,0.9839459134891213
7386,0.3118810773295345
7387,0.9782722625639122
7388,0.0067578905393385
7389,0.8781599720157449
7390,0.6491652661241902
7391,0.20472653933540083
7392,0.2418438444033354
7393,0.10876185215155294
7394,0.106630693362625
7395,0.7831299361436589
7396,0.9977374997393824
7397,0.0967434572380646
7398,0.2972287857979536
7399,0.11848464816711561
7400,0.0892670192063762
7401,0.059713204459308854
7402,0.05180329853571345
7403,0.34026225302529983
7404,0.0521646470414259
7405,0.3132677553062322
7406,0.912021013934055
7407,0.05415893316939245
7408,0.32493979248363986
7409,0.160258810234813
7410,0.3104137425452801
7411,0.3133742527244501
7412,0.9919243272599624
7413,0.3323800313582626
7414,0.10000858382727705
7415,0.9976522773052862
7416,0.5583876953916684
7417,0.7279146537315976
7418,0.07616891293428439
7419,0.8534699624373492
7420,0.8879088458208189
7421,0.8382877673494572
7422,0.273809288285249
7423,0.5118093032948179
7424,0.32448295962597873
7425,0.3511981015127209
7426,0.1222971174823197
7427,0.9458664544800139
7428,0.28031167474670704
7429,0.8225940290802667
7430,0.9274676560660798
7431,0.1549800320211944
7432,0.09387249710473525
7433,0.5417572812784561
7434,0.551229130278422
7435,0.6453412143390775
7436,0.9105531323517949
7437,0.20451753165367262
7438,0.9416275472613147
7439,0.21942513876436
7440,0.015077629026452601
7441,0.9042148923798157
7442,0.0920952371408876
7443,0.22446507338538071
7444,0.28043986322717296
7445,0.9649269995608996
7446,0.3612519302117501
7447,0.9314590609425931
7448,0.5908241578654397
7449,0.7280558861759454
7450,0.44502493280061195
7451,0.4503123937503698
7452,0.11751098323458539
7453,0.9141788974708197
7454,0.10047188852189146
7455,0.3646925807358755
7456,0.34157567484263357
7457,0.22271368787522877
7458,0.17818541006203514
7459,0.40809592047958815
7460,0.15037286178978188
7461,0.18557326029550644
7462,0.8116416239543712
7463,0.2999889773591386
7464,0.2949630455484882
7465,0.02087313045328645
7466,0.030917198239247348
7467,0.7675446091048093
7468,0.44689749489570035
7469,0.1301142299527765
7470,0.43156089771603245
7471,0.7419875035806349
7472,0.4039906822008764
7473,0.0790798894547259
7474,0.07516306226134195
7475,0.21438585800388518
7476,0.02856854147426915
7477,0.10360014086083799
7478,0.012532280102942349
7479,0.05672137705397555
7480,0.6617730047723782
7481,0.2682994433643137
7482,0.03334543148328135
7483,0.9946396681813822
7484,0.1161667923408323
7485,0.0612877322482779
7486,0.33046325008603095
7487,0.32038630536761853
7488,0.21507714283699575
7489,0.21355774884349435
7490,0.00602525442189045
7491,0.44267654282736857
7492,0.24521142056232306
7493,0.23131013318594643
7494,0.0257971716695858
7495,0.1416524221300353
7496,0.30655657779801365
7497,0.1617516845418506
7498,0.1589357015586966
7499,0.0295896110614506
7500,0.1792182363378816
7501,0.530945505281756
7502,0.5926130823616044
7503,0.8130407128630852
7504,0.08188479022111786
7505,0.2059790121446522
7506,0.1175253719093738
7507,0.0873773053104915
7508,0.6598951861149251
7509,0.367581699062339
7510,0.9083986366137564
7511,0.1731298031986669
7512,0.27102320689096593
7513,0.02727491662514325
7514,0.16134624893551824
7515,0.46765610916096056
7516,0.18113931781686665
7517,0.08909779889360045
7518,0.117918903847937
7519,0.8960519565925724
7520,0.30309013561768977
7521,0.047766983818302654
7522,0.0965220029609852
7523,0.8947787897494879
7524,0.42926257819719027
7525,0.9541728963980902
7526,0.07454067097934075
7527,0.9974389417058641
7528,0.3480360399866746
7529,0.2703649044563613
7530,0.2267874747653998
7531,0.01236956801553735
7532,0.9372096844211459
7533,0.3321893436825491
7534,0.0876290994167408
7535,0.8585721079381083
7536,0.8572647255698469
7537,0.42810245507118305
7538,0.0257762938887757
7539,0.07944297771264394
7540,0.7089588924717642
7541,0.1658618225732427
7542,0.9026296120191306
7543,0.33769233802063275
7544,0.203736747598225
7545,0.9692884026892761
7546,0.9956259091618127
7547,0.3125392649241085
7548,0.28018649154761255
7549,0.311736110915688
7550,0.14153447984668835
7551,0.9484927697852679
7552,0.47825319918457615
7553,0.4544820389455825
7554,0.44180475748003734
7555,0.8332390841953699
7556,0.41450588135377764
7557,0.06447023684936071
7558,0.41843915203687265
7559,0.33099016913909274
7560,0.7253258572123128
7561,0.3200026836400349
7562,0.2420230539318767
7563,0.16835029486490316
7564,0.5552468192330737
7565,0.23237202682565455
7566,0.6499443194453319
7567,0.8294932648426607
7568,0.3212194590079255
7569,0.951957094033925
7570,0.3987113219621674
7571,0.09132848074415725
7572,0.11790695428214305
7573,0.07036113981464359
7574,0.16784369898748802
7575,0.4427068496854172
7576,0.09467554965665755
7577,0.3233722286972117
7578,0.0617991499080367
7579,0.7707319571875264
7580,0.9703556774813368
7581,0.29730905480399117
7582,0.5853442472863429
7583,0.8643746029544843
7584,0.06128693284621175
7585,0.5864240207592377
7586,0.2446629931850256
7587,0.8035235652686932
7588,0.015449284021127501
7589,0.9287350389793237
7590,0.5044129394350788
7591,0.3068560644475679
7592,0.12696656159390224
7593,0.09207147579985385
7594,0.22610844991918566
7595,0.987531381938944
7596,0.09283263260832605
7597,0.7400459159993806
7598,0.65808420772247
7599,0.2771662217099613
7600,0.11082152642758825
7601,0.04752519504587285
7602,0.1028757731842035
7603,0.8841409692376473
7604,0.1419233549662133
7605,0.3552935769433786
7606,0.8504100861558428
7607,0.5231820669636722
7608,0.1375062712115696
7609,0.0357627526928024
7610,0.33242257843111533
7611,0.06983320959748104
7612,0.19245403707251374
7613,0.1828430449667158
7614,0.2977828312765355
7615,0.7932805260259603
7616,0.527199368400027
7617,0.1356726256323285
7618,0.41034470435923615
7619,0.42246331722204716
7620,0.1382956768163866
7621,0.334423347420745
7622,0.9464879341249417
7623,0.9808986241123163
7624,0.21534731451682687
7625,0.2838981483667403
7626,0.3779820241596536
7627,0.9589556876145002
7628,0.8627686102533882
7629,0.3081130541599276
7630,0.9243374414527051
7631,0.1892732021002753
7632,0.4415278845148819
7633,0.5409801718380277
7634,0.0081582731201697
7635,0.4391238226529172
7636,0.4863246107569148
7637,0.6216945586964651
7638,0.9117967970598008
7639,0.04633821861111385
7640,0.2034218177736437
7641,0.36944824862105685
7642,0.25004039006952605
7643,0.17761023239680546
7644,0.01461906277012115
7645,0.3750090790831466
7646,0.1902879942647322
7647,0.25016898700853374
7648,0.017509928077375052
7649,0.064105825928235
7650,0.9545900594883322
7651,0.978174087021673
7652,0.6356710022970351
7653,0.0670683312119784
7654,0.2052948674826519
7655,0.9791519291723532
7656,0.561371637927944
7657,0.5462127918396464
7658,0.2843740553739544
7659,0.552943720850152
7660,0.2201815507157423
7661,0.14759503590153406
7662,0.09454013550091535
7663,0.4440909896880214
7664,0.6100859376850073
7665,0.0119003120198912
7666,0.11280191248899425
7667,0.17300683970326544
7668,0.1486985559061732
7669,0.29494087844922057
7670,0.5264900210313783
7671,0.7673971167167806
7672,0.7876448513488408
7673,0.9181726979701499
7674,0.20601236999527234
7675,0.42897137061079116
7676,0.30724623230497006
7677,0.40586335481149455
7678,0.494705419954725
7679,0.1533365815252531
7680,0.0334171606104235
7681,0.0026018917921095
7682,0.0221808825738371
7683,0.8504707426408644
7684,0.09722566074450115
7685,0.925064867883457
7686,0.994336738494179
7687,0.07310432098100775
7688,0.22075534050238405
7689,0.8626243318101805
7690,0.10027559338514905
7691,0.08147095667281411
7692,0.3417963442482396
7693,0.33274171902546745
7694,0.6123987540662515
7695,0.03247314338292
7696,0.3254059756568625
7697,0.6071880167623811
7698,0.0218740668784248
7699,0.25729177226294153
7700,0.0860886138491023
7701,0.35031932966114354
7702,0.5244941491978403
7703,0.9232030062266929
7704,0.9168665669043119
7705,0.054309081679130705
7706,0.31547649930387933
7707,0.5582496419650536
7708,0.19380680515237292
7709,0.20417319370161355
7710,0.11750936001732476
7711,0.23809910492899725
7712,0.0848114804843352
7713,0.6984728487946175
7714,0.01502572080496535
7715,0.45733545245409013
7716,0.0256990717037901
7717,0.1962526856494582
7718,0.5897545838121263
7719,0.79474138877051
7720,0.36411051806547967
7721,0.1434293267943304
7722,0.23102106017787305
7723,0.4015592732304694
7724,0.16919678380947958
7725,0.1939096664047396
7726,0.666707568390409
7727,0.9034135670493393
7728,0.1347880802181654
7729,0.7582485656685856
7730,0.7775443865225133
7731,0.4016955193041459
7732,0.972734787352876
7733,0.0516294411228631
7734,0.1927892905952072
7735,0.3164276714596836
7736,0.06816363400421989
7737,0.4052241656689532
7738,0.37321047835977156
7739,0.3480043525411378
7740,0.9957209259215418
7741,0.9963296659329447
7742,0.08246821289185309
7743,0.5347169175060656
7744,0.9587021071220534
7745,0.9244209387075466
7746,0.1869508702938065
7747,0.8772299600450406
7748,0.44327328564376056
7749,0.5430974563651458
7750,0.0713859489565357
7751,0.22082275235447615
7752,0.9558708792547139
7753,0.4093703895429157
7754,0.0988171636600261
7755,0.703571674859855
7756,0.5696573994394074
7757,0.2503648255067912
7758,0.7963577896116216
7759,0.21818884030512234
7760,0.2461866815267605
7761,0.660636960481359
7762,0.31563001388153444
7763,0.37770751998772134
7764,0.2100725140695647
7765,0.198343302302312
7766,0.04240902589673095
7767,0.17996217344509405
7768,0.9963792903950612
7769,0.8221605623145053
7770,0.6199038566334945
7771,0.44928889526229404
7772,0.0632255240638573
7773,0.35853558405822356
7774,0.8906435779332234
7775,0.7780435817624265
7776,0.1202891780279279
7777,0.3495217661185168
7778,0.9269944325781385
7779,0.8474125101276444
7780,0.29453859293418816
7781,0.3117352664558512
7782,0.7878327573747215
7783,0.230501668601376
7784,0.20280879415275171
7785,0.9908671276958412
7786,0.8103471958435859
7787,0.9054091286159827
7788,0.968805607284936
7789,0.4420953867636363
7790,0.9200953603720442
7791,0.9856512140821446
7792,0.901261361963096
7793,0.4306687676166905
7794,0.9741548087325826
7795,0.6926398000262135
7796,0.18165253781901694
7797,0.1348521066060663
7798,0.17152431220491024
7799,0.9957396356750088
7800,0.6365017984565269
7801,0.5282774215456605
7802,0.06626929950742824
7803,0.027194218399177898
7804,0.0449518897657529
7805,0.27751634082989296
7806,0.8014500095341699
7807,0.9066295121998367
7808,0.7440513295038192
7809,0.0904438742355631
7810,0.9526039824711522
7811,0.9042671388669306
7812,0.2442655142598304
7813,0.9350471136554372
7814,0.9821269917233775
7815,0.42654444964381943
7816,0.4600260409734639
7817,0.0061139177027479
7818,0.007871340569335349
7819,0.2625434447057584
7820,0.2189021359393518
7821,0.01462118545579875
7822,0.28696891327288315
7823,0.9577184132211765
7824,0.0328995345801874
7825,0.9548922084916829
7826,0.6528192009100588
7827,0.3103655039640218
7828,0.9590087561263569
7829,0.8952820172666887
7830,0.5874288375395704
7831,0.8940762367902488
7832,0.2541868765287968
7833,0.9996207552329786
7834,0.085337370428342
7835,0.24283981697254164
7836,0.9725531868681172
7837,0.12608959457056276
7838,0.11135368272588239
7839,0.15306405169429765
7840,0.9406926952033625
7841,0.0624054808307933
7842,0.4110957117466542
7843,0.1303232627088125
7844,0.8738630027625309
7845,0.0511031591344593
7846,0.6538082450694698
7847,0.0130267453202246
7848,0.527807555066946
7849,0.7815914670144454
7850,0.36311816480687603
7851,0.012789413115763251
7852,0.7827207522827645
7853,0.0525771331152459
7854,0.37897392009425684
7855,0.9468844693680489
7856,0.1275310860189093
7857,0.10688112033030359
7858,0.1318596518290194
7859,0.9388860472212903
7860,0.3904991721527525
7861,0.5791603239141818
7862,0.429073068196385
7863,0.2740478425245066
7864,0.28832510730123606
7865,0.0738852704280128
7866,0.8818706231693287
7867,0.04340113831643925
7868,0.769786641352411
7869,0.7879813355274052
7870,0.6578399445156708
7871,0.2476293633661551
7872,0.4414628887695421
7873,0.9315021818810871
7874,0.9437453767239228
7875,0.121425637644958
7876,0.3164045007091866
7877,0.828325964301355
7878,0.99395819439875
7879,0.8712553777804035
7880,0.9842825322300395
7881,0.48418000802877575
7882,0.9701705602450719
7883,0.5960006076072502
7884,0.06481602707462114
7885,0.24085037112149826
7886,0.0540577339517348
7887,0.16215629084585817
7888,0.8402602798428407
7889,0.1215460295215848
7890,0.8790620481974638
7891,0.12016596679166544
7892,0.39470357531520783
7893,0.6992102470459333
7894,0.0061776167393446
7895,0.255358319014801
7896,0.12695102109083506
7897,0.16126936059251223
7898,0.23639534263935155
7899,0.2739811757667193
7900,0.5428093049087046
7901,0.3063987362943072
7902,0.0645019206746505
7903,0.8033125043538469
7904,0.0154075382211164
7905,0.242797900024385
7906,0.5190001317702861
7907,0.7196426174093953
7908,0.6898074780137272
7909,0.2223145805696874
7910,0.15107115774771052
7911,0.982752789755637
7912,0.1739145288764955
7913,0.06747423435663925
7914,0.09494066742634284
7915,0.8242924714314523
7916,0.13450633348924057
7917,0.7324202132789579
7918,0.4059360428842192
7919,0.3314116580273109
7920,0.903522155264536
7921,0.2689014017654823
7922,0.2172746579238618
7923,0.04816296434360305
7924,0.1394167419044109
7925,0.39937423130959165
7926,0.38074084032059424
7927,0.3181391481036652
7928,0.35509980010918557
7929,0.3585352348934865
7930,0.8975252816721835
7931,0.0460927042213823
7932,0.1285687396723351
7933,0.1276823524975657
7934,0.0287709171218219
7935,0.4725798822539281
7936,0.2563786792837853
7937,0.3730488595351134
7938,0.31824357635091477
7939,0.23124010314487287
7940,0.38559567747294093
7941,0.11005133551888825
7942,0.1027926170886415
7943,0.35539633465749326
7944,0.2088516370240282
7945,0.0584485755748484
7946,0.4566234814297514
7947,0.2745562219333996
7948,0.39061996618067696
7949,0.9546174941252465
7950,0.2183982823548161
7951,0.8538550947316079
7952,0.8506508348221004
7953,0.5797551505811384
7954,0.2533677763016052
7955,0.43299355746040047
7956,0.3351301263689434
7957,0.108024632671759
7958,0.43340253504966153
7959,0.1825169712656364
7960,0.11703294677621405
7961,0.2178242550317581
7962,0.10739798368515566
7963,0.6184698071738345
7964,0.5044496216666061
7965,0.13188387379641175
7966,0.8993794163910742
7967,0.12445733591822429
7968,0.6796351530729992
7969,0.07909233013939465
7970,0.9810626777740026
7971,0.0042838033963849
7972,0.061691946411809105
7973,0.1066051047304881
7974,0.04538617050437235
7975,0.38779253937160163
7976,0.6653048565941064
7977,0.12888042810287334
7978,0.8717214877329984
7979,0.14429288842087246
7980,0.7735968811499339
7981,0.29113967541941976
7982,0.20045799808281664
7983,0.41795489974889494
7984,0.041196896203041344
7985,0.08787587776913365
7986,0.1299376202884339
7987,0.15148148342675574
7988,0.2565340100781232
7989,0.0341303104467401
7990,0.4892533551057763
7991,0.9602558788969561
7992,0.4848803204002555
7993,0.40098750585441356
7994,0.9345547255439886
7995,0.12421545283857019
7996,0.6184456377751468
7997,0.9072913483626154
7998,0.2581126141502008
7999,0.9731845987403955
8000,0.057586941243928005
8001,0.1258069676774369
8002,0.7206693934783426
8003,0.18580581018341605
8004,0.38911307392668915
8005,0.2935882193977757
8006,0.3280310456992478
8007,0.35090388622816704
8008,0.5714541035296307
8009,0.045268805836872344
8010,0.270917793659957
8011,0.44802228567353375
8012,0.49574269112748837
8013,0.4505479917410353
8014,0.9821126273813955
8015,0.26517097181152893
8016,0.1879993140967362
8017,0.37296736191145685
8018,0.7651270605089601
8019,0.12669722041495093
8020,0.0091127082463686
8021,0.11406302778172835
8022,0.1779445549842998
8023,0.2157122127459361
8024,0.8318484063527432
8025,0.08405160760224979
8026,0.8332181057492078
8027,0.050183013726558395
8028,0.5780185870382419
8029,0.3151623675979104
8030,0.45855937352945825
8031,0.8279491571339184
8032,0.13101551143270465
8033,0.0184529796495157
8034,0.3146029007701465
8035,0.5358958090886241
8036,0.01060734854524645
8037,0.09203136577605325
8038,0.1552187960228688
8039,0.0361760394711076
8040,0.05863128229839575
8041,0.26296796413579754
8042,0.8423116066888443
8043,0.7996997353802804
8044,0.07216727028125171
8045,0.23943893906723895
8046,0.12145397614143814
8047,0.47705614515246364
8048,0.995163354733169
8049,0.12891681546842246
8050,0.5338650216786512
8051,0.8942490443997956
8052,0.03257050732893935
8053,0.9729967448968624
8054,0.05413060656481875
8055,0.3356444181878676
8056,0.9597013634590549
8057,0.9515682810666888
8058,0.2863884500368253
8059,0.24406266634090398
8060,0.0011566762679441
8061,0.12849808680693864
8062,0.5402385117781878
8063,0.170028170760919
8064,0.3004088909512754
8065,0.7507044228297053
8066,0.41777377086136225
8067,0.6373261551323716
8068,0.09545844076743636
8069,0.2902746066610621
8070,0.5528865463353059
8071,0.8561309055575465
8072,0.36479157390168115
8073,0.9400510892718722
8074,0.8548381145610602
8075,0.0434666618714099
8076,0.9762413735617155
8077,0.977329471074578
8078,0.23578847512896564
8079,0.9758439200184724
8080,0.2898720965008277
8081,0.2851203090683124
8082,0.027417332995283702
8083,0.8686028042125739
8084,0.0126116410776168
8085,0.6345020228313565
8086,0.028866615239062053
8087,0.040383151716479396
8088,0.17364624572750195
8089,0.8698238987218294
8090,0.2016150777704558
8091,0.9850308179876569
8092,0.9228324222737878
8093,0.20442542414427842
8094,0.7237234601455242
8095,0.13260554130444654
8096,0.9826456141690073
8097,0.170639281554426
8098,0.01642174032554695
8099,0.7232895678149268
8100,0.28925981535668216
8101,0.395472313971016
8102,0.02365931526757635
8103,0.054890333953723
8104,0.9218419196900067
8105,0.44253190542032206
8106,0.00895852741913775
8107,0.5110096447198349
8108,0.8129405748779508
8109,0.9043699515724776
8110,0.3334777572143417
8111,0.02585454142984395
8112,0.9148158326380875
8113,0.1918371907742017
8114,0.16660304236760187
8115,0.34607099475261066
8116,0.9673748856049778
8117,0.8659735180619059
8118,0.4144733980530088
8119,0.2863529168224366
8120,0.19145377468494362
8121,0.01796229065094745
8122,0.9678659300504671
8123,0.09455513672314594
8124,0.2781898433538658
8125,0.1546040572000874
8126,0.5930204665614973
8127,0.9744082068011569
8128,0.3964685043769342
8129,0.1537479449365891
8130,0.7408046571206232
8131,0.3432828119487429
8132,0.02901591329182905
8133,0.20421768534833
8134,0.8860479755330062
8135,0.7937758089955178
8136,0.2239331027572688
8137,0.186903914184058
8138,0.0543341739500766
8139,0.17074348883731932
8140,0.052502041621556805
8141,0.16559461596912337
8142,0.6074166544302776
8143,0.28685377464029227
8144,0.37345452060042483
8145,0.4873538086272471
8146,0.0968999711731024
8147,0.4622026540354029
8148,0.23475818394161904
8149,0.6026276508814843
8150,0.1665085515505821
8151,0.9712133078164871
8152,0.7452510644602635
8153,0.14025977129065728
8154,0.2745386643731242
8155,0.4056258689257628
8156,0.1648847382533565
8157,0.24876742071696925
8158,0.3646673727016702
8159,0.03462139999506065
8160,0.7626847353355735
8161,0.3441689264451162
8162,0.08616380706355135
8163,0.043118591650547704
8164,0.5569497010312066
8165,0.07264450966120875
8166,0.3228088784153628
8167,0.9821454745206999
8168,0.2427133625175193
8169,0.8812135710944008
8170,0.4107219906409505
8171,0.17662077349737876
8172,0.46770232381464166
8173,0.7679191784367774
8174,0.27085124093495017
8175,0.7726446639614728
8176,0.3046745537831379
8177,0.2994411103004947
8178,0.6071660891143245
8179,0.26515119566195405
8180,0.0117724885348008
8181,0.3948915405965933
8182,0.9020062452750259
8183,0.584516943694318
8184,0.1365349245601977
8185,0.13054024102882725
8186,0.5431801779572814
8187,0.6932223983265329
8188,0.9574114990209057
8189,0.3574580810214904
8190,0.3787903272303117
8191,0.21597553324990526
8192,0.9309817447179837
8193,0.150204379160739
8194,0.16794434764083693
8195,0.19579047039891034
8196,0.9400437871381725
8197,0.4003983408212045
8198,0.5282317102555669
8199,0.1919200427742982
8200,0.5965423589957893
8201,0.35108576473568176
8202,0.07594995537454914
8203,0.4450318769316919
8204,0.7421912583294619
8205,0.29962340453010394
8206,0.21851364496362963
8207,0.3467678168055832
8208,0.9783537478233415
8209,0.7381256530051794
8210,0.4813433076010061
8211,0.18750434747240494
8212,0.0227103119522971
8213,0.025729013730725548
8214,0.8609345194812897
8215,0.2776270239430153
8216,0.1915699690519035
8217,0.5671087495498299
8218,0.4636240078038101
8219,0.06755862646087785
8220,0.20651711655196264
8221,0.8565050413740443
8222,0.14300069863319975
8223,0.34037986224084316
8224,0.36488580654973607
8225,0.5570433084035605
8226,0.3945154974126986
8227,0.14459944252841495
8228,0.1322293112588916
8229,0.0163993313438326
8230,0.3792084986613739
8231,0.15306868175678126
8232,0.9936202365200031
8233,0.14127372984554734
8234,0.4504178875630171
8235,0.9478574904889028
8236,0.9700492670798226
8237,0.0542998799001294
8238,0.1351830316266854
8239,0.1611559186682439
8240,0.8851527187786987
8241,0.9871021938414065
8242,0.09739341496147946
8243,0.1880371854227719
8244,0.31095944620794075
8245,0.3335021822283353
8246,0.2932392289187993
8247,0.9746730562804093
8248,0.5047486467649817
8249,0.6498158234762469
8250,0.487612211712479
8251,0.21332915638432282
8252,0.45821276871310934
8253,0.47910656056993245
8254,0.29540314468610174
8255,0.9105570890924881
8256,0.37141960537239443
8257,0.00433775530948335
8258,0.7570556089923053
8259,0.40221759239704913
8260,0.014456736698072549
8261,0.046926194923675904
8262,0.39788186019786986
8263,0.21098588566030965
8264,0.03415073578257075
8265,0.1652043962636603
8266,0.36269885988252015
8267,0.933818013015316
8268,0.21114808546014985
8269,0.6496227831924797
8270,0.10234787425121886
8271,0.5015216807850217
8272,0.3467997885617665
8273,0.2670496237801281
8274,0.24105414436260694
8275,0.9442666028047542
8276,0.32031279137638474
8277,0.4171356761364363
8278,0.23888981582794774
8279,0.24775368507820975
8280,0.2866015037566271
8281,0.0057286213018189
8282,0.12657951594350514
8283,0.9919391945296405
8284,0.4361548342731869
8285,0.9354509509120692
8286,0.1752151087696149
8287,0.10197948579780605
8288,0.7795703893767552
8289,0.6566838754314066
8290,0.12612081713748435
8291,0.10230678862325064
8292,0.02734597955383115
8293,0.3575264092334299
8294,0.4942355819181199
8295,0.6465761330071824
8296,0.1211451684996181
8297,0.8590753489639722
8298,0.6752842286686693
8299,0.966451651962692
8300,0.14020313564726955
8301,0.044335800292548945
8302,0.18342486222865023
8303,0.128675817975306
8304,0.1777676755806637
8305,0.09629655814196786
8306,0.5627470448708183
8307,0.9585117191593278
8308,0.01491757520551305
8309,0.34009230162646803
8310,0.3549458397649975
8311,0.9544416044350057
8312,0.8168069956374682
8313,0.5327153630573794
8314,0.2235307406706297
8315,0.9759904114213072
8316,0.8120209686488701
8317,0.1198710462062222
8318,0.053059584277915746
8319,0.11623407435081735
8320,0.12373175510396406
8321,0.11558273191061125
8322,0.5848744495267626
8323,0.2905488489457406
8324,0.12454986057643985
8325,0.0627792468895268
8326,0.7588572375089051
8327,0.11092124284281285
8328,0.16441245454835546
8329,0.4874044752326625
8330,0.9795734839217046
8331,0.36706408340139846
8332,0.4599124069051417
8333,0.0230199068846645
8334,0.6995526640406711
8335,0.922157005325581
8336,0.7400936221549219
8337,0.22645957048734114
8338,0.035796080061407
8339,0.20108395334972923
8340,0.25294840569018173
8341,0.4280506385182858
8342,0.9262724278035149
8343,0.17676250450966494
8344,0.9367302200258383
8345,0.13293451561720585
8346,0.8827915891866251
8347,0.2936976495353924
8348,0.29928173032353733
8349,0.400439848536676
8350,0.3945685416937632
8351,0.11825032779452775
8352,0.9291922401685659
8353,0.7451222709588547
8354,0.01673449730470465
8355,0.897192546754974
8356,0.11271779553302516
8357,0.5294945701158801
8358,0.3024379958431957
8359,0.6711260687658405
8360,0.9730479695864144
8361,0.4378532411511331
8362,0.8857532821207244
8363,0.32347526233146967
8364,0.9939255956094202
8365,0.6768251009002703
8366,0.11294823874195845
8367,0.5474553698633653
8368,0.8153757252556105
8369,0.0331015222560239
8370,0.2743025180021487
8371,0.7663656114645063
8372,0.22625451837213129
8373,0.7302848287007366
8374,0.452717590414787
8375,0.4905929242778166
8376,0.21364189439498166
8377,0.12130116514903265
8378,0.5415926799025206
8379,0.05921726078366085
8380,0.6091062550433748
8381,0.7164514524877216
8382,0.9987019813892114
8383,0.0823536121505394
8384,0.0421265677050427
8385,0.17756704234577264
8386,0.9103943307864469
8387,0.9326197072323363
8388,0.3748037137934294
8389,0.3022300966330714
8390,0.01241547900715175
8391,0.1580897833517265
8392,0.08233159777237174
8393,0.6786559738060917
8394,0.5760323361562741
8395,0.32105681021151333
8396,0.2465179490459834
8397,0.993201779294122
8398,0.9392212169547235
8399,0.24007976157302396
8400,0.2704387115321676
8401,0.6317725655476399
8402,0.9020715066706935
8403,0.7063137633562167
8404,0.14296410363602466
8405,0.9133051501150069
8406,0.3470220600494666
8407,0.9364943983753632
8408,0.01576877418881565
8409,0.10948118791465025
8410,0.22161375251665086
8411,0.29520317425583864
8412,0.25805473955840885
8413,0.22183569948987586
8414,0.0587095386516127
8415,0.551346887829683
8416,0.0143781757881317
8417,0.2130741589288705
8418,0.108786244615376
8419,0.8149563552743642
8420,0.04907702284584405
8421,0.9968469587265033
8422,0.17780598963077018
8423,0.5117317058646814
8424,0.01873892558705015
8425,0.5582700814860639
8426,0.9963474593266395
8427,0.5878414458691039
8428,0.9458941770398456
8429,0.312586520002172
8430,0.15850992523906166
8431,0.504545347065088
8432,0.1369240692690258
8433,0.8640214736372711
8434,0.3930795635849356
8435,0.1854538413864722
8436,0.8671002495553328
8437,0.8573801627335216
8438,0.11588168259391665
8439,0.3182496594250608
8440,0.09932495510537954
8441,0.5254428569481636
8442,0.057943023880166554
8443,0.4280494203772822
8444,0.1738034017950365
8445,0.036550737860537995
8446,0.15019438625867051
8447,0.28860021009361186
8448,0.1923456991754877
8449,0.6453540224389758
8450,0.08127441939887056
8451,0.23713797895490094
8452,0.0054329091467622
8453,0.9981336356684087
8454,0.7168751742477307
8455,0.31273145286738835
8456,0.6569868835198984
8457,0.3026407847565466
8458,0.9874320742817365
8459,0.4303203326031021
8460,0.39596252743576604
8461,0.2121269353498446
8462,0.16249347318997687
8463,0.1672332157711541
8464,0.211644765101172
8465,0.0698966550490276
8466,0.831030703113295
8467,0.02165497315814425
8468,0.6718517956561928
8469,0.3148839291770897
8470,0.155998398104623
8471,0.9537344305885183
8472,0.9840329428603258
8473,0.18443212429076325
8474,0.06083894050117175
8475,0.8920332780297814
8476,0.3357570583030805
8477,0.42148182724423294
8478,0.7082424672941471
8479,0.04868270194832665
8480,0.0374534249969285
8481,0.0246347200447128
8482,0.10561281575857584
8483,0.0471572550125239
8484,0.4651519936299081
8485,0.39576847547695165
8486,0.31641522826866236
8487,0.23098160571427215
8488,0.0079910417425504
8489,0.805983800897393
8490,0.2784521491645489
8491,0.8626959904949683
8492,0.6713775198870195
8493,0.05724227913297605
8494,0.1580718938934818
8495,0.951593580488209
8496,0.3158931495989062
8497,0.1780864928609453
8498,0.29959642194333436
8499,0.5534234709766419
8500,0.1395003843442253
8501,0.32185118253269085
8502,0.2314523307120344
8503,0.8637953916471138
8504,0.1762646913788732
8505,0.0734035259624479
8506,0.1726704403462272
8507,0.19412057651639514
8508,0.19135156312868934
8509,0.0966935364611532
8510,0.15665291684499127
8511,0.11588165890329555
8512,0.1343103170354959
8513,0.0490312008025835
8514,0.1468004897960111
8515,0.4550636163714893
8516,0.1506625302337026
8517,0.1887587412179536
8518,0.38821427034732436
8519,0.07892027634801474
8520,0.0637222266829809
8521,0.2684901172712434
8522,0.8676618679814423
8523,0.29263293591355743
8524,0.9720012355366126
8525,0.032499828108847245
8526,0.7021180334466384
8527,0.10268155181626305
8528,0.25888699324937675
8529,0.7937824671237965
8530,0.7854339443273897
8531,0.8586643459249135
8532,0.6743233085136251
8533,0.10760689953890155
8534,0.08324014528882485
8535,0.9839281114178469
8536,0.34434217357301816
8537,0.23824935173358833
8538,0.48632127958734805
8539,0.18901489366987978
8540,0.4319130017936518
8541,0.38437563258307045
8542,0.21525968687079228
8543,0.9734351844608586
8544,0.9527426130999872
8545,0.32956179172727806
8546,0.14750641165935485
8547,0.3555537470067991
8548,0.43282702510599413
8549,0.1885092149806733
8550,0.20298173387787666
8551,0.25129554546947463
8552,0.16640749717090242
8553,0.2948111084260275
8554,0.4584173624434087
8555,0.17391116120368796
8556,0.4156561498169727
8557,0.8121711575570503
8558,0.9531247470188529
8559,0.7948495428717965
8560,0.9352208302572758
8561,0.6783482800096409
8562,0.32755740678037204
8563,0.2196368662201865
8564,0.14170533904075705
8565,0.12607436218880969
8566,0.865567270242
8567,0.7991872719509276
8568,0.9122372016739138
8569,0.37861361499248175
8570,0.8071054569637957
8571,0.17140166548915456
8572,0.9953700743752464
8573,0.35650300824981684
8574,0.22055194581058835
8575,0.27106847831283665
8576,0.0234065738661215
8577,0.8140821141313322
8578,0.9503498925641226
8579,0.22493474371504585
8580,0.6736210708929193
8581,0.5287328199055764
8582,0.07189395733410694
8583,0.6079721095108593
8584,0.7686512390027662
8585,0.13938820962059684
8586,0.2307353496939066
8587,0.20400995670284494
8588,0.38295852825096305
8589,0.0724981090184417
8590,0.6141801805708409
8591,0.958778283045473
8592,0.26477589664971085
8593,0.2980238411663898
8594,0.0279689609028776
8595,0.9248530288926435
8596,0.5813823383848502
8597,0.052016947863601753
8598,0.8541422304528996
8599,0.880544168966872
8600,0.28172923953423057
8601,0.23407713732876526
8602,0.20574054171151296
8603,0.3316284181757286
8604,0.8324482243974789
8605,0.1261633522726659
8606,0.18312275017034005
8607,0.5138015485805807
8608,0.9576599725408685
8609,0.14719396705479348
8610,0.174318249740431
8611,0.8684528455465896
8612,0.36564696772621996
8613,0.9621735747367504
8614,0.9127537673231525
8615,0.49981830163331387
8616,0.23696439074137426
8617,0.18851555522200814
8618,0.6568307920155628
8619,0.20970401675224634
8620,0.29813021232087633
8621,0.8734724120182078
8622,0.26189926126006063
8623,0.9357694173365411
8624,0.10215967613299179
8625,0.25461305810260315
8626,0.15195359622806034
8627,0.1648197358635444
8628,0.5885358514768474
8629,0.0580597002949361
8630,0.8544057036459971
8631,0.30025367493231647
8632,0.2572336237136818
8633,0.9114777672668303
8634,0.38114038801226535
8635,0.7297467703217433
8636,0.8996873671705918
8637,0.97481690202834
8638,0.11638603915307019
8639,0.5252068576743415
8640,0.1086299134129658
8641,0.3690968679004951
8642,0.01394612843921515
8643,0.8610571637131061
8644,0.032444543377170454
8645,0.02611100604753305
8646,0.5362805699018696
8647,0.41650955785308946
8648,0.18905961483790462
8649,0.5188284590004133
8650,0.0124371931454105
8651,0.06399957591781685
8652,0.7556203559369608
8653,0.02638301048057755
8654,0.0604519150488737
8655,0.0268302350162347
8656,0.09541047684242385
8657,0.4576712731419521
8658,0.4069494343717185
8659,0.2304495651636171
8660,0.01966097112392815
8661,0.4291702590196154
8662,0.01280907567391705
8663,0.22534618301479725
8664,0.00888945598376595
8665,0.07203157706841824
8666,0.9410299831677165
8667,0.157493681681138
8668,0.146375000691498
8669,0.4700410709806994
8670,0.010337358835042599
8671,0.45997926684364326
8672,0.9015050920343686
8673,0.12306779892969585
8674,0.16216051107858703
8675,0.9488109757330844
8676,0.8714092818607473
8677,0.0724905911581247
8678,0.19813407187526183
8679,0.288499717372122
8680,0.577030041990622
8681,0.2408185838598251
8682,0.9114259500131543
8683,0.7653837800823524
8684,0.48437129634403053
8685,0.0432134261568384
8686,0.27537698862099474
8687,0.14864559697166096
8688,0.9489180275044196
8689,0.18057486359309197
8690,0.2048544278859802
8691,0.9371838345196766
8692,0.38621093429888875
8693,0.18205808723476385
8694,0.9977736464144777
8695,0.9810116200978876
8696,0.1529009370198603
8697,0.92340680644748
8698,0.2574107296222324
8699,0.24539801323151808
8700,0.22242913342677129
8701,0.9209440256282574
8702,0.1414737371342288
8703,0.2083733781328945
8704,0.00952116537134155
8705,0.6856102071489376
8706,0.9987652865323029
8707,0.09639474061629955
8708,0.059170332677300846
8709,0.0688051440206957
8710,0.321237227663182
8711,0.12701490175051738
8712,0.1636704349676642
8713,0.30748823163202715
8714,0.733749119865632
8715,0.09818346236893895
8716,0.065173279049429
8717,0.6030087888099712
8718,0.8950150139622388
8719,0.09677811558095986
8720,0.16105069882516304
8721,0.2081982449760273
8722,0.9316584180452103
8723,0.045928430721533645
8724,0.0434578588512511
8725,0.1181227726415628
8726,0.13429893851630834
8727,0.0678872218600397
8728,0.3685764717753017
8729,0.9940975927066023
8730,0.7757050563119079
8731,0.7219778980608026
8732,0.8095836865469745
8733,0.8141634008482226
8734,0.027082849526387
8735,0.21382204773322505
8736,0.7868532774059815
8737,0.8682975147316844
8738,0.29032551312840765
8739,0.30007972447209125
8740,0.9381742627567979
8741,0.9637827665587084
8742,0.9894484699293569
8743,0.1728113092662724
8744,0.01481364038331115
8745,0.3589856320873037
8746,0.4072004851271156
8747,0.2817110847241029
8748,0.12916848339642076
8749,0.2598706084161636
8750,0.14440647063235626
8751,0.2690218853895202
8752,0.6748262349504532
8753,0.8872892089138045
8754,0.41447598242185246
8755,0.9379013767847374
8756,0.39986194194938357
8757,0.3560045701778987
8758,0.1401789030134818
8759,0.46796032962129197
8760,0.0496838155197807
8761,0.8380583771552599
8762,0.12199841088872715
8763,0.9780321289136142
8764,0.38799723604204417
8765,0.36790999463606816
8766,0.02805115769474725
8767,0.3266613867729514
8768,0.0803526008452375
8769,0.27325033231112505
8770,0.16441706840887113
8771,0.0305652823019527
8772,0.05339740783553975
8773,0.14434811031461234
8774,0.6852068914587646
8775,0.040163794979946196
8776,0.14089478286255538
8777,0.5118117327185339
8778,0.3083599291622813
8779,0.10845258543526155
8780,0.02379314248160485
8781,0.9521139455731078
8782,0.23718427762118285
8783,0.135100975050858
8784,0.0160503219060387
8785,0.0609822005897739
8786,0.287721976941836
8787,0.047800287564682055
8788,0.968645320511493
8789,0.19785670574327816
8790,0.895746655405411
8791,0.2590037084645286
8792,0.14870271154856812
8793,0.2412204379023663
8794,0.8755789708696249
8795,0.8305544052362414
8796,0.03547835924516435
8797,0.6632155321498108
8798,0.9018489996201525
8799,0.21386962352781305
8800,0.1074741117209878
8801,0.08758203851882454
8802,0.08008097661699225
8803,0.6505120004867266
8804,0.04957236014151315
8805,0.3268835438502803
8806,0.37140887711359105
8807,0.1368838810552762
8808,0.629368049802447
8809,0.5007570934775875
8810,0.08203967453921505
8811,0.48633908426679795
8812,0.8993652851859466
8813,0.08707180433735515
8814,0.6337463347924335
8815,0.8790417735226825
8816,0.8677402647316643
8817,0.9654404320796008
8818,0.8501452310947781
8819,0.5108182992356038
8820,0.5197426407947964
8821,0.23007201570847724
8822,0.7354985765999041
8823,0.918359467194769
8824,0.07816006951690796
8825,0.1523313582432082
8826,0.4426504828828808
8827,0.7140120749451913
8828,0.3468931494253862
8829,0.2817018638278185
8830,0.06473850671781435
8831,0.26916783322095317
8832,0.4196731574849317
8833,0.0875154538330353
8834,0.7802135338414702
8835,0.055305571963201
8836,0.2640272611660015
8837,0.31017982850550785
8838,0.4651480189046496
8839,0.31009598738721283
8840,0.30728135807326584
8841,0.9675976531801405
8842,0.9568014147013177
8843,0.21520934733815186
8844,0.6449343799158871
8845,0.35455126654800506
8846,0.044615961874666196
8847,0.22005096560591195
8848,0.9755583907339358
8849,0.2247573495280086
8850,0.8538646456235714
8851,0.30681864637463835
8852,0.7226610211402105
8853,0.40796996378310724
8854,0.00513381742160705
8855,0.17707345991249068
8856,0.1034955281363666
8857,0.16418577500078194
8858,0.2699000599310792
8859,0.5919498753344876
8860,0.24070353128918184
8861,0.29034019832176383
8862,0.19863953872738205
8863,0.4507482664047498
8864,0.036736320006247845
8865,0.8800817018941003
8866,0.945695876744981
8867,0.12684205438838358
8868,0.8358999068527191
8869,0.46594874344642867
8870,0.1525512713457237
8871,0.44806807054150083
8872,0.2690174094719344
8873,0.0506724859170632
8874,0.49686039570873175
8875,0.21804141120550866
8876,0.0253161324184665
8877,0.9982603611848577
8878,0.0017896601546904
8879,0.24216399924678783
8880,0.1103017749542177
8881,0.4594964038321318
8882,0.38193724432292264
8883,0.3786240193220851
8884,0.9403032811574934
8885,0.452546263285602
8886,0.3592102507776197
8887,0.10749131676959711
8888,0.14441293512816264
8889,0.15202976537154875
8890,0.2818078729839639
8891,0.4194947429508019
8892,0.33523368738515036
8893,0.485605748270987
8894,0.2898282084602454
8895,0.9390023215978895
8896,0.5328115609189377
8897,0.42709329269000773
8898,0.6320766695207906
8899,0.2524236498732172
8900,0.3544315565343891
8901,0.5550237106732425
8902,0.9960031149370854
8903,0.5364569861141915
8904,0.6642873557722606
8905,0.6906502245383965
8906,0.9325930731354137
8907,0.2185890197969098
8908,0.22701529674678636
8909,0.7514270829832147
8910,0.7455653295106568
8911,0.1220363077640694
8912,0.5291540589937076
8913,0.11795163841594446
8914,0.1746540163519272
8915,0.2334451540370181
8916,0.046198646590742846
8917,0.2473295586033639
8918,0.20600907083488562
8919,0.31943761670847676
8920,0.28015734165761486
8921,0.2289127561558259
8922,0.9240892859478351
8923,0.17695587639884824
8924,0.7550934859563623
8925,0.6289018043111052
8926,0.11827704272416076
8927,0.6537731394120193
8928,0.7569330110289145
8929,0.6438562840410988
8930,0.7188402150349316
8931,0.2793099765736988
8932,0.927221450987773
8933,0.16979756542734795
8934,0.26903994046308866
8935,0.7470306606920374
8936,0.8328298383573687
8937,0.14866554548300354
8938,0.8870714794295602
8939,0.2809754722726233
8940,0.4931405555615256
8941,0.02249236890307245
8942,0.513001776675641
8943,0.5655030933781215
8944,0.7106479992005544
8945,0.8234553611356487
8946,0.30693663841575497
8947,0.914399539032606
8948,0.3311448652495378
8949,0.4784600299185292
8950,0.5822972120079984
8951,0.9900621825554682
8952,0.15847335540938104
8953,0.17739133447537403
8954,0.16045008629670895
8955,0.8759455301011435
8956,0.7308877419280477
8957,0.907450897477873
8958,0.9098901690244262
8959,0.4290784808699577
8960,0.10090007022978165
8961,0.7611174693771086
8962,0.0726273840931856
8963,0.9272475795942656
8964,0.506350227000883
8965,0.10759962062227955
8966,0.4596569829086603
8967,0.11407974915443835
8968,0.1138993023358253
8969,0.042608322957237
8970,0.02478988192429585
8971,0.07200293264545089
8972,0.040325130924244106
8973,0.594860132959191
8974,0.19162506361101203
8975,0.8654257653961498
8976,0.38361679611093846
8977,0.2050618355129192
8978,0.5765437138650993
8979,0.00577057665940655
8980,0.06910692964904075
8981,0.8345118202788127
8982,0.17777771721707375
8983,0.6350489363254808
8984,0.0324403397356901
8985,0.14476410203564563
8986,0.082225102694612
8987,0.0614853636981081
8988,0.02128845991050415
8989,0.45033164132284786
8990,0.08658510513740095
8991,0.3150897376439453
8992,0.09915497297864635
8993,0.24955842018468077
8994,0.9743393203512005
8995,0.6348198673004114
8996,0.151045337861467
8997,0.9596543842734122
8998,0.12984697100320355
8999,0.31536074726840624
9000,0.25749415939934717
9001,0.3788873706762725
9002,0.06915637051082164
9003,0.9472416867624815
9004,0.2875162688734189
9005,0.8564828161692366
9006,0.9267449981754501
9007,0.29589892025534825
9008,0.20096155902089854
9009,0.14050572266863737
9010,0.8320444177317613
9011,0.8290913927189574
9012,0.11173048395657165
9013,0.06881545402792286
9014,0.27581039641518307
9015,0.0525404138631631
9016,0.4461953599938152
9017,0.2526170132864475
9018,0.8146018433181337
9019,0.3856411703439131
9020,0.1105120462007863
9021,0.4816826797837864
9022,0.2266434476032136
9023,0.38605181952557494
9024,0.19723541789248175
9025,0.5372821450784615
9026,0.3237998643507991
9027,0.9938626185180355
9028,0.3108378109781427
9029,0.0678932347765485
9030,0.6579726628923939
9031,0.40366026225165497
9032,0.3892498546998126
9033,0.9711481476593364
9034,0.09603963803271914
9035,0.06867868227170254
9036,0.10266091779878825
9037,0.17440872746786845
9038,0.345600628314918
9039,0.3207168277994469
9040,0.1349150718175653
9041,0.5215318620010975
9042,0.4192219248215459
9043,0.46902197903900095
9044,0.0452665020873126
9045,0.28231304842925786
9046,0.0646780789449151
9047,0.2419173310354627
9048,0.2841191911206275
9049,0.9695784840243207
9050,0.24633662012098476
9051,0.9414892933214654
9052,0.1483341703965228
9053,0.1104859394935372
9054,0.15626231488631706
9055,0.5347967887040431
9056,0.5070873871260686
9057,0.209150309916358
9058,0.9929800707617278
9059,0.20590322876035544
9060,0.16535039007442026
9061,0.452180942255145
9062,0.8543198754896442
9063,0.1294891789947745
9064,0.10454665665651156
9065,0.49047850710173313
9066,0.34651282300987213
9067,0.43420351158081116
9068,0.10534700450415055
9069,0.08635115363624285
9070,0.2395131983565282
9071,0.2088279224380888
9072,0.8293137627860404
9073,0.6691178933312167
9074,0.9067161989424055
9075,0.0168255810319859
9076,0.8451067001130708
9077,0.11566054481936525
9078,0.2926689670230345
9079,0.6804460340427496
9080,0.721745138090597
9081,0.32796427138191186
9082,0.6439636752532074
9083,0.6135698054569769
9084,0.2185771127117217
9085,0.9463008846268604
9086,0.8727267211106093
9087,0.9672398172741927
9088,0.7740249978158902
9089,0.3452026086159963
9090,0.43237365084015733
9091,0.5314902766597496
9092,0.5561492830758178
9093,0.07893530423073204
9094,0.14471805819927863
9095,0.6790485667057616
9096,0.9070272103483155
9097,0.02554858128423265
9098,0.19545866025993708
9099,0.3017433244584076
9100,0.01710885714095835
9101,0.805820145290357
9102,0.2033313653637325
9103,0.732462229965015
9104,0.33994761230538334
9105,0.3277415607177341
9106,0.28742848246604313
9107,0.051240170271600854
9108,0.521170652334817
9109,0.33937945148013215
9110,0.00393443364480565
9111,0.7839003441514355
9112,0.05503261596169435
9113,0.6202654005701782
9114,0.0809845526473062
9115,0.8262292544052225
9116,0.2516582553549559
9117,0.8660697025178027
9118,0.4191104342214331
9119,0.6778456283546029
9120,0.2292645984842916
9121,0.632388570334248
9122,0.29935691673932585
9123,0.39692610058921984
9124,0.11537435550737475
9125,0.5777972718410939
9126,0.2240113165161126
9127,0.18181848023212865
9128,0.020952643014367202
9129,0.09189428367310734
9130,0.5859022318048748
9131,0.9534760655435344
9132,0.27976835203860456
9133,0.1183319260629406
9134,0.23041205538890705
9135,0.5486271687813504
9136,0.05862728313084875
9137,0.17199806441213886
9138,0.10188584140140185
9139,0.19271593877712154
9140,0.901474806977675
9141,0.28000209213425153
9142,0.1626400000005368
9143,0.8072854798616976
9144,0.29906181703947565
9145,0.1644629613481121
9146,0.04678940182358845
9147,0.2481530445625331
9148,0.355411316876482
9149,0.2975464010546503
9150,0.3710271632563372
9151,0.034681953345568596
9152,0.64376886394257
9153,0.3660024578836386
9154,0.9158810886536036
9155,0.9866931986872497
9156,0.8055701016586935
9157,0.8786183909301626
9158,0.45986970145534206
9159,0.01839556034898815
9160,0.44210391149424444
9161,0.08663808340895475
9162,0.27387903925438817
9163,0.02563900865498015
9164,0.2342674489356543
9165,0.06606032603862765
9166,0.960643796689904
9167,0.0880091812997265
9168,0.46162667795548723
9169,0.9668051168036997
9170,0.7869924945940947
9171,0.9411385299029652
9172,0.8433378590325167
9173,0.5825076795309136
9174,0.2742798473568445
9175,0.1618024433723824
9176,0.016124365044731248
9177,0.4774422050261837
9178,0.5272927978201217
9179,0.21011250835038295
9180,0.06993731832139251
9181,0.5184453389280954
9182,0.0116499893777981
9183,0.0843457014489529
9184,0.5119863344493638
9185,0.13492188353996765
9186,0.2614957810378075
9187,0.10151982131840935
9188,0.09531693937573625
9189,0.7933043652316056
9190,0.04461692176171865
9191,0.2938578765646672
9192,0.9805889403586855
9193,0.0172575887771308
9194,0.0775597107311056
9195,0.05971744071236705
9196,0.7527159435548453
9197,0.13190127007843516
9198,0.05573522493590735
9199,0.1949359518521537
9200,0.17217119184180585
9201,0.9977424531609581
9202,0.15096604327619428
9203,0.2119324906688099
9204,0.361304320615795
9205,0.0162761500309359
9206,0.6054485844202018
9207,0.5959521922423865
9208,0.03703647157720485
9209,0.0883118767674717
9210,0.9297236820124927
9211,0.8591653437071878
9212,0.44147902733924616
9213,0.25005051988278293
9214,0.0893982382513121
9215,0.1543314762878446
9216,0.3818386947221014
9217,0.1422849277230202
9218,0.37680016053142096
9219,0.1930952744250804
9220,0.12037474869256755
9221,0.557587190933566
9222,0.3305668272801868
9223,0.9378368931600991
9224,0.28316180544464453
9225,0.936968040741236
9226,0.9697253184221443
9227,0.15413196443849347
9228,0.0426428629516939
9229,0.060381790394197554
9230,0.2658870315826816
9231,0.26285610376264923
9232,0.8886915654781875
9233,0.03794081081525635
9234,0.1868861334155608
9235,0.24110429238339384
9236,0.06619583872099685
9237,0.28111702524269244
9238,0.3566489908646202
9239,0.24975361861786025
9240,0.6515326174891165
9241,0.3516346427322182
9242,0.0040159594192559
9243,0.9753639232898261
9244,0.09341448058041815
9245,0.1693290707058268
9246,0.49457924090530947
9247,0.14787143078939954
9248,0.9783735536454593
9249,0.9948311467346866
9250,0.12166687759520255
9251,0.544204417218841
9252,0.058005583387417105
9253,0.0107151763703168
9254,0.26321964780982177
9255,0.9955918867341063
9256,0.31565803500032236
9257,0.5245077143787625
9258,0.8710918275865265
9259,0.13473527041860256
9260,0.22856512901443887
9261,0.9476092582042105
9262,0.7580579603872446
9263,0.0751761596003783
9264,0.1950057285645824
9265,0.10898323328201631
9266,0.8489074463815119
9267,0.5178380555751274
9268,0.19565234975963988
9269,0.833180053175101
9270,0.04231033331130675
9271,0.008071524529264
9272,0.3716250383006914
9273,0.2195701028739625
9274,0.15820858264964616
9275,0.08410005267320685
9276,0.0674271271608426
9277,0.34456212201054315
9278,0.9868089398352076
9279,0.2441156018865735
9280,0.7266835480404882
9281,0.9576834151124346
9282,0.4282184958490487
9283,0.7775302716424664
9284,0.28173257304395233
9285,0.42098152958651014
9286,0.31126293243968023
9287,0.5385716149347288
9288,0.29205307489295673
9289,0.1642776619869059
9290,0.20510762050183295
9291,0.2368794055421817
9292,0.5649477547608052
9293,0.44758988135967825
9294,0.310751896904378
9295,0.538066678358313
9296,0.33131997049843187
9297,0.95550144368301
9298,0.21110619492144272
9299,0.045825989152666245
9300,0.16387230251371965
9301,0.5468585697961054
9302,0.2157909561001484
9303,0.2241000866283703
9304,0.18677309845385665
9305,0.0295248610415901
9306,0.3264066232330727
9307,0.7573576955674232
9308,0.9235482660197862
9309,0.9489429411672652
9310,0.1708645042807068
9311,0.8676838062795897
9312,0.8097369588898804
9313,0.7635470880659743
9314,0.16783868786405104
9315,0.5407152075933566
9316,0.8790578334531636
9317,0.658600392241884
9318,0.018136280886226
9319,0.1609918954817624
9320,0.10664736320887745
9321,0.8570092942217786
9322,0.7133356971596384
9323,0.48149666109985567
9324,0.07407476441587879
9325,0.17278191407505936
9326,0.46345236719246763
9327,0.2247373585438314
9328,0.6801097599458951
9329,0.26099322255862945
9330,0.8380089420043493
9331,0.23708288475689915
9332,0.15931229134244335
9333,0.1033999245783489
9334,0.5426217860985102
9335,0.09334218544154235
9336,0.31794802417710366
9337,0.7203639141602391
9338,0.2354928294931592
9339,0.5068251057418247
9340,0.2799399216891926
9341,0.1713021035733368
9342,0.21441727591397408
9343,0.0969402383734775
9344,0.29733729734926123
9345,0.01230953279130685
9346,0.1716928281485241
9347,0.1926425645162304
9348,0.1326268763631362
9349,0.3142116963451923
9350,0.1996519556647652
9351,0.07025436295857129
9352,0.19085880245851308
9353,0.18273253786975754
9354,0.1427666337875767
9355,0.5247943079660352
9356,0.3071499781946575
9357,0.1360576875464809
9358,0.3986536722555263
9359,0.9514845560520344
9360,0.22201013863312166
9361,0.004886131734474849
9362,0.11070108138454465
9363,0.08688760854028191
9364,0.6079968265577921
9365,0.015036261463156
9366,0.27570920308363644
9367,0.9308913446733103
9368,0.30101277112942404
9369,0.200299083772436
9370,0.9248159021593385
9371,0.590034661851015
9372,0.0828231763331071
9373,0.019044220623476698
9374,0.16248360171541323
9375,0.37355255308196833
9376,0.8152423562159052
9377,0.20325121124137593
9378,0.9966716795651299
9379,0.32973843440313433
9380,0.12559380293576705
9381,0.9687787725422439
9382,0.2330194041290897
9383,0.9592458070299168
9384,0.6116066258720612
9385,0.931702150570081
9386,0.0196760662892126
9387,0.5593798848297067
9388,0.5370511346668487
9389,0.6955248300700526
9390,0.09692146701429401
9391,0.39733742559658414
9392,0.16019827613131626
9393,0.17021328546637404
9394,0.5173189815515994
9395,0.8332755821459998
9396,0.11920694258476545
9397,0.9971340224206745
9398,0.040320038603208805
9399,0.010503828677616
9400,0.5691509611295964
9401,0.1097651237086099
9402,0.2305441854144448
9403,0.0681115017934283
9404,0.968155468137418
9405,0.6202443022469861
9406,0.0065848226802925
9407,0.0316213832350433
9408,0.6028734292070189
9409,0.3834625451461265
9410,0.8966487487745335
9411,0.33949713852232016
9412,0.16745450380543625
9413,0.1810099797225766
9414,0.1006159698548771
9415,0.381142226298151
9416,0.10612621960280891
9417,0.12615099938118224
9418,0.19859854874467575
9419,0.40061744985764025
9420,0.9458484708804753
9421,0.3121791359561129
9422,0.9915695153620145
9423,0.13409999706557219
9424,0.807623839520828
9425,0.9641169701764511
9426,0.5122390554905512
9427,0.2933946724456987
9428,0.23222929945564363
9429,0.5822501686241244
9430,0.0025914827129496
9431,0.891236361852844
9432,0.06440358089720664
9433,0.9310496441664167
9434,0.03587358286029705
9435,0.9975735246665545
9436,0.960018421618485
9437,0.03861558001799165
9438,0.500930135987805
9439,0.048326049134452
9440,0.5287787369261037
9441,0.7387441624948188
9442,0.2466846100575208
9443,0.21332661693056332
9444,0.21489178372567594
9445,0.9035426617057782
9446,0.0323597974062859
9447,0.9736301378517633
9448,0.20976713257544216
9449,0.11710206844842344
9450,0.1886385289648434
9451,0.0724590667965532
9452,0.9724095737091435
9453,0.5313257381172523
9454,0.09523099431598715
9455,0.1555992426385127
9456,0.04402639979818885
9457,0.6120326068016422
9458,0.0570714575257071
9459,0.4877989603287565
9460,0.1663529973363672
9461,0.9033342101078269
9462,0.508928893353842
9463,0.20446259005617837
9464,0.31131070539811667
9465,0.0052284051981269005
9466,0.48512131402994557
9467,0.8810968308734776
9468,0.2930595559437429
9469,0.01123416077838505
9470,0.940522667457228
9471,0.0652915380932838
9472,0.9049999453771171
9473,0.3039941094534545
9474,0.917570283887643
9475,0.118740690922837
9476,0.16129220993480745
9477,0.25310215839965244
9478,0.5587670929829324
9479,0.29408519256569954
9480,0.8737937323542718
9481,0.9394050040357076
9482,0.401491000608454
9483,0.9038035970756677
9484,0.2766768652427212
9485,0.4055454915277593
9486,0.9153533838114782
9487,0.7570231522655457
9488,0.9637519938664878
9489,0.39858767086852
9490,0.0491749267454896
9491,0.11888606199357535
9492,0.9877226753538715
9493,0.2985462150377332
9494,0.297277571060994
9495,0.0087800198230043
9496,0.05880759873802125
9497,0.26083994166548763
9498,0.5374718438661995
9499,0.9370514119815623
9500,0.4052023548675377
9501,0.2698020176433767
9502,0.9484556303760503
9503,0.963592571584303
9504,0.4864522586507737
9505,0.8133369105414144
9506,0.9867267548013058
9507,0.1149996069865305
9508,0.15425008747380037
9509,0.2785249388080413
9510,0.0845622175902675
9511,0.3946978136456753
9512,0.426674356152187
9513,0.7553339534323302
9514,0.36596207589230906
9515,0.20435173492113923
9516,0.43111368022668084
9517,0.165262709134199
9518,0.1555776686111092
9519,0.18507876560238692
9520,0.0124776933961416
9521,0.125102642122762
9522,0.4988976533464016
9523,0.2108579901903216
9524,0.2049127932838661
9525,0.0194532964996889
9526,0.6498352174807962
9527,0.1984682404092986
9528,0.2039872678176593
9529,0.26989820945836707
9530,0.1553742284355677
9531,0.12721414269243966
9532,0.1026179033731277
9533,0.5859404365392711
9534,0.7951645453199192
9535,0.7948794956293544
9536,0.09243879216260295
9537,0.9865472795637276
9538,0.1071177578805744
9539,0.6054636420660221
9540,0.8874870184268034
9541,0.4182661434450065
9542,0.49183208705136905
9543,0.0319569553232561
9544,0.09842647760313315
9545,0.27190655270473335
9546,0.9460996318358892
9547,0.777336673144371
9548,0.07382871889255256
9549,0.345333550191187
9550,0.7759500313818468
9551,0.7222145209598596
9552,0.946154159102834
9553,0.6724933136023525
9554,0.9711658675059609
9555,0.4492347539429616
9556,0.08603668982490804
9557,0.9546637478781135
9558,0.223419999984846
9559,0.24984938609828825
9560,0.0031315023678178
9561,0.2770992403078822
9562,0.9915026519443622
9563,0.3877556883546296
9564,0.9603168678649974
9565,0.04687091339805575
9566,0.2325448033065251
9567,0.9821384875851935
9568,0.18847149766153734
9569,0.24359368703895867
9570,0.23666165003370235
9571,0.20340972631670867
9572,0.34399396047724623
9573,0.828558962882949
9574,0.7669403769127054
9575,0.1939334002084817
9576,0.9604738522592071
9577,0.45407294678073834
9578,0.035792917943538345
9579,0.0486505906314203
9580,0.8833557525710763
9581,0.8671867090293895
9582,0.06617925277181474
9583,0.8038403352540175
9584,0.8980659375472364
9585,0.12931314752643225
9586,0.041239945399937
9587,0.07197642173889729
9588,0.8727228904501192
9589,0.08585405092900104
9590,0.30896904344357046
9591,0.48561690867062546
9592,0.7198369349513154
9593,0.10724910113510369
9594,0.9067441910147436
9595,0.96624300050053
9596,0.14399735702663138
9597,0.9046832668300424
9598,0.9577647466626023
9599,0.29354535997182235
9600,0.8957308400308608
9601,0.6556251222034919
9602,0.05912392288187415
9603,0.27920771692964225
9604,0.2980963751479617
9605,0.3302531035537466
9606,0.0027524601524627
9607,0.4519023226674529
9608,0.7527405208133324
9609,0.6445558609233704
9610,0.061273666890717046
9611,0.0267504424507056
9612,0.0660983914234346
9613,0.27288643861889683
9614,0.6149153349197884
9615,0.35100264012133314
9616,0.9044309952418451
9617,0.13124742987076318
9618,0.6515743397378401
9619,0.36589416508373274
9620,0.046597455812152445
9621,0.35367073538054417
9622,0.07493794872042385
9623,0.575579678318751
9624,0.42358119276337136
9625,0.0302097817688595
9626,0.24040616596954856
9627,0.1942030632999498
9628,0.945038841975858
9629,0.8154902816770546
9630,0.8980065443045873
9631,0.9926800487963758
9632,0.9862458417139167
9633,0.22669070144040002
9634,0.24447861815317867
9635,0.9960970165956272
9636,0.9776759191020346
9637,0.03294877705245275
9638,0.19187622510479746
9639,0.25774375976711034
9640,0.38372203423749524
9641,0.10383371566601055
9642,0.29891432231055504
9643,0.3567203120653958
9644,0.9602510760969978
9645,0.2754607218101658
9646,0.502169844289075
9647,0.6253873940859056
9648,0.0034296619088866496
9649,0.3577180600359554
9650,0.0777628945401848
9651,0.979366284214175
9652,0.7378845894089525
9653,0.4193683615958634
9654,0.42008507364398584
9655,0.13254276906643886
9656,0.5553658118097974
9657,0.8989036348693488
9658,0.9987670758148048
9659,0.22614301020580224
9660,0.1546847342979443
9661,0.18019690998128746
9662,0.9491920092976887
9663,0.05352377780825615
9664,0.0431472948317574
9665,0.28765641827028193
9666,0.16896751048457614
9667,0.21985642884065795
9668,0.41277256609977797
9669,0.2814460960879508
9670,0.7366576308928412
9671,0.5222293577853935
9672,0.18865593680701234
9673,0.18003257196461997
9674,0.7405465229480559
9675,0.32642851725773264
9676,0.2786327575369242
9677,0.01404470563334435
9678,0.9369509272338162
9679,0.1502809558816729
9680,0.5530882542039185
9681,0.6546522675783258
9682,0.38529492068467364
9683,0.9226729318228839
9684,0.16301916340415923
9685,0.7793100089232574
9686,0.28410104686059645
9687,0.2843464436365966
9688,0.1599022643347774
9689,0.06088390312643065
9690,0.3616202228507221
9691,0.8642616525197577
9692,0.307088521242927
9693,0.11486929388934465
9694,0.7574129125943396
9695,0.05947556028724005
9696,0.9257925093624756
9697,0.4284561334605319
9698,0.20268672437839194
9699,0.06706223705974255
9700,0.321687105545916
9701,0.270942295916135
9702,0.9866553497425767
9703,0.32589262999899377
9704,0.1774858295944804
9705,0.3447586185773612
9706,0.7784785086543624
9707,0.2773393567504465
9708,0.1132057905372275
9709,0.3972093705876816
9710,0.571476585836117
9711,0.2602771225916911
9712,0.5825757379234628
9713,0.6739957925321447
9714,0.05153127072059735
9715,0.1908740279531009
9716,0.38469182494390525
9717,0.0989683366683446
9718,0.0823378508403436
9719,0.280887134342937
9720,0.9771886722629881
9721,0.9499959118575563
9722,0.2237996606973928
9723,0.07680703593130675
9724,0.3422268231001794
9725,0.8757209913915827
9726,0.3188243445912594
9727,0.34198922702703555
9728,0.47445009337404626
9729,0.09801675740492255
9730,0.9585272046277535
9731,0.1500721634571922
9732,0.016454896245216802
9733,0.06159012566594755
9734,0.22554293069760586
9735,0.6970927584823314
9736,0.2714384116550633
9737,0.16180116114641555
9738,0.29178678755292486
9739,0.972218151334256
9740,0.2415594725983927
9741,0.16654449223344805
9742,0.1818289991426838
9743,0.7623238526580938
9744,0.17311473957814572
9745,0.7711005721096078
9746,0.0858347422855019
9747,0.557403914405955
9748,0.695422031570273
9749,0.9440737693900982
9750,0.05426705026373565
9751,0.9817264945855966
9752,0.0727513146946337
9753,0.9199295553955349
9754,0.5022419787242893
9755,0.9878824277566408
9756,0.32435650979045194
9757,0.9455511785157389
9758,0.32461058237008894
9759,0.10159626266362876
9760,0.02637596206645425
9761,0.43948986608763774
9762,0.0076281811923746
9763,0.31652298714901334
9764,0.8451046516924492
9765,0.31464725098711704
9766,0.2782091758154005
9767,0.8653269102733478
9768,0.6006228470258079
9769,0.039792126339862295
9770,0.678367864768177
9771,0.2820036884320927
9772,0.1903527975864911
9773,0.6816876038024817
9774,0.09167515222983161
9775,0.26253683287891516
9776,0.0298325500795208
9777,0.3117034395165845
9778,0.29694272504096486
9779,0.34116359702756616
9780,0.9807638759301719
9781,0.31090133939524667
9782,0.7757148930387202
9783,0.36522380264380244
9784,0.5389606432472043
9785,0.9383275617185346
9786,0.6591662177116528
9787,0.38721648660491703
9788,0.01765006552756665
9789,0.3957640794430675
9790,0.4522090432161497
9791,0.1921695500906564
9792,0.3085150170981593
9793,0.28297788474613317
9794,0.7436091608237068
9795,0.2646675671868263
9796,0.2008417448494057
9797,0.8405434607664478
9798,0.6064452006578687
9799,0.15647521406032933
9800,0.171200279107907
9801,0.08844572368425915
9802,0.3378330549073564
9803,0.09073818587803295
9804,0.7919974684151786
9805,0.0574914926474192
9806,0.8259348669685098
9807,0.21842587803135916
9808,0.13195543562862205
9809,0.24979377784970735
9810,0.0395377289530251
9811,0.08175699612420245
9812,0.16920985425805649
9813,0.01488022944023245
9814,0.26511870794405623
9815,0.44192069882344387
9816,0.3799822239415159
9817,0.20230657765542545
9818,0.5998496997757977
9819,0.9190572472367998
9820,0.2328182627000813
9821,0.2377124090238449
9822,0.04728702305455005
9823,0.9083411392051053
9824,0.483371913434175
9825,0.9606538938699518
9826,0.0550564444649935
9827,0.986720721778254
9828,0.6075555987467638
9829,0.6900056578652489
9830,0.9417729176288979
9831,0.06576521825331144
9832,0.22923584650265597
9833,0.34884709709516504
9834,0.19838638485354523
9835,0.48276001732436336
9836,0.9629253244232374
9837,0.9901257387749614
9838,0.00442879223838615
9839,0.1808739597376334
9840,0.9912588074424866
9841,0.17342652910927292
9842,0.6359134222137138
9843,0.7581018739090899
9844,0.2824946156716469
9845,0.02310773531794285
9846,0.8352879895915419
9847,0.533654232604915
9848,0.14406609436135284
9849,0.0349372062465332
9850,0.39457189951926314
9851,0.23076509431060332
9852,0.27779191686032484
9853,0.09517801000495375
9854,0.29880853922328277
9855,0.4093886511609967
9856,0.21169063075228628
9857,0.9206656517483792
9858,0.1885151957167989
9859,0.8424604354437055
9860,0.22982274064069919
9861,0.21924671922424474
9862,0.2123587681592096
9863,0.031576469302471
9864,0.8858953578367442
9865,0.9907673245703813
9866,0.19530185165957023
9867,0.0130910215569278
9868,0.5896267406498095
9869,0.2746750664482259
9870,0.8206095366637425
9871,0.9623348626445043
9872,0.2786550438843506
9873,0.1616273441421589
9874,0.820664445829315
9875,0.3272396292752482
9876,0.25347204209734725
9877,0.31619296412008463
9878,0.15956220034176466
9879,0.8586013368162404
9880,0.0611785904587555
9881,0.9146329861182172
9882,0.9249689437388589
9883,0.15207008566471975
9884,0.1254363216908258
9885,0.19257667704353082
9886,0.3759882515575811
9887,0.09096598955124285
9888,0.919168481466808
9889,0.9966400332061488
9890,0.4391172609691796
9891,0.11119815069034145
9892,0.2591169868081774
9893,0.5111551987237496
9894,0.24588468104162203
9895,0.26286345694579377
9896,0.7875983934119946
9897,0.31821464555649975
9898,0.1810031857447832
9899,0.32441485416428895
9900,0.36567828839445565
9901,0.21018694896242854
9902,0.193871773623384
9903,0.305341044302174
9904,0.7681431036133944
9905,0.234389155703724
9906,0.3101460013009095
9907,0.5863729862327578
9908,0.025537228332821002
9909,0.9341692677296021
9910,0.9519898540137307
9911,0.27235632795160414
9912,0.18676113535813477
9913,0.10654038904671745
9914,0.3585342564662906
9915,0.9759721643070366
9916,0.26893477977499475
9917,0.23171231438780188
9918,0.08013028949692184
9919,0.6245204927811819
9920,0.1181071346436336
9921,0.5089824783830837
9922,0.0028370711112256
9923,0.4903059677764508
9924,0.34441131902780686
9925,0.4573142851566454
9926,0.25041231932667735
9927,0.4153511250864945
9928,0.04685193335470325
9929,0.9035230089777582
9930,0.9253010462896103
9931,0.615175110092498
9932,0.291541720428693
9933,0.4016718345192096
9934,0.07220550152251365
9935,0.7866814535985909
9936,0.9762171942440594
9937,0.49723934055608193
9938,0.49662495949004637
9939,0.22092118497853214
9940,0.3633488129242479
9941,0.15974251235718753
9942,0.23612116729430543
9943,0.061086797342697355
9944,0.1512806634759144
9945,0.9316792563046914
9946,0.199862459576333
9947,0.2733899319938405
9948,0.1667510050910397
9949,0.03790615187765024
9950,0.1942700434135618
9951,0.3638506801360173
9952,0.05589304217146475
9953,0.9875699882284201
9954,0.7581398415690754
9955,0.32088212700282825
9956,0.8293942752463168
9957,0.0828294876304162
9958,0.9488037048074411
9959,0.39713264818752003
9960,0.6991679757993089
9961,0.1236028235184158
9962,0.17192921318981969
9963,0.07277995933073185
9964,0.3764831067931537
9965,0.13447177926829165
9966,0.05540575693793575
9967,0.0367305306668144
9968,0.2726883682043004
9969,0.03901408691958735
9970,0.2457477871781828
9971,0.9874869004728074
9972,0.17090158725505708
9973,0.15956980449260505
9974,0.15194980087816595
9975,0.9466605203345075
9976,0.5432049752773775
9977,0.3660335561978699
9978,0.261726724786882
9979,0.0186118259000012
9980,0.2519254859782926
9981,0.2830799609706779
9982,0.0455414318638315
9983,0.3680298744672845
9984,0.1270128992637622
9985,0.021415229213434448
9986,0.165013052013499
9987,0.34439445083941755
9988,0.24368291912017284
9989,0.1768074632784897
9990,0.3227907122421939
9991,0.9069976182967137
9992,0.26904424414179096
9993,0.17355647772671023
9994,0.7489681141360955
9995,0.0093039053221638
9996,0.40409748101754817
9997,0.6196068318197323
9998,0.980340292627333
9999,0.21629819775546924
10000,0.46684156224342443
10001,0.9380170408571715
10002,0.5284261152646241
10003,0.4640974960605994
10004,0.09266132095708836
10005,0.9184539397114837
10006,0.9304225172878473
10007,0.11225597267485704
10008,0.972271648240544
10009,0.920032548162018
10010,0.2865238246298928
10011,0.1275451703523716
10012,0.869547006375502
10013,0.09805425703109086
10014,0.40890080890224195
10015,0.28505035363182263
10016,0.1891965593190567
10017,0.05852247538272275
10018,0.0176691676469807
10019,0.2236280428742437
10020,0.16514362700263477
10021,0.1950361146865082
10022,0.9672803892039847
10023,0.982808876499654
10024,0.6740173398251396
10025,0.1083828050649856
10026,0.1004446515150457
10027,0.20186978874030043
10028,0.8455385299633693
10029,0.2469148153554046
10030,0.0229112143772856
10031,0.2327189514790056
10032,0.6966694684207476
10033,0.8710576244942336
10034,0.04830734500387535
10035,0.0899956898829488
10036,0.27316506833049436
10037,0.900251317062299
10038,0.08100966398938239
10039,0.5335745023432854
10040,0.3500550265840303
10041,0.06291025768916865
10042,0.880347453756234
10043,0.12432651199144615
10044,0.45266777019085314
10045,0.07710874794330005
10046,0.048787495191439004
10047,0.8465178719286819
10048,0.3417924760747245
10049,0.7907143634784185
10050,0.046983453749574605
10051,0.5822151673491313
10052,0.9731461326861174
10053,0.2576638979281671
10054,0.7024443656075866
10055,0.3884462652692868
10056,0.0518070459435543
10057,0.9430338228762646
10058,0.9340855596871216
10059,0.19868174388748336
10060,0.8217885203966224
10061,0.27371438818070504
10062,0.01781712960761075
10063,0.21443000816948038
10064,0.9676013950772029
10065,0.29882797027406954
10066,0.21825156142429894
10067,0.1515739560957671
10068,0.08617710571906226
10069,0.1771636546251427
10070,0.1912144814732278
10071,0.7034677334737236
10072,0.933081967359654
10073,0.7561757040584411
10074,0.422137191254819
10075,0.8585773640519317
10076,0.9166554603622634
10077,0.20132782580437297
10078,0.13290199750039464
10079,0.30240880612576654
10080,0.26879396575077624
10081,0.23291957486615483
10082,0.5610405282864775
10083,0.04507350760607045
10084,0.33335295830897155
10085,0.4977127874550504
10086,0.2732334772903047
10087,0.7839934615973048
10088,0.14373515117934305
10089,0.8104827288301051
10090,0.012512194516032102
10091,0.25264748053197716
10092,0.027694703165583447
10093,0.163082416449056
10094,0.5897673132275949
10095,0.1679902731347001
10096,0.1310607586781516
10097,0.9584893195186175
10098,0.3684038128036389
10099,0.425193887603737
10100,0.060075516507905456
10101,0.03384996937041105
10102,0.20604510754398694
10103,0.08872532747529735
10104,0.9216796051544575
10105,0.0315882284098851
10106,0.3773978484040696
10107,0.0236668562399391
10108,0.48035412196520333
10109,0.25822433676903783
10110,0.3306436783050052
10111,0.1191440313359178
10112,0.0873056129320089
10113,0.22447956593125376
10114,0.3305774867453833
10115,0.02715355075277455
10116,0.7485460671495913
10117,0.1901796531311808
10118,0.34520403665066257
10119,0.628932977089548
10120,0.4889860292849456
10121,0.3226045261793493
10122,0.4133908300593916
10123,0.3220423858070327
10124,0.03785693239690065
10125,0.23409407453690115
10126,0.96457048108572
10127,0.1537185348361304
10128,0.19377014089628902
10129,0.17502193573389505
10130,0.34314436894955064
10131,0.7141672536972694
10132,0.5901007306668569
10133,0.28219160625201267
10134,0.9621496194798835
10135,0.1936263165168756
10136,0.0631966245545632
10137,0.0446270547475687
10138,0.5796394833527975
10139,0.8679415359567848
10140,0.43959268610144026
10141,0.36680496413764435
10142,0.0936608439918285
10143,0.23626067767714565
10144,0.01990152602614795
10145,0.07092334654318655
10146,0.27298500453795277
10147,0.5220305380800059
10148,0.7223135822126783
10149,0.7786306459849343
10150,0.27545086614796005
10151,0.15641067023805028
10152,0.053903218164898556
10153,0.8910374353834898
10154,0.2157846617399494
10155,0.1052577926919836
10156,0.6009123144844278
10157,0.4261808351154228
10158,0.6487796361741136
10159,0.35716966676039824
10160,0.9593295615123985
10161,0.1027113350764553
10162,0.9043934213948616
10163,0.9950757826757356
10164,0.045899337061800896
10165,0.074552046041304
10166,0.0088836751926108
10167,0.6725794360688633
10168,0.472532874957044
10169,0.8717017663340914
10170,0.040858628401106295
10171,0.40984617515001526
10172,0.4711842575247164
10173,0.39288111538603365
10174,0.0321728358774774
10175,0.5283487301845646
10176,0.02611196615843675
10177,0.9943601439754598
10178,0.12467853217560244
10179,0.18560721586466264
10180,0.33280576827787955
10181,0.0386387295373095
10182,0.16619159111296014
10183,0.9390309866630702
10184,0.9942997443601954
10185,0.9011520130597148
10186,0.5051241246815525
10187,0.17584309262032202
10188,0.1564429076977517
10189,0.038339338380558245
10190,0.005689770254209949
10191,0.9584957226266292
10192,0.9308365382010009
10193,0.40940728385477027
10194,0.282986851350355
10195,0.16291278748553034
10196,0.6977444022341917
10197,0.1474623497731441
10198,0.2308702419143701
10199,0.267114113687826
10200,0.03062105729979835
10201,0.08035027346847955
10202,0.1860311075054396
10203,0.1043128603240459
10204,0.8560927941634229
10205,0.08277332853622141
10206,0.9911127844539923
10207,0.08837158279772235
10208,0.9506174793313458
10209,0.8633218566517199
10210,0.9669998698214015
10211,0.6401787603920607
10212,0.8823193044889956
10213,0.5164336557962522
10214,0.35826792412499747
10215,0.12501048358110178
10216,0.5548595811831716
10217,0.8188723003837631
10218,0.054205092654120005
10219,0.1809885226305727
10220,0.311711699219691
10221,0.077874033621872
10222,0.023592047602603347
10223,0.9297775626785485
10224,0.8559394990632507
10225,0.2230940071304311
10226,0.1446663157113613
10227,0.99592929206559
10228,0.07313213319640585
10229,0.5762144052585543
10230,0.9927918973913208
10231,0.0915740506700669
10232,0.3775869660063977
10233,0.38663696131256564
10234,0.2574142477106839
10235,0.08865926819254386
10236,0.14248681441361635
10237,0.6220160626190289
10238,0.20221621824548472
10239,0.8835926163986827
10240,0.23931991538515102
10241,0.1647922955770057
10242,0.3003542415177104
10243,0.23973375962564025
10244,0.041153759015614653
10245,0.9001300169850184
10246,0.1875055312403199
10247,0.5978714430761352
10248,0.6862582682185974
10249,0.7687654286222539
10250,0.044046003859527554
10251,0.10972886047777584
10252,0.11245595617334861
10253,0.8162580026083907
10254,0.3672273617493644
10255,0.2684031488734117
10256,0.876408567182337
10257,0.8044722259905727
10258,0.09066834809252755
10259,0.1512132958036318
10260,0.9614107150497042
10261,0.0794448907221281
10262,0.00143427169626415
10263,0.7304429901746188
10264,0.7286879494635686
10265,0.08140982305360435
10266,0.6664114521264706
10267,0.8552422453642832
10268,0.06910576858653784
10269,0.17401016474064215
10270,0.662323965870615
10271,0.0513585737396606
10272,0.24298787487594944
10273,0.772010472254981
10274,0.630392239091843
10275,0.3349099325210602
10276,0.42640516308093634
10277,0.3366016289764093
10278,0.34092260104418853
10279,0.9680141188252567
10280,0.1231273926613364
10281,0.7019106438580178
10282,0.11318713220041485
10283,0.65066230992738
10284,0.45042734195842893
10285,0.1921552256549196
10286,0.2869864588394344
10287,0.45971601355691616
10288,0.9013497231988192
10289,0.8275076357611453
10290,0.19911558109063124
10291,0.17357509850023986
10292,0.07715890414416875
10293,0.2350821071022211
10294,0.6261461375669224
10295,0.4445456582623333
10296,0.9500263021985222
10297,0.3435884940657042
10298,0.2042928535797603
10299,0.3324158088239687
10300,0.9044372922574919
10301,0.02746569252866305
10302,0.7755916368415201
10303,0.23411333583623706
10304,0.3738067210804939
10305,0.1076080928602026
10306,0.8582003029688708
10307,0.30103111859520904
10308,0.31325261823030703
10309,0.3375349769904238
10310,0.23077976787846818
10311,0.3352527536740021
10312,0.9522082622262644
10313,0.17302718990391996
10314,0.00078072780501455
10315,0.6903709600881462
10316,0.47672523443511994
10317,0.2235659787183748
10318,0.568648480147951
10319,0.08740903740827005
10320,0.30339581565503565
10321,0.2327447155737992
10322,0.32171287003457183
10323,0.269466283236754
10324,0.00766552011023905
10325,0.4628074877004531
10326,0.5533174735148032
10327,0.07379146735039085
10328,0.8307088323007383
10329,0.2898460006193718
10330,0.11960077164653425
10331,0.22467218228239325
10332,0.19117127129497324
10333,0.5086145080941358
10334,0.8614323114742098
10335,0.8973963369097567
10336,0.472889233169636
10337,0.5180409806591142
10338,0.6211134579626469
10339,0.573851143082125
10340,0.7510860765201843
10341,0.2258276332156815
10342,0.754833502990687
10343,0.9091782580482693
10344,0.76469647492836
10345,0.0891223955923582
10346,0.9381486252917539
10347,0.9141385397272811
10348,0.23911809137962145
10349,0.8122858905748138
10350,0.33673119820116304
10351,0.9368760455024647
10352,0.1064796268941063
10353,0.9028351639460392
10354,0.5804229462627809
10355,0.35781663880758774
10356,0.29622663553047385
10357,0.24225650841325966
10358,0.963591986555616
10359,0.0870239949268356
10360,0.9152984575638367
10361,0.918402039754435
10362,0.046342934398848845
10363,0.0938139432772285
10364,0.42527182772365535
10365,0.08489011406870636
10366,0.2114625411997391
10367,0.08767175113673174
10368,0.9755210912034014
10369,0.1506937651334943
10370,0.01946064623831135
10371,0.46648544850685547
10372,0.140369482363525
10373,0.5446363083014146
10374,0.94249477845688
10375,0.00636127569757615
10376,0.11671751989049654
10377,0.33750391783561223
10378,0.6594603461674902
10379,0.13573753469710606
10380,0.28532913613059796
10381,0.1331276720704786
10382,0.9455628096619465
10383,0.9979864171412873
10384,0.17527749748178625
10385,0.16712312567075435
10386,0.2424471893860069
10387,0.0281073764035719
10388,0.1998312155246164
10389,0.19251852766157534
10390,0.5209761045413768
10391,0.052557021062335695
10392,0.35922379173936914
10393,0.0757066695412986
10394,0.7895332529209416
10395,0.3198665829135763
10396,0.5837916655366809
10397,0.2879482426248477
10398,0.9008064951669582
10399,0.30294044267638287
10400,0.6928678501928218
10401,0.5691320000245316
10402,0.6334951793492787
10403,0.18968635445450616
10404,0.0859600294829779
10405,0.6837128585606218
10406,0.6185828434357958
10407,0.06302107829827885
10408,0.9560424083360233
10409,0.2562896754627299
10410,0.6089199677006987
10411,0.24463836874484848
10412,0.3100782863350366
10413,0.1667277801086254
10414,0.9693013859194131
10415,0.33182445173656133
10416,0.6568531573766716
10417,0.1900597733579261
10418,0.9609452282264441
10419,0.31792756209587214
10420,0.7879145783941586
10421,0.9049510653249055
10422,0.6632939849247621
10423,0.2746439768069564
10424,0.7816225190858208
10425,0.40394020452556534
10426,0.0748934764017086
10427,0.18938287748574584
10428,0.10928702618049475
10429,0.16236058863597824
10430,0.35729618526876683
10431,0.657026165561164
10432,0.9468427946991642
10433,0.30860802145121563
10434,0.06471915459218355
10435,0.194259033028988
10436,0.23079717341111194
10437,0.03948455782395445
10438,0.0513493502848699
10439,0.0084598582931516
10440,0.00466065569993
10441,0.8497102769149862
10442,0.9090265884674942
10443,0.5681566489490313
10444,0.39737061596860673
10445,0.12566997797503496
10446,0.0347718128717995
10447,0.7163282690096665
10448,0.0691356690927856
10449,0.9817065601122645
10450,0.9729728130855892
10451,0.40029931774472144
10452,0.9720083660024583
10453,0.7562024430570802
10454,0.44678479779816893
10455,0.08194825160426959
10456,0.05946121925363855
10457,0.039649857584295255
10458,0.9186827820223218
10459,0.24863626293813676
10460,0.14196966378299256
10461,0.5091090112875845
10462,0.39551294966395106
10463,0.240062898059757
10464,0.9257543864453548
10465,0.16898317834277654
10466,0.2968543106151002
10467,0.1384983157292984
10468,0.6832486625239795
10469,0.8160285258590475
10470,0.8262522987827274
10471,0.10102170803820246
10472,0.7314106334450603
10473,0.28577917003370223
10474,0.3935813798458764
10475,0.1370660098103213
10476,0.2535248687752575
10477,0.9842444781038548
10478,0.8313765351000154
10479,0.21207398217686202
10480,0.9491768833240294
10481,0.921759274606892
10482,0.41072953147681474
10483,0.25617169495332826
10484,0.9345106094711472
10485,0.1557018622074485
10486,0.31002724065680437
10487,0.2567323938387298
10488,0.17664192156383465
10489,0.4705815587900399
10490,0.6894664662423625
10491,0.17170524675822876
10492,0.009092555549945699
10493,0.9820366531153644
10494,0.3512759637913968
10495,0.9562026945566908
10496,0.35841581421998947
10497,0.18888751704544746
10498,0.43749700614453135
10499,0.17330594583860956
10500,0.9779917872021092
10501,0.5638491908753223
10502,0.6469561373141934
10503,0.9447681141831283
10504,0.3592342714007439
10505,0.11459030509259116
10506,0.4947872490190122
10507,0.3141493313830426
10508,0.1735715652196623
10509,0.2145503776592338
10510,0.8178634516662071
10511,0.4214753722259411
10512,0.15798851022070828
10513,0.25473757328450836
10514,0.8028113500309301
10515,0.050221480255270796
10516,0.7770912812846504
10517,0.1516453161619214
10518,0.4556892798141372
10519,0.7999505742960681
10520,0.9832602502689172
10521,0.48352261118509476
10522,0.0501839255466582
10523,0.09551588844575609
10524,0.9003742807184913
10525,0.6809327231837292
10526,0.4709858224920067
10527,0.6022463119714752
10528,0.8441735622723372
10529,0.9306778215281041
10530,0.2365835606905979
10531,0.1685631870985557
10532,0.18969856261691861
10533,0.2311374256847979
10534,0.25402571199580753
10535,0.4907222752560481
10536,0.9553660928481956
10537,0.2620369785059483
10538,0.1136575800968075
10539,0.2559697369717441
10540,0.74206179188211
10541,0.8983358145796225
10542,0.3100817723957767
10543,0.8884886095959026
10544,0.7776389725683117
10545,0.907327217620836
10546,0.9976743371459413
10547,0.761966893064555
10548,0.11127981857280575
10549,0.9526447023163604
10550,0.352024092765724
10551,0.038243795946422854
10552,0.06558508116882895
10553,0.1645148638186763
10554,0.8547527809492386
10555,0.2873149087437096
10556,0.42828036774693995
10557,0.2075573358291172
10558,0.8489702418167591
10559,0.8603602807343158
10560,0.2073615344049687
10561,0.0086926220135057
10562,0.37211251656613303
10563,0.8671885195564188
10564,0.7323877044458874
10565,0.044533645436179846
10566,0.5782977634995106
10567,0.12313169194837545
10568,0.230670909578514
10569,0.3207189369705052
10570,0.5297729372247117
10571,0.24854032076483434
10572,0.3221351830156699
10573,0.45239872582808893
10574,0.9499594558716162
10575,0.02980710360187915
10576,0.0654781159771216
10577,0.9323670784730106
10578,0.8546554691992194
10579,0.2447392067774756
10580,0.02055120525018205
10581,0.11269125385531045
10582,0.9073134931920455
10583,0.936683661241547
10584,0.1168365023771062
10585,0.9248372339978759
10586,0.49987421498255036
10587,0.923864018383054
10588,0.0989450402177514
10589,0.36808858554956503
10590,0.5111837814405633
10591,0.046869468219245904
10592,0.8076482403433651
10593,0.1730172724457622
10594,0.13572882571263875
10595,0.0214793171750432
10596,0.34374846176413787
10597,0.9150649247655271
10598,0.3273516615171367
10599,0.289966795035087
10600,0.36846020164953075
10601,0.8126854063148881
10602,0.2439780934678783
10603,0.9179250573033171
10604,0.001905684303984
10605,0.7681005605767002
10606,0.9765898123567652
10607,0.0664990944976034
10608,0.180847785225874
10609,0.31437242881039235
10610,0.2324668711900785
10611,0.9125184962673083
10612,0.0731211333602667
10613,0.20605186565978534
10614,0.12864216579679272
10615,0.19285915186979966
10616,0.35414468764340834
10617,0.5772322649457347
10618,0.8945329963430781
10619,0.0568969298591622
10620,0.9092554772427984
10621,0.3946148623345456
10622,0.6525515601537506
10623,0.2872939066499612
10624,0.26624123890243834
10625,0.3935907110084642
10626,0.32444193537000227
10627,0.25672927542767976
10628,0.5304697807654669
10629,0.02789512038664425
10630,0.9640195977309611
10631,0.00620261263556405
10632,0.18630942631591765
10633,0.12036238674468905
10634,0.6626579779687445
10635,0.8704254341785499
10636,0.7185046035125986
10637,0.9952363035694908
10638,0.28213204199021774
10639,0.41470185975511675
10640,0.3819992676099215
10641,0.4362344316182779
10642,0.4326638191810791
10643,0.02733830943960385
10644,0.12689186147352105
10645,0.9928986910468707
10646,0.04223268827257235
10647,0.053566348992252655
10648,0.02316126730343945
10649,0.8808284483216112
10650,0.4173915943758426
10651,0.33143652340712276
10652,0.9908231449852016
10653,0.4469686396147795
10654,0.8612750215379597
10655,0.38429331210979367
10656,0.9721222945247602
10657,0.3801385966051168
10658,0.4694127550233391
10659,0.10129183892189786
10660,0.01373918116906565
10661,0.9416441556702564
10662,0.10592653621400605
10663,0.39031792701840956
10664,0.23175518264715084
10665,0.0808993695031727
10666,0.5393971538341445
10667,0.4972553074022714
10668,0.6830163198010138
10669,0.06326900307646059
10670,0.12405611484904965
10671,0.019710071914136
10672,0.00655623966128455
10673,0.40296707884625166
10674,0.569735388552095
10675,0.6726091741544699
10676,0.1609987571062506
10677,0.9704999839703881
10678,0.2308303339045278
10679,0.2274082167834008
10680,0.02033267015938795
10681,0.5931075940329225
10682,0.1681269812975547
10683,0.5821547042137176
10684,0.13407639351132158
10685,0.943197274479138
10686,0.9759961259661284
10687,0.13456385042563665
10688,0.1067218312407876
10689,0.8392126167755833
10690,0.04181807031785835
10691,0.5057167735416704
10692,0.9196769794662296
10693,0.812291062880846
10694,0.0945911195845636
10695,0.6233011587134971
10696,0.2160045068262918
10697,0.06944358274701785
10698,0.8211276882038612
10699,0.9966416178694795
10700,0.8732819274862168
10701,0.3179888266625368
10702,0.056616598908880156
10703,0.9369209889178705
10704,0.6027697125995694
10705,0.9529796468735097
10706,0.7353211877491534
10707,0.9365333473470413
10708,0.0181446588051809
10709,0.3250530543570668
10710,0.0256303983206281
10711,0.007679002512936049
10712,0.30653082940513404
10713,0.3208075557522974
10714,0.032592211350754
10715,0.45487163598447344
10716,0.7939406744291924
10717,0.2578326478903676
10718,0.006698198713952899
10719,0.33578486194873686
10720,0.7952210818108343
10721,0.9630734122824292
10722,0.9339764341495604
10723,0.91008255815592
10724,0.023664339661879648
10725,0.32177612679878864
10726,0.8846729900017813
10727,0.9822261659802936
10728,0.1368385341803019
10729,0.2312379549896245
10730,0.06805819321835495
10731,0.9909981832333179
10732,0.28191383102906553
10733,0.21207443382882843
10734,0.34400759655637636
10735,0.9488339119771999
10736,0.0706856509000093
10737,0.5193884816325095
10738,0.0175014573568793
10739,0.8467491501785982
10740,0.440282375118038
10741,0.39658156535191824
10742,0.7947316005715037
10743,0.042150015941240404
10744,0.8126750394475827
10745,0.3927801659809421
10746,0.7635787288998719
10747,0.062244809226932
10748,0.9605973158832416
10749,0.9928732167494851
10750,0.8244869491617315
10751,0.0871204370371385
10752,0.19166260343694524
10753,0.3703394145155493
10754,0.3175047518878214
10755,0.0884471856915208
10756,0.3398364859830969
10757,0.7420267527296003
10758,0.6319763620261188
10759,0.23583805635546626
10760,0.47324771171309554
10761,0.06133565711884205
10762,0.23923827559269056
10763,0.5503037844418742
10764,0.9153171848805846
10765,0.8819551209058244
10766,0.234598028043425
10767,0.2631549229689357
10768,0.037656165778911656
10769,0.359281572832929
10770,0.9793040322509128
10771,0.21718678242109166
10772,0.1280749567660506
10773,0.01683599084448425
10774,0.06849214131490286
10775,0.5803608759070261
10776,0.590090357253471
10777,0.14612458451980107
10778,0.24651899135669542
10779,0.8570990545856894
10780,0.034653775403218554
10781,0.2808926719218636
10782,0.0176057319544115
10783,0.8031691209994398
10784,0.2527089797109913
10785,0.4579904846301017
10786,0.9204172860843496
10787,0.2729494731893939
10788,0.106510149517026
10789,0.9909558461055303
10790,0.5241827221209318
10791,0.1957710643169036
10792,0.048730615427861446
10793,0.7740213869979382
10794,0.42039856311861107
10795,0.7743055332043325
10796,0.22202347317201016
10797,0.215114505485601
10798,0.7774200825381603
10799,0.43690338020259667
10800,0.4289501211621063
10801,0.17225670810796034
10802,0.05228936329431345
10803,0.2117648812716427
10804,0.9842840783372442
10805,0.8735219186722409
10806,0.1768959227598355
10807,0.23169393924767806
10808,0.16728615661183535
10809,0.3605484070500242
10810,0.9068594780537057
10811,0.1521554333826468
10812,0.13640618943358554
10813,0.1178357706787003
10814,0.20162903736140694
10815,0.49923837283222583
10816,0.2662830929492854
10817,0.9413829441311812
10818,0.25264867559533877
10819,0.26552402700221706
10820,0.02251141134466845
10821,0.22333050442368796
10822,0.1728167379191596
10823,0.1999966821381115
10824,0.07035416806477955
10825,0.1908077458748706
10826,0.21114821400592382
10827,0.0071337006193586995
10828,0.6099779394278181
10829,0.2548030282719864
10830,0.16844805646132244
10831,0.6048220932408539
10832,0.4591118465636862
10833,0.15192251631145204
10834,0.25914835491634053
10835,0.46824014356823307
10836,0.08472751812266605
10837,0.6298179992710622
10838,0.5298630659045673
10839,0.40922850273605116
10840,0.07415775312816206
10841,0.3464010922265192
10842,0.8406457194927577
10843,0.9345225295567108
10844,0.4992464934979606
10845,0.20108386784670054
10846,0.30955655446724195
10847,0.14176587396614831
10848,0.45278011239841004
10849,0.2389604289302231
10850,0.2807526731687575
10851,0.44156374034664125
10852,0.8878995890196484
10853,0.16308905309436095
10854,0.0020792642788024
10855,0.07872610709556345
10856,0.311882358262742
10857,0.17798868309121865
10858,0.4016936990899908
10859,0.93308584267861
10860,0.469671928151274
10861,0.23298516461450824
10862,0.2868955515441278
10863,0.2756657435254325
10864,0.8808343766283249
10865,0.41761179399774995
10866,0.26485127195768254
10867,0.20754396030373282
10868,0.13057288343053314
10869,0.9493971204557922
10870,0.467171420661492
10871,0.09507703517774194
10872,0.21758920836296294
10873,0.22732695094929178
10874,0.9597208324331881
10875,0.3238995450509633
10876,0.25275833836680095
10877,0.1882160748533232
10878,0.02312484149770845
10879,0.8861775034548125
10880,0.14680023753875932
10881,0.923215156941048
10882,0.8401799387220832
10883,0.7735902315030363
10884,0.9535022799245262
10885,0.034520684156601644
10886,0.765121395791322
10887,0.1799064336425485
10888,0.9441914257260139
10889,0.33441683186439514
10890,0.8795686075383569
10891,0.0927778764989979
10892,0.021765450848494548
10893,0.9445980898721914
10894,0.969757370248033
10895,0.9316487258837788
10896,0.3064820692813792
10897,0.10678849303143595
10898,0.0863851131205779
10899,0.04430678445918
10900,0.10335412649859645
10901,0.5448823430637908
10902,0.1978463350508212
10903,0.34726481072099463
10904,0.0813819913179266
10905,0.6395230885227225
10906,0.3219392431983149
10907,0.22251628754004316
10908,0.6972553762236244
10909,0.059016650094141206
10910,0.920187257993845
10911,0.9597166979605167
10912,0.06236508959999175
10913,0.8750286033353574
10914,0.9941704456314779
10915,0.859360861009103
10916,0.9812343110283669
10917,0.3543500501688125
10918,0.5117297842933098
10919,0.3108919911620731
10920,0.9669936272316124
10921,0.9789973614798271
10922,0.8791708110270234
10923,0.8280701271754242
10924,0.6324473952263638
10925,0.33586135413592144
10926,0.6482117147771937
10927,0.1357118500711832
10928,0.584661999155096
10929,0.9664905869978491
10930,0.585637522722294
10931,0.2930924945806545
10932,0.0809915010089368
10933,0.3610692359209847
10934,0.39906383415471275
10935,0.9399608285439525
10936,0.4800108798329266
10937,0.3536997269673727
10938,0.9363578177142255
10939,0.43820477959991877
10940,0.8898034755711325
10941,0.9867788846685415
10942,0.6530155219291873
10943,0.0765329442699428
10944,0.08504520868181455
10945,0.4495639773891781
10946,0.10305840020594395
10947,0.1688732448273453
10948,0.0258279035741628
10949,0.0950937778910939
10950,0.0628684121152515
10951,0.8868373392259479
10952,0.19605790913681143
10953,0.13999852883716493
10954,0.25837839454235384
10955,0.39204809915551403
10956,0.7019702117567339
10957,0.0121415251295081
10958,0.14745844289228172
10959,0.01972928385949795
10960,0.923333577002698
10961,0.6000453176969129
10962,0.739871412439286
10963,0.46171449795535136
10964,0.0069138565763213
10965,0.7879242339425243
10966,0.9017924918616107
10967,0.8973054188871278
10968,0.39301917896834815
10969,0.3268503772522881
10970,0.16060980442001183
10971,0.3289111264566947
10972,0.641255207958733
10973,0.6880899697881648
10974,0.45681809027697484
10975,0.6593087789678016
10976,0.3255676519192951
10977,0.9234459280767915
10978,0.3430367503576254
10979,0.027073333236849302
10980,0.8963739491328049
10981,0.566190230864698
10982,0.9783280738698297
10983,0.24294245247659163
10984,0.1526396519373554
10985,0.9024121709824358
10986,0.19755830656867146
10987,0.1115420907739639
10988,0.31502841443005686
10989,0.21408771128054918
10990,0.20644768350102985
10991,0.2143764018197572
10992,0.08769302302859955
10993,0.20000678972537683
10994,0.01610884871131165
10995,0.3908828154250107
10996,0.524711128363061
10997,0.16370957396789185
10998,0.14187109246189838
10999,0.2203374076649866
11000,0.133749673510139
11001,0.0717357321925694
11002,0.5636720808474807
11003,0.5485309770353152
11004,0.9633760158514365
11005,0.028432433184751502
11006,0.0252671113969498
11007,0.3229633565432179
11008,0.3652482088402622
11009,0.14753779685361965
11010,0.19059726372883642
11011,0.0201637239586056
11012,0.3355058737768388
11013,0.6283313400391213
11014,0.20123323068638646
11015,0.29386962385386306
11016,0.06330454201986155
11017,0.9094576875140994
11018,0.04442687614426395
11019,0.2824694518197089
11020,0.8914038627897576
11021,0.09851479910053894
11022,0.3717107373970339
11023,0.013309108547456849
11024,0.7666093779832737
11025,0.26609235764297284
11026,0.7334560654677986
11027,0.46115071763855475
11028,0.8308716713262534
11029,0.1250414983539897
11030,0.11888346437963855
11031,0.07055386905855131
11032,0.8990134544471216
11033,0.196636268325695
11034,0.08969838598289195
11035,0.8882779956244646
11036,0.25843754244972805
11037,0.9779571818359614
11038,0.4697427320574123
11039,0.9810413843371171
11040,0.0635383168569281
11041,0.20042298962367316
11042,0.9419762800680038
11043,0.22246152816738962
11044,0.37910277359077943
11045,0.8481632373823725
11046,0.0934541817560994
11047,0.6267755485371684
11048,0.13502639821162635
11049,0.04161822837058605
11050,0.7710092601772275
11051,0.4976024665007265
11052,0.5484374823780244
11053,0.6546764425315352
11054,0.9742694878028112
11055,0.8619812382459061
11056,0.291048141413314
11057,0.20779258680268503
11058,0.2764919607017444
11059,0.19398890290975254
11060,0.4715176804325701
11061,0.7122157709855661
11062,0.9381975556727826
11063,0.014883880075510149
11064,0.8746129020950164
11065,0.9341535361463122
11066,0.20813434711207116
11067,0.25943650787304107
11068,0.9160204766286223
11069,0.9059932798310573
11070,0.2544086828423186
11071,0.127791445086301
11072,0.9030275501565455
11073,0.2118754517129762
11074,0.9906759727902028
11075,0.1824083078147646
11076,0.2897645471750917
11077,0.15255214340937812
11078,0.67000535582176
11079,0.1109802366692002
11080,0.0087495284511929
11081,0.1167779496964071
11082,0.8928598607348163
11083,0.24927332138185065
11084,0.1143020326558872
11085,0.26924263744715404
11086,0.41915779518482166
11087,0.027103695581860248
11088,0.04517098173493435
11089,0.9708655423854395
11090,0.9644509811413079
11091,0.0840218960821769
11092,0.9212512991460327
11093,0.7415638964499212
11094,0.2912449676032252
11095,0.914851660129198
11096,0.6144116557163459
11097,0.2195627254350095
11098,0.32938554274035853
11099,0.9073166488599445
11100,0.2758980013049491
11101,0.4266074761110926
11102,0.14695763778975762
11103,0.9140386026511571
11104,0.23753479258256185
11105,0.3147334122522745
11106,0.94453858927613
11107,0.965115538843039
11108,0.47191629105552435
11109,0.9433359482296211
11110,0.25326796305050847
11111,0.9301815566702886
11112,0.19435095586958245
11113,0.01239541501334945
11114,0.26079772253975997
11115,0.4346920337249381
11116,0.3839509439745107
11117,0.9349735527935394
11118,0.28764124672052643
11119,0.9368555168191416
11120,0.03736826853546705
11121,0.24422968681378676
11122,0.05355984198266035
11123,0.9947166861375885
11124,0.8092212507909262
11125,0.9636522532791444
11126,0.23650471960427544
11127,0.26651811776008466
11128,0.9536483599738657
11129,0.10275944521947719
11130,0.2381200618001753
11131,0.9207430788360909
11132,0.2413865568623178
11133,0.6016186996313153
11134,0.23421415666313722
11135,0.9671190411407491
11136,0.39998853741144663
11137,0.06926829254778065
11138,0.9129079286102391
11139,0.12660318930206024
11140,0.9226261625791292
11141,0.1378698734962055
11142,0.31912495916707034
11143,0.9163712989290023
11144,0.08163791856895919
11145,0.37627106020986406
11146,0.9417434449351063
11147,0.0943256910804786
11148,0.959437512543457
11149,0.2196866789862059
11150,0.8211393469576194
11151,0.27979318056055136
11152,0.09674715278402835
11153,0.8283239289701323
11154,0.14258405556187007
11155,0.43694556954864283
11156,0.14807030750993655
11157,0.5359864264932963
11158,0.969869797477094
11159,0.0837088500426289
11160,0.9005691773379809
11161,0.9516840545993406
11162,0.4802380314230099
11163,0.8293512304530188
11164,0.15075827665044633
11165,0.45551907012227005
11166,0.32389297647919124
11167,0.1340355831840933
11168,0.9679890232640674
11169,0.4970073237419026
11170,0.13698816993093624
11171,0.85122051246153
11172,0.20662786593838445
11173,0.03188878376598185
11174,0.28194579471506376
11175,0.43050233934270765
11176,0.1247261647256962
11177,0.9306427590897424
11178,0.040621802130705154
11179,0.0644655440744153
11180,0.824283289734205
11181,0.4132295456649737
11182,0.9650325207606567
11183,0.6484603355979175
11184,0.00800164716166735
11185,0.8657168797081161
11186,0.19166869545466078
11187,0.981661894908626
11188,0.2851820534141777
11189,0.3818387454560072
11190,0.2064015552420061
11191,0.9902769872841692
11192,0.4308722716515776
11193,0.19440660389649794
11194,0.31634398010189024
11195,0.36968838286767025
11196,0.0876136073278716
11197,0.15671254011395405
11198,0.7924921511680759
11199,0.8658259306844647
11200,0.4580855057806381
11201,0.052025458981746896
11202,0.0037610528596451996
11203,0.2844022846772495
11204,0.024258729518683998
11205,0.14583260900934972
11206,0.0443277324324464
11207,0.35115921872771383
11208,0.08707623151598975
11209,0.9354040829377435
11210,0.2027817290428909
11211,0.2329178659592297
11212,0.24683833384009485
11213,0.0391361530903117
11214,0.7328067324898866
11215,0.24786830876206564
11216,0.2950972622819893
11217,0.4044561577187868
11218,0.31144138045777703
11219,0.9887059367094685
11220,0.25660519341961197
11221,0.458315725814454
11222,0.3968199776198694
11223,0.0063087026919656005
11224,0.17032785416561594
11225,0.9887199913516385
11226,0.07420966314566695
11227,0.30961405024407695
11228,0.575887100549059
11229,0.2895585627944556
11230,0.01138639808750645
11231,0.9711248858369298
