index,target
0,0.014506992708333551
1,0.8697221743354884
2,0.0422604408982499
3,0.0385134879710304
4,0.9906988463101004
5,0.0051539950945388
6,0.9560476889983527
7,0.15737155789560225
8,0.024705720382502447
9,0.9440430819919693
10,0.006911077240525049
11,0.00417770112201395
12,0.07549653088159015
13,0.5931495695857021
14,0.4889384677792743
15,0.37468081848320584
16,0.18216775817572106
17,0.8688151720723734
18,0.7900861861915058
19,0.9734114742647557
20,0.12865784095340216
21,0.7416305397844294
22,0.9800714419089126
23,0.12659551624113055
24,0.9654581917872214
25,0.0314555440057019
26,0.0199357023578257
27,0.0126579972879167
28,0.01170512870254345
29,0.00217161879186325
30,0.03049405612314285
31,0.00464074177161815
32,0.00585849815921935
33,0.5225396340197522
34,0.1085328070014141
35,0.19501783985397014
36,0.8770546863447368
37,0.00760420852104345
38,0.055318239905401356
39,0.138061191329202
40,0.0999464556635738
41,0.9516949889512101
42,0.0042789579120411005
43,0.3329332433729637
44,0.8037646749700209
45,0.01903143409661185
46,0.7632237938990061
47,0.1326316579404971
48,0.4321692090914969
49,0.06479540436030129
50,0.095317495326901
51,0.0060268689851577
52,0.2821303981699238
53,0.01154324324422645
54,0.11164186366502785
55,0.02509645668667495
56,0.0366956146698637
57,0.9564571908779296
58,0.02998847808563435
59,0.7795582541721544
60,0.17744895032108265
61,0.0165422705835012
62,0.8437861736614861
63,0.7293491246591455
64,0.2393030774896624
65,0.0045686790248402505
66,0.0573353272441572
67,0.9654191792369462
68,0.9858648486179242
69,0.3398455782212977
70,0.0703487670450835
71,0.42720459773440494
72,0.056779127373295005
73,0.09663519044966595
74,0.1175028510466021
75,0.01176204138565105
76,0.00150883726990135
77,0.004665913082352801
78,0.026228390672732402
79,0.7786987523576843
80,0.24104145876885408
81,0.2709084010951236
82,0.11201517230833499
83,0.117658742549742
84,0.1650905509550774
85,0.5655034189173702
86,0.5193015125652447
87,0.0164290089900326
88,0.1222042983346076
89,0.00194280625134245
90,0.7505986778222387
91,0.044516752067742096
92,0.036807889912074496
93,0.09268717828660285
94,0.12282319840623251
95,0.8388249256438096
96,0.4556766633138084
97,0.0767704527664191
98,0.9779578624361727
99,0.3207954283163388
100,0.0076041678820324005
101,0.08993472774663244
102,0.05093818720187465
103,0.11656248877728334
104,0.44326510899773064
105,0.05725096747689725
106,0.912001138215048
107,0.7454691101167172
108,0.25468838952316497
109,0.13681991617397865
110,0.9251723287845316
111,0.017951539468542152
112,0.10491722897028775
113,0.0116313128148885
114,0.02193737545126965
115,0.2331599393125796
116,0.9740983809124414
117,0.25670320151359804
118,0.31468845366065923
119,0.9905932905921534
120,0.9594553248963422
121,0.00238250824229655
122,0.3268990310347262
123,0.09418430218552964
124,0.20563769019537248
125,0.09144079929481194
126,0.0485244846396381
127,0.15336191271878247
128,0.10371953750095306
129,0.07589040557798904
130,0.0042529630926436
131,0.0318661157067247
132,0.9907302807602557
133,0.0642355793037454
134,0.9768202055437347
135,0.9215384054892051
136,0.9866175087486599
137,0.9367027583407156
138,0.6984996943420013
139,0.10190484082036466
140,0.01472828016023245
141,0.4613067626248176
142,0.0197317425262593
143,0.07172435922352541
144,0.00332906835688555
145,0.9805294875199839
146,0.7906738458944356
147,0.9573433850573658
148,0.9525468586304469
149,0.049664280750463405
150,0.5784238743475216
151,0.0775319706974616
152,0.07894730946754056
153,0.0154228842749137
154,0.052819225601918
155,0.0236718131936866
156,0.4913346569560786
157,0.6472257448777474
158,0.04689861576711475
159,0.057460856683806
160,0.00600672151436395
161,0.5794771960317848
162,0.0423908535254487
163,0.7185152015575095
164,0.056478358441292245
165,0.043027059747544255
166,0.14267003451739513
167,0.01089065337809075
168,0.9830023558608502
169,0.0065723992969738
170,0.03626716483086685
171,0.03872171258970995
172,0.15464725908656304
173,0.907837338456505
174,0.0108612032352057
175,0.01025150082873815
176,0.9567560416073726
177,0.9729127245635718
178,0.00336129819040595
179,0.9381920045957256
180,0.10847515969853705
181,0.0426000682673712
182,0.8183906506041017
183,0.15679595584412243
184,0.9339805339613015
185,0.0588479526545028
186,0.6401603245774945
187,0.0055554402656023995
188,0.15384273235112622
189,0.0169192000785319
190,0.008543314852809101
191,0.9027623825078237
192,0.0552193281990554
193,0.0529778980746791
194,0.15341245261182207
195,0.9852609816583634
196,0.04657341889353735
197,0.9827485432803386
198,0.13558753129663437
199,0.32345598363630845
200,0.175952516061469
201,0.027020887820150698
202,0.9636316533904181
203,0.0060188539650722
204,0.035277817756279445
205,0.0138273548978178
206,0.11397494012938525
207,0.8466308061723942
208,0.05846358416058775
209,0.9984429187985164
210,0.10260176092070855
211,0.0029832259564075
212,0.6108121876301176
213,0.0129744894003257
214,0.01795877377283295
215,0.25139004992039526
216,0.0453303328259998
217,0.5142215721925636
218,0.9648276731823162
219,0.6324656452679331
220,0.13234354127408843
221,0.03129933015107275
222,0.0243871277868129
223,0.024515616998928
224,0.3194914453337428
225,0.9885534631606
226,0.9046637143069467
227,0.059249149879744153
228,0.8887381794869844
229,0.0021679436087166997
230,0.0369502231309384
231,0.9907920692896839
232,0.1952238985580288
233,0.02121416886497295
234,0.27602472948866474
235,0.0534230967217039
236,0.29273852845271786
237,0.5982868561822678
238,0.06461466432711295
239,0.9846316719795494
240,0.0442848945882416
241,0.011285208402118049
242,0.23329017951095346
243,0.28305099075787465
244,0.8987556940112382
245,0.1678369826579341
246,0.17141338367505699
247,0.00693709178024685
248,0.7497541223844483
249,0.9982320469781586
250,0.1224921592867441
251,0.03637298109304675
252,0.047470678993507404
253,0.12822788499927545
254,0.11304479246236204
255,0.19525213286741394
256,0.3935625246838022
257,0.8458242968795758
258,0.0121266808405878
259,0.03564938608689655
260,0.17422530646694784
261,0.07388914787061746
262,0.996749794542097
263,0.9383204198623495
264,0.0067629073707542
265,0.11231240079208335
266,0.7994868065715833
267,0.14532086355989676
268,0.00533272725768335
269,0.0028638249305105497
270,0.38126357328720545
271,0.44974744101210834
272,0.0535471550167917
273,0.0164414426345033
274,0.9987525124080268
275,0.9967077860808651
276,0.10614169408446815
277,0.0256111677021087
278,0.01435369632274655
279,0.04379825574502935
280,0.9558277919373471
281,0.9428117342960844
282,0.9568731252464464
283,0.0106799600275354
284,0.1435098539374433
285,0.10691737433787435
286,0.01673651560951465
287,0.0169394245721789
288,0.9854286325247745
289,0.2877276358627069
290,0.3957466119123835
291,0.9855240594368596
292,0.8661966484024145
293,0.9897141727683604
294,0.0044089504986384
295,0.10291282305012625
296,0.16657795174032902
297,0.07908303106634565
298,0.0041799829682969
299,0.9896217239853488
300,0.13820852934862166
301,0.9199367383345574
302,0.8197097610041426
303,0.04951704090686365
304,0.6013076289243862
305,0.7903053318666812
306,0.0788092773459741
307,0.0382575593079299
308,0.4751196140665272
309,0.39978438308339537
310,0.9775454502772728
311,0.0417037638317998
312,0.4444413874014611
313,0.010036721248862651
314,0.5221559932922839
315,0.03070221404156895
316,0.9656626758670882
317,0.0278063169814277
318,0.0032374495057511
319,0.6995634290168817
320,0.24565262425492046
321,0.044592506422438546
322,0.0025576050960942
323,0.03054375699212945
324,0.1574376433472772
325,0.8767706070266315
326,0.054754183009596696
327,0.8894271084554607
328,0.01402366445520735
329,0.010733201717888451
330,0.8551832465576837
331,0.013439174800180202
332,0.22013965781997263
333,0.0457774983510982
334,0.13411544763695676
335,0.2904076731013894
336,0.058201843350178806
337,0.9795762735035922
338,0.0162568100806171
339,0.05026145592650245
340,0.0037137358288056002
341,0.9853653855431048
342,0.8510649032056339
343,0.1729030121103696
344,0.0714047932374718
345,0.9630734194378339
346,0.49532513311589604
347,0.08109176150159231
348,0.00269908549588045
349,0.3524463168807892
350,0.9976036850936743
351,0.0420920926350971
352,0.039530371593653205
353,0.08925302153227646
354,0.16847910124259965
355,0.17327281937982136
356,0.9629704066910953
357,0.023565761189542997
358,0.9710706929068682
359,0.22470368695940252
360,0.10325481786528605
361,0.6073478871513546
362,0.008642166625877051
363,0.0588642981996784
364,0.004610613255564999
365,0.6650679853936496
366,0.024466174688229703
367,0.3691520147109393
368,0.40281415615346866
369,0.9656695227741146
370,0.6400086764646701
371,0.8857312169248848
372,0.0280080998717546
373,0.1565865976698562
374,0.02779980792057525
375,0.831293243755951
376,0.11450926561337905
377,0.02966619339879365
378,0.03203319980134485
379,0.00554322416798975
380,0.08155401197872936
381,0.14562537161987676
382,0.9804826100788464
383,0.14103103867520783
384,0.1218482011830553
385,0.17382568897703593
386,0.040983984016751254
387,0.5314222776718227
388,0.0959470408643242
389,0.0323892108706792
390,0.7487579956664419
391,0.01324371452041285
392,0.0152069289481083
393,0.7445806558738037
394,0.9836611846888552
395,0.7798812722780062
396,0.9692844680800834
397,0.36366395760036563
398,0.14206713961690332
399,0.002419242014853
400,0.05202804051789385
401,0.00370334797107825
402,0.008245981264994401
403,0.1179608139786761
404,0.0115070632835431
405,0.0371318420133174
406,0.9851737806778866
407,0.46791066098906015
408,0.0261892021584486
409,0.17272565730872463
410,0.0852479032009327
411,0.8518371840685999
412,0.1692745277133296
413,0.48572451384095244
414,0.0886619406715568
415,0.04364550526353825
416,0.9515792357344999
417,0.18714121834216985
418,0.08195921471320156
419,0.9881426485041925
420,0.10355436180939079
421,0.00268408047265495
422,0.0107527142489258
423,0.7034716043040498
424,0.9311462634294498
425,0.014619339260291398
426,0.05959408463048625
427,0.0058543169316983504
428,0.8662997168797837
429,0.9425123631072008
430,0.9953466547978802
431,0.10630271209893549
432,0.37400575367948796
433,0.0680694812713757
434,0.7018483219814889
435,0.025372630106486202
436,0.9762534771454503
437,0.05728729860022605
438,0.0616404167735428
439,0.9857883806408096
440,0.7970359744221144
441,0.08405562950267816
442,0.03174399437931485
443,0.00721189684144505
444,0.2069551093540104
445,0.02481669576389855
446,0.9924386783628902
447,0.22079565372910204
448,0.013076476652652401
449,0.2714805984270705
450,0.10435757022576075
451,0.41112587546063584
452,0.9235078740521909
453,0.3100816917387431
454,0.10702792314107776
455,0.9249571066312612
456,0.8652971658428508
457,0.04127497446677935
458,0.3086940953409927
459,0.4979964568353757
460,0.09649048967106036
461,0.4472773378072214
462,0.31180384450633325
463,0.9348990794236574
464,0.07451502974618175
465,0.9726933681686603
466,0.9528348273140708
467,0.01838580397810075
468,0.8457690418544412
469,0.9605711936488652
470,0.1296465563039132
471,0.31609484983792857
472,0.9580590385393903
473,0.02287628874864885
474,0.0316938779628434
475,0.0074320835725924
476,0.01992923566707585
477,0.06976985141164715
478,0.08875053251243906
479,0.627774067983234
480,0.015980276103465002
481,0.9898293114215784
482,0.1220484964914362
483,0.9714077256065377
484,0.9434595017351558
485,0.013066890473455401
486,0.031037926767709
487,0.0890327936008095
488,0.010578300869088699
489,0.014000467509945401
490,0.052116299413915254
491,0.019513306096117698
492,0.00385721418384915
493,0.04290377738120425
494,0.3488469084305236
495,0.08470299721006094
496,0.01943076582101995
497,0.60421534494953
498,0.2315422291632284
499,0.07621242738563405
500,0.9726424410288745
501,0.0728489425667857
502,0.0926796744142802
503,0.2830234760528991
504,0.7572489744879779
505,0.2174139285397996
506,0.0127385571453449
507,0.9883694483875206
508,0.7361432106442464
509,0.0441432129166237
510,0.09427222148941536
511,0.63433984657387
512,0.017498771606173302
513,0.9780556664829666
514,0.9645414044559673
515,0.9598749414172862
516,0.9752708407384404
517,0.45924920220763105
518,0.13251607605682925
519,0.1023114962600564
520,0.6387521227674872
521,0.137070887104597
522,0.9136648791141393
523,0.5969694141335864
524,0.11593834539666276
525,0.955941240657916
526,0.42249951498498217
527,0.0072860965261881995
528,0.33332052661869227
529,0.9888450168287655
530,0.0069405030417316
531,0.00309936107332185
532,0.02326954243217565
533,0.0087419769544687
534,0.00928002416100245
535,0.06583271113789904
536,0.05227701476271385
537,0.8686474449531156
538,0.05530186627231095
539,0.9600263283628367
540,0.3219381979393897
541,0.046425571744657695
542,0.0024122737305685
543,0.5077468375508597
544,0.8991813887473018
545,0.0090421452151571
546,0.4072076029550126
547,0.00321046910332835
548,0.064948353123787
549,0.028207301717218802
550,0.9697670559988643
551,0.6907298156588619
552,0.26585032926936797
553,0.01390164134966005
554,0.074691514383468
555,0.40479648615422237
556,0.017193602668754852
557,0.09773253127549705
558,0.6646947821224393
559,0.009914090764563399
560,0.06279055495624206
561,0.3143312004982052
562,0.9766948780654593
563,0.4980849459472133
564,0.0036478121988704
565,0.9150609038063889
566,0.09412239330848224
567,0.0164818572821942
568,0.45600632898746896
569,0.2903282102540107
570,0.09277451557038555
571,0.12985581413345776
572,0.6652247219349855
573,0.027747774296265
574,0.3986535053703715
575,0.07344545598334526
576,0.9457395786715177
577,0.00646126044195585
578,0.03770824461874055
579,0.13606454522329992
580,0.1190194639074541
581,0.1515299771158318
582,0.00185617884527065
583,0.00588137348019405
584,0.00238410647681025
585,0.2933811155773296
586,0.6675792230003524
587,0.603897072631768
588,0.00725316571972765
589,0.10255627713135354
590,0.12689540764982016
591,0.005092965520584
592,0.06736993719009465
593,0.02959968299467165
594,0.06318154362165465
595,0.2569880679872475
596,0.059296842946599204
597,0.07900975519192785
598,0.210708301389359
599,0.9572102419571025
600,0.01922721332108545
601,0.0141889380313287
602,0.0233607233463309
603,0.23405799903008834
604,0.916773928683904
605,0.03800500710391685
606,0.03726126147325205
607,0.00522564108003735
608,0.00709701368970285
609,0.0045008192581349
610,0.0689677306669136
611,0.09486144980773159
612,0.0134601468918995
613,0.0058829671198616495
614,0.11374921356760209
615,0.48154436653478405
616,0.0139528467648382
617,0.0307507315422269
618,0.00442514626885975
619,0.03104527398716805
620,0.012967542786759649
621,0.005646489388863149
622,0.464644506281247
623,0.0167575099401787
624,0.1040331069573394
625,0.4759109709241083
626,0.7844316985955364
627,0.9859090135838967
628,0.006816558416783251
629,0.9329209668389001
630,0.0189079727285707
631,0.07579444571116664
632,0.5122037609101753
633,0.9842077306927313
634,0.021973117552757597
635,0.6389032593855319
636,0.00910513959031435
637,0.004923420657519649
638,0.009955847417866651
639,0.9630588527431997
640,0.08494079037316216
641,0.7235427768009257
642,0.03284293594500265
643,0.0307446783492585
644,0.9357579734330007
645,0.01357120246809365
646,0.02082594779716505
647,0.06045022133563055
648,0.16048127532718842
649,0.5101156413162174
650,0.06929568140628765
651,0.9659479469146595
652,0.9718904760999278
653,0.01323168761632825
654,0.04269151133003935
655,0.0026908786854204503
656,0.14577856854883814
657,0.9562549288557379
658,0.5162768050130387
659,0.1715876521527122
660,0.012079502335237049
661,0.4499765652462444
662,0.0628140419172227
663,0.16481488876604317
664,0.49929286237888876
665,0.04154433153897675
666,0.0338297124071013
667,0.9680471023319246
668,0.2114594276947614
669,0.6866432831166283
670,0.02990911066805385
671,0.5167915948596766
672,0.06336497657783319
673,0.07263638331637784
674,0.9985835224933604
675,0.05038501138961115
676,0.0247452315542753
677,0.58723573122642
678,0.06345390711536295
679,0.7326709900343237
680,0.16245641753235934
681,0.035218168978352005
682,0.9456717141571074
683,0.11245423702937905
684,0.22196742011815065
685,0.18104658464575923
686,0.092741257185885
687,0.0381161886681602
688,0.9709077446410039
689,0.08616367613493794
690,0.9619630519677114
691,0.0966317801537327
692,0.00276180226944085
693,0.8921562250557866
694,0.0195215637114261
695,0.8362232738496295
696,0.01698035004634885
697,0.39991894578759724
698,0.9956725691285665
699,0.0154435760572177
700,0.020113206732936047
701,0.10842610858988275
702,0.0046014448303663
703,0.00164115938395885
704,0.03185341254575745
705,0.0264080148424164
706,0.07132068615151695
707,0.43185578106602623
708,0.0852256329765955
709,0.03367400772387985
710,0.06139210127140845
711,0.0617044060592269
712,0.9977663508154414
713,0.05237268427766955
714,0.9080976482170394
715,0.0760783436833064
716,0.0051395578444494
717,0.14077568754141445
718,0.1267741707271257
719,0.011213564466430851
720,0.027696386189287152
721,0.1372513110340284
722,0.34652473220338753
723,0.731776602307096
724,0.8853933807536949
725,0.635887563651299
726,0.0250225328125182
727,0.9837411964673193
728,0.0687402701398256
729,0.1996716712609204
730,0.1762217541129547
731,0.0083664180704335
732,0.9871039641285453
733,0.9462699262785275
734,0.19010364072194585
735,0.035041319835682004
736,0.9465462593876897
737,0.0268795534753382
738,0.18406519654124945
739,0.5153382364824384
740,0.9924604351386701
741,0.6636920890977855
742,0.25503246625789666
743,0.20844836552428403
744,0.07959555969856776
745,0.0202393068739576
746,0.9439765596800285
747,0.8784387806397955
748,0.13078990153348097
749,0.6393503974112646
750,0.05997338271335135
751,0.12880674835277311
752,0.062195011350978005
753,0.16987772228814862
754,0.02777152007858135
755,0.0400492677786225
756,0.31603495982931873
757,0.065216987237724
758,0.0052314611004599006
759,0.020513595799026348
760,0.874120923018249
761,0.0678621811737029
762,0.7954723999615525
763,0.01849109183484505
764,0.0039152814609978
765,0.9784212924775231
766,0.23670075713940741
767,0.7780633953634115
768,0.3376312682931638
769,0.48975018735501785
770,0.22144951352016845
771,0.0174949067820136
772,0.9836385307830191
773,0.01063404358686525
774,0.2195394298531129
775,0.9960300659915688
776,0.31948816351870396
777,0.0097927956964268
778,0.17871802487864455
779,0.5348567564685518
780,0.007604845444805001
781,0.0110947357546879
782,0.6063188580478376
783,0.03228204599304625
784,0.5852902756957294
785,0.980274439173786
786,0.7486649823966647
787,0.009254584937979048
788,0.9280869906525648
789,0.0378433156953806
790,0.8257820997310037
791,0.035887356692848246
792,0.06892659629355635
793,0.0457538847434231
794,0.22506987704640616
795,0.1628601769194999
796,0.0499551649795677
797,0.0052160521284588
798,0.8261727980279827
799,0.31014037338493017
800,0.3864838268935305
801,0.7716619885694318
802,0.009878743169815
803,0.0032635526913591
804,0.04970372754106485
805,0.09679223848490395
806,0.0119423906758111
807,0.0411863344623059
808,0.0700084704313635
809,0.2811030687890169
810,0.050751982088373004
811,0.06319201211373805
812,0.9790744919775668
813,0.33008633322715425
814,0.9455734177280148
815,0.01634890373090735
816,0.34173481349645507
817,0.9364653089631265
818,0.5335876448118948
819,0.023797293023043453
820,0.9892827282634026
821,0.9981526566158618
822,0.15205981399740845
823,0.017010545510251253
824,0.31472833911829123
825,0.00159761843269495
826,0.24534665433449088
827,0.08171991514118526
828,0.02966741525414065
829,0.9870003463330446
830,0.8257162535876765
831,0.0228788339564336
832,0.9889035111928366
833,0.4368946992611936
834,0.9203364820661547
835,0.00224251807478465
836,0.26818412061183067
837,0.44751318790051275
838,0.37373715197988433
839,0.9952481418633752
840,0.08128720098552139
841,0.03029296318292835
842,0.13232599932237835
843,0.006798883301854301
844,0.8657197978128739
845,0.9974202341480015
846,0.9986945652402837
847,0.017198002083353002
848,0.004720075367276351
849,0.6941039979248661
850,0.44331705209497796
851,0.8596590878010856
852,0.1228129337675091
853,0.027550589843309048
854,0.9407483273968709
855,0.009883369492090701
856,0.8940089133052485
857,0.9813890348978962
858,0.016606423675571552
859,0.7468614301350001
860,0.00872100130867555
861,0.8958663265634781
862,0.29722600159334567
863,0.8974544528747241
864,0.00501453553696455
865,0.3562729086986912
866,0.917847689607239
867,0.07469241405805645
868,0.13757011561849936
869,0.7092429247306937
870,0.0247532633442138
871,0.9985068761144711
872,0.030676127936727752
873,0.0122566169490626
874,0.9784248608983828
875,0.8164470132287173
876,0.023218166377544
877,0.11262870386736695
878,0.060885004189820555
879,0.9522283682459071
880,0.04921617314701955
881,0.07263189238179166
882,0.8343376232315084
883,0.20187414008809906
884,0.0323198949470564
885,0.9763300299099424
886,0.0257029367292555
887,0.9518888072784781
888,0.03676086560272455
889,0.012016590150784951
890,0.17850073818230855
891,0.5408700644711717
892,0.21782149979608856
893,0.06484589708866895
894,0.5300438656364472
895,0.2783326145112006
896,0.8832398302670913
897,0.11088744392855154
898,0.0036653596229064
899,0.7257950834632336
900,0.12802259349366665
901,0.0061666824743964
902,0.4128234004027433
903,0.8717540063125149
904,0.026973753990059197
905,0.9641933877665498
906,0.08435527024280665
907,0.00766461229522675
908,0.9909320596810347
909,0.02538344959025125
910,0.03327106985178345
911,0.09391567652823055
912,0.02867208042420305
913,0.0707948096157007
914,0.02189117076887815
915,0.062114806769193245
916,0.19159867598671293
917,0.4907921026500063
918,0.07298475427676805
919,0.4911219375342066
920,0.00807211021749705
921,0.01965188198732805
922,0.035877148758580946
923,0.998343739541957
924,0.9587847037970751
925,0.891217253633166
926,0.043553032680349546
927,0.0877471979951577
928,0.02689131776359295
929,0.6072504274445241
930,0.25696302788894615
931,0.036961260765891096
932,0.9477828220207851
933,0.024432776867924798
934,0.02821058516539
935,0.07114162284023129
936,0.9910539330912809
937,0.03186809257355245
938,0.03513687371781845
939,0.5136262413880816
940,0.04848605023654155
941,0.9769131254195709
942,0.9523085392657333
943,0.996829498640429
944,0.46598594648988123
945,0.38384777704403145
946,0.05791256286505815
947,0.7093696964857145
948,0.02977119084530165
949,0.04751390734965255
950,0.9836492058505997
951,0.30694171625407396
952,0.3302750090455616
953,0.13851373669482894
954,0.0418019529641161
955,0.49902230867049746
956,0.9874015864884627
957,0.2754111104301
958,0.022061401972952352
959,0.46338710503795766
960,0.00220646232503635
961,0.9528729970742272
962,0.028462891821288548
963,0.45786399713207365
964,0.3529537683447639
965,0.03923956991071035
966,0.2178119218831596
967,0.0060228283118263
968,0.0090893817859136
969,0.0039103744384344
970,0.13172331660550446
971,0.13061820466193946
972,0.9983651067758796
973,0.0624507839875186
974,0.47272614235093663
975,0.01037035631789455
976,0.02346315225696785
977,0.8699522712543395
978,0.06538741669292329
979,0.9952384165085755
980,0.9395180458312828
981,0.9807707779132112
982,0.39785718908674617
983,0.048634914796449547
984,0.9739835613806416
985,0.0542763094082917
986,0.9048938675584313
987,0.1487515655315815
988,0.21817307908734784
989,0.8468173954529175
990,0.9504537009662937
991,0.082011876397436
992,0.0368957848898883
993,0.04768611076914925
994,0.018299487965262602
995,0.9973491081103987
996,0.02812205555346905
997,0.0596918581125497
998,0.14577612213301755
999,0.8631409039334348
1000,0.9149556164495855
1001,0.9916887199264846
1002,0.006963408577993451
1003,0.00824334984799235
1004,0.6063503823522141
1005,0.9002402671601839
1006,0.9970748161196539
1007,0.3898864683430272
1008,0.03521878778157355
1009,0.24810776678617613
1010,0.0276475322682871
1011,0.09241572328616655
1012,0.0538745858922344
1013,0.27523202856438667
1014,0.5395721843799065
1015,0.043097375338741556
1016,0.01998260387203045
1017,0.537651970532542
1018,0.8328135967826282
1019,0.0023174819753669002
1020,0.054154597557882
1021,0.967137959840195
1022,0.6474717854267757
1023,0.8821335713506115
1024,0.007997337849415049
1025,0.00978947533306885
1026,0.0199435290839663
1027,0.09989423146187995
1028,0.032678738095044096
1029,0.10914448345203555
1030,0.0026868148347278997
1031,0.17530237448110664
1032,0.35193592823433295
1033,0.00608942229931195
1034,0.6604840177484421
1035,0.02102349315412195
1036,0.21167532189316013
1037,0.9741083212646189
1038,0.02863523845623155
1039,0.9332234776879837
1040,0.36726698482156084
1041,0.039157917774888945
1042,0.04192969926283855
1043,0.6221018850698439
1044,0.00209957615229935
1045,0.0641777812336349
1046,0.0045743270661657495
1047,0.237316359084003
1048,0.7988570098427727
1049,0.782595160267656
1050,0.0046350980423404495
1051,0.13826383877102527
1052,0.060026559263157246
1053,0.9723704293425064
1054,0.4280016277942762
1055,0.10629016995216625
1056,0.2235677232146291
1057,0.20799729023448335
1058,0.0024754215843102497
1059,0.9431447838462848
1060,0.2908919120770682
1061,0.033129509309146155
1062,0.0049108832464321
1063,0.32451717138242964
1064,0.941559348329069
1065,0.047359603460539496
1066,0.017207891326988897
1067,0.2078017895850569
1068,0.17461734177056426
1069,0.9871846195044731
1070,0.2148507217652604
1071,0.5793283577555541
1072,0.01931946347702295
1073,0.900469240681761
1074,0.0043938017261116995
1075,0.0226413752816629
1076,0.0032560532567126998
1077,0.016279561902465753
1078,0.02529197304031875
1079,0.9683930619659809
1080,0.0064185204879177
1081,0.0452218784108347
1082,0.8429251658891674
1083,0.06794477081791545
1084,0.9229136113731871
1085,0.572799374647281
1086,0.7777697462339765
1087,0.5355409415065819
1088,0.0024691923222277
1089,0.910360345025067
1090,0.0438090287985341
1091,0.9737402942835531
1092,0.056476639984004054
1093,0.10953444981204145
1094,0.9983925950495443
1095,0.8250858941912363
1096,0.06288205629079781
1097,0.7597857822668079
1098,0.02292837572939175
1099,0.36799844477508054
1100,0.14881447120583785
1101,0.0310725505375807
1102,0.11666350492890934
1103,0.1726814714088477
1104,0.05162889370691485
1105,0.14913589112718206
1106,0.17946016540660314
1107,0.06310224170724095
1108,0.0439480942531842
1109,0.37969690752558916
1110,0.8173705610815817
1111,0.00869963187499435
1112,0.0250696291732852
1113,0.5876342902369756
1114,0.40265369926728495
1115,0.17791488634093378
1116,0.1204706355254963
1117,0.7055476923897706
1118,0.15272671173868246
1119,0.0171134075727512
1120,0.0235039365765652
1121,0.044840000429412497
1122,0.0430971640350721
1123,0.4805055454476779
1124,0.03544064008285395
1125,0.1721816295660655
1126,0.9673070324680437
1127,0.4078193944925024
1128,0.021336686552595498
1129,0.07382022583126946
1130,0.008286879874270351
1131,0.02432908871966505
1132,0.0100024428017917
1133,0.003920833369849
1134,0.9977805673775082
1135,0.01668084142134465
1136,0.02033315719084335
1137,0.00339946293137065
1138,0.9283660136449812
1139,0.17288379172782745
1140,0.6443037828809648
1141,0.9824331248410239
1142,0.0058490788139288
1143,0.11189967031866749
1144,0.916925623357173
1145,0.9522062119456121
1146,0.9986246499261873
1147,0.0781839952435877
1148,0.0030849218031778003
1149,0.33915084136007034
1150,0.9763974627658479
1151,0.0020134844533462497
1152,0.187893666513656
1153,0.9883708028139294
1154,0.249912454267266
1155,0.01779759425305125
1156,0.2633419216963617
1157,0.6031620642020786
1158,0.5927390485074078
1159,0.8731948250979416
1160,0.0214331974158394
1161,0.0127062275291301
1162,0.3610227939940744
1163,0.0068438323424898
1164,0.20569115871920723
1165,0.02308638080250105
1166,0.42608049479904864
1167,0.9386820829259004
1168,0.9776056604324597
1169,0.8010136627266264
1170,0.00515566144358115
1171,0.02045683352973525
1172,0.9499088366230016
1173,0.05673211582646935
1174,0.0322175165821132
1175,0.2767613365780198
1176,0.05004883304962095
1177,0.004043133984521699
1178,0.008731132972835249
1179,0.010352121717762
1180,0.9581378270465478
1181,0.0651364093721142
1182,0.019257751529973548
1183,0.0411893271311147
1184,0.6977431863483444
1185,0.05222951135345415
1186,0.8654418457465
1187,0.017636384217844102
1188,0.0043904209617369
1189,0.1301128133611681
1190,0.09131833516703591
1191,0.0997477757673066
1192,0.9720980425378987
1193,0.09786725815664449
1194,0.06155732528648865
1195,0.0074628090587566505
1196,0.1990308373765151
1197,0.8356991499943787
1198,0.1095073971859997
1199,0.9723520245417002
1200,0.5672670142273439
1201,0.0997520649816766
1202,0.40048753953583704
1203,0.0275694479886206
1204,0.6480273413868161
1205,0.02711162383313705
1206,0.7284323847753704
1207,0.026619872321264303
1208,0.18394719003321225
1209,0.07256990523164855
1210,0.9269354672646332
1211,0.6114123985197372
1212,0.01143494456914515
1213,0.009322623799384349
1214,0.0167070217687199
1215,0.0329364657179855
1216,0.0148064173568717
1217,0.47200861029355395
1218,0.09125613791085685
1219,0.016314520914307552
1220,0.9028376603724155
1221,0.1039714533348952
1222,0.5350120564940852
1223,0.0485806085726931
1224,0.2361303093750824
1225,0.8087565004680717
1226,0.1296624351763408
1227,0.9868198999954815
1228,0.09782199666620439
1229,0.7473988634363291
1230,0.00634142064361105
1231,0.9556944956556856
1232,0.5646375284254678
1233,0.028187502742429302
1234,0.034912329639294346
1235,0.8546673644618215
1236,0.47396677050601044
1237,0.2436415063781141
1238,0.0730283613055082
1239,0.47578699523488566
1240,0.5590325247081213
1241,0.0450265390501982
1242,0.00766013448802165
1243,0.19783754486957633
1244,0.36106081753653835
1245,0.03098890269464765
1246,0.00353495266541615
1247,0.0225463074355461
1248,0.14026226157489602
1249,0.990503331115301
1250,0.1933278500656943
1251,0.01609369405053335
1252,0.9128047802789144
1253,0.9716032676023312
1254,0.9977637538424584
1255,0.7769228456079408
1256,0.06739515070096644
1257,0.9639271943096512
1258,0.0077967207055728
1259,0.9982348627910288
1260,0.5043487549977071
1261,0.09411273090940056
1262,0.00277387552264925
1263,0.00600684854536005
1264,0.050256995973139054
1265,0.9876657145578286
1266,0.00869589674949995
1267,0.9721344802686369
1268,0.0803912393154419
1269,0.02873870167338935
1270,0.48176774668768085
1271,0.0220187589598988
1272,0.05691712589344805
1273,0.45611695544594383
1274,0.9309165891080127
1275,0.2508025484514411
1276,0.037906549985622345
1277,0.16778513221495472
1278,0.2708404531524259
1279,0.00875172836800535
1280,0.9488704416507382
1281,0.0241356504857031
1282,0.9009700501996227
1283,0.0342241922218005
1284,0.0840104024420147
1285,0.5237132411157774
1286,0.2443119190764797
1287,0.44325100757438
1288,0.3396801382315588
1289,0.00184901508064215
1290,0.38300041606936774
1291,0.09888864778321066
1292,0.1190441229944995
1293,0.036240136511688906
1294,0.16762873862244776
1295,0.38788572523929377
1296,0.7090919710512147
1297,0.0450379544752385
1298,0.018466773076067748
1299,0.0135874001711358
1300,0.2811820525401167
1301,0.07094407505451844
1302,0.053980959505342846
1303,0.9604986214437478
1304,0.054540680615372844
1305,0.9962718916773321
1306,0.21388432800895896
1307,0.01173208947444755
1308,0.006982892436794549
1309,0.9870191477221999
1310,0.0728487077007333
1311,0.0377392640250173
1312,0.6471354162971239
1313,0.00428599899994085
1314,0.9467790571135641
1315,0.026806982444416448
1316,0.0678788312433488
1317,0.38461319011328526
1318,0.2040552206250661
1319,0.1345408143052677
1320,0.33399068230975804
1321,0.9676881739114069
1322,0.00689052338051955
1323,0.03605233412523935
1324,0.0329044745085478
1325,0.01828198470331675
1326,0.9699030760643956
1327,0.8829751582786599
1328,0.0108275080559262
1329,0.3977703144188517
1330,0.9680595900559832
1331,0.24369829363861165
1332,0.0844452979034726
1333,0.021124131504874202
1334,0.8443521991212615
1335,0.2672187390812041
1336,0.00724422147554105
1337,0.0091026440785833
1338,0.00837454564362
1339,0.059579832917321746
1340,0.5012574451300755
1341,0.9259439395279399
1342,0.9480257242955754
1343,0.35538556571420216
1344,0.3484295359787407
1345,0.039373017075889596
1346,0.9981051789264216
1347,0.8189284358796046
1348,0.07755907844802906
1349,0.008391692056141601
1350,0.16714504048783435
1351,0.07062814747415669
1352,0.2722760104924969
1353,0.0137692207769207
1354,0.07356401840349995
1355,0.9851026623526482
1356,0.02163858716962
1357,0.6376559537758704
1358,0.2130640938096035
1359,0.0737930179738603
1360,0.9580790888783908
1361,0.14307075485261145
1362,0.9155651047298894
1363,0.8759074636822357
1364,0.02077985079038985
1365,0.958940758931229
1366,0.0483332540877812
1367,0.9308579990088626
1368,0.831225932723002
1369,0.25661726004395813
1370,0.49440954416543964
1371,0.3526005541957794
1372,0.0276568269405536
1373,0.25560759995541416
1374,0.024315732409996148
1375,0.943576764870201
1376,0.118221619096725
1377,0.9986898890834421
1378,0.0448123950529773
1379,0.0084120009853232
1380,0.9089017305656342
1381,0.8373946608359689
1382,0.00163835069725685
1383,0.9881835163822366
1384,0.0224678694972332
1385,0.4739333670009785
1386,0.7651227664017715
1387,0.9603846831949394
1388,0.9038213599701685
1389,0.998078808192121
1390,0.00628938142734525
1391,0.978799365594041
1392,0.431133190714616
1393,0.7216769308257398
1394,0.0061683575401874
1395,0.5913003192592166
1396,0.06970466828033464
1397,0.043121946936479846
1398,0.02107092232282575
1399,0.993742204143667
1400,0.03172104689414505
1401,0.00905620740540515
1402,0.0046839606543871495
1403,0.4407311660689006
1404,0.0106215543208781
1405,0.10046908828607304
1406,0.032269093982734046
1407,0.14259008799490916
1408,0.0157923338040718
1409,0.00444055014400525
1410,0.01145536538933625
1411,0.060359570802158105
1412,0.6906057238951617
1413,0.9061246485943626
1414,0.0157736315609363
1415,0.20894691357905298
1416,0.9763072641228369
1417,0.128850400937814
1418,0.16239586747867923
1419,0.5478048068807442
1420,0.29471564525159366
1421,0.9739015910189763
1422,0.04072888768632715
1423,0.00482917913081685
1424,0.009097748421138
1425,0.01664012179122155
1426,0.029184104481517
1427,0.00671747101790775
1428,0.0380372480425685
1429,0.0119906236296514
1430,0.1406128925832245
1431,0.6786412281244054
1432,0.0624248353327054
1433,0.7364349827436515
1434,0.6888123281655685
1435,0.00645962683903385
1436,0.00292112296858505
1437,0.9620197222003798
1438,0.0136389636503777
1439,0.9744539867621018
1440,0.0144515539368671
1441,0.035056725153895046
1442,0.6136186905396848
1443,0.02804327119494055
1444,0.1003015087415654
1445,0.747065928392408
1446,0.8591489180257718
1447,0.0786964930708349
1448,0.09078618126589866
1449,0.8260389811343768
1450,0.19056377546727682
1451,0.00485871909133315
1452,0.22060055463891998
1453,0.9728915475204676
1454,0.9818723110263177
1455,0.06724885664593999
1456,0.061638615944359446
1457,0.0632765565928565
1458,0.9659595816889526
1459,0.9679375633569209
1460,0.015578228345376149
1461,0.0463636330886983
1462,0.050139470352390456
1463,0.9347713505391579
1464,0.17314118370276088
1465,0.0251788267882804
1466,0.7281922495472559
1467,0.3578855727379453
1468,0.9543087529665316
1469,0.9889618841322916
1470,0.9827120183723638
1471,0.14220411603735894
1472,0.286856824739846
1473,0.9862133953516445
1474,0.2159444801588886
1475,0.18628066566383994
1476,0.9783995677922181
1477,0.7033478773103945
1478,0.20822380317443756
1479,0.051599384233243506
1480,0.2638205586916726
1481,0.012626795459948801
1482,0.9561610887523173
1483,0.048594878244117845
1484,0.06318736153382945
1485,0.02928978001177325
1486,0.09404592934801659
1487,0.27850828449488363
1488,0.2013574869730923
1489,0.055657528550163954
1490,0.8198005262661048
1491,0.00508084876200115
1492,0.9834964388308388
1493,0.9959182822297719
1494,0.996558760583518
1495,0.0884854986589104
1496,0.6050220204562042
1497,0.0274722769011987
1498,0.7914835528056388
1499,0.8331109774739942
1500,0.057284695316907344
1501,0.05074362627606125
1502,0.14149115765862758
1503,0.07865576055602591
1504,0.03538136100752835
1505,0.2714910829593197
1506,0.11864698453786335
1507,0.9175072223262165
1508,0.04738184385099785
1509,0.0102861752252476
1510,0.11975831390211515
1511,0.5695129558669443
1512,0.062424870139386995
1513,0.431582956697397
1514,0.8312412623215278
1515,0.028778067597687397
1516,0.09576975307700081
1517,0.00355188445516965
1518,0.37297047254999444
1519,0.07617514715455895
1520,0.01380962856626745
1521,0.0091882012315278
1522,0.041283723382384244
1523,0.0251625399563945
1524,0.9068937784981284
1525,0.0094161148691407
1526,0.0095094141538824
1527,0.69821214761529
1528,0.022102438299880352
1529,0.9548423222865372
1530,0.0267278972185154
1531,0.2809511489802453
1532,0.9458214010715619
1533,0.094325919608544
1534,0.02757946941460475
1535,0.006848657054248549
1536,0.0760982669132852
1537,0.5456416989416091
1538,0.14707364398189804
1539,0.56333773455544
1540,0.9445239291701808
1541,0.8064649287213813
1542,0.13806003436307307
1543,0.0042038222492275
1544,0.0463370161682143
1545,0.1055315587907225
1546,0.7611513486303909
1547,0.634935455021965
1548,0.0378152534289356
1549,0.8966263977234286
1550,0.6688237249733272
1551,0.09924163967006795
1552,0.00418697194562015
1553,0.7932178800855868
1554,0.0299823580635536
1555,0.01035098203818635
1556,0.0052493462046816
1557,0.05547824183248365
1558,0.0110238041752338
1559,0.19022539207893346
1560,0.026652470523975652
1561,0.0422904760906757
1562,0.2325178328078587
1563,0.2948592420052571
1564,0.21137607367763284
1565,0.02030436003476745
1566,0.00333916414054455
1567,0.1534462620529233
1568,0.610524911211913
1569,0.2070220294463063
1570,0.05282689973275115
1571,0.4116978209802157
1572,0.23515187734431786
1573,0.4839616258121598
1574,0.2719008283049089
1575,0.0429109427914776
1576,0.8902056532082288
1577,0.07589113840914885
1578,0.0051365870308801
1579,0.5502549707207243
1580,0.9751012493261346
1581,0.9735441781608459
1582,0.11765113075450906
1583,0.017548359405132948
1584,0.0882835898277344
1585,0.972622624789468
1586,0.02724367756963385
1587,0.0096409860105235
1588,0.959480416657891
1589,0.9334625456254326
1590,0.04903515045723685
1591,0.020977818215350198
1592,0.025375661085276252
1593,0.11940014536045215
1594,0.00576590058093775
1595,0.35072539688567533
1596,0.1765579310734646
1597,0.9008453278484612
1598,0.5152131873294503
1599,0.09288666015687955
1600,0.08926236457252029
1601,0.16287545600295136
1602,0.2699341571335008
1603,0.9042054803314872
1604,0.8439127152617338
1605,0.9807533050177174
1606,0.014857097815232449
1607,0.0297087691119425
1608,0.0450937389879045
1609,0.8047709073806899
1610,0.9087124808273306
1611,0.7703020138108312
1612,0.09207334516315945
1613,0.06491345643098201
1614,0.0462929611815626
1615,0.9611788880326072
1616,0.12636007551580425
1617,0.00271773237739865
1618,0.0263824778374204
1619,0.06219852054130405
1620,0.0795955205041172
1621,0.8977818111146928
1622,0.07612708248774165
1623,0.1169985628372488
1624,0.976595718915397
1625,0.0044569215797174
1626,0.0122943107598633
1627,0.2707807967886563
1628,0.9901361230531376
1629,0.0488707023568853
1630,0.04699565663477295
1631,0.0138170451477522
1632,0.0532850993693184
1633,0.8525102069742663
1634,0.5282561674875095
1635,0.021802957175163153
1636,0.1131260277447475
1637,0.24188684612847666
1638,0.9976923762797956
1639,0.06591954271497891
1640,0.16670909951995205
1641,0.0439447098252847
1642,0.0716730062617075
1643,0.0374069455824764
1644,0.1296842960336804
1645,0.0064734950168407
1646,0.0337587894600702
1647,0.207569463066054
1648,0.0070206387875096
1649,0.01162555781711715
1650,0.17428640389358405
1651,0.10817746131250255
1652,0.1158693772309352
1653,0.01715839277652055
1654,0.0651782713257599
1655,0.2004395229273045
1656,0.48041632646932375
1657,0.20602044484833956
1658,0.1933166441492177
1659,0.1358054634727177
1660,0.00602997286275915
1661,0.6318318133648806
1662,0.16498655542516394
1663,0.17931930282271805
1664,0.0059778595103424995
1665,0.6387169622473301
1666,0.3932191128866043
1667,0.9525165312784343
1668,0.0360652842667436
1669,0.024979383481126848
1670,0.0131319944868938
1671,0.12106200567641785
1672,0.10463760821857385
1673,0.0057727387929499
1674,0.9823400195392809
1675,0.01973686592681695
1676,0.0040765039252172
1677,0.5825131998596909
1678,0.1495937179575897
1679,0.0491912524166074
1680,0.16077484469411155
1681,0.09519920222383815
1682,0.0019124576638680502
1683,0.021225420017542948
1684,0.0036258747779582498
1685,0.09545277476757419
1686,0.07282558301327595
1687,0.14340894992696013
1688,0.0758513526721486
1689,0.9983739339450142
1690,0.3297346601065243
1691,0.9474837702756129
1692,0.9864872515458278
1693,0.9846187976319796
1694,0.6210249692313707
1695,0.910310899349437
1696,0.9554091605991384
1697,0.039723445181546496
1698,0.24406378410770047
1699,0.5828662038489181
1700,0.2318612222615955
1701,0.0122082363587896
1702,0.02720098966797575
1703,0.9979723536007395
1704,0.00777598078907255
1705,0.4517522088322074
1706,0.07849880324009645
1707,0.2310953279289384
1708,0.0128735880379536
1709,0.9554609350504215
1710,0.0027101793375059998
1711,0.0819573023116123
1712,0.030265984286405798
1713,0.19733456109751968
1714,0.2017589067328488
1715,0.0028927605093021
1716,0.01304348998169615
1717,0.22645253990544312
1718,0.057438119457441095
1719,0.1679250305187534
1720,0.0026764536042513
1721,0.0335215844890638
1722,0.030945838894689902
1723,0.8590461588264968
1724,0.00408897122840465
1725,0.0624174926643368
1726,0.0128596625843081
1727,0.3790515285122448
1728,0.3755227370805728
1729,0.013807895597150899
1730,0.9872066329488611
1731,0.3743642634676587
1732,0.008711406888587049
1733,0.9867233933743556
1734,0.9754153867101246
1735,0.08298672607925256
1736,0.0622880014417732
1737,0.9984324840182853
1738,0.24101612733002264
1739,0.8222319958948445
1740,0.0156943933492166
1741,0.9745785963774967
1742,0.01138656132734045
1743,0.05095283417564505
1744,0.0140445658378503
1745,0.12718340577880916
1746,0.08792701538362235
1747,0.0038827080688145
1748,0.03371943914403445
1749,0.9796401385240566
1750,0.055438523928043
1751,0.00291384716105635
1752,0.8719176945256077
1753,0.2145836367992311
1754,0.3832551964192493
1755,0.9383699188217087
1756,0.7616396041536206
1757,0.02515816407235695
1758,0.1288213307907241
1759,0.01273114776371845
1760,0.6868486350884089
1761,0.0146721860859278
1762,0.8709211664484764
1763,0.2338475091982546
1764,0.0640722168234415
1765,0.07798812392933124
1766,0.02627119250321805
1767,0.8817152585233488
1768,0.986807980222518
1769,0.0035230751563224503
1770,0.04045039305118255
1771,0.710684657832827
1772,0.9019375301993813
1773,0.9972048990273015
1774,0.6071088218842571
1775,0.9268994920016214
1776,0.7745071402655169
1777,0.0025256387429370003
1778,0.05902791664022455
1779,0.408187627324965
1780,0.0057873265383523494
1781,0.9801444938068773
1782,0.019450845008230598
1783,0.8124217519266403
1784,0.20978107412409755
1785,0.01314894484323315
1786,0.5474933072151527
1787,0.7555110127210632
1788,0.014655497633882651
1789,0.020411783688564653
1790,0.0217825574625944
1791,0.012320504330278498
1792,0.25898768185607035
1793,0.09094841476843504
1794,0.0041001239000702
1795,0.0423658066025253
1796,0.16388081109344432
1797,0.34027550378848415
1798,0.04565361730311385
1799,0.0129255743058139
1800,0.03333373028684545
1801,0.021871144790036552
1802,0.17849091239961015
1803,0.542573743090314
1804,0.0014593337216923
1805,0.11986146823392085
1806,0.672176108599138
1807,0.0109849928221064
1808,0.08658458157143506
1809,0.030870667950732247
1810,0.015012930579645301
1811,0.01705517397366385
1812,0.2175317097716272
1813,0.061317464791387055
1814,0.2439871221532465
1815,0.06899797742685335
1816,0.06917932557652745
1817,0.3268957868108865
1818,0.031023337499814452
1819,0.05576586620247445
1820,0.9762930456059421
1821,0.01369984696768585
1822,0.19518540485552385
1823,0.30065182034809795
1824,0.0307849812568469
1825,0.9839076553790433
1826,0.0184659683924989
1827,0.9839120520853314
1828,0.0070324484074086
1829,0.12175364493483651
1830,0.3455078722843775
1831,0.05437737138759635
1832,0.04994548777754765
1833,0.987645154524158
1834,0.0790417986541406
1835,0.015301261443954349
1836,0.02269549723772665
1837,0.027158344467016052
1838,0.0169587409870479
1839,0.02412418330502825
1840,0.05557024464709215
1841,0.9735563384334609
1842,0.1060928542478154
1843,0.2055721060701238
1844,0.0090556528818712
1845,0.9734341646406028
1846,0.07408019874327165
1847,0.0383405854302252
1848,0.8916865896345936
1849,0.3846253375631896
1850,0.10929854625815294
1851,0.04970809388799735
1852,0.07383310031524175
1853,0.0486885920561457
1854,0.07036116657244995
1855,0.016682560733050397
1856,0.9404804919003429
1857,0.013106816330246799
1858,0.03217191702697235
1859,0.1610573418573891
1860,0.10393437896708535
1861,0.0147410993527902
1862,0.1804804121469128
1863,0.005426868350376
1864,0.7957907341321615
1865,0.007930248349107851
1866,0.0563484867431457
1867,0.05887425804728805
1868,0.39850835778760324
1869,0.9881380974406415
1870,0.0561808492350247
1871,0.34575470342870496
1872,0.10309590498577534
1873,0.0247582445518697
1874,0.6082983243220133
1875,0.31332295358415785
1876,0.03919576147642315
1877,0.0118827110609461
1878,0.0096113634142836
1879,0.09735825675278315
1880,0.1037921000091665
1881,0.12671382390863717
1882,0.005902421311341249
1883,0.9935985658043374
1884,0.9676244964987314
1885,0.00405133896381085
1886,0.2927895160381757
1887,0.33092874845668635
1888,0.04645240520192
1889,0.0029638043096306497
1890,0.0076300257783167
1891,0.3770781710808009
1892,0.7883784730973646
1893,0.9042176418948092
1894,0.0933958543700742
1895,0.0220582693042789
1896,0.9416804103482346
1897,0.0025218094188977
1898,0.8814416459659532
1899,0.0271794875065623
1900,0.07588119313643396
1901,0.2612642699641101
1902,0.1283342736084888
1903,0.035671748377787554
1904,0.08455957980171586
1905,0.0381112091152854
1906,0.9987929189897036
1907,0.05021106395249805
1908,0.0052779610755081
1909,0.2144428177193206
1910,0.9821309761420591
1911,0.06649115858844595
1912,0.0515166347518116
1913,0.7580522653107683
1914,0.08442702056563561
1915,0.9771475152194321
1916,0.08563230402275825
1917,0.984532684424136
1918,0.5704231595578908
1919,0.20471199835194548
1920,0.2119110345617335
1921,0.963606817176414
1922,0.2303220042596025
1923,0.005172312929439
1924,0.8668092224754902
1925,0.20319080076724474
1926,0.9512765617528894
1927,0.9561429478288859
1928,0.4234018757161483
1929,0.2434558902487849
1930,0.9416275626629927
1931,0.019192767656192447
1932,0.05602504992294765
1933,0.137954952292987
1934,0.269318933949397
1935,0.9770933329398201
1936,0.1396233701278965
1937,0.0251289218136871
1938,0.0597302006249317
1939,0.037417370130793354
1940,0.48327504219577433
1941,0.00877431704390495
1942,0.9137046018466032
1943,0.4277148463789344
1944,0.010034126427304
1945,0.0033177227205919
1946,0.29475803503229303
1947,0.0736512473795765
1948,0.4211022472129251
1949,0.00603726297178975
1950,0.40428650499617624
1951,0.9410615013708306
1952,0.9448766434470139
1953,0.20491193190338142
1954,0.059493723631107
1955,0.02034127032083595
1956,0.0336448219166332
1957,0.8730925290078717
1958,0.2594960705595065
1959,0.06532943622211826
1960,0.051708022637400555
1961,0.19132565730054907
1962,0.16901824816814226
1963,0.13195293765265795
1964,0.1240664463458529
1965,0.076816608296133
1966,0.9757532337867728
1967,0.034097918967565505
1968,0.03572006416889405
1969,0.15492303236127508
1970,0.15642277066251595
1971,0.980751823811248
1972,0.7262222954041089
1973,0.052012684125681996
1974,0.9034958361960352
1975,0.6742382272725336
1976,0.01911027416145685
1977,0.9810619631070352
1978,0.034911330140628
1979,0.9979615293392587
1980,0.9597566879523922
1981,0.5314716791897576
1982,0.2317586445382261
1983,0.047388615990297
1984,0.38963992341890874
1985,0.0578451039991153
1986,0.13774057737233275
1987,0.504682967415857
1988,0.0033958544425878
1989,0.05432058655044705
1990,0.32487052118555426
1991,0.9673437430944184
1992,0.10025059151127
1993,0.0073091440121206
1994,0.9179028985242408
1995,0.49344724287174707
1996,0.36752666506373666
1997,0.489983870356523
1998,0.5635858638533984
1999,0.9260618067189363
2000,0.16515937880835285
2001,0.04194613598329355
2002,0.05401356662394355
2003,0.9788811274459894
2004,0.0341647528516074
2005,0.0459377756728513
2006,0.9709398602990633
2007,0.0511018554743885
2008,0.23180806941882437
2009,0.10066304006599061
2010,0.9541635468329039
2011,0.9177370955401868
2012,0.7277723724247748
2013,0.8678444641555108
2014,0.9812661597542636
2015,0.0072133470895242
2016,0.8928794961367044
2017,0.7956360585268429
2018,0.00430164450155755
2019,0.08945379541218285
2020,0.004615604824196
2021,0.8759554068620709
2022,0.40641757942341733
2023,0.3935486081227424
2024,0.98520771946054
2025,0.8509374931948379
2026,0.6913727237446394
2027,0.01007354332251965
2028,0.11364100157134314
2029,0.00220556852104755
2030,0.9785855458110044
2031,0.18674818870796656
2032,0.9886681955625404
2033,0.4780582195723615
2034,0.9591045378809433
2035,0.9914611110964152
2036,0.06872940281982605
2037,0.012948991863238751
2038,0.03760612117040435
2039,0.995599716422866
2040,0.00429313536832315
2041,0.5202597680336774
2042,0.2286651495044869
2043,0.9849837178315903
2044,0.7970475643682271
2045,0.00341617285263765
2046,0.00804485742488635
2047,0.1934013181206708
2048,0.07512632268519995
2049,0.9598215871488389
2050,0.960045146856279
2051,0.7281878882095092
2052,0.028563168158962052
2053,0.22544140656102896
2054,0.7942329640983206
2055,0.005606672738208101
2056,0.017152612092188803
2057,0.8390448876788312
2058,0.003273029111378
2059,0.01052375294772585
2060,0.02645747146285955
2061,0.32452621606082754
2062,0.1373933041463225
2063,0.03853417846726225
2064,0.8423890886934962
2065,0.8357931433876191
2066,0.2879849800045434
2067,0.9816656213529875
2068,0.7359672558213557
2069,0.3563062334150706
2070,0.16457787940749624
2071,0.4722992072180491
2072,0.3321433628692641
2073,0.0061625820648682
2074,0.09258230042336925
2075,0.4359808531462578
2076,0.01754150683523375
2077,0.1189030039147766
2078,0.009070636020787299
2079,0.026129748701026752
2080,0.011163682970095599
2081,0.6017181696096194
2082,0.2100971995845976
2083,0.02104595558952955
2084,0.7514377056201804
2085,0.072237043800633
2086,0.01887333818618595
2087,0.03649848826330445
2088,0.9793930555774878
2089,0.0498731572439981
2090,0.702217497359525
2091,0.1101809549065737
2092,0.0182408256870066
2093,0.018016832263313298
2094,0.5096445586927918
2095,0.9983907130879888
2096,0.2503012603650143
2097,0.005598960810374649
2098,0.5258072369269242
2099,0.48045877359651357
2100,0.9900226015512337
2101,0.023119591371338
2102,0.7811461410246803
2103,0.14080958677836594
2104,0.02769113645692355
2105,0.0047721196787018
2106,0.02989654554144755
2107,0.8408464604941763
2108,0.0171133667310768
2109,0.0088128693390499
2110,0.01204353029324045
2111,0.6460816874815214
2112,0.03433281752712035
2113,0.45275607716956234
2114,0.33226116007334394
2115,0.14770108251439965
2116,0.9464407582384133
2117,0.9126607007876932
2118,0.0062599939658188
2119,0.9483579943022022
2120,0.16324039375649524
2121,0.0320847191431923
2122,0.18965427017308506
2123,0.9268278670860315
2124,0.012859751412615451
2125,0.8030047313142357
2126,0.0660663791892453
2127,0.056186712176887504
2128,0.05099549373548055
2129,0.11399376862356025
2130,0.034788815485220545
2131,0.12501106573248325
2132,0.9703535168792888
2133,0.0327031588810002
2134,0.01261833276098515
2135,0.174264103839717
2136,0.00755318898855325
2137,0.9936360370596447
2138,0.00560035453849805
2139,0.06551875948071355
2140,0.01809789464865355
2141,0.2707055350726265
2142,0.16661177342597686
2143,0.7669138615460841
2144,0.8351517692336117
2145,0.9054095992594058
2146,0.3601475145703724
2147,0.9960419911884952
2148,0.01226087858915825
2149,0.9785196187520029
2150,0.4222799735053822
2151,0.9311949617075369
2152,0.7677406898685453
2153,0.18087496054887395
2154,0.0391237168334398
2155,0.1640727838884895
2156,0.9700600564506527
2157,0.0086514919641188
2158,0.5937195867295821
2159,0.8877160211875237
2160,0.7709472370277399
2161,0.007850290930278801
2162,0.15661192295684473
2163,0.020291126391213
2164,0.06493062730181015
2165,0.18226339717917567
2166,0.2098020380668077
2167,0.3090977310972211
2168,0.055388630117149146
2169,0.05803931213441685
2170,0.9369280801518025
2171,0.01777549524823175
2172,0.5245370415713971
2173,0.9717856405528277
2174,0.2198784789356727
2175,0.01776740629487605
2176,0.0753610295094447
2177,0.0257362980307715
2178,0.0496945437738022
2179,0.057788417382129253
2180,0.905498052004464
2181,0.01646029961726975
2182,0.0050811677493329994
2183,0.33555722834913293
2184,0.05373258764323925
2185,0.084597716316312
2186,0.35737025468342676
2187,0.036214730129480996
2188,0.062752261606282
2189,0.4891149866925856
2190,0.0033431154180143
2191,0.9769383993119968
2192,0.9459411979030901
2193,0.0363426265938992
2194,0.0250470749950324
2195,0.04731359340157025
2196,0.07046099449514935
2197,0.9637783786702498
2198,0.8990265265319942
2199,0.02820914166723015
2200,0.0134636735309071
2201,0.10872673197211954
2202,0.0065272780969348
2203,0.9471713342620443
2204,0.9173522707097811
2205,0.5394664070632255
2206,0.2928251027905808
2207,0.1394557879955125
2208,0.9346547929400015
2209,0.32369808640458053
2210,0.1428289940147877
2211,0.0411499785802163
2212,0.6231943359615085
2213,0.0078945958555151
2214,0.01197054281459155
2215,0.0108850738455878
2216,0.5472532599512594
2217,0.17571268898522419
2218,0.03991745369150075
2219,0.0046101761908813
2220,0.0076555430315786
2221,0.03060134689654395
2222,0.00467956750491295
2223,0.9512743130054933
2224,0.2063045457797755
2225,0.00556949078553985
2226,0.27733984328486283
2227,0.8106051519216181
2228,0.26171554139537223
2229,0.00290803901140395
2230,0.7779924923273662
2231,0.0361619330535909
2232,0.3760371265897528
2233,0.00684454737954785
2234,0.9614032759502324
2235,0.061552352979526395
2236,0.32399608715727723
2237,0.05509778524886205
2238,0.2108553896681276
2239,0.7897891156764859
2240,0.3768114683787118
2241,0.0088032273504926
2242,0.00844892711723215
2243,0.1516669622012501
2244,0.00230422060929055
2245,0.0075915832437036
2246,0.0774218776734801
2247,0.0385571000596593
2248,0.053815552131272745
2249,0.5392419325778437
2250,0.03196800077857815
2251,0.39958243098372737
2252,0.5865662110574894
2253,0.975451900530464
2254,0.01548482155642705
2255,0.03564727828307575
2256,0.1955502003170864
2257,0.00879068801746645
2258,0.01288135959203775
2259,0.028539972962817052
2260,0.36493482280771716
2261,0.5405579786189154
2262,0.855575854804032
2263,0.3275467804419344
2264,0.05080007804207655
2265,0.00529003837811735
2266,0.4635704105278434
2267,0.9564666156533355
2268,0.13563107492390358
2269,0.36291942063916316
2270,0.081447175788648
2271,0.26656926867660063
2272,0.08672855259676415
2273,0.9839235188852253
2274,0.9159773435190313
2275,0.0018844228762170002
2276,0.043943717132691504
2277,0.9649791700350498
2278,0.6981421706204022
2279,0.03101480301492465
2280,0.036969141093732
2281,0.2961344825603329
2282,0.0697671487850085
2283,0.1247169881608251
2284,0.6119838012374514
2285,0.0521497061602096
2286,0.980153570600481
2287,0.062252172402559654
2288,0.00667909682671765
2289,0.00769742868251565
2290,0.0079817735029597
2291,0.9244331819874358
2292,0.23557691870170838
2293,0.023518642507035697
2294,0.0530515905495124
2295,0.969630130517442
2296,0.8755149422301749
2297,0.21731877980836034
2298,0.01057737526457185
2299,0.058230677267417694
2300,0.026732952975516554
2301,0.038709156601459654
2302,0.057409829525760805
2303,0.22623390991354886
2304,0.8328529745982357
2305,0.05244243749208875
2306,0.07440175398955245
2307,0.16671614283363614
2308,0.1268920686161577
2309,0.0032022050715457
2310,0.013438926155603551
2311,0.0052505146295321
2312,0.00544663261908315
2313,0.00888132449375515
2314,0.9793582770734455
2315,0.07602681441738515
2316,0.0748356196398553
2317,0.8309254024445709
2318,0.15758370663240234
2319,0.00308252118140705
2320,0.09926459349827446
2321,0.9986122943450284
2322,0.5122901524530286
2323,0.1543548531182293
2324,0.9365357462964469
2325,0.13685040341310656
2326,0.5567528390922518
2327,0.0046888567053438
2328,0.9886857356384768
2329,0.1780387932856034
2330,0.0409386566666934
2331,0.0030592180114899
2332,0.07968536924878969
2333,0.9867375745008293
2334,0.0022296505718075003
2335,0.1328590909668978
2336,0.03131211251152455
2337,0.9825555297965144
2338,0.08116711728625581
2339,0.9814102275084009
2340,0.030847566161842803
2341,0.0087166340677637
2342,0.2767920138527482
2343,0.9880701590436861
2344,0.06907720805739706
2345,0.01438873116434415
2346,0.04362088997753225
2347,0.4589409104847516
2348,0.00168461412040365
2349,0.40470533965176847
2350,0.12152011497225056
2351,0.9137886555488054
2352,0.6170833751341924
2353,0.976955719822518
2354,0.01194294800486775
2355,0.09821887362767505
2356,0.23291477637691135
2357,0.9554969056408487
2358,0.0273951897333767
2359,0.01263368575247555
2360,0.21813591605126226
2361,0.1833964963225569
2362,0.0119220816606917
2363,0.0820191205364905
2364,0.01681868685924765
2365,0.6406577776393001
2366,0.7437172891946437
2367,0.0836863222915741
2368,0.014211336318301251
2369,0.015149761263563998
2370,0.10031471086855415
2371,0.9910675510494964
2372,0.31317957249371353
2373,0.02252072687264375
2374,0.0024639414581096
2375,0.9177099946325593
2376,0.02786610352073625
2377,0.2687372018327123
2378,0.9274350727909682
2379,0.011365327134936948
2380,0.0151843094366823
2381,0.01553690015569445
2382,0.7472003891937709
2383,0.5323909945946002
2384,0.9337438242346239
2385,0.319824840325852
2386,0.0602058843468541
2387,0.13193727971610064
2388,0.9902966292044432
2389,0.0065068920230422
2390,0.158618138399805
2391,0.23912844461214783
2392,0.01839319902050235
2393,0.0536686542951829
2394,0.6091230709069768
2395,0.1099858794905821
2396,0.0361561296088098
2397,0.6895071595263076
2398,0.027287613422992803
2399,0.23916900542223424
2400,0.009212653589982
2401,0.02820618586368365
2402,0.08256368959421581
2403,0.1673263000221119
2404,0.9680219237070591
2405,0.07141467081791794
2406,0.06716094712006734
2407,0.634852858799488
2408,0.372988276436219
2409,0.0766402418722257
2410,0.06681095679274124
2411,0.0227552785229969
2412,0.0059619785785512
2413,0.9702691429188504
2414,0.00836959402887915
2415,0.9901657063064335
2416,0.5927569691942076
2417,0.9048070876403275
2418,0.019318887263465298
2419,0.037878668122206055
2420,0.9875867305887518
2421,0.15947832247894506
2422,0.00327166808074455
2423,0.0199538361974725
2424,0.020641903113388198
2425,0.54845291171601
2426,0.8698431886524061
2427,0.9986958467575396
2428,0.0034601261053387
2429,0.9500143800552813
2430,0.5431389758682061
2431,0.4710596769212922
2432,0.956563037695328
2433,0.09564585892138469
2434,0.06329270115527486
2435,0.10930606881323655
2436,0.2326460077261447
2437,0.9680038513187009
2438,0.1325500224711505
2439,0.1400755365286356
2440,0.3257720242498115
2441,0.9967148242764103
2442,0.21995239178368706
2443,0.0881996231515304
2444,0.8753036402507339
2445,0.17600387456114858
2446,0.4746447338755716
2447,0.053294605646624305
2448,0.015322230388616801
2449,0.863677055269318
2450,0.19368070656859743
2451,0.0109695216179368
2452,0.4390578206811361
2453,0.5216772962737359
2454,0.02085871490334525
2455,0.23658020481607972
2456,0.0046873706124552
2457,0.9823781314412626
2458,0.21997675003376949
2459,0.8981588763625337
2460,0.05038615088341265
2461,0.0071660233619154495
2462,0.01565279744663145
2463,0.9109866298738114
2464,0.004968503053997949
2465,0.01083873896049785
2466,0.03731610204749195
2467,0.03298053147741585
2468,0.95664835323116
2469,0.611102447429282
2470,0.9924110105753983
2471,0.010696969465067551
2472,0.0849051275820452
2473,0.01824037487285285
2474,0.0033491314631482
2475,0.0044816176531821995
2476,0.72235910995878
2477,0.0462552141185412
2478,0.0085881955717119
2479,0.27847464915981
2480,0.9808002115665619
2481,0.026858745949705998
2482,0.215989147147077
2483,0.5359977614169122
2484,0.0079632611356202
2485,0.8850202652376713
2486,0.0816861324590035
2487,0.9718903564734318
2488,0.46623218340076494
2489,0.03897135749070435
2490,0.28311523114268033
2491,0.0020179587861073
2492,0.35641151779835595
2493,0.42277422243952295
2494,0.01773244256591435
2495,0.6233916751588777
2496,0.0397048442303174
2497,0.11197966337847134
2498,0.11077485102256004
2499,0.998351344278235
2500,0.01746823602091685
2501,0.04475470224151455
2502,0.023957039708371097
2503,0.1742919672547753
2504,0.9966851729492372
2505,0.08321306930445571
2506,0.08974431364189506
2507,0.4560989783962651
2508,0.1071740506433208
2509,0.0329710845590859
2510,0.0384521659921047
2511,0.1645589192262433
2512,0.0374128234492031
2513,0.065207460380904
2514,0.12604849643583893
2515,0.0694470542606869
2516,0.044805035803452256
2517,0.7160936924023638
2518,0.1879171457939899
2519,0.2155641892787793
2520,0.02835733742778725
2521,0.21496875464892046
2522,0.24379657504818625
2523,0.07516024643479885
2524,0.0123592485981148
2525,0.06675556241207875
2526,0.058370715001040005
2527,0.37981551371421585
2528,0.23452092207808084
2529,0.0787428147120788
2530,0.7985418600996974
2531,0.01395568993251325
2532,0.9147543850088982
2533,0.1570644285533882
2534,0.03293404369665445
2535,0.9868902115526327
2536,0.0946275784164177
2537,0.02959035011762035
2538,0.0158776491134101
2539,0.5849480219099279
2540,0.06100865244138805
2541,0.2036805423342582
2542,0.14535223330534264
2543,0.19055515320395774
2544,0.9865023019032222
2545,0.00359721071007125
2546,0.3897378435956905
2547,0.01587655960285915
2548,0.3582366162224566
2549,0.0015454856037893
2550,0.8993928653493151
2551,0.4544773892878989
2552,0.033783979801787906
2553,0.01631842003974575
2554,0.0030343485374765
2555,0.8638850808207053
2556,0.9698307347322213
2557,0.20998901977939743
2558,0.02203110406804355
2559,0.2091302442289117
2560,0.17068086105138308
2561,0.012349161728000449
2562,0.7278824082979067
2563,0.20175984012089065
2564,0.9059022696805177
2565,0.9089730630488371
2566,0.0671063222277412
2567,0.9766246479497231
2568,0.1814934918997187
2569,0.003365224087267
2570,0.02746441276675915
2571,0.5188299505460607
2572,0.04805896546536695
2573,0.0591265054868368
2574,0.0151308944069203
2575,0.9314679825424876
2576,0.9978459540222318
2577,0.07136171655042355
2578,0.01276738937104685
2579,0.34067399042938384
2580,0.1215426710522138
2581,0.952690120505638
2582,0.0337438481845421
2583,0.1398585679245
2584,0.15095917548144674
2585,0.08090500768806375
2586,0.01603878234893795
2587,0.09396101735272795
2588,0.8645433220621747
2589,0.0083932294066007
2590,0.00523831310228505
2591,0.052275621073037
2592,0.11271304076814401
2593,0.14944827501217312
2594,0.17361096393286066
2595,0.04233553865418735
2596,0.0520768624568231
2597,0.9551722098136413
2598,0.9600356150010585
2599,0.09164848189123205
2600,0.17368569624957725
2601,0.0321065759523032
2602,0.07486134469936495
2603,0.984011055731477
2604,0.9210183553567108
2605,0.06079474839193705
2606,0.13223349537870244
2607,0.2628361985710864
2608,0.9933370026709976
2609,0.059585939458746254
2610,0.9667991463839788
2611,0.9211198431867924
2612,0.0043761775247461
2613,0.5080094177740105
2614,0.00428038774934885
2615,0.00903531319725235
2616,0.01224312698933285
2617,0.01910965993841275
2618,0.006800165910713101
2619,0.9811720515022047
2620,0.0452067649052718
2621,0.9428718031933817
2622,0.17879505664086384
2623,0.02772158139771595
2624,0.0889467988856516
2625,0.023656860818336747
2626,0.8236226347519127
2627,0.0038230021313617997
2628,0.22170993716391435
2629,0.9535287643852555
2630,0.317585223984745
2631,0.8026332242866847
2632,0.9653701219666138
2633,0.3343241941850808
2634,0.9756540030753167
2635,0.6574724217167922
2636,0.998451754478488
2637,0.2007661134961315
2638,0.019422759624769748
2639,0.05661650336060025
2640,0.00575966498238085
2641,0.0194580746689091
2642,0.41797680515107427
2643,0.9973839336854677
2644,0.9381037010997594
2645,0.0027969840768764
2646,0.0018306681669970999
2647,0.39189280229353707
2648,0.0072646473820438
2649,0.9112454761217343
2650,0.13840833101949102
2651,0.029474587723203098
2652,0.7410806248032433
2653,0.6758461431745525
2654,0.021582427937245498
2655,0.043559346051032954
2656,0.1033271304718095
2657,0.7892777729137983
2658,0.5351729402611911
2659,0.2392426926917905
2660,0.9748152273133286
2661,0.0064329085787517
2662,0.00522210510187335
2663,0.01312492836215905
2664,0.01725445202667355
2665,0.980856357020648
2666,0.9720521649255314
2667,0.11638351878885835
2668,0.42171566304020514
2669,0.3964479792750289
2670,0.6185335689765095
2671,0.20921158907160237
2672,0.08817474993543176
2673,0.0497014064251812
2674,0.05845720804062145
2675,0.0466345725528722
2676,0.9746763726233441
2677,0.9972844997759548
2678,0.09705079528408575
2679,0.04397415647982375
2680,0.9753511430837076
2681,0.0077496632743849995
2682,0.00273835276156135
2683,0.5784192381254911
2684,0.00251897275361685
2685,0.32749807665061614
2686,0.9238636953536052
2687,0.0167799914438114
2688,0.8328227485900885
2689,0.08528872249361455
2690,0.0122021983412376
2691,0.0405092055728993
2692,0.007465642898365
2693,0.20029176681819566
2694,0.09238041268016714
2695,0.0811508142520436
2696,0.10245189724162046
2697,0.9948583464032208
2698,0.34727396338826866
2699,0.0579308953310677
2700,0.2219852273869431
2701,0.9312912893377313
2702,0.9381105014243785
2703,0.9650427633757522
2704,0.8990209472302291
2705,0.249216971746165
2706,0.0488348197832707
2707,0.9986279584875782
2708,0.0049593500867214
2709,0.9192391370621686
2710,0.39618600247790137
2711,0.0144159647920865
2712,0.04412710569979505
2713,0.020434462302427
2714,0.9299718546479789
2715,0.0868946081851126
2716,0.0020937882869044
2717,0.9445481953113107
2718,0.1659354822344263
2719,0.14674046975741228
2720,0.4791955213718334
2721,0.040467178433437
2722,0.979123701917916
2723,0.020253973897866852
2724,0.2147616977463764
2725,0.0039391927533955
2726,0.8848759711124512
2727,0.9252494139229378
2728,0.00956910961710995
2729,0.568132867010037
2730,0.34058569632343016
2731,0.020117357433120098
2732,0.40972181585450773
2733,0.00756825854366365
2734,0.01583641749375605
2735,0.015091469259324551
2736,0.3272222722160445
2737,0.0149423595124331
2738,0.6606583561190984
2739,0.1919397451839875
2740,0.8305194263596696
2741,0.998415021755595
2742,0.9971148647109609
2743,0.0736819491090678
2744,0.26012364129352905
2745,0.9340367336845141
2746,0.9613568236720869
2747,0.6715762725621404
2748,0.06761909096396335
2749,0.0632954575889662
2750,0.013542918621626
2751,0.0561946458796425
2752,0.1177135506913913
2753,0.0734679868903948
2754,0.056615289324049245
2755,0.8005618959922196
2756,0.30232415661799555
2757,0.08863801449488334
2758,0.08010870735976935
2759,0.11062022586485065
2760,0.22860666576440808
2761,0.8129291145848944
2762,0.9657187229774724
2763,0.42395169268913624
2764,0.028657584364492797
2765,0.14313408635742925
2766,0.07938911688690956
2767,0.6122814224362655
2768,0.0097862337421883
2769,0.9736309416670124
2770,0.035640064644102395
2771,0.033598585649417645
2772,0.11596501078731025
2773,0.8634631042247503
2774,0.1155692721898821
2775,0.19060653209090817
2776,0.4781633405818261
2777,0.04281112994400945
2778,0.08652463940970931
2779,0.03689726085446375
2780,0.5013374067572516
2781,0.7296822032350516
2782,0.0039547529195904
2783,0.00257407217925785
2784,0.0510179668545534
2785,0.0116712993018353
2786,0.00447532850510635
2787,0.0037637326578548
2788,0.038589989052234694
2789,0.026639769491967
2790,0.006826475639818251
2791,0.0124353646387284
2792,0.815722338267157
2793,0.9226960264918264
2794,0.37463381993768785
2795,0.18487577065457825
2796,0.00795773186334685
2797,0.0276069602669968
2798,0.6041842709497574
2799,0.922881989268338
2800,0.05049478171353655
2801,0.895961227007558
2802,0.04153286776506815
2803,0.9696011703460764
2804,0.0219924788462875
2805,0.0299667683214714
2806,0.038680629214953396
2807,0.033147389883503145
2808,0.079738890372263
2809,0.15185506011453442
2810,0.0140063140725322
2811,0.0028436134553089997
2812,0.973562153936069
2813,0.03238805188749365
2814,0.0036553201197239505
2815,0.766984770158365
2816,0.0575718642884416
2817,0.033285721514282995
2818,0.603326310940167
2819,0.9727165845630246
2820,0.8988860561087566
2821,0.02044715171019305
2822,0.1219961932925981
2823,0.37774528916901295
2824,0.2618934570926653
2825,0.05221801604955635
2826,0.9834942514754126
2827,0.03533176733336435
2828,0.0318325828604527
2829,0.8689744699679065
2830,0.0307830607111254
2831,0.0329363435679033
2832,0.06181684993874979
2833,0.7784815249597044
2834,0.9766084018265823
2835,0.019129294199965098
2836,0.0233707725440919
2837,0.06499458315027376
2838,0.04068233617803045
2839,0.053765517401972246
2840,0.02356282250101365
2841,0.9944940723459701
2842,0.9909605490469645
2843,0.9240575451745927
2844,0.02002287434946675
2845,0.018311022507550748
2846,0.2115335181219531
2847,0.01458112521696325
2848,0.0158009866677556
2849,0.0191299621845867
2850,0.0603698265131987
2851,0.8523899765065155
2852,0.01238055970629405
2853,0.8961249713677057
2854,0.0024619661220913504
2855,0.5712760301692107
2856,0.00676875221907185
2857,0.11877541000523284
2858,0.00927602458966355
2859,0.09628624177469075
2860,0.015143760606110099
2861,0.08147263701874424
2862,0.5654887745666202
2863,0.02217899828694845
2864,0.5096668516379605
2865,0.946720675250617
2866,0.00823532626232955
2867,0.0675818334366434
2868,0.00275329153936555
2869,0.1070171185531455
2870,0.0244618189554068
2871,0.0179941097474879
2872,0.2537748765909329
2873,0.1110531986100328
2874,0.041879798962763004
2875,0.04038786958382515
2876,0.02269587701620665
2877,0.042034562426638
2878,0.28018408443119724
2879,0.11852313575698345
2880,0.9445631329082831
2881,0.44978082096744454
2882,0.2504884979992638
2883,0.0088269216814128
2884,0.7833086100887201
2885,0.9575797802488997
2886,0.9974988272844734
2887,0.8222747709147069
2888,0.1263023462012765
2889,0.0413796438942379
2890,0.39314044461669373
2891,0.9902830606741374
2892,0.0024221625344793
2893,0.4692209574439526
2894,0.2238660572390793
2895,0.9523314858809817
2896,0.05142778502983805
2897,0.0069760698740125
2898,0.5657585534349489
2899,0.0586172317958428
2900,0.0796727723846816
2901,0.0375978201369285
2902,0.18559753362034975
2903,0.00246417831150595
2904,0.021541211674892452
2905,0.5371308847139933
2906,0.19036122935371805
2907,0.0023023626226402498
2908,0.1209610668724245
2909,0.0092164751871355
2910,0.5574945323316383
2911,0.08217399034732484
2912,0.565563680144042
2913,0.02243349852386325
2914,0.9769960772468108
2915,0.10738896836660915
2916,0.5277169631014904
2917,0.06644351624237199
2918,0.6151347551457371
2919,0.11164736703046604
2920,0.030591575172381452
2921,0.12689611355413344
2922,0.07338557125287601
2923,0.0112055541992814
2924,0.6233275313129965
2925,0.8458364781058862
2926,0.6195532090738222
2927,0.143103357493647
2928,0.821190757768514
2929,0.9678741157220476
2930,0.0719871751221072
2931,0.9963806846320846
2932,0.9742926188023233
2933,0.10803462087048629
2934,0.01197303320616575
2935,0.42209521350075685
2936,0.00513396263119295
2937,0.0333350760827623
2938,0.7344074537362775
2939,0.9610499273076656
2940,0.4146965075698079
2941,0.00545622621298735
2942,0.9147593451293741
2943,0.018058944109411598
2944,0.45583001034863485
2945,0.06890450189040026
2946,0.060552612443279155
2947,0.0337570741753156
2948,0.08388470624250374
2949,0.01186692925683565
2950,0.03498814235563325
2951,0.00720000388214085
2952,0.5779486048461077
2953,0.9727590900025752
2954,0.04774292783455335
2955,0.0195557716159952
2956,0.9611663598678384
2957,0.44664155419707197
2958,0.036914134536398746
2959,0.2359154326932335
2960,0.0177826733057073
2961,0.00346240998426615
2962,0.6913660313567571
2963,0.09007719041207166
2964,0.7043200969313547
2965,0.9330007595666512
2966,0.04464653853410515
2967,0.2897890421088162
2968,0.014431579039511401
2969,0.29743482310800456
2970,0.01886370405009095
2971,0.06025142247760705
2972,0.01676663064323915
2973,0.27844911132165445
2974,0.8584440376718564
2975,0.12813620916165455
2976,0.07903237821911685
2977,0.9839539126436767
2978,0.00357026201137995
2979,0.0434961781044681
2980,0.012594971273001
2981,0.032641572301558605
2982,0.6947242769289195
2983,0.8263541146382347
2984,0.07775034040295159
2985,0.1633842168025017
2986,0.03995114070409375
2987,0.0239558618084824
2988,0.02621835981001125
2989,0.047046661531728096
2990,0.03792611040126205
2991,0.890077270349578
2992,0.9515036666708293
2993,0.18141751469841666
2994,0.20336818386803956
2995,0.02484362067410495
2996,0.1007113100554089
2997,0.18538734019351194
2998,0.10259644334114355
2999,0.6792117142260659
3000,0.11694736064216404
3001,0.00244828356528625
3002,0.9733568937208679
3003,0.0030211657436231
3004,0.3623739150330595
3005,0.78658788480558
3006,0.13447936264118085
3007,0.13678225696348606
3008,0.39633303451094093
3009,0.12810858382603885
3010,0.00955036569090565
3011,0.0339908465428545
3012,0.9608845441752308
3013,0.15428136764613554
3014,0.0024604668664485498
3015,0.0026460558286064
3016,0.00900670775583665
3017,0.8507571381216623
3018,0.01461220970376
3019,0.4911373131125691
3020,0.059349374383506945
3021,0.32529314169683105
3022,0.9656500439316815
3023,0.0061839470945025
3024,0.06867038217257096
3025,0.1642366977158011
3026,0.9152452846640022
3027,0.106844432666793
3028,0.26902595827500764
3029,0.16739600009572403
3030,0.016166342189779498
3031,0.00767262963792365
3032,0.039522373187678456
3033,0.596903894670827
3034,0.21769333159340076
3035,0.35546520606395293
3036,0.5394137853987001
3037,0.10484274071755889
3038,0.36626300686202734
3039,0.0181801626209687
3040,0.0525508868230907
3041,0.062029229459773454
3042,0.9424001442717126
3043,0.014457539239391949
3044,0.11106367263725894
3045,0.68252665253744
3046,0.0269673732302938
3047,0.0507618712211733
3048,0.9734735528265563
3049,0.7477254857767357
3050,0.9958122713545963
3051,0.964309336138832
3052,0.0079943768676682
3053,0.8903919094824673
3054,0.09258131938231855
3055,0.0409800313645983
3056,0.7525403324566924
3057,0.00426998288159
3058,0.9955611734644823
3059,0.0016848807643072999
3060,0.9128195150468174
3061,0.9984041210362433
3062,0.12085374407459915
3063,0.37558051470874343
3064,0.05370493901887825
3065,0.00593867913274155
3066,0.5804039158624228
3067,0.09665650641635579
3068,0.6204407055866744
3069,0.0549901909573983
3070,0.00561004610757895
3071,0.0056078316580124
3072,0.0172943616346973
3073,0.2431266908838114
3074,0.46858099944924014
3075,0.1246922624135373
3076,0.0026452173776605
3077,0.9876041798266519
3078,0.9931483169503483
3079,0.0833357296165861
3080,0.0086405865380276
3081,0.0539669367092335
3082,0.8803789703163374
3083,0.0198770576853917
3084,0.4319973789428623
3085,0.5087266785171818
3086,0.05837784329577855
3087,0.0630558759781928
3088,0.04093994661585
3089,0.059322173437126396
3090,0.03412496449766395
3091,0.0684732746917074
3092,0.01105867881316365
3093,0.9081602978441724
3094,0.0091705115166054
3095,0.14091895977161223
3096,0.09219969916720486
3097,0.012892160348886
3098,0.998605570900789
3099,0.0099422393296855
3100,0.03480186651334205
3101,0.009037017897710001
3102,0.00941048436259565
3103,0.017477893375396902
3104,0.18166464331449855
3105,0.2979208874200138
3106,0.06700432235406995
3107,0.7304575568183407
3108,0.023597388978912
3109,0.00664950731291835
3110,0.00699334314566925
3111,0.0387353976538886
3112,0.0016141948711925502
3113,0.057144948265239706
3114,0.0095842335026464
3115,0.7950849682750647
3116,0.0501814905598922
3117,0.00379959817734385
3118,0.45024109241878835
3119,0.5467682726441485
3120,0.00199951658600635
3121,0.011200878046442
3122,0.015206923592434751
3123,0.986187691605005
3124,0.0285177732440527
3125,0.41899456984056216
3126,0.017573634278899852
3127,0.8319126397056316
3128,0.00461216741788255
3129,0.04316718564909195
3130,0.745048437221701
3131,0.8094668255786184
3132,0.05792356012231675
3133,0.1476303909812122
3134,0.014017113801971199
3135,0.00848212978206985
3136,0.1925391982477307
3137,0.01554663124644195
3138,0.033967019142957744
3139,0.9798198833138156
3140,0.13706373908784525
3141,0.0056935252595561
3142,0.9514435883682895
3143,0.6406776035164361
3144,0.9708569839074705
3145,0.049553617081738346
3146,0.13057072117960633
3147,0.0706873820413206
3148,0.1585027094125242
3149,0.9614789341704653
3150,0.0019097220127642501
3151,0.2641594432683779
3152,0.00468603750873935
3153,0.01541215676982755
3154,0.024079281737404548
3155,0.0191895100764663
3156,0.03167837220750865
3157,0.1761250818726981
3158,0.0048939517533044
3159,0.0480315953229479
3160,0.8061537987578499
3161,0.043450452670350304
3162,0.9396165793178932
3163,0.01564805877112285
3164,0.1607219211593073
3165,0.029894486018761948
3166,0.062085254132604746
3167,0.01641539159075655
3168,0.027353432129197303
3169,0.9613287717061418
3170,0.01207630301020575
3171,0.21198542752272043
3172,0.15239192849038705
3173,0.01658901235856535
3174,0.9334024024708204
3175,0.7440130635046103
3176,0.0020900615466274
3177,0.29789034554664773
3178,0.2167822687610932
3179,0.0037075434449467502
3180,0.10096890801264125
3181,0.033096290323035
3182,0.11658282509846671
3183,0.6366908616617464
3184,0.0032974886105445
3185,0.3271266165869608
3186,0.0474779551258037
3187,0.9734365972425494
3188,0.0176852376047365
3189,0.0217259959713737
3190,0.9984433112169424
3191,0.6925244315669885
3192,0.01219372393693615
3193,0.0647777274287199
3194,0.025251254441453402
3195,0.9175633720141585
3196,0.8391133633644678
3197,0.00809308317773495
3198,0.0045343266977692
3199,0.5255736051310562
3200,0.9936168030525747
3201,0.1233642115049493
3202,0.00677270994924535
3203,0.1043897244704382
3204,0.39207234695042503
3205,0.9458482998521086
3206,0.7310132169093568
3207,0.030070839823776202
3208,0.0868236042665482
3209,0.9644670120204133
3210,0.004002571928799549
3211,0.9757297775786467
3212,0.05101685653980405
3213,0.770123079895638
3214,0.028666062970016552
3215,0.06066778553049455
3216,0.9818288364367473
3217,0.966986377039193
3218,0.9518732249450081
3219,0.9160671729155712
3220,0.7716897174581612
3221,0.12186924527821205
3222,0.20816511746565144
3223,0.9176100741762596
3224,0.0107099902318392
3225,0.0097009610800396
3226,0.159372648015424
3227,0.9936540253359076
3228,0.9689227438375093
3229,0.7204071619914675
3230,0.035535240619818304
3231,0.012600480606280651
3232,0.2849558126065504
3233,0.2045119085217694
3234,0.17426651293654583
3235,0.03060487723285285
3236,0.3327913900200832
3237,0.9078691845738311
3238,0.0144631318883583
3239,0.4113516594306815
3240,0.03464694217797665
3241,0.024059934491497
3242,0.3500201650814586
3243,0.1011730392023544
3244,0.11421502476121906
3245,0.8187409616127057
3246,0.2442340348556428
3247,0.1884605503961693
3248,0.06624609226302265
3249,0.04171105612350985
3250,0.41561149688501736
3251,0.020061701498796998
3252,0.032447094715541205
3253,0.0065794931438226505
3254,0.25824707906078254
3255,0.01007356451335875
3256,0.0079320817185558
3257,0.0032053237554808
3258,0.8569920427581255
3259,0.0223497822174615
3260,0.7837866192336154
3261,0.22240549197366194
3262,0.0207149258844802
3263,0.5324720782472455
3264,0.0140399724311106
3265,0.20583493623290916
3266,0.15126219475546676
3267,0.8997857898054304
3268,0.9875521771145779
3269,0.042895791718665505
3270,0.14933585687041925
3271,0.9010662863958666
3272,0.24890802792907915
3273,0.04817581803256245
3274,0.00902235494894605
3275,0.18170770540652986
3276,0.30523639578043504
3277,0.34079568518470793
3278,0.9729134054252166
3279,0.6123794236649862
3280,0.1152558345366052
3281,0.005546568837073751
3282,0.08530084236597145
3283,0.0080508249401702
3284,0.9774243250212431
3285,0.012207986702045499
3286,0.645278242876685
3287,0.3615194933057978
3288,0.7107713776888801
3289,0.00387942639235465
3290,0.27914027455007084
3291,0.018230264536133002
3292,0.1226527591018864
3293,0.5857656998034568
3294,0.8506400975953079
3295,0.9019302885368343
3296,0.02272175327158785
3297,0.7714671778325337
3298,0.6919821227028505
3299,0.9387941598121898
3300,0.0025582821463589
3301,0.0466395025586917
3302,0.6663909485254869
3303,0.0088367908571075
3304,0.35478838612150243
3305,0.9982117755577982
3306,0.9931610804484867
3307,0.7813171076227459
3308,0.6491815052862604
3309,0.038421113280625
3310,0.9876445554335762
3311,0.5407184041411124
3312,0.43207900056960347
3313,0.0728248432559283
3314,0.2870319592765403
3315,0.18942913319654894
3316,0.9481657773245171
3317,0.989631022412674
3318,0.5582010023260116
3319,0.9728500595345873
3320,0.00220482258131675
3321,0.019443517743226002
3322,0.0042278218753613005
3323,0.03997765919535125
3324,0.818174644277179
3325,0.0904163158378825
3326,0.005260405415585151
3327,0.08763569940712579
3328,0.0300490510010439
3329,0.9630242694616419
3330,0.9850690077804799
3331,0.12867627530275705
3332,0.877406597291413
3333,0.6781954543810367
3334,0.1260144455742235
3335,0.9490062618864684
3336,0.9576650597342102
3337,0.8145490352021301
3338,0.4000766182763546
3339,0.05162522042236315
3340,0.9501168876226262
3341,0.9384510749760218
3342,0.4342979053650413
3343,0.022543635208369252
3344,0.6435805701153147
3345,0.3238354636537813
3346,0.9625841876031388
3347,0.7790307222889099
3348,0.6298564300035758
3349,0.012509809947421801
3350,0.0842642807486971
3351,0.48355597598834243
3352,0.7475705932252661
3353,0.020450999608400453
3354,0.00706279794834405
3355,0.35884136758688845
3356,0.013501641863230749
3357,0.2776025370063185
3358,0.00270352616882945
3359,0.025027529170953598
3360,0.0026389054118205503
3361,0.0029317339169323
3362,0.09354741761886776
3363,0.1755835431124606
3364,0.26559005138394676
3365,0.00943694658465425
3366,0.945380220503418
3367,0.08016076799657515
3368,0.12283446886980309
3369,0.0095372981126456
3370,0.663949049892713
3371,0.1961360517769986
3372,0.013570398653159552
3373,0.004366976198616
3374,0.6392634204123482
3375,0.035703768718182205
3376,0.013365673501351
3377,0.5809529459624141
3378,0.9759997787616566
3379,0.05009960597085525
3380,0.1413607726643455
3381,0.01044366968228865
3382,0.08914285355059204
3383,0.2658504036872442
3384,0.965254250253601
3385,0.9465716288343138
3386,0.01380094882591015
3387,0.012006330713188799
3388,0.3032032612688852
3389,0.12725830551841616
3390,0.3769799690866259
3391,0.9988378004119588
3392,0.002831294010689
3393,0.1365646168414783
3394,0.1298069055128736
3395,0.10512473829342014
3396,0.9567518463522718
3397,0.9925376360840021
3398,0.006122144582631351
3399,0.04112346904454355
3400,0.08575309175945045
3401,0.05626486058117455
3402,0.0253417409204158
3403,0.9347953621783559
3404,0.16452028508976047
3405,0.02367733010422855
3406,0.3661167023070499
3407,0.8516131818337808
3408,0.06619128453235505
3409,0.01529239464872755
3410,0.9915281487899017
3411,0.08335154715356585
3412,0.9758348967865217
3413,0.9188723498793092
3414,0.1292267594764632
3415,0.33409198312090443
3416,0.0124252837940675
3417,0.06495368605991064
3418,0.0108027099700458
3419,0.06846772418936059
3420,0.7531842290581449
3421,0.018570898093648848
3422,0.0520475162999295
3423,0.041574930223467546
3424,0.03594581516418305
3425,0.0279528217076307
3426,0.0576703096283924
3427,0.027725200191722952
3428,0.042551858431522954
3429,0.5553778652958539
3430,0.00293577031037605
3431,0.48696696369128756
3432,0.3488080465281934
3433,0.010594898350566349
3434,0.9652292331576156
3435,0.054873378504381704
3436,0.09150301254116941
3437,0.16908626372545388
3438,0.1701744720592251
3439,0.3117340714506487
3440,0.9266987308827233
3441,0.4607542034435162
3442,0.0040254750796533
3443,0.3601937391711022
3444,0.4944101637109244
3445,0.16035194016648807
3446,0.4816647071015058
3447,0.032785674220592295
3448,0.0324017082111196
3449,0.03396064275843265
3450,0.051598907993776644
3451,0.0187031015533425
3452,0.1965123974396896
3453,0.8464720085852526
3454,0.9979649196779983
3455,0.8787032416190221
3456,0.46550677920820027
3457,0.1126873010743184
3458,0.2681049767347768
3459,0.0024417256069029503
3460,0.0884500413283255
3461,0.977863010743693
3462,0.3103928493930268
3463,0.0357090459227752
3464,0.0114129648761699
3465,0.0325173042081299
3466,0.006864756387975349
3467,0.0084717623632323
3468,0.13968582740849383
3469,0.8996080583945656
3470,0.0084818528783663
3471,0.43934780331354595
3472,0.0247653075547026
3473,0.00699390534267165
3474,0.004732090299574301
3475,0.5943445483024401
3476,0.0900120505904051
3477,0.030334600775269997
3478,0.0076679542063105
3479,0.9753601004410772
3480,0.9684618576382209
3481,0.0454612864567395
3482,0.1036756562454645
3483,0.8187696502648234
3484,0.005824482758136551
3485,0.7817080560149775
3486,0.9811441298508896
3487,0.03596485906399105
3488,0.01577823563473955
3489,0.26446352002895296
3490,0.0343989455672646
3491,0.03413323777060845
3492,0.11020939388497536
3493,0.060212067014590046
3494,0.27542831522839945
3495,0.28455058128577293
3496,0.5523092782233858
3497,0.7816653552728594
3498,0.0016116518001073
3499,0.3770468439878145
3500,0.9647997802076538
3501,0.7649014003675965
3502,0.0160805708156491
3503,0.0586210353714664
3504,0.0655332580474347
3505,0.00419379564738525
3506,0.017383523721165403
3507,0.11359729926270125
3508,0.7493554165106038
3509,0.0160988881434394
3510,0.00649436639526265
3511,0.9523880523544511
3512,0.0081820826374206
3513,0.03067921549095845
3514,0.03637608367945055
3515,0.038203598277530296
3516,0.01336483296225305
3517,0.954344418382704
3518,0.5460173070913668
3519,0.9846531888850107
3520,0.017002670179171148
3521,0.027359993394864647
3522,0.26460939673960093
3523,0.1583314258746872
3524,0.29748094267393177
3525,0.16477277101397803
3526,0.2663470447766222
3527,0.01556636296921215
3528,0.046372951623355654
3529,0.6940919431960508
3530,0.02253411443070575
3531,0.0252289913545112
3532,0.989104574922297
3533,0.01721922192217415
3534,0.15103387878234276
3535,0.00928877132666805
3536,0.024614915669702503
3537,0.04295842382858265
3538,0.0084316303837464
3539,0.9576744116783107
3540,0.00409699072149
3541,0.10385809734278105
3542,0.026665705089572597
3543,0.7085052279816049
3544,0.05262805999584445
3545,0.05115859631030935
3546,0.03694186448452695
3547,0.0032488435203877498
3548,0.0050339138987513
3549,0.0249329704469566
3550,0.0229450294214589
3551,0.961193759169269
3552,0.9970286679143228
3553,0.35052894660646594
3554,0.46357670368441883
3555,0.980673271069182
3556,0.1411026706922319
3557,0.35642940700866765
3558,0.0034583411880299997
3559,0.27043924490470417
3560,0.00799958326458535
3561,0.11724302400608551
3562,0.10910178196095774
3563,0.9461207417982758
3564,0.28723470900332104
3565,0.953070771555254
3566,0.9539273892838256
3567,0.059050682683322246
3568,0.0039648297444411
3569,0.8519838953524264
3570,0.15080462887399104
3571,0.816481159748112
3572,0.7343400986549926
3573,0.00464009204176315
3574,0.01655412389015525
3575,0.5913188331802388
3576,0.9987370636958199
3577,0.01878892098244095
3578,0.9819514845700683
3579,0.9223000212032103
3580,0.29767748353201307
3581,0.008579648109559052
3582,0.5950141184109645
3583,0.0473585479674388
3584,0.9910076522136007
3585,0.33213763905198257
3586,0.7749866212061907
3587,0.0072675792379106
3588,0.10881706917340125
3589,0.988640334236712
3590,0.0490436317194067
3591,0.5011107661789145
3592,0.9023937073296227
3593,0.8980268731285268
3594,0.9808128188421512
3595,0.04136826226740725
3596,0.07992212583158456
3597,0.9127522594212361
3598,0.02183660781404605
3599,0.010104176041186
3600,0.9575386866408718
3601,0.0038655821037238
3602,0.0024090624534567
3603,0.05556128057288555
3604,0.06657870080267406
3605,0.25369926904744095
3606,0.983592635301676
3607,0.00178589909722875
3608,0.32748392299054835
3609,0.00128374457343535
3610,0.19635120617949758
3611,0.7623266208609436
3612,0.14071381101747898
3613,0.8975861865131114
3614,0.7879353719915443
3615,0.0371000480046284
3616,0.0116408707221679
3617,0.026262836095998547
3618,0.9874641346073576
3619,0.9125380618381718
3620,0.0917486223519889
3621,0.5677377123302221
3622,0.005157664751556899
3623,0.9728617771141591
3624,0.0175644754148311
3625,0.5606793290061445
3626,0.6807529979733495
3627,0.4141853571625388
3628,0.21633240422425634
3629,0.05604664031368935
3630,0.9095819694911376
3631,0.07474198909854035
3632,0.04322764464638585
3633,0.028739072127910853
3634,0.034565015861951945
3635,0.0144989334961634
3636,0.05246111121015305
3637,0.02619721952157555
3638,0.9196985761127165
3639,0.0276937786686711
3640,0.09701800458180396
3641,0.1263982296867778
3642,0.0042592955909755
3643,0.00414512113231345
3644,0.9971507358282995
3645,0.7609273966062294
3646,0.928201293379075
3647,0.11000759906097796
3648,0.5309089488087728
3649,0.9196893192649676
3650,0.0122387419371337
3651,0.00829657699785975
3652,0.00894181577380795
3653,0.0255825595589634
3654,0.6669227549795047
3655,0.3585038723849318
3656,0.01064191264530155
3657,0.0027329467901739003
3658,0.02390841070013015
3659,0.8367831129409284
3660,0.2007707912746955
3661,0.6327727250501058
3662,0.0083888895265171
3663,0.1665892224768944
3664,0.0080222966527722
3665,0.4839309977337311
3666,0.892740868074853
3667,0.0265818563253587
3668,0.876011498994155
3669,0.7284304536536066
3670,0.1197447092055414
3671,0.00516260326394715
3672,0.023898721267648852
3673,0.7161247093425454
3674,0.1188318434181798
3675,0.9626959813532017
3676,0.07127246372658469
3677,0.1246070686188899
3678,0.9717614864096618
3679,0.926899445787206
3680,0.00948597567212415
3681,0.06268084366425256
3682,0.015727517006936798
3683,0.10606230091662494
3684,0.5054320271524672
3685,0.2136189352976357
3686,0.9946258211290091
3687,0.21296951436243475
3688,0.21173551877337704
3689,0.7847818695226723
3690,0.019438504640493202
3691,0.8052692249437632
3692,0.40176589842712085
3693,0.9977001600346218
3694,0.008870186790786251
3695,0.9413717520280931
3696,0.014597013881687649
3697,0.7746046778056846
3698,0.00791255774355645
3699,0.022994554293958448
3700,0.3266345605409645
3701,0.06167489745021345
3702,0.9927903886145921
3703,0.1170274283820947
3704,0.9589172606458515
3705,0.9925341145717671
3706,0.1991611471219927
3707,0.32406336058922136
3708,0.29547510337386784
3709,0.0034583778331629
3710,0.01381630949663315
3711,0.9690534577318153
3712,0.07119713806971835
3713,0.13095013464592156
3714,0.41709494943019204
3715,0.0051765108694639
3716,0.10343113218361485
3717,0.6722032991161082
3718,0.9508913949515714
3719,0.1154029566149017
3720,0.8874573088153876
3721,0.30890240752484854
3722,0.964062275401921
3723,0.990337945069268
3724,0.01500459335166325
3725,0.11004034145959925
3726,0.0319021752062999
3727,0.18788554797564538
3728,0.2240330378521899
3729,0.4998872728813143
3730,0.9068404149664844
3731,0.01661382194901915
3732,0.12709115598655774
3733,0.05199535726049445
3734,0.0256791491165897
3735,0.2001851819849175
3736,0.0035027566783519
3737,0.00755508443704375
3738,0.993876629661677
3739,0.9651080298821875
3740,0.4763507814203837
3741,0.840032095862076
3742,0.9413486460254887
3743,0.0354702969450253
3744,0.5448729638426737
3745,0.31407563676662964
3746,0.47929382941317045
3747,0.0788485033061941
3748,0.7283093000573244
3749,0.01271008942233855
3750,0.05508271537428585
3751,0.012082806698399649
3752,0.0167828038346825
3753,0.3355962459876266
3754,0.9343593142796263
3755,0.024810841076604598
3756,0.0170591724223815
3757,0.0452965009410632
3758,0.012916546129172049
3759,0.36281804925047556
3760,0.5867223403554147
3761,0.9384904899098363
3762,0.654002974662879
3763,0.2800427022203176
3764,0.10199555698370044
3765,0.1713404890975967
3766,0.09162526803958179
3767,0.23947771339636398
3768,0.0707379363508825
3769,0.9513737539954772
3770,0.1065647463840331
3771,0.9849197924996385
3772,0.5327471383461797
3773,0.020867601954882402
3774,0.011210612075626701
3775,0.07545532578007991
3776,0.0991514583441406
3777,0.1259995859109606
3778,0.00639072606752605
3779,0.04881144528673375
3780,0.1428787854205785
3781,0.35790396057846413
3782,0.6230833706540669
3783,0.11681004732615916
3784,0.18052741297315256
3785,0.9029107430489667
3786,0.06332212524486559
3787,0.37206099469770304
3788,0.02299511180163865
3789,0.8317278348080355
3790,0.9624363263543624
3791,0.9904549126241788
3792,0.9178252374150546
3793,0.0964181341705376
3794,0.2776439102185151
3795,0.5754120780172839
3796,0.90788851930231
3797,0.07339476602913275
3798,0.18007824624072122
3799,0.0239247255056603
3800,0.0027470191729205
3801,0.035583686440274
3802,0.9845221088091205
3803,0.14729616735111525
3804,0.8158961747035901
3805,0.02077124330081485
3806,0.1242135787734677
3807,0.9967604571507301
3808,0.22429607125089807
3809,0.0776882911818012
3810,0.07811810542967079
3811,0.1164088938028588
3812,0.06562944503348256
3813,0.025785977248954553
3814,0.9538977804422948
3815,0.03203049359383185
3816,0.4273046390181487
3817,0.0714860299914998
3818,0.9604880535012532
3819,0.9321276888851509
3820,0.3800540872951813
3821,0.0801791383370827
3822,0.9089004560551157
3823,0.0405514004024524
3824,0.0494756376172518
3825,0.9988848625700693
3826,0.4134762474723245
3827,0.04787670051717115
3828,0.9034596903434575
3829,0.0607892724531192
3830,0.06422812413313825
3831,0.9983977723485585
3832,0.00563547070747615
3833,0.1340093805788076
3834,0.5320449558301789
3835,0.02619957858656295
3836,0.6861043904001123
3837,0.9978339776855529
3838,0.6377700106938275
3839,0.953455225504343
3840,0.149986769156068
3841,0.06468361446759766
3842,0.08481526527041974
3843,0.2486033853894017
3844,0.12335952445718446
3845,0.9953695697966674
3846,0.00923612172169425
3847,0.9694794398067546
3848,0.0024958443334486503
3849,0.01661148355789335
3850,0.48415476949838926
3851,0.9886453255480911
3852,0.0473209482045947
3853,0.605876809504234
3854,0.9179088922862682
3855,0.0033516016236654
3856,0.026782135061438048
3857,0.00861092754029905
3858,0.0295779132138296
3859,0.04373316241135105
3860,0.01596715798673385
3861,0.07663023512095496
3862,0.0213595405992533
3863,0.9714260755134424
3864,0.9987470750816486
3865,0.18658891031789995
3866,0.9985117686606406
3867,0.02075391170815235
3868,0.4540279719500784
3869,0.0299977434365412
3870,0.596844827085631
3871,0.03222995558333695
3872,0.46805402950850616
3873,0.3424129993642915
3874,0.0735005093415696
3875,0.9974840078969132
3876,0.2751910239281407
3877,0.9874845753119283
3878,0.05693288570330595
3879,0.0036929812013558995
3880,0.998003521607826
3881,0.992393559941745
3882,0.28449890319415816
3883,0.4485066072365942
3884,0.021171657242358803
3885,0.05389072406042275
3886,0.9301506488489992
3887,0.22945138896087758
3888,0.086013425256911
3889,0.10671556534913475
3890,0.024851716606613998
3891,0.9367347171616391
3892,0.0080303857407443
3893,0.8049368887223265
3894,0.0899475244682833
3895,0.37058764454335175
3896,0.1257928131583043
3897,0.9616087472571093
3898,0.3163083285921108
3899,0.26751295345341536
3900,0.06452574063303029
3901,0.0036339362715486503
3902,0.9458645583857299
3903,0.642188114320031
3904,0.0230628928801892
3905,0.0865042258099822
3906,0.9769968948932153
3907,0.057873891178124554
3908,0.07178357983830536
3909,0.998600588971138
3910,0.0029331607585904498
3911,0.00519145842684165
3912,0.2653265741569321
3913,0.027787051200951353
3914,0.9088106509800853
3915,0.0398829799154193
3916,0.7574734317457231
3917,0.028357910856828948
3918,0.08358254784192146
3919,0.0143214475608007
3920,0.07508669237028939
3921,0.0049876072615115
3922,0.33928819044723246
3923,0.04000512002684285
3924,0.0414533437959307
3925,0.978910314188602
3926,0.3647062734593996
3927,0.0173230115349475
3928,0.0758271753411913
3929,0.9423758119876711
3930,0.9860651458559921
3931,0.0023592433482485502
3932,0.29665240295480594
3933,0.00285780010525645
3934,0.9159634118589928
3935,0.0067965901449899505
3936,0.11974692556899161
3937,0.24114304783306484
3938,0.9593632604032523
3939,0.04352466077655745
3940,0.107793223555472
3941,0.9751900092507171
3942,0.014722085959014999
3943,0.2026405987847493
3944,0.8960940425017074
3945,0.715792534117641
3946,0.037291781133137955
3947,0.0075689108306027505
3948,0.2469133636624264
3949,0.9732494419195175
3950,0.049246742386755304
3951,0.0630637310694328
3952,0.9093717608437524
3953,0.0266975577614266
3954,0.9973180015594392
3955,0.008415726208543799
3956,0.11991790592103295
3957,0.3332330749448938
3958,0.1117803478446479
3959,0.9482874195682449
3960,0.0713331788813772
3961,0.04157663130371915
3962,0.029669041767536902
3963,0.8623218030477984
3964,0.29981903351215955
3965,0.15530945513318561
3966,0.6933886310196979
3967,0.01506043613678925
3968,0.0025045576653631
3969,0.0866707444344608
3970,0.24516952525184477
3971,0.9729675297227955
3972,0.6172693504766655
3973,0.404921074462004
3974,0.02190101550586325
3975,0.9306270491544775
3976,0.9388268686515955
3977,0.21570405077059912
3978,0.035963973419568904
3979,0.6517198670790747
3980,0.7464898483693114
3981,0.9392864413193545
3982,0.9655044225908449
3983,0.0050830449482377
3984,0.5185268060672394
3985,0.0132984617238904
3986,0.499721986625539
3987,0.00274231933660495
3988,0.7974485727214692
3989,0.00937454306592805
3990,0.4731747071725317
3991,0.7160369121939738
3992,0.008184136836623501
3993,0.14341410169127525
3994,0.7963288478802799
3995,0.9654495900500373
3996,0.5996771720665137
3997,0.00290019775896055
3998,0.19336966939866376
3999,0.02202714112055095
4000,0.04438460093550945
4001,0.035894222219975846
4002,0.0208694526155601
4003,0.11747369594552375
4004,0.6021003275779777
4005,0.2190731071339863
4006,0.11957934310513021
4007,0.005385882072042551
4008,0.9923697915982737
4009,0.1017256932228851
4010,0.9979013778797784
4011,0.9129909479265873
4012,0.0846238836713846
4013,0.02462045049506255
4014,0.9987793743440878
4015,0.9559335056407762
4016,0.09268712713532
4017,0.05639759883360225
4018,0.10381019040339845
4019,0.01369448649660955
4020,0.0266109429787272
4021,0.0358409329712584
4022,0.0167498291355116
4023,0.00810856023597355
4024,0.0034750938791349
4025,0.8344636172580873
4026,0.727496271403069
4027,0.01139607570921245
4028,0.0402084204412484
4029,0.04828933371739361
4030,0.0073852275911027495
4031,0.8752373260680584
4032,0.1297815530674034
4033,0.02007311057707805
4034,0.06130112424611635
4035,0.024736289289743953
4036,0.0151192523313725
4037,0.0082213464621115
4038,0.9724163924167697
4039,0.006799783589894
4040,0.4342184194398342
4041,0.9807851197270012
4042,0.044198820552377754
4043,0.0644361763450392
4044,0.0216906798551799
4045,0.0035926258842291997
4046,0.0115392785428088
4047,0.12495509058456279
4048,0.1330472713568784
4049,0.09775235368991925
4050,0.08419999677079565
4051,0.0929813479581528
4052,0.20251567510317298
4053,0.9125362097674443
4054,0.07424809543293759
4055,0.0126902651061533
4056,0.0954432775975849
4057,0.3591219797263247
4058,0.5365853525443314
4059,0.0404964561425563
4060,0.07707157549053525
4061,0.9901848294709782
4062,0.18708119828843361
4063,0.3505323600215168
4064,0.33947440745015856
4065,0.16714997836961049
4066,0.0102631529548338
4067,0.5105842952930804
4068,0.01200003036561105
4069,0.02382995575364805
4070,0.03505399549731715
4071,0.9907306756600511
4072,0.00290019780789965
4073,0.0358880402165017
4074,0.06284050487815784
4075,0.0298691759554066
4076,0.43456598961173165
4077,0.07701609339441226
4078,0.3758543955408527
4079,0.14064561949360635
4080,0.00330502597540375
4081,0.7568492593838443
4082,0.9367648764400338
4083,0.20993830174718942
4084,0.04894964799011
4085,0.15833515468016135
4086,0.11336734208656485
4087,0.006956058452574399
4088,0.111187450272851
4089,0.0136881729601224
4090,0.16249774002891
4091,0.0051059477315409
4092,0.17721058496193245
4093,0.31837587892773733
4094,0.014073389295846301
4095,0.01189278941776645
4096,0.026860765022362
4097,0.21613055031654427
4098,0.02542987719855595
4099,0.9671535730692871
4100,0.501300451766735
4101,0.13569016007153434
4102,0.129578290482194
4103,0.3073700830573045
4104,0.9735851976068576
4105,0.6091047451005591
4106,0.3744464567806167
4107,0.5841865040681562
4108,0.9912575195004967
4109,0.9834827112712254
4110,0.10910466246999725
4111,0.0026663484874679
4112,0.980907490793966
4113,0.26236821755788975
4114,0.0354771881722359
4115,0.014075028545469399
4116,0.0167531555620118
4117,0.9926005014707153
4118,0.04077966033877315
4119,0.12724906541459874
4120,0.9651968632808267
4121,0.45790565462359856
4122,0.7271728607174756
4123,0.0064705718514758
4124,0.3870220254807468
4125,0.00949722921495185
4126,0.1228539176463348
4127,0.0567767439062575
4128,0.11680390564557455
4129,0.32019538930058483
4130,0.00974523161330315
4131,0.3091572540900763
4132,0.9251481786704563
4133,0.9654715842423494
4134,0.029320346699963848
4135,0.3581502164154434
4136,0.023166138726424798
4137,0.8870204409605669
4138,0.0034444052135178503
4139,0.03511197687766145
4140,0.9983117465616017
4141,0.9270847318625578
4142,0.07514408281174854
4143,0.0545735578712023
4144,0.968050675809289
4145,0.0947319260371326
4146,0.17763640023840085
4147,0.17366361365542832
4148,0.21984851158370788
4149,0.01366078987679755
4150,0.29440956548710034
4151,0.0468651934223487
4152,0.00982542993254445
4153,0.11230712315004215
4154,0.4976042716475153
4155,0.775651088840843
4156,0.0632217742261111
4157,0.0022285153479424
4158,0.9695593891746117
4159,0.1960180477558281
4160,0.2229236305660832
4161,0.28464760755708374
4162,0.007447858193880301
4163,0.00752850320504435
4164,0.9744111267787137
4165,0.24651993457431304
4166,0.009545857745061701
4167,0.9911922512626106
4168,0.20931842975838724
4169,0.08415505454249725
4170,0.9983838050681224
4171,0.02510429955742695
4172,0.8866022461162559
4173,0.0319776928979585
4174,0.0148834371271197
4175,0.3454478138825478
4176,0.034427073488312046
4177,0.0059031913059247
4178,0.8347985520389387
4179,0.19781752641324002
4180,0.9587414242685661
4181,0.32977549087182856
4182,0.004708860861249
4183,0.7760267941822159
4184,0.9601848745273952
4185,0.7471430346018519
4186,0.9707341635449962
4187,0.0528679897768798
4188,0.0227579874078895
4189,0.08586842828522395
4190,0.00151671602325975
4191,0.20031063777521874
4192,0.959715545185126
4193,0.1744450398769914
4194,0.9095766125490329
4195,0.09825103442573521
4196,0.998612357417373
4197,0.7000878689675656
4198,0.10499124687379265
4199,0.884517294585389
4200,0.01942329374869975
4201,0.5347422362389366
4202,0.1566822087588542
4203,0.12454867756619675
4204,0.0455375960434936
4205,0.05696791082018425
4206,0.5873756106497949
4207,0.18959205606022275
4208,0.21985080514500027
4209,0.18225912815852086
4210,0.292431580910103
4211,0.12035023519713939
4212,0.1622841759237178
4213,0.4253059941820564
4214,0.0377158311974453
4215,0.0708863714911422
4216,0.0169875632877356
4217,0.9847982395146622
4218,0.9963193116842808
4219,0.00813919170087225
4220,0.18032239756191554
4221,0.9854864747583166
4222,0.15204860901761824
4223,0.40890899023093935
4224,0.05505353094310675
4225,0.042365873717358
4226,0.9958664168766027
4227,0.3848777649791682
4228,0.01545028656996765
4229,0.31995666013615026
4230,0.8194047777787963
4231,0.0133359975025565
4232,0.0073181636808238
4233,0.0513366071815583
4234,0.0022449815721511503
4235,0.3549517580337874
4236,0.038255366570493096
4237,0.08999338489079454
4238,0.0265010073852589
4239,0.16638962104220476
4240,0.5537198867115873
4241,0.9053461675274742
4242,0.0101976506997736
4243,0.036304619749588804
4244,0.9871461581425323
4245,0.06825200137505275
4246,0.02422148337931545
4247,0.005851237668723501
4248,0.0622946624604252
4249,0.5851433950766641
4250,0.6643111137708184
4251,0.13385395494820457
4252,0.0052626898904959
4253,0.8310740308560828
4254,0.05444275603344045
4255,0.03536489683192365
4256,0.0715227976880516
4257,0.00462948577591525
4258,0.7867282815051186
4259,0.00521079846239185
4260,0.984873356806678
4261,0.9727705193758622
4262,0.6217401437586689
4263,0.948807948659288
4264,0.0120160249140615
4265,0.27082518391216415
4266,0.9363194327149381
4267,0.0167198880943582
4268,0.9557872994800062
4269,0.1500879043563265
4270,0.2884175944986721
4271,0.01139163423465105
4272,0.13633290471357784
4273,0.00604369731935255
4274,0.0121071022243473
4275,0.9443461718882395
4276,0.7119781946309629
4277,0.0128397753259216
4278,0.01324856187781175
4279,0.20527600814896396
4280,0.9868101050606715
4281,0.35733290916943106
4282,0.287366814621213
4283,0.00725930897835985
4284,0.0146846016175473
4285,0.3895801846256618
4286,0.1175881755239318
4287,0.8065861519804237
4288,0.7257208024607882
4289,0.0166512093391052
4290,0.7389548643799098
4291,0.028995341985957053
4292,0.0202067860120838
4293,0.7488881066736053
4294,0.9243076406188464
4295,0.3461475480225934
4296,0.19287255720258226
4297,0.9843186911876576
4298,0.13188644731646806
4299,0.01934740727810845
4300,0.0825318762471941
4301,0.998827701609172
4302,0.027610932298555352
4303,0.07386885613596
4304,0.2776331133119847
4305,0.00999777035763345
4306,0.0712011460337211
4307,0.0321883966730628
4308,0.957630513274492
4309,0.9703712933827287
4310,0.0673218138225333
4311,0.0093023250975305
4312,0.9777163317588065
4313,0.9126812776764942
4314,0.047308594265632053
4315,0.02120423011515915
4316,0.8859385953197123
4317,0.9120925404893692
4318,0.8123878821946658
4319,0.0099072034851745
4320,0.7845296918924473
4321,0.0029028043961996
4322,0.47430986829376404
4323,0.10733825918876419
4324,0.5269315510487507
4325,0.40960967490377187
4326,0.0020370826161810497
4327,0.5082820273285509
4328,0.9849827098385169
4329,0.026174184230225002
4330,0.08306508110407695
4331,0.0339578659574166
4332,0.02030348525892055
4333,0.02925829737152195
4334,0.14722837713527184
4335,0.038497019547695355
4336,0.044683302458837504
4337,0.07470919483786795
4338,0.0671490534341414
4339,0.48482239620587486
4340,0.08909837117180244
4341,0.02451763486400125
4342,0.12457869342148435
4343,0.9786403564707751
4344,0.8737267452807608
4345,0.0278323862628002
4346,0.0100341303833827
4347,0.0449309158608719
4348,0.06385509428559735
4349,0.0034469209917638
4350,0.010386114870015499
4351,0.0199562281665458
4352,0.9878441024113547
4353,0.3324753904936726
4354,0.08334072563063105
4355,0.0398422431867491
4356,0.9491004052043843
4357,0.058241745688522195
4358,0.156611142550089
4359,0.0058206589699725
4360,0.9610446265731332
4361,0.41794082905163865
4362,0.8086256512335195
4363,0.040155936674074855
4364,0.8678736582551221
4365,0.18285835242087123
4366,0.129207253240525
4367,0.9620399175287866
4368,0.0020665612612177
4369,0.0343526093032539
4370,0.2010997235304025
4371,0.08479485027990524
4372,0.9986256113133677
4373,0.02834802907278345
4374,0.0782402280405552
4375,0.6429180549611223
4376,0.0490694012713297
4377,0.14004649914359446
4378,0.9644258565329734
4379,0.9988603894014643
4380,0.0912988680002692
4381,0.025592273295156752
4382,0.0923906045263172
4383,0.2937816633979249
4384,0.8650788515385326
4385,0.044010042572880104
4386,0.12883504434572865
4387,0.0015406317362745
4388,0.0662351350269354
4389,0.03637238930864755
4390,0.791791023385936
4391,0.0585253357028624
4392,0.9256232558644969
4393,0.08731028651463485
4394,0.4459990939228503
4395,0.03106794368012895
4396,0.7742135523276262
4397,0.00214172254269815
4398,0.9983505186918185
4399,0.0755012351000936
4400,0.9319225343747222
4401,0.2533853800607366
4402,0.12147724186943651
4403,0.00985624505329815
4404,0.039014597925617
4405,0.0969919236597965
4406,0.00234069737327685
4407,0.06521929841699126
4408,0.29007078175500484
4409,0.12824134104131452
4410,0.0141571614476281
4411,0.0021721375923735497
4412,0.0126003636304814
4413,0.03680842058953575
4414,0.7242420101412221
4415,0.0296853676500342
4416,0.25740021242497446
4417,0.0425808358522125
4418,0.016212915125309098
4419,0.2763602785314915
4420,0.023760408744125147
4421,0.00649951783664935
4422,0.0017911023044445
4423,0.12142637994161565
4424,0.00594343282060555
4425,0.0519193927741427
4426,0.08884360710736505
4427,0.00577035383533305
4428,0.02056598340041125
4429,0.10641167871121074
4430,0.0217236353351734
4431,0.38484653237968264
4432,0.0018045134110251
4433,0.09489690559629524
4434,0.04652908511095025
4435,0.1275211026586638
4436,0.0049773933413357
4437,0.40946790333544913
4438,0.06327685265108045
4439,0.15369847784134544
4440,0.7964273858440802
4441,0.0066330405776105
4442,0.5457153904303559
4443,0.09186036929221256
4444,0.17837271301348995
4445,0.1169339036847695
4446,0.0490308404489263
4447,0.4310744968994519
4448,0.042279123818457096
4449,0.7711933402742528
4450,0.0874238914344506
4451,0.907377301812138
4452,0.9537342083306518
4453,0.35247453955956165
4454,0.8988510084612384
4455,0.0199868663350319
4456,0.0759485587709377
4457,0.980709216991525
4458,0.0226701564661804
4459,0.17790256394578785
4460,0.806399447838386
4461,0.04737999646283725
4462,0.018897382190576052
4463,0.006629732079572849
4464,0.06395451744769605
4465,0.01506551269556405
4466,0.0940555269633272
4467,0.9977426698265726
4468,0.9501605887603615
4469,0.0403511490229201
4470,0.0948943618333356
4471,0.0097266892945332
4472,0.2367826440892013
4473,0.2047306425442333
4474,0.3177156561985498
4475,0.9892310724692064
4476,0.203432968878692
4477,0.039356258373967445
4478,0.848266073785281
4479,0.15115135869217605
4480,0.6751391194098606
4481,0.08234551248735314
4482,0.02259145646633405
4483,0.9617189868774638
4484,0.02433602738603355
4485,0.03840130152995205
4486,0.9432320186707526
4487,0.10756381068760115
4488,0.05740550199767315
4489,0.0228945077380255
4490,0.0698511206449092
4491,0.0019425528679260001
4492,0.030299037215679298
4493,0.4272363313967784
4494,0.21960999980894785
4495,0.163733989719079
4496,0.1813549376887686
4497,0.24834010765045278
4498,0.0113354993090816
4499,0.02531062904379105
4500,0.3779380768988926
4501,0.020453567985316848
4502,0.23622999882172846
4503,0.9855003767591971
4504,0.28894633872798065
4505,0.1590311408703251
4506,0.5929878429260315
4507,0.09539814770203406
4508,0.005307013871563401
4509,0.01798291871276085
4510,0.21480969810588219
4511,0.1750901372944213
4512,0.0210825295665716
4513,0.0016179977021658501
4514,0.03504195275797875
4515,0.48182720248914745
4516,0.9525711657665118
4517,0.12053107439541555
4518,0.977249075967158
4519,0.0804902288174206
4520,0.19492263153449524
4521,0.6567231235931106
4522,0.17900906327635813
4523,0.9581331809034817
4524,0.6504412812946129
4525,0.9571782413640448
4526,0.0479248002626806
4527,0.0244412590771345
4528,0.0019544605713831997
4529,0.9767084295322774
4530,0.4768699575427411
4531,0.0233526356528865
4532,0.008424840611195
4533,0.23483735818262924
4534,0.7834801548907766
4535,0.0309434812839448
4536,0.37320840005390954
4537,0.050902933368395395
4538,0.04556946763340965
4539,0.5111499204320635
4540,0.2926840694761548
4541,0.011980244850150201
4542,0.01870391628346755
4543,0.981796990076356
4544,0.9766985355683878
4545,0.0464012883938007
4546,0.2708227950642969
4547,0.0882282963816845
4548,0.7567031611990324
4549,0.0283312767221272
4550,0.12341007957252505
4551,0.935321626671529
4552,0.72944971287369
4553,0.23993611662162018
4554,0.04623958889047935
4555,0.1561017412629202
4556,0.0484920506725751
4557,0.671378199778941
4558,0.9779311875131664
4559,0.636617998486085
4560,0.0018799635255852
4561,0.00725995401536325
4562,0.9776948679892152
4563,0.01340274965672285
4564,0.042208614141777595
4565,0.1493045647761998
4566,0.0956751300913406
4567,0.42741368734685103
4568,0.004564025954105599
4569,0.01360614161211885
4570,0.011584764642462199
4571,0.0225392182051185
4572,0.1225672348632976
4573,0.0295100107565287
4574,0.4838561386492358
4575,0.01325671632057725
4576,0.1392034208523654
4577,0.2513476410928941
4578,0.05371926412794995
4579,0.02405989634435775
4580,0.1224969887831803
4581,0.14415243549265372
4582,0.9397962813988205
4583,0.032081783637931155
4584,0.9670421988392062
4585,0.8972922682290716
4586,0.17774049925889074
4587,0.37637411675626486
4588,0.03611168324651905
4589,0.0321695169998726
4590,0.046653890548430596
4591,0.0062171877397317
4592,0.03282097440574795
4593,0.012065305203805651
4594,0.9660945843118955
4595,0.0319245661188801
4596,0.0989315800257489
4597,0.9768785957502082
4598,0.20973421800814684
4599,0.6639180627251118
4600,0.0062374506201401
4601,0.005324448032789151
4602,0.041504411098504404
4603,0.031124135428619748
4604,0.0088698098194235
4605,0.1364608415886359
4606,0.12057631668945146
4607,0.11566595927441001
4608,0.9822316053387867
4609,0.009056954489902201
4610,0.9665866112094187
4611,0.07245299548349496
4612,0.1577783395050883
4613,0.0919313586690075
4614,0.9336071178082475
4615,0.9810265024580652
4616,0.0324748221445039
4617,0.32215959677503947
4618,0.986708923267404
4619,0.7388464360298466
4620,0.9759378798379387
4621,0.04934516223509675
4622,0.5042650570742344
4623,0.06519802458619245
4624,0.34171920099616915
4625,0.0032180849748085
4626,0.11514972605982425
4627,0.06552085724831284
4628,0.9718852959223638
4629,0.14193257327060327
4630,0.07887571500770224
4631,0.9114801774513954
4632,0.062395194611652605
4633,0.8341504151497894
4634,0.0198329206621647
4635,0.04534347330572035
4636,0.06958936129448601
4637,0.962343095218142
4638,0.06024810360785694
4639,0.031253190428088204
4640,0.0953661431334683
4641,0.04818677222668695
4642,0.9782796415512383
4643,0.9987854402880902
4644,0.9982993868494985
4645,0.004720960927570499
4646,0.6516717771402538
4647,0.10150129395991285
4648,0.0307331529566543
4649,0.5896590200414602
4650,0.008469694119133949
4651,0.7337998474135699
4652,0.01368950510844335
4653,0.29328470862913425
4654,0.09733564750481316
4655,0.017656144356861997
4656,0.6701027811000522
4657,0.9665001160773827
4658,0.0208367395247376
4659,0.7249320347178749
4660,0.14396299821176223
4661,0.1744302832413169
4662,0.0415597789709957
4663,0.06660078096535971
4664,0.1521927497010926
4665,0.00253275032225495
4666,0.485029823101789
4667,0.00795531440865475
4668,0.0417014775522554
4669,0.017574569682754303
4670,0.30404741777317906
4671,0.9972565531660587
4672,0.16660654817288867
4673,0.0070084077248588
4674,0.00592383126913355
4675,0.9511714864907578
4676,0.02739399390355055
4677,0.0493724263316945
4678,0.01587905130022895
4679,0.9457487905994437
4680,0.054387112920738445
4681,0.0249549798814249
4682,0.02052716250221745
4683,0.47977843712834395
4684,0.0171073730533585
4685,0.6702324204865895
4686,0.4409984576972667
4687,0.012688029792560299
4688,0.0518570925778985
4689,0.07234749213818614
4690,0.0412901504129259
4691,0.2489601061748751
4692,0.04446626827138535
4693,0.9847823045298083
4694,0.027976904036113852
4695,0.5385791965882246
4696,0.1189590767298308
4697,0.49170277534492146
4698,0.9908712690492384
4699,0.06555179614123319
4700,0.535879494781192
4701,0.11246430358377696
4702,0.008516559800229698
4703,0.3351217030409005
4704,0.0107302429187284
4705,0.10261969002142675
4706,0.039536188795696856
4707,0.0069461830428528
4708,0.10553915417441485
4709,0.0401321699105686
4710,0.3034634481218135
4711,0.9725367643568306
4712,0.3250894059316801
4713,0.023617402042802202
4714,0.00316400097229565
4715,0.09051676891810355
4716,0.0016311385409674
4717,0.0376933157295831
4718,0.7757989401791967
4719,0.3818909713619123
4720,0.01845830837007255
4721,0.14301724731379073
4722,0.9761382763741051
4723,0.8685719233043576
4724,0.060341144926547546
4725,0.0107472327210089
4726,0.11585223923448176
4727,0.0868321777558699
4728,0.17083699940708913
4729,0.0125826408152818
4730,0.0080485943126614
4731,0.0072728067641028
4732,0.09320709879486594
4733,0.9753159592514036
4734,0.024935293135087598
4735,0.015490724654891
4736,0.9061266350792831
4737,0.20961150403775403
4738,0.8040767374597834
4739,0.4125457532643611
4740,0.9959569262481066
4741,0.013919188096193299
4742,0.9623561056553336
4743,0.0518989375681803
4744,0.10528042371140875
4745,0.29577724877270417
4746,0.0853655706358835
4747,0.05393171471589875
4748,0.008258306417625049
4749,0.2220276115249205
4750,0.7433974532152801
4751,0.9717398980889536
4752,0.0381539401198416
4753,0.18553111611057374
4754,0.15372171865837675
4755,0.2032925792468761
4756,0.01307388028175445
4757,0.04547609090498855
4758,0.0774484093173386
4759,0.1053458327055482
4760,0.9574508706842255
4761,0.626881418807042
4762,0.053948365082924846
4763,0.00928457796203295
4764,0.0083542883018006
4765,0.34876111940729054
4766,0.1542943024632337
4767,0.6321284892161705
4768,0.9523182614032878
4769,0.4557156529040514
4770,0.01307940830299705
4771,0.0285238512128939
4772,0.0773992845040406
4773,0.0099247061848824
4774,0.6124849970998345
4775,0.004008841250298
4776,0.0555794434570164
4777,0.030817513074031147
4778,0.0081325315937416
4779,0.9877294677333572
4780,0.9926859196898556
4781,0.2863525619639399
4782,0.9898494658510182
4783,0.16394877789308893
4784,0.30062437828286115
4785,0.0872938794215577
4786,0.025715586124108597
4787,0.8769438348191068
4788,0.10864219965182975
4789,0.00388470884172745
4790,0.00682957665083295
4791,0.00729835076273335
4792,0.8587894062959829
4793,0.986616032648284
4794,0.07657234626083995
4795,0.00611939488969175
4796,0.9969575118583958
4797,0.00980897274884645
4798,0.8606216447487529
4799,0.6404884957454526
4800,0.5947787450605588
4801,0.5487048122193083
4802,0.008145736053510851
4803,0.0121861077577861
4804,0.023533967502017798
4805,0.01537286789627095
4806,0.3477214073823564
4807,0.9633688810596432
4808,0.0725383320404692
4809,0.037617628511537396
4810,0.03241490839619555
4811,0.11700201377425135
4812,0.1318262564317644
4813,0.7526316030825939
4814,0.95580731240801
4815,0.25745227624809214
4816,0.4467678717996413
4817,0.024292920776117652
4818,0.1851973273779432
4819,0.17891185462887282
4820,0.9958995354158843
4821,0.6412458107114767
4822,0.00984010218402665
4823,0.7538575409948991
4824,0.3202575741912522
4825,0.7582342693773001
4826,0.0246661380355484
4827,0.0825159630130073
4828,0.016722606397141147
4829,0.038471776874656305
4830,0.03557238044424895
4831,0.27714586890717513
4832,0.24181629411683356
4833,0.11181420036954565
4834,0.05375104081583635
4835,0.03471586122725015
4836,0.0379219844925325
4837,0.0510658956980209
4838,0.026143528684811047
4839,0.0070563585040065505
4840,0.9653312360310451
4841,0.26398650450045413
4842,0.986701001030025
4843,0.0522746268545676
4844,0.12594108028343384
4845,0.10897654300272895
4846,0.0147938114713855
4847,0.9740944003813317
4848,0.7587246396007294
4849,0.0052143554159869
4850,0.4113820386931918
4851,0.054154722161807695
4852,0.4575724289677694
4853,0.703907840886689
4854,0.5806362468394864
4855,0.2160141501804974
4856,0.6513590399861638
4857,0.14397503364329012
4858,0.09438564933370094
4859,0.037227150911926146
4860,0.08712005827161155
4861,0.8385156742056166
4862,0.0432639920673633
4863,0.019041871621406553
4864,0.7244447677562744
4865,0.2492341900425745
4866,0.004646611326336999
4867,0.13827882564531985
4868,0.1668456258468978
4869,0.0028118360058743503
4870,0.1454990689686198
4871,0.33470409736573187
4872,0.42349767483208767
4873,0.10188075710728706
4874,0.978809435999
4875,0.3009090348283968
4876,0.026326758286076397
4877,0.0278704020160967
4878,0.863113176483786
4879,0.7081785134718563
4880,0.822479626548717
4881,0.9393584153132564
4882,0.06792757203700894
4883,0.06658971045221379
4884,0.1493952033947415
4885,0.8320134895083455
4886,0.9719748223816422
4887,0.0077804922322599005
4888,0.03885121167901335
4889,0.2759448543231408
4890,0.021257255337665752
4891,0.7042435713223645
4892,0.9881007398675642
4893,0.9062793454001554
4894,0.13894389909473404
4895,0.15099988702832473
4896,0.628962404422995
4897,0.8807090243984916
4898,0.12228869341691495
4899,0.9313347460094072
4900,0.00680406307062905
4901,0.8594562124797408
4902,0.2205230035970987
4903,0.0426599636626995
4904,0.04638578286903325
4905,0.26926274831318797
4906,0.009953462220175749
4907,0.6453610361283894
4908,0.0268378939924343
4909,0.054144812246767496
4910,0.9578254461203282
4911,0.1691916057828157
4912,0.02733683042851845
4913,0.8911626677861817
4914,0.0372886719421856
4915,0.9714305209880365
4916,0.49787321590816225
4917,0.6226792376336088
4918,0.9802888671433172
4919,0.6950727427236638
4920,0.028072235497833747
4921,0.9714115511705768
4922,0.9808994287710056
4923,0.006847902067133
4924,0.9681355027266614
4925,0.14383723406365445
4926,0.0119023234827798
4927,0.9089881117085904
4928,0.6133293147001619
4929,0.0244165897800621
4930,0.9799763804794792
4931,0.8749384309251295
4932,0.6826479027830251
4933,0.9883640868888264
4934,0.12815638859345005
4935,0.0568226264517013
4936,0.042716529325574
4937,0.5624147151228274
4938,0.0523847838129183
4939,0.9444864365957142
4940,0.02148454781386205
4941,0.0073691222517656505
4942,0.4309829501802295
4943,0.00898729756492035
4944,0.029312864706336098
4945,0.11472817140069375
4946,0.12715734972687953
4947,0.061764305382286395
4948,0.202646925042648
4949,0.8793893532490584
4950,0.4390969897300987
4951,0.1721093521166667
4952,0.2457538451446919
4953,0.18552417016497197
4954,0.6649675013051215
4955,0.555853763337081
4956,0.10593180840441635
4957,0.125387992222444
4958,0.9869498573786347
4959,0.5778135846121624
4960,0.00247348520044275
4961,0.7967425671663045
4962,0.07852472599789184
4963,0.2740076610278628
4964,0.8806618419653667
4965,0.018364614597925502
4966,0.011010506541647199
4967,0.37821427289475607
4968,0.00420653241966605
4969,0.2005344110652178
4970,0.9859528695559054
4971,0.14321542168032336
4972,0.0584731877047686
4973,0.010726885289377201
4974,0.028014846658454752
4975,0.8039892657039094
4976,0.162564875896876
4977,0.7225394072212787
4978,0.01174295693449835
4979,0.873145164311679
4980,0.572316408499212
4981,0.00366095458078455
4982,0.06850236878573296
4983,0.9466926978780782
4984,0.35130653410430157
4985,0.5431891738495014
4986,0.9908002193453718
4987,0.9838258967286875
4988,0.02341508432409025
4989,0.00152216062463885
4990,0.00518315169906295
4991,0.6041226689107069
4992,0.008112229847048551
4993,0.05216156628207385
4994,0.13450732163956755
4995,0.016515097672306703
4996,0.9665279183760052
4997,0.01883099646181525
4998,0.3078525223536993
4999,0.6123421026322047
5000,0.0221371537600558
5001,0.01190488895598415
5002,0.06139364120812185
5003,0.5676909888498753
5004,0.45916517714763505
5005,0.11361945031062945
5006,0.038336284836519297
5007,0.7425274555061656
5008,0.9618108024878128
5009,0.052927035292922
5010,0.00295670973768685
5011,0.5472315691687826
5012,0.0290805362234051
5013,0.08605062990606491
5014,0.12754111454679024
5015,0.6722246136456977
5016,0.8932819866798902
5017,0.4514147023127819
5018,0.9679520454663001
5019,0.9699521603837884
5020,0.015189397360076
5021,0.21728725988715203
5022,0.011805609858926
5023,0.0016194133647107001
5024,0.3380585417029105
5025,0.06518629304528395
5026,0.042035818052229806
5027,0.0816327654435375
5028,0.9980363195694391
5029,0.8909511988320711
5030,0.0080256416801648
5031,0.0357560650120018
5032,0.16501458379822653
5033,0.9491870294884079
5034,0.9174576582184046
5035,0.0161829388197363
5036,0.0140749086549007
5037,0.00211514891177
5038,0.01654775978346005
5039,0.35246510811582343
5040,0.917277862863815
5041,0.1662327200394575
5042,0.9677778324865369
5043,0.041748579228959845
5044,0.01547075109097365
5045,0.3728546149142245
5046,0.11132318795243051
5047,0.00253291073657805
5048,0.38642784614233383
5049,0.18118240158016813
5050,0.08983404130015371
5051,0.7877633563818538
5052,0.0130315506223777
5053,0.12235220123126911
5054,0.10256485667728085
5055,0.0180290580073913
5056,0.9474229367300222
5057,0.0163734844016485
5058,0.9636223141808377
5059,0.0857103884873487
5060,0.13171567578539176
5061,0.0371317225740158
5062,0.022159294807739552
5063,0.0136134276012926
5064,0.033491468953185
5065,0.3925703935830689
5066,0.5477545499088479
5067,0.06469832066656125
5068,0.9731544919119948
5069,0.6099602226692116
5070,0.9698692057111364
5071,0.0707247993602288
5072,0.0249955402929705
5073,0.027613644383582
5074,0.0078536063587695
5075,0.5497424823170117
5076,0.42274502886218557
5077,0.08001658414600105
5078,0.19511059731336133
5079,0.973357258541045
5080,0.02324623472913835
5081,0.0036018594987843
5082,0.0844076169192884
5083,0.0633489092055467
5084,0.0027280005185996003
5085,0.9667580479522562
5086,0.9985120120495978
5087,0.0082422090403832
5088,0.0620416828126866
5089,0.01328388290329985
5090,0.34178938988543994
5091,0.0691559559536874
5092,0.9955139492082041
5093,0.40265798532280817
5094,0.0642194244262437
5095,0.08428411856959715
5096,0.0242534559597984
5097,0.02450513420124365
5098,0.16382155203752535
5099,0.002801206411642
5100,0.06865337647886395
5101,0.3365749317556422
5102,0.6714351963303782
5103,0.011368511816746
5104,0.0077218249878613
5105,0.05255443768540975
5106,0.9982706141933155
5107,0.980050094556624
5108,0.5750093076966648
5109,0.9184184395504126
5110,0.01490218122020425
5111,0.9665656944320553
5112,0.9055421846764432
5113,0.21819423449718475
5114,0.9429099320466248
5115,0.8866325416259605
5116,0.389695346321803
5117,0.8294769362799324
5118,0.832409252105617
5119,0.028962727988267198
5120,0.9546896112723942
5121,0.0392890378908184
5122,0.03936096910810315
5123,0.8889150783501529
5124,0.00856288459549265
5125,0.9610219304571865
5126,0.1044804961891017
5127,0.5559499815339992
5128,0.06887438858958239
5129,0.4442823415054313
5130,0.034579338862964146
5131,0.0184155281751692
5132,0.16144325127914388
5133,0.19076715481836382
5134,0.6611096804471495
5135,0.4819990022982328
5136,0.004349744180248799
5137,0.726458378422151
5138,0.01763649045137095
5139,0.164753503508635
5140,0.07095639942321985
5141,0.2045260560769918
5142,0.1448324737129533
5143,0.0042664743301434
5144,0.00595182055495965
5145,0.0026640102760379
5146,0.02484630336976635
5147,0.0188412383460894
5148,0.0255730079148071
5149,0.0129712080262399
5150,0.2976434682722871
5151,0.8203105247385063
5152,0.08884228009621109
5153,0.04100640558544545
5154,0.98631563544255
5155,0.11384959372388904
5156,0.00690563368702575
5157,0.01832306923030015
5158,0.00622047153987005
5159,0.046871697398640305
5160,0.11552753184979456
5161,0.03254273534528785
5162,0.00561184036073735
5163,0.12047030215985285
5164,0.01952638053897955
5165,0.2328342237928619
5166,0.481034862777703
5167,0.09304281441791476
5168,0.07670713015622595
5169,0.06342509648534041
5170,0.15827017012968775
5171,0.8090984068211001
5172,0.6933480719534295
5173,0.0670313973019855
5174,0.024993105717448352
5175,0.9987239230100695
5176,0.40917285563774186
5177,0.9691075694942106
5178,0.9583334999918176
5179,0.9652638126262825
5180,0.0224276610437937
5181,0.1342146507409071
5182,0.21914847457203035
5183,0.00251116239023675
5184,0.1577349926849904
5185,0.0496595417193505
5186,0.0015893753541695
5187,0.057703310376053196
5188,0.991532823145967
5189,0.03191514673933325
5190,0.08367098554508459
5191,0.2947141023799553
5192,0.10487119238176285
5193,0.3254754145541128
5194,0.3820188698848273
5195,0.382639453383119
5196,0.06390234992467594
5197,0.020794188753238498
5198,0.02169526390341745
5199,0.008025351143723899
5200,0.00327451370536535
5201,0.11792516150827806
5202,0.09635640442034785
5203,0.01767958693923665
5204,0.18389291402914237
5205,0.0088286328350888
5206,0.06150994077653395
5207,0.6569688325081791
5208,0.01414701288311845
5209,0.5228938576002757
5210,0.9744593024420063
5211,0.9228751779305987
5212,0.29656219798454386
5213,0.1435748010378613
5214,0.0269871032413516
5215,0.6870236416431377
5216,0.8950506990235751
5217,0.0230652227369256
5218,0.546609794923318
5219,0.0022554604855502
5220,0.9522750820634691
5221,0.02199779616726935
5222,0.0452092662734556
5223,0.23383791344291266
5224,0.6576946296372618
5225,0.0066861535222646
5226,0.9724288841349638
5227,0.8464651318237355
5228,0.8748187036581802
5229,0.994950369337029
5230,0.039064980432021904
5231,0.4600542350879798
5232,0.9533773355646642
5233,0.0240353788730599
5234,0.0487572338347254
5235,0.0109140456058236
5236,0.00851186763185715
5237,0.9331337165566598
5238,0.1366733120246299
5239,0.02755672160432925
5240,0.02176166465458735
5241,0.0314623879771097
5242,0.02757555881455355
5243,0.0642725541389661
5244,0.9906363768665241
5245,0.5297599415789594
5246,0.10103160270912695
5247,0.0589071444238614
5248,0.05223833579818235
5249,0.25232346127383964
5250,0.26838000028928366
5251,0.3307164845422929
5252,0.5020990094373098
5253,0.00640016362788315
5254,0.03132966936741705
5255,0.28900694844411007
5256,0.00556226001208855
5257,0.2792252571690169
5258,0.8805889162853213
5259,0.7389566479606542
5260,0.073941568189807
5261,0.022326719688848348
5262,0.7369826651017166
5263,0.00915882925816045
5264,0.2629870280423223
5265,0.06455953691007395
5266,0.9792239238340827
5267,0.0031351084354897503
5268,0.17413294796372975
5269,0.0136495843508408
5270,0.2364223591766855
5271,0.11563758144350025
5272,0.9610714354929352
5273,0.011769287258188
5274,0.4047669247324108
5275,0.8317289356416606
5276,0.15714051808101004
5277,0.8106209337344991
5278,0.215685428833858
5279,0.0130028639032301
5280,0.01364204385583795
5281,0.0029424972642719503
5282,0.9808735460884299
5283,0.04795337895617525
5284,0.0172388560387814
5285,0.0059986919860113
5286,0.02139646598436615
5287,0.0713102064153466
5288,0.05725032022929055
5289,0.06693889695489125
5290,0.0041485881515313
5291,0.987804280037775
5292,0.4013276944203133
5293,0.13175328940976075
5294,0.8546473438787041
5295,0.01839638386094985
5296,0.1187587508211636
5297,0.005121511552599
5298,0.2809697438886517
5299,0.00238096867034585
5300,0.014197343492449
5301,0.42086375007740645
5302,0.515397316132414
5303,0.12698923089842215
5304,0.0983109031952888
5305,0.051310873284547
5306,0.10477543761239755
5307,0.931662333038884
5308,0.0792517552180629
5309,0.09806474050091965
5310,0.0214428716463383
5311,0.8582003163368215
5312,0.179035166559104
5313,0.0349076513821627
5314,0.7532718633913454
5315,0.19251609132199074
5316,0.09852834585924394
5317,0.0889037775861766
5318,0.0068069715761204
5319,0.6873650678509611
5320,0.0736218561414733
5321,0.07196258015784504
5322,0.10002223608526635
5323,0.0294576617447384
5324,0.9098373454094776
5325,0.18044546409122159
5326,0.00354074049704935
5327,0.026622776854637202
5328,0.0636349142202043
5329,0.9619365570892061
5330,0.0113402545488614
5331,0.11072235645572201
5332,0.00714593597830605
5333,0.03145894148770205
5334,0.9693512479283698
5335,0.55501098051736
5336,0.0077680764696083995
5337,0.03594284252927375
5338,0.40033019021275823
5339,0.08708283908544615
5340,0.01532286117054285
5341,0.0037840406042413
5342,0.974634977483446
5343,0.07377433701278314
5344,0.0266537788256443
5345,0.01078457090709525
5346,0.2638880662801517
5347,0.9527306164214799
5348,0.04514002344109115
5349,0.03386841568538285
5350,0.822960195654989
5351,0.9951295983787651
5352,0.7661778817883205
5353,0.032337160561290546
5354,0.21938465410316724
5355,0.8349875773945866
5356,0.028630414469989852
5357,0.20128945466536796
5358,0.9981475031784948
5359,0.0078110574920915495
5360,0.048496769222403105
5361,0.8064860143487997
5362,0.10765567467464371
5363,0.0090584373191689
5364,0.00551354242561415
5365,0.9752871499390527
5366,0.00264455580055965
5367,0.0031318102313639996
5368,0.9079094757473707
5369,0.8471439088947996
5370,0.03000664889349065
5371,0.03291515663443305
5372,0.012409960532513802
5373,0.2090993362725373
5374,0.0062598068062626
5375,0.023390425757911
5376,0.0698335542545038
5377,0.0122247556879664
5378,0.0455028484261727
5379,0.26651867308914323
5380,0.45872329179755944
5381,0.031679482240655296
5382,0.2191438922478981
5383,0.1168112352762255
5384,0.07044697720384399
5385,0.04711399098573605
5386,0.01978914210160775
5387,0.690858869975892
5388,0.0149335153609346
5389,0.9693653911499881
5390,0.5453074700667431
5391,0.009901153643700901
5392,0.0055089140127034
5393,0.9862929908496005
5394,0.055620204904682696
5395,0.7999658214614871
5396,0.08349480147603705
5397,0.26911015782710335
5398,0.16459136181580136
5399,0.2920226166473608
5400,0.019815091878256447
5401,0.4012580346369444
5402,0.01208605104013195
5403,0.07062723823470571
5404,0.03018915877498215
5405,0.02767720923965575
5406,0.8946044254563585
5407,0.8295812326746959
5408,0.01423230324910315
5409,0.01214103262352225
5410,0.19305582334060584
5411,0.21269395941085106
5412,0.9582189543000152
5413,0.07805962080251605
5414,0.0054670744815855
5415,0.9955350580758742
5416,0.0278156427378424
5417,0.08186863542153405
5418,0.0642556134993636
5419,0.3606433012282273
5420,0.0446435107535125
5421,0.06128849364420205
5422,0.07221349697341564
5423,0.0387577319020699
5424,0.97501069090425
5425,0.9751796214603679
5426,0.03010853647734095
5427,0.01367057377919225
5428,0.005088496881926601
5429,0.0024961840977121503
5430,0.6019110633876876
5431,0.0492253432469496
5432,0.7990885851416749
5433,0.18391226717536646
5434,0.9665730246517469
5435,0.6159082963904459
5436,0.9861391795468785
5437,0.030621629805594
5438,0.17816461233182795
5439,0.41518273002074474
5440,0.9320260710358085
5441,0.007688957532428599
5442,0.0370232250020318
5443,0.44648719133545745
5444,0.0118020787520685
5445,0.870425340690952
5446,0.10284075869696525
5447,0.1550551040551129
5448,0.043253067153258246
5449,0.0026462638320914004
5450,0.977747046490332
5451,0.0027614472854884
5452,0.9677487258171515
5453,0.13017947272541974
5454,0.05345350597460925
5455,0.9538591764642399
5456,0.010088904345087649
5457,0.041818389774120654
5458,0.0048387425107758
5459,0.9428863058788965
5460,0.968396757076836
5461,0.01752281385099665
5462,0.02684679903099555
5463,0.03335690851898545
5464,0.008153349270956449
5465,0.16343175996017975
5466,0.7999843198378968
5467,0.993252020563818
5468,0.07143298903957185
5469,0.05360820474737695
5470,0.9967798836245684
5471,0.37607646225509916
5472,0.0751065088502723
5473,0.00416577281971555
5474,0.22345629031602737
5475,0.0056026374156191005
5476,0.038620566455883645
5477,0.9244976400466057
5478,0.2183239473349374
5479,0.9530242496569679
5480,0.06319841660829335
5481,0.08514047603013189
5482,0.01352250975978595
5483,0.38426914576865423
5484,0.7770542623653003
5485,0.18734773890404105
5486,0.0393423549112875
5487,0.3954314412593183
5488,0.28799152579966536
5489,0.1654899667614643
5490,0.0358853012926053
5491,0.7851371822999629
5492,0.06915994316399546
5493,0.017816186070805998
5494,0.7964075095425077
5495,0.8370340739568041
5496,0.010444746002569
5497,0.17935078998388432
5498,0.0265402331339381
5499,0.00601240366981885
5500,0.0045073813823418
5501,0.1715614361582484
5502,0.01692795636541315
5503,0.04839996568636455
5504,0.9874359274999106
5505,0.9812877208953208
5506,0.0229948345638968
5507,0.2914160144862341
5508,0.051870558063532746
5509,0.9868166402436436
5510,0.009497439013911799
5511,0.9941832091109284
5512,0.0051562570069809
5513,0.02824006615179975
5514,0.3418230743485974
5515,0.005289328125488201
5516,0.05289843760574525
5517,0.1078914201570049
5518,0.23666023751831688
5519,0.02465763118130465
5520,0.022870085191784
5521,0.9973851090403378
5522,0.820276212794103
5523,0.21188002288375846
5524,0.9768469068838124
5525,0.0939755336377728
5526,0.088238693183114
5527,0.8826880808872173
5528,0.00902756091673715
5529,0.02544256272903505
5530,0.0946726591833318
5531,0.04444677941991925
5532,0.11565310115152455
5533,0.09011539619480785
5534,0.27869983416817945
5535,0.03789330163595425
5536,0.09922886704334555
5537,0.04948940697495735
5538,0.00767365522795815
5539,0.05657440886496245
5540,0.8058218088848694
5541,0.0073191041526427005
5542,0.1953627754416
5543,0.00540128081277885
5544,0.01062365832419555
5545,0.8676219599934639
5546,0.5133581016193531
5547,0.06234636423614445
5548,0.05231745026403805
5549,0.989710276916896
5550,0.040354185614498855
5551,0.14339175093962342
5552,0.0334021587277967
5553,0.03706956156051085
5554,0.45564083065341654
5555,0.08063888904803784
5556,0.09141857619616035
5557,0.6313606969367529
5558,0.9809323798964216
5559,0.0909284885130152
5560,0.9801759634913865
5561,0.6362825449149301
5562,0.0048820539512252495
5563,0.0882403537087358
5564,0.014570480412006
5565,0.9908539436530632
5566,0.39907061926221604
5567,0.0233273957756964
5568,0.03633476402866305
5569,0.0710802922762041
5570,0.9848050955848806
5571,0.0226701008819937
5572,0.0022388927951144
5573,0.052289458136759545
5574,0.8342276334837049
5575,0.3778604512557443
5576,0.0333554834324149
5577,0.03330969042845805
5578,0.2062772732409402
5579,0.0155047873179452
5580,0.9929927795107919
5581,0.19531517138039584
5582,0.016940091271568848
5583,0.01507557775126175
5584,0.5453383115649122
5585,0.01360364765562585
5586,0.35332602922525636
5587,0.7323096889881144
5588,0.2256779772876489
5589,0.1872056380413759
5590,0.04753112483706995
5591,0.0205151746027368
5592,0.5164207514375125
5593,0.00589799049115015
5594,0.03598018712348025
5595,0.07180737923781615
5596,0.5977300539637365
5597,0.9752217766195507
5598,0.02800341023036585
5599,0.9335093020474974
5600,0.9717953649277756
5601,0.0856534092010111
5602,0.08086127273426566
5603,0.5660944366567483
5604,0.00572731350697985
5605,0.7568156941683535
5606,0.1704342717063544
5607,0.00316153120484485
5608,0.44354094858008297
5609,0.8309376082665061
5610,0.049598463667293896
5611,0.07111332258889974
5612,0.050619810148198455
5613,0.2068244957111639
5614,0.1498596095122551
5615,0.0021305450433107
5616,0.0467871421858161
5617,0.8680412159278057
5618,0.9980110744716123
5619,0.1208812343399684
5620,0.03974450572483905
5621,0.2290812879233954
5622,0.02040412017845255
5623,0.00415085843717075
5624,0.09709854693455565
5625,0.7355186404614793
5626,0.13175743238122606
5627,0.9980707551797559
5628,0.052919776043881095
5629,0.1644164755630885
5630,0.9786403965109229
5631,0.0172040918237981
5632,0.02688093099370625
5633,0.00594854238571535
5634,0.49214940525196815
5635,0.06620077270802766
5636,0.00293945691490515
5637,0.12105449419115136
5638,0.7891703071375942
5639,0.00352018820228715
5640,0.01815866903441985
5641,0.1558730448605023
5642,0.02384518069805565
5643,0.818957761953568
5644,0.0644289160304462
5645,0.0307134219202091
5646,0.775483413812482
5647,0.05256987550220145
5648,0.0262508809476988
5649,0.03826047359938825
5650,0.0098869209962715
5651,0.1595018464994018
5652,0.036425263292765145
5653,0.01064241011289005
5654,0.009521563830245449
5655,0.964029192353625
5656,0.20296569827098604
5657,0.20313459502264494
5658,0.0173948476752374
5659,0.11007372210088551
5660,0.024572859995263048
5661,0.8670676389953471
5662,0.044281491355174646
5663,0.2062852984697783
5664,0.0073700790205448
5665,0.9426785395373831
5666,0.08469687182166015
5667,0.949041950767403
5668,0.9980998591365722
5669,0.2808194814212702
5670,0.8956654814991276
5671,0.0640225464786662
5672,0.021964528267295502
5673,0.3288423842148086
5674,0.8391029935469836
5675,0.2245430055181627
5676,0.9971678742829138
5677,0.0620742571323193
5678,0.0793829148391347
5679,0.9843020136411837
5680,0.01880517157950835
5681,0.0438550049632458
5682,0.48119155327288976
5683,0.1902282753953885
5684,0.05038370280835695
5685,0.10802072769901386
5686,0.0908627270881517
5687,0.1633271588558195
5688,0.029462163714834552
5689,0.03027533844521325
5690,0.0181315808344922
5691,0.01106446648787505
5692,0.0252928280957013
5693,0.27094732779299735
5694,0.055549095651501
5695,0.42503498579368537
5696,0.38700965113735786
5697,0.27975342067504505
5698,0.047161635270282345
5699,0.38800977947699905
5700,0.06083927168045605
5701,0.9800833710658713
5702,0.08916071507643
5703,0.3053849723134814
5704,0.8823446927007466
5705,0.6885282471111024
5706,0.08956516159151025
5707,0.0256626772554922
5708,0.11125321807368624
5709,0.9075686783619512
5710,0.9651055381416187
5711,0.0727682732229969
5712,0.00260694578997435
5713,0.01523252802242365
5714,0.2862028907769132
5715,0.0243376949296795
5716,0.00302681444200315
5717,0.9407511967630753
5718,0.9483459466686908
5719,0.002298710250453
5720,0.44631721227688914
5721,0.00343666768647395
5722,0.9954757697861165
5723,0.5584518150303954
5724,0.0234974686570929
5725,0.0587026537580935
5726,0.30460656228845184
5727,0.9690909166651315
5728,0.84967230941418
5729,0.0067544196394036995
5730,0.3064459606686523
5731,0.9797857334722277
5732,0.01830452605190465
5733,0.2440246138983961
5734,0.9967271796839974
5735,0.022418766936387648
5736,0.0021264596026828
5737,0.9355665085247804
5738,0.8958001379265885
5739,0.00968565537002555
5740,0.22903294192324505
5741,0.05762514186781405
5742,0.11266791651292024
5743,0.9251054680020732
5744,0.273345033161252
5745,0.0058720483216605
5746,0.0281342931343204
5747,0.07962842004604526
5748,0.0664226223091988
5749,0.3187971578932737
5750,0.9775639597700151
5751,0.0040053840584291
5752,0.1122677809668057
5753,0.0219627631400414
5754,0.006872992855864049
5755,0.0465912543927439
5756,0.006912349545903
5757,0.2084319953478272
5758,0.9253132315908739
5759,0.2603630891632813
5760,0.02073013702819285
5761,0.004592200364012301
5762,0.4254028751313655
5763,0.9630313738525642
5764,0.00178155929532605
5765,0.7383294579240858
5766,0.9888580688941253
5767,0.04517316665627605
5768,0.8849065378447565
5769,0.0038942199189107504
5770,0.08082821800209405
5771,0.9981089053706964
5772,0.17856631264466394
5773,0.6540724815301067
5774,0.9587057030442522
5775,0.1144548069338011
5776,0.8687904890451097
5777,0.0026257260693098
5778,0.035083819086652604
5779,0.015554431441222951
5780,0.037277516623258455
5781,0.3753579452912674
5782,0.06664640780920875
5783,0.45159427831464793
5784,0.9648354459270005
5785,0.7702019710477896
5786,0.00198837050982465
5787,0.07474987157606014
5788,0.9795128698995144
5789,0.037031229520915754
5790,0.9851256698630525
5791,0.9983917072644501
5792,0.044299950695631696
5793,0.2248382881781211
5794,0.12255651512849314
5795,0.09774896944017264
5796,0.10731032815906034
5797,0.9418445613604041
5798,0.9921056441722806
5799,0.02514561998363815
5800,0.45380931034419625
5801,0.25720835446024715
5802,0.9584087393157439
5803,0.5041812878103071
5804,0.0537612826489724
5805,0.0870469733270472
5806,0.9160056500728924
5807,0.02329547673438965
5808,0.9985089120534769
5809,0.0126574467478974
5810,0.05080455014042115
5811,0.9600108183173427
5812,0.987500108383532
5813,0.9833352814224362
5814,0.9614248746999441
5815,0.9573474989812385
5816,0.9352348645173751
5817,0.9456482751697406
5818,0.030621520392525997
5819,0.9945767162028751
5820,0.28209759582242605
5821,0.0218853233912572
5822,0.9983703008617133
5823,0.009836956731966748
5824,0.8761901007378987
5825,0.044000445539052746
5826,0.02395272094060115
5827,0.015994722102429
5828,0.9533696620964237
5829,0.2681712444083114
5830,0.07136536519997255
5831,0.0891596059895796
5832,0.4962675702929866
5833,0.19583022385612953
5834,0.06987716311064884
5835,0.6181223201880468
5836,0.10511531016761175
5837,0.5916496843563346
5838,0.0169355767393192
5839,0.00383135962535205
5840,0.00598231527652035
5841,0.9380747003705789
5842,0.0834032219926229
5843,0.16699519216272696
5844,0.1604034602122594
5845,0.5664791962126932
5846,0.9308877687870586
5847,0.18362240510176545
5848,0.09765390679685049
5849,0.07140154770140031
5850,0.987796843225769
5851,0.9568856112008635
5852,0.8657800127509054
5853,0.09501566865529229
5854,0.8577627905428948
5855,0.00807091514365255
5856,0.12057282262147055
5857,0.0671230765607169
5858,0.6015982783506646
5859,0.0316613747671051
5860,0.9660154053891257
5861,0.0165105837155862
5862,0.6465837510589338
5863,0.1267339666799968
5864,0.1966816328988064
5865,0.14533539892915098
5866,0.0642905267282326
5867,0.08095801650544275
5868,0.05368338538821815
5869,0.06495510103125329
5870,0.0027456317718528
5871,0.1250605245089288
5872,0.00635372539657045
5873,0.09363731925407265
5874,0.9911185602765775
5875,0.998440294963421
5876,0.0611368044845755
5877,0.9653120445854343
5878,0.14111029029881755
5879,0.03767010169653145
5880,0.3292070979559172
5881,0.19681448118596767
5882,0.01916566883053945
5883,0.18564030225828404
5884,0.7860037397690094
5885,0.00891566494493165
5886,0.5464945543564671
5887,0.9344653265197339
5888,0.5807282064473136
5889,0.9543956896306778
5890,0.00702955819448655
5891,0.0361229551740793
5892,0.551239616477754
5893,0.04484535503861675
5894,0.0441744780816488
5895,0.10251473314136886
5896,0.011820951981524101
5897,0.0515486078679396
5898,0.7011382670694505
5899,0.12810488817566862
5900,0.09327962124367059
5901,0.710479898802487
5902,0.700249134688056
5903,0.9536922098950318
5904,0.9815080387539836
5905,0.5048491645238374
5906,0.04181013608300855
5907,0.987617813071777
5908,0.03204790143824275
5909,0.0704926309791385
5910,0.15189855299122906
5911,0.11184562447635066
5912,0.9685437154178083
5913,0.00443083257400995
5914,0.08193000526163774
5915,0.16597165466062658
5916,0.0053779495517528
5917,0.00927896880834515
5918,0.9531594307458844
5919,0.07064392161373495
5920,0.9840214092093006
5921,0.0582285395142564
5922,0.0712046852367048
5923,0.07354200854887219
5924,0.3107906213566496
5925,0.0764004569528163
5926,0.979160191815067
5927,0.17099937885151767
5928,0.062334061068316196
5929,0.0068529038355004
5930,0.0921032933150288
5931,0.914991272546319
5932,0.0418953698101324
5933,0.937380921307568
5934,0.5238191891997934
5935,0.25080816824064145
5936,0.0064200188321842
5937,0.07601764908969699
5938,0.3622238580688927
5939,0.0049632017387824
5940,0.9656651077444787
5941,0.05874360371193495
5942,0.0981543093490459
5943,0.09338856612043756
5944,0.44577498076192024
5945,0.9857216351039617
5946,0.05948565156195875
5947,0.06719301882472135
5948,0.09419006156164356
5949,0.7021448272712021
5950,0.00982296635225605
5951,0.4643583567321784
5952,0.10223437682949199
5953,0.4531846153591599
5954,0.4788163993556238
5955,0.0254612438143073
5956,0.9296631277769557
5957,0.8074037515374834
5958,0.7599537212503445
5959,0.2289824671870015
5960,0.0543704706265212
5961,0.00390292680084505
5962,0.22841681687378607
5963,0.005344375543607199
5964,0.8816799694810649
5965,0.14532888932839205
5966,0.03338581964036595
5967,0.006039513696848501
5968,0.062155259967521095
5969,0.7175506454486709
5970,0.9571188206962027
5971,0.0396515230349007
5972,0.9338548826199304
5973,0.1143070080447631
5974,0.8490173312399298
5975,0.6072851591254729
5976,0.0054559037528593
5977,0.32558671966392816
5978,0.2367866669590658
5979,0.9256154593610805
5980,0.2786775373711336
5981,0.29173687436993956
5982,0.04318372363598405
5983,0.0206673611620906
5984,0.9339114372331188
5985,0.0406052550719702
5986,0.14063579615462263
5987,0.02135958159853075
5988,0.724785524804241
5989,0.8792458805713742
5990,0.018568949603255898
5991,0.9866152568148951
5992,0.07889738452469569
5993,0.5177828282686767
5994,0.018717801590847752
5995,0.0485737476139243
5996,0.0490208840743306
5997,0.9459587889194455
5998,0.8005319442012654
5999,0.8481476439159467
6000,0.03129610738934685
6001,0.7218948782067234
6002,0.6500556801259532
6003,0.4020900869972478
6004,0.054987025293088646
6005,0.00486376902232355
6006,0.6981425473551477
6007,0.9638989514312466
6008,0.6470151615332516
6009,0.9541103719214217
6010,0.0286054304720697
6011,0.9568463741850151
6012,0.0905509401989952
6013,0.1813043631292227
6014,0.016683958780285453
6015,0.0663845014144975
6016,0.060110680451774506
6017,0.03231296891723055
6018,0.9980306733290776
6019,0.023417186501401697
6020,0.9726482962536986
6021,0.3540854511370952
6022,0.9704263537416852
6023,0.8872317214157255
6024,0.02089574825481005
6025,0.10457561469745666
6026,0.05331180523869075
6027,0.3310161698009175
6028,0.06759099081664145
6029,0.6796210344806503
6030,0.032532478815437305
6031,0.02234554538107365
6032,0.0688155121955987
6033,0.01848278257864385
6034,0.3640641283630176
6035,0.1670628955341582
6036,0.9551450154555715
6037,0.6228895528613326
6038,0.8961420583648037
6039,0.00723913614023225
6040,0.0589585641405162
6041,0.9717470657263059
6042,0.9668863407455266
6043,0.8469363964663006
6044,0.9515582068942862
6045,0.9053318813865233
6046,0.01090551641156325
6047,0.08360471879387821
6048,0.25790930122682165
6049,0.5281487395471697
6050,0.01785282309322285
6051,0.18493801676312774
6052,0.08266780041995345
6053,0.00177158025433995
6054,0.01871178931229525
6055,0.07592263372519956
6056,0.15614772145711814
6057,0.01661925871903605
6058,0.16680495463425066
6059,0.8054021687497108
6060,0.0152604278377734
6061,0.3809640493111873
6062,0.05241242163372125
6063,0.9536365827943449
6064,0.00716941543387705
6065,0.0287465939642823
6066,0.1710262068346316
6067,0.01134415619301615
6068,0.584186868884587
6069,0.0027315590949529497
6070,0.031132065070682998
6071,0.0160361435180261
6072,0.9983371241541195
6073,0.0173791970610448
6074,0.1799553495700959
6075,0.06303275036751005
6076,0.13306946582791052
6077,0.08417230057592309
6078,0.35438988504538144
6079,0.038642395227923246
6080,0.7597336383615862
6081,0.0088663579261324
6082,0.7377442820184543
6083,0.01053009906981495
6084,0.9846174514234401
6085,0.18050770616931744
6086,0.0364864350643431
6087,0.043467552117329195
6088,0.20173182619540575
6089,0.07263486836904776
6090,0.02270212520100745
6091,0.050998510251451856
6092,0.9757981891121694
6093,0.3081070468112304
6094,0.0308221453180076
6095,0.42371521977510657
6096,0.9637831813651435
6097,0.05517901206360005
6098,0.0023382017254435002
6099,0.9357959250531933
6100,0.9773898801113885
6101,0.8216560420256663
6102,0.09358525055130855
6103,0.2442614892879488
6104,0.08201951398742695
6105,0.00764639689224915
6106,0.024681518648941497
6107,0.7215367841304632
6108,0.9740433726266942
6109,0.0032002976938937
6110,0.3164431098586308
6111,0.9664350887708683
6112,0.0146456970069153
6113,0.00520040103423345
6114,0.0315494289203293
6115,0.9631767672900489
6116,0.707713325656154
6117,0.00436187226882505
6118,0.0592399033915048
6119,0.7089513929800396
6120,0.4223871757729044
6121,0.00931976354313825
6122,0.042066213911433156
6123,0.8818875137771606
6124,0.0905615568095743
6125,0.5614561675760117
6126,0.00316890294373
6127,0.9148485283019501
6128,0.00581971816014125
6129,0.8965503896693598
6130,0.0343981898549134
6131,0.0403081758937152
6132,0.9574997955495483
6133,0.10293140637735665
6134,0.5169457906973887
6135,0.05073176879730315
6136,0.8652660079737328
6137,0.12061295215710885
6138,0.01139195400397295
6139,0.138700517417212
6140,0.041623375668562904
6141,0.9982568440702995
6142,0.9078215557361193
6143,0.8862925133538194
6144,0.02618820377376345
6145,0.970746174733088
6146,0.6107486014918168
6147,0.03547605070779765
6148,0.7501583412590325
6149,0.22063480463231427
6150,0.01715230303039765
6151,0.0421000907265321
6152,0.03769284689791825
6153,0.0237953411479595
6154,0.8402032332894688
6155,0.01303582975443595
6156,0.3531700099908811
6157,0.0558858662329355
6158,0.18452786359468348
6159,0.03145021783310495
6160,0.7102130253906578
6161,0.5584113393402632
6162,0.9555417990840172
6163,0.8414059774828612
6164,0.026494098783181548
6165,0.26324368257583886
6166,0.9623153902701538
6167,0.9908245712849317
6168,0.7821751328917665
6169,0.4126914728586256
6170,0.773095045497409
6171,0.15523142749636076
6172,0.8227944091511723
6173,0.11024486133105074
6174,0.4277949723074792
6175,0.7924280950208176
6176,0.0129532473078385
6177,0.05930575484678605
6178,0.911572628016712
6179,0.09382716860767346
6180,0.6435609451880862
6181,0.9679242864807175
6182,0.1537927675752014
6183,0.0273672904382154
6184,0.13612182205055712
6185,0.6230276394306011
6186,0.36884743644377127
6187,0.0035469047799899
6188,0.0474783174678809
6189,0.14704592085647172
6190,0.1171722598176562
6191,0.9980551331358574
6192,0.2301129357966002
6193,0.03486642758600595
6194,0.9850810429074799
6195,0.011070977360653
6196,0.9752685624256692
6197,0.982309863220609
6198,0.8482520780952285
6199,0.0366507099800432
6200,0.9751777435054951
6201,0.0086829951639159
6202,0.015037189802760649
6203,0.01832561568684125
6204,0.14779731647899558
6205,0.023481433947164
6206,0.02805036566029665
6207,0.02866255872705805
6208,0.9842619208995248
6209,0.2303171668036014
6210,0.46339985318720056
6211,0.928962826973631
6212,0.01369109976141445
6213,0.009558185058281751
6214,0.4952128057492555
6215,0.049995568624237055
6216,0.03222452723161515
6217,0.0405412383023252
6218,0.19475174511926574
6219,0.1432973737950513
6220,0.0657593441635491
6221,0.7479879094357502
6222,0.01420519966292125
6223,0.010046206735914501
6224,0.009031404373311201
6225,0.0032530704944121
6226,0.0047046247039600995
6227,0.0197081630765389
6228,0.030790581573956
6229,0.9646908700449845
6230,0.0021009595329757004
6231,0.07359089127294245
6232,0.08079262936182476
6233,0.0334639281268992
6234,0.9972561705903766
6235,0.49914849175388576
6236,0.11889244260957149
6237,0.2798730920837293
6238,0.0609523565906202
6239,0.7670556466322136
6240,0.019637118758729852
6241,0.42574055513724784
6242,0.0104764531728076
6243,0.012194401577179
6244,0.00148365505219735
6245,0.0023566506574527997
6246,0.976716312566509
6247,0.0506607185120542
6248,0.008351894639861301
6249,0.2502658590221014
6250,0.3657641419484564
6251,0.08200939742623681
6252,0.8857604258728506
6253,0.7684054766997384
6254,0.9281802657096061
6255,0.9547195750496889
6256,0.9944056216117122
6257,0.447762147957404
6258,0.9964820047290937
6259,0.0118901866415632
6260,0.00515544722061605
6261,0.058844768404486256
6262,0.07662976468009586
6263,0.2546490038812778
6264,0.5592049200798297
6265,0.06433714721787635
6266,0.9735779565767909
6267,0.050187209149542555
6268,0.0560352817368666
6269,0.008468057555288951
6270,0.07271900757820596
6271,0.0213552044482078
6272,0.1506789502310186
6273,0.03297969560064565
6274,0.15479935394645844
6275,0.006128517171027199
6276,0.9809375569406866
6277,0.05440486908405165
6278,0.086379042335541
6279,0.9882536083199642
6280,0.12883943130053305
6281,0.00285343192946865
6282,0.1356118258722459
6283,0.2706639977527566
6284,0.6592195094854094
6285,0.37690701150875444
6286,0.025311022225917648
6287,0.028765160644742098
6288,0.9880419140518285
6289,0.7294830350813793
6290,0.05236474480169505
6291,0.07405361799597335
6292,0.0346232914515744
6293,0.11373531274295776
6294,0.8124778004069881
6295,0.06760267673401266
6296,0.7425330668001082
6297,0.0181667881495989
6298,0.17298000331238966
6299,0.9778373876059108
6300,0.8680883613685033
6301,0.0146001873609236
6302,0.0196676384221702
6303,0.0189736003734573
6304,0.5425161190642169
6305,0.9040539178734888
6306,0.7830445497941834
6307,0.4379821412810116
6308,0.5389445848788328
6309,0.024539906830220552
6310,0.7454995000500697
6311,0.6485189788600672
6312,0.9614966166791099
6313,0.9976948914531507
6314,0.034100877451574446
6315,0.44975170277678644
6316,0.34206117587462337
6317,0.0297109677906526
6318,0.2902645922097752
6319,0.1163995956581752
6320,0.12485986847074446
6321,0.0033161858955082
6322,0.9986879022214312
6323,0.0025494534758845
6324,0.2144386201738891
6325,0.00312265429274055
6326,0.00690576718828035
6327,0.2725774777188994
6328,0.00780366179848285
6329,0.040267501485691554
6330,0.7177425681053516
6331,0.01513426900673955
6332,0.9978312674994432
6333,0.9420233161726299
6334,0.0060339468729919
6335,0.991250255037612
6336,0.31020947955704076
6337,0.6290520086078737
6338,0.14365424649467773
6339,0.2234134043662299
6340,0.0064567648763487
6341,0.0204701899172636
6342,0.7702728879594782
6343,0.02407478450938
6344,0.1095734631420652
6345,0.0167998958786261
6346,0.15395979522769576
6347,0.04132198465657215
6348,0.07101058466914835
6349,0.9436651991791909
6350,0.8523953123413646
6351,0.35198666041875726
6352,0.5664374702115806
6353,0.0487805275877477
6354,0.01466621484040415
6355,0.1081469467154606
6356,0.15510771994310008
6357,0.15900466436845556
6358,0.0039618776274323
6359,0.27156638163909075
6360,0.15019138129146534
6361,0.2090921855747177
6362,0.0199893365816741
6363,0.9809774662019883
6364,0.010142234361025751
6365,0.03261749678219185
6366,0.00346641603941425
6367,0.050528882533200356
6368,0.2119342550115911
6369,0.9482055258747544
6370,0.4315756782384773
6371,0.0386996986747367
6372,0.0055137509558831
6373,0.32983939469667806
6374,0.06209622440238925
6375,0.38466281530604046
6376,0.47933542158975956
6377,0.12190794664536671
6378,0.0162346939525344
6379,0.0172096975723975
6380,0.00606504140412835
6381,0.3174497092591191
6382,0.03463321935696265
6383,0.03337444629226885
6384,0.0490847369021743
6385,0.9958115698098207
6386,0.1095647174175536
6387,0.0207763428040154
6388,0.8132664968937817
6389,0.6474990980177772
6390,0.7760934281634368
6391,0.915746203843429
6392,0.036038476063887104
6393,0.01554763621657165
6394,0.0117878750124981
6395,0.8327314204878982
6396,0.2547629007072237
6397,0.9806847974534221
6398,0.949321616988456
6399,0.9536197391722063
6400,0.845736920787011
6401,0.9893814501305735
6402,0.924297365168909
6403,0.00164737838102635
6404,0.0031180873454566497
6405,0.5121459047567163
6406,0.9623251519732234
6407,0.9339233155228859
6408,0.451847960695851
6409,0.643904959060172
6410,0.0178415451324264
6411,0.2729812916286509
6412,0.2942613623184675
6413,0.9416145736487208
6414,0.0025786462431203
6415,0.9772439874200348
6416,0.11975274343366216
6417,0.5181042028717637
6418,0.045285570105596945
6419,0.0744146644074805
6420,0.3378155477240409
6421,0.08727147713627725
6422,0.04243558772209665
6423,0.09946984003518494
6424,0.9443884043060785
6425,0.6240272047056589
6426,0.20646254824653834
6427,0.16498476371827805
6428,0.1494449362048158
6429,0.9791193386145417
6430,0.9883527125397483
6431,0.050178827168132004
6432,0.0989628604314324
6433,0.0021913588754462
6434,0.06994992280841225
6435,0.06434297635133976
6436,0.09503660871565861
6437,0.988112873738552
6438,0.07357537929886379
6439,0.05385686916576775
6440,0.0225323315531952
6441,0.03031549731067615
6442,0.015423545255642351
6443,0.00966118275347335
6444,0.9349627459883663
6445,0.927392261981282
6446,0.1420917020797495
6447,0.023280497103955848
6448,0.009533035592592099
6449,0.653755747584824
6450,0.0296255746682674
6451,0.6565997266646821
6452,0.0623825203372568
6453,0.01302632747353245
6454,0.24558921090924068
6455,0.1106217819615446
6456,0.8958288410756364
6457,0.0489114967860326
6458,0.5939069989762374
6459,0.0110149585673449
6460,0.023523331965449153
6461,0.08243384224049169
6462,0.0221441897591288
6463,0.00388261059603445
6464,0.9598122621300711
6465,0.49246213325668653
6466,0.09003067985492065
6467,0.35944843162528417
6468,0.033002478837434554
6469,0.9763365987747477
6470,0.929566008717995
6471,0.3758585654347333
6472,0.0327752842311631
6473,0.06296530951184776
6474,0.3163176399628757
6475,0.08648588494952045
6476,0.19543640517439503
6477,0.00466123837256445
6478,0.10625226757508525
6479,0.7358939081848048
6480,0.01298443193182185
6481,0.023763878111375203
6482,0.6740438457091005
6483,0.0598775973830923
6484,0.053261260719199705
6485,0.1482800013839659
6486,0.38675409324088017
6487,0.018093201526366752
6488,0.04420287260763425
6489,0.0144002930226611
6490,0.4725295677986314
6491,0.12818201798198453
6492,0.9802686575426256
6493,0.0322899875787732
6494,0.10346959295825006
6495,0.1751683055489239
6496,0.052822784753371044
6497,0.9655349104494796
6498,0.6996482041535363
6499,0.2541974112163473
6500,0.9981229643615168
6501,0.9972003059123533
6502,0.00683985636863395
6503,0.9596803061154748
6504,0.0078120789187225495
6505,0.9216473729640859
6506,0.9987196281339867
6507,0.13960903901886274
6508,0.09036734762937926
6509,0.0741090169143569
6510,0.16044097588945394
6511,0.9917955496784623
6512,0.039850484616252305
6513,0.9741932223367248
6514,0.01007667801252735
6515,0.0544064557964995
6516,0.0041198545859213
6517,0.041229568441690054
6518,0.1403421784932623
6519,0.0908223740041668
6520,0.9064413732627418
6521,0.1007896341920687
6522,0.0019856789674403503
6523,0.460877251219033
6524,0.07378081194033535
6525,0.19969858843341098
6526,0.10154283004017245
6527,0.0060906549228793
6528,0.0073187935369105495
6529,0.016792452619172102
6530,0.0060415138470993005
6531,0.9633498959067406
6532,0.2766157824392395
6533,0.43542414200718205
6534,0.7695837989712855
6535,0.1101458481944217
6536,0.7783910500593572
6537,0.0264054957529472
6538,0.0055810294241285
6539,0.1363605441389032
6540,0.046278869182678845
6541,0.9485933622823868
6542,0.01037745480273125
6543,0.0283705754426271
6544,0.0182999481915763
6545,0.07836174230302104
6546,0.0869764931748645
6547,0.8784824634983427
6548,0.12109380394664565
6549,0.9859608086421587
6550,0.061960710387179145
6551,0.14122392578069526
6552,0.6110384146887846
6553,0.0653687820868031
6554,0.05578053839663474
6555,0.5757208116646713
6556,0.9930037402622882
6557,0.41521983672493246
6558,0.9753489733486154
6559,0.6957658757373355
6560,0.8296301711402165
6561,0.19287629790393235
6562,0.5411267646393769
6563,0.9752248162119249
6564,0.012962498372715452
6565,0.47550789086388545
6566,0.9699256825190014
6567,0.1311149154471462
6568,0.20151747375959117
6569,0.5316838427833488
6570,0.07148424776895626
6571,0.0310465257095432
6572,0.0472379298442636
6573,0.9844236011630514
6574,0.0681742189723579
6575,0.5744957297037476
6576,0.11420408143889504
6577,0.06799438560750881
6578,0.1117354355725037
6579,0.21638618388680303
6580,0.0038654761818505
6581,0.0036333163572631
6582,0.09739167401960415
6583,0.13422619133200875
6584,0.7594829264184201
6585,0.10107024177151225
6586,0.5268626975089582
6587,0.9204271008144318
6588,0.00712006533900055
6589,0.08951695909188705
6590,0.01791901716345695
6591,0.02888788443273805
6592,0.052902956702815446
6593,0.08215708622219965
6594,0.19518151599620787
6595,0.5659048098001276
6596,0.05764602452426635
6597,0.0132525944301525
6598,0.2954618550353223
6599,0.9471878858099299
6600,0.2644458179687055
6601,0.77193812771043
6602,0.0246476179944771
6603,0.5226217564136035
6604,0.00767974026336205
6605,0.0428987199329008
6606,0.7415424641624913
6607,0.0150358099164879
6608,0.8555731765493018
6609,0.01045221595050615
6610,0.0384162320185433
6611,0.041938939603837946
6612,0.9577857720866164
6613,0.0205500895649672
6614,0.26806485837005745
6615,0.09737829767941675
6616,0.0167405396423288
6617,0.01949607718334185
6618,0.9594677310933615
6619,0.0647705189551518
6620,0.3655573131347496
6621,0.9979237015725836
6622,0.947706574455929
6623,0.0038070624817699997
6624,0.053834479185352654
6625,0.1044942145276418
6626,0.1082649303453684
6627,0.031419012723178555
6628,0.008801146904608249
6629,0.01984979963287005
6630,0.173740691533394
6631,0.0276911020402411
6632,0.03034919747435305
6633,0.15137021533065032
6634,0.01706119530513415
6635,0.1925191564741249
6636,0.02044174486109615
6637,0.04999145623778115
6638,0.0546830929941101
6639,0.9688144996836692
6640,0.01716245723505245
6641,0.0644758679439414
6642,0.9710691961895743
6643,0.1290300020490085
6644,0.18535495887471365
6645,0.28917742731436313
6646,0.9213932825929314
6647,0.17874553166337245
6648,0.9143205624920198
6649,0.9122060704549705
6650,0.18470271537293392
6651,0.9434050351134162
6652,0.4306329347546501
6653,0.2190512877963661
6654,0.14929182140259661
6655,0.11831145588471409
6656,0.00282037115967585
6657,0.7396435805952839
6658,0.05370699860161065
6659,0.978361157055962
6660,0.04334664804073925
6661,0.1583685239311563
6662,0.9834345723353307
6663,0.03056628241363565
6664,0.0455824576210353
6665,0.9228767947004997
6666,0.06917071695008115
6667,0.39381481317226197
6668,0.0370225977473981
6669,0.21200624133476986
6670,0.11377403051790999
6671,0.9574522315214864
6672,0.031535556205909504
6673,0.00388800101784435
6674,0.0737310744704675
6675,0.5164263872537906
6676,0.2703652931850653
6677,0.03203424524967245
6678,0.26617390941627317
6679,0.10490969015096355
6680,0.2610059609463632
6681,0.3801767264131559
6682,0.0218511301777917
6683,0.1309118498378627
6684,0.09833371589229035
6685,0.9819075956633815
6686,0.6992856344769769
6687,0.0026887652340640998
6688,0.00305856556877355
6689,0.9036541683212814
6690,0.9808570357919284
6691,0.9974956365011614
6692,0.0072835465904386
6693,0.37140653960769754
6694,0.0420240559822557
6695,0.9478069829853446
6696,0.08734103476854005
6697,0.05326244882824925
6698,0.9843656756837053
6699,0.7825253306506822
6700,0.3754211227113968
6701,0.01330025890001355
6702,0.9343263752149852
6703,0.9387186705639706
6704,0.14380169698096373
6705,0.9812251810860956
6706,0.020979844545894098
6707,0.05298130189437615
6708,0.0382841007865881
6709,0.1562108945206125
6710,0.08998440851047855
6711,0.0504973967777049
6712,0.0035716970794965504
6713,0.44472983959506507
6714,0.9684113058387223
6715,0.025377027573412002
6716,0.046797836732220655
6717,0.8498696193950938
6718,0.9719331600787262
6719,0.10126598410556265
6720,0.00248375310615945
6721,0.0015052141803407
6722,0.6674558441613923
6723,0.05170558654731785
6724,0.0045795250178573
6725,0.9986126570563347
6726,0.9199900946149007
6727,0.9334501539513342
6728,0.028753200246688898
6729,0.9623269538717422
6730,0.2818783214561512
6731,0.21089401123559282
6732,0.12085166293475025
6733,0.9879113155909223
6734,0.0153698690806762
6735,0.9951963983552341
6736,0.3262650257450449
6737,0.997223296004548
6738,0.9841210361536715
6739,0.0021355310264603
6740,0.00724384687978725
6741,0.0047883901549851
6742,0.11259030737487336
6743,0.06683811498669279
6744,0.0269318448863326
6745,0.00342843974105265
6746,0.7353905662732418
6747,0.5282251135789151
6748,0.8979635409899902
6749,0.11625714811462834
6750,0.9809504179104097
6751,0.27710528009537777
6752,0.0147017227039438
6753,0.27804209152989945
6754,0.0081819147931267
6755,0.2192241432879254
6756,0.9617357909973351
6757,0.09888180489175821
6758,0.708610179037608
6759,0.02565626636620455
6760,0.07072913544968225
6761,0.022565384180037548
6762,0.9495281171407154
6763,0.00298708583570035
6764,0.04727055104360035
6765,0.16466291273754596
6766,0.9234976702483972
6767,0.9851514906658048
6768,0.9390534393152936
6769,0.0270040673880933
6770,0.02099209898182195
6771,0.0280947134961232
6772,0.9674576386699003
6773,0.0251375920024343
6774,0.0073862384581045
6775,0.0363413340595609
6776,0.1286675459486665
6777,0.0624953975212833
6778,0.031931607169839005
6779,0.19964146552667072
6780,0.8044359100719928
6781,0.012413995462336201
6782,0.07061794116301101
6783,0.12938454618637865
6784,0.0046008738989549
6785,0.7441016791524555
6786,0.7453000963506864
6787,0.8366415581733679
6788,0.8627889552988577
6789,0.1044444500242745
6790,0.01679542244290335
6791,0.6594177259132187
6792,0.9685825978444529
6793,0.0997392260054541
6794,0.3070744197394065
6795,0.9579689803866438
6796,0.6553736084672792
6797,0.083001995993671
6798,0.4081459178839884
6799,0.0274231111899345
6800,0.7470166353034516
6801,0.6952499946351266
6802,0.29581408042207347
6803,0.09264508693639839
6804,0.4255311647000509
6805,0.00420771422886325
6806,0.7542938809891908
6807,0.0044269928401658
6808,0.0380467026715653
6809,0.1254003033753801
6810,0.7539067949095228
6811,0.0285723976455074
6812,0.01890036094601895
6813,0.8973272197462161
6814,0.02808261256244245
6815,0.21643623482680735
6816,0.03321707901453775
6817,0.0145617212772248
6818,0.9853891126741978
6819,0.01326363558225745
6820,0.0544872266001832
6821,0.9539669934477986
6822,0.0093783615720009
6823,0.1876058365128786
6824,0.01871595521053725
6825,0.032830114381663444
6826,0.0744944108044853
6827,0.00327557835161705
6828,0.965612924593507
6829,0.0021899204950446
6830,0.9899608088463954
6831,0.0433671193510472
6832,0.010193820914808551
6833,0.06408790879196165
6834,0.01917842051575365
6835,0.6814017112573165
6836,0.6254953277707864
6837,0.9984161974716008
6838,0.22422970136517406
6839,0.12129923962147635
6840,0.8536714677528942
6841,0.058374053649001
6842,0.8795751594050967
6843,0.0017459467007136498
6844,0.08773982569746035
6845,0.9905583202716419
6846,0.1821357592363254
6847,0.009079265415895401
6848,0.7732841223208469
6849,0.02465250766903835
6850,0.02099268208435355
6851,0.6353976023750149
6852,0.10152937977929535
6853,0.7645925460091136
6854,0.07065853266539475
6855,0.04254210971254785
6856,0.09473848626400294
6857,0.8653961793336833
6858,0.983315142764433
6859,0.9325580946331382
6860,0.8938165809640558
6861,0.01898584826132075
6862,0.08743381350919935
6863,0.03355276473323365
6864,0.13149700092803654
6865,0.00253643606850435
6866,0.20268463411662535
6867,0.4405349748346185
6868,0.7490564240025457
6869,0.15108965926906953
6870,0.8422370513022595
6871,0.944742241990377
6872,0.01028366932433445
6873,0.1423526158428611
6874,0.0623855156459739
6875,0.1422392375887243
6876,0.9739871376201963
6877,0.7873564978941512
6878,0.0100000723882754
6879,0.029433829878967803
6880,0.04642119369344725
6881,0.3421071730007741
6882,0.910213852351929
6883,0.5453545515744802
6884,0.1578232998407161
6885,0.04862901098325585
6886,0.9913053212234049
6887,0.8065363461027011
6888,0.7280073814917607
6889,0.09378983294475016
6890,0.9726975681785892
6891,0.059799438304853444
6892,0.00734428491319615
6893,0.0504516478849015
6894,0.1333415096380861
6895,0.0544025766671637
6896,0.9986276128263105
6897,0.06803555313599215
6898,0.9639051704996877
6899,0.0130732562921372
6900,0.4648831566856082
6901,0.0062912308067278
6902,0.03834440425533335
6903,0.04098602879603215
6904,0.0326231460824884
6905,0.9905585503929
6906,0.8600072926766029
6907,0.059901839516032854
6908,0.05050798923960425
6909,0.0035993395810903
6910,0.7948975544593531
6911,0.01257553047462905
6912,0.9862484577776045
6913,0.9821415596460641
6914,0.00346600774553505
6915,0.02812999094445195
6916,0.9775752621761364
6917,0.3067934204245002
6918,0.7146821448392177
6919,0.010171034334732251
6920,0.037721791690679005
6921,0.6266442638451794
6922,0.00242097037130695
6923,0.0268500897773516
6924,0.03766053549665915
6925,0.0110876674869304
6926,0.5711831394963507
6927,0.010052708090010999
6928,0.00247052541124525
6929,0.01232100761633545
6930,0.3286184169266464
6931,0.1040505913498687
6932,0.0530188548727768
6933,0.8094203146015913
6934,0.0468309306910495
6935,0.2252264681487443
6936,0.0045051095733775505
6937,0.004251936195877951
6938,0.2515210430713429
6939,0.0501619500495284
6940,0.9264319866194299
6941,0.00358521401270005
6942,0.8833484665851625
6943,0.0466665551608229
6944,0.9244183156439949
6945,0.667224013915628
6946,0.0028242969115422
6947,0.8245412772453639
6948,0.00934241078649845
6949,0.09198685516286714
6950,0.9140857734077028
6951,0.6911271608542827
6952,0.06942634533850205
6953,0.00312860254585525
6954,0.01756975515860635
6955,0.9199202770289279
6956,0.059032602287437896
6957,0.998543484371899
6958,0.9242493471879238
6959,0.0798497663176984
6960,0.09553090606124195
6961,0.16239959201799464
6962,0.5891971204297177
6963,0.04021794662078295
6964,0.49838169552168576
6965,0.00865243245893345
6966,0.0317253732912696
6967,0.0168147082151923
6968,0.9852892956791672
6969,0.9961353939764038
6970,0.0017673205178987
6971,0.0029912642695558997
6972,0.08059378595327615
6973,0.01993066475557725
6974,0.35936182860543425
6975,0.1105631934937172
6976,0.01695726186064105
6977,0.09300229537486321
6978,0.00987621699209325
6979,0.02777464687711005
6980,0.5432844602572424
6981,0.07345796707296445
6982,0.9986773890464102
6983,0.25682066487063765
6984,0.03330462197424065
6985,0.3755059769637752
6986,0.8620757981295851
6987,0.1119282960071135
6988,0.0619090115316842
6989,0.00719756564418565
6990,0.00871491422233805
6991,0.0064629133619495
6992,0.05832363048236375
6993,0.9400632530118094
6994,0.8564214422369445
6995,0.0461378710966177
6996,0.46003510159314787
6997,0.9132069374484669
6998,0.007400960321596151
6999,0.056590095176758254
7000,0.5015099067636013
7001,0.12861691155367086
7002,0.09074222565590714
7003,0.14357709756695386
7004,0.00207234998566645
7005,0.0664418580189448
7006,0.0055153501272905
7007,0.9680205397840284
7008,0.06684084898484034
7009,0.03297062959285995
7010,0.14327633214334334
7011,0.9209993324295385
7012,0.005399673781389299
7013,0.4290716625545262
7014,0.7200506010160199
7015,0.0043428917658587
7016,0.9341417384682367
7017,0.06254343693132385
7018,0.3242662874764324
7019,0.025660558451589953
7020,0.018436639948413498
7021,0.0105577478076409
7022,0.3844706731366666
7023,0.24233865442046337
7024,0.7723573548700733
7025,0.03470143432058255
7026,0.01458396626118185
7027,0.03937009754663975
7028,0.06398861531531524
7029,0.074687536532841
7030,0.23952567229370464
7031,0.9807126265687359
7032,0.0083819945775203
7033,0.907466291366428
7034,0.1192684963924558
7035,0.28931305878290664
7036,0.849624166831318
7037,0.9523854461478773
7038,0.02504537349270215
7039,0.0022927710273511
7040,0.08396830048829505
7041,0.951617023433759
7042,0.0056825859008960995
7043,0.6129723533536725
7044,0.026830968124210403
7045,0.19202557380419022
7046,0.6138093312912689
7047,0.9202100691522928
7048,0.9488329525982762
7049,0.43885984808058986
7050,0.13867927228197363
7051,0.03278566860284485
7052,0.02743041715310615
7053,0.09775225541139256
7054,0.0164066504240451
7055,0.11267217420497715
7056,0.16578126677642407
7057,0.2368796475139795
7058,0.6320032189011432
7059,0.05756664209333055
7060,0.0173267702460713
7061,0.8358220403694927
7062,0.951483548439692
7063,0.0443279274613014
7064,0.04885593820463595
7065,0.17338700199226875
7066,0.1583836028733384
7067,0.0344261831615262
7068,0.0541183114640384
7069,0.9585086927181337
7070,0.9897218798109912
7071,0.08780792563069245
7072,0.00642171005605085
7073,0.037357378318763595
7074,0.058205010313567646
7075,0.9985917871123289
7076,0.5227826672351477
7077,0.9899748706615563
7078,0.9312985229350368
7079,0.42728973877332244
7080,0.04762324240600195
7081,0.2219506055291523
7082,0.03093491774523755
7083,0.7869292933556565
7084,0.0746802716843803
7085,0.5949407950791661
7086,0.294203615476324
7087,0.009692754311093999
7088,0.0160957377189562
7089,0.9319998307638224
7090,0.10519166834786485
7091,0.3364865916066579
7092,0.025015949241855052
7093,0.7206242413415653
7094,0.7336512240126161
7095,0.5284724716157544
7096,0.2071840337772467
7097,0.024488854568127202
7098,0.9850785448675927
7099,0.00427423061443265
7100,0.9986854397916688
7101,0.8714509442922869
7102,0.47841189155991554
7103,0.9984988321911832
7104,0.0023911705597949497
7105,0.0329149258287023
7106,0.0059489719765519
7107,0.11014467030988355
7108,0.0411930576719396
7109,0.002855024429922
7110,0.00332558823297135
7111,0.441504121490025
7112,0.22413980311623272
7113,0.2496796381780057
7114,0.9896108269585671
7115,0.02241131550423905
7116,0.042832609365288155
7117,0.4762202807740439
7118,0.0213954764928156
7119,0.21942518771700245
7120,0.14469828133098384
7121,0.0138565969498378
7122,0.0316817673019445
7123,0.03939236162812295
7124,0.7617295349564219
7125,0.028663739536569997
7126,0.4504766942454086
7127,0.1620257295117064
7128,0.10429496005581701
7129,0.9398614770932783
7130,0.03179812864895055
7131,0.968823186731459
7132,0.2595131991283022
7133,0.008969559746836251
7134,0.964670387796287
7135,0.4497297049634914
7136,0.0605437478056053
7137,0.11779543079007104
7138,0.7494023571337625
7139,0.0326378736894815
7140,0.047259230993590445
7141,0.01379815105385415
7142,0.046823598513138345
7143,0.0049973060446934
7144,0.9656985612685525
7145,0.13894501637713985
7146,0.031024461885883203
7147,0.00222173676526775
7148,0.9974911313474003
7149,0.0886452490241944
7150,0.03459458117429125
7151,0.011982747751153
7152,0.08773294976000545
7153,0.4573314742453726
7154,0.06769772425618045
7155,0.19811182445735392
7156,0.007050856486329899
7157,0.02938954010295565
7158,0.01091452579782755
7159,0.029777815213207548
7160,0.0322610830485706
7161,0.9777462554617609
7162,0.0019413038367277501
7163,0.8956431018012869
7164,0.9981493633463754
7165,0.024155856346554552
7166,0.09442891327333165
7167,0.5819954091470474
7168,0.9893456718283347
7169,0.2370775170248524
7170,0.9844325002355475
7171,0.4566614943507215
7172,0.968687878024998
7173,0.9562889502348436
7174,0.0274974568574562
7175,0.0769089789271255
7176,0.5409957926937861
7177,0.8827585231502345
7178,0.4401765392086807
7179,0.010820681908638
7180,0.03956717454336365
7181,0.1787102248412278
7182,0.0716513605900554
7183,0.9270662953974025
7184,0.018002499014748048
7185,0.3506041669466094
7186,0.8781542814531601
7187,0.031264208592373
7188,0.7758239978115814
7189,0.6589855684136386
7190,0.0355375109643814
7191,0.09473474050389716
7192,0.022427465952098248
7193,0.5786555728700247
7194,0.0313050356091086
7195,0.9909373803051983
7196,0.02352417564570105
7197,0.00542239340380155
7198,0.033053901148741696
7199,0.15938509366836284
7200,0.03053821504676245
7201,0.04901592606771635
7202,0.12995887949144544
7203,0.01837787739954445
7204,0.1284369179302279
7205,0.13644274634849185
7206,0.8391469630220219
7207,0.9758097151464515
7208,0.6796062378924181
7209,0.7738950007359301
7210,0.8734648767578987
7211,0.0288559339555217
7212,0.4589848115596754
7213,0.9862556099327342
7214,0.0574369857933409
7215,0.031112629233258603
7216,0.021584738145308452
7217,0.23141325561090192
7218,0.0639471761700923
7219,0.0052674684288341
7220,0.5440377325768786
7221,0.49439408514693506
7222,0.00196378929570935
7223,0.973347701856702
7224,0.9572558578450445
7225,0.08813729578374015
7226,0.02626568050498755
7227,0.014709909950329201
7228,0.1735482761534174
7229,0.10277474494056371
7230,0.9601618519791311
7231,0.05286332986826335
7232,0.4579064382677437
7233,0.05080906260639305
7234,0.9845358844858119
7235,0.07038723194533765
7236,0.02799486978068645
7237,0.3240211777207419
7238,0.7395231029236671
7239,0.45043971478244105
7240,0.00381566531994585
7241,0.4064723489414054
7242,0.21300631133133685
7243,0.0168449872635026
7244,0.9488653596611936
7245,0.08811828478438966
7246,0.0648843270837289
7247,0.07800133792727165
7248,0.954399278294316
7249,0.21706122928984925
7250,0.0062704457881044996
7251,0.5183584080688356
7252,0.2580202078778049
7253,0.3643787119510743
7254,0.06664698223630469
7255,0.13881794605821218
7256,0.6261738963276282
7257,0.6218589739582119
7258,0.0683639490660911
7259,0.07051318089022825
7260,0.7438787903610713
7261,0.959719272091226
7262,0.055536010234181254
7263,0.9513206619568517
7264,0.041707756898139145
7265,0.1987982988520225
7266,0.05091461050148455
7267,0.017264311458010398
7268,0.00507665709260485
7269,0.05968070984257505
7270,0.021213976935687648
7271,0.03424674930777785
7272,0.35835175381278916
7273,0.08802440671471576
7274,0.00750069565150235
7275,0.9136000400497706
7276,0.0024289945306510997
7277,0.0491549006065582
7278,0.1972865431439585
7279,0.0645430101131377
7280,0.055761384096990704
7281,0.7728353937155042
7282,0.9611464901220952
7283,0.059318485342963606
7284,0.29097455120835675
7285,0.09279339649682974
7286,0.1798542893498868
7287,0.00219003116819605
7288,0.9418865594896735
7289,0.9440096773536408
7290,0.02084276898147125
7291,0.10288844325897666
7292,0.06643205606932405
7293,0.62488500072769
7294,0.20459201812387273
7295,0.03147517452805245
7296,0.01642507601002615
7297,0.45728896978666733
7298,0.869633165856748
7299,0.7882520904704282
7300,0.28349064493584597
7301,0.8777758204409565
7302,0.9718684473161144
7303,0.4806497338274984
7304,0.04939224063439925
7305,0.1393916290103047
7306,0.1169143562805772
7307,0.09256292805852345
7308,0.013185697715598
7309,0.00428461643849195
7310,0.1010530279854211
7311,0.9666108898965572
7312,0.015971735776275302
7313,0.7390448010379278
7314,0.036572393727972205
7315,0.00682012089684145
7316,0.1039766683433116
7317,0.11841295350091491
7318,0.090527664222396
7319,0.617857672975317
7320,0.0313359044590808
7321,0.9102556891148724
7322,0.00404632174484215
7323,0.02743737811107845
7324,0.8597625869634768
7325,0.03766429321639215
7326,0.0272941880003344
7327,0.34732546591362456
7328,0.9820715442438988
7329,0.0024292299420861996
7330,0.9615965591490674
7331,0.08101557396513764
7332,0.05888744364911585
7333,0.12318398834786645
7334,0.0774158395796117
7335,0.0665616776359235
7336,0.16674961518329184
7337,0.03402366942132055
7338,0.0425340428814971
7339,0.07463718309492196
7340,0.0935507326398606
7341,0.610450052242888
7342,0.018348254298400153
7343,0.9841577322973865
7344,0.0934754781137408
7345,0.012824311071324649
7346,0.9600118333065033
7347,0.1812606557500302
7348,0.00770799754083255
7349,0.9648164950597616
7350,0.5615139831480893
7351,0.9983371085879327
7352,0.4377622197145786
7353,0.0448376667298866
7354,0.09926655065351911
7355,0.0264520669769681
7356,0.8781239474172764
7357,0.0049310666249386
7358,0.03648471430722525
7359,0.15683332910920983
7360,0.08889143030315286
7361,0.011474189090958101
7362,0.02511858547076285
7363,0.8471551381917038
7364,0.02921929725841595
7365,0.0220329214444668
7366,0.010286161057580949
7367,0.3281742482602847
7368,0.0518718339853681
7369,0.01265558727483685
7370,0.08047145348245825
7371,0.03967297252311535
7372,0.01623208633013295
7373,0.03441799878593095
7374,0.5223779641210199
7375,0.9790258215810654
7376,0.33290050593196574
7377,0.005015616826298549
7378,0.9370601488318759
7379,0.8101980836233409
7380,0.5308228878778491
7381,0.00594213028638425
7382,0.032147048579679205
7383,0.0043465560354368
7384,0.01621307012923775
7385,0.9927694138715674
7386,0.1147887696497617
7387,0.9893186819332922
7388,0.0025485888566826502
7389,0.9151390156367494
7390,0.5566692694647897
7391,0.05413443311242045
7392,0.06885704190224115
7393,0.02033743501263815
7394,0.01783162435251875
7395,0.8055927916600081
7396,0.9985467150252372
7397,0.0165520802114664
7398,0.10929888903936075
7399,0.02399205821997825
7400,0.0144012573693167
7401,0.0112089655494604
7402,0.0081517877365137
7403,0.1515523386866482
7404,0.008718538899285751
7405,0.1182027150571704
7406,0.9338130859679137
7407,0.00847224692150135
7408,0.1368641403735233
7409,0.032128012879797954
7410,0.12401255191438926
7411,0.12743548341399275
7412,0.9974829568300142
7413,0.14349522152693656
7414,0.02051887333910265
7415,0.9985588027029315
7416,0.4432250039638196
7417,0.7035707089647424
7418,0.014775223263170899
7419,0.8803031769496783
7420,0.9271856538391411
7421,0.8638351455348889
7422,0.09542838421421154
7423,0.37790578238530675
7424,0.13225195858384636
7425,0.15160840733187755
7426,0.02517836135260055
7427,0.9741301674296479
7428,0.1330954373630995
7429,0.8340139735150258
7430,0.9562804721328203
7431,0.03240276057083555
7432,0.0165166691589129
7433,0.42279472151834374
7434,0.37282376823574637
7435,0.5623158109279515
7436,0.9477181502065084
7437,0.0543996185184307
7438,0.9705615147315665
7439,0.05610524912957605
7440,0.00285509284302065
7441,0.9282046530916921
7442,0.01894400537977545
7443,0.06513794793942976
7444,0.10295147696157139
7445,0.9821241532657798
7446,0.16804115406421238
7447,0.9604411167447867
7448,0.45939167962845573
7449,0.6987196060357979
7450,0.27140716768475
7451,0.2749148735144458
7452,0.0219691508511324
7453,0.9522628214533275
7454,0.01716590010516275
7455,0.17227997305665677
7456,0.1453400465704138
7457,0.06328630089006085
7458,0.0416920025319091
7459,0.21869997609004194
7460,0.0349009572512856
7461,0.04693154398911685
7462,0.8117390154162905
7463,0.10669636214269915
7464,0.11320002750435876
7465,0.00365286153061185
7466,0.00530297072878865
7467,0.7391091039668629
7468,0.24455806760599252
7469,0.028636985560443702
7470,0.2497937041198727
7471,0.7237134180451035
7472,0.2198590766989421
7473,0.01335882262809305
7474,0.014607375825830951
7475,0.059509486803019304
7476,0.004904759511977
7477,0.02138827016159435
7478,0.00259144324328325
7479,0.0101709364271668
7480,0.5976132151904963
7481,0.08522449768504475
7482,0.00544796755677145
7483,0.997808673377408
7484,0.023501285795227
7485,0.0120017439514017
7486,0.12739204910339405
7487,0.13317960294498465
7488,0.058681014301248904
7489,0.058758398295390146
7490,0.00237040482938045
7491,0.2693059220603789
7492,0.07742753612778094
7493,0.06077008340616365
7494,0.005682969210479651
7495,0.0287281835950519
7496,0.102724329449489
7497,0.03630435568051285
7498,0.034078879799691805
7499,0.00471809459734285
7500,0.0501671601468555
7501,0.35574350999787935
7502,0.4925835367064252
7503,0.8206728372706531
7504,0.01473489158240765
7505,0.0557575620815691
7506,0.0222782745472518
7507,0.020161630008235648
7508,0.5835469581717632
7509,0.18577537552170195
7510,0.9461476540253877
7511,0.0473371710489366
7512,0.08851265244146844
7513,0.00511721043719785
7514,0.0358708525723282
7515,0.29830372057302734
7516,0.0433035649084709
7517,0.016637785260652647
7518,0.0253209761292841
7519,0.9371283254236185
7520,0.11439915334107514
7521,0.0096755656530939
7522,0.01814511332467865
7523,0.9296641544471307
7524,0.2645485896833284
7525,0.9753482414235806
7526,0.01203905625796035
7527,0.9984921167190917
7528,0.15123133108688086
7529,0.0899824199317386
7530,0.06725514052044396
7531,0.0029926336095064
7532,0.9655268081036996
7533,0.1426156923226134
7534,0.014762389137781249
7535,0.8924246863715788
7536,0.8870655169830299
7537,0.23054889952376084
7538,0.00493426107106405
7539,0.013250460629195451
7540,0.6707700886854624
7541,0.0406147184673352
7542,0.9409783562070972
7543,0.1304238001750934
7544,0.05339187669303215
7545,0.9844070541678145
7546,0.9982976982243602
7547,0.11745503949399395
7548,0.10727333553839115
7549,0.1292842442663375
7550,0.03269906236272755
7551,0.9754615457847833
7552,0.307327056968813
7553,0.27375609657436906
7554,0.252015530886787
7555,0.8472747835860497
7556,0.2269219320067965
7557,0.010845147738443701
7558,0.22102807382571543
7559,0.14277915150245396
7560,0.6940829756402495
7561,0.14859833493369895
7562,0.0758661221812923
7563,0.034381511968828
7564,0.43773684273291946
7565,0.06872499327142745
7566,0.5770839637566327
7567,0.8494210584145108
7568,0.1274797050159655
7569,0.9751248808801851
7570,0.2127545975185475
7571,0.019221671340282548
7572,0.0214469807312928
7573,0.0129483202416404
7574,0.0373726494213826
7575,0.29334464490703754
7576,0.0170912998312315
7577,0.14464646404537285
7578,0.009985657882184449
7579,0.7727363886867499
7580,0.9864674050039408
7581,0.1080733888105183
7582,0.4773041269637614
7583,0.9014694565437047
7584,0.01004284031591865
7585,0.4506190891033739
7586,0.07133309169887539
7587,0.8045854711017641
7588,0.00292585993400615
7589,0.9600160652802715
7590,0.34946212548339306
7591,0.1274936987102297
7592,0.0314381014457428
7593,0.01711527507820685
7594,0.059767213766442354
7595,0.9949880316863314
7596,0.01710543876524415
7597,0.7006067444968044
7598,0.600731263984527
7599,0.09375330707276311
7600,0.02195469594442455
7601,0.008355436109648
7602,0.0203361289759034
7603,0.9085298527637395
7604,0.037377543090311396
7605,0.15567528703381267
7606,0.8787114859475081
7607,0.39878043562127097
7608,0.0295710324709808
7609,0.00630369809263355
7610,0.13655402882071535
7611,0.0142681302674348
7612,0.052310848360860654
7613,0.0439801006567398
7614,0.11232217651761986
7615,0.7988597231849941
7616,0.35891204245377806
7617,0.02838117911310795
7618,0.20960141272233956
7619,0.23946727320831163
7620,0.028008386407033
7621,0.1443294187492569
7622,0.9704321034595478
7623,0.991125496936027
7624,0.05837733643082335
7625,0.0977215380508153
7626,0.18266952930293967
7627,0.9795290926712124
7628,0.8991279790024781
7629,0.12411162410377899
7630,0.9557666765546088
7631,0.04630234673294025
7632,0.26561270308796947
7633,0.4160412182661245
7634,0.00230745798109575
7635,0.2523231582345026
7636,0.3231893945844684
7637,0.526502015855888
7638,0.9433365908008837
7639,0.007904011099163149
7640,0.05145900037183755
7641,0.17956203681427801
7642,0.08445230355744429
7643,0.0476955609372906
7644,0.0032229824397238
7645,0.19311919733861896
7646,0.0449201607582383
7647,0.0697440080006509
7648,0.00433793659364085
7649,0.0128413357408027
7650,0.9753643034776911
7651,0.989177746521127
7652,0.5463590552546327
7653,0.0116418913986545
7654,0.05385710572882765
7655,0.9883235832937463
7656,0.44510385183782436
7657,0.43961746346241337
7658,0.1002387890135619
7659,0.4133515958139772
7660,0.0613701805501152
7661,0.0319456100417641
7662,0.01784137514232465
7663,0.26615656767348683
7664,0.5016191010996052
7665,0.0029134623086651996
7666,0.02264112469171315
7667,0.03826852221896575
7668,0.03102957363631735
7669,0.10734968948000165
7670,0.39372742438989683
7671,0.7652080410240732
7672,0.7993382944564342
7673,0.9460487778872628
7674,0.0563532411662364
7675,0.25266231426523067
7676,0.1191483486323294
7677,0.21786836738818224
7678,0.327578908629214
7679,0.0327312452838005
7680,0.00547501811959045
7681,0.0016687655879087998
7682,0.004626441236307
7683,0.8488292643117032
7684,0.01612663765362115
7685,0.9535092034015776
7686,0.9979527557813992
7687,0.01138125466232315
7688,0.0635589996125585
7689,0.8918050347647712
7690,0.0186259502654067
7691,0.01415525060541285
7692,0.15067994706440663
7693,0.13540702408391958
7694,0.5112538107890634
7695,0.00588838862690365
7696,0.14710286433942085
7697,0.4914372506543438
7698,0.0039175969238118
7699,0.0862135757335085
7700,0.016699644956351352
7701,0.1616302765490255
7702,0.3741145049868594
7703,0.952644226754191
7704,0.9485654754971927
7705,0.0082839128559444
7706,0.12968703065884096
7707,0.4182155203782838
7708,0.05861613532426391
7709,0.061662240011892605
7710,0.02448723732435125
7711,0.07420722999337
7712,0.01540802176220305
7713,0.6599850863781638
7714,0.00318016073825705
7715,0.2711036395866671
7716,0.00428952202363795
7717,0.04616647479551675
7718,0.4986826164108081
7719,0.8018800208316958
7720,0.18787470804952366
7721,0.0311150412811785
7722,0.0625124931978304
7723,0.2171203133961052
7724,0.04224887723603215
7725,0.0514006532809778
7726,0.6001059165607019
7727,0.9396354485700555
7728,0.0336532869870058
7729,0.7238821349940712
7730,0.7586139205349568
7731,0.20641795925941497
7732,0.9871916876338331
7733,0.00926372903261465
7734,0.0521875691461081
7735,0.12197981984083575
7736,0.01073701430553255
7737,0.19940744723949427
7738,0.16492186004673065
7739,0.15336159695786256
7740,0.9982482807280284
7741,0.998435212996155
7742,0.01678146318600825
7743,0.3958936658365083
7744,0.977903042512879
7745,0.9594636743681195
7746,0.048721738707063145
7747,0.9191688826259141
7748,0.2672237523226104
7749,0.4067026441311576
7750,0.0120962509934013
7751,0.06456443772657675
7752,0.9739282930126426
7753,0.21987519593106908
7754,0.01810823359647685
7755,0.6274320553151969
7756,0.4458958295740419
7757,0.09219864878772804
7758,0.8084365570083724
7759,0.0612053828662041
7760,0.07205353487895345
7761,0.5854063078889049
7762,0.10985703717061995
7763,0.1890941230384683
7764,0.05794963423261665
7765,0.0541280852026846
7766,0.006486091472316401
7767,0.0543532849662475
7768,0.9984029995477056
7769,0.8218468084640083
7770,0.524425616936469
7771,0.28160639034468654
7772,0.0110412611406322
7773,0.16549281312521752
7774,0.9267342363016245
7775,0.7857365523284134
7776,0.026622294567971203
7777,0.17066892868832811
7778,0.9596553721078163
7779,0.8659608502210784
7780,0.11321739305317954
7781,0.12657606383323405
7782,0.7873247769482128
7783,0.0629238282741301
7784,0.05424946239473526
7785,0.9967403221001891
7786,0.8156986868282132
7787,0.9402022260988734
7788,0.9848314216097267
7789,0.2798029044143595
7790,0.9450895274908299
7791,0.9936100786995778
7792,0.9373152460697902
7793,0.2649944960612921
7794,0.9866192791166659
7795,0.6251906537579461
7796,0.04121537918504065
7797,0.0273425069201366
7798,0.0402652399646572
7799,0.9983300524555798
7800,0.5519231170160058
7801,0.34669904820409914
7802,0.0112442236021405
7803,0.0052910452203976995
7804,0.00668604514934085
7805,0.09589707695928065
7806,0.8130375029546231
7807,0.9406770598987249
7808,0.7257431804030565
7809,0.016133670477370597
7810,0.9738583742473736
7811,0.9315850829266097
7812,0.076654413448378
7813,0.9614819000768458
7814,0.9908209727882518
7815,0.2397661600655845
7816,0.2825375072540799
7817,0.00234486175488565
7818,0.0026022101947979
7819,0.09428151730435594
7820,0.0650411065786133
7821,0.00278853350667085
7822,0.10292513552265185
7823,0.9782604236611132
7824,0.0054829543430529
7825,0.9761837816599515
7826,0.5896866578379067
7827,0.12327139938987694
7828,0.9803035328994698
7829,0.9247185485612355
7830,0.44882585795077384
7831,0.9312242888695047
7832,0.08293946657915341
7833,0.9989878429013064
7834,0.012679188308046301
7835,0.0707171143998355
7836,0.9857325291213279
7837,0.025037129694115652
7838,0.0217910252153834
7839,0.03767020317024195
7840,0.9700826812902699
7841,0.01201906759770775
7842,0.2187816539570058
7843,0.02869850014647415
7844,0.8838853595183611
7845,0.0076862942281034005
7846,0.6080607798815769
7847,0.0029934371821496
7848,0.3550575597896259
7849,0.7856262888945817
7850,0.17409508039050225
7851,0.00280845586978475
7852,0.7775167587565024
7853,0.0087363862245628
7854,0.19244258196072564
7855,0.9750827447725923
7856,0.025812779227466
7857,0.02336939609455125
7858,0.02867456544923435
7859,0.9642699894709352
7860,0.2020195142387129
7861,0.47791775219001087
7862,0.2367916469938837
7863,0.09249160879821156
7864,0.1162124781187307
7865,0.01219395988795095
7866,0.9078234359327574
7867,0.00756542790529155
7868,0.7668615284441308
7869,0.7930434376113893
7870,0.5725588728633209
7871,0.075840104546083
7872,0.26103902800157724
7873,0.9653458741945077
7874,0.9669417691478224
7875,0.0237832780532935
7876,0.1396753989979038
7877,0.8420566948934585
7878,0.9979569427931589
7879,0.8982174653076397
7880,0.9928738702949692
7881,0.3056018667516046
7882,0.9845180878252036
7883,0.4884032424112333
7884,0.011257271693470301
7885,0.0724258709746448
7886,0.009227615079753
7887,0.0352874451409456
7888,0.8608229909487216
7889,0.025524650966293548
7890,0.9085177276440974
7891,0.0252208233766767
7892,0.23799900378024735
7893,0.640273550109947
7894,0.0024373919263582
7895,0.09601230572219135
7896,0.0249692871865676
7897,0.03694098056124235
7898,0.06757386987803896
7899,0.0921500908204589
7900,0.42523204156620686
7901,0.116667688528404
7902,0.01017259254784715
7903,0.8231840147415594
7904,0.00291656991751355
7905,0.07459681623825955
7906,0.37169968545497695
7907,0.6766318458740073
7908,0.6238743027643869
7909,0.07136862524807386
7910,0.03540743957550915
7911,0.99215856811482
7912,0.042536567718316445
7913,0.012196392624730601
7914,0.0173919632384544
7915,0.8447363485819473
7916,0.026965540847754453
7917,0.7031578905740133
7918,0.22744451219811265
7919,0.1388246657194261
7920,0.9312729883914793
7921,0.09152907566826554
7922,0.05723212036659125
7923,0.0076949506115475
7924,0.0276937907578805
7925,0.2153735818431134
7926,0.18944035389775193
7927,0.1337797446765967
7928,0.17573086330837975
7929,0.1622208502400605
7930,0.9201657032366044
7931,0.009050497839477499
7932,0.023525266125546
7933,0.02577845861974
7934,0.0044132597166617
7935,0.29457007971675475
7936,0.085594413659759
7937,0.1903950536121505
7938,0.1225887124552216
7939,0.07085525661443534
7940,0.20054152714494755
7941,0.02083839423085565
7942,0.0198445712157291
7943,0.17086641055287555
7944,0.05566906535710215
7945,0.01018225774219235
7946,0.2849081828373653
7947,0.09588360681636296
7948,0.20295452452973312
7949,0.974809640563737
7950,0.0718936578937931
7951,0.8797718118224005
7952,0.8811162194626482
7953,0.45252024173358363
7954,0.09174419394073105
7955,0.2437364406954231
7956,0.13742478748619796
7957,0.019525687231678447
7958,0.27844050066736675
7959,0.04714663129377065
7960,0.02566214426544125
7961,0.061614145052168404
7962,0.0182383949333446
7963,0.49724984990749155
7964,0.3397757810707077
7965,0.028562209030663747
7966,0.9308423116896172
7967,0.0252068575840016
7968,0.5976690194247651
7969,0.013088039908300701
7970,0.9913268561878918
7971,0.00195860642285285
7972,0.010921015539660048
7973,0.01686198784941785
7974,0.0093311169879554
7975,0.19787847703420286
7976,0.5894933001700151
7977,0.02898281971716175
7978,0.9044369659360554
7979,0.0291161031417542
7980,0.7841372858057781
7981,0.1041349324070596
7982,0.05420969856207055
7983,0.22743648343680306
7984,0.00639477458727385
7985,0.01572668711061635
7986,0.0265976722846129
7987,0.0331104677890334
7988,0.0870452550572447
7989,0.0058134992555614
7990,0.31365733093367354
7991,0.9797299956637521
7992,0.3180365483175647
7993,0.2095407268408653
7994,0.9627762299166377
7995,0.02499850822031755
7996,0.5192723604660237
7997,0.9422337937684403
7998,0.08243524259494844
7999,0.9862772886960328
8000,0.01010738638710175
8001,0.0269264963606438
8002,0.6551096234063594
8003,0.04858886372003195
8004,0.19753922329970655
8005,0.1018481918271337
8006,0.13417643867960294
8007,0.16080917191128574
8008,0.4498770409348189
8009,0.00765554864262445
8010,0.08644386081748126
8011,0.28832825840771314
8012,0.3203410725419129
8013,0.2833567095563931
8014,0.9911769425771286
8015,0.1088964064650045
8016,0.052744889383733604
8017,0.17449028699766433
8018,0.7765622024139164
8019,0.02489299378461985
8020,0.0024218464369229996
8021,0.021506694675851153
8022,0.042812822247602855
8023,0.06307908575500665
8024,0.8407778401790815
8025,0.01529698737540725
8026,0.8443644945825661
8027,0.007364229500106199
8028,0.4706515329087661
8029,0.1192071235099326
8030,0.2781235489293204
8031,0.8516239256916976
8032,0.0278023013048078
8033,0.0033410359022847
8034,0.117248396499918
8035,0.4216527992287835
8036,0.00272739932757555
8037,0.015216239229604401
8038,0.03488547477423265
8039,0.0061508956761109
8040,0.009207169089070301
8041,0.09027193271708589
8042,0.8627838450276388
8043,0.817951336954581
8044,0.0145611465729131
8045,0.07267565109793131
8046,0.02827026690736865
8047,0.3190794552356929
8048,0.9981439364086235
8049,0.026914956814968048
8050,0.38336258471438733
8051,0.9350987749507268
8052,0.0051430281782925
8053,0.9863150828945388
8054,0.0081396998727761
8055,0.14440227945506534
8056,0.981099329926538
8057,0.9766617591443834
8058,0.1049091061687169
8059,0.06934769618608089
8060,0.0013509235360776501
8061,0.02855860079614545
8062,0.40458549031767604
8063,0.038524270351395204
8064,0.11494063078219045
8065,0.7229686332286804
8066,0.24028056726316
8067,0.5341360133342568
8068,0.018071967083910248
8069,0.1068142077373479
8070,0.4291980846975785
8071,0.8842909989308083
8072,0.17699626700044835
8073,0.9664033469756197
8074,0.8781407777922011
8075,0.0066511909869116995
8076,0.989259507120035
8077,0.9874844967406644
8078,0.06936634560917705
8079,0.9884362954109852
8080,0.103365290917156
8081,0.0982691574382724
8082,0.0046355802071847
8083,0.9021668052208682
8084,0.0031997958211114497
8085,0.5556637510731213
8086,0.00456450749734995
8087,0.00646992866496365
8088,0.0396613123628267
8089,0.8998808575635457
8090,0.0532457612800292
8091,0.9937485160591918
8092,0.9484138186555409
8093,0.05476798398206475
8094,0.6984094482812722
8095,0.026006765603110202
8096,0.9907327125457182
8097,0.039328848393249946
8098,0.0037964073201025
8099,0.7095088210357576
8100,0.11510439551557985
8101,0.21204272894047516
8102,0.00410601764385445
8103,0.00996291540998565
8104,0.9579841290895188
8105,0.27894377541542575
8106,0.00257584045592285
8107,0.35913329088260637
8108,0.8448260285925857
8109,0.9416988754522675
8110,0.1440670716454182
8111,0.0050333055749384
8112,0.9389616894515974
8113,0.050592027536087644
8114,0.0386661126896257
8115,0.1472922575049265
8116,0.980730490214528
8117,0.8997703812099913
8118,0.22982920855410566
8119,0.106292493374773
8120,0.048595204457102706
8121,0.0034462420978965003
8122,0.9822317969534395
8123,0.01709039835633955
8124,0.09265567174804484
8125,0.037892080564863054
8126,0.4769221473978358
8127,0.9872651826035306
8128,0.21124416964474815
8129,0.0335244545076571
8130,0.7125925926734775
8131,0.1617893878274407
8132,0.00528430976653125
8133,0.05105382350098465
8134,0.9174085729170587
8135,0.7892388970764732
8136,0.0631702363348442
8137,0.046955263241981945
8138,0.0074791093234687
8139,0.0476984159416657
8140,0.0077117734296585
8141,0.0409696260619845
8142,0.4953376684612368
8143,0.09649136349697035
8144,0.18984234576427644
8145,0.32491126067986953
8146,0.0156969574160233
8147,0.29142677323431887
8148,0.07436430933287495
8149,0.4830697334153242
8150,0.03756245139453345
8151,0.9871961063722874
8152,0.7351302102487446
8153,0.02842462550983805
8154,0.1002613493305743
8155,0.22876092877852244
8156,0.034487087757916354
8157,0.07525900509986985
8158,0.17632466345826558
8159,0.0056435299315117
8160,0.7466182606783522
8161,0.15333359621784265
8162,0.0142741611420846
8163,0.0073091724537831
8164,0.43516716097573516
8165,0.0152624876260589
8166,0.12743036572247635
8167,0.9907180116919434
8168,0.066463679904064
8169,0.9159478599390757
8170,0.22380743907143874
8171,0.04421924381984875
8172,0.3039257408868654
8173,0.7537979046659024
8174,0.0968240149017409
8175,0.774197282711415
8176,0.1099045100417019
8177,0.1081677139010381
8178,0.5038464194186374
8179,0.08839402512767675
8180,0.0029732763866934
8181,0.21528944466293148
8182,0.9315713838865796
8183,0.4912668915808822
8184,0.02813793499039655
8185,0.0325975973890663
8186,0.39597968659944394
8187,0.6492551620370421
8188,0.9793550560136043
8189,0.1544765873282783
8190,0.1975265956542009
8191,0.05934292102311195
8192,0.9601448319093272
8193,0.0329583321353754
8194,0.039922609282334
8195,0.05081167055738975
8196,0.9656476100152807
8197,0.2054780941039979
8198,0.38756389996401763
8199,0.05065017275454025
8200,0.47655696613581067
8201,0.16725209586491552
8202,0.0116551233915741
8203,0.26654282721656286
8204,0.7187447727218216
8205,0.11504481850542544
8206,0.06045978095714685
8207,0.1559179516383481
8208,0.9894963824513867
8209,0.7265585314161447
8210,0.3235825047030786
8211,0.04762263633045495
8212,0.0043009834074523995
8213,0.00408558650575715
8214,0.8831110646471714
8215,0.09998099128125146
8216,0.0514974026457726
8217,0.4502423693250379
8218,0.2910849003498498
8219,0.0106092127531685
8220,0.053942004598828155
8221,0.8483911331776419
8222,0.0339322749945412
8223,0.1477238088253771
8224,0.18010002006010423
8225,0.4401407131818138
8226,0.2156183131559682
8227,0.02493799241566875
8228,0.027843085800923997
8229,0.0032317611599979503
8230,0.1729141099976213
8231,0.0347513668263223
8232,0.9978741861419824
8233,0.0309392313165541
8234,0.291143646018997
8235,0.9675737550984018
8236,0.9852208598213752
8237,0.0100350022813834
8238,0.02705307187231675
8239,0.033781759119227345
8240,0.9193130994019448
8241,0.9944991184068442
8242,0.01599752883162095
8243,0.04874173149244345
8244,0.11825443447420955
8245,0.14645477239298793
8246,0.10589386850838864
8247,0.9884304328419982
8248,0.3308642700913532
8249,0.557448076675796
8250,0.32788717058061667
8251,0.06052748017407595
8252,0.2901053676853152
8253,0.32183200983602755
8254,0.11744022099531595
8255,0.9343397570070959
8256,0.1828117044679879
8257,0.001709329399809
8258,0.733338114229262
8259,0.2243154951246119
8260,0.0027656649552163003
8261,0.0082280734121632
8262,0.19131433834787004
8263,0.05492703190090055
8264,0.005863477929212249
8265,0.0393268939991743
8266,0.15848985262987844
8267,0.9667984112368075
8268,0.062364353361432805
8269,0.592417342775887
8270,0.020716816536350248
8271,0.3310757916227417
8272,0.14188377996855525
8273,0.08641992145989705
8274,0.07646732175147761
8275,0.9738710722679791
8276,0.1263322724341369
8277,0.20738411924133165
8278,0.0717994138056884
8279,0.07451874740247874
8280,0.10869901673210285
8281,0.0021269277928998498
8282,0.028574642901624252
8283,0.9973050724717039
8284,0.2608420122013712
8285,0.9658041373502639
8286,0.04140118919795655
8287,0.0194309008159622
8288,0.7871868163755202
8289,0.5679846410244067
8290,0.0314814086153058
8291,0.0189551350527458
8292,0.0041572306506998495
8293,0.16585163782559498
8294,0.3194495641285535
8295,0.5539600614125646
8296,0.023665731163911748
8297,0.8955803118859365
8298,0.5831869289545228
8299,0.9839581243197401
8300,0.027449016579575
8301,0.0080429457660617
8302,0.043024003560177
8303,0.027244945398468598
8304,0.0473141798114136
8305,0.0159309161235766
8306,0.44285976197846205
8307,0.9810112421350414
8308,0.00377396691398355
8309,0.14885125987808834
8310,0.1623644415763671
8311,0.9755165421569347
8312,0.8142889058244087
8313,0.3997262515629464
8314,0.0617495663110979
8315,0.9878253954049268
8316,0.818833387026252
8317,0.0246151733681787
8318,0.00919745731221165
8319,0.02193208382973815
8320,0.02495632951706915
8321,0.022940960133746448
8322,0.46052207433303494
8323,0.106034718021816
8324,0.024647236003044748
8325,0.00925012733589695
8326,0.7355204218153653
8327,0.02181912117716095
8328,0.041388765078944
8329,0.3273653570935692
8330,0.9901519746125936
8331,0.17138218451197734
8332,0.29664908064079676
8333,0.0041824770914818
8334,0.6210005435903374
8335,0.9562554328263717
8336,0.7044012729750653
8337,0.0670993624786379
8338,0.0059966866131034
8339,0.058551161610992
8340,0.07932243761153004
8341,0.23749556817406292
8342,0.9603787100617234
8343,0.043800067049057756
8344,0.9573554010043386
8345,0.02454426886614185
8346,0.9170758342069253
8347,0.11194503210835616
8348,0.1233271831554417
8349,0.21265643672538165
8350,0.20046405683418966
8351,0.0292445226106003
8352,0.9634072566414986
8353,0.7156280574565649
8354,0.0042471997969874995
8355,0.9291770318800578
8356,0.02150405911216725
8357,0.3933292263068272
8358,0.113695919689886
8359,0.6204901952019232
8360,0.986777563746587
8361,0.2504166493937283
8362,0.9236833376804358
8363,0.12784050132619706
8364,0.9977870378050666
8365,0.6330563124205958
8366,0.01967029157683825
8367,0.46057396986648236
8368,0.8242848149941056
8369,0.0066099233797353
8370,0.0938865650876322
8371,0.7576734689277601
8372,0.0678399049130458
8373,0.7251120455384382
8374,0.28033682298741736
8375,0.33195266526886624
8376,0.06785205507363805
8377,0.022850346781849898
8378,0.41969925977097244
8379,0.0129955889034464
8380,0.5030026503327193
8381,0.6846815308260579
8382,0.9987489105671773
8383,0.0140875626822111
8384,0.0064619270518566
8385,0.04124646005530805
8386,0.9404666841111076
8387,0.9647111809361568
8388,0.18305654787990683
8389,0.10752316681180976
8390,0.0031294398186930998
8391,0.0334758023652406
8392,0.01240606210475945
8393,0.617783289904463
8394,0.4597842708746531
8395,0.1298302821511836
8396,0.07532926524685965
8397,0.9976500116718998
8398,0.9692124513016367
8399,0.07213690586293756
8400,0.1018904534263553
8401,0.5063086238795051
8402,0.9406326593182988
8403,0.6943147588317182
8404,0.02787063625191645
8405,0.9525505354731509
8406,0.15004223828011354
8407,0.9655815246285355
8408,0.0035001526297895
8409,0.023060301617558197
8410,0.0594229632173267
8411,0.10934820039667564
8412,0.0757095954191198
8413,0.06342917126232014
8414,0.01021837506204455
8415,0.43922510609793586
8416,0.00322677693345415
8417,0.057387946414577354
8418,0.022031520033242998
8419,0.8231088070502077
8420,0.009180456651346
8421,0.9983098553724585
8422,0.04035591304689505
8423,0.3658860541986576
8424,0.0037793429287815003
8425,0.4207631101085595
8426,0.9983541331730182
8427,0.49765371699579164
8428,0.9685592293816458
8429,0.1224276573648071
8430,0.0354375241210752
8431,0.34060924494508427
8432,0.02879359622595415
8433,0.8943231048600913
8434,0.20341868875053476
8435,0.042642529333082005
8436,0.8816015313153813
8437,0.8914871922203106
8438,0.022836326253626152
8439,0.12639834910459366
8440,0.01806748888917795
8441,0.38084741821143225
8442,0.00914217002139615
8443,0.3058066877297788
8444,0.04119442956471435
8445,0.00619541802048225
8446,0.0323536428105092
8447,0.1093774961308007
8448,0.0503027971140746
8449,0.5563758118968419
8450,0.01451280852563755
8451,0.07612542339317145
8452,0.0020919848650011
8453,0.9986631818996176
8454,0.6638646890662037
8455,0.12966735184551745
8456,0.5772026806465473
8457,0.12828861234664735
8458,0.9947941501203266
8459,0.2627414110146633
8460,0.20590472911378765
8461,0.0540136846769991
8462,0.0373147342518052
8463,0.039207098129491705
8464,0.055740276802632896
8465,0.01104789483612025
8466,0.8380100419980252
8467,0.0037999449396718
8468,0.6126529608525482
8469,0.12664990538298598
8470,0.03603203611904075
8471,0.9778468761838754
8472,0.992492647127541
8473,0.03923706336615445
8474,0.011024746499200051
8475,0.9308979425612625
8476,0.16744223708539158
8477,0.27052959830467993
8478,0.6687001693005328
8479,0.0075145034583411
8480,0.0061170838693474
8481,0.00448082219301575
8482,0.01816527651815145
8483,0.0071131506924321
8484,0.31493342085741394
8485,0.21927934518086578
8486,0.134606981050594
8487,0.06902440711765351
8488,0.0022819481266701
8489,0.8114271008480258
8490,0.09314964348076704
8491,0.8863477246127787
8492,0.6327120638615822
8493,0.00959211116049145
8494,0.038593845445987346
8495,0.9690876665352148
8496,0.12445095351448884
8497,0.04175295224396785
8498,0.10839460598504869
8499,0.39753837725463026
8500,0.02876601642145225
8501,0.12990088491705137
8502,0.0671995071088692
8503,0.8957769289328682
8504,0.041428651742221045
8505,0.0127061374183768
8506,0.04303514485761335
8507,0.054912961178565395
8508,0.0496295793536866
8509,0.01912469136675955
8510,0.03369376660030195
8511,0.023412653206098602
8512,0.0263701237228169
8513,0.0086154451018057
8514,0.02747324609791215
8515,0.28455722044162257
8516,0.03471062248166195
8517,0.049401082085422196
8518,0.20033713197706846
8519,0.0174894034617775
8520,0.01222125951899755
8521,0.08630065237665091
8522,0.899380006568193
8523,0.10011420862695694
8524,0.9858204562158615
8525,0.0053059311498726
8526,0.6699933645092317
8527,0.0176342744249477
8528,0.08158474569481415
8529,0.7907569746220973
8530,0.7818924543121155
8531,0.88472619756202
8532,0.6116417032376742
8533,0.01772248823101855
8534,0.0168956749493461
8535,0.9935263284445284
8536,0.15990256834686856
8537,0.0668848403720156
8538,0.3183032513052623
8539,0.0451736482840948
8540,0.26997678096713235
8541,0.19809857621009141
8542,0.06137466645370655
8543,0.986345127479759
8544,0.9755255779822152
8545,0.13198697867830894
8546,0.036081338586631304
8547,0.16901328382268332
8548,0.24629417451691965
8549,0.05279797666741165
8550,0.055874251399058356
8551,0.0749083420435161
8552,0.0365909058772971
8553,0.10959347561163806
8554,0.3036647752799031
8555,0.04298586389321345
8556,0.23025383101372315
8557,0.8220632334790285
8558,0.9727676714232067
8559,0.8096479479329453
8560,0.9667515988651886
8561,0.6020574092993702
8562,0.14529169984697288
8563,0.059275578437034945
8564,0.03257356431224935
8565,0.02611596002993525
8566,0.8902954953343047
8567,0.7583358422965494
8568,0.9508018063956605
8569,0.184847676473888
8570,0.809363654456931
8571,0.0402554349126742
8572,0.9981765566018983
8573,0.1606691026578359
8574,0.056624225030385195
8575,0.08542391099017416
8576,0.0038991229283455503
8577,0.828219730822308
8578,0.9730871252242007
8579,0.06329202536946525
8580,0.6180766089347725
8581,0.39115107726733395
8582,0.0140592719390879
8583,0.5326534962830733
8584,0.7521701721584302
8585,0.02835045092782055
8586,0.06428430487138015
8587,0.05541271717891815
8588,0.18513582531712486
8589,0.01318929975916595
8590,0.5042427819755937
8591,0.9784215089425043
8592,0.08727424108825524
8593,0.1156136307968802
8594,0.00466542843275505
8595,0.9593596515106305
8596,0.4668352245580002
8597,0.0090015888879036
8598,0.8948841422844822
8599,0.9138552243957547
8600,0.09684166924969034
8601,0.0730639299901822
8602,0.059146009399165894
8603,0.14619739721965702
8604,0.8513398000902493
8605,0.0263448538037233
8606,0.0438988945416011
8607,0.3819293922971655
8608,0.978333220279622
8609,0.03824780177516135
8610,0.041503574960887746
8611,0.8851069931501848
8612,0.16157427672036556
8613,0.980884892627695
8614,0.9490159509054035
8615,0.32959308609664406
8616,0.0766141139373677
8617,0.04708057753804795
8618,0.5953458686745142
8619,0.05747768601216275
8620,0.10325461972594605
8621,0.9012198672249361
8622,0.0865126141965332
8623,0.9624713603560822
8624,0.01872687143367535
8625,0.0827473542694976
8626,0.0342189343279575
8627,0.0399694642858817
8628,0.4723928799041127
8629,0.010518740763600251
8630,0.8837005784158276
8631,0.1155508545769762
8632,0.0768568205259007
8633,0.9493020644411592
8634,0.20277050467915259
8635,0.6959613486469672
8636,0.9373227480694233
8637,0.985311378351832
8638,0.02041323428232475
8639,0.39306166376326346
8640,0.0211741623407967
8641,0.1755831893914074
8642,0.0026400445528943998
8643,0.8791307686318657
8644,0.0054172897267669995
8645,0.0045833040116131495
8646,0.3831695527764304
8647,0.23664596113802616
8648,0.0489745759078482
8649,0.4039125113994086
8650,0.0029046467839149498
8651,0.0102603774894979
8652,0.763382260747375
8653,0.0041847505410367
8654,0.00942177557474325
8655,0.00439651623847865
8656,0.0181193678262306
8657,0.2579781128425901
8658,0.222844235825707
8659,0.0651926260697446
8660,0.0036399556296548502
8661,0.25358020511507356
8662,0.0027172657942875
8663,0.0673628442170101
8664,0.00243037145036635
8665,0.011530613919749851
8666,0.9636825951092011
8667,0.0414443591365128
8668,0.032467866763688555
8669,0.3009912946714965
8670,0.00263950773703435
8671,0.28684316182620606
8672,0.9197988368033838
8673,0.0229703012236236
8674,0.048958954548287345
8675,0.9714673048271287
8676,0.9040417553534739
8677,0.012444764502053101
8678,0.061745353761411756
8679,0.0943886151677889
8680,0.4516498095675706
8681,0.0708804415018424
8682,0.9441567262132979
8683,0.722292600733138
8684,0.35334754715516936
8685,0.00756043783777195
8686,0.10730932219863451
8687,0.0344237651416468
8688,0.962067277992549
8689,0.04552607339002445
8690,0.0538848048649396
8691,0.9677730970481015
8692,0.19124775471217859
8693,0.05626418317286725
8694,0.998625618173103
8695,0.9904930692319727
8696,0.0369125819853588
8697,0.9627645373710518
8698,0.0825099700639481
8699,0.08225680645691424
8700,0.06275674198192445
8701,0.9502897232845355
8702,0.034363172881524254
8703,0.05419059922844795
8704,0.0023633499927211
8705,0.6009240035124737
8706,0.998728748719538
8707,0.017259455812741048
8708,0.010294478745307301
8709,0.0109614182207128
8710,0.13533207259178032
8711,0.02784426311478015
8712,0.038418510661938854
8713,0.11464967129636805
8714,0.7078418518492485
8715,0.017461784997252948
8716,0.01216950821283495
8717,0.48944061438169134
8718,0.9323262380555605
8719,0.0180804267396485
8720,0.041037412177145696
8721,0.0559765659348272
8722,0.9614684718763435
8723,0.00696648153238985
8724,0.00653872481872795
8725,0.0260330843105693
8726,0.0281535448535061
8727,0.01089202011801985
8728,0.17828227740631092
8729,0.997993237190561
8730,0.774609995283368
8731,0.6935968219656576
8732,0.8187660089532149
8733,0.8003138924329214
8734,0.0046874285630591
8735,0.0603020392104979
8736,0.7973547795514058
8737,0.904911637638468
8738,0.10001531021169524
8739,0.1232416718491881
8740,0.9682957092887241
8741,0.9841841165789182
8742,0.9959270930657964
8743,0.0418375238841179
8744,0.0030954716998359503
8745,0.17139785563502444
8746,0.21205711729015608
8747,0.10360210652009
8748,0.0276897139179012
8749,0.08574899209213466
8750,0.034134980040193746
8751,0.08794493229643605
8752,0.612027106949139
8753,0.914641559068244
8754,0.23890822768458916
8755,0.9665164655165537
8756,0.2170886116054582
8757,0.1621818531559318
8758,0.028882401266678598
8759,0.29041238219729165
8760,0.0094671770553672
8761,0.8566211873041641
8762,0.0278313126882933
8763,0.9888012151523725
8764,0.1827782308054684
8765,0.17537977246350178
8766,0.004857383038530999
8767,0.13153383314405076
8768,0.0145223533417667
8769,0.08865728698005551
8770,0.036379576232494854
8771,0.00511893320376555
8772,0.00939030844229435
8773,0.0312979226208372
8774,0.6245217474794733
8775,0.0073471290837063
8776,0.0338991662992572
8777,0.3729500931914109
8778,0.12229848055716436
8779,0.0227799944037322
8780,0.00424061753802865
8781,0.9742364285143453
8782,0.0687044824155259
8783,0.0314048316627138
8784,0.0034128221377963
8785,0.0094982463775943
8786,0.09612601290788265
8787,0.007774861252792
8788,0.9840935621667205
8789,0.05718631864751645
8790,0.9293215600479394
8791,0.0821959445680652
8792,0.030481371356878152
8793,0.075740297083155
8794,0.9084032186865155
8795,0.8351867627041274
8796,0.005622442765304251
8797,0.5798933196784888
8798,0.9194328727433341
8799,0.0632653983072093
8800,0.01880657161684975
8801,0.015463749303259
8802,0.01384880409879345
8803,0.5890623310542762
8804,0.007485910745336499
8805,0.1254894114191367
8806,0.19432949820559264
8807,0.02789868725443365
8808,0.5339711197631938
8809,0.338031383870511
8810,0.01321437958438715
8811,0.3159145175325698
8812,0.9375288286680508
8813,0.0159098119615525
8814,0.5649852098950734
8815,0.9089179574715445
8816,0.9085014673061895
8817,0.9851752513452372
8818,0.8740568955645688
8819,0.3617942524941552
8820,0.3568864437454754
8821,0.07348483161992869
8822,0.7274413345784323
8823,0.9506062465643319
8824,0.01338350120695165
8825,0.03403351008531125
8826,0.26542225668199404
8827,0.6609725785454026
8828,0.168956380279759
8829,0.09730166112634789
8830,0.010593331254642999
8831,0.09289534956653164
8832,0.2395313557298096
8833,0.01577589510809295
8834,0.7785446882432625
8835,0.0094255503890229
8836,0.09178546943118125
8837,0.1151572065965333
8838,0.30680150799089523
8839,0.13537085056880865
8840,0.13401728067854846
8841,0.9840167006423248
8842,0.9727928461682477
8843,0.06493142783288375
8844,0.5474572481934828
8845,0.17109747174051998
8846,0.007159948533056
8847,0.06652314283849915
8848,0.9860966074117592
8849,0.0650735577572128
8850,0.8804270061015147
8851,0.11223939157552355
8852,0.6820285870052667
8853,0.21785452101839725
8854,0.0019010320857640501
8855,0.0453427895184348
8856,0.01883768180642165
8857,0.041777522986684454
8858,0.08830297844426241
8859,0.50350400941761
8860,0.0749335425286856
8861,0.1054914823572598
8862,0.0549278511448483
8863,0.2678511448340763
8864,0.007358738569527051
8865,0.909681646314138
8866,0.964127693750574
8867,0.0229280489429247
8868,0.8567626807366764
8869,0.29296119954042343
8870,0.0342606272290461
8871,0.25955853249507277
8872,0.1012439398461028
8873,0.0102468182235442
8874,0.33617093807994836
8875,0.06042099587501065
8876,0.0045231756896182
8877,0.9986896006221961
8878,0.0013201861640191
8879,0.0722950514333634
8880,0.01946010818605095
8881,0.30024852859010465
8882,0.19400425776699604
8883,0.1756443296934186
8884,0.9674344167876188
8885,0.2806135601141335
8886,0.1720926892403965
8887,0.02099357040460415
8888,0.03073507941049835
8889,0.0333314829927238
8890,0.0987747509738425
8891,0.23892232280409054
8892,0.14749187670055142
8893,0.3153805598312714
8894,0.11563198176735914
8895,0.9635146839763762
8896,0.38741228092247904
8897,0.2458668642324118
8898,0.5433194995232187
8899,0.0839562759696025
8900,0.16902563211878535
8901,0.4215799741415413
8902,0.9982706961247194
8903,0.3872752210679713
8904,0.5690679088638104
8905,0.6045014711861576
8906,0.9663264218270395
8907,0.06255405049024855
8908,0.06910127687222409
8909,0.7358978954953787
8910,0.724371393846903
8911,0.03063278750493725
8912,0.40167542727208855
8913,0.024798554727050247
8914,0.0435822828201641
8915,0.06816263696960205
8916,0.00602670823035115
8917,0.08276514119133326
8918,0.0596999246893518
8919,0.12348282162671431
8920,0.094352339612553
8921,0.07587214320115879
8922,0.9548314839163068
8923,0.03921711225395905
8924,0.7399397560922802
8925,0.5432757165631537
8926,0.021641034519963548
8927,0.5789777810070637
8928,0.7461327593179015
8929,0.5794427160808582
8930,0.6573406171839027
8931,0.09895710617151329
8932,0.9544130219026923
8933,0.0365263579622261
8934,0.0900115628202397
8935,0.7368471580397746
8936,0.8515416884557412
8937,0.032231197261505945
8938,0.9186015129464122
8939,0.09968477323619096
8940,0.3346156948397473
8941,0.0045384932853995506
8942,0.35800283312344605
8943,0.43275904908841756
8944,0.6804125397622776
8945,0.8413114138593779
8946,0.11970345586663825
8947,0.952761623241134
8948,0.13937100172138012
8949,0.3161833719780943
8950,0.4828806941861882
8951,0.9963508330883644
8952,0.037759134204995
8953,0.04421022745391355
8954,0.03624030824598505
8955,0.9085621042895615
8956,0.6854005410979962
8957,0.9483828677559286
8958,0.9447784065823741
8959,0.24789472169343607
8960,0.01952901926598055
8961,0.7658692568034933
8962,0.011437286251661901
8963,0.9581553236782274
8964,0.3503410381915075
8965,0.02282683235195615
8966,0.29084723458000156
8967,0.0229791385841956
8968,0.02135410058365685
8969,0.0071482500031057
8970,0.00422568522492945
8971,0.01148235020352185
8972,0.00622126994473095
8973,0.4729566242388345
8974,0.047922911968039494
8975,0.8998627129683687
8976,0.1989138059961869
8977,0.05732861884746715
8978,0.44495454943314405
8979,0.0021710638802025
8980,0.0117811649444212
8981,0.8456516206728326
8982,0.0483114374112198
8983,0.5369702970316568
8984,0.00572803260741815
8985,0.028426620032862948
8986,0.01274534085690605
8987,0.0106160570978847
8988,0.0032544470479816
8989,0.28687637138244065
8990,0.01405288450886905
8991,0.12058627734271779
8992,0.01632258475784545
8993,0.08619750159227754
8994,0.9874324703465815
8995,0.5547147886538312
8996,0.03011951021188325
8997,0.9770484034341379
8998,0.0249011088716191
8999,0.13068393940868134
9000,0.08318293101611185
9001,0.18356046595386
9002,0.01182135466373175
9003,0.9690749922917017
9004,0.1063592320103146
9005,0.8811585192439308
9006,0.9570352833613824
9007,0.11080193456818355
9008,0.0499430001887465
9009,0.03183435342408045
9010,0.8308360561249485
9011,0.8433128102115133
9012,0.02503363538586225
9013,0.011990272223408899
9014,0.10563773368055421
9015,0.010228648931267851
9016,0.27565438229297134
9017,0.07685758710625964
9018,0.8290154872629164
9019,0.19780734062951535
9020,0.02541201271280425
9021,0.3033286616200289
9022,0.0676092548385312
9023,0.20260002618731235
9024,0.04792030016388735
9025,0.41788615342277086
9026,0.13437496646902436
9027,0.9977956074762132
9028,0.11090921019352565
9029,0.010903572406685
9030,0.5986118954517716
9031,0.21306195515063395
9032,0.21631454979893355
9033,0.9848194490168025
9034,0.018411275407764
9035,0.01065967742555525
9036,0.020632713018551248
9037,0.0413688497286661
9038,0.1420126596072535
9039,0.14026324662206707
9040,0.02669477324221875
9041,0.3783767197087552
9042,0.24903450984386144
9043,0.28968426916850815
9044,0.0077063335552052
9045,0.09681246432065835
9046,0.01485414232508515
9047,0.0743623149351791
9048,0.10296782611527641
9049,0.9850584831855883
9050,0.07679731132087306
9051,0.9669496468687298
9052,0.03232999691799675
9053,0.02306265252586475
9054,0.03523225164398735
9055,0.3806534156284193
9056,0.3489773370893423
9057,0.0562797732916237
9058,0.9974485935505157
9059,0.059826530240362
9060,0.038862366078979305
9061,0.26108612268530285
9062,0.8848407252890846
9063,0.027478723263180203
9064,0.02159636677283345
9065,0.3431529328429278
9066,0.16415170019759723
9067,0.2511911400418697
9068,0.0191401044632099
9069,0.0126251016912723
9070,0.06904651664783784
9071,0.05901350728700995
9072,0.8578243515432197
9073,0.6064171042993164
9074,0.9456119470620015
9075,0.0035087417234188002
9076,0.8716558667867123
9077,0.023251913931264502
9078,0.11207378738493125
9079,0.5963354576752483
9080,0.7051537982277502
9081,0.13573738542286373
9082,0.5608661579852965
9083,0.5096150077321904
9084,0.06496539622342885
9085,0.973097802793379
9086,0.9089856707563793
9087,0.9839483375352194
9088,0.7693503015480333
9089,0.15901168700922735
9090,0.2638449978365189
9091,0.39451923240491404
9092,0.41290394148863074
9093,0.01217171510023115
9094,0.0322400639700982
9095,0.5974269855163922
9096,0.9419111106777238
9097,0.0040763874408777
9098,0.0516305881307383
9099,0.11180521841834551
9100,0.00378630663447545
9101,0.8141092014383973
9102,0.051911739736985596
9103,0.7165958071331523
9104,0.15799212370011834
9105,0.13719208850843134
9106,0.10916766534602709
9107,0.0091524184137205
9108,0.3782550245589774
9109,0.141044347727095
9110,0.0016490742345479001
9111,0.7811293022005523
9112,0.0097047586135063
9113,0.5080581058207352
9114,0.01740947022881565
9115,0.851949919724148
9116,0.07724009428074555
9117,0.8965123552118175
9118,0.21492018533704849
9119,0.6152230530965509
9120,0.06847319010039374
9121,0.5622125041953312
9122,0.1243016765651751
9123,0.20611424054782335
9124,0.02113813211021775
9125,0.466864510468751
9126,0.06078094430848565
9127,0.04770432963287795
9128,0.00386287310445055
9129,0.015486884358641349
9130,0.4569198401721813
9131,0.9780213572663246
9132,0.09830719253833975
9133,0.0270666430369506
9134,0.07086034949222986
9135,0.41997671833826133
9136,0.00994668957181815
9137,0.04134201787120365
9138,0.018177693559196052
9139,0.04652759226651195
9140,0.9369006820538934
9141,0.09955934131963914
9142,0.03827593634664235
9143,0.8149561192922119
9144,0.10510935247304395
9145,0.036944268459941046
9146,0.008157960809055401
9147,0.07026153598154264
9148,0.16730764329702918
9149,0.1043111035531268
9150,0.17446813404566797
9151,0.0067197149054226
9152,0.5558350004754107
9153,0.1717906732720996
9154,0.9510202813457368
9155,0.9941025065317235
9156,0.835902358633331
9157,0.9055324001893492
9158,0.2854616030567064
9159,0.00356235715526125
9160,0.27901688655305695
9161,0.01416449709707375
9162,0.09341178835264576
9163,0.0038725279051351
9164,0.07508636169769595
9165,0.0111810191689062
9166,0.9747518744180717
9167,0.0155004201581852
9168,0.2869929071468036
9169,0.9835631216147476
9170,0.7857599488666867
9171,0.9646219537365085
9172,0.8646238419758361
9173,0.4681548063615
9174,0.091183195418381
9175,0.0413894814483004
9176,0.00289688641892095
9177,0.3137402808675045
9178,0.38878003081369156
9179,0.05206492360607295
9180,0.0125480884757033
9181,0.36258302761751593
9182,0.0030399737620437
9183,0.01549441591522885
9184,0.3880765493868284
9185,0.02856309167645675
9186,0.0882844292212092
9187,0.0235349657260785
9188,0.01688288301529335
9189,0.8099925669133183
9190,0.0068948196363124
9191,0.1126946203264915
9192,0.9897653670991828
9193,0.00293051530514835
9194,0.0123626423634813
9195,0.0109589686262057
9196,0.7366760988764502
9197,0.0275440206122318
9198,0.0086893010819348
9199,0.0482228639058417
9200,0.04418561307192885
9201,0.9986139076873359
9202,0.031178965031671203
9203,0.0587953236438649
9204,0.159224304252852
9205,0.0032089664035965
9206,0.5185432070517475
9207,0.4878018711147288
9208,0.0058525459058963
9209,0.0168648210941517
9210,0.9591883766810698
9211,0.8901603216603389
9212,0.28117463300463663
9213,0.07651904931117096
9214,0.01711333247173725
9215,0.037772603099345145
9216,0.19889390958326775
9217,0.03240207959661285
9218,0.18513061994389823
9219,0.047498951711328896
9220,0.0214481244506593
9221,0.44058477848714883
9222,0.13799872509272115
9223,0.9676490048621308
9224,0.1015158810794688
9225,0.9680185474102441
9226,0.9833640931012381
9227,0.0342755502786764
9228,0.0067870985943449
9229,0.00903236025935815
9230,0.0901124516022198
9231,0.0808460455425195
9232,0.9241978665769859
9233,0.0064814298124976
9234,0.046261020258868205
9235,0.07039667098105415
9236,0.01171368447907075
9237,0.10415761990849576
9238,0.16934818476170016
9239,0.08033221308897545
9240,0.5764738426398197
9241,0.16330122334587882
9242,0.0018268898749915
9243,0.9877024861035468
9244,0.0177875303937459
9245,0.04013789543907335
9246,0.3291687796093193
9247,0.03171937819355165
9248,0.9895946783462604
9249,0.9981922433184326
9250,0.0229019311978967
9251,0.3798821081455267
9252,0.007607314295087899
9253,0.00283768698354725
9254,0.08869611933686265
9255,0.9981990720216399
9256,0.12570836535413094
9257,0.3914466025089503
9258,0.8980606018415005
9259,0.0297644186426299
9260,0.06458082135926045
9261,0.9711993144860613
9262,0.763669791001919
9263,0.0134443954045258
9264,0.04498067228157345
9265,0.02052355471353405
9266,0.8691376155365133
9267,0.3721512445583265
9268,0.054678148834413354
9269,0.8334424723010198
9270,0.0066920956181775
9271,0.0021693954149995002
9272,0.188332131971036
9273,0.05936992613941075
9274,0.0354603142026459
9275,0.015580572398272551
9276,0.01227112317266245
9277,0.14340578471825138
9278,0.9943542313449076
9279,0.07465541255752875
9280,0.6910782084747922
9281,0.9761012914906588
9282,0.25303843688659516
9283,0.7677804766387228
9284,0.0949960999620848
9285,0.23410752701492876
9286,0.12180160689016295
9287,0.3987187463037104
9288,0.1040861850526037
9289,0.038800567700189206
9290,0.0606968649257034
9291,0.0728468337439319
9292,0.4263016652296838
9293,0.2775830637752887
9294,0.1170506557621519
9295,0.43581323897771596
9296,0.14428887509286958
9297,0.9774377961529045
9298,0.057884676993974704
9299,0.0099358639284842
9300,0.04039239033134295
9301,0.4235885075820325
9302,0.0585484727642801
9303,0.0694177327770664
9304,0.04540671388895365
9305,0.00526022845607665
9306,0.13543408594285938
9307,0.7113905589447667
9308,0.958842710016525
9309,0.9691686295255468
9310,0.0424565125007618
9311,0.9076696230400323
9312,0.8343618518456906
9313,0.7599648426007141
9314,0.0355596910392346
9315,0.41476416247462833
9316,0.9095645271486321
9317,0.6034342747528025
9318,0.0034714452129960003
9319,0.0408103682043148
9320,0.02052182914562835
9321,0.8844621508412914
9322,0.6786299502801671
9323,0.32537994151683874
9324,0.0122415145926387
9325,0.04050156150040855
9326,0.3191806887134565
9327,0.0631678225908376
9328,0.62922128359392
9329,0.078811691259688
9330,0.8509060105458665
9331,0.06856110913595276
9332,0.03450251330555555
9333,0.01835641832399145
9334,0.40563722224035437
9335,0.01781089047835585
9336,0.1167549166337041
9337,0.7112492574239793
9338,0.0762444480576524
9339,0.3503726594111315
9340,0.09335720457091995
9341,0.036844531624186105
9342,0.059670648136986
9343,0.018108909859083
9344,0.1053139321993032
9345,0.0028524781537463
9346,0.0365105491871252
9347,0.055388442092057955
9348,0.0274518154256431
9349,0.1259114631587232
9350,0.0536731721157966
9351,0.0115155149685722
9352,0.044410206943294006
9353,0.0455019032340587
9354,0.0320167530988352
9355,0.3887499170883115
9356,0.13132119405594128
9357,0.026700918976325448
9358,0.21565980899160914
9359,0.9748496742150554
9360,0.059802817117380204
9361,0.00186571162430365
9362,0.0207153788249859
9363,0.01491207055536555
9364,0.4944014771279972
9365,0.0032927367914726002
9366,0.09090956079850485
9367,0.9671770168320527
9368,0.11328437398124006
9369,0.0513363369535497
9370,0.9534467844486298
9371,0.45441770646654095
9372,0.0145227628059719
9373,0.003510506367194
9374,0.03696276116367455
9375,0.19147976487675866
9376,0.8348007247707069
9377,0.0582779556279957
9378,0.9984746378087289
9379,0.14278083244594247
9380,0.02803102658372765
9381,0.9837460559696851
9382,0.0658297440383678
9383,0.9791414205472524
9384,0.5048071740502176
9385,0.966707816760163
9386,0.0039938022205315005
9387,0.4627311126370516
9388,0.40959996814973687
9389,0.671766295711107
9390,0.0202394038569123
9391,0.20983769328759172
9392,0.0400966278156778
9393,0.0433346031304573
9394,0.3670836098534108
9395,0.8529491620717383
9396,0.02522698502665495
9397,0.998552731371894
9398,0.00700144997015385
9399,0.0025882504530888003
9400,0.40890622579796926
9401,0.02073203154836895
9402,0.06454670509721755
9403,0.013237006211082699
9404,0.9838400111631127
9405,0.5242007004635039
9406,0.00226560330658905
9407,0.00531093639721915
9408,0.5014887800755834
9409,0.19486869829850734
9410,0.933026987744122
9411,0.14087850779559835
9412,0.03700503669583545
9413,0.0454001229707833
9414,0.016980468874163497
9415,0.192970741305173
9416,0.020984627480218898
9417,0.030693463388254398
9418,0.0512853001509702
9419,0.20391617145409655
9420,0.9765985019624901
9421,0.1280180936517101
9422,0.9972154440448544
9423,0.036423486643900896
9424,0.7818509615761117
9425,0.9829381631493654
9426,0.35188506780038287
9427,0.1056704909709113
9428,0.06564465801823935
9429,0.50187637923494
9430,0.00164656968678655
9431,0.9307233344378314
9432,0.00999096187536245
9433,0.9607519683604853
9434,0.00574034936043675
9435,0.9985771062326649
9436,0.9813025026366138
9437,0.00735385314277115
9438,0.34287503376839035
9439,0.00813313676487535
9440,0.37850393297027407
9441,0.7123548262261459
9442,0.0735430318680231
9443,0.06144230377081445
9444,0.07059619688795765
9445,0.9341798564690794
9446,0.0050980508018131
9447,0.9851757719011548
9448,0.0609020452973507
9449,0.0242847138763187
9450,0.04704972381161995
9451,0.0118277246217887
9452,0.9855144172216272
9453,0.37658063464526814
9454,0.017099284697139103
9455,0.0334149609939516
9456,0.007379512071761
9457,0.48746245443765224
9458,0.011080214281275851
9459,0.31897699324204976
9460,0.0382897906250369
9461,0.9225685637717829
9462,0.35987974555076674
9463,0.0529899989124689
9464,0.12029219496548445
9465,0.0020298665527517497
9466,0.30495627214378074
9467,0.9140453468918734
9468,0.1135106959644865
9469,0.0026856525367039003
9470,0.9653306879268437
9471,0.0114503925493516
9472,0.9290436191932759
9473,0.11699654183846264
9474,0.9549237637384616
9475,0.022816981432894602
9476,0.03710372922580175
9477,0.08318879751027235
9478,0.40940758557272305
9479,0.11430514219400525
9480,0.9030129766648528
9481,0.9665188431230609
9482,0.20374256347020786
9483,0.9382365436390865
9484,0.1015339498783656
9485,0.219766525159281
9486,0.9490057931777368
9487,0.7459785128068054
9488,0.9820967430873608
9489,0.215598055077345
9490,0.00929521467296575
9491,0.024312942760344902
9492,0.9947869236327079
9493,0.11120260552157055
9494,0.11802463997796489
9495,0.00250800023698245
9496,0.008916035737604251
9497,0.0851405770512633
9498,0.40070631222499653
9499,0.9653513649889143
9500,0.21369409494304897
9501,0.09874059804130769
9502,0.9752954411184325
9503,0.98215752047624
9504,0.3379793160454267
9505,0.8389852126781292
9506,0.9936014640048569
9507,0.0256838792706286
9508,0.033592763252302954
9509,0.09366183168351169
9510,0.01550175657311155
9511,0.2026262929426923
9512,0.26126862876665935
9513,0.732368085918045
9514,0.1702047943017361
9515,0.054522219426886245
9516,0.2540983213318377
9517,0.0389676693818136
9518,0.0339262523393338
9519,0.05492682404447145
9520,0.00300777889298935
9521,0.02397025400394535
9522,0.33816975586062703
9523,0.0596821858995219
9524,0.05363709466565175
9525,0.0037219878600546
9526,0.5700603259218575
9527,0.046261652620127755
9528,0.0567080751823255
9529,0.10314074560679204
9530,0.035544967314635204
9531,0.022890708049797648
9532,0.0183530201280112
9533,0.46580036828174753
9534,0.8057433004464014
9535,0.8242000900268489
9536,0.019018097038644502
9537,0.9942362122593661
9538,0.0252135468603145
9539,0.5093985798498333
9540,0.9045910946799443
9541,0.22757801884531664
9542,0.3370872620979614
9543,0.0054598822343961
9544,0.0163255358786148
9545,0.0969355691721128
9546,0.9713522064120492
9547,0.773559257412405
9548,0.012564289786449051
9549,0.14116305329646162
9550,0.7368070365437155
9551,0.6932231452966653
9552,0.9707410853825758
9553,0.611833952717009
9554,0.9851808198987204
9555,0.2870854313317161
9556,0.0156472502038607
9557,0.9754955301633008
9558,0.0690846847755726
9559,0.08061297761225081
9560,0.0016685553718191
9561,0.094660404020544
9562,0.9968982067747563
9563,0.1909894140095249
9564,0.9799503028361222
9565,0.0079395621951707
9566,0.0757919014776503
9567,0.9914987294262033
9568,0.04517742853627185
9569,0.07053111470695009
9570,0.07204854342462175
9571,0.054334276823704
9572,0.15915558435115365
9573,0.846599141260626
9574,0.7426772335261027
9575,0.0557913195525419
9576,0.9811088465850574
9577,0.29024188827776043
9578,0.005482719773999899
9579,0.00795622818303785
9580,0.9096687652847132
9581,0.9025757290178811
9582,0.01136271001203775
9583,0.8142468091949722
9584,0.9251356576466716
9585,0.029778200221130452
9586,0.00641433390314325
9587,0.011405539204054401
9588,0.9065680160499892
9589,0.019675912106941952
9590,0.1262198383651528
9591,0.31952129339421753
9592,0.6631248582992241
9593,0.0203128449855703
9594,0.9450207259361876
9595,0.9826858822839769
9596,0.03085100907883155
9597,0.9421293961400949
9598,0.9758491491586709
9599,0.1003415609712585
9600,0.9293462928805998
9601,0.5894568375217857
9602,0.00920677050470145
9603,0.1143093712538506
9604,0.11179591082671295
9605,0.1440235036027107
9606,0.0014653101283277
9607,0.27716108175879894
9608,0.7384812551902137
9609,0.5635237868345178
9610,0.011633226845521049
9611,0.0050295521310418
9612,0.01087096865197835
9613,0.09392952847122575
9614,0.4987821242179513
9615,0.1502776148929037
9616,0.9350364741927076
9617,0.031962923100128895
9618,0.5798363560377174
9619,0.17243022616327724
9620,0.0073469676778552
9621,0.1708477544317285
9622,0.0126926353962603
9623,0.4884378353361792
9624,0.2413473625663652
9625,0.005061816711757001
9626,0.07202209469067385
9627,0.0560913742299188
9628,0.9737788943845568
9629,0.8188643580105857
9630,0.9304434111333962
9631,0.9968306096119492
9632,0.9943408541205675
9633,0.0683637957693434
9634,0.07839382482634845
9635,0.9984713239950834
9636,0.9898945269524158
9637,0.0057718834288980995
9638,0.05031086168361015
9639,0.0812295533960813
9640,0.18551234804454586
9641,0.01948735386854765
9642,0.11428308913059365
9643,0.1490150579707744
9644,0.9754689983233367
9645,0.0876230144493903
9646,0.3455685779304253
9647,0.4665401156856124
9648,0.0017403262647783
9649,0.18808136500242073
9650,0.01286502476926095
9651,0.990779069261521
9652,0.7020727526740596
9653,0.22912416620907738
9654,0.2293704083292
9655,0.025052513491168653
9656,0.4064440499822881
9657,0.936482467455494
9658,0.9987214854281194
9659,0.07497998002358444
9660,0.0397493310377668
9661,0.0415283158753344
9662,0.9698906062786744
9663,0.008517424770646199
9664,0.0067440122659070505
9665,0.1081087109306275
9666,0.0412278551279371
9667,0.06477722437188671
9668,0.23069025238336044
9669,0.10494474515213136
9670,0.7133228884334528
9671,0.3843624376788461
9672,0.04524349059615005
9673,0.042526049687963155
9674,0.7059789876350517
9675,0.1313814206873926
9676,0.0950075253362353
9677,0.00368093083363745
9678,0.9624038429423163
9679,0.0314248959236764
9680,0.43383300821348936
9681,0.5859796312047079
9682,0.18381627165330666
9683,0.9568556008313692
9684,0.03286036122879135
9685,0.7813873735198804
9686,0.1032854713461059
9687,0.10706308225241505
9688,0.0367172788515136
9689,0.0091879338199592
9690,0.1560435045557372
9691,0.9038287056826089
9692,0.12300844907969449
9693,0.0217495896451358
9694,0.7621103903034725
9695,0.00936413770970995
9696,0.9622959447515561
9697,0.24341652312092044
9698,0.0570817228002547
9699,0.009356483613359851
9700,0.12469872855569045
9701,0.09525780643270229
9702,0.9942205600884668
9703,0.13076169091901996
9704,0.044028921632503645
9705,0.1617607254279796
9706,0.7687168852425301
9707,0.098610087366723
9708,0.02069876458304305
9709,0.20552064688925975
9710,0.4428807429373288
9711,0.07854490672570044
9712,0.4535981594949695
9713,0.5939071858016929
9714,0.0086891848968164
9715,0.0462312769317631
9716,0.215759956907897
9717,0.0172091463578133
9718,0.01359586732613455
9719,0.09409802891180785
9720,0.9872778271844282
9721,0.9732907011893939
9722,0.06338450893115485
9723,0.014291044685801401
9724,0.1436321388533187
9725,0.9138652702163326
9726,0.12901263504820945
9727,0.14647348946638428
9728,0.3031601510812383
9729,0.016970043069832103
9730,0.977929299946387
9731,0.034111039452036654
9732,0.0031896824354418
9733,0.01173956693996895
9734,0.07246530393737186
9735,0.6409898562333399
9736,0.08912794442877364
9737,0.034591505432572
9738,0.1269627967216878
9739,0.9864345669945037
9740,0.07056238386033764
9741,0.0426565662868726
9742,0.0438431907292701
9743,0.7282235205419998
9744,0.04237545785679825
9745,0.7649790685477726
9746,0.01763190778247875
9747,0.43731722809277146
9748,0.6323684409028887
9749,0.971647900978581
9750,0.00845225156813075
9751,0.9903491015500161
9752,0.011223385026380699
9753,0.9508406667184448
9754,0.3528328290551494
9755,0.9953952192733402
9756,0.13770542083668136
9757,0.9729085428843474
9758,0.13846263458856672
9759,0.01928078242792665
9760,0.0046126272334317
9761,0.24315509315894324
9762,0.002136873810965
9763,0.1299503248796768
9764,0.863638857652952
9765,0.13359792910211188
9766,0.10786442692486894
9767,0.8944812359044068
9768,0.48485125579132415
9769,0.00688378475289925
9770,0.6194991782816035
9771,0.10476997788144154
9772,0.048869194614188094
9773,0.6071980894153899
9774,0.01736479632895665
9775,0.09291034640988555
9776,0.0057177451130467
9777,0.13227604214005156
9778,0.10756249191260556
9779,0.16161652573470395
9780,0.9892177504424393
9781,0.13298060983340898
9782,0.7718391107058573
9783,0.17623854705778425
9784,0.40978466281167475
9785,0.9676629888315281
9786,0.5981888924742178
9787,0.206090625648488
9788,0.0034537843227427003
9789,0.2209481165869867
9790,0.2755331137120053
9791,0.0581495276562135
9792,0.1242629813987329
9793,0.11400443326274626
9794,0.7325699372181026
9795,0.0901099269966571
9796,0.058276324915007796
9797,0.8643524096881596
9798,0.5026419566847814
9799,0.0370709916801972
9800,0.04193784747731765
9801,0.01486776397147495
9802,0.15286869891242416
9803,0.01753051974120995
9804,0.8030341188442461
9805,0.00943065487376155
9806,0.8394232291536101
9807,0.05638730232906315
9808,0.02793873119554045
9809,0.0660202452197438
9810,0.00611422118448885
9811,0.01901182248891215
9812,0.046502714162651
9813,0.0030539767276169
9814,0.09715302653596194
9815,0.262367735835
9816,0.18439830918041566
9817,0.06286155053504325
9818,0.5110197219485205
9819,0.9522809107827939
9820,0.07726353943156405
9821,0.07144014833018955
9822,0.008222611877447699
9823,0.9376185118390813
9824,0.3160751802675864
9825,0.980752520035991
9826,0.008694987551029251
9827,0.995167221802442
9828,0.508362685419731
9829,0.6885623348278143
9830,0.9690112151850285
9831,0.01260662621975045
9832,0.05891396990019235
9833,0.16920964037907385
9834,0.0479826473966243
9835,0.32357598517036823
9836,0.9838093675665462
9837,0.9966965859137427
9838,0.0018087993667621001
9839,0.0516290518223083
9840,0.9972284065026316
9841,0.046448695726814745
9842,0.5264091981753882
9843,0.7401006539848691
9844,0.10659126530235641
9845,0.00439318266103285
9846,0.8406893124563923
9847,0.41848894183218055
9848,0.0320254295810892
9849,0.0054156296903024
9850,0.21020111943035574
9851,0.0735854033940494
9852,0.09997468380065075
9853,0.017134204890212952
9854,0.11541243413521884
9855,0.2220414301028379
9856,0.05285797073532855
9857,0.9517133931482582
9858,0.044394496597250394
9859,0.8724971627030444
9860,0.0743237892261833
9861,0.06265632229457525
9862,0.054397211672620197
9863,0.00522463245448735
9864,0.920032747942274
9865,0.9967330946419903
9866,0.05343723807039405
9867,0.0028750680071622002
9868,0.47095058418533475
9869,0.099517186254682
9870,0.8381058983520385
9871,0.9763327055619662
9872,0.09591900461753686
9873,0.04740215541567565
9874,0.8392034830638129
9875,0.13428801953030411
9876,0.085420385518991
9877,0.1276711289262104
9878,0.03902697913143435
9879,0.8892791143505266
9880,0.00945386053114275
9881,0.9450172855031573
9882,0.9566543984773705
9883,0.03358666660841235
9884,0.02496263120542095
9885,0.0478556082363218
9886,0.17859258392659125
9887,0.0164849164138598
9888,0.9515224763043166
9889,0.9984503455172384
9890,0.25568886657414885
9891,0.02026196902453735
9892,0.08445115062761235
9893,0.3570625612571226
9894,0.07395056704225225
9895,0.0872337667404765
9896,0.7967589114445341
9897,0.1245607438594262
9898,0.045061025984613
9899,0.1292019948598807
9900,0.162607846535901
9901,0.057560471701935595
9902,0.049771969574788896
9903,0.1169995105131745
9904,0.7543102174883762
9905,0.07695003737879741
9906,0.1130016209144259
9907,0.46891708437796015
9908,0.0043670662290369
9909,0.9658485908736976
9910,0.9772417595429741
9911,0.0931747703989386
9912,0.04844262244888655
9913,0.0197098824425867
9914,0.15720263417420172
9915,0.9880107516108501
9916,0.0852323712587655
9917,0.06790857926632934
9918,0.0140364176122902
9919,0.5077600491780279
9920,0.02117919533612205
9921,0.3440217719681421
9922,0.00173711684613825
9923,0.346651652367549
9924,0.15063321358975468
9925,0.2826166434620469
9926,0.0760555594674702
9927,0.24994685812429
9928,0.006547829729933501
9929,0.9428202122625449
9930,0.9559556195416399
9931,0.535035283564238
9932,0.11124385264122345
9933,0.2068122540162393
9934,0.01339928092622485
9935,0.7905212662781191
9936,0.9875398413785641
9937,0.32236876119864805
9938,0.344099933747155
9939,0.0593415253727828
9940,0.17223390987513698
9941,0.0371593699528195
9942,0.06373974072995715
9943,0.009396750509585251
9944,0.0361285470099629
9945,0.9646909084571473
9946,0.0485795085228933
9947,0.10009533516412689
9948,0.0360891710019961
9949,0.0064307873466482
9950,0.05357710463037995
9951,0.1645788851626126
9952,0.008393584336075649
9953,0.9948173816260242
9954,0.7416183443191433
9955,0.1293853093832999
9956,0.8674443493188517
9957,0.01328359460895255
9958,0.9743878125467045
9959,0.21160229245321216
9960,0.6529954720006201
9961,0.0244758004178155
9962,0.03773331401168335
9963,0.013722318332078251
9964,0.18632570984011182
9965,0.02734025694177915
9966,0.00815768436371905
9967,0.00535082632998015
9968,0.09153879098743195
9969,0.0062088679101865996
9970,0.0793120035675991
9971,0.9943044308347229
9972,0.0353139308199039
9973,0.03908822939520225
9974,0.040290857132284
9975,0.971804356698106
9976,0.4015008932498324
9977,0.16040510418806486
9978,0.0941569522423697
9979,0.00304625906244205
9980,0.072314379867704
9981,0.09687961076629135
9982,0.0079857560947562
9983,0.16922405023293255
9984,0.02353942805461135
9985,0.0039734225596728
9986,0.038064558202326404
9987,0.1546992422821625
9988,0.0708449560002106
9989,0.0488510927780988
9990,0.1354695980113425
9991,0.9467958596865408
9992,0.09556992598398825
9993,0.04772908911915105
9994,0.7224494809886117
9995,0.0021845509395530503
9996,0.21198714235248073
9997,0.5255207464766896
9998,0.9900362139803092
9999,0.061278949600740304
10000,0.30669690928565196
10001,0.9667176879939066
10002,0.385643446140599
10003,0.2853496741387128
10004,0.0188007518648182
10005,0.9444964731141472
10006,0.9614412638176795
10007,0.022041669483993352
10008,0.9860723560495469
10009,0.954369164296748
10010,0.10237809013721194
10011,0.02610951776369495
10012,0.9025534960336827
10013,0.02121985481287535
10014,0.23825442316011486
10015,0.09520835537655865
10016,0.044643141204220096
10017,0.010983562110047751
10018,0.00320440750555275
10019,0.06338545341731044
10020,0.03650769133055115
10021,0.053830034727694404
10022,0.9854342530398249
10023,0.9918849630946224
10024,0.5846481806408226
10025,0.023588299460974398
10026,0.0176022626275118
10027,0.053142053075707796
10028,0.8608014800246899
10029,0.0726250713159999
10030,0.0047701605795703005
10031,0.06842204969990945
10032,0.6570348561394306
10033,0.9107766246310058
10034,0.00863625764939655
10035,0.018379945376790947
10036,0.09476355699528635
10037,0.9358066517857684
10038,0.012995159380363299
10039,0.40091301991445005
10040,0.17174775001667375
10041,0.0116332108071004
10042,0.9079968799907342
10043,0.0268810614496461
10044,0.28566386753659595
10045,0.01410286627785565
10046,0.00866233640316525
10047,0.8699660151486244
10048,0.14523071419802014
10049,0.7954889964074657
10050,0.00725190169520055
10051,0.46565501379129876
10052,0.9853446641886633
10053,0.0821175531491106
10054,0.6422058016255172
10055,0.20179466116127845
10056,0.009130366454804351
10057,0.9674457697199166
10058,0.9607542817841592
10059,0.05311231071423045
10060,0.8342626637744206
10061,0.091468299246424
10062,0.0035071268164102503
10063,0.0594128526468498
10064,0.9839678615896161
10065,0.1183133446669134
10066,0.059597435092832454
10067,0.0371462992683756
10068,0.015194551841057351
10069,0.0447287385321598
10070,0.048703163816903594
10071,0.6763700542130864
10072,0.9645572570891152
10073,0.75241360144703
10074,0.23341224658236176
10075,0.8841986535629638
10076,0.9498589453871288
10077,0.05075386041653995
10078,0.028089457919178898
10079,0.1192733852916515
10080,0.0868405133671945
10081,0.06575222860312435
10082,0.41457924987588
10083,0.0080253331439572
10084,0.14034752983773718
10085,0.3385419544865048
10086,0.08978733533147015
10087,0.7763743394911606
10088,0.030957151434509198
10089,0.8042550158303732
10090,0.0031126970516955
10091,0.07440609266741804
10092,0.00499461166070355
10093,0.03659649663957245
10094,0.4500384225925132
10095,0.0399411418276492
10096,0.02799754268269035
10097,0.9796650662712549
10098,0.16929849324105262
10099,0.24779203345817452
10100,0.0110284650716114
10101,0.00573175565074
10102,0.05537559830534705
10103,0.02214431494514435
10104,0.951342191924778
10105,0.00528558025695265
10106,0.1802548128874663
10107,0.00452282393482735
10108,0.3189348671251408
10109,0.0849507109209662
10110,0.15657095101741597
10111,0.0272312611898206
10112,0.0192034622740669
10113,0.06335200314615776
10114,0.1331164636591641
10115,0.0047167920717668
10116,0.7350384711631104
10117,0.04597836459170075
10118,0.14000260180505356
10119,0.548056171459293
10120,0.33665124716297784
10121,0.1410315584293968
10122,0.2146675456036804
10123,0.1309254496727404
10124,0.0066304423361907994
10125,0.06791096119701229
10126,0.9829596418543431
10127,0.03169039155219715
10128,0.0439917505081826
10129,0.04386216476410845
10130,0.15091534923332406
10131,0.6858868136593301
10132,0.48164990572828437
10133,0.1083037134245618
10134,0.9827997024136588
10135,0.051269764506078855
10136,0.01085623799990185
10137,0.0068305415321961
10138,0.472825761357504
10139,0.889205102025965
10140,0.254904486685514
10141,0.1769114689661292
10142,0.01732719360049605
10143,0.06687157580500525
10144,0.0032806057648979998
10145,0.01270020420899645
10146,0.0876863111447248
10147,0.37369884252802815
10148,0.6739576567230963
10149,0.774292431435978
10150,0.0965059859638991
10151,0.037710912583171996
10152,0.009522293427291
10153,0.9329879458038144
10154,0.0571441333006729
10155,0.02262673217768385
10156,0.5234271232419854
10157,0.2343460788062553
10158,0.6036513591847716
10159,0.17147844003784815
10160,0.9763672028770793
10161,0.018309570740764503
10162,0.9382023664464869
10163,0.998075828193577
10164,0.007980963157747399
10165,0.01465418128407665
10166,0.00281919476594015
10167,0.6168632284370232
10168,0.31274610710973083
10169,0.9049164666424889
10170,0.00784663595515625
10171,0.21806866701269284
10172,0.28665081249759045
10173,0.19546684147185567
10174,0.00624898763476995
10175,0.4013305816561423
10176,0.0044566647850603994
10177,0.9977733832170108
10178,0.0233355242791576
10179,0.045602634585495946
10180,0.15666503445983185
10181,0.0056007431147977495
10182,0.038830672484950604
10183,0.964886098387927
10184,0.997989521649702
10185,0.9317724426128091
10186,0.37928112455480695
10187,0.038481990118294146
10188,0.03602797821827695
10189,0.006230936278090951
10190,0.00229389360088815
10191,0.9802984874652096
10192,0.9604289723727641
10193,0.22197493538632834
10194,0.09755939874021874
10195,0.0381489092675511
10196,0.6460000661562846
10197,0.03670209787744165
10198,0.0686156234590697
10199,0.08852897712831084
10200,0.0053569528281626
10201,0.0167679123533992
10202,0.0457805379140444
10203,0.0202422438800896
10204,0.8865612573933259
10205,0.012830757286897799
10206,0.9968749513202337
10207,0.01580606940083105
10208,0.9787358381743024
10209,0.8975221455765244
10210,0.9836997368374498
10211,0.5593489043677489
10212,0.9106659172587466
10213,0.3616859095689765
10214,0.16619465540620126
10215,0.02497958946215245
10216,0.4291868943990118
10217,0.8330842593906371
10218,0.0090546058815054
10219,0.0458369015551059
10220,0.12578315806407037
10221,0.009910226447321601
10222,0.0040549969623362506
10223,0.9603491509239082
10224,0.8724879855006764
10225,0.06496812978314095
10226,0.031002615081462
10227,0.9983742095923562
10228,0.011893643707313752
10229,0.45923642327237013
10230,0.9976573640896368
10231,0.0162853198437529
10232,0.17456895720410454
10233,0.19432762838131334
10234,0.0832576984242487
10235,0.017406421392974
10236,0.033359199493593755
10237,0.5228439620191145
10238,0.0587372246299294
10239,0.916362310063369
10240,0.07113281335626531
10241,0.034966951878171795
10242,0.1266239304944402
10243,0.07743051334681805
10244,0.00617037475759305
10245,0.939151953855565
10246,0.042540348442615
10247,0.5013049804433956
10248,0.6383841044644485
10249,0.7529438687201906
10250,0.0094550247686907
10251,0.02095547053913285
10252,0.0208678631317933
10253,0.829805085939192
10254,0.1786770446726193
10255,0.09569484998116785
10256,0.9075034039019052
10257,0.8176697399405547
10258,0.01546905641654535
10259,0.0386732925963514
10260,0.9788264518701488
10261,0.01419598672022565
10262,0.00143384599911035
10263,0.6844433939276433
10264,0.7033917465808969
10265,0.0148331366283656
10266,0.5982905206736726
10267,0.8851805541865119
10268,0.011084835431403199
10269,0.042416982905182504
10270,0.5773807654345413
10271,0.00861643543688385
10272,0.07650741360352376
10273,0.7633761988569956
10274,0.5206511795237727
10275,0.1509732098867679
10276,0.2452290557337705
10277,0.14182768923621356
10278,0.14886033609407145
10279,0.9848903155935892
10280,0.0256155165375904
10281,0.6552371567354492
10282,0.0205907023069963
10283,0.5649006901393379
10284,0.26357855217099446
10285,0.04949201142559365
10286,0.10358731568952101
10287,0.2876913310012661
10288,0.9348890609924884
10289,0.8378755656330198
10290,0.05465853029777465
10291,0.04162270077107795
10292,0.014041273748355801
10293,0.07313022591130644
10294,0.5155440273920477
10295,0.27273617161471764
10296,0.9728896051370618
10297,0.14824941043946416
10298,0.060132929175643196
10299,0.1397828431477508
10300,0.9311101351251909
10301,0.0044969091009441995
10302,0.7750028169291788
10303,0.0734131951608097
10304,0.18704230147634443
10305,0.0203130465670033
10306,0.8844973637788833
10307,0.1244811597225868
10308,0.127728829699196
10309,0.145125892581012
10310,0.07355782076453105
10311,0.139585033008281
10312,0.972496155482302
10313,0.0437445324402077
10314,0.00127955037143345
10315,0.6316746602978187
10316,0.3078305275788791
10317,0.06148585845161545
10318,0.4337011837509219
10319,0.0144532079942412
10320,0.10484189446686035
10321,0.070062716936617
10322,0.1258580342321979
10323,0.0905707872897189
10324,0.00276037090740375
10325,0.28791019021928793
10326,0.4448941703328647
10327,0.0119852596994351
10328,0.8481077957229735
10329,0.11347605569749865
10330,0.02380568185488155
10331,0.06295570220507594
10332,0.0451359957342061
10333,0.34105743744609707
10334,0.8826757138390136
10335,0.9309606117667886
10336,0.29920526654978463
10337,0.3783262883938794
10338,0.509096250155964
10339,0.46292250880890107
10340,0.711269357215879
10341,0.0624263997291504
10342,0.7460713780654034
10343,0.9351587344479463
10344,0.7483979879288116
10345,0.01536778422745835
10346,0.9655042112513321
10347,0.9517757397894975
10348,0.07616440803073925
10349,0.8216655057715772
10350,0.15735909035654375
10351,0.9650175165368851
10352,0.024869221201691098
10353,0.9328494699400374
10354,0.48461702072027035
10355,0.16315393135640888
10356,0.11224161633088395
10357,0.0789551442097545
10358,0.9817591012826614
10359,0.0153608268952698
10360,0.9497852395997916
10361,0.9545681715505496
10362,0.00720940479528125
10363,0.018246190324659503
10364,0.254122295304553
10365,0.013176552634147149
10366,0.0628921128266928
10367,0.015202795471724949
10368,0.9871931057309378
10369,0.031029928786632598
10370,0.00306623213326315
10371,0.2883612654499178
10372,0.0303038999087075
10373,0.41074487774337287
10374,0.9696557260350871
10375,0.0021886421179886997
10376,0.02371360686341135
10377,0.15241234462474915
10378,0.5945168960598337
10379,0.0299592873751603
10380,0.09720235952154441
10381,0.02411864565963185
10382,0.9708877139595826
10383,0.9986699001043031
10384,0.0402044357846395
10385,0.037991389022210706
10386,0.07546416144374216
10387,0.0049327713840409005
10388,0.0503745967249286
10389,0.049782456615333995
10390,0.3579764970765894
10391,0.00892510585095725
10392,0.16235808641047006
10393,0.0148994100587704
10394,0.7867314845590581
10395,0.13017359748951796
10396,0.48076510996333116
10397,0.10155529661065521
10398,0.9362964465428933
10399,0.1175660575677211
10400,0.653046970952591
10401,0.45439725918298424
10402,0.5421053644826699
10403,0.0488937628844113
10404,0.016538309294329652
10405,0.6363150007419935
10406,0.5441402798285948
10407,0.0103742531476814
10408,0.9783288733134077
10409,0.0801457435890491
10410,0.491565948065423
10411,0.0705551126974409
10412,0.12100430366235385
10413,0.0411822199624809
10414,0.9849457807446047
10415,0.1559309447966045
10416,0.5992298019761239
10417,0.047482865302606744
10418,0.977951761473153
10419,0.1296416779509638
10420,0.788341957546709
10421,0.9344059224529153
10422,0.590440168187542
10423,0.09034597031438771
10424,0.7682002468243565
10425,0.208117182138468
10426,0.0127299145659485
10427,0.05244563213751615
10428,0.020359255866674
10429,0.04051193795955165
10430,0.15379838244201235
10431,0.5823389041970759
10432,0.9720332484832817
10433,0.11419968310176354
10434,0.0100504029132887
10435,0.04774879219714185
10436,0.06732092967960406
10437,0.0059600852574873495
10438,0.0090229084485305
10439,0.0024247059016844
10440,0.0020400690001072
10441,0.8758071191907573
10442,0.9459564862303367
10443,0.4836649989334053
10444,0.2010437360562142
10445,0.02597568414124945
10446,0.005702983852012551
10447,0.6914580747254537
10448,0.01159918830462765
10449,0.9885019152093875
10450,0.9872882776624317
10451,0.22122889554562708
10452,0.9859780100449078
10453,0.7417644828094907
10454,0.2679589606153896
10455,0.0166375424210437
10456,0.0106427521068147
10457,0.00722449004352615
10458,0.947428295438839
10459,0.07983229124395555
10460,0.0304566807238892
10461,0.34266416130067395
10462,0.2150208495963258
10463,0.06976957887774875
10464,0.955621328639363
10465,0.0397118414819358
10466,0.1223658656977656
10467,0.0277834208572995
10468,0.6441858452292226
10469,0.8385850226269748
10470,0.8418597949635913
10471,0.0181574253366644
10472,0.6821300470957705
10473,0.10239377273105855
10474,0.2164289265924417
10475,0.0270494010195131
10476,0.08127931436707884
10477,0.9927795796934955
10478,0.8522314897937977
10479,0.057681968794378397
10480,0.9753119780124206
10481,0.9575180475066971
10482,0.22354408822535876
10483,0.08215891449643666
10484,0.9672497621597798
10485,0.0352443051364071
10486,0.1248430426994803
10487,0.09236176614643465
10488,0.039590069006822104
10489,0.2597593028305717
10490,0.6508517929691232
10491,0.041342342305775895
10492,0.00247889807261645
10493,0.991278458341206
10494,0.16443466176004035
10495,0.9794763536812359
10496,0.16369964521323654
10497,0.050379125034997946
10498,0.2508075945343675
10499,0.0421926615752999
10500,0.988991910845018
10501,0.4224489429025624
10502,0.5797381933890386
10503,0.9664901973757432
10504,0.18707822259187123
10505,0.022433529792931402
10506,0.34675368516172267
10507,0.13598123621849678
10508,0.0475315296384068
10509,0.05957324729561535
10510,0.8288339729517527
10511,0.23417712279244302
10512,0.0353795146809315
10513,0.0806375207986466
10514,0.811850505881287
10515,0.00886842841710065
10516,0.7786733830873636
10517,0.038443118624343894
10518,0.2814355816980847
10519,0.8076069175216631
10520,0.9918982644421139
10521,0.3179109376643639
10522,0.00814834514328645
10523,0.017013458425958798
10524,0.9378597410317331
10525,0.6304633134178008
10526,0.2917963383476867
10527,0.48948107868177765
10528,0.8516843012587518
10529,0.9653538262058802
10530,0.07656818724936965
10531,0.038010032174947
10532,0.04908914645872755
10533,0.06454302713450749
10534,0.08369731541325305
10535,0.3337737016635409
10536,0.9789020423140047
10537,0.08710748127717799
10538,0.022058445459959948
10539,0.08955952589109545
10540,0.7153170082537521
10541,0.9387663864328839
10542,0.1155927635818352
10543,0.9239606063068688
10544,0.7590169899389214
10545,0.9488211548499034
10546,0.998638791679261
10547,0.7498248211866576
10548,0.020541355481666197
10549,0.9769302984076926
10550,0.15662973049047615
10551,0.007212290527203
10552,0.0113146393393084
10553,0.043823426448676345
10554,0.8715849761113381
10555,0.1037610795543398
10556,0.2313653691861875
10557,0.0544008903444449
10558,0.878249052661666
10559,0.8929849279796473
10560,0.05807340884951035
10561,0.00216778581608555
10562,0.18410192327733393
10563,0.895294768524301
10564,0.702186045960036
10565,0.007725203455023399
10566,0.4584432478083422
10567,0.0265756309912129
10568,0.06371243022186115
10569,0.12629566944899928
10570,0.3962966886558887
10571,0.07643953798482965
10572,0.13117321174136284
10573,0.2974925599625259
10574,0.9747954305803253
10575,0.0048242171423477
10576,0.01207590265481165
10577,0.9615515667092929
10578,0.8545433233110378
10579,0.07397753079370176
10580,0.0039420102682422
10581,0.0207383893198453
10582,0.9427927518870863
10583,0.9664091699964004
10584,0.02580459412443655
10585,0.9575104247490291
10586,0.3644364469555298
10587,0.9538869608759923
10588,0.0203678572787078
10589,0.16723424833782505
10590,0.39258077793758106
10591,0.007694397879754549
10592,0.79715099289618
10593,0.0396422387069544
10594,0.03298472103013255
10595,0.00390923499385085
10596,0.15543523810393906
10597,0.9487390483747522
10598,0.13994007403449632
10599,0.0981237078322009
10600,0.17787370879740075
10601,0.7859235965191749
10602,0.0751252785548005
10603,0.9556045026567352
10604,0.00162869698340895
10605,0.7145425531536331
10606,0.987920150514382
10607,0.010312708220036049
10608,0.0423839600579449
10609,0.12223863632641771
10610,0.06763782224675305
10611,0.9510346334346275
10612,0.01367144265063535
10613,0.05398651462939865
10614,0.0263581427431637
10615,0.0538669880450329
10616,0.16403642194483653
10617,0.4302593313514259
10618,0.9303237159947075
10619,0.008778433453283649
10620,0.9409783143299979
10621,0.1976064843441542
10622,0.5551829635985026
10623,0.09892267472244326
10624,0.10073106160832446
10625,0.21648773729862675
10626,0.13284021087096895
10627,0.08233043641956465
10628,0.3902328546872851
10629,0.00470198653117395
10630,0.9831331086653867
10631,0.0023618393743550002
10632,0.045367658676899694
10633,0.02505986134486685
10634,0.5875466405940288
10635,0.9087643464177738
10636,0.682467015654417
10637,0.9981752759776161
10638,0.0947961482033883
10639,0.2329999965616717
10640,0.1974807666397037
10641,0.2496487394568213
10642,0.27106366783060154
10643,0.00520074230403245
10644,0.0258036684189376
10645,0.9976867549961358
10646,0.00719446983274405
10647,0.00724824526689695
10648,0.0038197177556895
10649,0.9174575529245184
10650,0.2430273494495488
10651,0.1372682369857695
10652,0.9967633205192704
10653,0.28533079295676467
10654,0.8883875743471774
10655,0.1838720203894536
10656,0.9851475725638376
10657,0.19676609334132106
10658,0.30375209552600635
10659,0.0194398713939825
10660,0.00284865961096935
10661,0.9707957327497829
10662,0.0211950033830468
10663,0.1885357089311478
10664,0.0666266854707714
10665,0.01478913114971235
10666,0.37542471932476673
10667,0.32640229152606615
10668,0.6277008440199785
10669,0.01135448289454815
10670,0.023782367440718398
10671,0.0034516290704961
10672,0.00208516336242385
10673,0.2085109195358194
10674,0.4547406348537742
10675,0.5923315416414023
10676,0.04035216297431935
10677,0.9855267922609647
10678,0.06997446061323409
10679,0.06729261024575105
10680,0.0035590817527637
10681,0.48918409684551256
10682,0.03818036566782525
10683,0.4609701288530723
10684,0.0339162738488807
10685,0.9729579792899868
10686,0.9874444951096533
10687,0.02540243709015215
10688,0.0212641759883717
10689,0.8593594146619787
10690,0.00644549538118385
10691,0.3601654011830202
10692,0.9510807225005414
10693,0.8176168267539332
10694,0.01681032480201685
10695,0.5423702810667939
10696,0.06729350013308665
10697,0.01140512659836415
10698,0.8197238019014238
10699,0.998446064123943
10700,0.904007131934089
10701,0.12691201323706341
10702,0.010249548996859849
10703,0.9629177601252096
10704,0.47920651418560534
10705,0.9772633302967413
10706,0.7199150375270936
10707,0.9648839245664487
10708,0.00375506759623945
10709,0.13755682372805955
10710,0.00489275846547065
10711,0.00225727333513585
10712,0.11240427796129855
10713,0.13113619027203074
10714,0.0055721000574812
10715,0.28943942324650984
10716,0.8148109114129319
10717,0.08864256480221319
10718,0.0020570177977907497
10719,0.15009578939237256
10720,0.7901732565630535
10721,0.9813626372749172
10722,0.9638908845287081
10723,0.9382826426360422
10724,0.00468906827138905
10725,0.13479431675722975
10726,0.9208626971181172
10727,0.990907949095733
10728,0.0312883454278862
10729,0.07121399199702544
10730,0.0105086744441114
10731,0.9970376125378283
10732,0.0916531892430629
10733,0.05579717970475295
10734,0.15318137167096374
10735,0.9745236807262444
10736,0.011022624753823151
10737,0.39289938412026426
10738,0.00349012529963875
10739,0.881541794726627
10740,0.2576661528656709
10741,0.20259090943625846
10742,0.7915850306606091
10743,0.00760187630524875
10744,0.8219618333695813
10745,0.19706837861560306
10746,0.7199776051621884
10747,0.009629806935867149
10748,0.9801853258878732
10749,0.9972642103661662
10750,0.838539542649189
10751,0.01499221566571185
10752,0.052208005875124655
10753,0.1756914288227695
10754,0.13692159388361658
10755,0.01925699359115755
10756,0.14243361694467316
10757,0.7294095027350913
10758,0.5034165781134171
10759,0.06851555144509125
10760,0.30502057685258843
10761,0.0107558699546142
10762,0.0802266113624711
10763,0.44856419508559886
10764,0.9531577798298718
10765,0.9174529562075253
10766,0.0746144354149334
10767,0.08663521243401834
10768,0.00601036070242145
10769,0.1696068639418786
10770,0.9886565983732022
10771,0.06129771846603275
10772,0.02992966082180635
10773,0.00339225632727275
10774,0.01227039755428835
10775,0.454087886878328
10776,0.5251170111039273
10777,0.034660252820589196
10778,0.07517945163517831
10779,0.8724388235526734
10780,0.00546098390418495
10781,0.08736611504189759
10782,0.00375971080382035
10783,0.8034534540258993
10784,0.0853153880948511
10785,0.32139419022030485
10786,0.9462171800466188
10787,0.0979611490955767
10788,0.01859106492764765
10789,0.9971059477181844
10790,0.3996000839959135
10791,0.05128554275830585
10792,0.0080940552843594
10793,0.7457649813562282
10794,0.23776309607162677
10795,0.7251701774865478
10796,0.06424518973576855
10797,0.054210654745082104
10798,0.7698151861238981
10799,0.26489650299111966
10800,0.2577141549529758
10801,0.045552079114687
10802,0.00827681134309205
10803,0.08784527268329155
10804,0.9921678023846507
10805,0.9067486520734926
10806,0.042694182481641196
10807,0.06675872713332155
10808,0.0434157253106086
10809,0.17606925614012592
10810,0.9445128141195378
10811,0.0352977904287158
10812,0.0292026088473592
10813,0.023671179592209247
10814,0.05130572051843825
10815,0.35841232661113603
10816,0.0896791005592655
10817,0.9693024344638113
10818,0.07735833351513495
10819,0.08512173053806521
10820,0.004641275868279501
10821,0.06746912331214014
10822,0.0424296599638552
10823,0.054050615716566996
10824,0.01061146348088755
10825,0.048945543616740056
10826,0.06525051940028781
10827,0.00217809090468765
10828,0.5131577092195411
10829,0.0801317029030908
10830,0.049908849559725
10831,0.475326804612808
10832,0.3008813568142731
10833,0.0362467441762513
10834,0.0862257815781073
10835,0.343173645709398
10836,0.0167617987825994
10837,0.5330028458370203
10838,0.42012234769638235
10839,0.20985127041044294
10840,0.0128134265059243
10841,0.15346459360630366
10842,0.8658299494330508
10843,0.9645657661536343
10844,0.3464534371398498
10845,0.05443935648536875
10846,0.12488517820322595
10847,0.0352584637909183
10848,0.2810887425017668
10849,0.07890663038380046
10850,0.1081652592174393
10851,0.25970377123193106
10852,0.9200384329161557
10853,0.03883568701066665
10854,0.0012838741819374499
10855,0.0129746517876074
10856,0.1219671748295058
10857,0.0451507446773792
10858,0.2029547133428538
10859,0.9632260565330302
10860,0.29713948688828845
10861,0.0696620988649611
10862,0.09866124525608996
10863,0.10226881418926614
10864,0.9132047668671802
10865,0.22680136891527394
10866,0.08642400460829094
10867,0.0574280563972158
10868,0.02446663163585005
10869,0.972896352728094
10870,0.2964084899932496
10871,0.0159333191702824
10872,0.0673562426523987
10873,0.06492703557803906
10874,0.9806665005258427
10875,0.14524305339387766
10876,0.0837408425915545
10877,0.04825697995249725
10878,0.00432108506064745
10879,0.9231668287872362
10880,0.0327712095514675
10881,0.9551855253795773
10882,0.8566130550890738
10883,0.727203541062046
10884,0.9758128723706895
10885,0.00588711817758805
10886,0.7756612944460457
10887,0.043365781435787995
10888,0.9706144172274949
10889,0.152368185772766
10890,0.9073012311116241
10891,0.0160085043847829
10892,0.0042158073412065
10893,0.968783855722632
10894,0.9834871454323137
10895,0.95875159607533
10896,0.11378190200160035
10897,0.0240525487907827
10898,0.014326506661232849
10899,0.00694482774275885
10900,0.0171862978500377
10901,0.39929321697429265
10902,0.05332179891874955
10903,0.14960830228688238
10904,0.014946399866752249
10905,0.5388156558133411
10906,0.1345397343160418
10907,0.06260450423077321
10908,0.6734938876460528
10909,0.00991816045055435
10910,0.9563800381710865
10911,0.9802283979027614
10912,0.011057334099448049
10913,0.9028822435676971
10914,0.998135190143751
10915,0.8757952922582242
10916,0.9923090578698401
10917,0.15584093223047946
10918,0.37961674314245525
10919,0.1320789587582671
10920,0.9839292900208242
10921,0.9902475046049457
10922,0.912119333528228
10923,0.8537047262695179
10924,0.554152216970795
10925,0.14702248675368546
10926,0.5547053151203915
10927,0.0322015600481407
10928,0.4793153995894823
10929,0.984065590089858
10930,0.47054435863786237
10931,0.11387054306019675
10932,0.0164819052055672
10933,0.17665200877804194
10934,0.20978448269433875
10935,0.9630689322211565
10936,0.32212557728475333
10937,0.16069253537877443
10938,0.9661684324574331
10939,0.2537560412425198
10940,0.9172299502068806
10941,0.9944664489680204
10942,0.5914974346388564
10943,0.01609048424267975
10944,0.01591837150386945
10945,0.2715242816986282
10946,0.01864705842193445
10947,0.0400385188117537
10948,0.00392823224032285
10949,0.0199210385184199
10950,0.010902104684809
10951,0.9213103747950064
10952,0.0459137157067417
10953,0.03189436608184965
10954,0.07423135881808945
10955,0.2110855198103635
10956,0.6591106607408816
10957,0.0028579190482862
10958,0.0298019130482427
10959,0.0032126177231038503
10960,0.9568953312892482
10961,0.4746085895292962
10962,0.7199042301295209
10963,0.29035563737009584
10964,0.00191276354173865
10965,0.7641861329033507
10966,0.9397103286561049
10967,0.930589810291945
10968,0.21040119020925568
10969,0.14911612942686808
10970,0.03519391500550955
10971,0.1361168900475487
10972,0.5311429711813975
10973,0.6373081282327286
10974,0.2736604067050691
10975,0.5801321808873573
10976,0.14294774695033818
10977,0.9542775539705501
10978,0.1459715505585345
10979,0.004496008625457451
10980,0.9349762335509014
10981,0.45827784780664266
10982,0.9891452555506137
10983,0.0723597012942198
10984,0.035565180604421154
10985,0.9288816620631338
10986,0.05582598398196795
10987,0.02557922416976055
10988,0.1259403019759964
10989,0.0595745256289132
10990,0.055289125632801195
10991,0.060337809598828146
10992,0.01512119612176855
10993,0.050328722578207405
10994,0.00348462423447505
10995,0.2023102612974063
10996,0.3771237510695556
10997,0.0398129920657707
10998,0.032406295614795
10999,0.0643552572003715
11000,0.028937094511392897
11001,0.01188946660136315
11002,0.3894579950257935
11003,0.4258783294056345
11004,0.9820128744826332
11005,0.00424403010494005
11006,0.0040919682250911
11007,0.12991543040383535
11008,0.17588594990967432
11009,0.031920147519673196
11010,0.0515737324563626
11011,0.0037837443163155496
11012,0.14904843056321487
11013,0.5331037319271954
11014,0.0536566396886696
11015,0.0972853831540452
11016,0.01054654084153285
11017,0.9476436570088087
11018,0.00781844932789355
11019,0.10013340847679775
11020,0.9244606238923507
11021,0.01738614790633735
11022,0.17956589849954185
11023,0.0033013077810251003
11024,0.748034246799828
11025,0.09361966798801616
11026,0.7157141410130696
11027,0.2726974727237244
11028,0.8640480658180454
11029,0.0258514807573577
11030,0.0225420065687119
11031,0.0113475304414664
11032,0.9328311849911963
11033,0.0517781765151741
11034,0.0161178637405215
11035,0.9263456348614245
11036,0.09228599621732385
11037,0.9890036303379068
11038,0.3098934871177744
11039,0.9902615848618708
11040,0.009495983175958199
11041,0.0511733696269616
11042,0.9666171641884149
11043,0.0620951544046411
11044,0.19189789786146372
11045,0.8853613808509293
11046,0.019402611101925052
11047,0.537535534735508
11048,0.030589673555041053
11049,0.0072937031132857995
11050,0.7536600694475781
11051,0.33476481286081894
11052,0.3971543966598846
11053,0.5479238689881959
11054,0.9873125373010507
11055,0.8815827492307613
11056,0.10908838049115835
11057,0.055491224361556554
11058,0.08983743881298326
11059,0.051577868424441994
11060,0.3098573494408572
11061,0.6481295614313808
11062,0.9688558392994724
11063,0.002728073471426
11064,0.9014436590946993
11065,0.9680458170086732
11066,0.05556006988479175
11067,0.08899728225863765
11068,0.9467760763099488
11069,0.9365151851653668
11070,0.080238669070835
11071,0.0258742673463956
11072,0.9320684399088128
11073,0.054918965516124296
11074,0.9969464487644436
11075,0.04334644131912435
11076,0.1075081716378595
11077,0.034892842902816704
11078,0.5785681011282715
11079,0.0201326708788174
11080,0.0026710662183359497
11081,0.0239161470356732
11082,0.9293844329066788
11083,0.0771440684679999
11084,0.02062757320586165
11085,0.0906009979913696
11086,0.23746568826247538
11087,0.0041276330594159005
11088,0.00834788157938445
11089,0.9864889433127021
11090,0.981215750004472
11091,0.01492502499626075
11092,0.9529001562893797
11093,0.7063020636336452
11094,0.10495841779669465
11095,0.9476468049744033
11096,0.500456091900511
11097,0.05918671970367375
11098,0.13313281964869084
11099,0.946700695154825
11100,0.0904226673997908
11101,0.2567240963610228
11102,0.03214520642274045
11103,0.9433064510045646
11104,0.0681181375671501
11105,0.115279911682595
11106,0.9679060297135667
11107,0.9817974669673339
11108,0.2974383442304688
11109,0.9734232505782237
11110,0.0730164858732537
11111,0.9623175253288777
11112,0.0549505941674008
11113,0.00250629476451085
11114,0.0829463639132959
11115,0.25353891665864975
11116,0.19017747308312374
11117,0.9662514935790167
11118,0.10593603131865885
11119,0.9625654496242169
11120,0.006269550727926751
11121,0.0789597896885163
11122,0.00815740128793135
11123,0.9981731643019864
11124,0.8321325636912489
11125,0.9825864092384583
11126,0.06893610401711556
11127,0.0884518255075562
11128,0.9705017450671387
11129,0.018124917485877502
11130,0.07094753238990704
11131,0.9470317837534243
11132,0.0779230749755356
11133,0.48777828129003453
11134,0.07243456134803415
11135,0.9842786175307925
11136,0.22887349623171216
11137,0.01361620014188785
11138,0.9445545437888512
11139,0.02562300699417195
11140,0.9604479900218035
11141,0.030069591313662748
11142,0.13067171649489326
11143,0.948599750033823
11144,0.0137244122601542
11145,0.17865685727669495
11146,0.9666471262299932
11147,0.0178129020872242
11148,0.9787966740525014
11149,0.0622950269259498
11150,0.8364747606570391
11151,0.10494269567292874
11152,0.0186769485186592
11153,0.8566345214661375
11154,0.02771391076242225
11155,0.25294874251259575
11156,0.0318321814715474
11157,0.3989460636504499
11158,0.9825891163255089
11159,0.014375180774939551
11160,0.9345923856303813
11161,0.9773305285294379
11162,0.29006851831003544
11163,0.8583094423614124
11164,0.03906920433617985
11165,0.292981698429158
11166,0.12731638554905725
11167,0.02934179127319295
11168,0.9805311221223838
11169,0.3502207923842866
11170,0.033173636047349096
11171,0.8805425630212627
11172,0.0527612407631914
11173,0.0051913813552377
11174,0.0917496892101024
11175,0.24775738702578406
11176,0.0259638623958816
11177,0.9580175084149515
11178,0.0066277160060783
11179,0.0089812071643802
11180,0.8466981524007542
11181,0.2191341391594589
11182,0.979830970368505
11183,0.587584843067517
11184,0.00231728549698195
11185,0.8939625992480249
11186,0.04540189770600675
11187,0.990589951911665
11188,0.0969058912268323
11189,0.1845746951935336
11190,0.058504326461617254
11191,0.996161882852068
11192,0.25530810276082483
11193,0.05390755214403045
11194,0.13382509345417354
11195,0.1781054606827896
11196,0.0180174953902648
11197,0.038692695455040546
11198,0.7956354449865921
11199,0.8933850741376004
11200,0.2773364770101371
11201,0.0079021609146456
11202,0.00189431838308455
11203,0.09776417655674921
11204,0.00414586993949265
11205,0.0388194432114249
11206,0.00825927814014445
11207,0.162296145972058
11208,0.018567756859962002
11209,0.9666011384463834
11210,0.0588636341806359
11211,0.0714153337266801
11212,0.0692010406472382
11213,0.00574573025803885
11214,0.704182021931577
11215,0.07511202298518649
11216,0.1088786062471882
11217,0.22760124577154872
11218,0.12025727324306155
11219,0.9952250308031171
11220,0.09231037503608705
11221,0.2774073831597027
11222,0.21047030752320514
11223,0.00236619511673575
11224,0.04291990226094
11225,0.9960212918376581
11226,0.01247821121564745
11227,0.12155068015660606
11228,0.4514467434941179
11229,0.10178463786311255
11230,0.0022178346315294
11231,0.9858652199584752
