index,target
0,0.012569302157738353
1,0.8605192095980714
2,0.04399576715177399
3,0.04211792502679866
4,0.9910153020155281
5,0.0047029945436906475
6,0.9573740174474634
7,0.146742898711031
8,0.02341688497313847
9,0.9414123240422854
10,0.0062064627959013885
11,0.0038931521172157284
12,0.08160819388264222
13,0.5870732515131882
14,0.5107956359820083
15,0.37709555154574603
16,0.18256107100327082
17,0.8595913382285763
18,0.7996239032306622
19,0.969993417073457
20,0.1413219408779467
21,0.7411025248976748
22,0.9795593156374311
23,0.13652477751863304
24,0.9644398294140281
25,0.030548046955642262
26,0.020079505032137367
27,0.013314390830357526
28,0.010912432951451239
29,0.0018316468999899803
30,0.030322178905600503
31,0.004289771002085863
32,0.005570601534504271
33,0.5302860604548761
34,0.11479538760894639
35,0.2010642987005894
36,0.8735623969352277
37,0.00654383957330564
38,0.0543817530556335
39,0.14602024281366136
40,0.10609102994100436
41,0.946339924514688
42,0.004506067503445963
43,0.33831066743349125
44,0.8111080780645807
45,0.019938506265317624
46,0.7440730127174578
47,0.12852584562169186
48,0.41072744549463236
49,0.06473803290136643
50,0.10041184313113155
51,0.005852389219710522
52,0.28317097486987347
53,0.010856250279918163
54,0.10953710431914962
55,0.02334985661185905
56,0.03755150559309383
57,0.9515477526665259
58,0.028321418230286728
59,0.7724185753107209
60,0.18670982185090082
61,0.016030510637048925
62,0.841329676193784
63,0.7313163826124908
64,0.25368188804794506
65,0.004528385620114094
66,0.057695987666776354
67,0.962380978580098
68,0.9868603465593537
69,0.3624513184422453
70,0.06774375432504738
71,0.4473288758735652
72,0.05804445880932335
73,0.095455224968348
74,0.10216507923442801
75,0.012371768926468588
76,0.0012218894872488856
77,0.004499887443942132
78,0.02501013127659262
79,0.7732164532049977
80,0.2654482098195872
81,0.27297448638754795
82,0.11690569903275708
83,0.12276784157322457
84,0.16188512770686203
85,0.5326380419936357
86,0.5189483073282745
87,0.017475310628554303
88,0.11330838041762954
89,0.0017193002758461116
90,0.7601175459648077
91,0.04462038953794558
92,0.032872526317896014
93,0.09618841032513781
94,0.12823956089616534
95,0.8619117865476587
96,0.4578790629259448
97,0.0834698591833261
98,0.9774110247861032
99,0.2929366351364251
100,0.006560391393657626
101,0.09787298195508597
102,0.05249732772721408
103,0.10746216241822384
104,0.4388504173731656
105,0.05935675322906914
106,0.9121856117111939
107,0.7261043780452041
108,0.25260946497423953
109,0.14651735127990312
110,0.9250868614872105
111,0.01665644722083483
112,0.10593172136051623
113,0.011515933406287218
114,0.02181503645186242
115,0.2202372968760331
116,0.9720525139785092
117,0.24021822974938495
118,0.31729465431185766
119,0.9907805055500697
120,0.9608173478529273
121,0.001957003542439999
122,0.3709212642882439
123,0.0980459800360142
124,0.21354312843585233
125,0.09142289810293289
126,0.05553101630797759
127,0.1555286112235806
128,0.09845047274611102
129,0.07590167444650076
130,0.003764416458859782
131,0.03022133861451488
132,0.9917797095370466
133,0.06598405605676098
134,0.9757849341231333
135,0.9180226167030969
136,0.9863350330772815
137,0.9361814944417373
138,0.6890451072671425
139,0.0992815707517759
140,0.01496443630582149
141,0.4818572847125079
142,0.02169604438193934
143,0.07157924119647723
144,0.002908878316030998
145,0.9796941738256775
146,0.7895708282762918
147,0.9574329318330437
148,0.9518456604306782
149,0.045127381128914915
150,0.5546067460598954
151,0.08066956331314701
152,0.08344684518949687
153,0.01585791200413576
154,0.05253440412827492
155,0.02127154035063942
156,0.5012846499381608
157,0.6818719728454362
158,0.0465015870284506
159,0.05989777716277549
160,0.005974773470153108
161,0.6050154587059973
162,0.0426029080082936
163,0.7346354489565654
164,0.05698910414379593
165,0.04456251348475321
166,0.14939575081892364
167,0.011196514342612082
168,0.9829423963424058
169,0.006248389658789374
170,0.03328105681524908
171,0.03808412807912713
172,0.15484802744306397
173,0.9102270778285453
174,0.010912035022644616
175,0.011146403585304793
176,0.9535176094566631
177,0.974756666380562
178,0.0031005944809712185
179,0.9342266846889817
180,0.11708395821198009
181,0.04305822939932057
182,0.8330318416392156
183,0.1673058098127294
184,0.928328374484061
185,0.05235704017547136
186,0.6447666709929943
187,0.005722305307842514
188,0.17018790974614403
189,0.016862066058934314
190,0.00921729878564177
191,0.8918941065132611
192,0.054283209812078244
193,0.05862797584780112
194,0.1532595058124026
195,0.9853304971954006
196,0.04773725190218385
197,0.9823784260865756
198,0.1324143852280178
199,0.2942814834038676
200,0.1770435046847046
201,0.025504012726242923
202,0.9650430395535521
203,0.00605902706977453
204,0.033068763835046
205,0.012664799759630942
206,0.11742980424553884
207,0.8736979555481859
208,0.05921246839291687
209,0.9986936758986316
210,0.10764003910470665
211,0.0027177681824767474
212,0.6176026302080424
213,0.012050535037260484
214,0.015532030067836298
215,0.25210948751924867
216,0.04640101990272203
217,0.5263224333611927
218,0.9687834221747174
219,0.6338984803618429
220,0.13000178625274572
221,0.02945432059316879
222,0.024217029548670232
223,0.025826594077447983
224,0.34716876792723017
225,0.9888790014170723
226,0.8998092839458915
227,0.06280049156978876
228,0.8894929822821684
229,0.0019386407256400747
230,0.036775080292991154
231,0.9911032493022885
232,0.1961413600348596
233,0.021830355677561197
234,0.26129138914756617
235,0.0555644004030042
236,0.2938880736782938
237,0.6106973024137201
238,0.06988203562581313
239,0.9854809773535622
240,0.045995358886109575
241,0.011036821828414315
242,0.24753376018956066
243,0.2575635423630956
244,0.8768890454229272
245,0.17237937052641905
246,0.16603885772961385
247,0.007303982426741308
248,0.7707220826864861
249,0.9985626190254016
250,0.13359292777271536
251,0.03716396500365467
252,0.048211319113061
253,0.11995328761746213
254,0.12000848988931545
255,0.2118948731075842
256,0.38314905990378456
257,0.8536927812806819
258,0.011784021529833644
259,0.035483780387405545
260,0.17166800000496438
261,0.06957686004029887
262,0.9971080923365238
263,0.9351242435799995
264,0.006850305845344723
265,0.11453693992836661
266,0.8097795883133563
267,0.18327791770842983
268,0.004095808996820274
269,0.002599357035029855
270,0.3996805496563104
271,0.48053557072201275
272,0.05251297013391279
273,0.01793524121128066
274,0.99903837309892
275,0.9974088516218711
276,0.10674818595413285
277,0.025766985040243582
278,0.015051031111046387
279,0.03892145170077261
280,0.9542662078058568
281,0.9366476314456211
282,0.9591802108364196
283,0.010715702345785855
284,0.14998839887787457
285,0.11140431333712895
286,0.015460229804033054
287,0.015751791717255173
288,0.9857977813494705
289,0.2858927887881815
290,0.4017410354537022
291,0.9873341153080972
292,0.8897656842041501
293,0.9899368048099635
294,0.00407267881294304
295,0.10942227731643153
296,0.16320878626072644
297,0.08067777894448808
298,0.0036839510275812263
299,0.9903099817477024
300,0.14216684790504225
301,0.9102467111345452
302,0.8281660432548923
303,0.048594463006645494
304,0.6455807749507381
305,0.790344815795595
306,0.08708746147245579
307,0.037972416508206555
308,0.4678698044988729
309,0.4297531277087252
310,0.9758549804357803
311,0.04763272744355208
312,0.43998728158622724
313,0.008492779502209412
314,0.5482993714407326
315,0.03003508657367646
316,0.9700520876283976
317,0.030360907971368874
318,0.0029936068521301583
319,0.7072825405315989
320,0.2101947983268424
321,0.04473075184730547
322,0.0022663668261913195
323,0.03125453138557902
324,0.17170130795299915
325,0.8880242173746391
326,0.05853931795536347
327,0.888059412733036
328,0.013895270742721264
329,0.010792231551563553
330,0.8699426610327403
331,0.013212248450194216
332,0.20864093535359685
333,0.04973963129950802
334,0.12925031837976436
335,0.2769656704691849
336,0.061236252857953165
337,0.9797915679152752
338,0.016295869275683043
339,0.046825927624485605
340,0.0033373886202794755
341,0.984633671990507
342,0.852636956064551
343,0.150747002300925
344,0.07467203449030482
345,0.9617572052862354
346,0.4707231576540776
347,0.08476527805057883
348,0.0026529734324943367
349,0.3752266841437031
350,0.9978135196188979
351,0.04267074984926805
352,0.04022661468167219
353,0.08627102301963319
354,0.16307048440945324
355,0.16771383120454184
356,0.9600464428864792
357,0.023377741636938593
358,0.9678838848866114
359,0.2167276459276144
360,0.09792961624087862
361,0.6202854400692037
362,0.00856202527648418
363,0.06236071539041809
364,0.004331709549885172
365,0.669395758732177
366,0.024602454055957866
367,0.3556381541218059
368,0.41478014248532385
369,0.965900058267303
370,0.6407405315595576
371,0.8721934597219256
372,0.02771528860252584
373,0.14042127419708295
374,0.026851433125688058
375,0.8364524700972251
376,0.11690018131038882
377,0.030347522191607957
378,0.03226781136742809
379,0.005812426640492803
380,0.08937685920093785
381,0.151805688361276
382,0.9841092537371657
383,0.1446007331242093
384,0.12284333113479312
385,0.1740209569939425
386,0.04171383562208954
387,0.5488125158273931
388,0.09507753160054169
389,0.03302543196175797
390,0.7558095448117016
391,0.012083579498824219
392,0.01517706443983885
393,0.740974016896842
394,0.9844323586788171
395,0.7531654078925976
396,0.9710501870148747
397,0.35398574582394965
398,0.1507027195740551
399,0.0021226156739290944
400,0.054184586036120676
401,0.0035545211522144127
402,0.008306282326039447
403,0.1253530955068381
404,0.012753317939699988
405,0.036930377188010885
406,0.9853051617808721
407,0.4747425997035938
408,0.024188270380493485
409,0.18823691388828206
410,0.0772673681340427
411,0.8495673986891213
412,0.180219900249445
413,0.4768174626046259
414,0.08942384904258281
415,0.038867652244949265
416,0.9499814305311279
417,0.1942518779249568
418,0.08426546018422174
419,0.9882613922585146
420,0.1067364711149198
421,0.002307341815674432
422,0.010528262775577009
423,0.7002155677142621
424,0.929693171333138
425,0.015688622268241182
426,0.05734746675312193
427,0.005641246902276053
428,0.8551898351765906
429,0.9396449132023715
430,0.9954524989395409
431,0.09496399529461402
432,0.39650510617695645
433,0.06600297070571245
434,0.6854314196708032
435,0.025732104266277485
436,0.9751181002958669
437,0.06129254882474759
438,0.060263765013929035
439,0.9869229733622986
440,0.7963394547722554
441,0.08376386006208872
442,0.03141272119078018
443,0.006824408086369086
444,0.21729443493224104
445,0.02387663334062892
446,0.9925222030006009
447,0.23857072542889418
448,0.01335277915254224
449,0.2472176881204322
450,0.08689066904450801
451,0.41805335974707136
452,0.9225130817843719
453,0.3332779952732637
454,0.10670603151376085
455,0.9243051967576374
456,0.865958024391638
457,0.039079553081404504
458,0.29237995432786673
459,0.467321392110875
460,0.08660736396061786
461,0.4590225594588261
462,0.3132889013439679
463,0.9310542277963753
464,0.07204773942785665
465,0.9701235449469747
466,0.9640438283572379
467,0.01960072664356049
468,0.8327141745358019
469,0.9585223596304511
470,0.1182742929663268
471,0.3275649525070413
472,0.9527562001043721
473,0.02305569089740142
474,0.031402801990325996
475,0.006907633518533879
476,0.019649903652947373
477,0.07080266435031274
478,0.07951381074569015
479,0.604220117782473
480,0.016469538687073307
481,0.9901843075946377
482,0.12692969438752377
483,0.9704551714535481
484,0.9338226068973475
485,0.013345346225784902
486,0.03395107539606222
487,0.09323493036279319
488,0.010135317297565782
489,0.013751713447267817
490,0.05332330359061093
491,0.02077446151132155
492,0.003817598744009654
493,0.04346832108578556
494,0.3515578584540802
495,0.08728897091363796
496,0.01937069518245057
497,0.6222980153375485
498,0.25382725035984854
499,0.07465233122532242
500,0.9695404679116797
501,0.07338616346946727
502,0.08835589587520995
503,0.3107843433222599
504,0.7509954530870753
505,0.21203104763307118
506,0.012897860833710861
507,0.988175132239854
508,0.7374119748910134
509,0.04197504339591855
510,0.09525571453652296
511,0.6677368857452819
512,0.0166761668564614
513,0.9784546325714741
514,0.9626267439047158
515,0.9586976098232972
516,0.9782779350153611
517,0.4674888655526671
518,0.13185413232162366
519,0.10502342259649836
520,0.6600520930228954
521,0.1312937176011197
522,0.9187224787298424
523,0.5994326979885588
524,0.1214621427235204
525,0.9523425299877063
526,0.3962879413524447
527,0.007408516863671214
528,0.33488227177412466
529,0.9894817993949827
530,0.006908839161215208
531,0.002865763485186884
532,0.022305981190440742
533,0.008571310632067593
534,0.00935171413255921
535,0.06842310592236459
536,0.05033407448580743
537,0.8738390855504108
538,0.058359937108027574
539,0.9565406601816793
540,0.3253208110874722
541,0.047427996799685936
542,0.0021611435981449146
543,0.49599156404997036
544,0.8904979221339648
545,0.008633258657901372
546,0.42673939380796183
547,0.0030467741873570217
548,0.06339030919962577
549,0.030869111019439174
550,0.9661873808662274
551,0.6721534168933212
552,0.2705340797941712
553,0.013627771941240069
554,0.07882870908082218
555,0.44139375405942893
556,0.016888946164525062
557,0.09859540220503851
558,0.6957329011550065
559,0.009721621860328176
560,0.06460472273405433
561,0.33310579979882826
562,0.9753242555427866
563,0.5054064610595619
564,0.0032333990833220178
565,0.9150382021681351
566,0.09762757809358012
567,0.017035088847560668
568,0.43203445898293624
569,0.261283308378964
570,0.09759133105760988
571,0.13473499950813644
572,0.6598479177129185
573,0.028988946313942394
574,0.3827934570304662
575,0.0738117585690039
576,0.9614484987767569
577,0.005993397694208858
578,0.03683712406508659
579,0.14267548854307588
580,0.1108719685461084
581,0.15620391507536596
582,0.001696081584044923
583,0.00467764971164307
584,0.002009960636676603
585,0.26797021339386284
586,0.6639393677869964
587,0.6131706347369771
588,0.00749234381102893
589,0.10349588379206583
590,0.11863205668931748
591,0.00477343403979651
592,0.06719698406316797
593,0.031107273848937175
594,0.0635233943906506
595,0.23446535063674953
596,0.05827444917601334
597,0.08257026217239799
598,0.22030662790224437
599,0.9569520104523102
600,0.019546934036667796
601,0.014400006502113006
602,0.024467582393686405
603,0.20405921114927475
604,0.9122009429133578
605,0.03785090034872142
606,0.035454333487067245
607,0.003812971067691839
608,0.007377998054099055
609,0.004236944010589999
610,0.0698483007719255
611,0.09362994925108974
612,0.013305899497439013
613,0.005566700265613194
614,0.1205483018900538
615,0.5142166507731518
616,0.013885208096466536
617,0.03464527874273357
618,0.004168340691628891
619,0.03443119571919374
620,0.013373378720924376
621,0.0049775805531359725
622,0.46643805492179313
623,0.01750802265050918
624,0.1054187636041211
625,0.48410983041112876
626,0.7953462010814885
627,0.9866096599286334
628,0.006624351445692499
629,0.9336747448616851
630,0.02068972852251747
631,0.07962621292355392
632,0.5190485258570411
633,0.9836237746110243
634,0.021372139489332805
635,0.6323962700816719
636,0.009756962815523958
637,0.004624146405085893
638,0.010220030092193133
639,0.962596301205321
640,0.07664110440751969
641,0.7147659133530535
642,0.034117019785967685
643,0.031148407389642377
644,0.938749229816364
645,0.013311866225310682
646,0.020908277753459187
647,0.06358869725353081
648,0.17032432675251893
649,0.5060387425438456
650,0.06729131816745136
651,0.9690550760011001
652,0.9713423541949244
653,0.013214742670424957
654,0.04596486812224619
655,0.002187527527014873
656,0.14799690034841018
657,0.9527838330357798
658,0.5355312736602675
659,0.19597345653470089
660,0.012465143836123401
661,0.4418070897682249
662,0.06511907354127203
663,0.17736265370641086
664,0.5151085755292429
665,0.040906264078341054
666,0.03676467988228346
667,0.9727367155517935
668,0.2239609243500542
669,0.6728490435876955
670,0.030443442918285206
671,0.5170677392004548
672,0.06393276852408611
673,0.07195920849966075
674,0.9989156962329275
675,0.05463421619052868
676,0.025204922476046197
677,0.5732752897335602
678,0.062303780310724546
679,0.7483488599477767
680,0.17684708442391406
681,0.03229598637266658
682,0.9426974125708935
683,0.11962499245957853
684,0.23096476211425476
685,0.17738441257052748
686,0.09716564949232626
687,0.036959996449743904
688,0.9728710785479725
689,0.08219216516601721
690,0.9574611963980196
691,0.09274437125979212
692,0.002283317875464922
693,0.9038679318111774
694,0.017377109323487176
695,0.8385241654151218
696,0.01750322472388496
697,0.4050764089358476
698,0.9965364901313584
699,0.01655348548254352
700,0.01922593056130572
701,0.11659269075832594
702,0.004460823654643245
703,0.0013210151792496451
704,0.031227854769406274
705,0.025392507471477414
706,0.06850593637432913
707,0.43282678513594575
708,0.08800114847889268
709,0.03604434476082731
710,0.05905762464033684
711,0.05969097324115477
712,0.9980934685489016
713,0.05219320942847596
714,0.8958909737535601
715,0.07936457477970983
716,0.004595678434859227
717,0.14439010973084784
718,0.12717125431205056
719,0.00999172452753097
720,0.02777516277603079
721,0.136464457510451
722,0.36355225519725015
723,0.7362951040302852
724,0.877205163863612
725,0.6534369412103171
726,0.026384333283612248
727,0.9833066588861854
728,0.07034359330003248
729,0.1702797433026852
730,0.1782069626074394
731,0.007873777397620966
732,0.9877227917429989
733,0.9471964722064337
734,0.19879590498553373
735,0.0391899062619873
736,0.9471014173903045
737,0.028813258069684544
738,0.18310487563548633
739,0.5481599289194972
740,0.9931821636311182
741,0.6557853021549398
742,0.25134865791045974
743,0.20925055829040767
744,0.08398094595680389
745,0.019642555932389436
746,0.9351022857783438
747,0.894821682501187
748,0.12962923618850036
749,0.6590565247495676
750,0.06202510525590958
751,0.13232966950112926
752,0.05677957146940883
753,0.17130557751610764
754,0.027198505186156553
755,0.04051569419619966
756,0.35648946931923897
757,0.06861419407499739
758,0.004743232238190959
759,0.020299311005712445
760,0.8663278419913814
761,0.06236989685336742
762,0.772985606579538
763,0.017716503273152592
764,0.003670786120101672
765,0.9785149088277132
766,0.22534798260382036
767,0.781181196352978
768,0.3463863110641451
769,0.5040211050382156
770,0.23685092655903034
771,0.017775330794799205
772,0.983938310972778
773,0.01067118569014865
774,0.2221737660414313
775,0.9965621304412822
776,0.31282692026490766
777,0.00941154087509436
778,0.16309203183087312
779,0.5260891921318847
780,0.008045876677364647
781,0.011070680242761692
782,0.6111344533637261
783,0.03473261198141761
784,0.6085544818544284
785,0.9801868080798829
786,0.759795272262239
787,0.008863288460607353
788,0.9236808140037854
789,0.039884680932092666
790,0.8032797697391479
791,0.03587951382239539
792,0.0697371310345424
793,0.047320051484211624
794,0.25658604746129626
795,0.16998868577995874
796,0.04815354481833962
797,0.005153620191751191
798,0.8393177646327783
799,0.30614143525113746
800,0.37321237656533607
801,0.7679226395632774
802,0.00980885986124511
803,0.002820782135225848
804,0.052801557266058965
805,0.09625950926062754
806,0.012005108851610376
807,0.044186853839662546
808,0.06785087858852522
809,0.3067019136204943
810,0.047324837708251945
811,0.06711845710073051
812,0.9811345668488716
813,0.32176682115217187
814,0.9447763676998377
815,0.015507375096951046
816,0.34010297114576665
817,0.9435498735475585
818,0.4859255378974128
819,0.024586632999793405
820,0.9903868536793261
821,0.9984619866335254
822,0.1509458108451625
823,0.016175376728464363
824,0.3111257849195411
825,0.0013087585313199574
826,0.2701750126037589
827,0.08028166289867539
828,0.02513693646356792
829,0.9869552245931976
830,0.8120602868164879
831,0.02226572528603124
832,0.9903721696727336
833,0.42051131807940756
834,0.9145263058401316
835,0.001995047243623532
836,0.2766490301856676
837,0.4351731302227078
838,0.38118292892672545
839,0.9957178463042807
840,0.07960436116076416
841,0.03189713763873764
842,0.14215437692026994
843,0.006434099266762663
844,0.8688607612376749
845,0.9976201982706205
846,0.9989516903295047
847,0.015316825001222317
848,0.004697631803435961
849,0.6937795989560407
850,0.427369520477893
851,0.8541254928568416
852,0.1064983020737443
853,0.026071904206546245
854,0.941412167767723
855,0.010044114934690361
856,0.8870271527351874
857,0.9857961168941299
858,0.014673669077232316
859,0.73404078697702
860,0.00894982757286857
861,0.8945345032930665
862,0.30819551418896884
863,0.8912013984210876
864,0.004413238122683697
865,0.38093825094447775
866,0.9126506840759459
867,0.0799371451756158
868,0.1360637546594302
869,0.695507660423669
870,0.02206015599911358
871,0.9987207381905185
872,0.03151792076236235
873,0.012332555350241484
874,0.980251007650276
875,0.7947986834893326
876,0.02247535487372644
877,0.11192802110165141
878,0.055216198423802855
879,0.9546444608677958
880,0.05294010929785781
881,0.0670823896668285
882,0.8088882746170457
883,0.18176504884998773
884,0.031537932708050775
885,0.9732615528842563
886,0.026344822250242178
887,0.9637039144243406
888,0.03716921319058042
889,0.011192891933761573
890,0.18093177875820254
891,0.5523494135612333
892,0.20402278501407428
893,0.07119045963959678
894,0.542666710812121
895,0.2617481239686416
896,0.9053822477531601
897,0.11256751193789291
898,0.00353359702525779
899,0.7257847121777505
900,0.14202156643440436
901,0.006254068644790937
902,0.4203850401765762
903,0.8634892308588176
904,0.025951200825477087
905,0.9632537590075221
906,0.08948584365607326
907,0.007368468497942989
908,0.9944105662552514
909,0.024916500274435087
910,0.03494230992184887
911,0.0917560515099029
912,0.029455938389258154
913,0.0741632591001978
914,0.021713198264612904
915,0.06291982342845305
916,0.19747321220206687
917,0.4998513049875102
918,0.07664566459806087
919,0.4877110229541052
920,0.00809401388317435
921,0.020793398475436556
922,0.0372230289875269
923,0.9986595149343328
924,0.9564230438587453
925,0.8847493565859532
926,0.04387413181912505
927,0.08418864645994532
928,0.024225950460738936
929,0.5958169408436562
930,0.2707254673777072
931,0.03466601379440028
932,0.9477781379501811
933,0.022472240126017774
934,0.026807522006926147
935,0.07210150362392359
936,0.9914849432330763
937,0.03379219962160518
938,0.03275648364108511
939,0.5473005816698049
940,0.051959378257143064
941,0.9798279631074467
942,0.950529349753813
943,0.996988708821634
944,0.44794155405663527
945,0.3993289633598101
946,0.06393566358030933
947,0.6889498418072659
948,0.02973596171214761
949,0.045675427169396446
950,0.9846638890041753
951,0.30807667890240614
952,0.3294983685634486
953,0.1330781143826555
954,0.04324475820777782
955,0.5112409293812668
956,0.9898448616078539
957,0.2822442153797688
958,0.021285374098406973
959,0.4600845971024252
960,0.0017425685925427253
961,0.9466176655602137
962,0.030462287109822263
963,0.43648733820725044
964,0.3401386938482326
965,0.03671104915938163
966,0.22581256349307902
967,0.005591193603369455
968,0.0088341104853609
969,0.003763628781350039
970,0.1283899223560937
971,0.13462899993100547
972,0.9986022869004021
973,0.06204627467834619
974,0.478501468487077
975,0.010144726640814054
976,0.02340630088416619
977,0.8785298581514581
978,0.06838925169958521
979,0.995985629340828
980,0.9474543313883694
981,0.9830939383998964
982,0.39070535868477535
983,0.05513045232310485
984,0.9755623671925928
985,0.05689515401725864
986,0.9184439287644197
987,0.14832609297079147
988,0.2011352532834939
989,0.848268326082187
990,0.94593367544095
991,0.08597397465882518
992,0.034700661500702557
993,0.048230795511739366
994,0.018970741723786884
995,0.9976443666530206
996,0.025127393257356224
997,0.0625483233641862
998,0.16197796656160682
999,0.8525164133744143
1000,0.9154242045269831
1001,0.9918112013468692
1002,0.006541677510322912
1003,0.008710646810939207
1004,0.6242364576300935
1005,0.9090810354869732
1006,0.9973345557052464
1007,0.3967434234035832
1008,0.03667652821477885
1009,0.24109406799649916
1010,0.028613222297268728
1011,0.09903659001345136
1012,0.05916373365440393
1013,0.3064752878943531
1014,0.5378158375611602
1015,0.04414795855530851
1016,0.021068274648194912
1017,0.5552048060379314
1018,0.8190792662948869
1019,0.0018907182257974953
1020,0.05232602508590151
1021,0.964851754650536
1022,0.6455331673865805
1023,0.8971168326250806
1024,0.00770859913837609
1025,0.009703615793752632
1026,0.02080540403666129
1027,0.0983492165187432
1028,0.03452280191396999
1029,0.1090160288657196
1030,0.002298416510632023
1031,0.16757698709138547
1032,0.31884747977219263
1033,0.005365282287985941
1034,0.6674080374630476
1035,0.0208086354225366
1036,0.19973254088386957
1037,0.9758126274486429
1038,0.02719288536219569
1039,0.9347186630822486
1040,0.3571599587872524
1041,0.03683882204067658
1042,0.044196911535527905
1043,0.6202426634757638
1044,0.0018778041927471321
1045,0.06185134911234495
1046,0.005029749208141941
1047,0.24368332402568227
1048,0.7982302855490477
1049,0.8028848148106222
1050,0.004661715582835374
1051,0.13567978914832707
1052,0.062843980742576
1053,0.9709300998794806
1054,0.43168323457598146
1055,0.10743937100105719
1056,0.24824988951495278
1057,0.2278890671779809
1058,0.002258319512733959
1059,0.9353470563574604
1060,0.30256836795428943
1061,0.032541079604425455
1062,0.004291045128695754
1063,0.3118329677799084
1064,0.9413406300831846
1065,0.04716470265000503
1066,0.017457677118032096
1067,0.21969304571382878
1068,0.19177593848954239
1069,0.986426552960525
1070,0.2259976803179807
1071,0.578924125969271
1072,0.019369606593097336
1073,0.9007388547617059
1074,0.0031211069212855776
1075,0.02373107078213039
1076,0.002930514916051606
1077,0.016702316210797704
1078,0.02364844562675372
1079,0.964748061558393
1080,0.005207952619658281
1081,0.04529541981182582
1082,0.8328899406410648
1083,0.07005348808147657
1084,0.9204857485379594
1085,0.544096764173869
1086,0.7689678275164158
1087,0.5664382257311259
1088,0.0021270469381033954
1089,0.9058836744601817
1090,0.04087796776105701
1091,0.973149264914978
1092,0.0558352349496886
1093,0.11074001443774936
1094,0.9986490904994574
1095,0.8248435275678981
1096,0.06599722533614316
1097,0.7659791394045573
1098,0.024550205414599215
1099,0.33523815714082794
1100,0.14028550093997477
1101,0.03051632797217519
1102,0.12236471175310795
1103,0.1842636224714815
1104,0.04916146032207817
1105,0.15890800589455234
1106,0.1721837380563727
1107,0.05845059874308599
1108,0.04089435616792832
1109,0.3650967028422309
1110,0.8133595356170794
1111,0.009232482304583498
1112,0.026511773291954525
1113,0.5843414766917742
1114,0.39745842105056534
1115,0.16626363016748227
1116,0.1313247950499749
1117,0.6945279897333896
1118,0.14773482167891422
1119,0.017208831890398926
1120,0.02255193193619611
1121,0.04358730268089188
1122,0.042300736064736014
1123,0.5087052720452896
1124,0.0367787730773691
1125,0.17860765583490973
1126,0.9667033737147681
1127,0.35869758873505403
1128,0.022561160342456213
1129,0.07367366775187065
1130,0.00820842516274755
1131,0.02617074610954446
1132,0.00974433143108061
1133,0.003134109179166646
1134,0.9981653223043908
1135,0.012579526483771905
1136,0.019127757480882506
1137,0.003179114998696665
1138,0.9235767584079103
1139,0.16812456292240702
1140,0.6485013203345081
1141,0.98149381667366
1142,0.0055489478432041075
1143,0.11136099985373626
1144,0.9156933251264839
1145,0.950552947937447
1146,0.9988868138557758
1147,0.08276265592976301
1148,0.002852102184256746
1149,0.3319694453909645
1150,0.9728426243236927
1151,0.0019618533682748706
1152,0.1960593461857563
1153,0.9914607140223749
1154,0.25656836265855765
1155,0.017244528909429818
1156,0.25072417304420996
1157,0.5892840853941241
1158,0.5522269122495544
1159,0.8774495244904381
1160,0.02227355729340125
1161,0.01259713633464931
1162,0.35347768056059325
1163,0.0050281126768552216
1164,0.20292387681799814
1165,0.022279275193626998
1166,0.45972399029386024
1167,0.9405634901639035
1168,0.9783784527321503
1169,0.8038879425032226
1170,0.005219171172398094
1171,0.020272939912608975
1172,0.9491843893050693
1173,0.06172753952829027
1174,0.031631777271150255
1175,0.291292674560508
1176,0.052812780980884516
1177,0.003383210674908204
1178,0.008897465485641695
1179,0.010610254872214403
1180,0.9579702847279401
1181,0.06188593245121376
1182,0.018686125456917634
1183,0.04298334053996208
1184,0.7076377290023513
1185,0.04695361859731155
1186,0.8641433844478883
1187,0.017457137886218103
1188,0.004172565421910914
1189,0.121604562373195
1190,0.09419956368153465
1191,0.10382878506561224
1192,0.9696584193109845
1193,0.10064433429404512
1194,0.06468951748325283
1195,0.006773473400236242
1196,0.22768566486654165
1197,0.8471595468363244
1198,0.11588587511121567
1199,0.974805227373994
1200,0.5413771205685958
1201,0.10429152800336948
1202,0.372850356190467
1203,0.024787279462998066
1204,0.6868920423439709
1205,0.02867763932003813
1206,0.7329578806095136
1207,0.02583252898390233
1208,0.17731565914686997
1209,0.08011359143946371
1210,0.9152740905040844
1211,0.614822111897288
1212,0.011356237754301083
1213,0.007674620821255931
1214,0.018243439904910806
1215,0.03319519299614732
1216,0.01511692002808717
1217,0.45299034370726976
1218,0.0934571445633881
1219,0.016445052191709317
1220,0.8877096905506332
1221,0.10515153884190478
1222,0.5143811660356197
1223,0.04456602208608314
1224,0.25371287006543375
1225,0.8185846782540118
1226,0.13721826257123892
1227,0.9880654929582622
1228,0.10319748160764067
1229,0.7529685494562686
1230,0.00589056604121359
1231,0.9535997030665626
1232,0.5735341574046037
1233,0.029085378370715734
1234,0.03485802954624131
1235,0.8580452817364808
1236,0.46323221638217016
1237,0.24642220290388228
1238,0.07917995740502376
1239,0.44868668969571696
1240,0.5700416510021593
1241,0.0433122918821581
1242,0.006827826185326957
1243,0.19951697631218493
1244,0.36760412810425835
1245,0.030271652195992507
1246,0.0031066683592619925
1247,0.022642726718506825
1248,0.14136995347043235
1249,0.9915761516977271
1250,0.19486267547251962
1251,0.015573421670449603
1252,0.9109462521091128
1253,0.9662253575719606
1254,0.9979229611689557
1255,0.7636143578050273
1256,0.0701794017433767
1257,0.966577943050882
1258,0.007628938763659548
1259,0.9985256932744324
1260,0.5317900686969427
1261,0.09691313689118722
1262,0.0025625280902268404
1263,0.005825433425079182
1264,0.0553601677329744
1265,0.9884013399021185
1266,0.008396785571539968
1267,0.9705586883792294
1268,0.07590089999546527
1269,0.028113536087653358
1270,0.47672631455411774
1271,0.02377746168571651
1272,0.060995394196260336
1273,0.485051292021515
1274,0.935230102057921
1275,0.2839601404119082
1276,0.03916962328493047
1277,0.16528521471804514
1278,0.28185121861508855
1279,0.009532106245326404
1280,0.9465159348688643
1281,0.023586713738742243
1282,0.9039494762437515
1283,0.03564548948769294
1284,0.08415362344003707
1285,0.5615272077422313
1286,0.2308973366489222
1287,0.4336968043303727
1288,0.32922210206301494
1289,0.0015641695454690352
1290,0.40386735343732166
1291,0.10271894710124943
1292,0.12261072104094996
1293,0.03784498111671713
1294,0.18349085795778655
1295,0.3984709050638403
1296,0.6995517679163479
1297,0.043386970254821314
1298,0.018694989677653644
1299,0.013279703089626779
1300,0.2786412918233915
1301,0.07526326532203323
1302,0.05581011612301015
1303,0.9569953516110588
1304,0.056390090628852946
1305,0.996633142094073
1306,0.22436520450637848
1307,0.011499261897473561
1308,0.007087090238935994
1309,0.9869468252683422
1310,0.07417025529068322
1311,0.03906581574226235
1312,0.6237552428006893
1313,0.004232362342440954
1314,0.9461912398463224
1315,0.031186541512957838
1316,0.06943619665689954
1317,0.3807048058617381
1318,0.20510365927215204
1319,0.12693898974368673
1320,0.32473225488501656
1321,0.9673893287352768
1322,0.0072961708687716825
1323,0.03409714784865282
1324,0.037557385734996396
1325,0.019119779930400316
1326,0.9695653956621486
1327,0.8804282673798957
1328,0.009961103764020564
1329,0.383305051110671
1330,0.9686565453329248
1331,0.24046248821077595
1332,0.08582418161493106
1333,0.01826096711897865
1334,0.8431585531168109
1335,0.2708326334336826
1336,0.006818603341554358
1337,0.008959045810548127
1338,0.008164056141052265
1339,0.057726609113138094
1340,0.4805202359110088
1341,0.916130389794383
1342,0.9437172690503657
1343,0.3743717195440041
1344,0.3351939236983563
1345,0.04264053764108042
1346,0.9982211759237427
1347,0.8090419962552231
1348,0.07176392562804082
1349,0.00797016030607592
1350,0.16512304736862043
1351,0.06548849631342148
1352,0.27846849100063203
1353,0.013407424590645178
1354,0.07476803508480642
1355,0.9855064514843048
1356,0.022010373289776862
1357,0.6271088629356087
1358,0.21067242082159535
1359,0.08112721178385825
1360,0.9635793307894583
1361,0.14309140262401412
1362,0.9221637070775571
1363,0.8828678998148967
1364,0.02058766594507639
1365,0.9596463965198851
1366,0.0495878901098401
1367,0.9322435205748427
1368,0.8473162773553435
1369,0.24173623544467704
1370,0.4994952181323489
1371,0.3580214060006489
1372,0.02768143918004572
1373,0.26034974500810987
1374,0.025817013069739717
1375,0.9379165651741352
1376,0.12174507753906127
1377,0.9989842953080379
1378,0.04645321799528243
1379,0.00843135290651805
1380,0.9046627288481552
1381,0.831059175489963
1382,0.0013116359939929886
1383,0.988424614220099
1384,0.019923810482165894
1385,0.46281689061184333
1386,0.7661580411961519
1387,0.9591275856741281
1388,0.8960123873204104
1389,0.9983797610361077
1390,0.006045041899975151
1391,0.9814250117254839
1392,0.45428730244631627
1393,0.7396996198359767
1394,0.005786306639858905
1395,0.5888749695512554
1396,0.07349601542900444
1397,0.04267283852195551
1398,0.021257987240517133
1399,0.9948777380758926
1400,0.03398984540878926
1401,0.008946291186648043
1402,0.004744327210732296
1403,0.43344911660248
1404,0.01013470486388092
1405,0.10421829586747164
1406,0.03134502544688462
1407,0.1496509843942654
1408,0.01540719468231309
1409,0.004344106435813756
1410,0.011396812380920905
1411,0.058815860855024785
1412,0.6972484339299236
1413,0.9063516934426076
1414,0.015502789136888835
1415,0.21773847584119735
1416,0.9743934684338487
1417,0.13596389163423478
1418,0.16139813299005318
1419,0.5177254076677908
1420,0.3112247359533959
1421,0.9729756687880562
1422,0.03973379813032463
1423,0.004088076249682113
1424,0.006973523353965466
1425,0.018003345681847173
1426,0.029850217905060726
1427,0.006537023823744209
1428,0.03740620041678757
1429,0.011968862117819721
1430,0.14417565262335663
1431,0.7127873083547056
1432,0.06538402072880466
1433,0.7540173019578986
1434,0.6971601127573686
1435,0.006263714460735394
1436,0.0025490506462131873
1437,0.95380018032812
1438,0.011688058845881411
1439,0.9734825729803288
1440,0.01388685927338121
1441,0.03373613818404808
1442,0.6547920743750801
1443,0.029153876908091778
1444,0.10321637331715122
1445,0.7476150782888592
1446,0.8666233529018073
1447,0.08239276950699662
1448,0.09142911824129349
1449,0.8344706812616577
1450,0.19686159774804074
1451,0.0037454890226221805
1452,0.2154530245571453
1453,0.9726647091732001
1454,0.9823003533037495
1455,0.06775789990603324
1456,0.05582688751516757
1457,0.06223195229774494
1458,0.9649605445729876
1459,0.9696707765926064
1460,0.015733116384183465
1461,0.044369451670324606
1462,0.05123707085353148
1463,0.9329475004179162
1464,0.18059501036126221
1465,0.024953135490293023
1466,0.7269827772682242
1467,0.32561798969731726
1468,0.9599943435867646
1469,0.989519901701788
1470,0.9817753883379551
1471,0.1514479053989429
1472,0.30070331098645386
1473,0.9872949874805058
1474,0.2332919722642283
1475,0.2105731031020847
1476,0.9786460941976841
1477,0.7041588325105359
1478,0.19537713297832576
1479,0.04922048370930788
1480,0.2647684585917536
1481,0.01130052850403052
1482,0.9637692171853032
1483,0.04866269686770573
1484,0.06448108643808792
1485,0.029704042963860745
1486,0.0962389890128855
1487,0.30003097784633886
1488,0.21031267272069754
1489,0.051374816003719605
1490,0.8071162066589737
1491,0.004863169527158652
1492,0.9835315692843087
1493,0.9963415510080849
1494,0.9965230086392867
1495,0.08555495632501403
1496,0.6049097302567072
1497,0.02815008120998024
1498,0.77456415084932
1499,0.8376545453201416
1500,0.05686135532139576
1501,0.05161255274753217
1502,0.15219901550473472
1503,0.07750818446972169
1504,0.03373569289461593
1505,0.27706438884784235
1506,0.12875729724698004
1507,0.911833096026591
1508,0.05582754648656413
1509,0.010178433391145866
1510,0.10492585892091463
1511,0.5810866967144253
1512,0.06968416544052274
1513,0.4190165040886298
1514,0.8205608448250554
1515,0.029353069799732054
1516,0.101845334363627
1517,0.0034866091321729786
1518,0.3644692498347737
1519,0.0767059302687202
1520,0.014326665433466884
1521,0.00842057399767426
1522,0.04003441193057436
1523,0.023293591393962393
1524,0.9006072580967598
1525,0.009094202256461636
1526,0.009821768149048511
1527,0.705184264332923
1528,0.01960625133675739
1529,0.950570221094188
1530,0.02588612352778042
1531,0.27478878123707706
1532,0.9437848345174298
1533,0.0910054433751297
1534,0.023714177009170157
1535,0.006775311033214244
1536,0.07417940606883981
1537,0.5526386205048922
1538,0.15377716399210256
1539,0.5576915319575055
1540,0.9471135410007976
1541,0.7926676773486062
1542,0.1416595558797245
1543,0.0038624243118035497
1544,0.05096960401123103
1545,0.11829561972979181
1546,0.7684882661226322
1547,0.6249301742121868
1548,0.03851918202300263
1549,0.893782366204712
1550,0.6697645328026224
1551,0.10395097418152523
1552,0.00346889725386533
1553,0.7708037246638028
1554,0.03253464494532408
1555,0.00857844277068729
1556,0.005111859947615302
1557,0.05276842595984897
1558,0.010671252882919136
1559,0.17896588705020403
1560,0.025560903426186173
1561,0.04126351683798589
1562,0.2563175712541259
1563,0.327183710937706
1564,0.21078851369552565
1565,0.02250876316244136
1566,0.003114313090896448
1567,0.15620079125669684
1568,0.592642179076267
1569,0.23151115847822892
1570,0.061899102383978555
1571,0.4253724582913079
1572,0.22655661489667134
1573,0.4754229053040736
1574,0.2784666796551806
1575,0.04094245670251957
1576,0.8989109242891766
1577,0.0820761521166451
1578,0.004621487623068405
1579,0.5585036404636304
1580,0.9732824215376256
1581,0.9727051446510183
1582,0.12303565444075812
1583,0.017970734742198097
1584,0.08371700806856203
1585,0.9734825178072962
1586,0.02779665888722635
1587,0.009683454640508727
1588,0.9557939081114908
1589,0.9344668109551825
1590,0.05140817288658579
1591,0.022896736851525275
1592,0.02463683558418725
1593,0.11666472623224744
1594,0.005237359977549732
1595,0.31919605825354014
1596,0.17150261058876373
1597,0.8827570027536853
1598,0.510213302941039
1599,0.0953538487171603
1600,0.09328369815248815
1601,0.18438354116997424
1602,0.2662534364011186
1603,0.9044193213291802
1604,0.8502795077245551
1605,0.9816466825249521
1606,0.016787635711906692
1607,0.031269993559545316
1608,0.04199314681208817
1609,0.7692291145909975
1610,0.8968584774798025
1611,0.8006181508128987
1612,0.08472947419645249
1613,0.0688411238874389
1614,0.05068230432431187
1615,0.9606214151468435
1616,0.11923244046939085
1617,0.002149583725545883
1618,0.026171853061941436
1619,0.06460756545249284
1620,0.08469417428460721
1621,0.9111632053421339
1622,0.07589532057753433
1623,0.10960651279711901
1624,0.976297607012015
1625,0.0042768666796933206
1626,0.011446367643667393
1627,0.2707063036099037
1628,0.9909196242516934
1629,0.05049645188312721
1630,0.04568398605608164
1631,0.01421282754109381
1632,0.0509224156158096
1633,0.8485030128404216
1634,0.5389921791970098
1635,0.021957727333758774
1636,0.11673481199884975
1637,0.24183771359450815
1638,0.998059972794872
1639,0.0673526287937703
1640,0.1724016935650477
1641,0.038155351388845474
1642,0.06820377798677663
1643,0.035925880104412486
1644,0.1252857987418815
1645,0.006639597209884496
1646,0.033364808068810245
1647,0.20674683316528503
1648,0.006501396266302958
1649,0.011339479228623198
1650,0.1980507233124392
1651,0.10921023484136128
1652,0.11587152010176525
1653,0.01744894026701228
1654,0.06669864718384044
1655,0.2043363620511043
1656,0.47524554703002847
1657,0.19491105857164057
1658,0.20576942743606763
1659,0.17417332528789728
1660,0.005827750549915375
1661,0.6340691731822102
1662,0.16270345849439305
1663,0.18379630094581517
1664,0.0052726768753618885
1665,0.6321798549870352
1666,0.3780493181836432
1667,0.9503739316462173
1668,0.03632854176792942
1669,0.024111794221219587
1670,0.013009669713090038
1671,0.12422049703454557
1672,0.11360830610729603
1673,0.005805496957715853
1674,0.9814559648770933
1675,0.018782872854988503
1676,0.0038577383833002963
1677,0.5935756618696177
1678,0.15281154140776076
1679,0.04992356800251159
1680,0.15857603746633647
1681,0.0929281896858864
1682,0.0016314134233862917
1683,0.019757782037572644
1684,0.003294831046273444
1685,0.10284305200601161
1686,0.07390640621640474
1687,0.16056237005783291
1688,0.08561246894660013
1689,0.998681459470864
1690,0.3214829888887877
1691,0.9474834459206234
1692,0.9859811799197016
1693,0.9857786183016448
1694,0.6428153311748925
1695,0.9122381783621373
1696,0.9493991746979733
1697,0.037327648849898136
1698,0.24182580738966225
1699,0.6083853674278128
1700,0.23345656010272736
1701,0.013164128747834975
1702,0.026470306018674054
1703,0.9981669668969066
1704,0.007854078132987245
1705,0.45458109648583256
1706,0.08651181888437158
1707,0.2363095435048681
1708,0.013244482625948142
1709,0.9553845708228867
1710,0.0023488917243021583
1711,0.08883158462549151
1712,0.030571167689618182
1713,0.19592972137187148
1714,0.21159691630441313
1715,0.002649527406454968
1716,0.012740839391023301
1717,0.22437047119859477
1718,0.056788518630396925
1719,0.17165373569317946
1720,0.002594461984542974
1721,0.03378976703850283
1722,0.03003360584375945
1723,0.8683487860705394
1724,0.0036594395583343983
1725,0.06965778370021396
1726,0.012491063836677967
1727,0.36112826821518984
1728,0.37178078480160215
1729,0.01375221756306907
1730,0.9879866016835888
1731,0.3638027846879468
1732,0.008559718399389743
1733,0.986488462122791
1734,0.9837582642914179
1735,0.08939450348278236
1736,0.06351921955620422
1737,0.9986846825978406
1738,0.251452151249906
1739,0.8181865559791586
1740,0.016776168025250802
1741,0.9722510976292559
1742,0.010763279005519471
1743,0.05062268941101796
1744,0.013202364305880544
1745,0.12596044124381067
1746,0.09016978550958465
1747,0.0036441119343115125
1748,0.032964776039790825
1749,0.9835191350040091
1750,0.0539665671931677
1751,0.002961133764583159
1752,0.8566320351537787
1753,0.20202548912926116
1754,0.4069357595834141
1755,0.9388932247885513
1756,0.7715885834970843
1757,0.02577867170753375
1758,0.12655493137669993
1759,0.013400072166843236
1760,0.6660821087650626
1761,0.014657437991177434
1762,0.876637015219416
1763,0.22845232340678773
1764,0.06562622626779056
1765,0.08607953039079252
1766,0.026494362217011118
1767,0.8807532217187428
1768,0.9864603010612903
1769,0.003561749924033052
1770,0.038420272514144344
1771,0.6983438876121791
1772,0.8994536918920977
1773,0.9977273278826841
1774,0.6178314844986185
1775,0.9246920020073491
1776,0.7635572127924404
1777,0.002414875415016969
1778,0.06699857398301981
1779,0.4111792142831055
1780,0.00587964225834893
1781,0.9791509778185665
1782,0.01930605787801318
1783,0.8211229937391955
1784,0.2097882748035803
1785,0.012551724439181261
1786,0.5265840720621733
1787,0.7411447606967061
1788,0.015066314329926063
1789,0.020501564643606453
1790,0.022383843467200265
1791,0.011753270848470197
1792,0.24218021667302225
1793,0.08452680041447916
1794,0.0039979529022406285
1795,0.041020994038061746
1796,0.16580803941829744
1797,0.35314692244549084
1798,0.04673642571438522
1799,0.013218862863579497
1800,0.03500048133472275
1801,0.02368581669896887
1802,0.1843195161430242
1803,0.5369717217908926
1804,0.0011470120228841833
1805,0.12284851077727078
1806,0.6597927267342598
1807,0.01096622417976369
1808,0.09079618885846916
1809,0.03327424705249589
1810,0.014999743078572566
1811,0.0156895864062961
1812,0.203988141848985
1813,0.06530002249117119
1814,0.25172168688916535
1815,0.07108863139242456
1816,0.07226892445797375
1817,0.31378266205642974
1818,0.030243432994942882
1819,0.04483362881696071
1820,0.9808255358257181
1821,0.014768101982493113
1822,0.20762002178572278
1823,0.3078377028787751
1824,0.031136103107581838
1825,0.9829538494363366
1826,0.019395702844381905
1827,0.9834719741792641
1828,0.006440846746493059
1829,0.12773180456388844
1830,0.3424551043152222
1831,0.05563174071091824
1832,0.04949778441763418
1833,0.987443561761151
1834,0.08289029325938725
1835,0.014779070234984436
1836,0.021582059848163224
1837,0.02587216302354444
1838,0.016528817823622734
1839,0.02346157996914169
1840,0.05065961354742993
1841,0.9723958692488874
1842,0.10024641421788005
1843,0.226992866024328
1844,0.008827239770645312
1845,0.9725414401368445
1846,0.07977854224789634
1847,0.03693298075790736
1848,0.8960532184958101
1849,0.3871836827290864
1850,0.10308267339808877
1851,0.05171476179864751
1852,0.07126145882481627
1853,0.05281728095534439
1854,0.07734628266432891
1855,0.01624813313201527
1856,0.9323104046142945
1857,0.013457836142815757
1858,0.03343273327149546
1859,0.16297323218984938
1860,0.10323948129100148
1861,0.014557324404401804
1862,0.18421092070552741
1863,0.005499489972760573
1864,0.807922232409555
1865,0.00808293554511352
1866,0.05668946772633053
1867,0.058570411409993424
1868,0.43875125542519994
1869,0.9888108011235744
1870,0.0632593435378255
1871,0.35190886338944405
1872,0.11338237804103049
1873,0.025856461249860723
1874,0.5817656875809247
1875,0.3190091064918972
1876,0.03857970175044427
1877,0.012455831132985228
1878,0.009418375169101791
1879,0.09917956694521957
1880,0.09689682834760391
1881,0.13124377182480323
1882,0.005934933254485638
1883,0.9950777427283373
1884,0.971716960512747
1885,0.0031569233688634075
1886,0.322660678534313
1887,0.337860845557642
1888,0.04333822470598635
1889,0.0025283474885744355
1890,0.007260253205451277
1891,0.3509193427756486
1892,0.7980772307302302
1893,0.9088514986435001
1894,0.09334377306063577
1895,0.023268438904146642
1896,0.9454066088251267
1897,0.0024261712798550467
1898,0.8766822285617895
1899,0.028370077460277886
1900,0.07725849701689808
1901,0.2650794017852718
1902,0.134301513894801
1903,0.03411468667842285
1904,0.09106754211956256
1905,0.04170452153222574
1906,0.9990376199522524
1907,0.04875963066917611
1908,0.004886444559202336
1909,0.207449540785125
1910,0.9844718271149893
1911,0.06660333563341041
1912,0.051300671143548346
1913,0.7400258622485533
1914,0.09169160421605545
1915,0.9763014503683838
1916,0.086177007960313
1917,0.9852722901699249
1918,0.5650230074940332
1919,0.21261486005075397
1920,0.19918950608854147
1921,0.9630131835502165
1922,0.218990728924214
1923,0.005180633885221371
1924,0.8644340474788481
1925,0.1809185776594115
1926,0.9474326187074021
1927,0.9512996654270135
1928,0.44461088644794133
1929,0.2525711268430157
1930,0.9361430711698326
1931,0.01917846046768267
1932,0.05570604923919574
1933,0.14005418193628852
1934,0.2752103760326808
1935,0.97651688535683
1936,0.13660893387802184
1937,0.025475638402163096
1938,0.060763007138878965
1939,0.03860327517775482
1940,0.4876712398327329
1941,0.008441365951117077
1942,0.9064562751483696
1943,0.40595728440863416
1944,0.009859540613631606
1945,0.0031901321076109514
1946,0.32623312956636796
1947,0.07490807989469099
1948,0.4459036675109639
1949,0.006009896934523407
1950,0.3848655125044165
1951,0.9391615232554407
1952,0.9452692193883192
1953,0.20623477252859124
1954,0.0634388182796202
1955,0.020401772490749558
1956,0.03451136311449905
1957,0.8969410165881468
1958,0.26266256620725725
1959,0.07055382258594266
1960,0.05204568030698974
1961,0.19790890422393154
1962,0.17798711643871393
1963,0.14043320311171312
1964,0.12889659454842917
1965,0.07605785636077113
1966,0.9749244764124364
1967,0.03288102072258567
1968,0.03402681347047808
1969,0.15793554696600712
1970,0.14136971779334045
1971,0.9836314331583991
1972,0.6993986413116549
1973,0.05457437608699988
1974,0.9047168898519571
1975,0.7013130817525008
1976,0.019234213574333442
1977,0.9813827919052256
1978,0.03607504108486628
1979,0.9981744694987357
1980,0.9560860710759898
1981,0.5471727333289964
1982,0.2214050954316244
1983,0.05002062993829266
1984,0.36629917951792473
1985,0.05765207537384566
1986,0.145200334276888
1987,0.4841208563022347
1988,0.003230174456702899
1989,0.05908286339231408
1990,0.30074100856251473
1991,0.9673154220044748
1992,0.10881070463315824
1993,0.0075861078633008925
1994,0.9219177565867644
1995,0.46138345213698045
1996,0.37012220449972544
1997,0.5055156823773603
1998,0.5565262766171414
1999,0.9165525937419328
2000,0.15895381646542092
2001,0.04137257173118958
2002,0.04944584003904932
2003,0.9776932736421172
2004,0.03441530039151491
2005,0.04440874804505493
2006,0.9704596766769851
2007,0.04998588347973294
2008,0.2215144325289243
2009,0.09246188614948003
2010,0.9557690282079837
2011,0.9262917203687929
2012,0.7364051941728127
2013,0.8739521584121672
2014,0.9821693985378831
2015,0.0068479666304962165
2016,0.8898845351266091
2017,0.7781110210531285
2018,0.004177632833858586
2019,0.0842123285393909
2020,0.004235163345168439
2021,0.8794112140713067
2022,0.40215748323254763
2023,0.3878654201255036
2024,0.9846464821851659
2025,0.8472507786145762
2026,0.6763874497816257
2027,0.01039462090944621
2028,0.11827743068672518
2029,0.0018944349644421043
2030,0.9807211928313622
2031,0.21402014950962006
2032,0.9892376002410921
2033,0.4690685357300553
2034,0.9585003709649476
2035,0.9919415432926184
2036,0.07673402610552603
2037,0.01249086745348788
2038,0.036989232302811724
2039,0.9968066464737348
2040,0.0038535289448360203
2041,0.5622822564995861
2042,0.22942208863694916
2043,0.9908058890849463
2044,0.8105851091290517
2045,0.0030741421730588804
2046,0.007955969345101675
2047,0.18117426173491177
2048,0.0803795322811543
2049,0.9564354855925763
2050,0.9574361955609034
2051,0.7360115325019165
2052,0.029205680836918258
2053,0.22591697872481836
2054,0.7911767852226617
2055,0.005388282553337622
2056,0.018605563846117067
2057,0.84684727617752
2058,0.0030978453103250444
2059,0.01087286952352889
2060,0.028225925625622837
2061,0.31894234369717245
2062,0.1424191199971997
2063,0.04016676946362397
2064,0.8294371645794412
2065,0.8251946585875173
2066,0.2988617086001544
2067,0.982376953337196
2068,0.7390919430330884
2069,0.37317064962767676
2070,0.16156672762071064
2071,0.4718824479427238
2072,0.3466363535876616
2073,0.005974946306023445
2074,0.10052099347646078
2075,0.4503123419227638
2076,0.01760988919113475
2077,0.12037252371292496
2078,0.008701866049197328
2079,0.024313875518721675
2080,0.0107360608373324
2081,0.5890637450636474
2082,0.1944692329659075
2083,0.020027783226237186
2084,0.7554987959516972
2085,0.07153263032791486
2086,0.018847204980504354
2087,0.03611678372794071
2088,0.9814226137656934
2089,0.05528729827976277
2090,0.7645455519340177
2091,0.1138295576377229
2092,0.016182207886896737
2093,0.01945100538620132
2094,0.5159468665527033
2095,0.9986375488970535
2096,0.24277135379837456
2097,0.00539783552751192
2098,0.49432663039227553
2099,0.4961165786720464
2100,0.9901743309954318
2101,0.024223514177095715
2102,0.773815260839025
2103,0.12835204220589755
2104,0.03089856830049182
2105,0.004914822092165316
2106,0.031437601832834575
2107,0.8259990176684322
2108,0.015973275976387476
2109,0.00822598412397895
2110,0.011189448662342193
2111,0.63828608500288
2112,0.03125693052648892
2113,0.44992610731841237
2114,0.3369731218411768
2115,0.14687349128966365
2116,0.9436871528192246
2117,0.9110704500344137
2118,0.005914575663309491
2119,0.9484260045785629
2120,0.16218549944370975
2121,0.03195349867155729
2122,0.18230527999726265
2123,0.9207082598797978
2124,0.012157510212772771
2125,0.7965103967562506
2126,0.06584191191224402
2127,0.05524000567988471
2128,0.05675113236718171
2129,0.12391005531801019
2130,0.036835472659856205
2131,0.13189743819156274
2132,0.9751556402387352
2133,0.03182886899293353
2134,0.012082854567088092
2135,0.1815404726289504
2136,0.007580097115885548
2137,0.9938986633423283
2138,0.005349416779083637
2139,0.0669844554671708
2140,0.020247156374448474
2141,0.26573126155996796
2142,0.15705201120459938
2143,0.7934605550567694
2144,0.838790391972198
2145,0.8970250407739444
2146,0.3445246836990573
2147,0.9962403576858204
2148,0.013528556030744526
2149,0.9803454303699944
2150,0.4184993890223817
2151,0.9410647876133921
2152,0.7558289762526933
2153,0.19766293930114198
2154,0.03514128479242293
2155,0.16994885549006938
2156,0.9691347168971962
2157,0.008941089690255285
2158,0.5989885838945883
2159,0.8824174232126838
2160,0.8092087995921871
2161,0.007543978634342893
2162,0.14251682405553914
2163,0.020566809181109758
2164,0.07112630729172786
2165,0.17843999594417076
2166,0.218188907690141
2167,0.343197335342381
2168,0.059861325253031894
2169,0.06321130980515102
2170,0.9313550718694945
2171,0.018435960531079307
2172,0.5187002342746801
2173,0.9708749105662138
2174,0.21160598355843457
2175,0.01765838570143179
2176,0.08096139638116642
2177,0.02562070049217986
2178,0.049793619395016274
2179,0.058300118521336146
2180,0.9027139234426927
2181,0.014697230885839803
2182,0.004982193373751407
2183,0.35468664706001307
2184,0.05859797190198445
2185,0.08756058868459704
2186,0.3465248831265402
2187,0.03668045272405593
2188,0.06598887502787676
2189,0.5064077218583465
2190,0.0032116603600143966
2191,0.9781377109441669
2192,0.9407875049170138
2193,0.03798929871608543
2194,0.02633639332220975
2195,0.05240027717960952
2196,0.07039750696187809
2197,0.961193142915153
2198,0.8943320092590372
2199,0.026033834797623813
2200,0.013331898451826148
2201,0.1058220262270538
2202,0.006896703952738671
2203,0.9542202800464703
2204,0.9080906550223926
2205,0.5300467613533424
2206,0.29297970770948506
2207,0.12463210671593258
2208,0.9320531320445931
2209,0.3139432488548271
2210,0.14890285697915312
2211,0.041838001710436216
2212,0.6164334301659913
2213,0.007173488363586184
2214,0.012047697976843292
2215,0.010513457790794848
2216,0.5411481701216072
2217,0.17753572342212354
2218,0.04008239651501985
2219,0.004022118559961689
2220,0.008236149144080277
2221,0.03199186727592967
2222,0.0042937128953899895
2223,0.9613059495796539
2224,0.22834542441080385
2225,0.005568464428108742
2226,0.2517419532186265
2227,0.8216509596863764
2228,0.2544374766691848
2229,0.002626347147015798
2230,0.7954180922665977
2231,0.039014524149396185
2232,0.357119288291862
2233,0.006703530304201124
2234,0.9602646986850257
2235,0.06299399169348684
2236,0.3282467385795792
2237,0.05402388849045753
2238,0.20368515682805363
2239,0.7719820798726216
2240,0.3781114848072687
2241,0.008009637373369289
2242,0.008279822129004253
2243,0.16582759957577126
2244,0.002128700693940738
2245,0.007542522466371276
2246,0.0791745503267448
2247,0.041455960526853464
2248,0.05563783699704204
2249,0.5174038561350832
2250,0.032904444450757644
2251,0.40901480548346425
2252,0.5810681405225435
2253,0.9743926599451904
2254,0.014142209542958844
2255,0.03866592890384916
2256,0.20231233074194555
2257,0.008514741495425122
2258,0.01232562209226444
2259,0.029541364169936808
2260,0.3760158469913743
2261,0.5120465395434566
2262,0.8665171715297733
2263,0.33935827025976245
2264,0.049477011962386463
2265,0.004927768433643303
2266,0.4594136116492167
2267,0.9572421640768396
2268,0.1441309832417654
2269,0.3661979498206679
2270,0.08265768558744496
2271,0.2723297311832418
2272,0.09266559533778222
2273,0.9849631423022575
2274,0.9129510853626545
2275,0.001607467327612848
2276,0.042032439141635576
2277,0.9610478878087847
2278,0.6961096766670954
2279,0.029094982107025706
2280,0.035647488757459656
2281,0.3066149251580016
2282,0.07157782766558415
2283,0.1285778771310069
2284,0.609431393558963
2285,0.05348934861431698
2286,0.9790741121509707
2287,0.06959582463916827
2288,0.007023044969067154
2289,0.007886947226091097
2290,0.0075751495622187505
2291,0.9334095591210552
2292,0.23517189475461675
2293,0.023352235933343637
2294,0.06261499516032414
2295,0.9668514168749123
2296,0.8833069475730582
2297,0.2339048144361447
2298,0.010554127028167548
2299,0.06664102334460296
2300,0.020812552662107343
2301,0.04029876585799387
2302,0.05768039590313541
2303,0.21543392938325992
2304,0.8493739253796251
2305,0.057964688694614325
2306,0.07729973342340118
2307,0.17700609235285325
2308,0.1408328615122446
2309,0.002860119713779647
2310,0.01374442927951353
2311,0.005420942675966229
2312,0.004867395510788611
2313,0.008018270453635862
2314,0.9805822016371898
2315,0.06446549994154858
2316,0.07277616786671312
2317,0.8399745033619399
2318,0.14717618749347422
2319,0.002822119492156423
2320,0.09580121615876529
2321,0.9988040360405825
2322,0.503527703526391
2323,0.1478356876781969
2324,0.9292680502012354
2325,0.14573673879954863
2326,0.5581024112518598
2327,0.003903637011511138
2328,0.9885897597669238
2329,0.1818042226369359
2330,0.03916429552642228
2331,0.0028270441804491304
2332,0.08087119050726033
2333,0.9867965328258612
2334,0.00185500486356139
2335,0.1386703234847235
2336,0.03260729362971155
2337,0.9887486913122872
2338,0.0810134717413484
2339,0.9802459043792734
2340,0.03089454385104714
2341,0.008424676071846009
2342,0.2851067913846373
2343,0.9886511551117759
2344,0.0693469510526007
2345,0.013773852489516424
2346,0.045783053753809644
2347,0.4314634757842865
2348,0.0014696018397281291
2349,0.39275951208019366
2350,0.1313239725243655
2351,0.9297074946303038
2352,0.6191814031016905
2353,0.9793551002709526
2354,0.011804028028745351
2355,0.0972345270011753
2356,0.2457702995419203
2357,0.9511683411310968
2358,0.027763486580438253
2359,0.012283781292940468
2360,0.2169745367563373
2361,0.17608950811419324
2362,0.011532623804096366
2363,0.08513778490257806
2364,0.016402456381242707
2365,0.675500956652403
2366,0.7763859244383728
2367,0.08251702051440596
2368,0.013801476445871416
2369,0.014648859628158591
2370,0.09932219101499339
2371,0.991150777813284
2372,0.30300958137016093
2373,0.02252850884908295
2374,0.00221157585108235
2375,0.9186145267112981
2376,0.0264398390980177
2377,0.2682846932813591
2378,0.9309957678015377
2379,0.011497495852499469
2380,0.013763350049881894
2381,0.01562680384640628
2382,0.7456105158846145
2383,0.5126845048983065
2384,0.9288251900008153
2385,0.3065159978470379
2386,0.05595970894207109
2387,0.13138979850953247
2388,0.9909615535431925
2389,0.006263039662369739
2390,0.14713927233134605
2391,0.22621267161129532
2392,0.018168245401176935
2393,0.0544724610694521
2394,0.5834916997739079
2395,0.11395814512122013
2396,0.034858513103132864
2397,0.7078381633829384
2398,0.027235695882108446
2399,0.23863143021415753
2400,0.009076560072818436
2401,0.02625108322429886
2402,0.08078364638435269
2403,0.16663794478108976
2404,0.9689049902600111
2405,0.06865733694839982
2406,0.07303328483020857
2407,0.6517781657326487
2408,0.3627110474545333
2409,0.08298985620853849
2410,0.06789066268008688
2411,0.02053189541408827
2412,0.005473916414697374
2413,0.9730448758612569
2414,0.00833141566566887
2415,0.9900130214011456
2416,0.6011397556278386
2417,0.8956020826346751
2418,0.01955180163334652
2419,0.04036150050331776
2420,0.9893826773212171
2421,0.16521539489429388
2422,0.002798022410076317
2423,0.01912563321292022
2424,0.021252764292148313
2425,0.5558353991769343
2426,0.8670801183034447
2427,0.9989712343297505
2428,0.0033305397589860125
2429,0.9488425171778853
2430,0.5492690876485715
2431,0.4534865089986596
2432,0.9517842142124617
2433,0.10341185546478855
2434,0.06329082721298235
2435,0.11212269795064926
2436,0.20682960604224707
2437,0.9672708920368983
2438,0.1425554712345969
2439,0.14176548440611464
2440,0.3457218088928627
2441,0.9968329448974118
2442,0.23633602071212323
2443,0.09262586004495899
2444,0.8653161033045984
2445,0.17736002175521132
2446,0.4782114473562149
2447,0.05700348710949628
2448,0.013759195871369975
2449,0.8775643739424204
2450,0.20894671863435207
2451,0.010196212327636268
2452,0.40825851613630476
2453,0.5249280787738357
2454,0.021959405119657535
2455,0.25503068465501083
2456,0.004711571454308971
2457,0.9811847520461374
2458,0.22502355199333368
2459,0.8946659012208868
2460,0.049521974763955694
2461,0.0070048928587102075
2462,0.016021768985673885
2463,0.9040799794007373
2464,0.00464005760573301
2465,0.011267793724315021
2466,0.04197858821816998
2467,0.031185315288637463
2468,0.9575366384472773
2469,0.6024164579318088
2470,0.9924861290779967
2471,0.010720839018281223
2472,0.08403920409565269
2473,0.017850785268773532
2474,0.0028541798903769892
2475,0.0044383399007011295
2476,0.695011147199185
2477,0.04971107511870067
2478,0.00735909537719474
2479,0.265187782129434
2480,0.9805597387624241
2481,0.02551796529715928
2482,0.21975995260649853
2483,0.5207689192113107
2484,0.008137503788637116
2485,0.9010103054012616
2486,0.08808789056776911
2487,0.9696709626396567
2488,0.5052625597418846
2489,0.039256955886853906
2490,0.2620267220890035
2491,0.001669741318231436
2492,0.35477602842676276
2493,0.39922541105539233
2494,0.017556955910059818
2495,0.6600102369337928
2496,0.04028668889070576
2497,0.10944005339659248
2498,0.11194228134784173
2499,0.9986076709903198
2500,0.01673422908852923
2501,0.045183352770093
2502,0.020007474533173447
2503,0.18596853522928916
2504,0.9970772500574203
2505,0.07853148093739565
2506,0.09177611530045332
2507,0.46006766690677847
2508,0.1144652092221759
2509,0.035723450178277355
2510,0.03702233836072155
2511,0.15504521697694293
2512,0.03843476909316272
2513,0.06708316926685415
2514,0.1264534200458142
2515,0.07008864672146436
2516,0.04916132859022533
2517,0.6981416440802234
2518,0.1761081411906562
2519,0.2116707993189422
2520,0.02773967089979753
2521,0.20482136111559704
2522,0.2371528822218084
2523,0.07250577852747185
2524,0.011323345304072821
2525,0.07131001039703527
2526,0.060024761608119086
2527,0.3674744709153248
2528,0.21726638522483113
2529,0.08273496460865723
2530,0.8018187379848936
2531,0.014686665016522944
2532,0.9118527746806913
2533,0.16076708021000116
2534,0.034739321636738166
2535,0.9870196497189443
2536,0.09419128946403364
2537,0.02928977350930948
2538,0.01497757945993512
2539,0.5807464908841733
2540,0.06001677535555305
2541,0.19520224286260757
2542,0.14177098677620942
2543,0.20426954695523325
2544,0.9877425699425565
2545,0.00338030366852192
2546,0.38885114411075106
2547,0.015177782595100211
2548,0.33578417564270424
2549,0.0012714811156721633
2550,0.8943672301302208
2551,0.43366369152409984
2552,0.03454837953296949
2553,0.016543696264585312
2554,0.0027203241135857602
2555,0.8513362087410836
2556,0.9695427123878821
2557,0.22241629379006966
2558,0.02429917985392536
2559,0.21759092716903533
2560,0.18423784193629109
2561,0.012283612987679465
2562,0.7040198876192627
2563,0.19143718125569661
2564,0.9111220331632175
2565,0.9061740498964098
2566,0.06943847075473356
2567,0.9762886920720752
2568,0.1898504344525799
2569,0.002916229191070472
2570,0.02973711296622671
2571,0.5151398584447826
2572,0.04507678740533623
2573,0.0648554326374365
2574,0.01565831833286397
2575,0.9303237943740685
2576,0.9981257380399962
2577,0.06602196404528377
2578,0.013004076570395946
2579,0.3598538254183392
2580,0.12950348855861935
2581,0.9536574453684246
2582,0.03272966212382657
2583,0.14449377620648918
2584,0.15619861144752378
2585,0.08309278151974997
2586,0.016134254915127696
2587,0.10348192257869944
2588,0.8786608315470874
2589,0.008233597361956306
2590,0.004948061372763292
2591,0.055148936316897434
2592,0.10973525000682299
2593,0.1538060430050778
2594,0.1858496841236982
2595,0.045969781337536236
2596,0.04860159868059452
2597,0.948875201794658
2598,0.9605369845513829
2599,0.09532268493856594
2600,0.1784974677964444
2601,0.034731150948363584
2602,0.07686822260088667
2603,0.987960324886645
2604,0.9171440469401408
2605,0.061612914733538506
2606,0.12289419718854516
2607,0.2694147467699787
2608,0.993731294075991
2609,0.05670699396827174
2610,0.9686794200083167
2611,0.9224721993633676
2612,0.004187020912507132
2613,0.5024789245799572
2614,0.0038999359717299315
2615,0.008581883224081429
2616,0.012278388357722263
2617,0.017649947828457375
2618,0.007017622503554949
2619,0.9830053543116886
2620,0.04509146937889886
2621,0.9364051939087794
2622,0.17661065656447142
2623,0.028742481707221296
2624,0.09350672904466989
2625,0.018484654916210902
2626,0.8242276066127339
2627,0.0036187934222008424
2628,0.2239075324355022
2629,0.9567158852381292
2630,0.30237008954755606
2631,0.7880409382148298
2632,0.9665061953354075
2633,0.3561761374004061
2634,0.9754775056058389
2635,0.6723184963327081
2636,0.9988721388946361
2637,0.19969983499106167
2638,0.016136508502090786
2639,0.057983968158157394
2640,0.005643633377263099
2641,0.01926897858213537
2642,0.4036098605789644
2643,0.9976208390425372
2644,0.9381622930300423
2645,0.002271949303117236
2646,0.001637226911652388
2647,0.4057581366518364
2648,0.007154115993624737
2649,0.9136802318409445
2650,0.14156735972731999
2651,0.02661241627743746
2652,0.7430558253023829
2653,0.6694586728041034
2654,0.02229788893796973
2655,0.039892703843997956
2656,0.10764386059183796
2657,0.7929968285555242
2658,0.5230235713180481
2659,0.24112934379889409
2660,0.9748253375376428
2661,0.006276521435391194
2662,0.0050249353742893455
2663,0.012496544265302846
2664,0.017349436870019483
2665,0.9836392091847497
2666,0.9699647482681945
2667,0.11614480901543382
2668,0.4295700758695337
2669,0.40244731210024454
2670,0.6099795915223807
2671,0.20021231258090633
2672,0.09656877084938992
2673,0.045597827860413775
2674,0.060371362787907334
2675,0.05012140464516623
2676,0.9731003344209872
2677,0.9976921890357133
2678,0.09856129261255553
2679,0.048142182273875955
2680,0.9762501069658818
2681,0.007122511740877186
2682,0.0025246832049085387
2683,0.5579432795273345
2684,0.002173101740168218
2685,0.33692431588651583
2686,0.9148145771331249
2687,0.018033179094037035
2688,0.821176277756686
2689,0.08628577085126835
2690,0.012559676614494305
2691,0.0409517994599683
2692,0.006814501593422984
2693,0.18782524878467505
2694,0.09842881731757694
2695,0.08297100315204976
2696,0.10000375298717233
2697,0.9951254876281422
2698,0.3371578490770049
2699,0.05912730563507647
2700,0.21177773650342024
2701,0.9256833774870259
2702,0.9404498455231023
2703,0.9650713944372747
2704,0.8951836887727159
2705,0.2582152867427706
2706,0.05208439938903989
2707,0.9988821553458141
2708,0.004679034524862426
2709,0.9237190532135396
2710,0.3928303385156744
2711,0.01416199086648195
2712,0.0454622041462167
2713,0.02117222769563529
2714,0.9239475426673487
2715,0.08922967333455877
2716,0.0018287949450583156
2717,0.9469759598853794
2718,0.17287256810150203
2719,0.13883734624465216
2720,0.47871876041598793
2721,0.0425160353977348
2722,0.9793544040742159
2723,0.01994961118648435
2724,0.18975683536364266
2725,0.0028880462256483646
2726,0.8635658573358025
2727,0.9160963529794212
2728,0.009587584415511021
2729,0.5459617689886653
2730,0.38268041406267356
2731,0.018445289893580297
2732,0.3952354068609457
2733,0.007595721682190373
2734,0.015033139524314017
2735,0.015179407773401897
2736,0.3061052494935472
2737,0.01559554549887389
2738,0.6472328012651697
2739,0.17678262191896724
2740,0.8223136511877722
2741,0.9986731462261332
2742,0.9974681248592494
2743,0.06454717313394628
2744,0.2756582161515398
2745,0.9430312877087437
2746,0.958822682314999
2747,0.6976873884583118
2748,0.06872562622382812
2749,0.06420626132082498
2750,0.01423951881945304
2751,0.053077428559038284
2752,0.11471946376341807
2753,0.07521637842596376
2754,0.056334267719189854
2755,0.8125008475849489
2756,0.30214926272022957
2757,0.08693965655350795
2758,0.07986217056150728
2759,0.110923937418622
2760,0.22163308813956392
2761,0.8125174552286157
2762,0.9657062877838313
2763,0.4304768092523674
2764,0.03174006555113623
2765,0.13187085470000795
2766,0.07657075710193463
2767,0.6599890463598299
2768,0.00983768710762815
2769,0.9716221395621343
2770,0.03882650735234056
2771,0.03432037795784255
2772,0.11743103810551295
2773,0.8562948493908393
2774,0.11604717980785972
2775,0.1994658258401325
2776,0.465447595660074
2777,0.044304166982769316
2778,0.09143958436594889
2779,0.03555860016060806
2780,0.47024315870934097
2781,0.687026868114827
2782,0.0035662238384897727
2783,0.002198139262274912
2784,0.053832428095123105
2785,0.012389856379292727
2786,0.0046161152055486515
2787,0.0036230738974136678
2788,0.04031314840997318
2789,0.02636670141910047
2790,0.006483323752594617
2791,0.011993088597902416
2792,0.799360582294804
2793,0.9227047806431881
2794,0.3704872253846194
2795,0.19119559244283046
2796,0.008020344831349582
2797,0.027800552993270715
2798,0.6110559966182669
2799,0.9178643886977566
2800,0.05362483310579258
2801,0.8811422559346311
2802,0.044417514393263705
2803,0.9674878149908923
2804,0.020830554308050322
2805,0.030800386289691006
2806,0.036405875782088315
2807,0.03293650363901454
2808,0.08254360504649076
2809,0.15216816920615744
2810,0.014647374094696767
2811,0.0026902981427584477
2812,0.973121649109902
2813,0.03275847610144271
2814,0.0033266141521814683
2815,0.7647127801002747
2816,0.06265278840743471
2817,0.03516190860283424
2818,0.5804105609723424
2819,0.9712003958243907
2820,0.9039466343239471
2821,0.02086342863313513
2822,0.11833257765460956
2823,0.3895698536474823
2824,0.26521953504976103
2825,0.05420338840186879
2826,0.9842345707491857
2827,0.035775352806243256
2828,0.03406530644009268
2829,0.8560529142077831
2830,0.03248071080852584
2831,0.03447192966116616
2832,0.06479981859852776
2833,0.7653379971794801
2834,0.9755231499952917
2835,0.018545531631291814
2836,0.02487238056468144
2837,0.06187408780480878
2838,0.03881171463121003
2839,0.05549540359486127
2840,0.025130084275594565
2841,0.9955649010862236
2842,0.9912397897140769
2843,0.9252559464529209
2844,0.02065906193949503
2845,0.01759909432376838
2846,0.22082585629688234
2847,0.014223389547294431
2848,0.014679523942520818
2849,0.0200130047251309
2850,0.06013060068210395
2851,0.8443487678092388
2852,0.012782237938946615
2853,0.8908105984713528
2854,0.0021688196644645812
2855,0.5880907366773603
2856,0.006348879532338754
2857,0.11977676316688601
2858,0.00922201128950379
2859,0.09481293236078542
2860,0.01588695264816884
2861,0.07365744128584341
2862,0.5831131483291707
2863,0.021955497996828922
2864,0.5130048263142102
2865,0.9650340470967584
2866,0.005791421565651297
2867,0.06714011565950434
2868,0.002625742708353961
2869,0.11255434722121764
2870,0.02298481169069152
2871,0.019268207026758924
2872,0.3015502170069136
2873,0.10377909979006465
2874,0.04597247038692142
2875,0.03788760294186266
2876,0.024446309105343032
2877,0.045016112385938806
2878,0.2891595742082432
2879,0.1110578848497164
2880,0.9416114340132574
2881,0.46176184327510994
2882,0.25573570332053097
2883,0.008807996744440504
2884,0.7803158700017954
2885,0.955117574829269
2886,0.9980317508781571
2887,0.8276812613038868
2888,0.1349588577403985
2889,0.039978422097642186
2890,0.3831884300764908
2891,0.9914715296303807
2892,0.0022831878013783746
2893,0.4850624973692387
2894,0.22242050823617784
2895,0.9492183673777026
2896,0.054131057023248885
2897,0.00696645463649746
2898,0.5878993411282685
2899,0.05804586599194245
2900,0.0864379836448306
2901,0.038104540472883724
2902,0.19345460051839927
2903,0.002215176493299463
2904,0.021874183733788344
2905,0.5495475855722538
2906,0.20335413200087574
2907,0.0022556200117299593
2908,0.1188885773454536
2909,0.009402433522850185
2910,0.5431611690890497
2911,0.07742019985082486
2912,0.5436398367907056
2913,0.022851604500955525
2914,0.9762150156146945
2915,0.10890361376816851
2916,0.5049480081017552
2917,0.06485775675549212
2918,0.6098782426486833
2919,0.11209892553272989
2920,0.02996431121045534
2921,0.13589650473784026
2922,0.07452659842740406
2923,0.0113854122798057
2924,0.6211610201155852
2925,0.8719290638430066
2926,0.6124756090645026
2927,0.13872212303698223
2928,0.8157186332459605
2929,0.968354373352181
2930,0.07209646017903762
2931,0.9970410472189442
2932,0.9718097815778154
2933,0.10463061111634672
2934,0.012514002759136644
2935,0.4084286976936884
2936,0.004835775886318266
2937,0.036563008473513445
2938,0.722845078563993
2939,0.9600855061953145
2940,0.41632931946804363
2941,0.005508226091427856
2942,0.9136022646941625
2943,0.01679050804789113
2944,0.4511346073657027
2945,0.07032211807869447
2946,0.06556007829209237
2947,0.03446994718769911
2948,0.07993346369234475
2949,0.01154408308683827
2950,0.03442548595154287
2951,0.007307181170320208
2952,0.5937901694308775
2953,0.9713357044783568
2954,0.048188807916684395
2955,0.018127543978350875
2956,0.9579620215375808
2957,0.4591694397299647
2958,0.035946661815168195
2959,0.24915033333988643
2960,0.016676499915595694
2961,0.003301758134693237
2962,0.7113941078774627
2963,0.09306821441903651
2964,0.7116741163358208
2965,0.9335798866827769
2966,0.04759181463837225
2967,0.3033217450056842
2968,0.01473033415850828
2969,0.2831565468211003
2970,0.019870499408181846
2971,0.06589961738674198
2972,0.016601980834075138
2973,0.287747413416286
2974,0.8411724754828035
2975,0.12975428237082745
2976,0.07829230758672023
2977,0.98496400288073
2978,0.0035628229795712715
2979,0.03630612153574152
2980,0.013327093607343656
2981,0.03287889393893419
2982,0.7133221535474827
2983,0.8245310297405952
2984,0.07012078625323592
2985,0.1574345396656198
2986,0.03857361949024233
2987,0.023085243805853344
2988,0.025268409833328002
2989,0.04663886858951587
2990,0.04117856693920503
2991,0.8892839598141726
2992,0.949937915344874
2993,0.17996903789618227
2994,0.19700672587143486
2995,0.020945145083046564
2996,0.09014987562363258
2997,0.20059260613955326
2998,0.11017350148923999
2999,0.7050875118186526
3000,0.13052915017977185
3001,0.0020591655474147203
3002,0.9715944429532948
3003,0.0029758472352790916
3004,0.318551499861071
3005,0.8011541822917672
3006,0.1356328803803738
3007,0.12398436732451212
3008,0.39279931828268927
3009,0.12638400966951857
3010,0.00932675147956364
3011,0.03551307715715401
3012,0.9608367625259475
3013,0.16205715743793736
3014,0.0023419100683930404
3015,0.002475336787975578
3016,0.009229447429721645
3017,0.8541390938570825
3018,0.013693403100348438
3019,0.5304188728592916
3020,0.058304040633178955
3021,0.33172992935718915
3022,0.96067482978104
3023,0.0060574876412431405
3024,0.06671655996694073
3025,0.17273366097124135
3026,0.9123253595278638
3027,0.1307109467849702
3028,0.2536806215029954
3029,0.15191502675909913
3030,0.01559567167472111
3031,0.007144738526465853
3032,0.041124031483937284
3033,0.5565262453649543
3034,0.2162267294227958
3035,0.3072030797568841
3036,0.544220806967079
3037,0.10564497686358687
3038,0.36460740394665014
3039,0.01826687607445148
3040,0.05038591164577029
3041,0.05717797461381462
3042,0.9479295439205631
3043,0.01459493052738515
3044,0.09929059597006841
3045,0.6713044878437353
3046,0.025474143516853124
3047,0.051444131334996486
3048,0.9709021179494259
3049,0.7342296077018262
3050,0.9961521128367444
3051,0.9659060135903417
3052,0.007532678484182588
3053,0.8890200925602778
3054,0.09821296805345148
3055,0.03909588923721394
3056,0.7469038611029994
3057,0.0038488510632452453
3058,0.9957886948014492
3059,0.0014943526736699597
3060,0.9061431128980784
3061,0.9989009705566472
3062,0.11652424126455348
3063,0.37287299826751386
3064,0.05461265874690603
3065,0.005610873383814557
3066,0.5514433761793417
3067,0.09848194636177968
3068,0.6324975202060648
3069,0.05446846407253646
3070,0.00572671252353651
3071,0.0045570996709946
3072,0.017162034262728842
3073,0.2485700964036494
3074,0.47225451601126756
3075,0.11182404140161936
3076,0.002409099250932563
3077,0.9875573831107716
3078,0.9942355154554319
3079,0.08000091916609849
3080,0.008534980459495852
3081,0.05459053568414095
3082,0.8787316116103976
3083,0.01920403056887082
3084,0.42160503049603404
3085,0.5285443977437663
3086,0.059533016549430315
3087,0.06481368730642403
3088,0.03973202065852929
3089,0.06020306465246812
3090,0.0322310178049279
3091,0.07303458588539996
3092,0.010347292523442114
3093,0.9109806462979739
3094,0.00908461261633449
3095,0.14744355800329695
3096,0.07908019346606347
3097,0.011975899037639752
3098,0.998893336701604
3099,0.010290363047355134
3100,0.034159814757783576
3101,0.008346635651738335
3102,0.008926948999118226
3103,0.01694789089865267
3104,0.20119825350351872
3105,0.3053133822585721
3106,0.06602490061181818
3107,0.7257802004202606
3108,0.021878163105974874
3109,0.006108139559085268
3110,0.006878056298578315
3111,0.03877733155332522
3112,0.0012550257223090469
3113,0.05815037527217917
3114,0.00988443150129844
3115,0.7974588466277462
3116,0.04872195509630106
3117,0.0034273961218984086
3118,0.4754278225021501
3119,0.5636457130874704
3120,0.001791138978784666
3121,0.010266894464985103
3122,0.015625224791901295
3123,0.9859713656091869
3124,0.028496054136022478
3125,0.4341362260260614
3126,0.017978490433020973
3127,0.8345941290683003
3128,0.004400042134687535
3129,0.04684304124400629
3130,0.7531210051498353
3131,0.8085524566746036
3132,0.0577729707656619
3133,0.15607435962865843
3134,0.014466851816218287
3135,0.007803123517395236
3136,0.16718473984065624
3137,0.015652485279754207
3138,0.0363209172131265
3139,0.9782124386647215
3140,0.15316183341623738
3141,0.004973681458854963
3142,0.9568078283035342
3143,0.6446722437788386
3144,0.9683811054003268
3145,0.04984495962721126
3146,0.12897845445760553
3147,0.07486245102971796
3148,0.16488493417548541
3149,0.95516426713638
3150,0.0015825787821999822
3151,0.2672511703726731
3152,0.0045089885032054845
3153,0.01475621890161271
3154,0.023665532547286053
3155,0.019300830149001705
3156,0.03445611408157797
3157,0.16400897413248844
3158,0.0051531797864964295
3159,0.04782967955742855
3160,0.8003817915954821
3161,0.045869016926812736
3162,0.9317805228517804
3163,0.015173605639491095
3164,0.160310913267864
3165,0.029290961127982226
3166,0.060878795585176754
3167,0.014217284887836103
3168,0.028993984092401507
3169,0.9605104326603139
3170,0.011677329257574502
3171,0.23545369826088391
3172,0.1522705305158888
3173,0.01628024199493476
3174,0.9361560564825757
3175,0.755127289207429
3176,0.0018172636789680109
3177,0.3123323780948396
3178,0.1940020872825941
3179,0.003820158414163329
3180,0.09819856982655961
3181,0.03430476185372537
3182,0.11200863989234436
3183,0.6731318956763257
3184,0.003182246018210203
3185,0.32313700701509646
3186,0.04531176418732254
3187,0.9709320102826958
3188,0.01751446950353765
3189,0.020622254371667526
3190,0.9987214179176792
3191,0.7109848955125656
3192,0.012398819052526948
3193,0.06570912213607638
3194,0.025689881618082264
3195,0.9260353688514431
3196,0.8404869196995777
3197,0.007415588935007315
3198,0.003960757921304836
3199,0.5414376937224417
3200,0.9946189760523014
3201,0.12466770435836355
3202,0.0066851079135650075
3203,0.10258796245542037
3204,0.3869995993317513
3205,0.9427336342795487
3206,0.7342089620581511
3207,0.03215082308106945
3208,0.08674022166599846
3209,0.9580113025380459
3210,0.003849202554408752
3211,0.9758671156251275
3212,0.04820287937322237
3213,0.7782425769136492
3214,0.0298067455799942
3215,0.06587485176115443
3216,0.9804858122927118
3217,0.96254745181521
3218,0.9444714401945362
3219,0.9129024179129763
3220,0.772056572718882
3221,0.12742769020552377
3222,0.21330486229049822
3223,0.9190844698904787
3224,0.011064562999109736
3225,0.009194650808721179
3226,0.1543116920707875
3227,0.9942118410262863
3228,0.970015169893889
3229,0.7422641516224477
3230,0.034692408110834135
3231,0.011379307381199513
3232,0.3097891505557523
3233,0.1922180190211101
3234,0.16649453406805892
3235,0.03057606286917129
3236,0.3355633428572521
3237,0.897026996130203
3238,0.014802424475948765
3239,0.43546252371026195
3240,0.034798364689463186
3241,0.025614434687088374
3242,0.3813844792634511
3243,0.0962562022567856
3244,0.11534690845277629
3245,0.8074185679311083
3246,0.27655216483688205
3247,0.19197918779472994
3248,0.07208907661376908
3249,0.04342252855783536
3250,0.4442069410764665
3251,0.02177587400283057
3252,0.032638782491079724
3253,0.006290848101951664
3254,0.24453003234001003
3255,0.009976162653357663
3256,0.007602459811530306
3257,0.003288580390376595
3258,0.8536876574085576
3259,0.022206710261883728
3260,0.7753162601471553
3261,0.22640014671731207
3262,0.020654861566944276
3263,0.5227384209450366
3264,0.013850464918605991
3265,0.21867292964372473
3266,0.15343017278356
3267,0.8875202480468178
3268,0.9883174895356468
3269,0.04333905291791737
3270,0.15621036401253144
3271,0.8914054890626628
3272,0.22785768827284034
3273,0.04594415575214538
3274,0.009036603223129465
3275,0.17218893080040193
3276,0.2963607187920752
3277,0.35313413805354843
3278,0.9751962135909598
3279,0.6157999998015804
3280,0.12347397905783217
3281,0.005303046300968439
3282,0.08617474783814671
3283,0.007264235856233795
3284,0.9756200281759926
3285,0.01284332544074351
3286,0.6397242246673803
3287,0.3648890694892484
3288,0.6960191281282737
3289,0.003228106067848548
3290,0.2853000105485755
3291,0.017351368778888095
3292,0.1256218096309421
3293,0.5966913177365697
3294,0.833081495345319
3295,0.9036464414002117
3296,0.022629088881357288
3297,0.7804092373761979
3298,0.6761455670729319
3299,0.9258998705492731
3300,0.0020351763827888814
3301,0.045201736855050134
3302,0.6721460851261404
3303,0.0089662118562914
3304,0.3399879088093787
3305,0.9985770005398322
3306,0.9947773864634231
3307,0.7727287637853377
3308,0.6138778139360147
3309,0.040158825629825284
3310,0.9882451053299445
3311,0.5349780724204986
3312,0.461802994843028
3313,0.07096501879130686
3314,0.28786220594792605
3315,0.1839343093990084
3316,0.9458924803549551
3317,0.990387232028109
3318,0.5698071597778696
3319,0.9724478989598386
3320,0.0019100918184865973
3321,0.018480053878418206
3322,0.004263558667917796
3323,0.04074993929421167
3324,0.8096037792105057
3325,0.09335486711712558
3326,0.004718705290588552
3327,0.087343326664011
3328,0.02824682150388336
3329,0.961846116118674
3330,0.9847510212106325
3331,0.1309929849161309
3332,0.8710682021224673
3333,0.6798546415152176
3334,0.11552002308570554
3335,0.9537455047603449
3336,0.9555425837544698
3337,0.8097481055859916
3338,0.4046995709737572
3339,0.05138953549123927
3340,0.9448357685275031
3341,0.9348813515563262
3342,0.43699860281113906
3343,0.023668031662956553
3344,0.6476327706805433
3345,0.29697239746485166
3346,0.9669111473150419
3347,0.7665030758115914
3348,0.6389995310650547
3349,0.012326456647098895
3350,0.08693600320462756
3351,0.4998562838275492
3352,0.742074735462956
3353,0.01952551145106747
3354,0.006881325582499807
3355,0.3661603822495074
3356,0.013302145154499297
3357,0.2864764366601787
3358,0.0023416556472068972
3359,0.020505310582405577
3360,0.0023375127410837017
3361,0.0030078329434822353
3362,0.09830261235819734
3363,0.1718841997817923
3364,0.26083926552560993
3365,0.00949257895135501
3366,0.9455874533863631
3367,0.08009468230964212
3368,0.12639300711892748
3369,0.009481606611265639
3370,0.6793060192284907
3371,0.20692467210207188
3372,0.01307803605481132
3373,0.004146776193360099
3374,0.6287560378820156
3375,0.03613400444061671
3376,0.012616062548578662
3377,0.5877582724849844
3378,0.9758112657855404
3379,0.04853172346025464
3380,0.14237847538378617
3381,0.010874995041269701
3382,0.099985251242719
3383,0.2687155980902963
3384,0.9632909298444811
3385,0.9453623107084999
3386,0.01308687035199298
3387,0.011382125807165615
3388,0.3030263623421025
3389,0.11422003784140039
3390,0.3699392829749356
3391,0.9991294048473363
3392,0.00247043744722677
3393,0.14881743449055665
3394,0.12325667457145037
3395,0.10366568163669326
3396,0.9571086137148392
3397,0.9934885087889067
3398,0.0062931532842080366
3399,0.04245046350135956
3400,0.08900256106750887
3401,0.05648942471392643
3402,0.02556927078814609
3403,0.9301614274102368
3404,0.1557072669657889
3405,0.022843762630345252
3406,0.3499626512813354
3407,0.8438262532636152
3408,0.07621815283675412
3409,0.014304488369788163
3410,0.9914133398636816
3411,0.08526104988027122
3412,0.9750646175883566
3413,0.9101177646302083
3414,0.1373449959060452
3415,0.32367877863515004
3416,0.012955999067424121
3417,0.06257699184729146
3418,0.01103984501243121
3419,0.06784179290303308
3420,0.7452740023723664
3421,0.018179653103138307
3422,0.05458493522999189
3423,0.042358361060615746
3424,0.037367536962232765
3425,0.02915992440497596
3426,0.05700795364572205
3427,0.022926941522553784
3428,0.04368569060255288
3429,0.5452721315650545
3430,0.002986817945895649
3431,0.486532317957489
3432,0.33390460604841
3433,0.010217113852499255
3434,0.9628345231455889
3435,0.05953166959117652
3436,0.1027104010281358
3437,0.1619821908327947
3438,0.19004376979365944
3439,0.31446278195260047
3440,0.9203010320424245
3441,0.4388867779891996
3442,0.004003324655971735
3443,0.3661464850411563
3444,0.5135793346535997
3445,0.16416093666638573
3446,0.48006809131094696
3447,0.03389765903133096
3448,0.03310837752363634
3449,0.03459070807640384
3450,0.05161635726367517
3451,0.018928783300053056
3452,0.1977486739802567
3453,0.8465643522581019
3454,0.998312953278749
3455,0.8631570466801598
3456,0.45390403718382855
3457,0.11195572659757613
3458,0.26205478850605696
3459,0.002198570033350707
3460,0.08755594347874635
3461,0.9800083754721378
3462,0.321596445758598
3463,0.03707416265436055
3464,0.012381682634346447
3465,0.03036923120319457
3466,0.006599332768929439
3467,0.008203785189287627
3468,0.14212684066750103
3469,0.9012206027776843
3470,0.008750841109694311
3471,0.43517628223175453
3472,0.02315562527087226
3473,0.006785977414436211
3474,0.004477424921624976
3475,0.6098883305966122
3476,0.08652854176081522
3477,0.03312362980717648
3478,0.007425350029436702
3479,0.9739555474423511
3480,0.9659457445445518
3481,0.04303333011715371
3482,0.09573729007349197
3483,0.8319421783356056
3484,0.006030189059982011
3485,0.78177912636642
3486,0.9802586727984175
3487,0.037666759728780405
3488,0.01575547584979361
3489,0.2710808806345661
3490,0.03139017406741546
3491,0.03508559010325947
3492,0.1203458628685128
3493,0.06017026823608304
3494,0.2950419665397613
3495,0.2813295335416103
3496,0.5490790032348537
3497,0.7560630929817113
3498,0.0014137847250879246
3499,0.35578589858675014
3500,0.9677193235895715
3501,0.7587317650464636
3502,0.017410233679550722
3503,0.056928495868819165
3504,0.06863871691506229
3505,0.004030333143390797
3506,0.017452686707160388
3507,0.11855836690309371
3508,0.744103643702442
3509,0.016887950010081733
3510,0.0064935745845162395
3511,0.9448250065827326
3512,0.007810312112760433
3513,0.03108571603542238
3514,0.03668160859490458
3515,0.03647847832284039
3516,0.014006901829186302
3517,0.9516225659680884
3518,0.5638837303045268
3519,0.983580372787683
3520,0.018192841969995058
3521,0.030275864259505313
3522,0.2593696849859469
3523,0.16248880691683606
3524,0.28645645340866094
3525,0.15647431355315627
3526,0.2647416127219607
3527,0.014685865329498435
3528,0.04712984068497319
3529,0.6921343432555093
3530,0.02178337575409693
3531,0.024219395139740398
3532,0.9900356055234583
3533,0.016010741067334387
3534,0.15288097783141194
3535,0.00931120822390671
3536,0.02523729799837984
3537,0.043071117547586836
3538,0.008285619137975618
3539,0.9566822723123143
3540,0.0035326850589262144
3541,0.099340222193086
3542,0.020481922121471152
3543,0.6942680957821044
3544,0.05333263776047501
3545,0.05149531748384678
3546,0.038112025614953714
3547,0.00296865970343378
3548,0.004274656463553132
3549,0.026437214319937747
3550,0.024005666716138994
3551,0.9612548987421548
3552,0.99728363497348
3553,0.3913513357766575
3554,0.4639244784080747
3555,0.9816858891812643
3556,0.13889438197507542
3557,0.3531162997596428
3558,0.0032160600655838905
3559,0.27323419984483244
3560,0.007326980675849469
3561,0.10615294861582338
3562,0.11715932032191151
3563,0.9401359762952765
3564,0.28404546712931666
3565,0.9540843960022909
3566,0.9532959830274588
3567,0.06605502290971331
3568,0.003688881109944102
3569,0.8403028554281552
3570,0.15251879995330483
3571,0.8282838932380023
3572,0.741254108876034
3573,0.004764067914389406
3574,0.015505033393407305
3575,0.5968007948683989
3576,0.9990014717842453
3577,0.01863822433954477
3578,0.9843717504528136
3579,0.915996958637751
3580,0.310508331356663
3581,0.008710726720943711
3582,0.6005722937817686
3583,0.051103238994851044
3584,0.9912265653944673
3585,0.3478721568450943
3586,0.8049888252850076
3587,0.007111918712966361
3588,0.12076611718025067
3589,0.9894953069261214
3590,0.049330409740577605
3591,0.48293201785293915
3592,0.8917572593604514
3593,0.8914005767371369
3594,0.9794973920402446
3595,0.04171610776124611
3596,0.07792471561825519
3597,0.9037113092037636
3598,0.021879678850274017
3599,0.009775213202383053
3600,0.9540531715855587
3601,0.0034546344915921757
3602,0.0020510780338826792
3603,0.051961269570288196
3604,0.06219053670659057
3605,0.2658800313282852
3606,0.9827735329502484
3607,0.0015266580366007556
3608,0.32175146868643456
3609,0.0010758916013462654
3610,0.21231818351988108
3611,0.7664296334494121
3612,0.12083581450936723
3613,0.8953665615596607
3614,0.7747321319343623
3615,0.03960976945524912
3616,0.011904451863303864
3617,0.02572492062187574
3618,0.9865215772297535
3619,0.910103090043993
3620,0.09744749434287146
3621,0.5779160516456713
3622,0.004737079767009747
3623,0.9711372204122062
3624,0.01644089931897249
3625,0.5585423976714208
3626,0.6692237894368347
3627,0.4084858789534985
3628,0.17700271264607534
3629,0.057793160089655946
3630,0.9083654108978299
3631,0.07195817134162144
3632,0.04429353262255031
3633,0.028869803697367268
3634,0.03630860104054569
3635,0.01176385291366879
3636,0.055563797275334476
3637,0.024846331864811146
3638,0.9183436261451088
3639,0.02745088294394308
3640,0.1013264376509887
3641,0.1205315145313704
3642,0.004357346696748067
3643,0.0038250589944986146
3644,0.9975165803990858
3645,0.76599704622149
3646,0.9216934271282413
3647,0.11262572258411266
3648,0.49008231699054383
3649,0.9109955558735108
3650,0.013074178678818486
3651,0.006379397980148969
3652,0.008924264150308168
3653,0.026886110186064974
3654,0.6632644423394668
3655,0.36549358141030075
3656,0.01046977672864699
3657,0.0027724826210806137
3658,0.02462545293045937
3659,0.8372290756007991
3660,0.19754812681597667
3661,0.6263829190967516
3662,0.00833313146214519
3663,0.1793839475627379
3664,0.007211673692904543
3665,0.5024707994074985
3666,0.8896132749845762
3667,0.026776737578914297
3668,0.8755724105932206
3669,0.7263807867369423
3670,0.12579495458254902
3671,0.004852390012732575
3672,0.025375376412489374
3673,0.7110288909089874
3674,0.12754181772443857
3675,0.9611657933888252
3676,0.07502688389975642
3677,0.1257227444036798
3678,0.9742115344733353
3679,0.9201611121723356
3680,0.009568596292145796
3681,0.0628668021713912
3682,0.01488266281916732
3683,0.11141450290738189
3684,0.500775075193981
3685,0.23168755825413287
3686,0.9959153969486314
3687,0.23116351592830406
3688,0.20217199097766397
3689,0.76461058603734
3690,0.021208981958064456
3691,0.7960748791219272
3692,0.41061982401586095
3693,0.9983783489459844
3694,0.008582549162619114
3695,0.9420480417899488
3696,0.014996434642327992
3697,0.7733515811606246
3698,0.0073863625286645865
3699,0.02082680691278776
3700,0.3090044851629876
3701,0.06482760393711748
3702,0.9933539802736915
3703,0.11399395950605591
3704,0.9565831416259081
3705,0.9936913594130059
3706,0.20203247105446157
3707,0.3307089642732436
3708,0.2805760915000432
3709,0.002982336128181525
3710,0.014291581469261202
3711,0.9685850409410508
3712,0.06819713252830899
3713,0.13492186301619674
3714,0.40815989888217785
3715,0.004897595615480913
3716,0.09887491644187739
3717,0.645975492673768
3718,0.9565494626511473
3719,0.11446127817073026
3720,0.8765054364296074
3721,0.30147235491439967
3722,0.9638587891430297
3723,0.9899871208492794
3724,0.011635290938304678
3725,0.11325529888264874
3726,0.028628546601079337
3727,0.19634637813248718
3728,0.2278444444511929
3729,0.4904348777712737
3730,0.9103648038862269
3731,0.016676138436813485
3732,0.1236917496350883
3733,0.05075657656540461
3734,0.02521923518905736
3735,0.20761210727716525
3736,0.0034613558496156176
3737,0.007570163653532337
3738,0.9944711521049685
3739,0.9615971838492967
3740,0.5236839672237756
3741,0.8558969171473769
3742,0.9384729345632983
3743,0.03492789736291526
3744,0.5787394285802636
3745,0.3216120335273207
3746,0.49455195358907716
3747,0.07724498586749849
3748,0.7316792837541835
3749,0.011944677661574617
3750,0.055433578525538506
3751,0.01160931441713428
3752,0.017368037920354372
3753,0.3419240320754769
3754,0.9363235785768171
3755,0.025582407309096354
3756,0.016209500335788437
3757,0.04324685266637863
3758,0.013203267118989387
3759,0.38366380406857264
3760,0.5710794695126373
3761,0.9364506729950419
3762,0.6856204450206853
3763,0.28055715157473254
3764,0.11175436080760838
3765,0.18684514724236356
3766,0.09613241722643119
3767,0.22626753029992952
3768,0.072377042289817
3769,0.9500718354853528
3770,0.10974771282813897
3771,0.9845095839136094
3772,0.533334827390817
3773,0.019573105698174078
3774,0.01174083543002502
3775,0.07410937011286006
3776,0.09401193620997797
3777,0.12142610173083043
3778,0.0063834870208420635
3779,0.049616571541103896
3780,0.13630620696411685
3781,0.3689507636863549
3782,0.6280529590903593
3783,0.11740957728885149
3784,0.17952368790442919
3785,0.8973692695061206
3786,0.05957627874640842
3787,0.3710411915208045
3788,0.0240274883695809
3789,0.8357297195599545
3790,0.9600535895485295
3791,0.9911442553400618
3792,0.9221235695745289
3793,0.09249454114097475
3794,0.2619321535726398
3795,0.5690592147288863
3796,0.8956067613630003
3797,0.0762505553624214
3798,0.18971267259514285
3799,0.023826274461087073
3800,0.0022528494581425897
3801,0.03781764886901729
3802,0.9847629974911074
3803,0.1518568610470423
3804,0.8209960694354249
3805,0.020679924302397706
3806,0.13031602340348836
3807,0.9964568406601839
3808,0.22594821137195445
3809,0.07295393717687207
3810,0.07322871256682244
3811,0.11894241296972459
3812,0.061501711448815416
3813,0.026190080304851857
3814,0.9527414620050055
3815,0.032110765677051886
3816,0.40539702364565056
3817,0.073283565010503
3818,0.9604604102375323
3819,0.9284407157722406
3820,0.39049679512835767
3821,0.08233106404927344
3822,0.9024733773996596
3823,0.04377650177371614
3824,0.049961966088031634
3825,0.9992359954438379
3826,0.39204168023672814
3827,0.04880570455883485
3828,0.9092344686896732
3829,0.06221186645144213
3830,0.06592212701136166
3831,0.9986887066716866
3832,0.0050852537202391674
3833,0.1416343951531856
3834,0.49667287462020726
3835,0.027665265879078506
3836,0.6577493450491962
3837,0.9980720676681408
3838,0.6554626786049775
3839,0.9535883381283365
3840,0.16359845589131558
3841,0.06644711925737018
3842,0.08728731673761714
3843,0.26277411623684677
3844,0.11596233986869522
3845,0.9954092892843087
3846,0.00946366367584072
3847,0.9690411561868016
3848,0.0023606934402990686
3849,0.01660050683892934
3850,0.4918876026111145
3851,0.9909538807019733
3852,0.04376112796910768
3853,0.6528172267590693
3854,0.911143302323624
3855,0.0032390967418553457
3856,0.029201318271183323
3857,0.008461727805304619
3858,0.03128899575765065
3859,0.04890015183591829
3860,0.01764312764813376
3861,0.08261824398434739
3862,0.019487403115178506
3863,0.9753186215255591
3864,0.9990756310707203
3865,0.19432179152349918
3866,0.998772097009009
3867,0.019316416265656493
3868,0.47685298146522326
3869,0.03052050146871363
3870,0.6048839941377642
3871,0.03298068288342615
3872,0.4663543481960369
3873,0.3419266301349084
3874,0.07849049260295912
3875,0.997939280080139
3876,0.28215152698352197
3877,0.9878153571388757
3878,0.06318676965970799
3879,0.0032464219973590515
3880,0.9981768165168331
3881,0.9932214176794618
3882,0.30622706842570835
3883,0.4248175865603674
3884,0.021124640316878333
3885,0.05094887336534229
3886,0.9310202161664098
3887,0.23036191683530702
3888,0.08890148929049721
3889,0.11310098558228063
3890,0.025128033866238613
3891,0.9315288554747219
3892,0.0076472252617149575
3893,0.7665931418321708
3894,0.09400648984500193
3895,0.35269293915180144
3896,0.12029357319286156
3897,0.9580589353086532
3898,0.317145599596641
3899,0.2773660721177492
3900,0.06375534720787215
3901,0.0032570783523270825
3902,0.9440381005264085
3903,0.6829696720187488
3904,0.024339890036402148
3905,0.08221313585325277
3906,0.9772369105002006
3907,0.06196166866095683
3908,0.07763810996468073
3909,0.9988456659528596
3910,0.0027602209141616395
3911,0.004898114785434723
3912,0.247169706137266
3913,0.029171376238616042
3914,0.9047483191343024
3915,0.041911406550277336
3916,0.7460062057954253
3917,0.030300829632791123
3918,0.0852611606324641
3919,0.01471086374848805
3920,0.07688432039375112
3921,0.004764400969180736
3922,0.3485932849403395
3923,0.04115390839118278
3924,0.04250276154633856
3925,0.982662220542899
3926,0.33248856033894847
3927,0.017244449881855257
3928,0.07164130999654629
3929,0.9493531080426254
3930,0.9860681198169745
3931,0.0020875823321455165
3932,0.293407099514091
3933,0.0025075578943159443
3934,0.91722931797122
3935,0.006907866324881436
3936,0.11336412517376751
3937,0.2532817057885571
3938,0.9560351664510076
3939,0.04352001394633957
3940,0.10590606128588927
3941,0.9750114211513696
3942,0.014713404300859895
3943,0.19898889748471796
3944,0.9041847319968994
3945,0.7154682184874048
3946,0.03728024929423595
3947,0.006948853664784968
3948,0.2415081538490953
3949,0.9737487704433643
3950,0.04983194854262084
3951,0.06510207444665346
3952,0.9017281791136349
3953,0.027875417797000826
3954,0.9976968637890296
3955,0.008617242932888722
3956,0.12494578958265275
3957,0.34203141045288893
3958,0.10636450885148621
3959,0.944052486609404
3960,0.07223679638613179
3961,0.0415167054528497
3962,0.030691793830747504
3963,0.8650190549520085
3964,0.2982592116473228
3965,0.162647432749471
3966,0.6987425542282862
3967,0.014805770238982338
3968,0.002205692555196624
3969,0.08322055093963199
3970,0.25589576159570737
3971,0.9712589603443641
3972,0.6583364057867127
3973,0.401780482702752
3974,0.020572778742817006
3975,0.9271365475746265
3976,0.935103988502695
3977,0.211128310950483
3978,0.03518367826493512
3979,0.6487861790717933
3980,0.7403811779902246
3981,0.9375137325870586
3982,0.9627937593700103
3983,0.0048533200977014836
3984,0.5148499134195796
3985,0.011788069951336992
3986,0.4875117089533113
3987,0.0022483293354783962
3988,0.8072560457864368
3989,0.009176966111798947
3990,0.4888514289793875
3991,0.7332252644561783
3992,0.008158677343531194
3993,0.1399613031854245
3994,0.7895201463102237
3995,0.9632275229668021
3996,0.6160455974445094
3997,0.0024995969115640115
3998,0.20230767999915264
3999,0.0234635262990082
4000,0.04791208688934327
4001,0.0359637490220069
4002,0.021501620082552825
4003,0.11890958313481431
4004,0.616785729062417
4005,0.22049075210812397
4006,0.11312622456042565
4007,0.0053954023075014085
4008,0.9929437454795047
4009,0.10289640756326904
4010,0.9980970696588811
4011,0.9165881136649974
4012,0.07840098245907227
4013,0.02535352583277755
4014,0.9991253378981826
4015,0.9555751646085267
4016,0.09768390223499218
4017,0.056846863215927364
4018,0.10299937108293597
4019,0.013125110438306404
4020,0.026881268787635505
4021,0.03480469532867185
4022,0.016641926987481875
4023,0.0088390173221543
4024,0.0029029384522498273
4025,0.8399160376763395
4026,0.7405926521948863
4027,0.011711161693395944
4028,0.041152746155046244
4029,0.048129425632105545
4030,0.00782222459543799
4031,0.8774977197013418
4032,0.13531253451581443
4033,0.01933282572433264
4034,0.063884611336422
4035,0.02550502251976297
4036,0.015157083834845363
4037,0.007962999657241242
4038,0.9734459742222661
4039,0.007103618722290948
4040,0.4206890452290788
4041,0.9809172411326367
4042,0.04463568765104163
4043,0.06128433897419337
4044,0.020566504329115325
4045,0.0030883328584750446
4046,0.011538457920801071
4047,0.12358534486402095
4048,0.13406151505138866
4049,0.0904108902747936
4050,0.09188086931206074
4051,0.09892499621961814
4052,0.18594667821754654
4053,0.9176111833789562
4054,0.07456075508997823
4055,0.012482255964649688
4056,0.09756830934145072
4057,0.3758286826932419
4058,0.5303818805554332
4059,0.0385542531632854
4060,0.07646096113109328
4061,0.9913887701165776
4062,0.17567815635279393
4063,0.3422830876010398
4064,0.36131732859289367
4065,0.1772266956584827
4066,0.011095605595183407
4067,0.533751833139481
4068,0.01170349513543007
4069,0.024873943892956166
4070,0.03328067355625722
4071,0.9941313720104107
4072,0.002580446546409786
4073,0.036148940783521814
4074,0.06237280964374743
4075,0.030260292088787354
4076,0.4390751409002668
4077,0.08281691837211813
4078,0.37565548409180505
4079,0.14992931841605384
4080,0.0030624046047764367
4081,0.7641269684260266
4082,0.9382083582425291
4083,0.19254502042882743
4084,0.05027433546309149
4085,0.150924749432423
4086,0.1144577983303831
4087,0.007109250897165363
4088,0.11684220682120568
4089,0.013784034851573625
4090,0.1600849965077994
4091,0.005023623912540612
4092,0.19151762192788666
4093,0.3255735391486417
4094,0.014858291426333159
4095,0.012562356333702767
4096,0.025563084852024125
4097,0.2064002919483941
4098,0.025088502282251523
4099,0.9648144477792174
4100,0.4936290712122371
4101,0.1497692067130084
4102,0.13655458678113047
4103,0.30629035421469547
4104,0.9738335118458981
4105,0.593844440810283
4106,0.3943795715723512
4107,0.5757537639828665
4108,0.9912840417921245
4109,0.9873095425410865
4110,0.11184219483994748
4111,0.0024350083636019643
4112,0.9808536654116269
4113,0.2580561463165004
4114,0.037076627247841845
4115,0.014137499502641062
4116,0.017455049183728345
4117,0.9933065660519709
4118,0.04272232949208088
4119,0.1295593456836138
4120,0.968017388008018
4121,0.4625778139950458
4122,0.6972732878809257
4123,0.006259335331391846
4124,0.38899816670119325
4125,0.009367619687762584
4126,0.11776441729268486
4127,0.055989454027827845
4128,0.1178153139613832
4129,0.3154641574689693
4130,0.008566626530865151
4131,0.31722452159637393
4132,0.920684454140742
4133,0.9629337144585912
4134,0.02981477188508276
4135,0.37196083031273314
4136,0.0228498506822365
4137,0.8760153779173554
4138,0.0034733715033681144
4139,0.02857775538169459
4140,0.9985990786071832
4141,0.9236846143084795
4142,0.07827843151451414
4143,0.05412732379448636
4144,0.9687481225514085
4145,0.09992452872783358
4146,0.17327003279041384
4147,0.1494813657977218
4148,0.2041138786373379
4149,0.013872273824621488
4150,0.3068300170300637
4151,0.04483905314729461
4152,0.009806059586669452
4153,0.10460965182545347
4154,0.4876471554518082
4155,0.7512903381264916
4156,0.05601780465232345
4157,0.0020727916934750474
4158,0.9702161670819827
4159,0.18675409884936964
4160,0.22986356735327687
4161,0.3013329210071757
4162,0.007104000764343468
4163,0.006427139591087175
4164,0.9720224396884128
4165,0.24727985051744206
4166,0.009907904385504072
4167,0.9913177083559759
4168,0.22011531138056048
4169,0.07762566493872114
4170,0.9986681532975645
4171,0.02389815749858619
4172,0.8807038451686906
4173,0.03198737784025169
4174,0.014840063354585192
4175,0.3554930789267796
4176,0.037535482241585885
4177,0.005351343566169125
4178,0.8285392584575146
4179,0.1920438625736788
4180,0.9550514780776751
4181,0.32003090289364133
4182,0.004233771207969127
4183,0.7577815012920899
4184,0.9574629332217238
4185,0.7785402811438799
4186,0.9660586735509091
4187,0.055487791233873776
4188,0.023326482463326637
4189,0.08777537709492475
4190,0.0012377819401434593
4191,0.20414150016570057
4192,0.9544612574189792
4193,0.17913598031050376
4194,0.909181062036007
4195,0.10239565417541693
4196,0.9988587781776443
4197,0.6950904319731179
4198,0.1091412323856629
4199,0.8808079770589751
4200,0.020564631427589183
4201,0.5226752071073183
4202,0.15214355667017884
4203,0.10240035107962776
4204,0.04138665481720862
4205,0.05804792527060017
4206,0.5670214614019131
4207,0.16604141060678948
4208,0.21961134336031043
4209,0.19225038668151417
4210,0.3029242343864781
4211,0.11808149673327822
4212,0.17769429714092982
4213,0.4439191627593764
4214,0.03656953889289448
4215,0.06717621550214645
4216,0.016248071863460396
4217,0.984265246766126
4218,0.9974025074170372
4219,0.007712342097784286
4220,0.20183169025789893
4221,0.9852937138397244
4222,0.15441875748942258
4223,0.4032798730030783
4224,0.059688900955366
4225,0.04512552559218394
4226,0.9962393764315562
4227,0.3546684796259404
4228,0.016177041135493637
4229,0.3262416675233769
4230,0.819575004427973
4231,0.013320722935338192
4232,0.007371628600397367
4233,0.05037054755394453
4234,0.002234573365374294
4235,0.360949893689654
4236,0.03877553152633669
4237,0.0901203672674842
4238,0.025272347084705216
4239,0.15991689841070156
4240,0.5682305968057493
4241,0.9027305649391726
4242,0.010089934521138594
4243,0.035564186988451374
4244,0.9873762294675512
4245,0.07104368379322257
4246,0.02251591824401939
4247,0.00547765947549882
4248,0.061754662542887154
4249,0.5849850894566256
4250,0.6589509452606983
4251,0.13481525596575064
4252,0.005052993378995972
4253,0.825732764919228
4254,0.042413832290858273
4255,0.03538021240245113
4256,0.07166544283032937
4257,0.004305639810836604
4258,0.767888985767796
4259,0.004908171154972654
4260,0.985669766286478
4261,0.9723414017016663
4262,0.6194171600393577
4263,0.9590233635164911
4264,0.011102052963625018
4265,0.2764793498045021
4266,0.9412498484628766
4267,0.012178102847716109
4268,0.9533778673708645
4269,0.13848020494583
4270,0.28029839777716203
4271,0.012351007023407284
4272,0.13894974500580085
4273,0.005710803513291219
4274,0.012640476407152794
4275,0.942749937627677
4276,0.6949306623734284
4277,0.012764595214350612
4278,0.012867228487684904
4279,0.20125771451674662
4280,0.9870065366473817
4281,0.3889062858490836
4282,0.26330429701922925
4283,0.0067682425518623655
4284,0.015297771925148484
4285,0.3796581540091989
4286,0.1276388533956975
4287,0.8145726481101845
4288,0.7155869361164202
4289,0.016073742085071313
4290,0.7538794029446645
4291,0.02759923206238447
4292,0.019833014942324954
4293,0.7650810647401985
4294,0.923496443922704
4295,0.3597834158036912
4296,0.19709799001670258
4297,0.9870153985947537
4298,0.14111881131342194
4299,0.020102258418964066
4300,0.07679510251434832
4301,0.9991442819768557
4302,0.02634904009713438
4303,0.0744800828921589
4304,0.28675265423499463
4305,0.01028710482615653
4306,0.07214677059953636
4307,0.02991750865345684
4308,0.9652331943612502
4309,0.9738076254136758
4310,0.06864272954321829
4311,0.010038778213564095
4312,0.97760160849927
4313,0.9047737157814747
4314,0.04597680282938958
4315,0.021400765120541565
4316,0.8839611388792712
4317,0.9048190635067352
4318,0.8008815353608771
4319,0.009418319151248522
4320,0.7748242844514311
4321,0.002497113806607205
4322,0.5134347276314374
4323,0.11710299678432269
4324,0.5145369034130335
4325,0.4031419285098805
4326,0.001705962595088809
4327,0.517873157254215
4328,0.9862087139021911
4329,0.027881301447577316
4330,0.0781781663690984
4331,0.032947631276056655
4332,0.020155451536604505
4333,0.030103860563131843
4334,0.14742675110346237
4335,0.03521794871007296
4336,0.0468280704645464
4337,0.07752971897752262
4338,0.06711552633541665
4339,0.47692577308748474
4340,0.0919919922497175
4341,0.023553682999612583
4342,0.12659090879102308
4343,0.9791232181859426
4344,0.8612024052106759
4345,0.025893000790586047
4346,0.009880549089243039
4347,0.04417455063652285
4348,0.060031388439027195
4349,0.003149767225516415
4350,0.009676154694845375
4351,0.02057232651912786
4352,0.9885018437941429
4353,0.3261444392518749
4354,0.08560038661778493
4355,0.040687036837463365
4356,0.9395495951853585
4357,0.05755749330000151
4358,0.15381835651543788
4359,0.005976767192115037
4360,0.9665537850881887
4361,0.41564541041761094
4362,0.8103699167085106
4363,0.03988095340570551
4364,0.862044923457109
4365,0.17187958899733302
4366,0.13724090417319357
4367,0.958668679065164
4368,0.0017826262086923631
4369,0.03274441597132505
4370,0.18320894886271272
4371,0.08175644214313327
4372,0.9989321719368638
4373,0.02915762440143542
4374,0.0793163826298944
4375,0.6184936203993583
4376,0.05140022623196823
4377,0.14060984556170192
4378,0.9611701776469408
4379,0.9991099531225285
4380,0.09719425334458634
4381,0.027285622949028147
4382,0.0931589928951224
4383,0.29590863050020966
4384,0.8608803334523126
4385,0.043515195384920505
4386,0.14271941262895535
4387,0.00123895267707207
4388,0.06253936422577477
4389,0.0360137474994751
4390,0.8174045451159164
4391,0.05778248501860873
4392,0.9166677513518086
4393,0.0849771059848535
4394,0.4384483345769554
4395,0.03110317894186561
4396,0.7683725483640892
4397,0.0018862824082468482
4398,0.9985994838589478
4399,0.07051756186961236
4400,0.9302167964606479
4401,0.24058011679782948
4402,0.14390362284559596
4403,0.01006375566486011
4404,0.04102731574846713
4405,0.09385216027614257
4406,0.002187345140177512
4407,0.07196632040983705
4408,0.2854835854004259
4409,0.12765893234003306
4410,0.014009734061610626
4411,0.0020365890405210935
4412,0.011752427437135208
4413,0.03751015805284598
4414,0.7265676863704651
4415,0.029579314799202214
4416,0.24268617028478545
4417,0.043283466880644675
4418,0.01665937972735524
4419,0.2855931736164781
4420,0.023740800335003493
4421,0.00642246946379544
4422,0.0015545282932706154
4423,0.1318732600694069
4424,0.005851888645355424
4425,0.052878683055658855
4426,0.10202569912923284
4427,0.006006012745671851
4428,0.020095785499149373
4429,0.10259765195420197
4430,0.02210377016412394
4431,0.38561489090101814
4432,0.0014198756734766485
4433,0.09983948654764974
4434,0.048766538342296176
4435,0.13112824626560846
4436,0.004985724695372946
4437,0.45165409293691294
4438,0.06105774983248295
4439,0.16058648081732396
4440,0.8104647370411131
4441,0.006144302905147898
4442,0.5307773325455434
4443,0.09270348630216263
4444,0.1786055622420505
4445,0.11654011729550937
4446,0.04803947610886841
4447,0.4612457241656791
4448,0.044745577511208556
4449,0.7816233587174055
4450,0.09078478210322842
4451,0.8944565181312885
4452,0.9527339582775887
4453,0.330663977259994
4454,0.898995790207795
4455,0.019274148959511628
4456,0.07970991071625808
4457,0.9802254363769743
4458,0.0241903224244287
4459,0.18967863832089832
4460,0.8120332483413542
4461,0.04932262360231808
4462,0.019434391326730645
4463,0.006337295314763597
4464,0.06117488744739863
4465,0.014921559263860898
4466,0.09273582762302213
4467,0.9980281518909486
4468,0.9505565371908977
4469,0.046413246389505454
4470,0.09323341206433326
4471,0.00928940361342264
4472,0.24973915298819355
4473,0.20518617863762273
4474,0.3069000406534925
4475,0.9908409808372446
4476,0.21694199041790296
4477,0.04138089380540097
4478,0.8436520272543837
4479,0.14299223674720551
4480,0.6933370941894659
4481,0.07944838489930715
4482,0.022429205347478054
4483,0.9597161302457382
4484,0.025405231658225818
4485,0.03985984379398755
4486,0.9326119883079897
4487,0.09175722470662628
4488,0.05628562715909444
4489,0.02441113302860865
4490,0.0650601124579126
4491,0.0015929847124825736
4492,0.03160486452477844
4493,0.411063163603018
4494,0.2352096809835006
4495,0.1600600396675818
4496,0.2048318907599726
4497,0.2638901470053266
4498,0.011994585500438248
4499,0.023986626823365425
4500,0.34819950529804744
4501,0.019124717687271767
4502,0.24430169931587972
4503,0.9859706862707698
4504,0.28472186485175
4505,0.15625903783556178
4506,0.6117084916697421
4507,0.0997568134045626
4508,0.004980266119830849
4509,0.01854231663041634
4510,0.19710881083307927
4511,0.16883472979258388
4512,0.02137063896526792
4513,0.0014113231715453412
4514,0.03621247485607268
4515,0.5168783802075745
4516,0.9502955058981648
4517,0.121578864596291
4518,0.9754073689765423
4519,0.07940348850482666
4520,0.19292385607769905
4521,0.7016873114387316
4522,0.1895834468442409
4523,0.9573276964240696
4524,0.6404606655301001
4525,0.9513485946795861
4526,0.051297084497972864
4527,0.025841702687944994
4528,0.0017127440648441454
4529,0.9749879740642974
4530,0.5003409905266598
4531,0.02342427578843624
4532,0.008533687308051718
4533,0.22740651815873028
4534,0.7889032768860853
4535,0.032445031652312335
4536,0.38524260088091977
4537,0.049544710599544614
4538,0.04722762033561037
4539,0.4935929441209914
4540,0.2769404971216877
4541,0.011571145941293121
4542,0.018785212136343772
4543,0.9823650172017855
4544,0.9752566781294125
4545,0.05238829887244817
4546,0.28448157610941915
4547,0.09838245181565597
4548,0.7291391775199292
4549,0.02731315139551735
4550,0.13940500100137648
4551,0.9324848987303171
4552,0.7042912376634736
4553,0.22495455783247442
4554,0.04644062724245675
4555,0.15849105278199452
4556,0.052838834480880364
4557,0.6962228042072892
4558,0.978125463913921
4559,0.6163634922570925
4560,0.0015467214181999552
4561,0.006979565943041103
4562,0.976208997359213
4563,0.01331274733358265
4564,0.0403493205407797
4565,0.15518973828756769
4566,0.09867409301585595
4567,0.3868104844556894
4568,0.004348089125120622
4569,0.012759321240725874
4570,0.011559405596679662
4571,0.02296767163699369
4572,0.12010276518786701
4573,0.03086417998259288
4574,0.46355803841026433
4575,0.013425911991014585
4576,0.13935789499400825
4577,0.26674389066040394
4578,0.05147114617119328
4579,0.023711515676042932
4580,0.11983232620582557
4581,0.14900475005155417
4582,0.9345698806000576
4583,0.0320430475997839
4584,0.970224004403883
4585,0.8937303631671465
4586,0.1838601969734187
4587,0.3791201186508576
4588,0.03750953891868733
4589,0.03237942349845141
4590,0.046580900285478934
4591,0.006294539722613699
4592,0.031738457648255045
4593,0.010278732650375893
4594,0.9672260272355475
4595,0.029801840116931627
4596,0.09565670274242279
4597,0.9774742434087333
4598,0.21442279057617053
4599,0.6463997575519296
4600,0.005930600255340725
4601,0.0055755588670890295
4602,0.04384634449606308
4603,0.029057736239881816
4604,0.008640289758858562
4605,0.13875632233052815
4606,0.12230000082684003
4607,0.11885301233914304
4608,0.9824983948137986
4609,0.008469204182882375
4610,0.9660919623214822
4611,0.0761181144127708
4612,0.1565899239060613
4613,0.09838840122158356
4614,0.9353106972745953
4615,0.9801581028161851
4616,0.03301750264307545
4617,0.3283160410136148
4618,0.9863164854217349
4619,0.7319462252057467
4620,0.9752050163485078
4621,0.04977344433337251
4622,0.5058086887869357
4623,0.06445589632432899
4624,0.35243361293282016
4625,0.0032578329063045674
4626,0.11354145878063243
4627,0.060701386095422236
4628,0.9765331671586102
4629,0.1447819044107474
4630,0.08167307106892424
4631,0.9137143780577867
4632,0.060707744115687565
4633,0.8419207319263395
4634,0.021126379034204192
4635,0.04476966025873301
4636,0.0646445543028043
4637,0.9595317516947327
4638,0.0636847565058471
4639,0.030750934727475684
4640,0.0850220988858033
4641,0.05166112772310334
4642,0.9804236914201845
4643,0.9990315135274834
4644,0.9985902558860303
4645,0.0041662057451094196
4646,0.6512142858450065
4647,0.09869433919690795
4648,0.02992810909583484
4649,0.5784066659179752
4650,0.009062043682707849
4651,0.724248181340309
4652,0.012642989087121588
4653,0.27269074243256053
4654,0.09369305918600146
4655,0.018307754359623306
4656,0.6682312593070252
4657,0.9637139731088753
4658,0.020731135815200526
4659,0.7156414708345258
4660,0.1337964323062717
4661,0.17870726584776955
4662,0.04119626479215471
4663,0.06418289778968113
4664,0.1464840213631342
4665,0.002207194033970188
4666,0.46443762366210123
4667,0.007208513934691331
4668,0.04062539470127248
4669,0.01752763766070248
4670,0.2848350348185728
4671,0.997769586610419
4672,0.1690957509059319
4673,0.006736821644288485
4674,0.006045276018144925
4675,0.9544831101961673
4676,0.028170056374293678
4677,0.04998732776918749
4678,0.016456393577826516
4679,0.942904908877481
4680,0.050475148153955526
4681,0.025381908420586616
4682,0.018161716452456365
4683,0.46088885880047503
4684,0.0166466972378797
4685,0.672173613283629
4686,0.44501573486011414
4687,0.011965709828259627
4688,0.056783422972040476
4689,0.07381443205782424
4690,0.0426866793433035
4691,0.24728877273193095
4692,0.04187125106696883
4693,0.9856580881483756
4694,0.028936488620014758
4695,0.5335445321085445
4696,0.12003999224938476
4697,0.4771020414959414
4698,0.9910396955594056
4699,0.06471916230400422
4700,0.5354074726246618
4701,0.1076153500463942
4702,0.00825844691619702
4703,0.33402949213807304
4704,0.00839759869352608
4705,0.10126110950836036
4706,0.041176676289584345
4707,0.0066370357776055966
4708,0.10902772382971287
4709,0.04686405746136471
4710,0.3021102289123243
4711,0.9723902728691507
4712,0.3465285771576944
4713,0.02431040712389653
4714,0.002473274457674492
4715,0.09282562080414694
4716,0.0013664458196361582
4717,0.03549574439061382
4718,0.7889387378784919
4719,0.3941540089788548
4720,0.018213181181630643
4721,0.15363869430536317
4722,0.9749064474464508
4723,0.8807596460029079
4724,0.06232085422464589
4725,0.010878553015436155
4726,0.10322921882898645
4727,0.08976853315324643
4728,0.16696995649470675
4729,0.011875607126209036
4730,0.00811976618262817
4731,0.0074477119463621675
4732,0.09397744376399084
4733,0.975029007022417
4734,0.026851798543013998
4735,0.016445046012727196
4736,0.9023500995255468
4737,0.20873283033996515
4738,0.811801949659632
4739,0.4312769572482209
4740,0.996072717204558
4741,0.013829406267661859
4742,0.9642146921383055
4743,0.05553437150848503
4744,0.10561513316186624
4745,0.3053043323808814
4746,0.09855847064429625
4747,0.05385564155214931
4748,0.008186740706973363
4749,0.2155223749457077
4750,0.7240756498789997
4751,0.9717322911896924
4752,0.03865852493366485
4753,0.2080413872433325
4754,0.1635658266252321
4755,0.21128470221275225
4756,0.013543703982323851
4757,0.04207441551922473
4758,0.08175970054406631
4759,0.11790751576093242
4760,0.9556059340064569
4761,0.6329779514754093
4762,0.05638160513607891
4763,0.009112874901849637
4764,0.008219247907165654
4765,0.3434529475340038
4766,0.1638102417411467
4767,0.6183245828857947
4768,0.9515813792601404
4769,0.43483863179295357
4770,0.012608558169724534
4771,0.029729629079404508
4772,0.08138589261559784
4773,0.00941060107858992
4774,0.636780564277823
4775,0.003399310430984617
4776,0.051081401707204786
4777,0.029864736641637066
4778,0.007726090295724524
4779,0.9878660228775387
4780,0.9931669999750896
4781,0.2683273582251495
4782,0.9892286660594416
4783,0.14811305242093817
4784,0.3175996761919
4785,0.08944530245252266
4786,0.02608375379581331
4787,0.873443537374138
4788,0.10705716630953047
4789,0.003702235588769219
4790,0.006923457258240299
4791,0.0055778834657727455
4792,0.8489521062713248
4793,0.9879635581288699
4794,0.07544374133040188
4795,0.006055026119464047
4796,0.9973705427493372
4797,0.009085704767034686
4798,0.8646332704818891
4799,0.6543111107566444
4800,0.5466694085816882
4801,0.5672894280784209
4802,0.008540647199200908
4803,0.012308556577105896
4804,0.021531781402489243
4805,0.014875614433719493
4806,0.319893376336984
4807,0.9619627236968282
4808,0.06962744270708182
4809,0.03829995816141661
4810,0.03203324597583213
4811,0.1220736159202542
4812,0.13469626940307017
4813,0.7446709177279967
4814,0.9570321059968347
4815,0.27119502697654724
4816,0.42752047372505986
4817,0.023961114263674917
4818,0.20755223252055605
4819,0.18017096368696991
4820,0.9974663633387894
4821,0.6733237660773621
4822,0.009165856171553785
4823,0.7167070349062126
4824,0.3381315549379093
4825,0.7578191041693434
4826,0.022068919209645974
4827,0.0819991210481744
4828,0.016974069902056903
4829,0.03875997465856154
4830,0.03527079141772124
4831,0.24706064854056903
4832,0.22238644757973325
4833,0.1209459018293177
4834,0.05642558520973877
4835,0.033512728858498694
4836,0.037485440807945226
4837,0.05101491429015097
4838,0.02648891265982775
4839,0.006772232853530119
4840,0.9676450169912724
4841,0.2744605883035368
4842,0.9870431205397453
4843,0.054015548447942
4844,0.1245043900127901
4845,0.1177994779364336
4846,0.014361306062034564
4847,0.9726866926372861
4848,0.7521297934411212
4849,0.005345192703282028
4850,0.3997351888081299
4851,0.05535191372063657
4852,0.4613223657490194
4853,0.6847550242669496
4854,0.552376082225718
4855,0.21814135652249392
4856,0.6422576797762095
4857,0.15032689159632012
4858,0.09181499316470093
4859,0.03760587389134045
4860,0.08537484236986964
4861,0.8359091862871518
4862,0.04110915678876253
4863,0.018745157833396288
4864,0.7370176175196781
4865,0.24194410896534096
4866,0.0040701358679566995
4867,0.1406626533319879
4868,0.17953011556063855
4869,0.002372332159190282
4870,0.14675570833372809
4871,0.3413719997965871
4872,0.4242264071967727
4873,0.10952698342576775
4874,0.9773431089512736
4875,0.3163321523331754
4876,0.026052562590092837
4877,0.029578179972908594
4878,0.856475393288006
4879,0.7320524925324492
4880,0.82966892664193
4881,0.9325698952825947
4882,0.07128876734011189
4883,0.0656983463993196
4884,0.15872342843682613
4885,0.8334760929624175
4886,0.9693841439802544
4887,0.008524741441941073
4888,0.041423886432592524
4889,0.258734235699542
4890,0.022855952168149247
4891,0.7202818740444994
4892,0.9890464385363076
4893,0.9164460553257268
4894,0.15917874582364094
4895,0.1397346105627477
4896,0.619026387564881
4897,0.8811738496090716
4898,0.11820304607626342
4899,0.930651225672005
4900,0.006188605430906762
4901,0.8669437845688546
4902,0.215529648162041
4903,0.043387015247539386
4904,0.05108921870719871
4905,0.23902268394635548
4906,0.009750803726433707
4907,0.6116106535100124
4908,0.025011871381528307
4909,0.059027607245853556
4910,0.9558797523588765
4911,0.16710439298021318
4912,0.0283151836104174
4913,0.8960783741504907
4914,0.03458401147919819
4915,0.9695435275858129
4916,0.5073091563012578
4917,0.6498816349611467
4918,0.9795238940519695
4919,0.6696930249330342
4920,0.029299051249102724
4921,0.970130694041575
4922,0.9808524272124237
4923,0.006781788046342644
4924,0.9662470845774547
4925,0.15157085640239976
4926,0.01008915490311006
4927,0.9044041269372013
4928,0.6184012804769345
4929,0.024902522154773683
4930,0.9799995268371626
4931,0.873286887340498
4932,0.663681846669102
4933,0.9896535213311316
4934,0.1313569888613923
4935,0.05578872823982553
4936,0.04691654728690588
4937,0.5436869474088298
4938,0.04939718563930215
4939,0.9393331274210314
4940,0.02230424079083663
4941,0.007068007152712773
4942,0.46286949884704465
4943,0.009380464384548128
4944,0.031754713815954703
4945,0.11855801427135332
4946,0.1348570029669807
4947,0.06286971971561144
4948,0.20328952893682456
4949,0.8722155885060126
4950,0.4469419295781927
4951,0.1763747456412834
4952,0.2590716469629001
4953,0.20216489564900036
4954,0.6639152653201943
4955,0.557828485463878
4956,0.1106498435925127
4957,0.1291496117296469
4958,0.9878714904255794
4959,0.5797364360149568
4960,0.0022955805921103497
4961,0.7938590040506838
4962,0.08694885255741394
4963,0.2666818376033265
4964,0.8780592741360459
4965,0.01793768476360902
4966,0.011200338321703952
4967,0.36648738970832095
4968,0.00410543634033034
4969,0.21236981378288347
4970,0.9853439072187404
4971,0.1452163731531547
4972,0.06166508918926658
4973,0.010229174133917971
4974,0.025582208041028683
4975,0.7968511081427252
4976,0.15479213707148914
4977,0.7342475490499168
4978,0.011992457069502594
4979,0.8721243851532097
4980,0.6038969267209648
4981,0.0032839764914724804
4982,0.06810444873147571
4983,0.9357685066306767
4984,0.3601557257081559
4985,0.5515621498643428
4986,0.9917244756307061
4987,0.9822190273741553
4988,0.021400777088073808
4989,0.0011771249924149322
4990,0.004768873924784603
4991,0.6161931430872389
4992,0.007887319630380633
4993,0.05162672314266979
4994,0.12921423853985708
4995,0.01643335681664736
4996,0.9612140525978394
4997,0.019974446915027845
4998,0.3145320510388634
4999,0.6254628482439837
5000,0.023742907916082107
5001,0.011914038055950822
5002,0.059402845405007565
5003,0.6055324302918725
5004,0.47382535193843234
5005,0.11933077567652307
5006,0.038769530288133944
5007,0.7304754932646618
5008,0.9596807946445347
5009,0.055303436265551134
5010,0.0030154671501690117
5011,0.5308043021269978
5012,0.030821996504450097
5013,0.08336027214558295
5014,0.13421751867841328
5015,0.6641468433569597
5016,0.8909283056218843
5017,0.45418520660213735
5018,0.9688356962470758
5019,0.9694066369253215
5020,0.013931993349050664
5021,0.22615384348355505
5022,0.011143076552797915
5023,0.0013915583178276728
5024,0.34952084314649656
5025,0.06409714503275885
5026,0.043151515162284486
5027,0.07782111543735216
5028,0.9984899918116912
5029,0.8944659854627233
5030,0.007377961148099273
5031,0.03715435991876813
5032,0.18565194023561823
5033,0.9423933875221284
5034,0.9172095169064244
5035,0.01692513237393391
5036,0.014674818639264746
5037,0.0017775557584287522
5038,0.016675589442836453
5039,0.3483355476566175
5040,0.9151362173182497
5041,0.1617024792662514
5042,0.9668179305849057
5043,0.04116379344032642
5044,0.016246194977083333
5045,0.35939375136420815
5046,0.11001603106605806
5047,0.0023171154454955374
5048,0.37975525217707284
5049,0.18200814175235883
5050,0.09255330619488282
5051,0.7811609644550859
5052,0.012769600593867163
5053,0.11473607904865923
5054,0.10247012158844523
5055,0.017539790857647633
5056,0.9459053812899088
5057,0.017410842113927093
5058,0.9618327331539092
5059,0.08579045878376873
5060,0.13452114850836014
5061,0.03788650657139307
5062,0.024311909586229193
5063,0.01374189210598429
5064,0.03478391225422676
5065,0.41962727584992887
5066,0.5354156703538544
5067,0.06480748422103894
5068,0.9733091282926267
5069,0.6061798559150735
5070,0.968497852054526
5071,0.0668969538851433
5072,0.02548190437447094
5073,0.027956434922941854
5074,0.007246653981184592
5075,0.5333347582138985
5076,0.4178089556712372
5077,0.082505591121519
5078,0.21462449001101602
5079,0.9705318098304472
5080,0.024057612772640263
5081,0.003397223053195479
5082,0.08446434297871488
5083,0.06355586204349098
5084,0.002503551070537617
5085,0.9651538145948759
5086,0.9988065609297447
5087,0.008088335721530997
5088,0.062250255350203135
5089,0.013934705618182462
5090,0.3318527161311983
5091,0.0733230052799871
5092,0.9956141129690339
5093,0.4194417837107959
5094,0.06867584659638098
5095,0.08620723197187906
5096,0.026334358667716207
5097,0.024357821490673795
5098,0.16149968938781856
5099,0.0024614822963096175
5100,0.0694965333758869
5101,0.3346698524963618
5102,0.6737098800986605
5103,0.009291105107747492
5104,0.007241418803461499
5105,0.052732086688679534
5106,0.9985037876094336
5107,0.9818309681584657
5108,0.6173679064351953
5109,0.9140291796365686
5110,0.014395615342952962
5111,0.9707222365714026
5112,0.8979994048933164
5113,0.22300106092343466
5114,0.9440201937523653
5115,0.896227531735845
5116,0.40439374054137817
5117,0.8308805344084178
5118,0.8537124064507349
5119,0.028586373124737607
5120,0.9548568565277875
5121,0.03954558896801717
5122,0.0400429076534955
5123,0.8992266666901494
5124,0.008357582966362041
5125,0.9548406120614885
5126,0.1036716115381427
5127,0.5518495841834471
5128,0.06725042830663805
5129,0.46548601304428283
5130,0.0368982925101392
5131,0.01671371065211168
5132,0.17561134854758134
5133,0.20106898537679713
5134,0.6674412644875076
5135,0.4705705278063559
5136,0.00427747362859764
5137,0.7282380164955911
5138,0.015526707228302595
5139,0.16883429935459207
5140,0.0711412697976225
5141,0.20914121672224034
5142,0.13539575976042575
5143,0.0038656852178065824
5144,0.005549570274073592
5145,0.002527360969669757
5146,0.022091254383873413
5147,0.019967755298922897
5148,0.02301888285634808
5149,0.013949029974147008
5150,0.31752044188064915
5151,0.8239881917916962
5152,0.09298894502581821
5153,0.03967416130315079
5154,0.987708023793869
5155,0.11689960720697418
5156,0.007012417974230159
5157,0.017708951971549976
5158,0.005023913912806949
5159,0.050619556797599365
5160,0.1270087698003525
5161,0.03135818433291793
5162,0.005237026886549803
5163,0.12235012727224398
5164,0.018388758844224588
5165,0.22148009738036983
5166,0.498925045729315
5167,0.09658588707177355
5168,0.07514169957972976
5169,0.06246193622717906
5170,0.16223701332815424
5171,0.8038244301900931
5172,0.7394884461253395
5173,0.07231272749480597
5174,0.025266068192234217
5175,0.9989811410038509
5176,0.4238063293696531
5177,0.9676730448022153
5178,0.9622301099302542
5179,0.9625106859455483
5180,0.02287905043411953
5181,0.12254743379361732
5182,0.22019414618811783
5183,0.0022059771160071948
5184,0.16153566823898802
5185,0.048862215160582353
5186,0.001281699430239123
5187,0.0646084794986767
5188,0.9927837248165469
5189,0.03548255779839403
5190,0.08611532724943834
5191,0.2954213414112323
5192,0.10921129265876647
5193,0.30939230962080766
5194,0.41516798827025847
5195,0.38798086500772355
5196,0.06265123463343564
5197,0.022104507552508958
5198,0.0202800995746137
5199,0.0074476286357435025
5200,0.003011830601455506
5201,0.11971452979789984
5202,0.10282239000080612
5203,0.017518204335259035
5204,0.18228643478869117
5205,0.009108094470508202
5206,0.05315879798278962
5207,0.6634393730335153
5208,0.014439944182328586
5209,0.5332003691200837
5210,0.9742980045990202
5211,0.9144059713009998
5212,0.3024793935634642
5213,0.15132877618116697
5214,0.02858178648944388
5215,0.6825434722688359
5216,0.8843047935062291
5217,0.023576589326255518
5218,0.5762542410294372
5219,0.0017183066527392192
5220,0.9539787912944433
5221,0.020974916801650846
5222,0.04580711962032352
5223,0.24191057954597575
5224,0.6404680225694718
5225,0.006319058228583989
5226,0.9708836186976249
5227,0.8477525925300202
5228,0.8656034767864764
5229,0.9955270221743334
5230,0.04099178152058078
5231,0.46376665180505927
5232,0.9544578008825152
5233,0.02215924220950165
5234,0.04679692754597818
5235,0.011667194430125458
5236,0.008326453825513593
5237,0.9303979376394936
5238,0.13390842771505088
5239,0.026847607897274424
5240,0.02291334176691835
5241,0.03216347554165071
5242,0.027721370849224894
5243,0.06789109839577762
5244,0.9910839890863379
5245,0.5171844042949442
5246,0.10106223809402778
5247,0.06411007799136284
5248,0.05473068045339265
5249,0.26958560912196095
5250,0.25776721847133
5251,0.336841516947053
5252,0.524063910112179
5253,0.006250938701735845
5254,0.0327130320893496
5255,0.3036234941436433
5256,0.0051728297078600695
5257,0.28754338696998916
5258,0.8753990333028221
5259,0.73439763716317
5260,0.08032636666947948
5261,0.02123910061517541
5262,0.7487531694749536
5263,0.008957168554762123
5264,0.2760769192653567
5265,0.06983513118490378
5266,0.9813209851479537
5267,0.0030529429872645734
5268,0.18596739796028533
5269,0.013931117869207098
5270,0.23509618412252542
5271,0.11966069637808241
5272,0.9660120186260457
5273,0.012353713184557677
5274,0.391522244617294
5275,0.8609715444750419
5276,0.16135181816290517
5277,0.8057458333547282
5278,0.2198491634236584
5279,0.011827293489386624
5280,0.013344179985553609
5281,0.0028268001336258326
5282,0.9802057165028061
5283,0.05018939203168549
5284,0.017979151817728
5285,0.005245225370535714
5286,0.02198584243807721
5287,0.0673056044144549
5288,0.05233229368517257
5289,0.06755975368107711
5290,0.004021073286436147
5291,0.9872822207956491
5292,0.36392681387004144
5293,0.12299433737647883
5294,0.8457439981783939
5295,0.01638498555736338
5296,0.11815524492192729
5297,0.004741745257969757
5298,0.27438680864539244
5299,0.0020602938599400015
5300,0.013972487370285995
5301,0.42554870562523756
5302,0.5034788231320971
5303,0.14186094626616877
5304,0.1014758573780361
5305,0.05526078527519658
5306,0.10225306025954808
5307,0.9271961893179002
5308,0.0802097482892608
5309,0.10705504251653135
5310,0.020090066660975042
5311,0.8539911170260703
5312,0.18734125387923994
5313,0.0363618266186182
5314,0.7333482716371579
5315,0.1846170620932752
5316,0.09773617164521896
5317,0.08924755201104945
5318,0.007405137420853098
5319,0.6928490732745004
5320,0.07755722452328655
5321,0.0710370323779074
5322,0.09852443190064361
5323,0.027932413811527432
5324,0.9087378636459128
5325,0.21311315335956732
5326,0.0028765633365581502
5327,0.026939485055782808
5328,0.05121013274262888
5329,0.9626089185184563
5330,0.010877291940824641
5331,0.10908528941609132
5332,0.0071994639961549985
5333,0.03187219797486301
5334,0.9728156318162355
5335,0.577691293190381
5336,0.007839334840855533
5337,0.03857535246285304
5338,0.37691143558532414
5339,0.09250388675057838
5340,0.015183403983050622
5341,0.003302459322133961
5342,0.9760378791267442
5343,0.07007959189309126
5344,0.028218959705496278
5345,0.010702899223321434
5346,0.27373460956563717
5347,0.9559327828351858
5348,0.04221294140668589
5349,0.03413459594386961
5350,0.8223116970642478
5351,0.9956824885337761
5352,0.7740909392384435
5353,0.032865740493695283
5354,0.22163654773534247
5355,0.8536536411854813
5356,0.030739540927176567
5357,0.1809599207183146
5358,0.9985598836097533
5359,0.007172008299430427
5360,0.052266596087282416
5361,0.7978631794132443
5362,0.10642726455902168
5363,0.009359118196021532
5364,0.004952464383180552
5365,0.9732992943332469
5366,0.00243586598257824
5367,0.002787066236803003
5368,0.9043093554321284
5369,0.8392116671357853
5370,0.03050320346638339
5371,0.03166901035618184
5372,0.011666141700321937
5373,0.21035224237443834
5374,0.005840106795123303
5375,0.022458172604987024
5376,0.07240373093572766
5377,0.01157591081419935
5378,0.04479726143150664
5379,0.25864750849147566
5380,0.4756070299962248
5381,0.03173405571686438
5382,0.21179471425129714
5383,0.12299230899330743
5384,0.07218129334327353
5385,0.05124109085744297
5386,0.02100192858173209
5387,0.6805684751371577
5388,0.015102891906540456
5389,0.9718915009709022
5390,0.5365686091481129
5391,0.00957091717075014
5392,0.005306506031922674
5393,0.987452465479183
5394,0.05810493320238625
5395,0.8255876120022481
5396,0.09139607553282082
5397,0.2766562460162693
5398,0.1718146758445068
5399,0.30823039976604993
5400,0.021295268181385947
5401,0.4105956503830468
5402,0.012751225202564291
5403,0.06917026673666685
5404,0.02813262256147003
5405,0.022427022737869756
5406,0.9012075302440705
5407,0.8270282958459734
5408,0.014342741455478966
5409,0.011183868415772331
5410,0.18845147589525704
5411,0.21370689573026036
5412,0.9599006404828855
5413,0.08403895231936777
5414,0.005449459793259736
5415,0.995951891289337
5416,0.024471476975939623
5417,0.08763849597090688
5418,0.06145892958462243
5419,0.37299663169998615
5420,0.04487333609217892
5421,0.06759771728915703
5422,0.07110192009458255
5423,0.039591194991670936
5424,0.9747570291496676
5425,0.9741431525638564
5426,0.030178697189740283
5427,0.013711112426033546
5428,0.004447754476399914
5429,0.0023100200180749763
5430,0.6266293364117639
5431,0.05347744075990178
5432,0.8056032378199104
5433,0.19499193255413377
5434,0.9657931429446374
5435,0.580776359957582
5436,0.9863512994258499
5437,0.03126725776031153
5438,0.18257198193435473
5439,0.39068522277681805
5440,0.9280675005796735
5441,0.007049538384292477
5442,0.03819840627727002
5443,0.43920702357207164
5444,0.011070484656435309
5445,0.8669887220123382
5446,0.10530907758578303
5447,0.15245621275166
5448,0.04564167953817343
5449,0.0023266935485592
5450,0.9759814521304215
5451,0.002608431799980956
5452,0.9716891694827958
5453,0.13894047210015217
5454,0.05422172341610978
5455,0.9552186747891434
5456,0.009732143074702895
5457,0.043277851448123586
5458,0.004279500560723939
5459,0.9429807174580077
5460,0.9643435601165586
5461,0.016573179685590855
5462,0.02415049617642781
5463,0.03182336596059522
5464,0.007342530111053987
5465,0.15798640875495867
5466,0.7718945558015776
5467,0.9930431485192432
5468,0.07189657868092511
5469,0.05089933997021283
5470,0.9981316637753868
5471,0.39816922800182697
5472,0.07785598556471615
5473,0.004180565847377136
5474,0.22371926144782206
5475,0.0045296447178323485
5476,0.0390524322985387
5477,0.9190572217768181
5478,0.23900312654096426
5479,0.949406823161222
5480,0.0646296916831893
5481,0.09863012978365902
5482,0.012634589987047633
5483,0.3928172477248031
5484,0.7984064204560712
5485,0.17927776582660693
5486,0.036813068209420874
5487,0.406424370471022
5488,0.2851979832136788
5489,0.16107098161695188
5490,0.035210581985312066
5491,0.7912093047747132
5492,0.07067912715778574
5493,0.018488070656611566
5494,0.8182071452425455
5495,0.8432609332081527
5496,0.010096981181943687
5497,0.1882517665321825
5498,0.026139119351782952
5499,0.006149093508923195
5500,0.004401429301203021
5501,0.17738386347588878
5502,0.01661842312013668
5503,0.04649143337952257
5504,0.9876062352071016
5505,0.9800902719751208
5506,0.022525811008418637
5507,0.29994489896111964
5508,0.05261245895683671
5509,0.9869445024306731
5510,0.009514463819545481
5511,0.9947611482056753
5512,0.0050840550259473845
5513,0.028340983291904626
5514,0.3901399434520043
5515,0.004973364161439384
5516,0.05286599870699485
5517,0.1178649366108917
5518,0.23975452453291174
5519,0.02527817167006418
5520,0.021275035589883678
5521,0.9975854980727976
5522,0.8165625953071798
5523,0.22164275216929247
5524,0.9747452339884548
5525,0.09399736596449562
5526,0.09780912726422096
5527,0.8696154888323664
5528,0.009301426668140458
5529,0.026553386286959912
5530,0.096622312116253
5531,0.043020965987084554
5532,0.11772270899475928
5533,0.10222523180700628
5534,0.271972808364737
5535,0.03803289890493827
5536,0.11268256521673406
5537,0.04803960932839893
5538,0.007663813840257019
5539,0.05830438745037517
5540,0.8083733809674247
5541,0.007502587692971746
5542,0.20189338524888117
5543,0.0050952052594881725
5544,0.010264073455273436
5545,0.8676897470853311
5546,0.484464548457531
5547,0.06349005825805452
5548,0.05537002403653946
5549,0.9892784270044088
5550,0.04526447902340777
5551,0.14202353914664323
5552,0.032089248153777734
5553,0.037785364340516735
5554,0.43597371236762533
5555,0.08319570261026228
5556,0.09009894058890824
5557,0.6517794325267565
5558,0.9797676023397852
5559,0.09873323589961938
5560,0.9810685279570092
5561,0.6572199109858623
5562,0.00302742471740213
5563,0.09247685915681254
5564,0.015410788827118393
5565,0.9919664070027098
5566,0.3920202633785036
5567,0.022107993450434474
5568,0.03663931430012911
5569,0.0736261231732701
5570,0.9844141670769601
5571,0.02066481846891782
5572,0.0022364222170394785
5573,0.056406909628811404
5574,0.8485402139734508
5575,0.3853992368269741
5576,0.03297498353163747
5577,0.031229021008537743
5578,0.21063782083479893
5579,0.015845497159274476
5580,0.9941135589090158
5581,0.18854496607160748
5582,0.017470313018676145
5583,0.01435925992804217
5584,0.5372220421618161
5585,0.013074018545907472
5586,0.3673103547165248
5587,0.7377932442123987
5588,0.21371086154842134
5589,0.20911431560699748
5590,0.04870684595954437
5591,0.02060390278310576
5592,0.5255741060114464
5593,0.005242846830854894
5594,0.03949219482981173
5595,0.0749902491703906
5596,0.6038511172590969
5597,0.9817311928136242
5598,0.02605340078855081
5599,0.9405318972647053
5600,0.9705266799917359
5601,0.08223162876063463
5602,0.08057051901294776
5603,0.5470463867850357
5604,0.005595915880776015
5605,0.7594686706192895
5606,0.15539833114802837
5607,0.0031335391225744266
5608,0.4555465796491108
5609,0.8406767184495114
5610,0.05280867942858397
5611,0.0759643640886568
5612,0.05246758691649332
5613,0.210356494467896
5614,0.1505428716339669
5615,0.001768207658769949
5616,0.046122857921008474
5617,0.8613901717600071
5618,0.9984154015874338
5619,0.12310649683836586
5620,0.03951188302117707
5621,0.25303265235356487
5622,0.020724169919935483
5623,0.004142408587996235
5624,0.09494691294038429
5625,0.736533156541451
5626,0.13473852106816975
5627,0.9985944670624995
5628,0.053153894331574095
5629,0.15608206033114172
5630,0.9787176297336704
5631,0.017354282868889615
5632,0.026434258605066367
5633,0.005631622542173415
5634,0.48026393630929687
5635,0.06371159593091089
5636,0.0023806649267072866
5637,0.11620270419130126
5638,0.8158956090147382
5639,0.003470499832864737
5640,0.018033604710240347
5641,0.16782802943838487
5642,0.021462268897343817
5643,0.8148073671752583
5644,0.06829194072133347
5645,0.03207162036796844
5646,0.769227404867916
5647,0.054623418092275375
5648,0.02650370405833593
5649,0.036109000911390736
5650,0.010149559303628243
5651,0.14927500168917018
5652,0.03712904591199842
5653,0.010110912607845593
5654,0.009404361807939899
5655,0.961205879631315
5656,0.20118070200918212
5657,0.20931310729141178
5658,0.01728353781811421
5659,0.12082428902885334
5660,0.02414052478399756
5661,0.8660791070060989
5662,0.043248815526087656
5663,0.19715470477699257
5664,0.006700467858409399
5665,0.9388220549673798
5666,0.08211944644662011
5667,0.9482045491740194
5668,0.9983920017337036
5669,0.29301865006496647
5670,0.9043117587386296
5671,0.057366339096560165
5672,0.021196040073114264
5673,0.33700757804820525
5674,0.8159968786541913
5675,0.22476323755999622
5676,0.9974352743429473
5677,0.06146110998803679
5678,0.07370769402019736
5679,0.9848337702839749
5680,0.019435399503582244
5681,0.044280934935575667
5682,0.4852655439686373
5683,0.19685805511081517
5684,0.045523871086384435
5685,0.11456256403119101
5686,0.0886211327876755
5687,0.14931248315569826
5688,0.028967589620365067
5689,0.03055387595491301
5690,0.01965138943073878
5691,0.01118479603879544
5692,0.0247247724224256
5693,0.2890788722201132
5694,0.058426295751112745
5695,0.4483157492269795
5696,0.3672612593851749
5697,0.2882981045516274
5698,0.04943267193849958
5699,0.39070983570479745
5700,0.05951194431182069
5701,0.9777411698111622
5702,0.08920937801138291
5703,0.30749753455218287
5704,0.8821198606133391
5705,0.7189670886853122
5706,0.09119702755455603
5707,0.02748578493191122
5708,0.12096585511268024
5709,0.9075559547848473
5710,0.9630040797040925
5711,0.07498002346150809
5712,0.0023863621330419836
5713,0.01638688310015725
5714,0.2911810719139508
5715,0.025223706240291324
5716,0.002877498540508444
5717,0.9353290842195463
5718,0.941560711254265
5719,0.0020277393187608586
5720,0.4598272749243387
5721,0.003298271569838963
5722,0.995637453362101
5723,0.5072025696668693
5724,0.02378370740189573
5725,0.06030356416139238
5726,0.2836660003617839
5727,0.9648857279051455
5728,0.8520111228014569
5729,0.006360239498620076
5730,0.30948880784568067
5731,0.9807240313857664
5732,0.018424359959622303
5733,0.2547761598144743
5734,0.9970631929159361
5735,0.022359181733385546
5736,0.0019373511977298858
5737,0.9287143525732398
5738,0.9011873620326345
5739,0.009308190078878766
5740,0.25549506985091786
5741,0.05378799294196688
5742,0.11467482794391218
5743,0.9231981727250751
5744,0.2859299049601954
5745,0.004999944784238614
5746,0.028823399742538412
5747,0.07970422756618614
5748,0.06801727244131738
5749,0.30291633895023573
5750,0.9776347166126325
5751,0.003893745461006388
5752,0.11395546657799496
5753,0.02358300554618748
5754,0.0068989990112944145
5755,0.05065851723177764
5756,0.006492401239214087
5757,0.19723620146643506
5758,0.9188660744850697
5759,0.2603301618455811
5760,0.022190136352599036
5761,0.004286547471731273
5762,0.4212280162495039
5763,0.9621611768246621
5764,0.0014845046468075058
5765,0.7732814519462082
5766,0.9896426686868514
5767,0.04748276717831652
5768,0.8805623813060733
5769,0.003750703362898879
5770,0.0730877437840219
5771,0.998551521119808
5772,0.18385964801675225
5773,0.6376336626764737
5774,0.955571562746808
5775,0.1151608769914738
5776,0.8759299242904728
5777,0.002052052743491827
5778,0.03399636661454778
5779,0.016540247719122818
5780,0.03567039733040235
5781,0.3960734438556246
5782,0.0657924698958971
5783,0.43043122485551477
5784,0.9611206947315691
5785,0.7538175495741118
5786,0.001676938561483595
5787,0.07510652551178544
5788,0.9781508128125822
5789,0.03816254428423074
5790,0.9854504958961161
5791,0.998653200070234
5792,0.04571496707764744
5793,0.2085656661814222
5794,0.13332392635304552
5795,0.10197673035110459
5796,0.1141644052490963
5797,0.9414657203946855
5798,0.9927189554257192
5799,0.025184162131276236
5800,0.46204674830573006
5801,0.24508796135786431
5802,0.9533364357750924
5803,0.5043093245341485
5804,0.05175701794852662
5805,0.08838579885929762
5806,0.9055132237720689
5807,0.023809794367571746
5808,0.9988080643818904
5809,0.01181591245406896
5810,0.052177245729935096
5811,0.957404075341751
5812,0.9873184932793739
5813,0.9846843475191096
5814,0.960410780502237
5815,0.9564156828571946
5816,0.930630168452826
5817,0.9447980699269141
5818,0.03128061699500147
5819,0.9949470222302758
5820,0.2829419453658813
5821,0.022361790716080424
5822,0.9986702414273969
5823,0.008867006285475801
5824,0.8758495596418197
5825,0.04135153270678104
5826,0.02474799227933552
5827,0.015906741119371653
5828,0.9531689843436206
5829,0.25666691638788386
5830,0.07501885429341462
5831,0.08726499337035983
5832,0.5012866648583478
5833,0.1809066967486674
5834,0.07014838892500286
5835,0.5808269910020352
5836,0.099727895759707
5837,0.6181296891522667
5838,0.015167636358354754
5839,0.003266503667352497
5840,0.0057398479692685345
5841,0.9285926799924704
5842,0.09563006830526984
5843,0.15742246820930417
5844,0.1814401515958004
5845,0.5630755544136952
5846,0.9282509390393323
5847,0.17527980678286947
5848,0.09719483362335776
5849,0.06479907985638343
5850,0.9872176540192403
5851,0.9626933635151357
5852,0.8584760143185228
5853,0.09541943437758274
5854,0.8507378996267254
5855,0.00795446032105452
5856,0.12395311197794992
5857,0.06568906734611563
5858,0.6166617538595786
5859,0.0338056437655578
5860,0.9638251365785417
5861,0.016553568099274867
5862,0.6395578292697137
5863,0.1357038076819688
5864,0.20345405471393235
5865,0.14573842464287673
5866,0.06390596783821577
5867,0.07614839164073425
5868,0.04857917780771282
5869,0.0716656307705717
5870,0.002475980672526982
5871,0.12628037670898365
5872,0.006216461859664348
5873,0.08971287696720104
5874,0.991417636958162
5875,0.9988593443541036
5876,0.06396407613007071
5877,0.9639090924371769
5878,0.13481723956031869
5879,0.039342170949195905
5880,0.3389176085404271
5881,0.2139320818148761
5882,0.01891264836757136
5883,0.19558157649023186
5884,0.817022876415165
5885,0.008407695202365041
5886,0.5413538665123884
5887,0.934680640110495
5888,0.5909608780129579
5889,0.9533881525961305
5890,0.006324728854680812
5891,0.03745949172091365
5892,0.5520248141235067
5893,0.04714044760939721
5894,0.04469429435143863
5895,0.10308240688518182
5896,0.01164223782730105
5897,0.05381955992165439
5898,0.6952886076594323
5899,0.1331471389780992
5900,0.0955624021131748
5901,0.7422607121390751
5902,0.6967905181155917
5903,0.9503025576862756
5904,0.9814847163595235
5905,0.5384876098829627
5906,0.037425244508987356
5907,0.9877999559597038
5908,0.03604518585425215
5909,0.06990359076189845
5910,0.1527669740413096
5911,0.11041222407083816
5912,0.9669629784954858
5913,0.004247233316800547
5914,0.08923869266776097
5915,0.17236963319986764
5916,0.003953523241823926
5917,0.008181704086984945
5918,0.9484966061321083
5919,0.06657757336255771
5920,0.9855318529529853
5921,0.06044250296666749
5922,0.07424377646395745
5923,0.07383790626401793
5924,0.3398685288567842
5925,0.07061691565545375
5926,0.9767267055683819
5927,0.1684455626914825
5928,0.0665413019680408
5929,0.006880385606089005
5930,0.09034989893074437
5931,0.9187549556405208
5932,0.040692120719911386
5933,0.9366730823836873
5934,0.5259568946621671
5935,0.3101222543967578
5936,0.005860097731222567
5937,0.07564029294285234
5938,0.3734271859383708
5939,0.004801903560034638
5940,0.9710609369442189
5941,0.05892788355229461
5942,0.09625011187701528
5943,0.08754314684438881
5944,0.4505727185868827
5945,0.9859680125950678
5946,0.059628190240887155
5947,0.06628634904880568
5948,0.1033219708424016
5949,0.6984155124743996
5950,0.009397643391192017
5951,0.4664306738883078
5952,0.1029487325781126
5953,0.4677869742851931
5954,0.466087101435351
5955,0.025595371068990867
5956,0.9274485684176199
5957,0.7878542358661416
5958,0.7633970639286403
5959,0.21402898238733503
5960,0.0499827928391718
5961,0.003323848233682975
5962,0.23244182198146623
5963,0.004980677873026493
5964,0.8687568630998475
5965,0.13597156800929355
5966,0.03500011297356742
5967,0.005932451858286281
5968,0.06111893952018391
5969,0.7254982355388937
5970,0.9550781765346815
5971,0.04156818253710224
5972,0.9380352329571682
5973,0.11775592387395994
5974,0.8535819428045522
5975,0.59794074154013
5976,0.005258723415233438
5977,0.33725061348194535
5978,0.22420381466649475
5979,0.924664214397816
5980,0.29484843107422926
5981,0.2902620326502362
5982,0.04328791861656157
5983,0.021168397394871218
5984,0.9358917259246228
5985,0.04058467144937055
5986,0.13943294486356542
5987,0.019896160565287098
5988,0.7058933780730379
5989,0.8649805192075839
5990,0.017445364115319283
5991,0.9894225518712965
5992,0.07763421699955306
5993,0.5388788892327516
5994,0.018947266121504578
5995,0.05029190188274474
5996,0.04932422011309201
5997,0.941744640372099
5998,0.8005930538861119
5999,0.839974932460858
6000,0.031212023775964638
6001,0.7243728636365704
6002,0.6466619504734745
6003,0.411456665525947
6004,0.05248814842814674
6005,0.004564079057091888
6006,0.6686452076449585
6007,0.9640137800868864
6008,0.635113724770498
6009,0.9612096672932879
6010,0.029280514215679995
6011,0.9506442710966949
6012,0.09626803313475416
6013,0.18014917238262007
6014,0.01598805514237554
6015,0.06835435212127117
6016,0.055930771215479735
6017,0.03338205195776087
6018,0.9982684899174121
6019,0.024776746343616797
6020,0.9694735407797828
6021,0.35860977049965864
6022,0.9686496668498832
6023,0.8883491855453243
6024,0.021713853599558984
6025,0.11128049007309576
6026,0.05292891153523684
6027,0.3276901878047041
6028,0.07015909228434676
6029,0.6502495113472501
6030,0.0344773608635602
6031,0.0212300630512471
6032,0.07642620203961649
6033,0.019930994923090944
6034,0.37770335611574646
6035,0.16333773638944016
6036,0.9576215610994636
6037,0.6357586983796936
6038,0.8795972796815407
6039,0.007624883593077797
6040,0.05843285895937126
6041,0.9719835391752538
6042,0.9646249669699647
6043,0.8450269065051356
6044,0.9496062011636234
6045,0.9022690675500656
6046,0.011042052830046917
6047,0.08819647342291295
6048,0.21356983826791864
6049,0.5140855089766933
6050,0.019243781877518663
6051,0.19055838353853072
6052,0.08693933171810825
6053,0.0013835603771484271
6054,0.017841893717431185
6055,0.0796279481702004
6056,0.1601075180108042
6057,0.01638429124754339
6058,0.17118559173679637
6059,0.8007770298851407
6060,0.01585128835151106
6061,0.4053983309169197
6062,0.04957708950719044
6063,0.9519003356680718
6064,0.0067424935287411485
6065,0.028648151675350484
6066,0.18108256189026448
6067,0.01079176174608755
6068,0.5698694457559845
6069,0.0023930663762952043
6070,0.03083952253451373
6071,0.015382130993878257
6072,0.9986250856502781
6073,0.01904301881994547
6074,0.18318398968117316
6075,0.06700685694997888
6076,0.13493694275654694
6077,0.09269211296183241
6078,0.3624602111981249
6079,0.03984630346536516
6080,0.7269682796820207
6081,0.008686786882262435
6082,0.7372174418605711
6083,0.009968246480476714
6084,0.98417555263661
6085,0.18924949947553926
6086,0.03603010338318673
6087,0.044324455338586345
6088,0.20938426775636862
6089,0.07197199183648122
6090,0.022539616226304807
6091,0.0506341677339399
6092,0.9764865964219789
6093,0.3057205664934132
6094,0.029576684082227488
6095,0.4353127757841088
6096,0.9641369989843338
6097,0.05961220289187026
6098,0.0021707174978181686
6099,0.9383871183150221
6100,0.9777604590061149
6101,0.8319275535600299
6102,0.10070328204604403
6103,0.25945833637496146
6104,0.08368899176319064
6105,0.007841718764058137
6106,0.025967975320716596
6107,0.7185567236289441
6108,0.9728357988253051
6109,0.002646236451237467
6110,0.32457731374076926
6111,0.9695230796492789
6112,0.01450118543524655
6113,0.004847791707051378
6114,0.03020208385065057
6115,0.9622260420453159
6116,0.6995558490942633
6117,0.0034465787621389622
6118,0.057311677074265176
6119,0.7179629588648642
6120,0.42186450172438417
6121,0.009606544941022947
6122,0.04237693171789616
6123,0.874123151011455
6124,0.08671374510720177
6125,0.5355930627391376
6126,0.0031194691345058324
6127,0.915534935989702
6128,0.005173453893246237
6129,0.8899481326393743
6130,0.03473836681583936
6131,0.040476127938779645
6132,0.9548341898068846
6133,0.10179080268060413
6134,0.5004727597195158
6135,0.05441381474565109
6136,0.8750358320199055
6137,0.11699842798371402
6138,0.01201191548908102
6139,0.13497458022447578
6140,0.04471960148743266
6141,0.998560836574922
6142,0.9160009678813503
6143,0.8983863365673547
6144,0.026177422650802473
6145,0.9694260240276549
6146,0.5987302134112549
6147,0.03517476400082994
6148,0.7658952241619494
6149,0.2291986899896742
6150,0.015046726825654305
6151,0.041468897652474766
6152,0.038990140820483896
6153,0.022050781580609177
6154,0.8606542098019616
6155,0.011568698987310182
6156,0.35207758621139906
6157,0.061609648011595644
6158,0.20166641526513548
6159,0.02881232787791501
6160,0.760103151569697
6161,0.5497667672317561
6162,0.9513827354915112
6163,0.8446595051723985
6164,0.025379282052121248
6165,0.26547621207587463
6166,0.9649689156627341
6167,0.9905976825353041
6168,0.7507693527557382
6169,0.42802073137960694
6170,0.7781370640782461
6171,0.1609661029412656
6172,0.8251289333970564
6173,0.11720688904033272
6174,0.4473461744465991
6175,0.8099659643975746
6176,0.012309347981137714
6177,0.055739954820446844
6178,0.8992933909179387
6179,0.09917697648696856
6180,0.6268725925060438
6181,0.9704901377489903
6182,0.1522951550635938
6183,0.026644841599449597
6184,0.13637583552393592
6185,0.6451903683996222
6186,0.36933240406619483
6187,0.0034677595782501578
6188,0.05027915794298266
6189,0.14122650623591737
6190,0.11584938963498732
6191,0.9982156164717262
6192,0.25426113019743474
6193,0.03657265791469821
6194,0.9844102855720318
6195,0.009974251192056971
6196,0.9773441210699013
6197,0.9806934573730681
6198,0.8529232505716949
6199,0.03743401240312612
6200,0.9761404294373495
6201,0.008592260333230902
6202,0.01423001098379339
6203,0.017962908295428376
6204,0.14889857629550107
6205,0.023414168634356573
6206,0.028541671573003365
6207,0.028531524764363637
6208,0.9837004683543467
6209,0.2186671904067144
6210,0.46896369172352637
6211,0.9217095599657732
6212,0.013341080061043882
6213,0.00984854169147898
6214,0.509182711640059
6215,0.05197086276883964
6216,0.023061548195762685
6217,0.040934861166481304
6218,0.18168098355594775
6219,0.1479230430912033
6220,0.05919592278247234
6221,0.7468069422784889
6222,0.013591608466959032
6223,0.009521654906961316
6224,0.00844175100004264
6225,0.0032217156442361783
6226,0.0048282651571423495
6227,0.016367779570150044
6228,0.03124648978755541
6229,0.9614452392683478
6230,0.001828269834713034
6231,0.0672534694444748
6232,0.08303445135527826
6233,0.03282073585132432
6234,0.997510573678398
6235,0.5106384269244026
6236,0.12324403324150443
6237,0.27938679815088935
6238,0.06788849402525753
6239,0.7624610149760401
6240,0.020260258917542698
6241,0.4835323402482532
6242,0.009853228103031419
6243,0.012025831745317937
6244,0.0012055053366560892
6245,0.0019573539057113846
6246,0.9756990099114214
6247,0.047802642197387724
6248,0.008315273827312184
6249,0.2690899757718376
6250,0.3703093651047017
6251,0.08168066352347184
6252,0.8785590327577212
6253,0.7570919143960553
6254,0.9258005006490234
6255,0.9518576899882325
6256,0.9945867102016912
6257,0.4455856518993667
6258,0.9965155307881429
6259,0.012389494966693063
6260,0.004687946474388143
6261,0.06065906934773778
6262,0.07007866454720471
6263,0.21620386610443382
6264,0.5699664125332058
6265,0.06216203268464339
6266,0.9699584429732941
6267,0.05106165449370467
6268,0.05301604983102516
6269,0.008267506293721139
6270,0.07613816059545246
6271,0.02085519215094086
6272,0.14796075359187316
6273,0.031090260141322636
6274,0.14866398628332758
6275,0.0058677434598710665
6276,0.9803834738227415
6277,0.05285628095748927
6278,0.08647895223049185
6279,0.9889873600587217
6280,0.13128241561505408
6281,0.0027683675480915737
6282,0.14713359398374706
6283,0.26448353430098515
6284,0.6731069906470328
6285,0.3766612933939077
6286,0.024112601614454485
6287,0.03032454352835818
6288,0.9880671351049026
6289,0.709431874240366
6290,0.05294454486906818
6291,0.07679364213221024
6292,0.03419823888063567
6293,0.11317183368791206
6294,0.7763674111319396
6295,0.06525783372619452
6296,0.7221434358409103
6297,0.017316135991893467
6298,0.1870801414090345
6299,0.9792550815641565
6300,0.8631980715769368
6301,0.012596137933238244
6302,0.018190887591795345
6303,0.01904419527826107
6304,0.5123145721787395
6305,0.9165267046661615
6306,0.7697724422524012
6307,0.42983204377966455
6308,0.5494526479287785
6309,0.02605197264293857
6310,0.7455490898026202
6311,0.671469474327009
6312,0.9570713177996544
6313,0.9980845476278921
6314,0.03383374245347354
6315,0.4416281010756394
6316,0.35499476481799674
6317,0.030713314977314304
6318,0.28953754443734386
6319,0.12590294270223837
6320,0.12494989232644342
6321,0.003159340562739475
6322,0.9990085564808329
6323,0.0018587748234171544
6324,0.22099461777562115
6325,0.002947501417754631
6326,0.007006287568413626
6327,0.293401487825401
6328,0.007597722130908142
6329,0.043294215660007365
6330,0.715532453586756
6331,0.01570234309667485
6332,0.9982427324523775
6333,0.9395982345450848
6334,0.00596981276185965
6335,0.9916802200664312
6336,0.31265475571402
6337,0.6545105906702116
6338,0.1491442860541244
6339,0.21508589765048292
6340,0.005860119246885832
6341,0.021384182405218964
6342,0.7678639514100545
6343,0.02349148648701988
6344,0.11027548479734482
6345,0.013864061816812155
6346,0.16936690030463958
6347,0.04179610419466793
6348,0.06938252774624357
6349,0.9502426601500322
6350,0.8391321203875903
6351,0.36219077517797515
6352,0.5938372029553529
6353,0.0496208201726692
6354,0.014427894827882955
6355,0.10916909445699702
6356,0.1565971748380426
6357,0.15639751519604664
6358,0.003559439953799718
6359,0.259467729167605
6360,0.1635164526792479
6361,0.21955528800278712
6362,0.019535325327871368
6363,0.9794973572061554
6364,0.009402211903534595
6365,0.03277779752958246
6366,0.003228759850664258
6367,0.05239025110034184
6368,0.21145203723903544
6369,0.9528330842006543
6370,0.4460344049419371
6371,0.03932139086105651
6372,0.005172929669661559
6373,0.3516050928541493
6374,0.061230286024724336
6375,0.4300790142641989
6376,0.4844106813701321
6377,0.125667867994485
6378,0.016237651421252983
6379,0.017941971951634703
6380,0.005954775314102198
6381,0.3202071189548824
6382,0.035399999444382386
6383,0.03124119962684227
6384,0.04921083582200859
6385,0.9967215961973431
6386,0.09713918856974679
6387,0.021811691050304838
6388,0.8232012548160292
6389,0.6146962904266061
6390,0.7589086531402205
6391,0.9158419530329517
6392,0.03350861945451427
6393,0.015569046961977626
6394,0.011437434933577385
6395,0.8478171497134144
6396,0.28589563053483735
6397,0.9796100017917597
6398,0.949463105950477
6399,0.9513147652941937
6400,0.8293811576576627
6401,0.9896761244196816
6402,0.920833754063771
6403,0.0014695308571955781
6404,0.0028375644884036334
6405,0.4942884639464965
6406,0.9574525783722966
6407,0.9255901545065112
6408,0.44130373247091315
6409,0.6438942260608052
6410,0.01671111925518543
6411,0.2868451538119883
6412,0.2759084489541481
6413,0.9374219686604455
6414,0.002185044645831069
6415,0.9771165229109997
6416,0.11937429681806613
6417,0.5102641433977455
6418,0.04315160375476507
6419,0.07606908364880663
6420,0.3332757762660171
6421,0.0877233798127742
6422,0.04161313216599673
6423,0.09701758200728686
6424,0.9461138023742599
6425,0.6221444181740796
6426,0.20774829416861534
6427,0.16393915959555494
6428,0.14289842085909094
6429,0.9793881693126141
6430,0.988384234090913
6431,0.05426008179603558
6432,0.10223661579744164
6433,0.001941406098699848
6434,0.06678878466974875
6435,0.0646508549373235
6436,0.09946885141203352
6437,0.9896367313342886
6438,0.07767239977528811
6439,0.0523792404863028
6440,0.022544098805590218
6441,0.0290930702392062
6442,0.014238027963720234
6443,0.009346298551772624
6444,0.925245757080766
6445,0.9270597543021782
6446,0.14533789450749796
6447,0.022879453737658654
6448,0.009316808962292332
6449,0.6443170044683243
6450,0.031214250971192986
6451,0.6394495031226639
6452,0.06784501714038724
6453,0.011978514586912552
6454,0.23695069255051898
6455,0.1021717304507111
6456,0.9132235305521635
6457,0.04756453614725076
6458,0.592277918746859
6459,0.010500391033773768
6460,0.02343641679920655
6461,0.08223204593722552
6462,0.020446229722795528
6463,0.0036800577871163695
6464,0.9617640572186446
6465,0.5081276422014105
6466,0.09817569310417758
6467,0.388725507102257
6468,0.03145547143346529
6469,0.9758605840243687
6470,0.9290443826212433
6471,0.3842443023774429
6472,0.026279598659127507
6473,0.059884057551147576
6474,0.31229132400654946
6475,0.09912040293221225
6476,0.20528665626493608
6477,0.004420047352728986
6478,0.10273321800802185
6479,0.7600196523478768
6480,0.013088801593764668
6481,0.024104343846852914
6482,0.6814984555167767
6483,0.061028787818604116
6484,0.049317395315343744
6485,0.1483596199382203
6486,0.37569058070343164
6487,0.01759709169375615
6488,0.0438549724039896
6489,0.014593028688798935
6490,0.46985438297781545
6491,0.11575564456939309
6492,0.9853074766708745
6493,0.03619065399564916
6494,0.1040767959605251
6495,0.17140546416398045
6496,0.05504133948325054
6497,0.9644561224534316
6498,0.7151702822117666
6499,0.25762940781301935
6500,0.9983388603728813
6501,0.9975864028592814
6502,0.006924952000881102
6503,0.9545333644339926
6504,0.006588233375908096
6505,0.9126842162738342
6506,0.9990245260296231
6507,0.1374547415783214
6508,0.08979854312214258
6509,0.08088474609363999
6510,0.14596896401152448
6511,0.9951520871931105
6512,0.04331304317765474
6513,0.9738631331587885
6514,0.009243245826414573
6515,0.055871409848257926
6516,0.003819845854367037
6517,0.04146697215139002
6518,0.15163108207498258
6519,0.08712643937660344
6520,0.9097206991766489
6521,0.10303347092419504
6522,0.0018313069031122226
6523,0.42142609615340054
6524,0.06622230410856456
6525,0.19718049813623265
6526,0.11376614728758391
6527,0.00549690538555694
6528,0.007752168387753718
6529,0.015820399112882938
6530,0.005909156580650751
6531,0.9609365287489073
6532,0.30447506265983015
6533,0.4475263015186721
6534,0.778210210658727
6535,0.10868776678920289
6536,0.7712008799287116
6537,0.023474401882454237
6538,0.00574377636202168
6539,0.12904629376611132
6540,0.04349014520241938
6541,0.9495271693013628
6542,0.01022929271673886
6543,0.03235440135019758
6544,0.014829621590333089
6545,0.07804819960453295
6546,0.07812716439894539
6547,0.8699351859880939
6548,0.12155104055030767
6549,0.9864713694521048
6550,0.06466053813457551
6551,0.1425929119686426
6552,0.6293633311444515
6553,0.0697676386756729
6554,0.05867942107175951
6555,0.5825419894189741
6556,0.9934169173708319
6557,0.39593152484798
6558,0.9733655800687029
6559,0.6853252107231471
6560,0.8242371834536236
6561,0.1990724801473087
6562,0.5181995419710187
6563,0.9751009072422717
6564,0.013817978229850716
6565,0.49543384578316696
6566,0.971020259062991
6567,0.12341640878090955
6568,0.20048757648439414
6569,0.5446046700247797
6570,0.07166757637005372
6571,0.03301355882125824
6572,0.04878537314139669
6573,0.9839120090700704
6574,0.06753160679757668
6575,0.5680966375725007
6576,0.10493775406969028
6577,0.06874745895287045
6578,0.11666607014948024
6579,0.23851192691103187
6580,0.003777916260156807
6581,0.003146392210616628
6582,0.09002776170841967
6583,0.13781581198868342
6584,0.813581322707939
6585,0.09746605173117091
6586,0.5318819819136948
6587,0.9203109111480731
6588,0.007073832245649978
6589,0.09622677302961638
6590,0.01869747070885971
6591,0.03024789562488655
6592,0.049985343953304555
6593,0.08537048576310141
6594,0.20932197396849428
6595,0.58161273295416
6596,0.055503226845739606
6597,0.013271892449231661
6598,0.2816640663831156
6599,0.948192133328797
6600,0.24685903709768625
6601,0.7788188865209743
6602,0.024078105602028915
6603,0.5332757188131237
6604,0.006523596600708421
6605,0.04630453114458443
6606,0.7634667189035405
6607,0.014653126187736898
6608,0.8531069566099638
6609,0.010145319008458213
6610,0.04025753494698181
6611,0.04467004302315654
6612,0.9608752930118799
6613,0.020396864354531766
6614,0.27215637098085854
6615,0.09884853083708249
6616,0.01618529021681955
6617,0.014474668778631416
6618,0.9592635590097114
6619,0.05306220726116832
6620,0.3599222407846002
6621,0.9984701673527212
6622,0.9463787427265815
6623,0.0034493297403738526
6624,0.05645162955408829
6625,0.10588979759038017
6626,0.09939502631728031
6627,0.03230198881576969
6628,0.009168028479639203
6629,0.019797636791742863
6630,0.18510326168332947
6631,0.02965837583251387
6632,0.02896131790514054
6633,0.15021552254785586
6634,0.01581057043293623
6635,0.18911237070893122
6636,0.0209115874862632
6637,0.05007574091026284
6638,0.05563121130902395
6639,0.9702523737975377
6640,0.01761837187054501
6641,0.06818842015097377
6642,0.971558816312707
6643,0.1345542367910322
6644,0.18524828510070412
6645,0.28482529477297736
6646,0.9323826619086963
6647,0.1684451505563734
6648,0.9131036730139164
6649,0.9208120539832101
6650,0.18855034745929314
6651,0.9372180796264273
6652,0.47035491985074573
6653,0.21157754780665855
6654,0.14825077031927164
6655,0.11597810603775832
6656,0.002624076517983221
6657,0.7345084225631053
6658,0.05327309132120343
6659,0.979987264665075
6660,0.04289277131964106
6661,0.1556722351400242
6662,0.9842664910357415
6663,0.03144716486592357
6664,0.04329514627840955
6665,0.9174529308477174
6666,0.06939196358239368
6667,0.36882018579768094
6668,0.03729968449597303
6669,0.21467200175987527
6670,0.11810530206500174
6671,0.9582532387273184
6672,0.03297175751658263
6673,0.003752356023712459
6674,0.07739372194711923
6675,0.5225809261032686
6676,0.2891032370891108
6677,0.03205911944865426
6678,0.26786786933814144
6679,0.1077259328484505
6680,0.25329642186916995
6681,0.4063174938446442
6682,0.022054159013929358
6683,0.13112264535115506
6684,0.10043688401544335
6685,0.9845671777859224
6686,0.6711811617472012
6687,0.0019815730767226546
6688,0.002311701216062511
6689,0.8944968376005753
6690,0.9818079672777071
6691,0.9977376266657204
6692,0.006760568894898106
6693,0.36209087986397337
6694,0.041646654870679124
6695,0.9424354200120157
6696,0.08964731582778002
6697,0.05322932774130415
6698,0.9831670467626286
6699,0.7820870887098448
6700,0.3925735699184061
6701,0.01319517142847675
6702,0.9307680351311709
6703,0.9394459019217983
6704,0.144899602690941
6705,0.9833245056524873
6706,0.02279545726978932
6707,0.05267555382973821
6708,0.0366593644639307
6709,0.149008708887746
6710,0.09859993975032089
6711,0.049587404503522496
6712,0.0029467483643031123
6713,0.4370098893923853
6714,0.9723576632161197
6715,0.02547583414033501
6716,0.04952665311579979
6717,0.8340169362608759
6718,0.9716666727561432
6719,0.09903618177421093
6720,0.002328967832752303
6721,0.0012358677184289867
6722,0.6495392396680195
6723,0.053526503431079356
6724,0.004166066792436243
6725,0.9989462761974932
6726,0.9262993303259639
6727,0.9266411936257184
6728,0.02871749900964797
6729,0.9638732054825379
6730,0.28135083704210095
6731,0.21164171617311345
6732,0.12375864885034467
6733,0.9888786378680855
6734,0.01447412567861123
6735,0.996442481494785
6736,0.33386342968962446
6737,0.9976191671901102
6738,0.9852685763054357
6739,0.0018668738819998532
6740,0.007189588184725095
6741,0.004360641101307398
6742,0.11127635249413578
6743,0.06756937060668224
6744,0.02659446106999991
6745,0.0029199404424735524
6746,0.7465091213219139
6747,0.5244876195299463
6748,0.890810263908091
6749,0.11186428286780578
6750,0.9819273044019114
6751,0.2664562448205485
6752,0.014971986655508708
6753,0.2781058626010621
6754,0.007835082476766533
6755,0.20232547381499985
6756,0.9621210261005817
6757,0.10141022058165286
6758,0.6909002170796763
6759,0.024918153422490506
6760,0.0745927136241846
6761,0.022916507255218023
6762,0.9474308538163392
6763,0.0026521612646855913
6764,0.04974968561260898
6765,0.1550034388005127
6766,0.9141674276617211
6767,0.9842581928175178
6768,0.9335866767302752
6769,0.026603294636911915
6770,0.021018815078083328
6771,0.026180200309162877
6772,0.9671186195668319
6773,0.024435788278652334
6774,0.007036921736113351
6775,0.033847137178028494
6776,0.1314971480533252
6777,0.06494932450307708
6778,0.03234123930356045
6779,0.1883296854702768
6780,0.8151793618323648
6781,0.01244305099465268
6782,0.07385122866297822
6783,0.1278493663634854
6784,0.004134583656519422
6785,0.7586857453806867
6786,0.7325976733627362
6787,0.8278913158672705
6788,0.8558951892810496
6789,0.11446635871463204
6790,0.017495809026551484
6791,0.6456901328392577
6792,0.9683753061119504
6793,0.10304596231120594
6794,0.30873771564095764
6795,0.9555148022181568
6796,0.6634445140483844
6797,0.08833767914133861
6798,0.394968263700168
6799,0.028206965844279626
6800,0.7591478579056833
6801,0.6896861779959622
6802,0.28698995481196105
6803,0.09224445172100583
6804,0.46032023362809216
6805,0.003644294100370743
6806,0.7290566374255166
6807,0.003941819530725967
6808,0.035628097032933306
6809,0.12378697027228772
6810,0.7682230737000391
6811,0.030399940609138143
6812,0.018731248392835066
6813,0.9018191892376466
6814,0.028525849068678152
6815,0.21347541422202074
6816,0.03593868283188815
6817,0.01385019884505254
6818,0.9858535082750637
6819,0.013611554411494909
6820,0.055879158003289284
6821,0.9498338261380828
6822,0.009133342723414347
6823,0.18800720720256298
6824,0.018612441640126973
6825,0.035913559584155624
6826,0.07563676372515052
6827,0.0028934506980409524
6828,0.9650873594212805
6829,0.0019291143966601138
6830,0.9900404488889936
6831,0.044032977805794314
6832,0.009715626564327196
6833,0.06725406323055313
6834,0.020253411423710888
6835,0.7229763510801686
6836,0.6490902765441282
6837,0.9985867910858313
6838,0.2379564592078393
6839,0.12039555404592184
6840,0.8509351505184763
6841,0.05958560694705061
6842,0.8640585103022671
6843,0.0013722608868548085
6844,0.08547374334473079
6845,0.9906739308621291
6846,0.19045383259565923
6847,0.009276715127650267
6848,0.7703213294363335
6849,0.022424004636920757
6850,0.021634894358832382
6851,0.6230268562022608
6852,0.09963790016345377
6853,0.7539236949679976
6854,0.06459624308730487
6855,0.04592722222407593
6856,0.09922979656700306
6857,0.8622960647508606
6858,0.9824626265721099
6859,0.9382860070995717
6860,0.8926073752694957
6861,0.019239268955610872
6862,0.0863761185772703
6863,0.03573984487015264
6864,0.13939748190635445
6865,0.002142104609904832
6866,0.19837264920418685
6867,0.4379027956570528
6868,0.7565922014837865
6869,0.15565191442587795
6870,0.8301237990703223
6871,0.945549339545545
6872,0.010742573930130155
6873,0.1427244679186852
6874,0.060590476208372046
6875,0.145729803839057
6876,0.9719117681783174
6877,0.7907365647459124
6878,0.011379380331475869
6879,0.028651631135234515
6880,0.04974453378267813
6881,0.3355691729124224
6882,0.9115022921948573
6883,0.5142986880456988
6884,0.1620589130722578
6885,0.049889609209724094
6886,0.9912892279859148
6887,0.8124312353621681
6888,0.7255134730525952
6889,0.0941400764759542
6890,0.9744727157153177
6891,0.061645532639327746
6892,0.005379262982140616
6893,0.04928518847783941
6894,0.13437157429843022
6895,0.05292535258186107
6896,0.9989238214649893
6897,0.07534111786186004
6898,0.9641790427739654
6899,0.012890192392540186
6900,0.4497047363719954
6901,0.0063851694285311875
6902,0.03717163967537401
6903,0.040785166366685104
6904,0.0334482161313882
6905,0.9911635761677786
6906,0.852898876626454
6907,0.05234338394787967
6908,0.05146037485096244
6909,0.002957104421755539
6910,0.7933791650673325
6911,0.011496973749986905
6912,0.9876775459284677
6913,0.9813461390827365
6914,0.0031687297316929774
6915,0.027297900105783184
6916,0.9776234348837759
6917,0.3131186779842787
6918,0.7064159626930998
6919,0.009611665214873945
6920,0.04124656479975568
6921,0.605510811142415
6922,0.0023859447480094028
6923,0.025799722318675118
6924,0.04123367527486882
6925,0.009654610314795576
6926,0.5741530725768365
6927,0.0101063210496103
6928,0.001933388163312715
6929,0.012224057107808292
6930,0.34605361716664207
6931,0.12100757529632233
6932,0.05442579398295379
6933,0.8078627673032903
6934,0.04715297739698594
6935,0.21155245749974688
6936,0.0043764611151037355
6937,0.004214640531924361
6938,0.22759501493038656
6939,0.05080789717420535
6940,0.9340139176241351
6941,0.00335421273685809
6942,0.8849708119675058
6943,0.04617011017354157
6944,0.9137180411446229
6945,0.674740912743115
6946,0.00218363074045996
6947,0.8198877382877375
6948,0.00944056894140508
6949,0.09824698881552767
6950,0.9110238852249188
6951,0.6763851972436482
6952,0.06799719973486501
6953,0.0030624874798483395
6954,0.017510654332736627
6955,0.9118581340969871
6956,0.06245876251814397
6957,0.99882165885366
6958,0.9232358729007364
6959,0.08027164661860946
6960,0.10211298251422968
6961,0.16617673027948815
6962,0.5836737419156693
6963,0.040068630651405805
6964,0.5398987713416555
6965,0.007888507365872476
6966,0.03353725516705489
6967,0.017691396407572585
6968,0.9851252190824336
6969,0.9971181040756681
6970,0.0016535564592254257
6971,0.002580158686215759
6972,0.07990039517733255
6973,0.01814441524876374
6974,0.3794729799808648
6975,0.11870573256590064
6976,0.017071891761673386
6977,0.09723241570901739
6978,0.009017468858142714
6979,0.02821380655210204
6980,0.5618109502973153
6981,0.0770559682636956
6982,0.9989650070109716
6983,0.24381162730282407
6984,0.03415825438236252
6985,0.3714414244818242
6986,0.8648976511364712
6987,0.11434279699869021
6988,0.06427996012509177
6989,0.006353075099106764
6990,0.008725746126032177
6991,0.006701356310770264
6992,0.06212960159642629
6993,0.9588218882242738
6994,0.8600695422351894
6995,0.04631644544247708
6996,0.5063216727029725
6997,0.9096766733987482
6998,0.0069396942475723165
6999,0.06064289293395988
7000,0.501539790811012
7001,0.1424583223642905
7002,0.09457976706334152
7003,0.13447768496287021
7004,0.0018779517410816536
7005,0.06634856216131668
7006,0.00536667722532244
7007,0.9647243830961149
7008,0.060981698204221946
7009,0.030610189038701503
7010,0.15784637790731743
7011,0.9166041749540608
7012,0.005117677204432248
7013,0.42572176296888387
7014,0.7315110157231137
7015,0.003545547263367788
7016,0.9327724632260791
7017,0.06592075868853486
7018,0.3402215751845378
7019,0.02772508758370648
7020,0.01796769303192036
7021,0.009693606767037715
7022,0.3888211407311345
7023,0.2540430187213307
7024,0.780463627326735
7025,0.03600807027932295
7026,0.014959057205250328
7027,0.041092577717447745
7028,0.0686030601031837
7029,0.06126711925027682
7030,0.20781421926087862
7031,0.9819365619040903
7032,0.00818434327989815
7033,0.8986886569057929
7034,0.12191143141104256
7035,0.2688598495811247
7036,0.8219956295120501
7037,0.9537100037259362
7038,0.02531889708847291
7039,0.00200174083671485
7040,0.08259195214764786
7041,0.953833262322685
7042,0.005250684244728696
7043,0.5942204337195702
7044,0.026207218522898763
7045,0.20279604256041456
7046,0.6353427466733387
7047,0.9329894844464528
7048,0.9475811769896405
7049,0.41824772440276403
7050,0.13495011683295088
7051,0.03392266460667344
7052,0.028470545308095126
7053,0.10004343399494785
7054,0.016617520887240653
7055,0.11882351033525555
7056,0.15580974871251127
7057,0.2521450709056132
7058,0.5743521887093108
7059,0.062318653946459565
7060,0.016610712744277077
7061,0.8504470018874785
7062,0.9522518773210964
7063,0.04457651754293537
7064,0.049126452151180354
7065,0.19582181739415777
7066,0.14391474206639204
7067,0.038237570378599754
7068,0.05472742525635778
7069,0.956411943330737
7070,0.9901033799823199
7071,0.08790684129126983
7072,0.006784898465778829
7073,0.03629951361875179
7074,0.05779110912952411
7075,0.9989088630254965
7076,0.5150421900029947
7077,0.9910828786421022
7078,0.9354515101222163
7079,0.43301296550443463
7080,0.04944833591429074
7081,0.22326851594400982
7082,0.030259203128978444
7083,0.800108516621601
7084,0.076625129815385
7085,0.5814081025615989
7086,0.2854076094667158
7087,0.009111933015918873
7088,0.01527824989837557
7089,0.9308194760777819
7090,0.11525367849054433
7091,0.33764002285792416
7092,0.02543948951847369
7093,0.7141002739562545
7094,0.6850711323246315
7095,0.5055487603644733
7096,0.19770724085300512
7097,0.02504533741619191
7098,0.9856993493993804
7099,0.004013683633460836
7100,0.9989649573001113
7101,0.8623688185223547
7102,0.48022261454984294
7103,0.9987812592642304
7104,0.002132925774170206
7105,0.03515801990763007
7106,0.005878446393274466
7107,0.10971701158167241
7108,0.04090726917197556
7109,0.0026827229201758216
7110,0.0032649327623426086
7111,0.45136605795300744
7112,0.21261500227593183
7113,0.24292846085071806
7114,0.990578491862794
7115,0.022884860428173167
7116,0.045778168203972444
7117,0.4823153404883469
7118,0.022273165119488604
7119,0.21263747242313563
7120,0.14850787311720048
7121,0.014148263618526672
7122,0.03459993275602917
7123,0.04281320759825608
7124,0.7540828720694321
7125,0.02641179153296349
7126,0.44989045859483157
7127,0.17971155479315326
7128,0.10372080354648083
7129,0.9293704643126413
7130,0.03234589066547915
7131,0.9675994494019697
7132,0.2605849500357377
7133,0.00877925968782187
7134,0.9643567772433806
7135,0.4423055592122218
7136,0.06016936979854566
7137,0.09940907194385865
7138,0.7538876923701849
7139,0.03330561698485403
7140,0.04321151592468943
7141,0.014182000128882778
7142,0.04636030933922715
7143,0.004605733266703705
7144,0.9602826184470139
7145,0.1412064299734251
7146,0.031183327137845312
7147,0.001751972254628711
7148,0.997656107599308
7149,0.08482591354414101
7150,0.033776071728794675
7151,0.012428823877657414
7152,0.0927095167370222
7153,0.41348564516364666
7154,0.06682713971900706
7155,0.19773953017808704
7156,0.006947838073025054
7157,0.029077464743481423
7158,0.0110628812782485
7159,0.03015206687511498
7160,0.03391573691029065
7161,0.9764178820331273
7162,0.0016290231944714726
7163,0.9000355856499067
7164,0.9983586542618159
7165,0.026323738472171614
7166,0.09621622782429175
7167,0.5660672697704758
7168,0.9896781323717082
7169,0.2491728506668886
7170,0.9841479072201775
7171,0.46818570494146716
7172,0.9655813667234503
7173,0.9576845984514458
7174,0.030297718004720354
7175,0.08053269277500678
7176,0.5433947431323414
7177,0.8777245492474683
7178,0.4360205683128814
7179,0.010789399518357279
7180,0.040358005774701194
7181,0.18429855769046144
7182,0.07344706900555643
7183,0.9272146081471656
7184,0.01847251898215044
7185,0.37795123365104694
7186,0.8867972472307855
7187,0.030020118512772066
7188,0.7783138729208231
7189,0.6657823543702557
7190,0.03614733789401084
7191,0.09738963474913634
7192,0.02300809533042854
7193,0.5644863514464685
7194,0.02595438608595759
7195,0.9919368536924567
7196,0.023539845172833793
7197,0.005470530165417187
7198,0.03216151907967458
7199,0.15824255100901274
7200,0.030957285125540145
7201,0.04575439444311722
7202,0.13698819928290312
7203,0.017870662072507152
7204,0.13568165367621188
7205,0.14484724034293198
7206,0.8367435126541527
7207,0.9739110703720409
7208,0.65619037319336
7209,0.773761981744231
7210,0.8730036965489024
7211,0.028710840627814885
7212,0.4973967862489308
7213,0.9857559919572395
7214,0.05664430921405218
7215,0.03307273230649145
7216,0.022348431523643623
7217,0.25164611673016424
7218,0.06163607953600658
7219,0.005122779138900706
7220,0.5673113431863694
7221,0.4535705849339238
7222,0.001637591472991677
7223,0.9725956623560408
7224,0.9590811916692671
7225,0.09516259500424645
7226,0.02747421438309547
7227,0.014129191532537187
7228,0.15823673041533043
7229,0.10185480352009549
7230,0.9645435187469773
7231,0.051148932851275794
7232,0.45311603858347904
7233,0.044568419019647254
7234,0.9849114960700079
7235,0.07839661638636644
7236,0.029112713775413697
7237,0.30732713982289617
7238,0.73239404982172
7239,0.43686295566439026
7240,0.00355810970449914
7241,0.4227309963742164
7242,0.20090617021111115
7243,0.017534502048242737
7244,0.9438315285350805
7245,0.09218304664846252
7246,0.06597125641733954
7247,0.08007223055471169
7248,0.9537964213632998
7249,0.20506144956088396
7250,0.005570984686992837
7251,0.48818599436903753
7252,0.2549688426811041
7253,0.3598193403787277
7254,0.06520891866877854
7255,0.13336416775672638
7256,0.6270359288147365
7257,0.6190275558139391
7258,0.07512843783636784
7259,0.07058623933370574
7260,0.7441976582893031
7261,0.9633865166681672
7262,0.05870993013255432
7263,0.9511628899942031
7264,0.04168770119697972
7265,0.18803447151211883
7266,0.04900080585987094
7267,0.016928677277028324
7268,0.0049097620435090234
7269,0.05806059699147703
7270,0.021444619145446635
7271,0.036495198840212864
7272,0.3697714044183672
7273,0.08547731397762566
7274,0.007214294296765431
7275,0.920487175557178
7276,0.002187870049251257
7277,0.0512952900505302
7278,0.20544481225280564
7279,0.0647384950366047
7280,0.05636080527223329
7281,0.7780117965958222
7282,0.9598319086121685
7283,0.05647975750633083
7284,0.26406583810802214
7285,0.09754892513149138
7286,0.17096371272858432
7287,0.0020650739936787115
7288,0.9392837349399646
7289,0.9418400682406032
7290,0.021732859894184095
7291,0.11825853250167753
7292,0.06962567899505707
7293,0.6260570600142629
7294,0.20890516595944053
7295,0.029787354952851952
7296,0.016838777542111848
7297,0.44937020276984607
7298,0.8754072451174458
7299,0.79365701848399
7300,0.2919159629770488
7301,0.87151238675653
7302,0.9721599027196018
7303,0.4960842973572387
7304,0.05258035463678966
7305,0.13166786154865137
7306,0.11425107068945418
7307,0.09967151185913477
7308,0.012704025932249816
7309,0.0037876350934230208
7310,0.11295171455830161
7311,0.9648166805057932
7312,0.016945725159089414
7313,0.7375955921226829
7314,0.03809778520522004
7315,0.006722376974676711
7316,0.10681956109388602
7317,0.11341398103493255
7318,0.08929086991113704
7319,0.6063908647641386
7320,0.03293156045822616
7321,0.9136508630103057
7322,0.003687433853798418
7323,0.025817663515346787
7324,0.848038063936979
7325,0.038129982703108675
7326,0.028332553586290686
7327,0.3702078730031514
7328,0.9899128785614038
7329,0.0022044599673380514
7330,0.9601676585059044
7331,0.08182703099365764
7332,0.056664987601083655
7333,0.12866735607368074
7334,0.08033659993729204
7335,0.07166062385313517
7336,0.16033912702760608
7337,0.03223217476571007
7338,0.039656030989231275
7339,0.07554894942415595
7340,0.08530254012932877
7341,0.6201223728831251
7342,0.017809688668943405
7343,0.9839683279790391
7344,0.10559357913006567
7345,0.011041664452299618
7346,0.9634189913283802
7347,0.18496446590194127
7348,0.0075666828680259115
7349,0.9636809288738135
7350,0.5768638063364794
7351,0.9987362100518448
7352,0.427071063994077
7353,0.04569204333285064
7354,0.10430172577530486
7355,0.025015864480080523
7356,0.8857321385715683
7357,0.0032394193056891124
7358,0.03799374122601865
7359,0.1536521573449532
7360,0.09106404329029247
7361,0.011301231362093113
7362,0.026464367680122843
7363,0.8564638372703234
7364,0.030695646441767754
7365,0.02325536492146856
7366,0.009889626558486303
7367,0.35609339535596374
7368,0.049405202706756315
7369,0.012809464214970846
7370,0.07869403501617986
7371,0.03816631809999948
7372,0.015571228834805792
7373,0.03559129606470899
7374,0.5315261351935868
7375,0.9781283504838325
7376,0.3395349777417566
7377,0.004649520440200381
7378,0.9335317568561672
7379,0.8140186592169381
7380,0.5256524866417775
7381,0.005614679420244138
7382,0.033996853841544515
7383,0.0043363346539860535
7384,0.016115729461049295
7385,0.9932954357151847
7386,0.12034928666286769
7387,0.9905248195247855
7388,0.002238478134707407
7389,0.9113531823980617
7390,0.5703212729891214
7391,0.055879954264343945
7392,0.06696166791398336
7393,0.021565727095128724
7394,0.018638879602742967
7395,0.7785402616510405
7396,0.9988581903619557
7397,0.017026800516015315
7398,0.11460833133000033
7399,0.023620530902132536
7400,0.014093155221869233
7401,0.011461071786613982
7402,0.007957261838758452
7403,0.14286424964034333
7404,0.008679958850183321
7405,0.11638593796289162
7406,0.9438485330912818
7407,0.008335672606591201
7408,0.1294617312160926
7409,0.02870256823790719
7410,0.12257843475817665
7411,0.12903364315070467
7412,0.9977968976348344
7413,0.14452027164340098
7414,0.021984166704886524
7415,0.9987767768327949
7416,0.43432049999511274
7417,0.6836308269313812
7418,0.014784407065150013
7419,0.8785626694141095
7420,0.9251529243102037
7421,0.8553504634738431
7422,0.09204521474713628
7423,0.36683441855544796
7424,0.13178287081890916
7425,0.1584740757699812
7426,0.02486489023529473
7427,0.9743836686941212
7428,0.11054025357698492
7429,0.8418582860807613
7430,0.9545910576212383
7431,0.03295389120288265
7432,0.016122249670059333
7433,0.4222788075711573
7434,0.42730393956918994
7435,0.5760278702735966
7436,0.9438804812278064
7437,0.05899351534913065
7438,0.9676864810373491
7439,0.056252936598045866
7440,0.002555542953190227
7441,0.9408787401252533
7442,0.018770246361547307
7443,0.06570958646686788
7444,0.09797611771740397
7445,0.9853205233383233
7446,0.17614820990118318
7447,0.9598435729773038
7448,0.48373164906421295
7449,0.6835571664639516
7450,0.2588473489820405
7451,0.2937278264371119
7452,0.02090159609880059
7453,0.9456417455589234
7454,0.017301801735141044
7455,0.17736118236443862
7456,0.14813235633294058
7457,0.06843900917875778
7458,0.04045795212786902
7459,0.2159425532098885
7460,0.034720082553922726
7461,0.048229853924346276
7462,0.8141070845659123
7463,0.11092880941913191
7464,0.11841611958700496
7465,0.0032847224450345287
7466,0.004913693724458759
7467,0.7564211270415273
7468,0.27205947222254984
7469,0.03100243901286552
7470,0.24616429305789594
7471,0.7284550641413269
7472,0.2109965590836141
7473,0.012771602271275221
7474,0.014493978273871
7475,0.05991487840093289
7476,0.0047569784851006465
7477,0.022608638796699772
7478,0.0020054433967679162
7479,0.00930576455429492
7480,0.5930735499056303
7481,0.08696094750735499
7482,0.005170207695907589
7483,0.9981824702658983
7484,0.02343638620113289
7485,0.01214692698468502
7486,0.1294390832679784
7487,0.13243334197930162
7488,0.06254388681359269
7489,0.06015799531281987
7490,0.002168030211302325
7491,0.26501239239737717
7492,0.07624905195085707
7493,0.06094054177550175
7494,0.0041999938614888386
7495,0.030396487185046967
7496,0.1126383217878602
7497,0.03554634154334031
7498,0.0327930555390456
7499,0.004217208827554618
7500,0.044986805059429036
7501,0.3947198329756677
7502,0.48496500612871685
7503,0.8251258226872341
7504,0.014196930869586264
7505,0.05604040795502145
7506,0.02277035445502496
7507,0.023816813849852944
7508,0.6046016257911039
7509,0.18598842186636844
7510,0.941085022515262
7511,0.04426530440303199
7512,0.08460339383891206
7513,0.0051671172009038705
7514,0.03894962037815915
7515,0.2924465962896323
7516,0.040074219679317485
7517,0.016010175185111726
7518,0.025486430677830435
7519,0.9313192503171486
7520,0.11354019526197034
7521,0.00863938074201853
7522,0.016643246187877467
7523,0.9265768102682066
7524,0.2459598667457576
7525,0.9750896199566742
7526,0.012863393240732825
7527,0.9987359081030862
7528,0.14223779697239963
7529,0.08892544044168751
7530,0.07041374345292693
7531,0.002748395290334077
7532,0.9655874600103831
7533,0.13695703494344588
7534,0.01443792342987298
7535,0.8829205691525701
7536,0.8858851016620108
7537,0.25758786360865304
7538,0.004514363655994062
7539,0.014091321047320237
7540,0.6684816500907271
7541,0.040917614757121704
7542,0.9360165839622878
7543,0.14223534080859693
7544,0.05778807259436071
7545,0.985110518578932
7546,0.9985820652372055
7547,0.12211081854717235
7548,0.10070417967642173
7549,0.13103988564903987
7550,0.034345075552825996
7551,0.9755111805961769
7552,0.3056279558240431
7553,0.2808776581380785
7554,0.25457342759065416
7555,0.8510994884287264
7556,0.22469671047583634
7557,0.010499115674030118
7558,0.22912070673281465
7559,0.13464771719556437
7560,0.6884247438643217
7561,0.13404026756497014
7562,0.07604515819613716
7563,0.03301469229390898
7564,0.4225781588840012
7565,0.06615074880800437
7566,0.5712561602581852
7567,0.8435188183842768
7568,0.13172548021907984
7569,0.9741599145635769
7570,0.21768024126526542
7571,0.018661234992588004
7572,0.018696149779860734
7573,0.01254682853716952
7574,0.03761047489805306
7575,0.2649246205484222
7576,0.018054803017018978
7577,0.1478128334627995
7578,0.009994311212084807
7579,0.7630035629980348
7580,0.987274745276064
7581,0.1073792682024744
7582,0.4622364527873107
7583,0.8874030520628149
7584,0.010542764077988653
7585,0.471488829742597
7586,0.07096772426178921
7587,0.8170720593123151
7588,0.0026756335693206763
7589,0.9577490428209458
7590,0.35029074116835335
7591,0.12481136916104275
7592,0.032482505903853966
7593,0.01673435710777992
7594,0.05792677638158125
7595,0.995747711646169
7596,0.01781151402956765
7597,0.6991386031288658
7598,0.5924029833461746
7599,0.09697845481593408
7600,0.023874771753562174
7601,0.0074435524849081214
7602,0.02056636118322186
7603,0.9203474655408217
7604,0.03838730822302498
7605,0.1675850171346205
7606,0.8743422520837653
7607,0.38224969897957617
7608,0.03263956046682393
7609,0.005850054293487168
7610,0.1319332385336457
7611,0.014369648064857729
7612,0.05561082818111489
7613,0.0440455391262141
7614,0.11921832162239689
7615,0.7866738250813604
7616,0.3796302182815356
7617,0.02757744499685088
7618,0.2141782501239804
7619,0.24524121184200515
7620,0.02653199940675237
7621,0.14415533681679865
7622,0.9687712148785634
7623,0.9913556527830371
7624,0.053676585348943484
7625,0.09049928818647215
7626,0.17841775202301094
7627,0.980114604098896
7628,0.8910168026530254
7629,0.12373441791149822
7630,0.9538208943014215
7631,0.04545048777130096
7632,0.27479366076765555
7633,0.4108421100578218
7634,0.0020121777693043914
7635,0.2600733812982371
7636,0.33337453015580487
7637,0.533215803052949
7638,0.9501368039961448
7639,0.007473445769236359
7640,0.0575143383013235
7641,0.18758476884705208
7642,0.08032769371929915
7643,0.04429335178316464
7644,0.0033300058821227156
7645,0.19010006699820203
7646,0.04804393724741311
7647,0.06553859130101818
7648,0.0034730850246457883
7649,0.011461889273374127
7650,0.974440090486636
7651,0.9896755719540771
7652,0.5446385383072707
7653,0.011688894142855275
7654,0.06259590780481009
7655,0.9905628801870616
7656,0.4384484040610162
7657,0.41798351340388923
7658,0.08961112119425262
7659,0.4261925224220513
7660,0.058121885856935715
7661,0.03308180969480604
7662,0.017457526462419572
7663,0.26561550264289935
7664,0.5215726351041077
7665,0.002789228028386494
7666,0.01994143181559542
7667,0.04001296715581879
7668,0.029264395762963757
7669,0.11249571701240133
7670,0.3983622832783311
7671,0.7591532077925357
7672,0.7717521908268363
7673,0.9504242183524557
7674,0.059460637426442184
7675,0.25036320655871447
7676,0.12108078369825938
7677,0.22842305340266625
7678,0.3481477819797254
7679,0.03218954481688818
7680,0.005313665950191879
7681,0.0013754360058715188
7682,0.004446048148623984
7683,0.879478997152574
7684,0.015676392714073697
7685,0.9628434109805891
7686,0.9983482158297636
7687,0.010524881278254941
7688,0.06597649297058011
7689,0.8890960045510354
7690,0.02088594460505605
7691,0.012627335947717543
7692,0.14094667710046785
7693,0.13601406483156175
7694,0.5056320285503568
7695,0.005948186101072794
7696,0.15188032738210122
7697,0.5145006773994062
7698,0.0035949998537157762
7699,0.09610657396557915
7700,0.016936249540559892
7701,0.16250356910386354
7702,0.38920672194743755
7703,0.9528281397088465
7704,0.9486725924980823
7705,0.007923718913817013
7706,0.13282265672741697
7707,0.4282870332178563
7708,0.054131891406360336
7709,0.06017449756467067
7710,0.02437057188650142
7711,0.0757352468950316
7712,0.014500691263067463
7713,0.6512785560887601
7714,0.003193654335476837
7715,0.27708780899175106
7716,0.004270887946991556
7717,0.0432947825049943
7718,0.49307754369262863
7719,0.791138760447003
7720,0.17115194781187104
7721,0.03211031550698941
7722,0.07116486489515739
7723,0.2181232947990206
7724,0.04420434634640469
7725,0.053862780102926625
7726,0.5915466657456803
7727,0.9395135063683842
7728,0.03821338740689113
7729,0.742814795154835
7730,0.7633627521523391
7731,0.21839578694637357
7732,0.9866614075642517
7733,0.00924178822863223
7734,0.05099880911064234
7735,0.12163739420141842
7736,0.010911788426293648
7737,0.2215357007586092
7738,0.18519707257899248
7739,0.1650851533253906
7740,0.9984753276265592
7741,0.9987134629200205
7742,0.01782697659092376
7743,0.39368597176426806
7744,0.9806461420693681
7745,0.9578459135024626
7746,0.05048056299976878
7747,0.9042106323407937
7748,0.2590536937946436
7749,0.3926407816761607
7750,0.012222277780118005
7751,0.06252038600050039
7752,0.9750727176737205
7753,0.23318166227671477
7754,0.018651658754050365
7755,0.6586272053702322
7756,0.4519928615568777
7757,0.08895970799363931
7758,0.8026217995461302
7759,0.06119961793218204
7760,0.06997901357583827
7761,0.5748945287499925
7762,0.12384074951045737
7763,0.19042216248256516
7764,0.05855908321985122
7765,0.05373788665590618
7766,0.00650015055889408
7767,0.05300364413615204
7768,0.9986346491661908
7769,0.8336314285226478
7770,0.5297827844920602
7771,0.27894934797947896
7772,0.01073998449998439
7773,0.16510654323515558
7774,0.9258740504533411
7775,0.7694952831829727
7776,0.028179258240091497
7777,0.16728902131585605
7778,0.9571465099805885
7779,0.873421886352155
7780,0.10545895225014273
7781,0.13029626890410517
7782,0.7851562554901838
7783,0.06683192219800362
7784,0.05925600236058422
7785,0.9967211974619579
7786,0.8197091115352251
7787,0.9380440407077487
7788,0.9841152506572417
7789,0.26049656649973224
7790,0.949402496622531
7791,0.9943021907473852
7792,0.936099409586211
7793,0.23936460076044644
7794,0.9861776136664946
7795,0.6453401413629685
7796,0.042495483995109044
7797,0.028310575985162133
7798,0.04215237559690509
7799,0.9985127471334931
7800,0.5534819919747822
7801,0.389472696842508
7802,0.011634040610298138
7803,0.00553990878316126
7804,0.0057988412599009
7805,0.09931093427137197
7806,0.8084437037786913
7807,0.93935707758106
7808,0.7248963437179899
7809,0.015764291681002823
7810,0.9727827512670909
7811,0.937243916860167
7812,0.08085652709515948
7813,0.9569591370924508
7814,0.99185369854647
7815,0.2494860977681707
7816,0.2875437723552849
7817,0.0018408458518396316
7818,0.002358303170959408
7819,0.09886419235548649
7820,0.07405189770966279
7821,0.0024736149761749333
7822,0.10477234696362012
7823,0.9791535880757813
7824,0.005465498410137472
7825,0.9758753476576298
7826,0.5689040713357872
7827,0.12108713328416904
7828,0.9786775312460665
7829,0.9257729614089707
7830,0.47207396187876105
7831,0.9318490547770787
7832,0.08324910918294977
7833,0.9993008646919781
7834,0.010062205244148466
7835,0.07129810498022104
7836,0.9855859558824833
7837,0.025267983063252897
7838,0.021437185014917842
7839,0.03784700177416044
7840,0.9669741843288522
7841,0.010346336780295158
7842,0.21140676062531238
7843,0.028601178788945168
7844,0.8975063948887847
7845,0.007684713330647051
7846,0.5744730903288731
7847,0.002608571362196681
7848,0.38514977300188813
7849,0.7826748618541519
7850,0.16005636760045672
7851,0.002727449213482927
7852,0.7809863763604008
7853,0.008703648946541208
7854,0.1924504517744585
7855,0.9740455294293552
7856,0.02785419482984148
7857,0.02097971454474782
7858,0.030902352091087236
7859,0.9643995873200735
7860,0.1960030926435866
7861,0.4528066402310226
7862,0.24388925130255168
7863,0.09833903737569899
7864,0.11359822030047789
7865,0.01327386469268287
7866,0.9136700212674325
7867,0.007594062007997219
7868,0.7579374802356862
7869,0.7856314744736139
7870,0.5880861093542286
7871,0.07960108190799872
7872,0.2731204594004328
7873,0.9624226923471695
7874,0.965452529326288
7875,0.023863858385832413
7876,0.13951602895873402
7877,0.8422525933700413
7878,0.9982737012381457
7879,0.9023220091220606
7880,0.9935531936148748
7881,0.3179564073206095
7882,0.9859548431871995
7883,0.4744679768479285
7884,0.010122320056174906
7885,0.07369979257538029
7886,0.009646806934808705
7887,0.03502008406588547
7888,0.8589690402174951
7889,0.026419456953900997
7890,0.9038387212762192
7891,0.02505415580555313
7892,0.20301707465700625
7893,0.6531985092865484
7894,0.001997921038043595
7895,0.08125913565543297
7896,0.024468281497909576
7897,0.034195891175527814
7898,0.0706954811001656
7899,0.09123158230266942
7900,0.3857135765790428
7901,0.12164125226572742
7902,0.010028295290421716
7903,0.8025236316896502
7904,0.002384402178225343
7905,0.06978976965940631
7906,0.3912469397039151
7907,0.6872671911340802
7908,0.6362626293417943
7909,0.06651306427327797
7910,0.03638376848687406
7911,0.9931646488370096
7912,0.040552229642829625
7913,0.013064565579375412
7914,0.017961819183170087
7915,0.8362036513149466
7916,0.02767838397753152
7917,0.7048689165864058
7918,0.2161930734227593
7919,0.13391780798244698
7920,0.9336468746316362
7921,0.09481253762403206
7922,0.060766077481151995
7923,0.008362965724243259
7924,0.02705285702819507
7925,0.21683963071035142
7926,0.18025542233159692
7927,0.14162017654921083
7928,0.16704907790118223
7929,0.16581809561793218
7930,0.9301407817679186
7931,0.009742388499744788
7932,0.023578599952457566
7933,0.025723204520297634
7934,0.0038856139207569815
7935,0.3086747217728136
7936,0.0833592104194226
7937,0.19724919105503214
7938,0.1303143131956567
7939,0.0701190951786346
7940,0.20536751828871186
7941,0.02280922374432927
7942,0.02120133104337997
7943,0.1623892979949484
7944,0.05409928544406785
7945,0.010178252764131802
7946,0.28973081851002513
7947,0.10178931946034159
7948,0.20939164176306346
7949,0.9741388344043393
7950,0.06295397211703979
7951,0.8826864477728074
7952,0.8686509099101076
7953,0.4639974806494561
7954,0.09923911385677167
7955,0.23665425642127585
7956,0.14758693839790588
7957,0.019883548344467785
7958,0.2632616228058758
7959,0.04443209067942109
7960,0.022942911596112826
7961,0.06210268860102813
7962,0.018570896145240247
7963,0.5253417985831865
7964,0.3517292528298883
7965,0.026796000204409497
7966,0.9361638660205147
7967,0.024169895008338514
7968,0.6121489861080117
7969,0.013419703013832135
7970,0.9916540829933991
7971,0.0016825165743463593
7972,0.010848280288005704
7973,0.01472967764711113
7974,0.007884164370568119
7975,0.2111857435105348
7976,0.5966650313268642
7977,0.03301607937763664
7978,0.8922440201003747
7979,0.02932651758248577
7980,0.7700095267822988
7981,0.10759392823675024
7982,0.05630535988833036
7983,0.24310946711412418
7984,0.005826840839131254
7985,0.014426969213481067
7986,0.028186019304313234
7987,0.03634378356766169
7988,0.0889820752369682
7989,0.0054935268763862295
7990,0.3526460739342496
7991,0.9790943788765334
7992,0.3183776873342243
7993,0.2144868825540312
7994,0.9664207046492306
7995,0.025763526759761582
7996,0.5293889013812527
7997,0.9438858781117457
7998,0.08718320550837888
7999,0.9866707169489772
8000,0.00976077707475069
8001,0.027996888821160696
8002,0.6805363178208828
8003,0.04397629273150455
8004,0.18646451442507816
8005,0.10554657174901766
8006,0.13095525379165804
8007,0.16040819980676138
8008,0.4581978556822432
8009,0.0077087892615890895
8010,0.08822091495524172
8011,0.27232068720651664
8012,0.33719407171366633
8013,0.2754430869958407
8014,0.9915281987324015
8015,0.1166726653704463
8016,0.05281486750971187
8017,0.17874573996726328
8018,0.7391216423854414
8019,0.02467293085839203
8020,0.0020810670150544506
8021,0.02166238034978159
8022,0.046000695913518935
8023,0.06684109215853899
8024,0.8533929190682592
8025,0.016215750817035246
8026,0.8486833624955666
8027,0.007387632391388522
8028,0.4521850848077278
8029,0.13738788809230706
8030,0.2981728781130475
8031,0.8482653608015498
8032,0.028590851925238484
8033,0.0029850191280913346
8034,0.12629744446526933
8035,0.3969637454327088
8036,0.002369730328859597
8037,0.015170281409656424
8038,0.037022349880495506
8039,0.005786314459784102
8040,0.009148841899735508
8041,0.09351071459638158
8042,0.8673451981830067
8043,0.7947935828213395
8044,0.011944939422902336
8045,0.0771091221990553
8046,0.028609519234443385
8047,0.31492663028593404
8048,0.9984879155442107
8049,0.024987002256882974
8050,0.3947421516194108
8051,0.932432086900256
8052,0.004837121020651886
8053,0.9871259684262035
8054,0.008397727849485604
8055,0.13674467683157565
8056,0.981309184657901
8057,0.9754003323138145
8058,0.10212756484098201
8059,0.07145866601514136
8060,0.0010372366764391675
8061,0.027503058704095883
8062,0.3998917908878096
8063,0.03734978881528535
8064,0.12179950080093646
8065,0.7195059491731808
8066,0.2462491086742914
8067,0.546316602762369
8068,0.018374146492137797
8069,0.10387542414833512
8070,0.42100338706757284
8071,0.8870896838596323
8072,0.1707037555906368
8073,0.9648600133015792
8074,0.8817441303566882
8075,0.0052025545120506205
8076,0.9889559190132697
8077,0.9878676316078455
8078,0.07022367390465507
8079,0.9891106795431177
8080,0.11238901731314647
8081,0.10297447378714722
8082,0.004620990776892221
8083,0.9041690462219187
8084,0.0029357702843884437
8085,0.5460398956152297
8086,0.004017655929216301
8087,0.006395458228780344
8088,0.035771836184348614
8089,0.8947700671492618
8090,0.05645309001384618
8091,0.9937439721576501
8092,0.9556185482512793
8093,0.0579783411660497
8094,0.6776226088000703
8095,0.02752708450822841
8096,0.9913180564481758
8097,0.03771137412499645
8098,0.003374107431720736
8099,0.7069364480704994
8100,0.11609085578458944
8101,0.2114989964130672
8102,0.0038713370878593126
8103,0.009709442836221082
8104,0.9570800881929287
8105,0.28991898652915316
8106,0.002484956072843503
8107,0.36855893806265183
8108,0.8194649579230431
8109,0.9409514416064937
8110,0.14069126941443838
8111,0.004967629868235068
8112,0.9463517507462605
8113,0.05250747746483273
8114,0.03880912367157607
8115,0.15804298665621852
8116,0.9803634939070114
8117,0.9017891538825962
8118,0.23151683409272236
8119,0.09742686878257492
8120,0.0480013290470003
8121,0.002982985860299587
8122,0.9828887926745331
8123,0.017576560245912178
8124,0.10413016154153984
8125,0.040867658559719015
8126,0.4902610185930802
8127,0.9871295664988001
8128,0.21025657190676486
8129,0.03520837800233306
8130,0.7171862373181693
8131,0.15516723833243357
8132,0.004642700277865251
8133,0.05263646281441885
8134,0.918671212224607
8135,0.8015829570223747
8136,0.058680545495544356
8137,0.045460250020537676
8138,0.007172621404426873
8139,0.04801000711433476
8140,0.007574121229818309
8141,0.04157028606930095
8142,0.49688459091183723
8143,0.10706462430432646
8144,0.18601160530341382
8145,0.3421399534368304
8146,0.015885649848579025
8147,0.2847744913566558
8148,0.07964813426500453
8149,0.5101579608322941
8150,0.035236951154345615
8151,0.9868829309226228
8152,0.7203216920734234
8153,0.027284737263176012
8154,0.10840187765413078
8155,0.23106417849729977
8156,0.03590670347727334
8157,0.08042301807211516
8158,0.16980245670438515
8159,0.00573377814776628
8160,0.7407659569009665
8161,0.14613699818937784
8162,0.015216977849799869
8163,0.006643166207078489
8164,0.43393738876706645
8165,0.0137897315731298
8166,0.1351417359380381
8167,0.9907926109597283
8168,0.06700910870075566
8169,0.9141662210112138
8170,0.23549906200364845
8171,0.04462924879912606
8172,0.30865369796166703
8173,0.7590992780511426
8174,0.09458709725451588
8175,0.7598251778754623
8176,0.1081917001588685
8177,0.11526398698275578
8178,0.5169200224831598
8179,0.09811459455277804
8180,0.002830352188310143
8181,0.20072206504883722
8182,0.9266679986222268
8183,0.47052367846176035
8184,0.028114958332171387
8185,0.03081576220960147
8186,0.40607189437610114
8187,0.6426176361592386
8188,0.9797268441956577
8189,0.17416948587963804
8190,0.19220197449861015
8191,0.05760396298604032
8192,0.9674062719620832
8193,0.0325728134021998
8194,0.036535656345301676
8195,0.05186702816724142
8196,0.9673976407530782
8197,0.2172556085180025
8198,0.38231812136583476
8199,0.05320736949921372
8200,0.49899639890325964
8201,0.1534713870212211
8202,0.01140845775764536
8203,0.2730172201501833
8204,0.7189800950065022
8205,0.11337311485318036
8206,0.058940870174172946
8207,0.15922889097109058
8208,0.9897974766533306
8209,0.7157752851176711
8210,0.31631909383449075
8211,0.04814497224775393
8212,0.004317822385126156
8213,0.0036185212886116563
8214,0.8925124387726459
8215,0.10119421882620161
8216,0.05247754494141396
8217,0.4529793699448642
8218,0.2871720421983133
8219,0.01109659765110057
8220,0.051745059314751624
8221,0.8391971672685062
8222,0.036713647978650246
8223,0.15612772068301603
8224,0.18199146115265355
8225,0.43296719610436696
8226,0.2124640432584456
8227,0.02278744156205311
8228,0.02775396914646324
8229,0.0028544556601249544
8230,0.19870664594572973
8231,0.034651133693999414
8232,0.9983693904189237
8233,0.0326364910301261
8234,0.2850356801592725
8235,0.9703529201990779
8236,0.9865432160209935
8237,0.010249807283639691
8238,0.025262786900094564
8239,0.03468125803924184
8240,0.9210948487634751
8241,0.9958390030674285
8242,0.015240296209758634
8243,0.050457086894926506
8244,0.12625175091540677
8245,0.14317364270928212
8246,0.11262399439980188
8247,0.9878373281353676
8248,0.3522382716876082
8249,0.5728391493266628
8250,0.32841174536227996
8251,0.05937436215136171
8252,0.2962332297339111
8253,0.3061772711873483
8254,0.11089769488027579
8255,0.9363504080045394
8256,0.18461271501829324
8257,0.0015233263834492547
8258,0.7614106007006601
8259,0.20715360834585522
8260,0.002471165703837588
8261,0.007966824795120137
8262,0.20257758554293837
8263,0.05750714643932785
8264,0.005504700435037141
8265,0.03702085330604801
8266,0.17583694103759495
8267,0.9640272890885617
8268,0.06148183093929317
8269,0.5675860222254152
8270,0.021113127419816673
8271,0.34946430174098353
8272,0.153565151672441
8273,0.09817213454980997
8274,0.07559119470812006
8275,0.9720742787339147
8276,0.12477800440519123
8277,0.2526889686071557
8278,0.07553604191230587
8279,0.07335043758282038
8280,0.10920134559492577
8281,0.001812180875242873
8282,0.029037474432119542
8283,0.9977376008351594
8284,0.27553260301930826
8285,0.9661060803616502
8286,0.04074954327522238
8287,0.021236986790294062
8288,0.7733798575759225
8289,0.5796011316795273
8290,0.03052392297392417
8291,0.019309683609274354
8292,0.00403312719883043
8293,0.16958748133485604
8294,0.34153977732151997
8295,0.5651726838681158
8296,0.0229764718520377
8297,0.8900998907104705
8298,0.6295926738615553
8299,0.9831169791390593
8300,0.027794685349619833
8301,0.007979530309694309
8302,0.04396273490364434
8303,0.027472718571694733
8304,0.051255911465221
8305,0.01571752274167559
8306,0.43817215241969926
8307,0.9822537327156166
8308,0.0033631656057080046
8309,0.15332681597848224
8310,0.1682843670893492
8311,0.9766063807598502
8312,0.8205501261277379
8313,0.39190864634267913
8314,0.06841119644097456
8315,0.9883352862804113
8316,0.8225818233376262
8317,0.02446431463466672
8318,0.008600175203504971
8319,0.025292222775708875
8320,0.025003871081622383
8321,0.024315986138411592
8322,0.4787766768313031
8323,0.11294124015169016
8324,0.02441429855079059
8325,0.009461627682187689
8326,0.7375625281991969
8327,0.021640681317154787
8328,0.042529799884935174
8329,0.33037044144348265
8330,0.9901595509393257
8331,0.17426942986072672
8332,0.2811436647124675
8333,0.0032750939212759893
8334,0.6608277877204685
8335,0.9495787304992152
8336,0.7175744712804041
8337,0.057293547432422175
8338,0.005619937900591805
8339,0.05996111657600182
8340,0.07985217700239586
8341,0.2434469560489173
8342,0.9565631367086443
8343,0.0424198333308209
8344,0.9558441057686754
8345,0.021745099610480143
8346,0.9177674138908192
8347,0.12265170932719513
8348,0.12002001335362741
8349,0.21330253657952486
8350,0.21224368357745999
8351,0.029947949036349092
8352,0.9618982505175687
8353,0.7233582646147656
8354,0.0038512358249839043
8355,0.9331255968337846
8356,0.019802875016667623
8357,0.384309653052273
8358,0.11769650450690436
8359,0.599107550637094
8360,0.9873768033703595
8361,0.26242894194139244
8362,0.9250262698444875
8363,0.13454549142457273
8364,0.9981491494334651
8365,0.6068553300056687
8366,0.0191063540271268
8367,0.4052739875899784
8368,0.8333867781465487
8369,0.0069081727171760084
8370,0.08712592869185695
8371,0.754894090925214
8372,0.0732652095837687
8373,0.6899440638592129
8374,0.2885963869074467
8375,0.33692540221185346
8376,0.0690513576408655
8377,0.02400071586311769
8378,0.4003149894346707
8379,0.01023176753123443
8380,0.5235900029642426
8381,0.6826951651843701
8382,0.9989768497679765
8383,0.013235239495760756
8384,0.006083619740569886
8385,0.03773736104482173
8386,0.9367074649916973
8387,0.9650138684057934
8388,0.20096663936273731
8389,0.11146399193660828
8390,0.0027808630475419675
8391,0.034395378669265016
8392,0.011054458602673345
8393,0.6035132771468462
8394,0.4739426400238494
8395,0.14027363941637894
8396,0.0781498582059269
8397,0.9980073097753286
8398,0.9677705440708906
8399,0.07135729142714953
8400,0.09770909447934004
8401,0.5327462232130388
8402,0.9419635261618996
8403,0.6553269569118636
8404,0.028776023036531824
8405,0.9526786762983898
8406,0.14857878296692945
8407,0.9643349505968801
8408,0.003166228339644606
8409,0.021906345439936824
8410,0.058374703513833615
8411,0.0998733475620098
8412,0.07412823505224037
8413,0.06534756232258171
8414,0.00942406305821123
8415,0.4159357034846273
8416,0.0030856488222274535
8417,0.062069495445585286
8418,0.023691909933506033
8419,0.8210036412229924
8420,0.00787626791391043
8421,0.998768703777793
8422,0.03702817109439899
8423,0.36178250004845125
8424,0.0037349736812229283
8425,0.4322156140642455
8426,0.9985116328033263
8427,0.4697237274457101
8428,0.9650314689894728
8429,0.11594345785809529
8430,0.036482101190374164
8431,0.3638509030570518
8432,0.031386125242705065
8433,0.8913857772840388
8434,0.22134431235505658
8435,0.04119495722688557
8436,0.8947536804971805
8437,0.8857895277462454
8438,0.022955198046332986
8439,0.12397557715971322
8440,0.01871757402842301
8441,0.37130950307011656
8442,0.009493597617883088
8443,0.2463825539549443
8444,0.04113125753119368
8445,0.005942168978436069
8446,0.029881887427122618
8447,0.10681817897164925
8448,0.05162515903473612
8449,0.566794227214134
8450,0.013688439937342322
8451,0.0748220167891941
8452,0.0016955903732965001
8453,0.9989678886207685
8454,0.6888251348202477
8455,0.1264422504641214
8456,0.5870032067359031
8457,0.1273613415928653
8458,0.9949555540715453
8459,0.2558211020533077
8460,0.20820591906906297
8461,0.05753378522960382
8462,0.03631766812734223
8463,0.04063333562587903
8464,0.050010802756949996
8465,0.011202379423791278
8466,0.8443679114497619
8467,0.003869063125405403
8468,0.6030518819106762
8469,0.13282460099425542
8470,0.03727576107154427
8471,0.9776255563337316
8472,0.9927275666323325
8473,0.03790508428902895
8474,0.011872562863692102
8475,0.9251515513112246
8476,0.16160196086067197
8477,0.23235705429853248
8478,0.6631017437051032
8479,0.007414074361990537
8480,0.005492082662423068
8481,0.0043382909916099294
8482,0.018769553644407244
8483,0.007449600243471415
8484,0.2939673300898256
8485,0.20962811904507145
8486,0.1386471706873723
8487,0.07004725701258993
8488,0.0022415801612642563
8489,0.8247228249666758
8490,0.09322908465388427
8491,0.8929192839339062
8492,0.5972362838386163
8493,0.009279192643919826
8494,0.039196969173478355
8495,0.9695451856677758
8496,0.13181597631082298
8497,0.03972592969150138
8498,0.10934241653624158
8499,0.4460563436626855
8500,0.03291814760582955
8501,0.1262818997282497
8502,0.07045451897392638
8503,0.884731096684541
8504,0.040860341922038995
8505,0.013438106055950002
8506,0.04462269455760165
8507,0.05087173233003637
8508,0.048153031290617196
8509,0.019479190681090823
8510,0.03597321260736152
8511,0.022747410874017646
8512,0.026633454583812312
8513,0.008111072070504249
8514,0.027189536097245403
8515,0.2788950390107849
8516,0.036901983544328394
8517,0.04673638082147236
8518,0.1994164324325403
8519,0.015449764471908012
8520,0.012326931998440517
8521,0.08665972172197407
8522,0.886024115829931
8523,0.09393158882616526
8524,0.9855207521748395
8525,0.0050222108235825885
8526,0.6440864942437041
8527,0.01798181208456793
8528,0.08511135591945637
8529,0.8004388658715245
8530,0.7815160368029275
8531,0.8918894705772722
8532,0.6042259142732141
8533,0.017860997558335017
8534,0.01862891355960605
8535,0.992606935086406
8536,0.15728596158098412
8537,0.06953645275492604
8538,0.3231886180540883
8539,0.04698159170823062
8540,0.25603872913336256
8541,0.19886166402653987
8542,0.06854762635317066
8543,0.9865189919036738
8544,0.974870316418398
8545,0.13422448563879172
8546,0.03818708732630712
8547,0.16116091281701694
8548,0.25908353739147555
8549,0.05229145940104274
8550,0.05506128352023583
8551,0.07230262940048786
8552,0.036637406497550325
8553,0.1045498046963095
8554,0.27856905537114796
8555,0.043186757355144205
8556,0.225305651960631
8557,0.8175106436990957
8558,0.971568819773698
8559,0.7934324665603074
8560,0.9633310242372484
8561,0.6164009759736977
8562,0.14974325610585337
8563,0.0648969518135924
8564,0.03510227352310969
8565,0.031172940901836074
8566,0.8951599440927368
8567,0.8067969085742197
8568,0.9481092561493472
8569,0.19098791374564736
8570,0.8077353678687118
8571,0.04264900999065487
8572,0.998396843907188
8573,0.1608930060532899
8574,0.062305221155839696
8575,0.09172741246612925
8576,0.0037813338670958816
8577,0.8265260516244879
8578,0.9701739066856999
8579,0.06516507147567589
8580,0.6019608027544997
8581,0.3842106540561671
8582,0.013060231857197855
8583,0.4999541905316903
8584,0.7523131617662164
8585,0.02764868894679684
8586,0.06762573262617975
8587,0.05851255348166338
8588,0.18003149144969444
8589,0.012487908445240592
8590,0.5096697153677028
8591,0.9777120741631207
8592,0.08567121400217584
8593,0.11518942022451767
8594,0.00459651629768318
8595,0.959006865002761
8596,0.46012934913437287
8597,0.009185842545817065
8598,0.8778298075344793
8599,0.9142222410676473
8600,0.09794328438659983
8601,0.06967967826626748
8602,0.05642410336604596
8603,0.13393584869713607
8604,0.8527525741510832
8605,0.026929031230991846
8606,0.043447542126055366
8607,0.37176857674330777
8608,0.9797489574274165
8609,0.042280859085845335
8610,0.04670155171258099
8611,0.8972808098016315
8612,0.1763319221570932
8613,0.983523312816331
8614,0.9468869268590303
8615,0.35899676471012254
8616,0.07536515375245414
8617,0.04553775811733064
8618,0.5799543190738606
8619,0.05693177519490109
8620,0.11958663546796364
8621,0.9043225543308124
8622,0.09665583496076718
8623,0.9696216931726074
8624,0.01797675967339106
8625,0.08330019027928046
8626,0.03230225418451572
8627,0.04120761037856087
8628,0.4714389869043119
8629,0.011003066306871385
8630,0.8807309229615097
8631,0.11635492821221134
8632,0.08135946015290971
8633,0.945729751057877
8634,0.1955072717510265
8635,0.6941801503300963
8636,0.9366017049014876
8637,0.9854837565732992
8638,0.01942331287404164
8639,0.401345576697211
8640,0.021747006313111224
8641,0.187386518327106
8642,0.002369939689446552
8643,0.8980996075781591
8644,0.005178735377322967
8645,0.0043825059222266805
8646,0.4109692594618588
8647,0.23843815654188644
8648,0.04463751077742377
8649,0.3725334612107031
8650,0.0024978430809445068
8651,0.010566815653297635
8652,0.7247378628710724
8653,0.004006524284991854
8654,0.009406916517500566
8655,0.0042777539830867045
8656,0.01667565453954866
8657,0.2868406469486716
8658,0.22442237301694123
8659,0.061474866319636945
8660,0.003115864375111876
8661,0.24850552278756893
8662,0.0022919405216233813
8663,0.06106154931544451
8664,0.0021984276370476258
8665,0.010516145589828094
8666,0.9606449615870949
8667,0.03928698349522959
8668,0.03491524354823829
8669,0.29549524737450433
8670,0.0023936160556503
8671,0.294661762557182
8672,0.9408010197762395
8673,0.02198436329149059
8674,0.044792294711780034
8675,0.9684612202221043
8676,0.8968724573587215
8677,0.012591581176648388
8678,0.05530779237350564
8679,0.09041348982496582
8680,0.45786468986918333
8681,0.07455620855535772
8682,0.9480596398173815
8683,0.7369938184742966
8684,0.3290524217478901
8685,0.00769347149696274
8686,0.10838693070827635
8687,0.031740386725848196
8688,0.9741062354456864
8689,0.04630523525835876
8690,0.05468155282799081
8691,0.9653576975293816
8692,0.21057476508400733
8693,0.06111285063287053
8694,0.9989008065991358
8695,0.9910771338330019
8696,0.037283355521202176
8697,0.9591118085264887
8698,0.08402848678482572
8699,0.0731500150670248
8700,0.06329962487823401
8701,0.9492301690152992
8702,0.03606357113455459
8703,0.054359529295228776
8704,0.002185730552749633
8705,0.6387299109740385
8706,0.9989550744891071
8707,0.01763516024494486
8708,0.00998952575346216
8709,0.011334172181942296
8710,0.13941771268628814
8711,0.030353402741300828
8712,0.03641613109392299
8713,0.11610419355845134
8714,0.6930146214976457
8715,0.01613781742543736
8716,0.011994231413198069
8717,0.49614103441006596
8718,0.9320943679054842
8719,0.018283201722223624
8720,0.04429394275953798
8721,0.05762987076876887
8722,0.9612809861379039
8723,0.007009995346201349
8724,0.006609449896234497
8725,0.029099296470210277
8726,0.02937066905540888
8727,0.010952506398142138
8728,0.1732581192391124
8729,0.9982557267237455
8730,0.7692104450074815
8731,0.6874565083723174
8732,0.8124840872439965
8733,0.8237802679832447
8734,0.004545566099307816
8735,0.06564267096502566
8736,0.7912101160655243
8737,0.8936166344016404
8738,0.10353208038786955
8739,0.11855925901065935
8740,0.9670714599865304
8741,0.984070756289307
8742,0.9963767594218664
8743,0.04359863942523244
8744,0.002739816379158027
8745,0.17722458801126467
8746,0.2236186815552759
8747,0.10369401180338159
8748,0.02513421275675423
8749,0.0902243602321373
8750,0.03516265636442764
8751,0.08834647733174705
8752,0.6117607320091685
8753,0.9282465089956999
8754,0.21516991356165366
8755,0.9675347098847645
8756,0.213749287507504
8757,0.16321996656662363
8758,0.030535868705026323
8759,0.30097882638408446
8760,0.009831781087044862
8761,0.860767751461517
8762,0.029460971824937725
8763,0.9888574677037718
8764,0.19687528879823848
8765,0.17041163219711253
8766,0.004642201429380629
8767,0.12880947819927413
8768,0.013566075384682127
8769,0.09291566937058825
8770,0.03859197157557716
8771,0.0051892065792141055
8772,0.008979051188648456
8773,0.032879506479177235
8774,0.6275066129270258
8775,0.007499954632257142
8776,0.03440115167003013
8777,0.361141271704874
8778,0.12467332461136238
8779,0.022223309521995197
8780,0.004049960176885015
8781,0.9759277961794539
8782,0.07420236340950723
8783,0.031983763966863206
8784,0.003106104400871448
8785,0.009221048852862242
8786,0.09327989880295025
8787,0.008023414635537067
8788,0.9847443447266895
8789,0.05608853019500849
8790,0.9224287334129112
8791,0.07831131056628417
8792,0.03010366621204604
8793,0.07423218634604328
8794,0.9082389009035423
8795,0.8540397221533944
8796,0.0058451325454095095
8797,0.5789536189055093
8798,0.9329418264007987
8799,0.06443202958174206
8800,0.018515412425831337
8801,0.015649594606500117
8802,0.014091202996567626
8803,0.5616484074311929
8804,0.006967607272580067
8805,0.12821509339856638
8806,0.20791746932689725
8807,0.028605131531255268
8808,0.5417667263855206
8809,0.34455193624292424
8810,0.014120897036644719
8811,0.3437014353901961
8812,0.9349781962028525
8813,0.016350398798167135
8814,0.5482084815506791
8815,0.9033233381184895
8816,0.8950543661204986
8817,0.984685470047141
8818,0.8714680500338109
8819,0.3604601977114737
8820,0.3780417868127647
8821,0.07362931156890139
8822,0.7039624903318121
8823,0.9530235402774774
8824,0.013098391645401998
8825,0.031781662355362277
8826,0.2699163503811463
8827,0.6683790881619873
8828,0.1560963653275055
8829,0.09379309137833418
8830,0.009522122647404619
8831,0.09472218116175447
8832,0.23197452009806863
8833,0.015011914313743921
8834,0.7847266878158939
8835,0.009471542786800964
8836,0.09761767522848931
8837,0.1143648801829056
8838,0.29909352119011584
8839,0.12995574495486267
8840,0.132131567048716
8841,0.9835986776803187
8842,0.972600930067403
8843,0.05897994823755735
8844,0.5619485319115461
8845,0.16031335930683638
8846,0.0058392361899782886
8847,0.07014704042359982
8848,0.9867293170804072
8849,0.06558188803987292
8850,0.8824978097656615
8851,0.11034313320511718
8852,0.6855285949869736
8853,0.2422219788482657
8854,0.0016909491831952413
8855,0.04289335857142023
8856,0.018422680204357292
8857,0.046290590837271425
8858,0.09155700495237687
8859,0.4804334638693549
8860,0.07815445099241881
8861,0.10510466065112507
8862,0.05789161306729986
8863,0.2803545575008577
8864,0.006639781512970626
8865,0.9078367181281815
8866,0.9676322568137989
8867,0.02327100336366182
8868,0.8552637263360173
8869,0.298825312154016
8870,0.034447272036176785
8871,0.2672187621656228
8872,0.09011815227720227
8873,0.011037516943338224
8874,0.35866025010692226
8875,0.06494084710237538
8876,0.004039197410532322
8877,0.9989245685235616
8878,0.0010864428165034126
8879,0.07246902413460136
8880,0.0195707863756719
8881,0.2956547259928486
8882,0.1966855047901947
8883,0.18329267302213798
8884,0.9658392308809889
8885,0.28214024736892485
8886,0.16372558227698686
8887,0.020894314450875164
8888,0.03024918459630645
8889,0.03325587452277466
8890,0.10641014292899154
8891,0.240461470706922
8892,0.15429334817960755
8893,0.3245768811573588
8894,0.10025233334974051
8895,0.9668282424360453
8896,0.38931139344281374
8897,0.25755790541800216
8898,0.5521697208079629
8899,0.08924900914814388
8900,0.17773182152082007
8901,0.4404723976047946
8902,0.9984461633974375
8903,0.42512194943636017
8904,0.59777580366228
8905,0.6353958906722347
8906,0.9643373808387289
8907,0.06173288289866308
8908,0.06730813385444648
8909,0.7282518392807694
8910,0.7173889686129566
8911,0.029744505366695484
8912,0.3812247846540817
8913,0.025403514248793016
8914,0.04369312292227807
8915,0.07423242583282068
8916,0.005473029173888469
8917,0.0798917857727297
8918,0.06307464689294316
8919,0.11768577472749495
8920,0.09563044779766099
8921,0.07736492351772972
8922,0.9575684104521754
8923,0.03974983446911153
8924,0.7425884438975299
8925,0.5371839505025524
8926,0.02237436085193035
8927,0.5835434298211897
8928,0.7362366298451035
8929,0.5707431948628243
8930,0.6860481888542888
8931,0.10266078885490004
8932,0.9557902429062202
8933,0.037719537312435776
8934,0.09268576886539862
8935,0.7221892890953758
8936,0.8493016520233795
8937,0.029139020690603576
8938,0.9153466625628242
8939,0.10560597778361339
8940,0.33854844255704947
8941,0.0040896760777499215
8942,0.36681551916324767
8943,0.4492932237932803
8944,0.6689218293602731
8945,0.842839022366264
8946,0.13007698053521374
8947,0.9538584322912329
8948,0.1380732062825514
8949,0.31957438082471273
8950,0.4806853546902609
8951,0.9969809653008701
8952,0.03611219040090848
8953,0.04385555594030181
8954,0.03697923242247784
8955,0.9085268626714227
8956,0.697856917854196
8957,0.944946904167522
8958,0.9408629591314737
8959,0.254138680638301
8960,0.019820083479506423
8961,0.7482558314417762
8962,0.011470342735279129
8963,0.9516877042977427
8964,0.3620000741347194
8965,0.02565152044683843
8966,0.2929488186188402
8967,0.023743543892922304
8968,0.021839440379153034
8969,0.006750359114853981
8970,0.004144103829598492
8971,0.011319493021196236
8972,0.005656197271090308
8973,0.48129790124601746
8974,0.046325863214426846
8975,0.892384056908159
8976,0.19787817911646394
8977,0.05877633009516421
8978,0.46356938404548836
8979,0.0017180289123554593
8980,0.012145483229705569
8981,0.855039784907103
8982,0.04670571933443242
8983,0.5420886133917023
8984,0.005081296755330955
8985,0.028814766274520245
8986,0.012058230080582185
8987,0.01001963527845754
8988,0.0026612028219580777
8989,0.27848260838168815
8990,0.014635072572997607
8991,0.1187834638918793
8992,0.015320867134880685
8993,0.07921536838455624
8994,0.98716985627695
8995,0.5443310926255142
8996,0.029476715608973907
8997,0.9805326526873752
8998,0.027144084456549672
8999,0.1180790443943624
9000,0.08713338052708947
9001,0.19886567202680897
9002,0.01162114558004792
9003,0.9663316641232538
9004,0.11370181599944951
9005,0.8842619286347695
9006,0.9573598918874624
9007,0.11034603614222557
9008,0.04926998413866334
9009,0.033533999943162765
9010,0.8525088259668464
9011,0.8419434691985985
9012,0.02593010371561251
9013,0.011859303117574169
9014,0.10210156206113542
9015,0.009906326301824843
9016,0.27650159368183747
9017,0.08189000947887799
9018,0.8269422906248713
9019,0.18468452492334386
9020,0.02598610569691938
9021,0.31141854095408766
9022,0.07620949729569607
9023,0.20432111293529043
9024,0.04804989561402348
9025,0.40080479348075987
9026,0.14240623392477014
9027,0.9982606121547792
9028,0.1217943304083273
9029,0.011795491395452237
9030,0.5985604729832683
9031,0.21825950835896044
9032,0.22048095346420277
9033,0.985209400731778
9034,0.016420444156606442
9035,0.011941884961258947
9036,0.02215469409710178
9037,0.042163846198794847
9038,0.15466873051397645
9039,0.13567629567486716
9040,0.027842964147951146
9041,0.37464610766791206
9042,0.23481137101061328
9043,0.30882980803051857
9044,0.007021608163229217
9045,0.10044637226212452
9046,0.01293284354984929
9047,0.07690208847168527
9048,0.10572057597344883
9049,0.9873822766906166
9050,0.07710462675668942
9051,0.9647093558737001
9052,0.032215586756958244
9053,0.025340350022212126
9054,0.03145269245069685
9055,0.3981488955467377
9056,0.3709233497507128
9057,0.055438559053988694
9058,0.997890340953655
9059,0.061082335963256115
9060,0.04057732335871718
9061,0.2671052368369756
9062,0.8802031412926787
9063,0.0282981585593496
9064,0.024145545031921536
9065,0.3246773370904559
9066,0.14934093566836737
9067,0.25308176200302784
9068,0.018475348039640134
9069,0.01256460546811734
9070,0.06847321532654178
9071,0.06013566443933059
9072,0.8513803745749298
9073,0.6061014086947222
9074,0.9413704320728452
9075,0.0029056729851494635
9076,0.8705315388776136
9077,0.023284527435501724
9078,0.11293764914578419
9079,0.6182519921120899
9080,0.6729537139779654
9081,0.13129653896515317
9082,0.5657941596232239
9083,0.5312113108189869
9084,0.06740707442629244
9085,0.9725222345908529
9086,0.9030389123066886
9087,0.9851087893442069
9088,0.7647225977210492
9089,0.15624686015696887
9090,0.24675110035078007
9091,0.3895771819994612
9092,0.42177150062457014
9093,0.011651472658995018
9094,0.0324916719541128
9095,0.6239447117591016
9096,0.9419331006586442
9097,0.004118292672928881
9098,0.05621883998806043
9099,0.11443750361766993
9100,0.0033535167510526324
9101,0.8161749534487102
9102,0.052763158077892475
9103,0.6896098825321194
9104,0.14879361017581888
9105,0.1411193987384122
9106,0.11563331820843961
9107,0.008760017656212284
9108,0.3702437263220556
9109,0.14700439203908672
9110,0.0014882879923654615
9111,0.7785675449030609
9112,0.009014662122818954
9113,0.5191098609694164
9114,0.01788672162889542
9115,0.8425700947553644
9116,0.07816218972225755
9117,0.8972628618257289
9118,0.24132509446375902
9119,0.622251085769035
9120,0.06800806686411989
9121,0.5487871121784678
9122,0.1226039094520611
9123,0.2049692477121528
9124,0.021584418517123713
9125,0.44921989980754395
9126,0.0638227279989869
9127,0.04612152836549195
9128,0.003384393341175105
9129,0.01531159678591082
9130,0.4781613012165873
9131,0.9764559297575341
9132,0.10268722639439815
9133,0.027084080046109217
9134,0.0651094858965226
9135,0.4078846794430428
9136,0.009704708711840086
9137,0.041883118377933924
9138,0.018883268747723028
9139,0.04800310262546816
9140,0.9376837070227764
9141,0.1011960171270026
9142,0.03601717948825313
9143,0.8172062873587229
9144,0.10904481166679576
9145,0.0369921620124635
9146,0.008375812194185518
9147,0.07762137877368933
9148,0.17253915796948827
9149,0.11165263116912971
9150,0.1782485335402147
9151,0.005914239074803064
9152,0.5614574809715598
9153,0.17006878091447566
9154,0.9505893378010344
9155,0.9950803669851358
9156,0.8122026439631609
9157,0.9105190705592804
9158,0.28999106482901277
9159,0.0034043685612242707
9160,0.26152263780330387
9161,0.013227496352572444
9162,0.09170988287724749
9163,0.003913344945288079
9164,0.08139695865003616
9165,0.010652228525498544
9166,0.9859540226295704
9167,0.015791629456053207
9168,0.30033075382170576
9169,0.9822806989445316
9170,0.7810718837750839
9171,0.9661742582864624
9172,0.8553604284164105
9173,0.46137100958414456
9174,0.09494502234901687
9175,0.037962674019218774
9176,0.0026606484180475933
9177,0.31982386874182606
9178,0.3883047314427126
9179,0.0526146178403671
9180,0.012678530280012035
9181,0.3765749133737595
9182,0.002674385213336035
9183,0.015171697294866972
9184,0.3681084713678633
9185,0.02634305482922316
9186,0.08543220784959421
9187,0.025303412817255656
9188,0.01636987115413167
9189,0.7821512280890421
9190,0.006968886258480191
9191,0.11540449956808109
9192,0.9908253166148069
9193,0.002938729311146723
9194,0.012431862107985213
9195,0.010312136885322957
9196,0.7231135110413145
9197,0.027602397706727927
9198,0.008342482160513741
9199,0.051641846724250554
9200,0.045939012363573783
9201,0.9989571285441384
9202,0.03166261836625388
9203,0.060913889219861
9204,0.16224539336834215
9205,0.0030829268424986647
9206,0.5103095620027969
9207,0.48728069027774534
9208,0.005222040970174228
9209,0.018058938720128606
9210,0.9604682567125447
9211,0.8922682467686016
9212,0.26148963112673546
9213,0.07907183748636351
9214,0.017916846872994607
9215,0.037740587903324505
9216,0.1883271995106795
9217,0.03311567690852854
9218,0.1980744426202969
9219,0.04935531618159497
9220,0.02342399880963663
9221,0.43260078262686613
9222,0.13727325569997473
9223,0.96820702468677
9224,0.10517095181996346
9225,0.9688138117768688
9226,0.9871417574520758
9227,0.03618415679721494
9228,0.005988479939475228
9229,0.008465385156866257
9230,0.09011926734390077
9231,0.0830187127484703
9232,0.9245519343751782
9233,0.0066152398641310586
9234,0.04738337794223284
9235,0.071863143171346
9236,0.012377432427748745
9237,0.09915237907038016
9238,0.16919779179571712
9239,0.07539161520343184
9240,0.5606625759089072
9241,0.15979231490413254
9242,0.0015326310892241437
9243,0.9882990716508773
9244,0.017995865244407102
9245,0.04167927151611717
9246,0.3497947591135629
9247,0.03173526423786859
9248,0.9909351414789528
9249,0.9985060731464861
9250,0.023307639330955976
9251,0.40179914782799564
9252,0.006888422235423067
9253,0.0025557088659898435
9254,0.09267861185895986
9255,0.9984546661557718
9256,0.1328889569901984
9257,0.3798262074849705
9258,0.9045768175662151
9259,0.031133646250310634
9260,0.06592655432517404
9261,0.9672745467977848
9262,0.7386645912398264
9263,0.013896953578724416
9264,0.04706273918044699
9265,0.020999467513700236
9266,0.8753137056785033
9267,0.3647359402100838
9268,0.055330103128016866
9269,0.8605671338905629
9270,0.006510505179118895
9271,0.0020167432655556223
9272,0.18143265020062305
9273,0.06280473566245502
9274,0.03626521848067881
9275,0.016015869828844995
9276,0.013296799430897024
9277,0.1615245289213712
9278,0.9953415263940618
9279,0.07515546778074442
9280,0.6981439241911377
9281,0.9744836393416783
9282,0.25324966976077556
9283,0.7769266401510294
9284,0.09866220211829413
9285,0.24613566126228903
9286,0.12225877086226644
9287,0.40638112160734924
9288,0.10366336725979765
9289,0.03570157278672739
9290,0.06616846987356145
9291,0.06365078639300542
9292,0.4438793651721326
9293,0.2761448624344561
9294,0.12034638640134851
9295,0.4156098524431219
9296,0.1624618783188011
9297,0.9767080155711483
9298,0.06068579914962811
9299,0.007250268903623161
9300,0.04124175602459036
9301,0.40627649381823167
9302,0.05753157981663114
9303,0.06877828341818423
9304,0.047424402035918495
9305,0.004799959500084345
9306,0.14011144209767437
9307,0.7445349542877427
9308,0.955714765657806
9309,0.9686361197514344
9310,0.04531400381307559
9311,0.8981169003084671
9312,0.817687355576532
9313,0.7425796937007995
9314,0.03810496357235665
9315,0.39858972192935316
9316,0.9158495225568497
9317,0.5803477455473958
9318,0.0032122578788148053
9319,0.04227700084006804
9320,0.020630908753937395
9321,0.8981353975603665
9322,0.6678869688681847
9323,0.3349069024466251
9324,0.01213931990488212
9325,0.04348049481678547
9326,0.2969189793991803
9327,0.06328644548272452
9328,0.6111395103951139
9329,0.07424784112865504
9330,0.8644972287380434
9331,0.06945897939034158
9332,0.03366494355858097
9333,0.015115376222224971
9334,0.42252396156074323
9335,0.01826675454880178
9336,0.1271709771291361
9337,0.6791834313594145
9338,0.07853551653617599
9339,0.348408046241484
9340,0.08923050814571652
9341,0.03603962974876294
9342,0.05923578639584953
9343,0.01905260400241567
9344,0.10500223002615788
9345,0.0024502621638103194
9346,0.03854235145374342
9347,0.061003315167313665
9348,0.027154275043461497
9349,0.1280969444472697
9350,0.054218441244060486
9351,0.011680378338795185
9352,0.04526817471759613
9353,0.04587224573001844
9354,0.0325952333871192
9355,0.3809335826937038
9356,0.12685337519273382
9357,0.027249515643769193
9358,0.1991354546724961
9359,0.9748470798153699
9360,0.06566676349606287
9361,0.001700088730108339
9362,0.020399076349336274
9363,0.014379443101456552
9364,0.5091441754327731
9365,0.003155381425837294
9366,0.09195734253954264
9367,0.9682641708281019
9368,0.1209298632465024
9369,0.05462238406908856
9370,0.9570926305295033
9371,0.49120417650354964
9372,0.014204044973906649
9373,0.003662990154835741
9374,0.03873144844507155
9375,0.18528767976317695
9376,0.819349859630291
9377,0.056638937202600007
9378,0.9988039479241819
9379,0.13736741961348614
9380,0.027778299128894155
9381,0.9853376970313064
9382,0.06189588328192114
9383,0.9815554792070321
9384,0.5110515708324415
9385,0.9655826012351286
9386,0.0034131487227747103
9387,0.416866369849347
9388,0.3947337982985597
9389,0.6376071150308934
9390,0.01785765387664125
9391,0.23250129943628325
9392,0.03965106318381015
9393,0.04697927748545461
9394,0.37046417392940967
9395,0.8548524463432818
9396,0.023343847182826307
9397,0.9988383202449578
9398,0.0069221284884689845
9399,0.0022517219326300686
9400,0.4377439925345965
9401,0.01903167191864435
9402,0.06486923502642059
9403,0.012766213463399966
9404,0.9834975459614458
9405,0.5206108741995754
9406,0.0019220195296259924
9407,0.0048975622915491766
9408,0.49029101795819746
9409,0.18819170947553884
9410,0.9301683427532457
9411,0.15163197884900886
9412,0.035763708465573474
9413,0.04892641718494432
9414,0.01637320276768394
9415,0.18957552572070835
9416,0.019291850411695777
9417,0.03218685156388406
9418,0.05288323234215302
9419,0.20517008490046568
9420,0.975772202919545
9421,0.13174787305182706
9422,0.9976808160991478
9423,0.03416628093076461
9424,0.8074960171233274
9425,0.9821572546928832
9426,0.3509560312090224
9427,0.10518915495787415
9428,0.06393628172230356
9429,0.46652431635556124
9430,0.0013249407345412593
9431,0.9332324577987555
9432,0.010454835108753325
9433,0.9640698486367267
9434,0.0054484952552570935
9435,0.9988566884594148
9436,0.9798955801790403
9437,0.007044787766277793
9438,0.34866701461568606
9439,0.007798821915627734
9440,0.38816051278857966
9441,0.7154394171073964
9442,0.07518902068484223
9443,0.057737042028268154
9444,0.07131371939817059
9445,0.9339846586442252
9446,0.004801503644480747
9447,0.9863450335382844
9448,0.05907605052600305
9449,0.025722417998461467
9450,0.04667401899331454
9451,0.011222739481045796
9452,0.9862187200678598
9453,0.3894855218185501
9454,0.017652159572145366
9455,0.03066073598927629
9456,0.007805886016130845
9457,0.514069961941366
9458,0.01080720754904017
9459,0.3220485379414637
9460,0.042196735413475225
9461,0.9330929216401553
9462,0.36721676106665824
9463,0.054550773654616996
9464,0.12915037565853155
9465,0.0018504476232244643
9466,0.3390104343276974
9467,0.9140217719083986
9468,0.10238216981721042
9469,0.0025253016137502236
9470,0.9653283358641235
9471,0.011488821675646507
9472,0.9366914861958296
9473,0.12638802897338586
9474,0.9515342050022564
9475,0.024370033317658878
9476,0.036853175805037566
9477,0.08505640606806081
9478,0.4299451546268334
9479,0.1185300717410856
9480,0.9037187562565019
9481,0.9674555446336184
9482,0.20430560045717386
9483,0.9383051998493412
9484,0.10668350256521453
9485,0.22232673804127367
9486,0.9449933298261852
9487,0.7317279284627153
9488,0.9816350418640296
9489,0.21301104923941425
9490,0.009288837346629822
9491,0.022494346209373035
9492,0.9958038502329087
9493,0.11261356017992998
9494,0.12034455332806591
9495,0.0022169722196079358
9496,0.008492452936631499
9497,0.08052959843069049
9498,0.4126989109042888
9499,0.9669625105728112
9500,0.21739663756033664
9501,0.10189629549568038
9502,0.9752291619866686
9503,0.9822065106899736
9504,0.32258993990363666
9505,0.8401709720799799
9506,0.9944649056140075
9507,0.024247789471636527
9508,0.034164942279034737
9509,0.08883406565027077
9510,0.015337635560402196
9511,0.20288684286589953
9512,0.234462197584526
9513,0.7424461594762466
9514,0.18108725719772362
9515,0.055011636983779
9516,0.2679431724191737
9517,0.0398084192180656
9518,0.03646397919752714
9519,0.057093666057575446
9520,0.002727229147458977
9521,0.02486696515720503
9522,0.3420498176139808
9523,0.05876488826288447
9524,0.053848616007428365
9525,0.003561151403936239
9526,0.5894377663955908
9527,0.04665751595629902
9528,0.0593871662146159
9529,0.09541132869831062
9530,0.03970738374672904
9531,0.02374808595467999
9532,0.01829967189345396
9533,0.4599566090709447
9534,0.8012740099180908
9535,0.7800189627686805
9536,0.01821091765853939
9537,0.995025945642175
9538,0.029436133045099577
9539,0.4941359735907336
9540,0.9123197158659526
9541,0.2364313847057775
9542,0.3591093307978949
9543,0.0053016124508807
9544,0.016594170780815348
9545,0.09960607786910597
9546,0.9742268040326522
9547,0.7692388733542691
9548,0.011380134841135592
9549,0.1622661032313768
9550,0.7629043362679669
9551,0.6914613306186745
9552,0.9697655831629327
9553,0.6055813565494342
9554,0.9841764643566512
9555,0.2784255857586677
9556,0.01573434831078487
9557,0.9734597369718012
9558,0.06510329531632073
9559,0.08430822138935906
9560,0.0014553124279433438
9561,0.09141358033086422
9562,0.9974283808118014
9563,0.19841023710811972
9564,0.9789492627955221
9565,0.007381427935712712
9566,0.07495427897772267
9567,0.9920250758351545
9568,0.045716737013483034
9569,0.07176714615768948
9570,0.0691210208651255
9571,0.0508721591861239
9572,0.14899219445876608
9573,0.8533726741039797
9574,0.7480308013087917
9575,0.05450378997061964
9576,0.9828244851451953
9577,0.2846000720989885
9578,0.005316842534750164
9579,0.008151133779459804
9580,0.9102003465476607
9581,0.8934427437947715
9582,0.01204748939928018
9583,0.8101972896913208
9584,0.9342788361581003
9585,0.027619647379550295
9586,0.0058535850069016855
9587,0.010969700077984647
9588,0.8976003393047969
9589,0.01789162512485876
9590,0.12989796343035087
9591,0.32545983823393854
9592,0.677713993359421
9593,0.021240842346180882
9594,0.9418122186866571
9595,0.9837977293961215
9596,0.03188122877311092
9597,0.9421122601558114
9598,0.9787714211504656
9599,0.10679632298258117
9600,0.9236435414102496
9601,0.5757920297821025
9602,0.008976715659284946
9603,0.11640451268169677
9604,0.11254483956467945
9605,0.14854633056428324
9606,0.0012017389184107241
9607,0.28180203374896107
9608,0.7310567776190674
9609,0.5581347512864367
9610,0.012771692755793158
9611,0.005097513581373338
9612,0.010045785695872124
9613,0.09696589718081378
9614,0.5129206508462246
9615,0.16381083579822192
9616,0.9398864444248107
9617,0.035761716341716474
9618,0.579531632941967
9619,0.17008961221874758
9620,0.007368700798094131
9621,0.16588254388549495
9622,0.013806334287951218
9623,0.4547858998473786
9624,0.23774286985722715
9625,0.005160779112268021
9626,0.07064495302171823
9627,0.05531021017064984
9628,0.9708291084531404
9629,0.8364648938384396
9630,0.9292039718000575
9631,0.9978838392831602
9632,0.994808872411689
9633,0.07208985492258546
9634,0.0768905221563099
9635,0.9988417065055943
9636,0.9893321326010301
9637,0.005653014693699569
9638,0.05576099721814197
9639,0.07766107129110582
9640,0.2017686173828728
9641,0.017674553839143667
9642,0.12026454205700755
9643,0.15987343514693592
9644,0.9783131683383453
9645,0.09338939233828046
9646,0.3473774378658992
9647,0.52929449377485
9648,0.0014284121368617782
9649,0.16878369841948915
9650,0.013135000856248106
9651,0.9904870793495275
9652,0.7186466716953981
9653,0.23059332338166033
9654,0.23451962497078271
9655,0.022000305464311795
9656,0.42539805286935745
9657,0.9353903656551267
9658,0.9990180072801322
9659,0.07793891689783433
9660,0.040494824721244715
9661,0.04756737171946003
9662,0.9732000204947123
9663,0.008578894647851418
9664,0.006819281021539513
9665,0.10344673967446708
9666,0.041401307768772565
9667,0.06601865065377559
9668,0.22298102963545346
9669,0.10574594336298626
9670,0.7033425647296518
9671,0.3650308903096284
9672,0.04920171217053009
9673,0.038365238896001644
9674,0.7345652681183339
9675,0.13424948465791547
9676,0.0985167021583688
9677,0.003279344789955684
9678,0.9787510947335394
9679,0.030411152029252767
9680,0.4195074675721295
9681,0.5791585237606404
9682,0.1944977236105629
9683,0.952955075421646
9684,0.031018146371471454
9685,0.7746990776755744
9686,0.10437849448092706
9687,0.10733248841279439
9688,0.03805001774837727
9689,0.008698005683060863
9690,0.16097786260552777
9691,0.8932609593605032
9692,0.12008278797493288
9693,0.021345900219335193
9694,0.7407873636502177
9695,0.00831484327153623
9696,0.9615090453156443
9697,0.23879735713948747
9698,0.05565834904168422
9699,0.009065119893464299
9700,0.13233432505194606
9701,0.09358212269646762
9702,0.9946188666266539
9703,0.13531446227718985
9704,0.046032912750214455
9705,0.15479501493250014
9706,0.7665071122754865
9707,0.09557377522928803
9708,0.02116466749420812
9709,0.20464547431876304
9710,0.45426608715181616
9711,0.08237167158414216
9712,0.4711521880976379
9713,0.6100998471725516
9714,0.008362873824860546
9715,0.045506365497844786
9716,0.1966747230122169
9717,0.017470149120165073
9718,0.01195727812893049
9719,0.09444877011037542
9720,0.9881795762448746
9721,0.9702375502108389
9722,0.05829495292375053
9723,0.015200016781891899
9724,0.16086034135705385
9725,0.9161796371041531
9726,0.13055585917302212
9727,0.14979041986603697
9728,0.3012862266341324
9729,0.016635366661697043
9730,0.9772989486667132
9731,0.03198193375199139
9732,0.0027281685588097277
9733,0.012039463107773641
9734,0.07804455085390125
9735,0.6432358493483286
9736,0.07813323356653692
9737,0.03353821972872857
9738,0.13711108697669497
9739,0.986785542934419
9740,0.07677991385775401
9741,0.04516163403954575
9742,0.046647077107779863
9743,0.7418248183266338
9744,0.04144552853900758
9745,0.7693200900881614
9746,0.018862029680215622
9747,0.4230343245384057
9748,0.6374608722573551
9749,0.9743298749625328
9750,0.008136427213131422
9751,0.9913494754010128
9752,0.010679504982809737
9753,0.9515044099363688
9754,0.3509345747325294
9755,0.9955001356652283
9756,0.1262177679189857
9757,0.9723879695670903
9758,0.14129737556638877
9759,0.01851185106324999
9760,0.0045266154909332276
9761,0.2473914130869564
9762,0.0018423073040275103
9763,0.1244099344119868
9764,0.8623662359584977
9765,0.12970998155638047
9766,0.11485258714836996
9767,0.8956585688847774
9768,0.4904194832254052
9769,0.006875325804131161
9770,0.6161136972476551
9771,0.11149075768089976
9772,0.041347807898528245
9773,0.6236434887065779
9774,0.017099117375142928
9775,0.09247038940455399
9776,0.005207597784872645
9777,0.1363461003057237
9778,0.10830852700500662
9779,0.1566861684141067
9780,0.990077134576393
9781,0.13224902257017052
9782,0.7654017708827585
9783,0.1748326955060284
9784,0.3902135467033354
9785,0.9655083997903456
9786,0.6005024259266296
9787,0.18329455915475334
9788,0.0029520778737468813
9789,0.2311352339098767
9790,0.2850567379042841
9791,0.05895923313477911
9792,0.13174988224950004
9793,0.10937338582654937
9794,0.7201539816664069
9795,0.08889710018561854
9796,0.057399301664623426
9797,0.8575767126060201
9798,0.5074357479444174
9799,0.037695204948768934
9800,0.039011431910021085
9801,0.014735701879439527
9802,0.15153861693721987
9803,0.0174806452603394
9804,0.7913786025473563
9805,0.00933246297764953
9806,0.8389245772418628
9807,0.05265185102948004
9808,0.02806685416322701
9809,0.07247454525307093
9810,0.00583234299626873
9811,0.017027762428841808
9812,0.04627820804127922
9813,0.0026949318149379654
9814,0.09891025539428544
9815,0.26136395225277576
9816,0.19307223515748564
9817,0.06599729586165813
9818,0.4998240434262394
9819,0.9550423197347582
9820,0.0843746545549584
9821,0.07116318461938989
9822,0.008065261683649003
9823,0.9328384987330978
9824,0.3175866568778467
9825,0.9802465341786502
9826,0.008528131095229203
9827,0.9950167047151024
9828,0.5206370759360726
9829,0.6223249434607923
9830,0.9653062816015754
9831,0.01172393128345114
9832,0.065190591390877
9833,0.16329842021122282
9834,0.05153891405656821
9835,0.3121190374977295
9836,0.9844481084856012
9837,0.9970190464008247
9838,0.0014679833371712765
9839,0.05197821387222794
9840,0.9974155256162172
9841,0.04619422630971391
9842,0.5549761796600962
9843,0.7410375559853213
9844,0.10523139658545917
9845,0.004222355726104293
9846,0.8607765964670346
9847,0.3945283132630113
9848,0.0341257784662955
9849,0.005267337469324836
9850,0.20450467273273337
9851,0.08486827029262174
9852,0.08876284606632871
9853,0.016181043751598033
9854,0.107024723270877
9855,0.23582977145779593
9856,0.06140951411615869
9857,0.9503056624711174
9858,0.043162870066076595
9859,0.8598674520839922
9860,0.07517848223106606
9861,0.06568954481126262
9862,0.05571231314652943
9863,0.004778057313394125
9864,0.9170601838596231
9865,0.9969667479061946
9866,0.051602041400812065
9867,0.002707446722592618
9868,0.4721665867127243
9869,0.0986141404937929
9870,0.8308855025772475
9871,0.976485964605248
9872,0.09678064807259486
9873,0.04939428942391904
9874,0.8255347321144704
9875,0.14830641904432357
9876,0.08410457802185503
9877,0.12196926157350263
9878,0.04099049754962626
9879,0.8778745634710373
9880,0.00970285992985671
9881,0.948182164069293
9882,0.9616722179620482
9883,0.03309909820503311
9884,0.02627625211859376
9885,0.045914275264649564
9886,0.1968957813677738
9887,0.016452396956236945
9888,0.947845509942163
9889,0.9986813009801987
9890,0.2619595931634304
9891,0.02071064136168963
9892,0.08100106763344883
9893,0.3694732654437006
9894,0.07436076759131632
9895,0.08858303924771299
9896,0.7867055712494403
9897,0.13432221608925798
9898,0.045737378137239854
9899,0.13277439018992646
9900,0.16642305352205483
9901,0.055849918817544635
9902,0.051027023030243826
9903,0.11685492811052092
9904,0.7658980305886123
9905,0.0737462601253968
9906,0.12699903014218006
9907,0.45838818519106184
9908,0.0037097843009697637
9909,0.9628304632844653
9910,0.9758279986257519
9911,0.08833801202856459
9912,0.04894368572101796
9913,0.020387283316606854
9914,0.17005996592403436
9915,0.9885658860689639
9916,0.0897748302052602
9917,0.06649324226088398
9918,0.01347757804417617
9919,0.5389270254484038
9920,0.02046165770132237
9921,0.35456277253065005
9922,0.0014303150619574467
9923,0.3220767978510972
9924,0.15653393910024804
9925,0.28636408788214185
9926,0.07519548385753329
9927,0.2254672074379463
9928,0.006393800232673435
9929,0.9415130170058488
9930,0.9568758342696289
9931,0.5187227273075032
9932,0.10605352632747142
9933,0.2137781419728922
9934,0.013772351573042586
9935,0.7782833725343139
9936,0.9880172469876441
9937,0.34514344844359796
9938,0.33610960558977937
9939,0.06224241744044522
9940,0.1677588794097494
9941,0.03402087466689176
9942,0.06450847893808861
9943,0.008183803612270358
9944,0.03606085211802068
9945,0.9638748943757649
9946,0.052176248687328924
9947,0.10076253255368295
9948,0.0361670149304175
9949,0.005833671276668082
9950,0.055829972867009706
9951,0.17517287024354466
9952,0.008123928597440542
9953,0.9951423506258812
9954,0.7419147733565745
9955,0.1304275968356659
9956,0.8669438211479044
9957,0.013148291500148776
9958,0.9718892234800294
9959,0.20636168763809803
9960,0.6487514311807641
9961,0.02649695757814228
9962,0.04195315572436871
9963,0.013912245347123701
9964,0.1921874861409134
9965,0.027164118840477078
9966,0.0076241919385496
9967,0.005263055635623178
9968,0.09286011722531512
9969,0.0066250399360408725
9970,0.07791532744278544
9971,0.9953026233577704
9972,0.03606955627649599
9973,0.0404121635910981
9974,0.03466883252556274
9975,0.9699176693489772
9976,0.399562847040985
9977,0.17606640014502756
9978,0.0886540668577147
9979,0.002887232046916077
9980,0.07382960443521777
9981,0.10687692099168813
9982,0.007779207507340234
9983,0.1735597489345691
9984,0.02477010052182649
9985,0.003478606575017169
9986,0.035480757398318005
9987,0.15581762912422936
9988,0.06909660747111498
9989,0.050670956946343215
9990,0.134155735975366
9991,0.9426455214937124
9992,0.0983627048077984
9993,0.04826442743822587
9994,0.7219094001620299
9995,0.002047981584498677
9996,0.2167004226238904
9997,0.5231346038104048
9998,0.9905951151691959
9999,0.059940887438763815
10000,0.30544831916871024
10001,0.9664899221701837
10002,0.3908681374618219
10003,0.2959537765466499
10004,0.019279194620729405
10005,0.9389377939528821
10006,0.9615691561331494
10007,0.02122372122815672
10008,0.985972546243671
10009,0.9547968152224214
10010,0.1035853985475349
10011,0.02696237299344221
10012,0.9032084476987723
10013,0.02395158148858258
10014,0.2412346662375323
10015,0.09959975759602901
10016,0.0488287786571068
10017,0.008871873842368651
10018,0.0028122194345123327
10019,0.059316864475932804
10020,0.035860615828631384
10021,0.05252474599219978
10022,0.9862583092721673
10023,0.9923271547087095
10024,0.6092229512552174
10025,0.024576626274320765
10026,0.01784086998165848
10027,0.05304513303615643
10028,0.8743629098792551
10029,0.07974487287605143
10030,0.0048976899131657784
10031,0.05954402831413662
10032,0.6410834762527012
10033,0.9034103582002431
10034,0.009037529513923628
10035,0.01834014519799647
10036,0.09224063048814923
10037,0.9365425201644841
10038,0.011971844597948117
10039,0.3855250730626394
10040,0.14962928393729144
10041,0.007735282709771319
10042,0.9198532645874918
10043,0.027499177829046234
10044,0.2773381519676511
10045,0.012420249922687577
10046,0.009226224950779351
10047,0.8657862186911718
10048,0.14580598728715088
10049,0.7889904553518987
10050,0.006508455457363901
10051,0.47078717230510025
10052,0.9859705654672014
10053,0.07981616242803416
10054,0.6545326058590478
10055,0.20293716491654126
10056,0.008617653140669956
10057,0.9691635621817788
10058,0.959784367237491
10059,0.054741218069363703
10060,0.8323234795396834
10061,0.09405152090082138
10062,0.003226851807814104
10063,0.06623537246431697
10064,0.9832500361183183
10065,0.11279126818346683
10066,0.05126451885999393
10067,0.035668092628381415
10068,0.014382938883518707
10069,0.045774365280674835
10070,0.05247882049631333
10071,0.6634941089227558
10072,0.9664725766946165
10073,0.7425567737389147
10074,0.23224328089520313
10075,0.8851568648560003
10076,0.9508322882458945
10077,0.050061871931633
10078,0.027348391961852934
10079,0.11950778319170414
10080,0.08717838734200842
10081,0.062408475468302166
10082,0.4314946368198685
10083,0.008208506190298625
10084,0.14640677131879795
10085,0.3346349766195025
10086,0.1003309146945696
10087,0.7871227256637452
10088,0.03468065373570425
10089,0.8241349733297256
10090,0.0029149398392817457
10091,0.0800219316242583
10092,0.004760251535345535
10093,0.035655573638852855
10094,0.47847218580941586
10095,0.03831910277462344
10096,0.028087804155923476
10097,0.9797754101673396
10098,0.17614760661392548
10099,0.2456869205066193
10100,0.010612808894253598
10101,0.005288970079853504
10102,0.052344251175343345
10103,0.01912325703986353
10104,0.9491581181911561
10105,0.004949961093274512
10106,0.18303643754888002
10107,0.004509638405804211
10108,0.3242528783083744
10109,0.08713955672895884
10110,0.15751836325768373
10111,0.027610237410677033
10112,0.020913457582916246
10113,0.05953605493943069
10114,0.12322762306341613
10115,0.0043605203089680895
10116,0.7290187724758208
10117,0.04595759686065225
10118,0.14779173901832426
10119,0.5325573122037873
10120,0.3368277090922084
10121,0.13868008749640046
10122,0.23169619003331313
10123,0.1378525778818717
10124,0.006210066123336059
10125,0.06736906075471409
10126,0.9822629944601389
10127,0.031707012692203815
10128,0.04465091806988102
10129,0.047485704326289735
10130,0.15236779772816125
10131,0.6718648967582617
10132,0.4893479475635333
10133,0.10450666929414887
10134,0.981754129747991
10135,0.0503283690261539
10136,0.009910580543124516
10137,0.00624722440491903
10138,0.4581274947207897
10139,0.8954272314577292
10140,0.27279292206043043
10141,0.16787512295715007
10142,0.017746664241966605
10143,0.06950616067243001
10144,0.0033595572754678543
10145,0.01358221065522402
10146,0.09229598248521237
10147,0.37522798024358256
10148,0.6956065091547013
10149,0.7648230203649302
10150,0.10156056420475203
10151,0.039643515214942054
10152,0.009960994734355527
10153,0.9237237311658402
10154,0.058379627373536115
10155,0.021531729733444995
10156,0.48280753495176165
10157,0.24225958096208972
10158,0.5686893768116651
10159,0.16575789952269598
10160,0.9779243177066579
10161,0.018694275091182398
10162,0.9278810973006443
10163,0.9984018027683752
10164,0.007129870704798435
10165,0.01543837508355772
10166,0.0027210540889254418
10167,0.5969394989183534
10168,0.303773014871353
10169,0.9012560967707469
10170,0.00746512005007593
10171,0.21588180898948922
10172,0.30089771732863513
10173,0.20136052137035793
10174,0.005822404898354748
10175,0.40249518116685
10176,0.004087655013929643
10177,0.9979795472101789
10178,0.023128431872572554
10179,0.04705132631621995
10180,0.15608518327940582
10181,0.005399491363318075
10182,0.03872814898755388
10183,0.966351384532218
10184,0.9985116444658799
10185,0.9381658494812531
10186,0.36115043359862264
10187,0.039275216579675434
10188,0.03706672707641512
10189,0.005839408005181199
10190,0.002031249910129494
10191,0.9799959561744359
10192,0.9596075493364743
10193,0.21630981937145882
10194,0.10039915379282781
10195,0.041518832330984766
10196,0.6562615964911753
10197,0.03842541179700051
10198,0.06745036037195017
10199,0.09325600515342988
10200,0.005063339670821862
10201,0.01839879005186893
10202,0.048937808553139533
10203,0.021392814665185958
10204,0.8854702511948421
10205,0.012383076825529308
10206,0.9973905736563227
10207,0.014617097219376499
10208,0.9775644933255595
10209,0.8939039222303155
10210,0.9820173084937052
10211,0.5564733802333143
10212,0.9124603088830244
10213,0.3624019744605006
10214,0.16979439525854198
10215,0.026225857950427797
10216,0.4296681177319652
10217,0.8349786938349525
10218,0.009110565175286665
10219,0.04570805190881884
10220,0.1105732085058587
10221,0.008905712068055526
10222,0.0040335728880178485
10223,0.9549373665726713
10224,0.8877752469394169
10225,0.06305648529599998
10226,0.031230779570870885
10227,0.9986249658975619
10228,0.012479840941719667
10229,0.4638307573357221
10230,0.9979591509079976
10231,0.016154986430352358
10232,0.17851794910681257
10233,0.20044628729749592
10234,0.08816064167018087
10235,0.017833731066949163
10236,0.03271816823843889
10237,0.5307130369189694
10238,0.053916054724587756
10239,0.9168469137090463
10240,0.07606979278359743
10241,0.03391151423093454
10242,0.1274772389708434
10243,0.07912326474035936
10244,0.006245077385455473
10245,0.9378728069994764
10246,0.04066870730495134
10247,0.5000520029613872
10248,0.6265526238066155
10249,0.7582692238162079
10250,0.008497990625038096
10251,0.020146229977394108
10252,0.020970791738910095
10253,0.8316197564038659
10254,0.16821540725941253
10255,0.11037586089971993
10256,0.9087703632345691
10257,0.8138055630922565
10258,0.015768082699775022
10259,0.0399918812558866
10260,0.9803356751136536
10261,0.01311580233694385
10262,0.001028562385880753
10263,0.6965222576521817
10264,0.6998972664485048
10265,0.014849560637123393
10266,0.5981362945663316
10267,0.880000160244236
10268,0.011104462149334016
10269,0.04391895246324061
10270,0.5934335442768428
10271,0.008165865428039269
10272,0.07028842781457698
10273,0.763097392753077
10274,0.5351493879652627
10275,0.13667052980945193
10276,0.24609142777630774
10277,0.14400097875053935
10278,0.14335398651382814
10279,0.9853219223608647
10280,0.02533835607291022
10281,0.6531387141167954
10282,0.020978965255530606
10283,0.583108807888948
10284,0.275795329690837
10285,0.04887004295276421
10286,0.10593516839111962
10287,0.29461008979189507
10288,0.9325071387053308
10289,0.8403785193855385
10290,0.05810176996853704
10291,0.046966198899814904
10292,0.013470229940759287
10293,0.07002769948459422
10294,0.5314055229970925
10295,0.26088618831953836
10296,0.971693155204262
10297,0.1583901885112754
10298,0.058247388071201556
10299,0.14254410577709228
10300,0.9395429130999791
10301,0.004064813357421117
10302,0.7638791426289091
10303,0.07809134403714657
10304,0.17819867482955387
10305,0.01724016482771777
10306,0.8851743476281501
10307,0.14752757432242197
10308,0.1169788831842609
10309,0.1381813025088628
10310,0.07133517678257745
10311,0.1409767799026101
10312,0.9716055083081794
10313,0.04750262292274973
10314,0.0009679133498202307
10315,0.6260826134336525
10316,0.317558968395406
10317,0.06385204290683517
10318,0.4521117751107167
10319,0.015214561046359732
10320,0.11572444232621576
10321,0.07241606932423653
10322,0.12719235925242953
10323,0.09825711538139037
10324,0.0020356935917982297
10325,0.3056600846126822
10326,0.4305606355386281
10327,0.0114540173218644
10328,0.847938319872132
10329,0.10758848746856325
10330,0.0256747151829071
10331,0.07185148707190915
10332,0.044765382096119494
10333,0.35575584429843327
10334,0.8923506153510787
10335,0.9316931961367025
10336,0.3051089506697563
10337,0.3714926925622928
10338,0.53650516853688
10339,0.4569081266200905
10340,0.7278369203718027
10341,0.06742568428511433
10342,0.7329576042719721
10343,0.9436829643396536
10344,0.7476977931615632
10345,0.01662323372982561
10346,0.9631918374780946
10347,0.9505171079445908
10348,0.07525066519039217
10349,0.8194910594022391
10350,0.15197616658276292
10351,0.9656027557722608
10352,0.027506974585933458
10353,0.9409089318806824
10354,0.4592492638455997
10355,0.1809704096189743
10356,0.10951761104195445
10357,0.08241781264798184
10358,0.9821459864065786
10359,0.013316745789093833
10360,0.9458924991732574
10361,0.9511499959381199
10362,0.007304814666643652
10363,0.019061884655121805
10364,0.25913814737513596
10365,0.012788300312151696
10366,0.06478168258941178
10367,0.014493549756844474
10368,0.9878121254267456
10369,0.031177416306874733
10370,0.002893277281940969
10371,0.2958923120184593
10372,0.02978929711071579
10373,0.41293121109475717
10374,0.9706080279488977
10375,0.00212782205042303
10376,0.02418171594433601
10377,0.14165076064748283
10378,0.6009719743862623
10379,0.029695629698105866
10380,0.10098828175787222
10381,0.022457860760140586
10382,0.9665351634834372
10383,0.9989702226966297
10384,0.03906401680592781
10385,0.03510095219620961
10386,0.07686375199138704
10387,0.004784315960040332
10388,0.05769305782985968
10389,0.04927019872296089
10390,0.3817254759393537
10391,0.009316321326950629
10392,0.16959905546354365
10393,0.015314098816690366
10394,0.7922075314829087
10395,0.13563772423171097
10396,0.4739104915671891
10397,0.09886657071978094
10398,0.9358425724801651
10399,0.11457627946482668
10400,0.6342221676221108
10401,0.43536157839664147
10402,0.5488042238457558
10403,0.04678130340094029
10404,0.01718359172948869
10405,0.6258540172162106
10406,0.5236388587614305
10407,0.0106872183249528
10408,0.9807279790652087
10409,0.08798889508500402
10410,0.4991492896274181
10411,0.062371466834426334
10412,0.12235267903284631
10413,0.040779871708229
10414,0.9856706730733942
10415,0.1603844210419736
10416,0.5764081191218142
10417,0.04500558660189213
10418,0.9797905039362693
10419,0.12030431697427046
10420,0.7901572669497607
10421,0.9322311904788712
10422,0.5958780933063144
10423,0.09303201819131078
10424,0.7846956554555922
10425,0.21745424570830077
10426,0.012144502660967126
10427,0.05118978156218492
10428,0.020805771259375182
10429,0.03934605856350454
10430,0.17117475420325073
10431,0.587526927513591
10432,0.9751492646120035
10433,0.11644443796415968
10434,0.010284700447425153
10435,0.04868544497535492
10436,0.06430683495137872
10437,0.0053995524950125
10438,0.009126763247802538
10439,0.002259222759142813
10440,0.0016349391301544156
10441,0.8791451502212355
10442,0.9448041266026048
10443,0.4409191858372839
10444,0.2043744228204044
10445,0.025200354810468825
10446,0.005648801432108108
10447,0.6695392540687156
10448,0.011520388517954908
10449,0.9942476406423827
10450,0.9870781048036574
10451,0.21097375419789507
10452,0.9863659722708236
10453,0.7378619136545213
10454,0.2633167465934889
10455,0.017825752971122343
10456,0.009384214385719791
10457,0.006561111179986616
10458,0.95548047382622
10459,0.07416592568634006
10460,0.029873563083554072
10461,0.36980278040992687
10462,0.21000738080938364
10463,0.07049260523632314
10464,0.9561502733655436
10465,0.042946176248706024
10466,0.1240979849528975
10467,0.028628872674171493
10468,0.6177734409074083
10469,0.8316653138263571
10470,0.8524986621428527
10471,0.01819370097668995
10472,0.6979827103848975
10473,0.10301607985847767
10474,0.19931850518083152
10475,0.027901012972969316
10476,0.07854190279268024
10477,0.993447408249495
10478,0.8375215887185494
10479,0.05540983519892825
10480,0.9740897590507178
10481,0.9547483687769369
10482,0.22275298508088495
10483,0.08057107271767276
10484,0.9648486168530257
10485,0.03469432270549541
10486,0.1271176342100949
10487,0.09617490163757375
10488,0.04111029137078429
10489,0.299692319859282
10490,0.6310103303954563
10491,0.04373100633697042
10492,0.0023078556393027532
10493,0.9920885009125899
10494,0.1537330766806094
10495,0.9785853511266767
10496,0.16771600640769024
10497,0.05649060863980289
10498,0.2602919705036876
10499,0.04518145483011568
10500,0.9895187121060227
10501,0.43966419371645654
10502,0.5551005462333252
10503,0.9658064088031038
10504,0.1650497393826843
10505,0.02236080961538182
10506,0.33065355786708434
10507,0.12319419932828846
10508,0.05173714753334177
10509,0.06137164800602709
10510,0.8168760011481786
10511,0.22931707873488313
10512,0.036893449691179275
10513,0.08040344666398355
10514,0.8006310096535031
10515,0.008651649969231168
10516,0.7723093431960815
10517,0.036137261003804946
10518,0.2881888635219117
10519,0.8061570840147383
10520,0.9922802346309018
10521,0.3209744721327727
10522,0.007656550048682126
10523,0.017717436910505605
10524,0.930823347761769
10525,0.6162873362060148
10526,0.2954260609384293
10527,0.4942006011509274
10528,0.8622846838989005
10529,0.9660861748700733
10530,0.07570154683228794
10531,0.03783268948676006
10532,0.050871484208196205
10533,0.06240543066684186
10534,0.08678480480832937
10535,0.3300912741588199
10536,0.9783663262471984
10537,0.08630686299480261
10538,0.021652767031221966
10539,0.08452969236704003
10540,0.7139431469171162
10541,0.9353527782570608
10542,0.13642660272127818
10543,0.9224544271690132
10544,0.7642938520691971
10545,0.9458272747478447
10546,0.998880250740126
10547,0.7445831213617786
10548,0.020250757753398838
10549,0.9751493286593117
10550,0.15131195571188483
10551,0.007310241465495344
10552,0.010710760628256273
10553,0.046028777969736326
10554,0.8732935486031306
10555,0.10878817456244297
10556,0.2435799662631106
10557,0.06201638105994385
10558,0.8694741968338978
10559,0.8933226507373877
10560,0.05649063766083966
10561,0.0021608850526525893
10562,0.18697788213511513
10563,0.8948115120473107
10564,0.7008568428898755
10565,0.007395875867611441
10566,0.46482202272551687
10567,0.0259108197941868
10568,0.06625041364895592
10569,0.14042885209865527
10570,0.380118049188265
10571,0.07795077448313507
10572,0.13067824827255548
10573,0.2766813547900811
10574,0.9737852460262333
10575,0.00462251679540137
10576,0.012781967946645975
10577,0.9607692946478257
10578,0.8810820685029022
10579,0.0757497810763188
10580,0.0032640914120451846
10581,0.01805819621964283
10582,0.9363921810659522
10583,0.9661083006407387
10584,0.024122909787450873
10585,0.9585004414050586
10586,0.35240156386823474
10587,0.9596404299285013
10588,0.019975787937877
10589,0.16949269816465706
10590,0.36309049735406124
10591,0.007319183352072196
10592,0.8100080191482687
10593,0.040597697788010756
10594,0.027600813818439957
10595,0.003606782498234661
10596,0.1536946918093774
10597,0.9407661268339984
10598,0.13226742559837604
10599,0.09842243147568228
10600,0.17682424945290773
10601,0.8128708126297761
10602,0.07861976718267025
10603,0.9524218145116676
10604,0.0012591368890697442
10605,0.7513898675921468
10606,0.9887031289870349
10607,0.00960075309777102
10608,0.04287434538052301
10609,0.12936807699400416
10610,0.06168113079421218
10611,0.9478705632848541
10612,0.013852665580932316
10613,0.050606817739323816
10614,0.02877056141314863
10615,0.06019005112801344
10616,0.16849236673980805
10617,0.4563994776597502
10618,0.9281329442531081
10619,0.008588494096292178
10620,0.9443419136498894
10621,0.20340351384288055
10622,0.5825247727291538
10623,0.10307784178995094
10624,0.1072094483651806
10625,0.2060738721593785
10626,0.14241426010372732
10627,0.08144881676229201
10628,0.39537094804565376
10629,0.004775283508331336
10630,0.9825857291751228
10631,0.0020182357174719397
10632,0.0485151014447508
10633,0.026188923536861572
10634,0.5897390328605661
10635,0.8994750373979354
10636,0.6775718850878752
10637,0.9983963963127707
10638,0.1004998389661905
10639,0.23238923707908443
10640,0.19488053901851338
10641,0.2596958337968596
10642,0.2502694712206578
10643,0.005026808812731095
10644,0.02613058904390829
10645,0.9979353213150137
10646,0.007008111587879815
10647,0.007417598269405662
10648,0.0036468460978571534
10649,0.9171352917049508
10650,0.23563195418378408
10651,0.14100101452554653
10652,0.9972267743008876
10653,0.28828675691237005
10654,0.8923624837216932
10655,0.1923461208957507
10656,0.9868906004455317
10657,0.21012287222257936
10658,0.31201520615304124
10659,0.01831848316193449
10660,0.002490233183335539
10661,0.9709841802863814
10662,0.021771163596103343
10663,0.20234762991526173
10664,0.0723660158166189
10665,0.014244133118406272
10666,0.40467868563600046
10667,0.33980382468108605
10668,0.6295357260217808
10669,0.010767588299170015
10670,0.02351583843504145
10671,0.0035998684246633106
10672,0.0018351763785995835
10673,0.21583444259278836
10674,0.44710373057047703
10675,0.5949512542918457
10676,0.04332942304441014
10677,0.9854266061174143
10678,0.07235629933802058
10679,0.06794558836262313
10680,0.0035392719427076993
10681,0.4809385973725876
10682,0.04022476031590727
10683,0.462297300165327
10684,0.034890678760535095
10685,0.9718943115413718
10686,0.9877828502228552
10687,0.0270811671380729
10688,0.020987584608830753
10689,0.8584169239595237
10690,0.006060167226410071
10691,0.35693449675095734
10692,0.9545605116390119
10693,0.8187594761890422
10694,0.016995629482517618
10695,0.5238755842835944
10696,0.059412859806429894
10697,0.011275579549116592
10698,0.8347411313934774
10699,0.9988328558719124
10700,0.9065234940987394
10701,0.13292091068499773
10702,0.010698772366668208
10703,0.9647726520997484
10704,0.5045363387793855
10705,0.973949559653952
10706,0.7026877221269869
10707,0.9690128010568557
10708,0.0037038475248918237
10709,0.12031028725164541
10710,0.004163218293677914
10711,0.0019439499451504188
10712,0.12220220961748565
10713,0.13303842584457581
10714,0.004761820612239334
10715,0.265868628094303
10716,0.7846702852306546
10717,0.09600124070001355
10718,0.002000386031894572
10719,0.1529324969269135
10720,0.8004967695096079
10721,0.9828301104148109
10722,0.960901586247839
10723,0.9364697221997793
10724,0.00405944855452869
10725,0.14515481770014146
10726,0.9171083256825752
10727,0.9912804421220308
10728,0.031066669500205
10729,0.0720141341008065
10730,0.010641552628542876
10731,0.9973394338930366
10732,0.0853138918776942
10733,0.05677588570134175
10734,0.15311490821246784
10735,0.9726025343057767
10736,0.010228139406856213
10737,0.36958774199246436
10738,0.0035154978096751483
10739,0.8675545681634642
10740,0.2667826989540249
10741,0.2098594744835136
10742,0.7873205135836532
10743,0.005685359517808573
10744,0.8183996990281189
10745,0.2108630385145908
10746,0.7504480560903422
10747,0.009579836877415898
10748,0.9807269204654383
10749,0.9978250184942221
10750,0.8423796438125418
10751,0.01567605925946223
10752,0.0537311897798734
10753,0.1726292088981451
10754,0.12717474594088507
10755,0.019961797783801485
10756,0.13928242115897643
10757,0.7240523183746801
10758,0.5479033413361882
10759,0.0635564545912745
10760,0.2917589561897239
10761,0.011144723544426804
10762,0.07549103361653034
10763,0.40025737895022523
10764,0.9480667059435053
10765,0.9153525495039563
10766,0.08167231439644175
10767,0.09257883929019824
10768,0.006016272678431113
10769,0.17146556731827975
10770,0.9887006570944181
10771,0.06866250121445316
10772,0.031969001851189525
10773,0.0033122950792819714
10774,0.01260750200302516
10775,0.47375593984824016
10776,0.4804240668336276
10777,0.03595762108138758
10778,0.0763416389337137
10779,0.8705371405104102
10780,0.005412726494946213
10781,0.08122385286556968
10782,0.0033975987616246565
10783,0.8127722400995445
10784,0.08026363843432849
10785,0.28923001959258715
10786,0.9423599757774361
10787,0.10347254561905372
10788,0.019199073962826975
10789,0.9974624994285348
10790,0.38015556769865355
10791,0.05147209064710252
10792,0.008251829146321273
10793,0.7544174178705203
10794,0.2439310293711252
10795,0.7698539439015424
10796,0.058630279677353646
10797,0.05965090080975857
10798,0.7841552173080395
10799,0.2702336359987357
10800,0.24575043225773585
10801,0.04809841146758262
10802,0.008246817756718183
10803,0.08506228865914489
10804,0.9934672544902527
10805,0.9066770282276729
10806,0.04069830325946212
10807,0.07058161068908833
10808,0.04302435500904596
10809,0.16011034686358133
10810,0.9447137329355217
10811,0.03552525422968119
10812,0.028243290548082896
10813,0.022767932620458686
10814,0.05155460843601433
10815,0.33914032591136534
10816,0.09287007953579794
10817,0.9655650335615076
10818,0.08049915555914862
10819,0.08523846236150913
10820,0.004127760960941907
10821,0.06673460808764191
10822,0.044618518573362013
10823,0.0530085589580844
10824,0.010811612482835537
10825,0.05240727712485999
10826,0.06759557331099303
10827,0.0019810764523927426
10828,0.5186856984187892
10829,0.0775072911118741
10830,0.043686236379435
10831,0.5235686879062091
10832,0.29349078714446647
10833,0.035682639460511076
10834,0.08444699473296606
10835,0.2986894514289636
10836,0.018220468344097678
10837,0.53195318752598
10838,0.3910117443447473
10839,0.22538957907134266
10840,0.012275620216438148
10841,0.16689406479491892
10842,0.8706907742181841
10843,0.9645460087810378
10844,0.3458042405571748
10845,0.052215219074217924
10846,0.12629497028301198
10847,0.03474850956572496
10848,0.2859317822517109
10849,0.07725015510641012
10850,0.11136289619506498
10851,0.2716899213390564
10852,0.9261137554372074
10853,0.036796577223859706
10854,0.0009830774654871768
10855,0.012835642491221974
10856,0.12340859116935868
10857,0.04510960739801195
10858,0.2316874931467432
10859,0.9646997005519021
10860,0.312147749939775
10861,0.07248148782350851
10862,0.09833407554789482
10863,0.1002393692920806
10864,0.9164942518321483
10865,0.23654718723576595
10866,0.09021417734366521
10867,0.05783483418771256
10868,0.023639831438464244
10869,0.9729276692116791
10870,0.29299075205422803
10871,0.0149107180287983
10872,0.05934745756163341
10873,0.06908884966686474
10874,0.9802797465377912
10875,0.14008304071921054
10876,0.07804754093113281
10877,0.05001358370474704
10878,0.004226890972624919
10879,0.9120155007367857
10880,0.03487540385244747
10881,0.9515466481650972
10882,0.8625773513283068
10883,0.7700852588275351
10884,0.9755586909031834
10885,0.005621377809879547
10886,0.7374780717345908
10887,0.045769657408553974
10888,0.9684517023542121
10889,0.15850602840115507
10890,0.9150310897205884
10891,0.016010406369315958
10892,0.00367453892395972
10893,0.9697101873417238
10894,0.9831400966214221
10895,0.9547029598397323
10896,0.11673313191508523
10897,0.021536387772273652
10898,0.01438347410440377
10899,0.006882799687590888
10900,0.017783751572691582
10901,0.411019434465663
10902,0.05072590846821423
10903,0.1517055473679152
10904,0.015209376747914064
10905,0.5811591874917887
10906,0.1258941559122993
10907,0.06736163490914626
10908,0.6429081883446848
10909,0.009207326778975724
10910,0.950268865465373
10911,0.9818146874689917
10912,0.010265554318692069
10913,0.9075536454171534
10914,0.9984311096865075
10915,0.8903741436706278
10916,0.9922050892932011
10917,0.1604154374696287
10918,0.3703850196787374
10919,0.11914271926621645
10920,0.9828654595914299
10921,0.9908769641752286
10922,0.9023349743807326
10923,0.8470531223470498
10924,0.5360248949161655
10925,0.14916810238390366
10926,0.5639922804565718
10927,0.033413253798586805
10928,0.46404740761693464
10929,0.9853909555721465
10930,0.47677124677412275
10931,0.10553446684412003
10932,0.01733675320495824
10933,0.17284478713161816
10934,0.20784989053164787
10935,0.9607917900413712
10936,0.3171858147465749
10937,0.16018316713512532
10938,0.9632901843363335
10939,0.25645466841161335
10940,0.9212854886541358
10941,0.9953110931737399
10942,0.572264424675089
10943,0.01589827220560279
10944,0.015175887449099246
10945,0.28338721403761546
10946,0.019240019785107393
10947,0.03978827502980937
10948,0.0039646865405384805
10949,0.020998334509633218
10950,0.010352208845887712
10951,0.918172541699759
10952,0.04385489709603514
10953,0.031006079516685124
10954,0.07649681757473623
10955,0.2192517063832028
10956,0.6522785051848827
10957,0.002618757761390429
10958,0.029811235262246247
10959,0.003044750055178313
10960,0.9555524816407235
10961,0.5026488025353263
10962,0.7098294820485624
10963,0.30495796077300086
10964,0.001778805270401492
10965,0.7832914878280686
10966,0.9323836541885586
10967,0.927415918496003
10968,0.21816680048180556
10969,0.15494719325101508
10970,0.03961348348389845
10971,0.13090511141291455
10972,0.5487141196211699
10973,0.6260315540112773
10974,0.29228646545423465
10975,0.5835748228928681
10976,0.1605726257759122
10977,0.9545900992684926
10978,0.14752293091468108
10979,0.004289116616148841
10980,0.936652219253264
10981,0.4409927599250276
10982,0.9895680660682442
10983,0.06889179004340172
10984,0.03480209589750287
10985,0.9287262887834848
10986,0.06083361218767538
10987,0.025019129316209095
10988,0.12747492002820482
10989,0.05917019938920852
10990,0.05395068514071129
10991,0.06393205340209758
10992,0.012874175211994921
10993,0.05385973329690768
10994,0.0032528351244277675
10995,0.21077797652903385
10996,0.3703208797080785
10997,0.0407085591418616
10998,0.03163510990005517
10999,0.06739608788457914
11000,0.02865794151220599
11001,0.012387656217997357
11002,0.4434944465952464
11003,0.41552705378573007
11004,0.9809424400599481
11005,0.004009928097898147
11006,0.0038818011414780713
11007,0.13758744433050038
11008,0.1732789437963838
11009,0.033679582311227946
11010,0.050116654713133486
11011,0.003557504897268276
11012,0.13991013311872996
11013,0.5377642945131904
11014,0.05655003212301049
11015,0.09518820307334816
11016,0.00988899856963775
11017,0.948129525075682
11018,0.0075681397529154485
11019,0.10067014770399524
11020,0.9340422934807497
11021,0.016681782436595544
11022,0.17652926206852174
11023,0.002757818234514986
11024,0.7501881291859206
11025,0.09447697549487265
11026,0.6954259011160342
11027,0.2782487287244029
11028,0.8443466190057831
11029,0.026347241722224593
11030,0.02412139219707391
11031,0.010498763758128325
11032,0.9292294255134266
11033,0.05459732297617647
11034,0.01572749371317233
11035,0.9187390396819775
11036,0.09516330902101361
11037,0.9886482193224451
11038,0.2969462903256508
11039,0.9908992454073776
11040,0.008368181672070941
11041,0.048994127395494504
11042,0.9648523702024845
11043,0.05867543050382017
11044,0.18706950729551908
11045,0.868928564033501
11046,0.020301051071553167
11047,0.5493428824494557
11048,0.030528817315940343
11049,0.006610150948199773
11050,0.7599078840771519
11051,0.34916385987704657
11052,0.41260977007418753
11053,0.5738649933251788
11054,0.9869114827281296
11055,0.8832395420188777
11056,0.10239542812577321
11057,0.052337310357506835
11058,0.09129707429997513
11059,0.052359334784367474
11060,0.30111940644918583
11061,0.6702767461496696
11062,0.9672070771575311
11063,0.0026132017464619156
11064,0.9179105145414101
11065,0.9650544607066797
11066,0.05732401236279378
11067,0.08493426930733577
11068,0.9466242865905781
11069,0.9318820962243175
11070,0.07838051858112356
11071,0.025318170324548844
11072,0.9323608932855506
11073,0.05142184359689262
11074,0.9973479094930361
11075,0.04641087014045042
11076,0.11288616937392512
11077,0.03711995633442575
11078,0.6018815568476986
11079,0.02015610486736538
11080,0.0021856665889955305
11081,0.023352907939822823
11082,0.925706663539908
11083,0.08125675672381533
11084,0.0187571992149083
11085,0.08866927299497285
11086,0.230587670141723
11087,0.003667267706930427
11088,0.0074537868316921175
11089,0.9860390144954754
11090,0.9809556185029389
11091,0.0137821587360537
11092,0.9500227787289124
11093,0.7174286001173162
11094,0.10320456008774202
11095,0.9468092081976174
11096,0.5156526086786559
11097,0.05848679939803429
11098,0.13716614720911213
11099,0.9434616452982365
11100,0.09076205199261436
11101,0.23943290094013395
11102,0.03364699447790093
11103,0.9399005671256762
11104,0.06561445695999553
11105,0.12109787863560326
11106,0.9672170171087653
11107,0.9800292733176073
11108,0.30903913481760154
11109,0.9725277843984632
11110,0.07491199447708544
11111,0.9606124010898649
11112,0.05367698296423623
11113,0.0020581614606971286
11114,0.0912179522020271
11115,0.2521891481716235
11116,0.18955430960144315
11117,0.9641125851692252
11118,0.10436606419129049
11119,0.9638997800770296
11120,0.005737249321646415
11121,0.08209066517553182
11122,0.007820063832367302
11123,0.9984552146303525
11124,0.8130650087043594
11125,0.9821032957320781
11126,0.06358398811643329
11127,0.0881169572675577
11128,0.9787888851898965
11129,0.01807824466497531
11130,0.07239396975419672
11131,0.9444657398184303
11132,0.08100435778921303
11133,0.4959130877716525
11134,0.07226853174982621
11135,0.985342070885487
11136,0.2239146341771193
11137,0.014278512920822559
11138,0.9433965789678663
11139,0.025048733779809193
11140,0.9575801979027978
11141,0.03197194072460487
11142,0.1539787882296772
11143,0.9437943547430949
11144,0.012753519948934665
11145,0.17104876809304254
11146,0.9592525593858825
11147,0.018749910176151904
11148,0.9799505236624125
11149,0.06434368085940141
11150,0.8283541924907373
11151,0.10401299929774101
11152,0.017419994077078647
11153,0.8444149519573585
11154,0.028698500487462895
11155,0.26924963862245177
11156,0.030738193367451504
11157,0.4040597475734873
11158,0.9857687972333904
11159,0.015114756115647257
11160,0.927681564552505
11161,0.9761957445263165
11162,0.3199549327415564
11163,0.8453121475157244
11164,0.03581736051836665
11165,0.28105238525878523
11166,0.13472802323378616
11167,0.030149751363438382
11168,0.9806421016088563
11169,0.34209750598333044
11170,0.03887425059311664
11171,0.8756663335650354
11172,0.051847849635553306
11173,0.0053730091274053595
11174,0.09193646122499935
11175,0.2555322190462889
11176,0.025390126222522548
11177,0.9534923083029414
11178,0.006249539684012489
11179,0.007522018823094789
11180,0.8404291150809455
11181,0.22882138952557898
11182,0.9878463805526524
11183,0.5659437006355311
11184,0.0019660198693936563
11185,0.8910075960734023
11186,0.04768924276117355
11187,0.9909828591429881
11188,0.11306947245038781
11189,0.2095167596679498
11190,0.061722863570432066
11191,0.9970841265151572
11192,0.2603081710334497
11193,0.053046351192806054
11194,0.13500277501859542
11195,0.1962559205311619
11196,0.01856173507359704
11197,0.040187900740728644
11198,0.7894002567521061
11199,0.8964488699159378
11200,0.2944058168794149
11201,0.007362883775459767
11202,0.0015570060041907902
11203,0.0961075133241096
11204,0.004031466634709059
11205,0.04291165676513824
11206,0.008141457267551902
11207,0.1679523405893309
11208,0.018792776422292917
11209,0.9627181848688391
11210,0.057213505569162625
11211,0.06727210418816508
11212,0.07549646824999039
11213,0.005682087757071786
11214,0.7011310338306752
11215,0.0762209480084618
11216,0.10176859863805272
11217,0.22516350252209397
11218,0.1322310515138447
11219,0.995633620807351
11220,0.09701855398072451
11221,0.29427271468683774
11222,0.22081231991210365
11223,0.0021117073782332177
11224,0.04418134935687297
11225,0.996403657916952
11226,0.013744587449928415
11227,0.11771456772462122
11228,0.45581622389014087
11229,0.10095948076459968
11230,0.002028494180711062
11231,0.9864983471724353
