index,target
0,0.01717255951828581
1,0.8891311339176182
2,0.03269024304020274
3,0.03551591430574275
4,0.9915384917612972
5,0.004012776725954629
6,0.962402322591752
7,0.15570455742093686
8,0.03662645134903114
9,0.9483893576961524
10,0.006023085182848768
11,0.002622927351812348
12,0.06419119233072676
13,0.5774545720535357
14,0.4362070902590225
15,0.3090086399386614
16,0.15935965303216726
17,0.8624619052456328
18,0.7809914387940071
19,0.9742633728403285
20,0.10910609534983912
21,0.7782505063763042
22,0.9796105222999513
23,0.13435518756028902
24,0.9697241031321702
25,0.04091123012700743
26,0.022797012553495435
27,0.009944744864470473
28,0.010514905741147804
29,0.0019121211555010492
30,0.027266808109668937
31,0.004122380359460324
32,0.005913990758783599
33,0.4837374869189187
34,0.11379745830480573
35,0.14494385614343436
36,0.8879557649286816
37,0.006509393976588746
38,0.039371510017421826
39,0.13592296582808394
40,0.07809307418670149
41,0.9506649647016789
42,0.004258979978092405
43,0.36024066924671805
44,0.80910053170144
45,0.01648717197075985
46,0.8260033806167872
47,0.10676795561248022
48,0.5000901500170754
49,0.07447391220384873
50,0.1014335281901203
51,0.004550335169007201
52,0.32074436457145217
53,0.009295414544618059
54,0.11776285644016543
55,0.02153446444347791
56,0.03393948452330105
57,0.9559811993990899
58,0.026876080050226448
59,0.7963812323563095
60,0.1536642195689166
61,0.014724671622308113
62,0.875327300213703
63,0.6715495806080387
64,0.1884954514871428
65,0.005205823064515032
66,0.06894579480619109
67,0.962324463749329
68,0.9866864282731171
69,0.32993021079890994
70,0.0646278870882121
71,0.3629215095366804
72,0.06140315193049045
73,0.11595427097839003
74,0.10606426238049538
75,0.011133775691207812
76,0.0012357200918876004
77,0.005078151802337546
78,0.025230844648052204
79,0.8044431727722512
80,0.23077260608120534
81,0.2841009945760818
82,0.12664680367356018
83,0.1254743575242382
84,0.1752668500605565
85,0.5575428468436785
86,0.5382718057382772
87,0.013039929360517967
88,0.12748150736569228
89,0.001680302135267631
90,0.7852885190638124
91,0.030608679110653195
92,0.045716362759444025
93,0.10985670747911895
94,0.09314075658657453
95,0.7929095885918727
96,0.4501924695101595
97,0.07715695102681641
98,0.9786179362954003
99,0.32731313217212915
100,0.009757554424063399
101,0.08145596011270735
102,0.04923752599468047
103,0.15579999280916385
104,0.4217679112340173
105,0.053209031033582696
106,0.9286987243825156
107,0.7182910982762136
108,0.28313948522237203
109,0.14492868858079813
110,0.9236285854315092
111,0.01810161455549608
112,0.11280956809803164
113,0.012828041781474762
114,0.01584521523081375
115,0.21591771289230507
116,0.975498481335854
117,0.23283571570363376
118,0.3183107623733849
119,0.9928357910119545
120,0.9504998423532331
121,0.0018441068133218733
122,0.37728971155380453
123,0.07973926867600124
124,0.2481988024390577
125,0.10855767891299202
126,0.030442508161479278
127,0.15178026170745626
128,0.08853502058773172
129,0.06838873115710312
130,0.007034709658347116
131,0.024670037460260447
132,0.9918145828190232
133,0.06725786075931244
134,0.981685038926825
135,0.9275588412288497
136,0.9889569037709985
137,0.9478232013261902
138,0.7706242036882113
139,0.0956085192563346
140,0.014906385628456559
141,0.43149492783630583
142,0.014943076403311183
143,0.07303781653250699
144,0.0024889512915973206
145,0.9794009070311531
146,0.7477413253799463
147,0.9596356825156072
148,0.9641592718503683
149,0.057631692111914774
150,0.5920673829150264
151,0.07114164814759683
152,0.07940427087132594
153,0.01718662790273373
154,0.04710372744227208
155,0.016227795678373208
156,0.4958296475104727
157,0.658169967331447
158,0.04008927630301001
159,0.05459509469319111
160,0.007704358532627677
161,0.5679144027765912
162,0.0248248022271021
163,0.7572584966012965
164,0.055662217182707766
165,0.03872428415113692
166,0.1365993411421254
167,0.010715517942147482
168,0.9839997344455196
169,0.005981379733791776
170,0.021506997138490892
171,0.03371007801711019
172,0.13690755987711672
173,0.9153454131770313
174,0.01119654483465463
175,0.007968816174643838
176,0.9610107838034807
177,0.9801844750860598
178,0.0026256344357380177
179,0.9348729862031833
180,0.09869418376345271
181,0.0450140866142155
182,0.8192663047031693
183,0.1786267857786597
184,0.935085325945546
185,0.045601081848813466
186,0.6837556631277516
187,0.0057078239951587235
188,0.16495742786497783
189,0.011063031569277054
190,0.00994575717981339
191,0.9170459502794994
192,0.06581670459499758
193,0.05462471180341127
194,0.14306981944701752
195,0.9863834233554036
196,0.041415070787434005
197,0.9805055281812529
198,0.15884452027522794
199,0.3825985231304456
200,0.19865390495749108
201,0.01905647881655842
202,0.964073619604711
203,0.006361147775174516
204,0.03542424037273853
205,0.012043170594821427
206,0.11495769032739132
207,0.8840269603237991
208,0.059879552677443104
209,0.9985575348454518
210,0.1222722587729973
211,0.00324470829066594
212,0.564488699942324
213,0.009247109721386936
214,0.020191016895005506
215,0.1744885769865287
216,0.03934595148579688
217,0.5041067902806763
218,0.9675290545691744
219,0.6329909643001506
220,0.1284784689217935
221,0.02998333682148014
222,0.030040259404626065
223,0.022747486573557886
224,0.3190113776352499
225,0.9905922034863666
226,0.9120110385331975
227,0.06442307935258601
228,0.8985556408910713
229,0.0019795601524778728
230,0.033362705679590245
231,0.9909914129353813
232,0.23829118522385567
233,0.0209581174703951
234,0.2986935088334143
235,0.04520861934073461
236,0.29315866281576236
237,0.6028660991173813
238,0.05746487047090661
239,0.9872902933775408
240,0.05080438898604593
241,0.008077925437255828
242,0.22632963286629704
243,0.2434369356602077
244,0.9202054445889952
245,0.1818793612396772
246,0.16176012600611708
247,0.004926593173306556
248,0.7331114132866494
249,0.998391223738573
250,0.11679398869836577
251,0.04150146631405511
252,0.042253857865435784
253,0.14969307669258686
254,0.1043840364538931
255,0.14858022973343915
256,0.41569642756262937
257,0.8465975140133518
258,0.007209913215168465
259,0.03698355337352662
260,0.15179200036630477
261,0.07810711511465598
262,0.997238400542262
263,0.9451087475945843
264,0.007290202396680474
265,0.12355561405851972
266,0.7986246430979214
267,0.1257845987519664
268,0.0026281477911696007
269,0.002097735483772837
270,0.34432142760744416
271,0.4187838581368738
272,0.05128086079327493
273,0.012913963115890485
274,0.9988074196754916
275,0.9979495706977085
276,0.10169778151271353
277,0.030570773513730214
278,0.016629729677587475
279,0.06256668517236881
280,0.9437761723113234
281,0.9608847068199531
282,0.9564864666301365
283,0.008777412602620573
284,0.10821941547503802
285,0.11505318475994894
286,0.015976472017932904
287,0.008803362386862225
288,0.9867239685960502
289,0.32464404802955443
290,0.4372440440006814
291,0.9882150205001412
292,0.8999926276768919
293,0.9904333122703846
294,0.004402688022947379
295,0.10974031368635648
296,0.13768316811968664
297,0.08858734723486578
298,0.0045029764773382944
299,0.992017964361847
300,0.11098302750014678
301,0.9261674381115517
302,0.8292940613822738
303,0.05554244135813484
304,0.6354547115465213
305,0.7949498210699946
306,0.07842730991008953
307,0.038424700182729886
308,0.5059547006256193
309,0.42579182041069497
310,0.9751864881427673
311,0.03953997367933257
312,0.4411993705265004
313,0.008905759325881054
314,0.5672562778841245
315,0.02593458600234507
316,0.9699226077345956
317,0.018015806986183634
318,0.0028745678059561566
319,0.7402383280708432
320,0.23908108007352546
321,0.04417378517846647
322,0.002391649568771166
323,0.0313688595949838
324,0.1666655515338642
325,0.8688728181853893
326,0.061532049760080004
327,0.8808737094927372
328,0.01371766122228482
329,0.011197267369070377
330,0.8533921661876678
331,0.012214693325348601
332,0.2365265759968671
333,0.04700166802860212
334,0.11727907764031467
335,0.31451728198261725
336,0.060772825381946255
337,0.9807429771003437
338,0.013901037028822998
339,0.051676113738389845
340,0.002809999255053148
341,0.9866035742940361
342,0.8770674195598124
343,0.1717805407715366
344,0.06699935060805892
345,0.9671865600014229
346,0.4907368530696659
347,0.08090085123572538
348,0.0022853588038553047
349,0.3648427041782524
350,0.9978336232705769
351,0.04116237630660831
352,0.03490339826805301
353,0.08021111613788673
354,0.14620290096475147
355,0.1469285699398971
356,0.9653850950086289
357,0.027032149407272086
358,0.9729091631539414
359,0.22250440843503355
360,0.10500123287490731
361,0.5891206408650042
362,0.008385138949422373
363,0.0587308529237526
364,0.004800568855832444
365,0.6662303371121925
366,0.018991487955321625
367,0.42829942722114156
368,0.34439113817232325
369,0.9693183542369503
370,0.5982826633525045
371,0.8917712095771493
372,0.037888101113732545
373,0.14915069392344693
374,0.033694706959265616
375,0.8211255218064302
376,0.11410856792399601
377,0.026568652589741195
378,0.029099493889088803
379,0.003819132880447173
380,0.06527937272199055
381,0.15198858810050458
382,0.9819265829927931
383,0.11783199519244941
384,0.1096614482475548
385,0.17181812538815133
386,0.03496111662373864
387,0.5634845216667255
388,0.09310223672663827
389,0.0310401820558293
390,0.7632101441898113
391,0.014064584966696969
392,0.013071228783644966
393,0.7532765267087418
394,0.9850269275917606
395,0.8050166539223085
396,0.9732174295072213
397,0.32921071220293613
398,0.12518329680909104
399,0.002280905482361965
400,0.045949222665329664
401,0.0039260505681316905
402,0.007993696630066716
403,0.12941949034229036
404,0.00968675260999612
405,0.03225891241522647
406,0.9870906130054266
407,0.5444545056110808
408,0.0255412488609348
409,0.17965203287637482
410,0.08287161770663251
411,0.8332192265888696
412,0.16381969605760036
413,0.47261857854531253
414,0.11125901628992649
415,0.03908678252810087
416,0.9633732181026349
417,0.18929897283358413
418,0.09846740560387433
419,0.9902368207390371
420,0.09761950315430763
421,0.0017585922929144
422,0.010139419883838237
423,0.723680649640727
424,0.9437891475635216
425,0.013560790131290003
426,0.045697563090996096
427,0.004985390201695601
428,0.887701028803844
429,0.9483083499737304
430,0.9960569393635383
431,0.10169919976915798
432,0.36882516113948377
433,0.06564539610548675
434,0.7114625207005282
435,0.025068674341088268
436,0.9742002695031099
437,0.062358544592799256
438,0.04434770135448648
439,0.9876154989253125
440,0.8094167455788572
441,0.08286753608603514
442,0.03160560954881344
443,0.007432279570820604
444,0.18208726927175467
445,0.02008986417501669
446,0.9935341769419777
447,0.22690432763951573
448,0.015586486356643779
449,0.2868187803468758
450,0.11327437682873698
451,0.39485999052198156
452,0.931003679008817
453,0.31258132954679474
454,0.0618286728967552
455,0.9313550353022757
456,0.8519506725792669
457,0.03103081877305722
458,0.34768589048681864
459,0.4975677636478232
460,0.08004508624922725
461,0.43666338571812596
462,0.31779502517217334
463,0.9373984539704217
464,0.07043690873853489
465,0.9730529092305273
466,0.9618356642531882
467,0.013539567984708581
468,0.8647739452028106
469,0.9589589311523852
470,0.14265624485432332
471,0.2710019305423702
472,0.9650666429317177
473,0.02460844836403739
474,0.030377061566558082
475,0.007541137069911596
476,0.021083177256570686
477,0.09087445601671187
478,0.09305778587851944
479,0.606935201635498
480,0.013454411602887247
481,0.9907782042358197
482,0.11448938877405657
483,0.9761077819431012
484,0.9435131508508823
485,0.01603504857488324
486,0.03041370972203792
487,0.09054281833881972
488,0.010405325045602147
489,0.006998649952010289
490,0.05918099996979722
491,0.02065309446091314
492,0.0036312915010715636
493,0.04639564408918398
494,0.3854035260554753
495,0.07225398876647016
496,0.017012217353439982
497,0.5742351057357753
498,0.24181180172691946
499,0.07283428621180553
500,0.9739818341598101
501,0.07420520727518146
502,0.10085437039713721
503,0.2732525476349754
504,0.7477588100481611
505,0.19804333307325314
506,0.011588852404442962
507,0.9898454436814907
508,0.7418704101804604
509,0.042121535020043135
510,0.08575161917083315
511,0.6435033445319189
512,0.0189573615140464
513,0.9808193420953539
514,0.9674536452525166
515,0.9596414475307147
516,0.979456466295251
517,0.41488844633154576
518,0.11497206870118386
519,0.10344145515939822
520,0.6018280607404382
521,0.1119744908063143
522,0.9351371948111781
523,0.5549066157663692
524,0.10837227489462811
525,0.9523853673854965
526,0.4309492688101855
527,0.005905188921650333
528,0.3306856012624771
529,0.9923433344668429
530,0.0066421896975736704
531,0.0025220498851782178
532,0.022281037009804293
533,0.007777547769218451
534,0.010530567331838655
535,0.07032192007231214
536,0.047015198195398025
537,0.8894869373776038
538,0.04086100361524673
539,0.965617269040757
540,0.34808536340557417
541,0.04261910493778172
542,0.002007200379064358
543,0.48925924741530924
544,0.888406352926038
545,0.008431356473319652
546,0.3417843171138125
547,0.003186723752774635
548,0.059273885909597326
549,0.026077551362759348
550,0.9745647039070917
551,0.6901023789647156
552,0.2564042933165614
553,0.012335858658053655
554,0.06723637401735627
555,0.5363665221735705
556,0.014347488489383033
557,0.09387932614451236
558,0.702253999283572
559,0.007985204230065227
560,0.0615174678369926
561,0.2765584683218074
562,0.9818572299996617
563,0.45385638819859797
564,0.00221486496962051
565,0.9075838104072604
566,0.08786615924690246
567,0.015363422562221694
568,0.5403634248010074
569,0.3116709889433337
570,0.09238061361466646
571,0.13533851906839828
572,0.6485530547676472
573,0.016209379491041218
574,0.3972980002435643
575,0.07824153656567398
576,0.9674734053414306
577,0.005051868428987418
578,0.05262471496336697
579,0.1380521646179623
580,0.1295573391260604
581,0.15308529201331172
582,0.0014396008916977183
583,0.005744893845635532
584,0.0019403759688607779
585,0.33621049406707226
586,0.6220839958617101
587,0.6214568360034114
588,0.00804233313404024
589,0.09533054221655662
590,0.10634965513006292
591,0.004778195050353687
592,0.06811200024087335
593,0.028707851226289084
594,0.06670265374216844
595,0.25409025070988256
596,0.04521811918174354
597,0.07111267119170317
598,0.2009608680596698
599,0.957662186234606
600,0.019975636576942207
601,0.015507119967961705
602,0.020527621900746914
603,0.23708856649469
604,0.9195471431134346
605,0.02877890411125797
606,0.03015951436387925
607,0.003498264084626381
608,0.00716288841035341
609,0.004961118106889555
610,0.06157412983990582
611,0.10927188326598845
612,0.014102652355466757
613,0.005067506630299761
614,0.11397874185266262
615,0.40886784787646646
616,0.01299844999722502
617,0.0273744497285899
618,0.0036708629181567438
619,0.027085292057606652
620,0.013205723889961895
621,0.005912459187111779
622,0.38435396767438135
623,0.011037531965444358
624,0.1448371083883269
625,0.40932121685667283
626,0.8089647939592886
627,0.9872358109276916
628,0.004351681194606922
629,0.9435649540891184
630,0.016706991801591346
631,0.09685851108224283
632,0.5063025835160425
633,0.9867684277658092
634,0.021729087157104875
635,0.6210004033370162
636,0.007554425869998369
637,0.004292137872621839
638,0.00906779760666699
639,0.9618895435933759
640,0.077518993544302
641,0.7259874611657536
642,0.028530504363514415
643,0.03706878776402815
644,0.9421817577916916
645,0.011625999684397682
646,0.01670369359871729
647,0.061233631971596314
648,0.16800457874899719
649,0.5245936576469898
650,0.05740764863432802
651,0.9739602228041941
652,0.9735584437199165
653,0.015247071453075465
654,0.041147196154891874
655,0.0013475719156088163
656,0.17685647547860864
657,0.9600867137449869
658,0.5115465870566243
659,0.12177345093251127
660,0.010839416368262942
661,0.4762599257389838
662,0.06374318069851798
663,0.17018217545230477
664,0.40957167669435834
665,0.04544285615066394
666,0.030687190825117894
667,0.9717994680232145
668,0.19317225161187546
669,0.7184614354126264
670,0.02754688166686841
671,0.4727956449529719
672,0.0596506135263484
673,0.0916953858236448
674,0.9987034239626347
675,0.042796987570964916
676,0.018642748791235196
677,0.5270159869032132
678,0.0521329689826606
679,0.5803566005795121
680,0.16808776404778944
681,0.02340351430348102
682,0.9501181508872423
683,0.10109299467472152
684,0.23635958722542014
685,0.18598555115947266
686,0.07801956105678938
687,0.03877805927328577
688,0.974913468609845
689,0.08860248996678677
690,0.9704781759137935
691,0.08154840506002756
692,0.0019454404223526191
693,0.8881322062627479
694,0.019344098605504553
695,0.8874667487890511
696,0.01659523850410679
697,0.42990398147118064
698,0.9967660116959207
699,0.01377537956751193
700,0.017910664179585197
701,0.11387852575714391
702,0.004351724114017124
703,0.0013840584046610112
704,0.024798608124225983
705,0.025157287256888747
706,0.05901739481715393
707,0.43117786793242274
708,0.08402519172991274
709,0.023147428426330028
710,0.06765618362701636
711,0.06897572217311972
712,0.9979822594651842
713,0.04548515620910341
714,0.8988597520579873
715,0.056011998507561
716,0.0036109122021795908
717,0.13737268192539986
718,0.1415170321641031
719,0.011255263741818731
720,0.02444745875992354
721,0.20272422299677523
722,0.3191808121676364
723,0.7727462755323717
724,0.8886266177683892
725,0.669318697297429
726,0.0279893378535602
727,0.9847954125781728
728,0.06944428569420108
729,0.17423209867357536
730,0.18142241615184723
731,0.007256651672812979
732,0.9917125657765978
733,0.9413254553903354
734,0.19809882206200993
735,0.031445305062158965
736,0.9574483708536339
737,0.02992436151066183
738,0.18213017418421706
739,0.4880670110085483
740,0.9933656684092953
741,0.6508223319400227
742,0.22582007854565378
743,0.20109247564915989
744,0.08285763792376928
745,0.017135390865669398
746,0.9611665801780671
747,0.8656682198588301
748,0.11776538794548834
749,0.7018993339315107
750,0.04639387278130623
751,0.1284104191512038
752,0.07063896812218023
753,0.18344918574044822
754,0.027275713658495244
755,0.043421521992724685
756,0.27947568262688494
757,0.06009222892058879
758,0.004815285538991785
759,0.02001035005126244
760,0.848935758651413
761,0.05547078373666775
762,0.8580219900256922
763,0.019641328678947703
764,0.0036350497308842355
765,0.9762156466138938
766,0.21063301216303568
767,0.7736785972839503
768,0.22390111983794808
769,0.5022225249525931
770,0.19899802800543331
771,0.018312276558161863
772,0.9829616937298602
773,0.011464081594953783
774,0.24128417144266684
775,0.9967597006807465
776,0.2963469082368835
777,0.006702156761264585
778,0.1985348775435153
779,0.5500351603129308
780,0.005882883417518046
781,0.011763154524462754
782,0.5907657711900887
783,0.030671361310453227
784,0.5102612019704291
785,0.9807847778883658
786,0.7700201962058905
787,0.008666813771070443
788,0.9255164692591167
789,0.036055397860005015
790,0.8110058428497006
791,0.031373208221828444
792,0.061204072935890724
793,0.046330674702114695
794,0.21192735825467787
795,0.1387969837253271
796,0.04444056748826838
797,0.005059379242684696
798,0.7730253601625605
799,0.3653825303925413
800,0.43179797505972367
801,0.7641964605808761
802,0.006806065583907573
803,0.002462324169052043
804,0.049963257632200664
805,0.10132777142723928
806,0.008694412547623551
807,0.03481930432975265
808,0.0450918577462652
809,0.27524261445981735
810,0.05018059838096126
811,0.04997253817023468
812,0.9813803580733778
813,0.32328506253898454
814,0.9576769345950247
815,0.011472430295811374
816,0.30376177786069547
817,0.932353394017756
818,0.4282410594771735
819,0.02481418234584999
820,0.9913023139246772
821,0.998321228229133
822,0.15339937114712981
823,0.013928000288793246
824,0.3447487255805105
825,0.0012269944500229325
826,0.17874373923077252
827,0.062331008599280764
828,0.022762823739877706
829,0.9879682406067347
830,0.833242008618753
831,0.022241169317679037
832,0.9912774940862707
833,0.42047834096325265
834,0.9167540892079546
835,0.0014833541218509869
836,0.2672099278676587
837,0.5080763121652493
838,0.3665262764513285
839,0.9959569031971431
840,0.06552557131092959
841,0.022091803250468386
842,0.12716091119289452
843,0.0064239873756177235
844,0.8871376943934098
845,0.9976173247850886
846,0.9987812785906812
847,0.019292735183270373
848,0.004154800356045339
849,0.7033764490683846
850,0.4422372698171726
851,0.8661393369103505
852,0.13621449287502185
853,0.020213170305074062
854,0.9490834102385088
855,0.008320664847932629
856,0.9137308077798686
857,0.9725469932046764
858,0.015648158373593367
859,0.7341502909084168
860,0.009160773603253354
861,0.8895422877245363
862,0.26692684395172633
863,0.9069067310032408
864,0.004249090036936843
865,0.41026346618171117
866,0.9124427731182895
867,0.08149073388982246
868,0.14618859510784904
869,0.7358216718364916
870,0.02467473319488027
871,0.9986465218836726
872,0.028986189648735908
873,0.011394124217166126
874,0.9818289652761486
875,0.7877819534513539
876,0.01952385938328468
877,0.11451357816181104
878,0.057738292251307576
879,0.941323459956516
880,0.042847077932316374
881,0.06353410831195853
882,0.8497168374270352
883,0.19258551057578516
884,0.029868925482425025
885,0.9775614426718653
886,0.0190793276262621
887,0.9658236675095667
888,0.03084211145412413
889,0.007072345824181559
890,0.20129720934669232
891,0.5651641247648668
892,0.21485938098236448
893,0.06299255545371894
894,0.4971665298439011
895,0.24396397546229123
896,0.8742954638544718
897,0.12363670519588789
898,0.002801683587770657
899,0.6792307908779387
900,0.13862226377767634
901,0.007805648073848091
902,0.4538603303756209
903,0.8672950448667617
904,0.030157373738582786
905,0.95907510616342
906,0.07363445240546954
907,0.008088639263360394
908,0.9936382809378206
909,0.02024858511934148
910,0.03433777205170285
911,0.10486698977849762
912,0.02460991096049868
913,0.08521307485071876
914,0.020172842467010774
915,0.056634171888390226
916,0.20804493762732676
917,0.4834345786993711
918,0.07174736978366951
919,0.5215538370400463
920,0.006022019100287665
921,0.012166518192180386
922,0.03419363759731126
923,0.9984091689463177
924,0.9692382268393602
925,0.8820042314721149
926,0.04546367246368328
927,0.07577459984952915
928,0.026809486796479876
929,0.6307778512460358
930,0.2190495127279508
931,0.040635066793437855
932,0.9476934567365229
933,0.01333557045716011
934,0.02923168313618247
935,0.09153315098552178
936,0.9923857774904548
937,0.032271203439662215
938,0.03564316885817351
939,0.5304402009729283
940,0.04316027179464065
941,0.9795598473571728
942,0.9501974479385731
943,0.9970964114473087
944,0.4788412413998021
945,0.462588266720082
946,0.04183580960604878
947,0.7553438234983156
948,0.028499820131074514
949,0.04455542035228867
950,0.9814406555970252
951,0.2723794217000757
952,0.3331937953340472
953,0.11071361901882401
954,0.03718752534461472
955,0.5110339513032937
956,0.9908052109540992
957,0.2774595297629209
958,0.02188940452638283
959,0.48264560364847864
960,0.001608678081756616
961,0.9703120199026558
962,0.026795580910046423
963,0.44863257140447277
964,0.4157685519854692
965,0.03301357050419405
966,0.24677095509671643
967,0.004125714320180493
968,0.008289475205975689
969,0.004334628255358072
970,0.12613682721204375
971,0.12872739098549882
972,0.9983462523458151
973,0.05497904042318983
974,0.41506277862443797
975,0.008219989369907102
976,0.023306963036999327
977,0.8838977672805612
978,0.05324506512437831
979,0.995764097522303
980,0.9515125618688511
981,0.9815366745075167
982,0.415999368248374
983,0.03326128267324935
984,0.976474438254423
985,0.05383618545967969
986,0.8948704622444694
987,0.15763287934387046
988,0.2623784550533582
989,0.843660221733202
990,0.9545532703032356
991,0.07590846583358657
992,0.03638433887725003
993,0.0469122392802078
994,0.014433466253418292
995,0.9974316516445405
996,0.02822507475620793
997,0.06573274356951629
998,0.17288202871572395
999,0.8784055290381725
1000,0.9309441344048214
1001,0.9926273686147348
1002,0.00737837810393502
1003,0.009303891263212415
1004,0.6176039561254055
1005,0.9198689543590641
1006,0.9972307145283372
1007,0.4108860471860727
1008,0.028569800879873226
1009,0.2545876997151061
1010,0.029168069857791416
1011,0.1064148942080891
1012,0.044842316626189455
1013,0.2536554656220631
1014,0.4525231064259782
1015,0.038511173100958876
1016,0.021953612685870535
1017,0.578237101975152
1018,0.8376889022324784
1019,0.0014052235068420628
1020,0.05077475860688657
1021,0.9724580940047625
1022,0.5899571433074279
1023,0.8990145089383415
1024,0.00773426777696406
1025,0.008220367054002718
1026,0.016023463674155476
1027,0.09787884356516625
1028,0.030299322393590112
1029,0.08611886695878447
1030,0.0022705849284844638
1031,0.20898991577713863
1032,0.39753897983036346
1033,0.005531319261720532
1034,0.742103813978268
1035,0.021921300953258456
1036,0.15610114295495062
1037,0.978878366866351
1038,0.024769800624743918
1039,0.9335835835164044
1040,0.4126321808020905
1041,0.034220265557126546
1042,0.04028571795656147
1043,0.6187973573121444
1044,0.0017649457179109043
1045,0.06679300321042603
1046,0.004160125726249292
1047,0.22506734409036822
1048,0.7787785803715181
1049,0.8103487604556505
1050,0.0029602392088191503
1051,0.1468716027247743
1052,0.05350029093325084
1053,0.975363195361522
1054,0.37485799759393074
1055,0.10097791578150964
1056,0.21175278100037517
1057,0.21321897880979085
1058,0.0017746436812161863
1059,0.9504225520543006
1060,0.28996688069887777
1061,0.03419188677035395
1062,0.004389272646734884
1063,0.3074315735256866
1064,0.9434723093667712
1065,0.048910097632858265
1066,0.019599168679057203
1067,0.17252615788706094
1068,0.13213078662343533
1069,0.9871645984442388
1070,0.19883303400305674
1071,0.5787112550241419
1072,0.018871184612961604
1073,0.9161733847361793
1074,0.003224611905483902
1075,0.021535198800215094
1076,0.0028112001573584126
1077,0.02004167690094691
1078,0.02999787273834074
1079,0.9724072953013954
1080,0.004085969592945626
1081,0.05020297073183193
1082,0.8674401558922922
1083,0.059647242332382555
1084,0.9230042401990028
1085,0.5977843380826502
1086,0.7657991112892013
1087,0.40151621056943276
1088,0.0015031705727825244
1089,0.9203336004454111
1090,0.04717849150403211
1091,0.9721477000977767
1092,0.047106565199521375
1093,0.10141864886934812
1094,0.9985057179689691
1095,0.7795052484610654
1096,0.0520949989962557
1097,0.762291011470728
1098,0.022079995598352116
1099,0.3647798167245614
1100,0.11872007809031365
1101,0.023569158985639264
1102,0.1182826314085195
1103,0.195551151867355
1104,0.04767633423387849
1105,0.11788477594783855
1106,0.22173313738459902
1107,0.060237142779035
1108,0.0404909029183797
1109,0.39690542381344185
1110,0.8226251288245777
1111,0.006640675746644965
1112,0.019221284760731892
1113,0.5846993775065779
1114,0.35566921579097827
1115,0.18027990809077524
1116,0.1064374038921517
1117,0.733425906624285
1118,0.1640848999806641
1119,0.013395165103742132
1120,0.022389927823659436
1121,0.04787556132972678
1122,0.03435805759281833
1123,0.4863596651856461
1124,0.03986037258094293
1125,0.16884565513128316
1126,0.9709119444855501
1127,0.37389469207660886
1128,0.020594302462246743
1129,0.060665226408319214
1130,0.008899569988305309
1131,0.020022903384748166
1132,0.010574851148491047
1133,0.0028234746604871045
1134,0.998289521682221
1135,0.01589377478296642
1136,0.020166679998942273
1137,0.0025446923627656486
1138,0.9160585649076669
1139,0.16587624260617168
1140,0.692942041458361
1141,0.9824881647197498
1142,0.004555361363051113
1143,0.14395413421805792
1144,0.9299623214728527
1145,0.9684433735251512
1146,0.9986441627504886
1147,0.06930914761126122
1148,0.0035341025278343187
1149,0.306927149158361
1150,0.9841286227957122
1151,0.0018366426112218092
1152,0.19880370162726452
1153,0.9902184186905204
1154,0.2533698560876095
1155,0.016332874595614638
1156,0.23315836047322538
1157,0.5354899544479489
1158,0.5997431437957281
1159,0.899133879235438
1160,0.02150661705182733
1161,0.009524285422687092
1162,0.2480923399897687
1163,0.004473193966987928
1164,0.23236188064408458
1165,0.02241648826599344
1166,0.41789525961230567
1167,0.9422127887922789
1168,0.9806062893346983
1169,0.8262681259501702
1170,0.005209618339490567
1171,0.014988149118927624
1172,0.9515706526658685
1173,0.05654455415380001
1174,0.03793427665523958
1175,0.2604374070935107
1176,0.052277420425480586
1177,0.0030452684602354247
1178,0.007214100899002726
1179,0.01045669502475269
1180,0.9733179157842289
1181,0.06186132082894671
1182,0.020144017932871808
1183,0.038384593367681026
1184,0.6953409072405417
1185,0.05693608599670019
1186,0.866256513790736
1187,0.019367308461569567
1188,0.0036865887515926538
1189,0.16657796943031514
1190,0.11156935705396837
1191,0.08252100658502032
1192,0.9699710941218194
1193,0.08725207141393018
1194,0.052435086868130795
1195,0.0074326156460060465
1196,0.22935364158103794
1197,0.8370881371124193
1198,0.11835654223393435
1199,0.9767435921091531
1200,0.5645428202148215
1201,0.08956100145644674
1202,0.3792173644170388
1203,0.03008494852563804
1204,0.5702155334769066
1205,0.025906782440331674
1206,0.662473775494163
1207,0.026156004315243314
1208,0.17707778640231714
1209,0.09959832439711418
1210,0.9222193198796892
1211,0.6333141113851231
1212,0.010775220296269362
1213,0.008537327367253588
1214,0.01502877220892815
1215,0.02979204536905427
1216,0.012829148164813179
1217,0.48619189596467943
1218,0.08813574000722399
1219,0.01930494365638946
1220,0.8916093390651029
1221,0.09657442268015902
1222,0.5112808975304701
1223,0.04452220963020258
1224,0.2199446842349626
1225,0.8164293243262539
1226,0.14763001370599488
1227,0.9889352548390093
1228,0.08400572153936069
1229,0.7854051839085366
1230,0.003538490086755933
1231,0.9556451406498823
1232,0.627986543958738
1233,0.024202567854028696
1234,0.04119646800872638
1235,0.8542574890368211
1236,0.4655565122868176
1237,0.2602652149899794
1238,0.07297615745442192
1239,0.43263072297287575
1240,0.5375953330930057
1241,0.04546529397106258
1242,0.008193543097364574
1243,0.23166828639611736
1244,0.30281797686867273
1245,0.02745719460515224
1246,0.0025330214712433264
1247,0.018326458440184986
1248,0.1306624316798569
1249,0.9917360554373463
1250,0.18661017213978542
1251,0.0177769367580461
1252,0.9072629410899459
1253,0.9741515697143044
1254,0.9981262172827239
1255,0.76015786591999
1256,0.07134357234066757
1257,0.9676935510983213
1258,0.00793384122446249
1259,0.9984190889854472
1260,0.4069130128248606
1261,0.0844063016126902
1262,0.0026981553744404568
1263,0.00618229559712867
1264,0.05104054954779198
1265,0.9898556472040577
1266,0.0076203382439874
1267,0.9757925261286762
1268,0.06424606658417757
1269,0.02814712043483972
1270,0.4795244660914827
1271,0.021657174889969235
1272,0.04894131746431664
1273,0.38142081659244054
1274,0.9278736326212977
1275,0.26126197527307826
1276,0.03957619708187232
1277,0.1369040347579872
1278,0.2650461040286359
1279,0.008094067434073642
1280,0.9470595178244052
1281,0.021281686653934775
1282,0.9193570099095113
1283,0.03777792927003901
1284,0.08148148300832496
1285,0.4822091766324111
1286,0.2379710865128748
1287,0.4392668500439938
1288,0.31558720274032237
1289,0.0013553615106970584
1290,0.3192611212958538
1291,0.09597293234553508
1292,0.12182609984667161
1293,0.042226144859138455
1294,0.16934413285543448
1295,0.33637366918052203
1296,0.7618358702856257
1297,0.04907864775900172
1298,0.01583356562565398
1299,0.012442473454591776
1300,0.30694084475188527
1301,0.0662258862343991
1302,0.05252250863787717
1303,0.9668733687344993
1304,0.054993440267498014
1305,0.9968119796219806
1306,0.2272976142958144
1307,0.008995032395283327
1308,0.007967874698116701
1309,0.9883974473557258
1310,0.07871346669153047
1311,0.036030317968769744
1312,0.6672064727781388
1313,0.0028658251864480708
1314,0.9442995194826629
1315,0.02101685388572981
1316,0.06434796620626648
1317,0.3997564267627808
1318,0.21286540132556367
1319,0.1266492182613077
1320,0.3254132825737157
1321,0.9696060077058134
1322,0.008207583975110327
1323,0.036598894983889255
1324,0.031521303681454664
1325,0.015977070546358524
1326,0.9730674124360348
1327,0.8787746744086932
1328,0.008687365540214261
1329,0.3186799060856844
1330,0.969376532582255
1331,0.27904888308816383
1332,0.08190547408698688
1333,0.015888670266942285
1334,0.8420131393284433
1335,0.21556191710593264
1336,0.007018647277159638
1337,0.009542623493378932
1338,0.006759020187830536
1339,0.052938086615409385
1340,0.4850330628529742
1341,0.9255583368964659
1342,0.9425017239818729
1343,0.38743827140001647
1344,0.3586446561585216
1345,0.0396494036255272
1346,0.9983670128551718
1347,0.8301971801956247
1348,0.06919925035558092
1349,0.009287541099702798
1350,0.1969238213046477
1351,0.061795909412179176
1352,0.28082378115987033
1353,0.015725623436093423
1354,0.07421085375025525
1355,0.9844640799235778
1356,0.021478340193956984
1357,0.6069892834461953
1358,0.1882387760324572
1359,0.06238505201597534
1360,0.9701496839193562
1361,0.1302609878062666
1362,0.9184363493674187
1363,0.8970803280139805
1364,0.022388780639782148
1365,0.9604296999218859
1366,0.05686234160617691
1367,0.915695818975893
1368,0.833911836986337
1369,0.26654377425720027
1370,0.5043651872393501
1371,0.45403238185888295
1372,0.02823263630985385
1373,0.2110062366962008
1374,0.02055034059129799
1375,0.9497554883358661
1376,0.08175797638153809
1377,0.9986778710864079
1378,0.05169887590690523
1379,0.00683588510590636
1380,0.9074230113933381
1381,0.8498447305994434
1382,0.001450874881336592
1383,0.9879197111945288
1384,0.023712688752994066
1385,0.5145168925632819
1386,0.7402370217076784
1387,0.9666892685243542
1388,0.8961689365339196
1389,0.9982620943045264
1390,0.006638658775446434
1391,0.9811137640083915
1392,0.3478485220142111
1393,0.7232371856455978
1394,0.004033924198995339
1395,0.6816857060978812
1396,0.06177353472261952
1397,0.03864400240872215
1398,0.020984904651540834
1399,0.9946966380670195
1400,0.035859288515849096
1401,0.008810040454361977
1402,0.004079244866767644
1403,0.4719309003266486
1404,0.008686855466459052
1405,0.11236672926832446
1406,0.03723392843554642
1407,0.13600586170081755
1408,0.017958818319014625
1409,0.0041337453285983745
1410,0.008299939026421174
1411,0.055442324823092214
1412,0.6952616123965085
1413,0.8531196912817237
1414,0.010848481976341369
1415,0.1890505962205019
1416,0.9795010014639831
1417,0.04405623425897891
1418,0.20232541407528687
1419,0.4917538607797633
1420,0.3026475581671051
1421,0.972586089891166
1422,0.03440626605994913
1423,0.003061128496907254
1424,0.00847567166266246
1425,0.0158293720186163
1426,0.019140641757857044
1427,0.005764793120326173
1428,0.029039420256694648
1429,0.010077546820144757
1430,0.13591948722228436
1431,0.589857256746585
1432,0.05850676918347665
1433,0.7225612451644233
1434,0.6736382222096107
1435,0.006347760654302552
1436,0.0028240108215162717
1437,0.9735968047020813
1438,0.01407409346853394
1439,0.9702033450860366
1440,0.014690937285204694
1441,0.045231011087525905
1442,0.6133576039647195
1443,0.023774006252950248
1444,0.1240412079162597
1445,0.7342865416132653
1446,0.8703809661512536
1447,0.0707793362569896
1448,0.0879074800254918
1449,0.8282840962450635
1450,0.1851882037013202
1451,0.0020651482837568272
1452,0.24635146716547082
1453,0.9790657465264558
1454,0.9869761872588916
1455,0.06700681107836567
1456,0.06016096732022376
1457,0.07488646697115367
1458,0.9694033970778498
1459,0.9648881722597544
1460,0.014399666719388048
1461,0.04758704631663413
1462,0.04382212254369044
1463,0.9420035012754122
1464,0.16559939292689377
1465,0.022214016857326158
1466,0.6379496963101373
1467,0.3907225455340144
1468,0.9608083938634264
1469,0.990130660783327
1470,0.984624987589377
1471,0.14333091314154048
1472,0.23040873126697242
1473,0.9865929552789356
1474,0.2205548233114296
1475,0.17404750183911571
1476,0.9791631977292248
1477,0.7101065357386863
1478,0.22653144928064495
1479,0.04803722171884428
1480,0.2682232211036375
1481,0.01049848030672142
1482,0.9588730247860917
1483,0.05432508476733304
1484,0.06844169085032317
1485,0.026014380326349562
1486,0.08929748682248262
1487,0.21668455746440857
1488,0.15312094871704407
1489,0.061194406532014176
1490,0.8441447875803939
1491,0.004888092875355967
1492,0.9857996148561485
1493,0.9968498459013531
1494,0.9961716532176161
1495,0.10052412634743702
1496,0.5797331430368511
1497,0.030875589861058858
1498,0.796563595202463
1499,0.7675455863878218
1500,0.05675470010305757
1501,0.073941095557181
1502,0.0988520234139163
1503,0.08498343339087894
1504,0.03162842887556059
1505,0.2609358495619013
1506,0.13224087505631796
1507,0.9142064132417068
1508,0.028365768629959875
1509,0.010247781455007685
1510,0.14079691258737925
1511,0.5546362318350528
1512,0.05169248555861773
1513,0.41287836253832555
1514,0.8484121080206035
1515,0.024941870768865844
1516,0.08978542289450576
1517,0.0028510504337214866
1518,0.35754437586161225
1519,0.08728810082000124
1520,0.01345016440295133
1521,0.008594485420258601
1522,0.0404276836806624
1523,0.022760716927332357
1524,0.9204645568160206
1525,0.008372388759446531
1526,0.009807051885998223
1527,0.6814565726678274
1528,0.024462411536910825
1529,0.9571664039274672
1530,0.02582366336833861
1531,0.3057949481218779
1532,0.9478009990979419
1533,0.06529187943992773
1534,0.01945146264954263
1535,0.008922542344658195
1536,0.06703616586319383
1537,0.5373163415144748
1538,0.14444146161740973
1539,0.5405424040553588
1540,0.9455290709358297
1541,0.8259460161130274
1542,0.13982858763051514
1543,0.003441975786072081
1544,0.04335374828627879
1545,0.06354117632410133
1546,0.7798455676476097
1547,0.6704955170546404
1548,0.02581209825783864
1549,0.8908647554603994
1550,0.6529583588140626
1551,0.09711591146011336
1552,0.0021350211152819046
1553,0.8304501302897698
1554,0.024204339142389376
1555,0.0057897425731424385
1556,0.004252984491493146
1557,0.06226519578222149
1558,0.011630791079829788
1559,0.17364208310466722
1560,0.029654742566495286
1561,0.033279465151597146
1562,0.22241580993735488
1563,0.23471074930950367
1564,0.19219085484755216
1565,0.02155547585367283
1566,0.0035173855043113857
1567,0.15287118926577814
1568,0.6353206214490666
1569,0.15624218060488748
1570,0.0424411968909299
1571,0.34144477465575407
1572,0.1945076683467053
1573,0.4517166501297497
1574,0.24384611771778242
1575,0.03759731626583747
1576,0.9021573814703479
1577,0.07285013758058395
1578,0.004528285529641628
1579,0.5904019556523626
1580,0.9730623232959226
1581,0.9767445027244537
1582,0.11032241897212836
1583,0.018457260274216788
1584,0.12046076132743937
1585,0.9706952893836844
1586,0.02694836941074179
1587,0.009146049011583111
1588,0.9623281470825251
1589,0.9300976849638718
1590,0.04461702633660394
1591,0.01756329011822476
1592,0.02017569279325998
1593,0.12190480479557592
1594,0.006291411446627409
1595,0.2937819046934098
1596,0.1341115603092986
1597,0.9090956276270398
1598,0.4527521611605017
1599,0.07790290147158369
1600,0.07500112053377402
1601,0.187081294615682
1602,0.2779049195647696
1603,0.9068880152838166
1604,0.8498832365491185
1605,0.9833534105381416
1606,0.018909341713771465
1607,0.02035398249729701
1608,0.050903190971952186
1609,0.814380653097441
1610,0.9002247632402394
1611,0.8117879981569138
1612,0.07194642302821289
1613,0.06502531258898187
1614,0.03033565580301824
1615,0.9637255302531849
1616,0.0913203267237545
1617,0.002065291614761253
1618,0.021252487231074015
1619,0.060308937759669806
1620,0.07608574322080011
1621,0.9255855060855118
1622,0.07150236415184051
1623,0.12847558019634184
1624,0.9787699395962648
1625,0.003864459774949052
1626,0.014003255876724052
1627,0.2830935225823461
1628,0.9927041443809697
1629,0.04135281100132006
1630,0.043136320490414604
1631,0.013885787954745842
1632,0.05455463595727168
1633,0.8553415822892395
1634,0.6179621893727797
1635,0.023211917876458796
1636,0.11651596044762515
1637,0.24737925789289597
1638,0.9981820804228088
1639,0.06661116359364005
1640,0.19590678827246558
1641,0.04036788113681948
1642,0.07139431646987074
1643,0.031298539948743535
1644,0.11875151706544061
1645,0.005759503508643777
1646,0.03924202332039589
1647,0.21339774034702547
1648,0.0072317634147355085
1649,0.010255137979403854
1650,0.17237631475629847
1651,0.11433733651320682
1652,0.12753455347974962
1653,0.015999182759331897
1654,0.04113781140491034
1655,0.18845165117288354
1656,0.531985517162116
1657,0.20680474400208942
1658,0.17187671090938972
1659,0.11766953884105928
1660,0.0037311671839936255
1661,0.6118821025675217
1662,0.15800518686520207
1663,0.14972224310947702
1664,0.004612966328667737
1665,0.6568600667303414
1666,0.3640128624756351
1667,0.954551995616225
1668,0.036272418920417084
1669,0.026803338427349426
1670,0.009367818626838458
1671,0.11844468202844383
1672,0.1128457083257317
1673,0.00564046268981661
1674,0.9852330160550586
1675,0.02082393608539874
1676,0.00356081333541587
1677,0.5017977635278473
1678,0.14008535292321894
1679,0.046045069372865524
1680,0.15214141653782176
1681,0.10982783912156449
1682,0.0014256752720551136
1683,0.01931469765746562
1684,0.00343216651794467
1685,0.09571319305387568
1686,0.06559006250012452
1687,0.09095644392437699
1688,0.07441047378103344
1689,0.9984412382454582
1690,0.358330586369124
1691,0.9510971461134778
1692,0.9858661087957414
1693,0.9855709280952233
1694,0.6451014097017651
1695,0.8960667595949421
1696,0.9564755322207564
1697,0.035768811452294665
1698,0.23897917605169353
1699,0.5934323865652904
1700,0.1983122357862892
1701,0.011339978468816028
1702,0.026605359671384096
1703,0.9980785978782882
1704,0.006958144421527152
1705,0.4706710581318523
1706,0.06553524185324422
1707,0.27361872074840954
1708,0.00907505004570264
1709,0.9494653145653605
1710,0.001829323290573318
1711,0.07718698342033695
1712,0.03120084008360914
1713,0.15930710980416482
1714,0.21448312628898442
1715,0.0020453658919575386
1716,0.014346319188059543
1717,0.22694783678661362
1718,0.05832336978594102
1719,0.15535928510070385
1720,0.0023159546823201278
1721,0.03346704235784197
1722,0.03531507743794138
1723,0.8747588962038881
1724,0.003400060755748998
1725,0.06911053631895002
1726,0.014787944837012627
1727,0.38779157389872754
1728,0.3560843743335447
1729,0.011079503313137281
1730,0.9888610035457934
1731,0.29997574445476405
1732,0.0073200592096690125
1733,0.9883330570204943
1734,0.9826523567557843
1735,0.07960953810980342
1736,0.06254948619256201
1737,0.9983952632272737
1738,0.30506018008632285
1739,0.8406961546605294
1740,0.009918219270242149
1741,0.9749482903326878
1742,0.010173445360375084
1743,0.04334382093270904
1744,0.014596082728926861
1745,0.118809540131561
1746,0.08050188612863232
1747,0.0035535153311380707
1748,0.021594467202063584
1749,0.9761622869828672
1750,0.0462116463061891
1751,0.0022683947027391507
1752,0.8856128199607154
1753,0.19613739056918472
1754,0.3548772801679342
1755,0.9467102334971098
1756,0.7667119756604204
1757,0.016626477572312136
1758,0.09966771263297865
1759,0.00964871179370362
1760,0.6930615204075524
1761,0.012781593959460023
1762,0.867282459082396
1763,0.29201536999956285
1764,0.061282509990688336
1765,0.08327470247451077
1766,0.02588227147240256
1767,0.9065085098694861
1768,0.9879593612805939
1769,0.002819023574531552
1770,0.030110158715199807
1771,0.6912027756835302
1772,0.8959880941984354
1773,0.9975169629382763
1774,0.6411306506410799
1775,0.9266335480865961
1776,0.7859026946455379
1777,0.0020179974460112667
1778,0.058733381104824414
1779,0.41271678667237627
1780,0.006850154289161201
1781,0.9837801624127691
1782,0.01924676999502615
1783,0.8055634106404053
1784,0.211174851045133
1785,0.01228681579924858
1786,0.5552997441854155
1787,0.7602344200789553
1788,0.019010328442012288
1789,0.021075208692902823
1790,0.020830184156869228
1791,0.011530742166883831
1792,0.24390523731780425
1793,0.10048595186109621
1794,0.004056138794658231
1795,0.0447620806449829
1796,0.15724901892814835
1797,0.266965779186014
1798,0.03668568677434953
1799,0.012604896506720547
1800,0.038822385791520156
1801,0.021438582160841956
1802,0.20355001671934597
1803,0.5283587037654589
1804,0.001106020059107785
1805,0.16036798596503693
1806,0.6137264053775513
1807,0.013128763188471174
1808,0.08397930464267903
1809,0.023866776160637145
1810,0.01363200121359041
1811,0.016479976482236272
1812,0.22379642863921428
1813,0.05449755664127738
1814,0.23550449789468234
1815,0.05749879378119389
1816,0.07224247661474437
1817,0.28096454730762715
1818,0.02707982132279521
1819,0.042995624147065516
1820,0.9801275370087009
1821,0.013273979545775541
1822,0.18200691621495227
1823,0.3121188849866234
1824,0.02702148720728416
1825,0.9871337365636602
1826,0.012273028630636269
1827,0.9878095318560055
1828,0.006499512459287702
1829,0.12254291333011091
1830,0.2794092536061447
1831,0.05387207533908028
1832,0.025814971104852445
1833,0.988766870371788
1834,0.07369208558066011
1835,0.014601182373670722
1836,0.01923474132498709
1837,0.02158801180073616
1838,0.018976768302693056
1839,0.025378046401644566
1840,0.051843395670078715
1841,0.9782787927228276
1842,0.08379495249662904
1843,0.20516611020155445
1844,0.008595606665024302
1845,0.9731627129489044
1846,0.04482670782340389
1847,0.04334461581229621
1848,0.9018245267189395
1849,0.4032378965628991
1850,0.11608750726924257
1851,0.045067748862658
1852,0.07810178815851596
1853,0.0419939733108011
1854,0.07680586278822339
1855,0.01243277679311608
1856,0.9407472802129383
1857,0.013523363597958728
1858,0.034080990253125054
1859,0.18946094942791478
1860,0.11346337044922064
1861,0.012427968902693091
1862,0.17024580221852795
1863,0.0056646116902385754
1864,0.8033775655652715
1865,0.005142358485712382
1866,0.06393568678624108
1867,0.052318094869423154
1868,0.3733421570936902
1869,0.9901390098870155
1870,0.056503642929435854
1871,0.32175537497524864
1872,0.1036002526376906
1873,0.02300738271307249
1874,0.6527113901001897
1875,0.2934255731312646
1876,0.0447778869065497
1877,0.013103684079099088
1878,0.010084326432748286
1879,0.07986974097998646
1880,0.11477101835044558
1881,0.10782260530812905
1882,0.006289587706526469
1883,0.9944156828124378
1884,0.9731325789074997
1885,0.002193393337205543
1886,0.34658060709436
1887,0.33675943941131237
1888,0.04745843914060098
1889,0.002602948162110044
1890,0.007348195492889085
1891,0.404056554425119
1892,0.7792431101315835
1893,0.9049783314326876
1894,0.08011100876667754
1895,0.019092156941827174
1896,0.9550564858497742
1897,0.0019193831711476913
1898,0.8804138218907558
1899,0.027682228936207746
1900,0.0685807929821244
1901,0.24482539259308472
1902,0.11030216436625401
1903,0.039502074306034016
1904,0.08500049983204491
1905,0.0313000864816595
1906,0.9987454415934638
1907,0.05447552407005694
1908,0.003997402205927144
1909,0.24850109707635337
1910,0.9854803688330507
1911,0.05300603882047633
1912,0.04676962005672729
1913,0.7564444602281211
1914,0.07114322706097492
1915,0.9777467850082875
1916,0.09491185280236092
1917,0.9872598569299147
1918,0.6101755842661518
1919,0.1712101507005237
1920,0.19732829707714333
1921,0.9635797647043332
1922,0.21104221467815867
1923,0.005180114484948567
1924,0.8681026556892666
1925,0.19714087084757523
1926,0.9477848941519551
1927,0.9666701693841881
1928,0.3924325894795497
1929,0.20533824936377565
1930,0.9425848346881871
1931,0.015168660772722296
1932,0.061206114081343556
1933,0.13376651402017253
1934,0.2694566298371036
1935,0.9794889411334633
1936,0.12425754050934323
1937,0.027939964156173124
1938,0.04294468957394286
1939,0.031512922740011384
1940,0.47377335422545136
1941,0.008541162408440198
1942,0.9067990349862163
1943,0.45128541973253744
1944,0.007569848295863844
1945,0.003028453368395591
1946,0.3231076911642873
1947,0.08276156370254134
1948,0.40621715210362525
1949,0.006826421946065951
1950,0.40993020781064216
1951,0.956039402319572
1952,0.9418886422000194
1953,0.16643429997323653
1954,0.06592085821327473
1955,0.020214236926746135
1956,0.028937590381399737
1957,0.8424487108520832
1958,0.24342486035382332
1959,0.06602546289909539
1960,0.04522809521733394
1961,0.19136322719102805
1962,0.16723736899560745
1963,0.13978393766176495
1964,0.1349057600378076
1965,0.06545426570624947
1966,0.9782304226426077
1967,0.033776838290805446
1968,0.03945636165320722
1969,0.17319267905697977
1970,0.1493158566213321
1971,0.9812043885928814
1972,0.689986964569074
1973,0.049071568694396925
1974,0.8926603127433457
1975,0.6566778752975414
1976,0.020616214621908005
1977,0.9842253612329412
1978,0.03091264658437399
1979,0.9982176783239792
1980,0.9605517439852511
1981,0.5345347517301634
1982,0.22507530079155408
1983,0.0549450929845494
1984,0.421232717863909
1985,0.04874489492536784
1986,0.138483156659619
1987,0.4530434455708987
1988,0.0030016596863396616
1989,0.06829221141827459
1990,0.3506685364849751
1991,0.9740593755482316
1992,0.10107980877705278
1993,0.007024559434437177
1994,0.929023537851199
1995,0.474129474580127
1996,0.3811973083267398
1997,0.4180412897838637
1998,0.5626858128845851
1999,0.9508481882119325
2000,0.1398673392912695
2001,0.034945383155748425
2002,0.04874546684050745
2003,0.9815019402469967
2004,0.037221313963189395
2005,0.04122611638960105
2006,0.9808627035381443
2007,0.04848195180913814
2008,0.2434916130312742
2009,0.1059179927311142
2010,0.9569725518695864
2011,0.9238135418915804
2012,0.7234459895209585
2013,0.8514247067877752
2014,0.9808439486326364
2015,0.006279770603710734
2016,0.902073959753215
2017,0.8107198873610243
2018,0.003940111110101568
2019,0.06584299295332251
2020,0.00406162274056279
2021,0.8832048026030928
2022,0.30887762137012176
2023,0.3644081160494105
2024,0.9865869575317474
2025,0.8486173989327923
2026,0.702894031746885
2027,0.008924553335506479
2028,0.1081828386884907
2029,0.0015179365848406196
2030,0.968458064344522
2031,0.16176396161972725
2032,0.989551664584365
2033,0.5369605611158128
2034,0.962779261810786
2035,0.9921375353043818
2036,0.06984048110294472
2037,0.010879166818014329
2038,0.031301051067684084
2039,0.9969503945219859
2040,0.004614985646667012
2041,0.5517121235106291
2042,0.2588720031477267
2043,0.9890834441827535
2044,0.7962991474325787
2045,0.0028016945870993886
2046,0.005002141091599323
2047,0.17654610786974606
2048,0.07560210242676155
2049,0.9647367778634831
2050,0.9605878519898
2051,0.7413568509725819
2052,0.028453503985059705
2053,0.21687845278823326
2054,0.7405547400272793
2055,0.006401282031362016
2056,0.01546671836079078
2057,0.8250294256073503
2058,0.002659759285068552
2059,0.010199059740923267
2060,0.022029735745708216
2061,0.31018297415880597
2062,0.13727522719898386
2063,0.029467425199197685
2064,0.8501236930037184
2065,0.7810685738991998
2066,0.22952298460350165
2067,0.9841767727479015
2068,0.7196529764659043
2069,0.36611011874052735
2070,0.16074736579148693
2071,0.46271807198826886
2072,0.2794329259470043
2073,0.005710638857572626
2074,0.07772274784523697
2075,0.45095553158755797
2076,0.017440702932379197
2077,0.12783058825858595
2078,0.007845238008422557
2079,0.02303469740648618
2080,0.011178252917426086
2081,0.6088246122272711
2082,0.21382906891471126
2083,0.02007371002304704
2084,0.7764235314190482
2085,0.07572306985435423
2086,0.015884642032786743
2087,0.05173267419360826
2088,0.9801859149807273
2089,0.053312610326642806
2090,0.6919218871187265
2091,0.1124571130095445
2092,0.01567340493147519
2093,0.019519068566795496
2094,0.48754823799004593
2095,0.9985196238004781
2096,0.24437696642758125
2097,0.0052203856152031654
2098,0.5591699111410685
2099,0.4092169075095443
2100,0.9905652431887941
2101,0.020209381338054097
2102,0.7932039084231216
2103,0.13822709207679668
2104,0.018935238829876543
2105,0.004124766151259517
2106,0.020315217320100137
2107,0.8470597526820756
2108,0.016650109388956974
2109,0.00740401365333355
2110,0.006757521951461379
2111,0.6584049778561161
2112,0.02336627480854327
2113,0.4862487298932002
2114,0.34483599350429195
2115,0.12984373630944107
2116,0.9580389834800533
2117,0.9307887546018554
2118,0.007580051512455667
2119,0.9570405904025454
2120,0.17138952604931473
2121,0.030989257950278362
2122,0.17829060298056693
2123,0.9353618094001032
2124,0.01364895745747106
2125,0.8165790459901425
2126,0.057488566962294596
2127,0.05135633187682819
2128,0.04404597959406508
2129,0.12434547332075646
2130,0.043682456163811646
2131,0.11384182489377051
2132,0.9751996489918429
2133,0.028058410446719362
2134,0.01255558227442687
2135,0.17222510145114403
2136,0.006288577227593864
2137,0.9949484204872501
2138,0.005875986177099522
2139,0.07279697784897705
2140,0.01988688346004762
2141,0.2519283686188866
2142,0.16830430876516997
2143,0.7788985353478051
2144,0.8140241585506685
2145,0.9174115547543467
2146,0.30965985724586814
2147,0.9968493179688126
2148,0.014397260315240181
2149,0.9828336208432618
2150,0.40509209194841295
2151,0.9406763217559753
2152,0.702438568356948
2153,0.18773379218250197
2154,0.036334966356705876
2155,0.16140626603259542
2156,0.9771087047110144
2157,0.009046810920127657
2158,0.5853277684157223
2159,0.8900666497883754
2160,0.7872548627449749
2161,0.006593936727434708
2162,0.1507267511700564
2163,0.021562013203941396
2164,0.06905863303478652
2165,0.21624107621168598
2166,0.2101964366099194
2167,0.2907081357266401
2168,0.045808055340107894
2169,0.0614693194190072
2170,0.9396909049317532
2171,0.01588720105474463
2172,0.5346708382145221
2173,0.974060723958254
2174,0.2247336044301047
2175,0.014363623222211335
2176,0.07434265096119005
2177,0.025154801297004425
2178,0.03422529317323099
2179,0.058887875615719606
2180,0.8089643435892802
2181,0.01845039489474639
2182,0.005335734607689446
2183,0.27417305529808744
2184,0.05058355426066469
2185,0.07067795109932325
2186,0.3743488661847917
2187,0.03323218581554144
2188,0.06308112961356341
2189,0.44476514347256757
2190,0.002416723352564069
2191,0.9832960363852215
2192,0.9533453957595455
2193,0.030027662818263995
2194,0.021786006662063914
2195,0.04708357031043185
2196,0.06677251580794051
2197,0.9668848558951749
2198,0.9262652700629461
2199,0.025673772634465956
2200,0.01047443450879736
2201,0.10753905414513652
2202,0.007341657628305406
2203,0.9514525885318827
2204,0.9418126241998386
2205,0.5400035036816666
2206,0.2572527596904103
2207,0.12907191198859164
2208,0.9428622900687282
2209,0.35546930993604087
2210,0.13416360530753893
2211,0.04027337123365357
2212,0.6073925266024337
2213,0.005651084771502141
2214,0.015054957703000773
2215,0.0090257052605303
2216,0.4841521488441647
2217,0.15854984100880776
2218,0.031414163064254826
2219,0.003022072176043904
2220,0.00908136203424765
2221,0.030949387250181287
2222,0.003925103250505602
2223,0.9589580215264889
2224,0.2022616586069913
2225,0.004354972393631421
2226,0.30292650471984484
2227,0.8141658425729672
2228,0.19914086815319632
2229,0.0023567378843100096
2230,0.8173113437675803
2231,0.035285108780424713
2232,0.3799346147780781
2233,0.0061144207624143805
2234,0.9692537898101066
2235,0.05668364246344342
2236,0.2995743345559043
2237,0.02553850659802366
2238,0.16417390715977176
2239,0.8215201632961133
2240,0.33770735283407005
2241,0.008283258458622177
2242,0.009132446861850118
2243,0.10244149383590748
2244,0.0020592329835590452
2245,0.007389655625425189
2246,0.1008560577424435
2247,0.030000341166887122
2248,0.04945671412469224
2249,0.5394518041989356
2250,0.032479967765444935
2251,0.4148797139448277
2252,0.5614776955293256
2253,0.9778725314215327
2254,0.011261250683766284
2255,0.03643729828657648
2256,0.2126342762553368
2257,0.00701473225396425
2258,0.013752258664486513
2259,0.024561093071216535
2260,0.3717232797834118
2261,0.5376217347911114
2262,0.8612753107115787
2263,0.32778605468508804
2264,0.06285884131504353
2265,0.004703681075929821
2266,0.45647505803679106
2267,0.9523919577120047
2268,0.1262226256319172
2269,0.37657784278860285
2270,0.07694717469810541
2271,0.22448097197107014
2272,0.08570353145717047
2273,0.9872465666254006
2274,0.9216410546528067
2275,0.0017583919548193197
2276,0.046270589896803174
2277,0.9676693009470676
2278,0.7003616955794482
2279,0.02072738769943472
2280,0.03313246761008672
2281,0.27748258440126794
2282,0.06747071395838088
2283,0.09997142288629163
2284,0.6533492257491482
2285,0.046396924191764236
2286,0.9798464484557186
2287,0.0653946183096776
2288,0.007435002924177321
2289,0.007725320752431387
2290,0.007754119034828386
2291,0.9409429140258159
2292,0.12264984031625466
2293,0.022877582350158625
2294,0.03758510163855616
2295,0.9725806115662927
2296,0.8861398164496982
2297,0.22171601237313335
2298,0.008997601820802576
2299,0.04080760295799132
2300,0.019943267966669353
2301,0.03389504328792992
2302,0.04021734521642298
2303,0.26634608488240735
2304,0.882159454472704
2305,0.042996218522363294
2306,0.0805566488270076
2307,0.12106465416889381
2308,0.1427986965226886
2309,0.0020225674241621094
2310,0.010408523447427164
2311,0.005394394761016202
2312,0.006094204929789958
2313,0.007993067282051423
2314,0.9810711287379041
2315,0.07290559007335574
2316,0.09695051629746776
2317,0.8513148301398201
2318,0.13610680640232553
2319,0.0026242008224170296
2320,0.09415333737666022
2321,0.9986758591170724
2322,0.5279123560451835
2323,0.15074309024446297
2324,0.9452469886277666
2325,0.1281337474766687
2326,0.5509063582884738
2327,0.004418511606349413
2328,0.9896457696548722
2329,0.17291277728240756
2330,0.031969596084422416
2331,0.0023301364364444934
2332,0.08212360287306371
2333,0.985986848310578
2334,0.0019885090869184887
2335,0.12253729995362826
2336,0.028754051511838442
2337,0.9830000603467203
2338,0.09778184018044514
2339,0.9817544236163398
2340,0.04382749815379715
2341,0.007793258148348154
2342,0.30553947264681985
2343,0.9891623436424934
2344,0.07143883565563
2345,0.01132697229578205
2346,0.03727396033438795
2347,0.39565351719362074
2348,0.0012729894735989667
2349,0.4114160537677291
2350,0.12136157050968621
2351,0.9208701873823048
2352,0.5808995329373179
2353,0.9786161545106802
2354,0.010792571465020107
2355,0.07357856660166871
2356,0.22102729494155232
2357,0.9604492616697741
2358,0.02552269170099779
2359,0.00941644391302823
2360,0.2207365571535466
2361,0.19936517094612505
2362,0.008799381843606121
2363,0.08035848041125965
2364,0.014953246852415756
2365,0.6632051906849434
2366,0.7518721863881506
2367,0.06400708352429883
2368,0.015452635287099996
2369,0.011397492740102974
2370,0.11316991023727364
2371,0.9927426169585674
2372,0.2974256603773532
2373,0.016659308828036633
2374,0.002011389370826028
2375,0.9146220667042699
2376,0.02447121705933388
2377,0.2870875387657854
2378,0.9459395949916458
2379,0.010477549459956428
2380,0.013089293943323954
2381,0.01859687771598042
2382,0.7471861633242951
2383,0.4850081288022404
2384,0.9258704012201133
2385,0.28414519355582474
2386,0.04697171160769585
2387,0.14969533990430128
2388,0.9903462558907912
2389,0.006250623841074625
2390,0.21164503550360994
2391,0.19919063915578633
2392,0.01914782216102055
2393,0.060449140791832674
2394,0.6620005568683149
2395,0.12583293831736586
2396,0.03170187167276087
2397,0.5979960340573798
2398,0.03205622480136653
2399,0.23909917188982882
2400,0.008253167477274493
2401,0.027416055417549906
2402,0.10741883084255438
2403,0.202809955735155
2404,0.9679404275967534
2405,0.09048508736389077
2406,0.0773901593581251
2407,0.6192510357759663
2408,0.39440363474395035
2409,0.050684713963775024
2410,0.047197137674074685
2411,0.026843523515726192
2412,0.0052537817782596
2413,0.9738766892589568
2414,0.008684131268570068
2415,0.9902182844895269
2416,0.4851369598209737
2417,0.9247871651334797
2418,0.014129531187537386
2419,0.030430307703112926
2420,0.9878256674792498
2421,0.13870301070116028
2422,0.002425842390298698
2423,0.01241441328772959
2424,0.016704961895239054
2425,0.5464187991233183
2426,0.884022774272803
2427,0.9988371655573091
2428,0.002600179719880334
2429,0.9485776751169557
2430,0.6062493971184333
2431,0.5763373764369805
2432,0.9452727700343524
2433,0.09080262369604067
2434,0.058659008019420956
2435,0.09877624866314666
2436,0.27560732620802625
2437,0.9748547102474383
2438,0.1241083565128011
2439,0.13271689145888788
2440,0.3094138299013721
2441,0.9965826552621555
2442,0.24531891429035851
2443,0.08392403792310296
2444,0.8759778147246007
2445,0.16137605427978424
2446,0.4822240081466984
2447,0.046182468274115214
2448,0.009329880321463119
2449,0.8317111040184433
2450,0.20069271584328394
2451,0.009229590712430383
2452,0.45594702531780407
2453,0.5128365662199654
2454,0.020313835532721966
2455,0.2521191966297629
2456,0.0045579109295115945
2457,0.9849888309129453
2458,0.22491716741897572
2459,0.8976298700480191
2460,0.04843719474986016
2461,0.00703662390813359
2462,0.01629886655479977
2463,0.9121825091192768
2464,0.004304565159973628
2465,0.011751356566603668
2466,0.03387077456748991
2467,0.032347137657938986
2468,0.9608358618705268
2469,0.5625651147520281
2470,0.9939071207042143
2471,0.00865555514360083
2472,0.0735615252259362
2473,0.013200551789059389
2474,0.002445806493446158
2475,0.003887794932709435
2476,0.7194987578477215
2477,0.04663241889581697
2478,0.0062200865301378855
2479,0.2636866543373188
2480,0.985627949590118
2481,0.022599007720691865
2482,0.21966391647787584
2483,0.5487497010764031
2484,0.008462324777858476
2485,0.8662481130968287
2486,0.07496509513698987
2487,0.9746262150228207
2488,0.469226406373612
2489,0.031410014456848996
2490,0.25316081669490714
2491,0.0015923060802245383
2492,0.3769496899806308
2493,0.432434024498611
2494,0.014135929581362052
2495,0.5880081403353674
2496,0.03785959875434011
2497,0.0984372643774491
2498,0.1256977042066469
2499,0.9984533786630732
2500,0.01369937742906318
2501,0.04049962865075382
2502,0.019828911114876197
2503,0.2013647709319715
2504,0.997256041541884
2505,0.07497069207490231
2506,0.08544156650626794
2507,0.4160389763156109
2508,0.09259970921755459
2509,0.03199984225503244
2510,0.035613795218946157
2511,0.18522465950102834
2512,0.04132711719592343
2513,0.0695263285097332
2514,0.09497128815657249
2515,0.07883538917908997
2516,0.038389209848491194
2517,0.7059058049636389
2518,0.18063661167722728
2519,0.20956959521995017
2520,0.03230378538408142
2521,0.23379815100500345
2522,0.2230633954906447
2523,0.08300894699149974
2524,0.016691138583835776
2525,0.04698387020179194
2526,0.03722007772771683
2527,0.34599188338133646
2528,0.21707817824104234
2529,0.07162819096238261
2530,0.8132799676139734
2531,0.011526692501930457
2532,0.9105924859238543
2533,0.15039662926427017
2534,0.037358894567061485
2535,0.9881982164107987
2536,0.13199539452767667
2537,0.028805704260567836
2538,0.013275591221392553
2539,0.5932232635109768
2540,0.032991836958423816
2541,0.18552563494370844
2542,0.11212893669114757
2543,0.1692663776428707
2544,0.9893037232397637
2545,0.00390710129230966
2546,0.31772405654501623
2547,0.01650846558895453
2548,0.3780476769218127
2549,0.0010696605431978479
2550,0.9288878673135625
2551,0.39484099189111277
2552,0.03474052562376064
2553,0.01784897435942723
2554,0.002613305765185165
2555,0.8235009981508514
2556,0.9723506715334562
2557,0.20888192219461632
2558,0.016406734423535393
2559,0.2059765431422148
2560,0.1620121143825179
2561,0.011078765590547473
2562,0.7505325117490607
2563,0.20225118102060444
2564,0.9288588555365744
2565,0.9132356381460515
2566,0.0634463272383238
2567,0.9774035085149824
2568,0.18312527351706973
2569,0.0029360507499878773
2570,0.02161095642556032
2571,0.6745692304662603
2572,0.05259058442716747
2573,0.05667178873160511
2574,0.008861957345511734
2575,0.9391831460341871
2576,0.998086522666576
2577,0.0929740369554119
2578,0.010755239586421227
2579,0.32674043646629
2580,0.12793366118921884
2581,0.9544390734994238
2582,0.02787706408721246
2583,0.12988128649509384
2584,0.2095649359961938
2585,0.06782496115886955
2586,0.014471656177759116
2587,0.08087904132271424
2588,0.8869383380486426
2589,0.00677711362634707
2590,0.004453154833316833
2591,0.05138779398579029
2592,0.12534749328518907
2593,0.14780553174335265
2594,0.13988301692218388
2595,0.041223894353141215
2596,0.04815424413740517
2597,0.9700899040101574
2598,0.9644782786576322
2599,0.081592325726656
2600,0.18760989978684212
2601,0.03579909876237281
2602,0.06868534273115609
2603,0.9909081337586467
2604,0.9265717705333703
2605,0.0749343876094186
2606,0.14672939146515562
2607,0.24582516250492686
2608,0.9951361420031573
2609,0.06330855189746085
2610,0.9734425235945003
2611,0.9230436638175245
2612,0.003797721607590534
2613,0.4632811963816754
2614,0.003653689037157938
2615,0.007930989042255508
2616,0.011926720524858487
2617,0.012425349025711355
2618,0.007553764763448505
2619,0.9840094843675664
2620,0.0434422501519219
2621,0.9569356250793855
2622,0.17348769851443663
2623,0.03089806548069429
2624,0.09982734789124195
2625,0.013528632651596683
2626,0.8290514355059333
2627,0.004185164355640954
2628,0.17920756298593254
2629,0.9572224157512803
2630,0.327446822867512
2631,0.8100118180918789
2632,0.9670147466144259
2633,0.30799060020257174
2634,0.9775415697558798
2635,0.6455748432380188
2636,0.9986671867488648
2637,0.1933666376902424
2638,0.01142151623027866
2639,0.04469891911443981
2640,0.00491366196328796
2641,0.0176327591237972
2642,0.47251032565859813
2643,0.9975995459914271
2644,0.9529422794075293
2645,0.0017529547023621827
2646,0.0011408675427139175
2647,0.42658830074427556
2648,0.006580378742304978
2649,0.923715626020587
2650,0.14090431334531706
2651,0.025257342750353386
2652,0.7585998342820701
2653,0.6773327866086891
2654,0.015664514508760885
2655,0.03963826006380103
2656,0.09764609910307051
2657,0.8014552174048728
2658,0.6215756593383174
2659,0.20998187634908838
2660,0.9783421144535789
2661,0.0046548414129134515
2662,0.004965075234458068
2663,0.01148531698917064
2664,0.015754054668100457
2665,0.9829755582704405
2666,0.9743674772277309
2667,0.11168086626263266
2668,0.434507387021543
2669,0.3138068335308108
2670,0.6663716833249461
2671,0.19682399993622068
2672,0.09511018737889732
2673,0.024439977316659256
2674,0.06345832460671841
2675,0.03778162843951817
2676,0.9745185136892247
2677,0.997789982129344
2678,0.09510888070619414
2679,0.039810639866427
2680,0.9764762111841554
2681,0.00759155399090671
2682,0.0028701422366875797
2683,0.5736732534000298
2684,0.0025268688553835815
2685,0.3087467608980362
2686,0.9266714288622026
2687,0.017128329024467263
2688,0.8071465369537076
2689,0.08557477118891116
2690,0.01141891120110967
2691,0.03820050194811954
2692,0.007107628887010088
2693,0.2259842540903275
2694,0.09944059125463094
2695,0.07690487320027857
2696,0.05722903711713444
2697,0.9944529435233186
2698,0.4056678752989477
2699,0.056804645803282594
2700,0.25084975894871414
2701,0.9440818340195742
2702,0.9421614612035747
2703,0.9645752331234554
2704,0.9071601756230556
2705,0.2324897277177147
2706,0.0397086608683755
2707,0.9988405168712322
2708,0.004659470943195793
2709,0.9214929137821777
2710,0.3690403508724327
2711,0.00827051539956394
2712,0.0473243864249735
2713,0.015943305539565286
2714,0.9277219330358464
2715,0.07902828080213004
2716,0.0016916023662400647
2717,0.951700932692524
2718,0.14255203740470232
2719,0.11983586245100794
2720,0.49489409080409574
2721,0.040740357002680715
2722,0.9801326551058428
2723,0.023280631182199273
2724,0.19695434846220028
2725,0.0027013506187770564
2726,0.8961659875269041
2727,0.9436471310664256
2728,0.006882094529291808
2729,0.5773936169842433
2730,0.30266609018369567
2731,0.016503447812733357
2732,0.34635470307359234
2733,0.0062787764773896415
2734,0.01480009803268036
2735,0.013144407515678169
2736,0.27967826253340594
2737,0.015793234051573863
2738,0.6209109884133102
2739,0.16829871650515865
2740,0.8309913471950073
2741,0.9984611238818997
2742,0.9973833962464482
2743,0.09626197361361721
2744,0.25983667468388183
2745,0.953141638104755
2746,0.9614451004197313
2747,0.6709234167912566
2748,0.06338166961301292
2749,0.05763849300946701
2750,0.011088410209440284
2751,0.05620032603221324
2752,0.12058334047102293
2753,0.06238165012862241
2754,0.05830475978645617
2755,0.704057248679648
2756,0.28744450724229964
2757,0.09271124130158268
2758,0.07474690228487449
2759,0.10137636986963186
2760,0.2581195969400052
2761,0.819606860775302
2762,0.9660381282128017
2763,0.443345587908271
2764,0.021948526449186545
2765,0.13513231458890054
2766,0.10501361688187222
2767,0.6911071718518745
2768,0.009395876236043446
2769,0.9750280611951265
2770,0.03571187310989763
2771,0.043198283602428084
2772,0.1033116527221761
2773,0.8742638543002457
2774,0.11940926978315497
2775,0.19876795115521945
2776,0.5033083777133611
2777,0.0406653624450665
2778,0.10105002365467096
2779,0.04338341473178946
2780,0.4974299231420655
2781,0.6830208189324682
2782,0.002973890543488897
2783,0.002363611101312998
2784,0.05472348383061707
2785,0.00968736619819178
2786,0.003969417032837788
2787,0.0031355990843680804
2788,0.037251074687643326
2789,0.030850921234479713
2790,0.007431742811876724
2791,0.011176142304891334
2792,0.8228999729140017
2793,0.9276829261274953
2794,0.42808049412348437
2795,0.20581738047488213
2796,0.0077571024751407775
2797,0.02065586427921924
2798,0.6230304715488326
2799,0.9271067518032601
2800,0.0497487719358683
2801,0.9109242348925533
2802,0.036870214605525496
2803,0.9746193805287122
2804,0.015015651242315756
2805,0.030183663883383137
2806,0.04229515981591736
2807,0.0329442961728145
2808,0.07741345499273433
2809,0.16747477479975645
2810,0.013895656114628983
2811,0.002927216740811086
2812,0.9743537901602507
2813,0.03422451479440651
2814,0.002253833719104029
2815,0.7630361088914024
2816,0.03550398085296124
2817,0.03220680449489088
2818,0.6630864952194806
2819,0.9724799208014236
2820,0.892487063187157
2821,0.02046333495775277
2822,0.15556571606762148
2823,0.44737724279471025
2824,0.23683278809701586
2825,0.04850584856067837
2826,0.9840394489459451
2827,0.03636898419897237
2828,0.03818479276444795
2829,0.8936929530860513
2830,0.029774872848182095
2831,0.031210762985521258
2832,0.0650277929584529
2833,0.7865659752859212
2834,0.9768503497561312
2835,0.01697809626712845
2836,0.020921218238140332
2837,0.07202218155518776
2838,0.034714926482797594
2839,0.05781896566527132
2840,0.019108863279365486
2841,0.9955239063857709
2842,0.9922067515943835
2843,0.9365495548075962
2844,0.016708754552417618
2845,0.008535572842054126
2846,0.2018141087844328
2847,0.015289364473812685
2848,0.014725335056860791
2849,0.013841088113869466
2850,0.05954866223795878
2851,0.8502498909166312
2852,0.016782840007717608
2853,0.8934085738865701
2854,0.001637445867353821
2855,0.5699105224266461
2856,0.007531176853866425
2857,0.1103984550687302
2858,0.006673933082902313
2859,0.09320458444839785
2860,0.015585708777604113
2861,0.06840897171662444
2862,0.6110531315822004
2863,0.018044781428600113
2864,0.49369000286282627
2865,0.9686058934786043
2866,0.009076490561764034
2867,0.0689081096849595
2868,0.0021181034816595947
2869,0.07993120613777735
2870,0.023886035971659392
2871,0.017999097614988753
2872,0.2331569427114491
2873,0.16770547659655718
2874,0.04368565514580019
2875,0.04306591753984573
2876,0.021562305191347303
2877,0.04193942439169368
2878,0.279531616728681
2879,0.11380043478421761
2880,0.9478340680659827
2881,0.5956060995710581
2882,0.24902318552824354
2883,0.010808899041123582
2884,0.7689409258620324
2885,0.9558391561816502
2886,0.9980438059447548
2887,0.8066474168385149
2888,0.11797181950734106
2889,0.048129447492481374
2890,0.417316636347525
2891,0.9921337953165023
2892,0.002086529409211629
2893,0.4734655387778839
2894,0.247112035346512
2895,0.9617076798258074
2896,0.0627264699952948
2897,0.006781735528890843
2898,0.5548060193936141
2899,0.06103303953805178
2900,0.08893709599715655
2901,0.0332087986645951
2902,0.20715521839523027
2903,0.0022220589638733876
2904,0.02041284269268407
2905,0.5743330901480492
2906,0.14909561609076105
2907,0.00171489483127913
2908,0.09922054975838929
2909,0.00790328338828327
2910,0.5167344395904179
2911,0.06714798934851338
2912,0.5963332045285245
2913,0.016978077483053352
2914,0.9766549653909888
2915,0.11335289753386513
2916,0.5287794163976294
2917,0.0672659678721634
2918,0.683619421477127
2919,0.12908978652142117
2920,0.02827455168715682
2921,0.1146277468140576
2922,0.06719136020466826
2923,0.009306908630246972
2924,0.6725645062846007
2925,0.8471274229014701
2926,0.6155075483449783
2927,0.10491096347433915
2928,0.8232483266166883
2929,0.9736511899772297
2930,0.07873967621148817
2931,0.9963932623107403
2932,0.9765472165426238
2933,0.10843247582837796
2934,0.01100460893421802
2935,0.4391354038786035
2936,0.004517086250247578
2937,0.03214468852939652
2938,0.7141498461744759
2939,0.9640353548302101
2940,0.4040018798312366
2941,0.007231869212116828
2942,0.9198608515459008
2943,0.01930772999995322
2944,0.47957136079914675
2945,0.062285442107822
2946,0.05998632159516772
2947,0.026468881423029167
2948,0.07488601737114511
2949,0.012672730692798633
2950,0.033069955777274944
2951,0.0066319184349233505
2952,0.5672954204826248
2953,0.9751183824129677
2954,0.04613262628957088
2955,0.022321783058292816
2956,0.9608515254469703
2957,0.40829696064784227
2958,0.04327717884263766
2959,0.23045175425714104
2960,0.017235530298544584
2961,0.0026574457303424528
2962,0.7267363395925399
2963,0.1030260310271278
2964,0.6941537717691321
2965,0.9416062840906231
2966,0.03418069548336236
2967,0.30595498266723903
2968,0.011531521625817722
2969,0.3060511174644358
2970,0.020231576948923254
2971,0.058106533795806575
2972,0.014856036850309878
2973,0.29596633951722895
2974,0.8437128051514396
2975,0.10752543246151848
2976,0.08566776047370522
2977,0.9878434391457074
2978,0.0027463667323902327
2979,0.026292529414057703
2980,0.014134799180030144
2981,0.03212838566325935
2982,0.7352786984919902
2983,0.7909062518161848
2984,0.08114533554544473
2985,0.17737271782262126
2986,0.0492350374098158
2987,0.02677426477274452
2988,0.025892424075446188
2989,0.042466318485484274
2990,0.03219839820806993
2991,0.8956736681860769
2992,0.957537856135843
2993,0.16610502205337924
2994,0.1338055200735726
2995,0.025570795256866737
2996,0.09529926561222588
2997,0.17519478328345142
2998,0.1008293359002176
2999,0.6072862276157679
3000,0.11353125747135688
3001,0.0020682110777770694
3002,0.9750205873352085
3003,0.002849579462571248
3004,0.29103680488543954
3005,0.8074008647761752
3006,0.12320554708523201
3007,0.1903258067770156
3008,0.36497912664605114
3009,0.1375500760626658
3010,0.007657973642023469
3011,0.035256775838409915
3012,0.9625711251389258
3013,0.1393683478041443
3014,0.0021818409617237406
3015,0.0023083191620852945
3016,0.007926885118928422
3017,0.8658101663950123
3018,0.015154872643662828
3019,0.5386770452098826
3020,0.06292630706529631
3021,0.33566477416659457
3022,0.9620628855169161
3023,0.004305660996303449
3024,0.07061089943737403
3025,0.15573436181296785
3026,0.9249065945985454
3027,0.09758231605113223
3028,0.22984458290706766
3029,0.1775276250450415
3030,0.015688127314943442
3031,0.005899252610596721
3032,0.032111399678827535
3033,0.6497559286503298
3034,0.22001797932768447
3035,0.2961455560508622
3036,0.4406061904761275
3037,0.12172881254973004
3038,0.4004851464934106
3039,0.012181989208795659
3040,0.05712655343209082
3041,0.0875528503099039
3042,0.9482925271224052
3043,0.013287164074208387
3044,0.08983817065039487
3045,0.7141689646161183
3046,0.026454277211615276
3047,0.04834270199052848
3048,0.9736951857557449
3049,0.7336986865574964
3050,0.9961749618538545
3051,0.9643724243887034
3052,0.009630767446832523
3053,0.9140859316386918
3054,0.10381482688815455
3055,0.04601612301842123
3056,0.7233659331621949
3057,0.0030515070207593436
3058,0.9964126816636102
3059,0.0013555724435090036
3060,0.9250687435056586
3061,0.9987384547478121
3062,0.10333464577391493
3063,0.40819608548636005
3064,0.05612599839035755
3065,0.006529180993921575
3066,0.6041405659600195
3067,0.08272859009212208
3068,0.7060076021633382
3069,0.07282590144290958
3070,0.005765647388415436
3071,0.005145948474623539
3072,0.01453277514562772
3073,0.21318550190612925
3074,0.43576314967249097
3075,0.10240458101459346
3076,0.0022517312258117676
3077,0.989279694099094
3078,0.9943966403282121
3079,0.07140494735471103
3080,0.007369044085444196
3081,0.05854360506708644
3082,0.8934024191019028
3083,0.01839418117266542
3084,0.45029609887312505
3085,0.5006745560344568
3086,0.05569507241741404
3087,0.05600251986868761
3088,0.03561709283057102
3089,0.04277043521938077
3090,0.03456925038730567
3091,0.0707829844477356
3092,0.010562704706276078
3093,0.9040742616156545
3094,0.006659607857801984
3095,0.13574706220003874
3096,0.09045227663150737
3097,0.012979471944058373
3098,0.9986099469398961
3099,0.008049004914844084
3100,0.04027864751423039
3101,0.007211983039812209
3102,0.010226696608754818
3103,0.019518567152825135
3104,0.19154109044833356
3105,0.3540964001661817
3106,0.06804592385336121
3107,0.801713242146391
3108,0.019321625509498494
3109,0.0071616570465929
3110,0.00721738067234679
3111,0.03151049319989833
3112,0.0012440517232819627
3113,0.07010390960272653
3114,0.01001701287116328
3115,0.7920263315444496
3116,0.06540237007967838
3117,0.002763742100794087
3118,0.4347119250766476
3119,0.50791216965931
3120,0.0020338926168313406
3121,0.0105167445891092
3122,0.012259554112174836
3123,0.9867944944560729
3124,0.02585799083869696
3125,0.42687792204378916
3126,0.01861333467967794
3127,0.8313505762279965
3128,0.0043139999067416095
3129,0.042716993629419636
3130,0.7449849085288417
3131,0.8225902338863563
3132,0.05813359376558651
3133,0.14619310967885954
3134,0.012928528841202595
3135,0.006316632528407275
3136,0.22393771004794402
3137,0.01485288132799598
3138,0.025047068254461128
3139,0.9822591322715372
3140,0.1349890522157026
3141,0.004496186818572218
3142,0.9523406158130625
3143,0.6152833878141304
3144,0.9702144940054105
3145,0.040115300834239226
3146,0.14031334132055975
3147,0.06826420989780765
3148,0.1579294191706238
3149,0.9691702569398037
3150,0.001680883463939095
3151,0.2752361200137045
3152,0.004049876182822995
3153,0.01405075805521203
3154,0.024116777185397367
3155,0.012828832587083762
3156,0.023790675210140753
3157,0.17904799255423964
3158,0.003776603986989255
3159,0.04372141927269195
3160,0.7899661701753379
3161,0.03231599845093988
3162,0.9384842533640791
3163,0.013718831008637328
3164,0.14479319594788753
3165,0.027800844906289788
3166,0.08066346229223118
3167,0.015362848987896808
3168,0.02953604387651403
3169,0.9696845387525559
3170,0.010204782742861745
3171,0.1962698967879469
3172,0.24604879520730633
3173,0.016377151793474924
3174,0.9287942114613401
3175,0.7863898462384991
3176,0.0016288047252741222
3177,0.2624656002688848
3178,0.25399081561689907
3179,0.003548732091404571
3180,0.07611509515316615
3181,0.029903406527780046
3182,0.12900038077705572
3183,0.617266310948051
3184,0.00255218130828949
3185,0.31060578539584505
3186,0.05919235381386567
3187,0.9724983485772306
3188,0.017512383876413115
3189,0.025583280102652227
3190,0.9985906577482871
3191,0.6859834946763087
3192,0.011981380636892327
3193,0.04784788230275799
3194,0.01915208418761948
3195,0.8739204391177575
3196,0.8374428680271794
3197,0.008545709718742736
3198,0.0034382778304146763
3199,0.49059535386866615
3200,0.9948226359929564
3201,0.12412851285449567
3202,0.007912604592077589
3203,0.10338007509371103
3204,0.43731458896983516
3205,0.949043089041077
3206,0.7392393699321698
3207,0.024120007921287108
3208,0.08425640463461007
3209,0.9694459933398655
3210,0.0052007203397607185
3211,0.9842393641543095
3212,0.04880985352417952
3213,0.8077242950830598
3214,0.02865283817485707
3215,0.0399483432927851
3216,0.9828524774729719
3217,0.970484865426033
3218,0.9595533672066303
3219,0.9150545661743064
3220,0.8047962228639922
3221,0.09693091244579505
3222,0.20038774309160257
3223,0.9286043786600017
3224,0.009350282866735938
3225,0.008459691718635639
3226,0.16421691741069722
3227,0.9947629641996711
3228,0.9696088630481366
3229,0.679992036843391
3230,0.023453424107643783
3231,0.009478969349434804
3232,0.3111950648836269
3233,0.1956164885063514
3234,0.13707032848961914
3235,0.023033769492948643
3236,0.357464491162518
3237,0.8969719608074272
3238,0.00987184494364824
3239,0.37495919306561326
3240,0.03420009405048155
3241,0.02962252403479813
3242,0.3894227172521671
3243,0.10039250324193993
3244,0.10550499196101873
3245,0.8433152313911865
3246,0.2330833860074514
3247,0.19944493925269807
3248,0.06859967132952363
3249,0.04043382350219623
3250,0.4072664843559793
3251,0.015296190458234027
3252,0.022668550027055347
3253,0.004384737875315387
3254,0.24159072878702315
3255,0.008162368164039277
3256,0.006130087080776185
3257,0.0029261789195639187
3258,0.8742694052570212
3259,0.02508149501268285
3260,0.7465391922352478
3261,0.1949926800656248
3262,0.02450379382871125
3263,0.5459593818337691
3264,0.013497353278463579
3265,0.14710062597033657
3266,0.1644964595127686
3267,0.9161299856570104
3268,0.9889565219493786
3269,0.043208029402927395
3270,0.13716562575535304
3271,0.9128386423029327
3272,0.30681425979960714
3273,0.04862868395964964
3274,0.008084638562333081
3275,0.16027534227553236
3276,0.2623307751338285
3277,0.3369620254001404
3278,0.975337985305925
3279,0.6398453541012913
3280,0.10299325799009457
3281,0.005122225929286522
3282,0.05942672048314049
3283,0.006590815763612821
3284,0.9804925469956087
3285,0.01133941878081218
3286,0.6536480977535297
3287,0.26529487390513556
3288,0.7280078677422254
3289,0.003615572486772849
3290,0.27051682018086004
3291,0.01848911416722833
3292,0.10566366385625417
3293,0.5825573323991969
3294,0.8556740533764289
3295,0.909364327738631
3296,0.01697287930063318
3297,0.7313579858383494
3298,0.7244236759178118
3299,0.9420624227347281
3300,0.0016071553325528167
3301,0.05296888799767459
3302,0.6600485556542721
3303,0.008318481662904676
3304,0.3374496158801516
3305,0.998268010845105
3306,0.9953578590807636
3307,0.7514278299448666
3308,0.6142887382044678
3309,0.029209759400203282
3310,0.9878258910518802
3311,0.5967711103175535
3312,0.4742258438605583
3313,0.07649627301600168
3314,0.3050288189771484
3315,0.19008363480899076
3316,0.9422614165843739
3317,0.9911063397768043
3318,0.5890384326047007
3319,0.9720099800090212
3320,0.0019171995713106278
3321,0.01507135142835242
3322,0.004214185625551527
3323,0.04449694941996853
3324,0.7980039131621305
3325,0.08395737674045914
3326,0.004790383711502536
3327,0.09444377950433425
3328,0.02827087789096546
3329,0.975997505883669
3330,0.9852202460839827
3331,0.1193525378774725
3332,0.8841503205686123
3333,0.6562279521135169
3334,0.10198145627668982
3335,0.9574061779937422
3336,0.9574037520737038
3337,0.8287659556109883
3338,0.3980004481991222
3339,0.0561688689399342
3340,0.961122421922381
3341,0.9377249739489132
3342,0.3891503143226307
3343,0.021976917394714537
3344,0.6349252080429484
3345,0.33494782749921653
3346,0.9682868219735683
3347,0.7440669254266475
3348,0.603121584819494
3349,0.0102231959361129
3350,0.09068753632562083
3351,0.5431551287804398
3352,0.755858568693292
3353,0.010493570052969258
3354,0.006653225611131628
3355,0.32856148916665817
3356,0.009993440145524512
3357,0.28072417332378863
3358,0.0023931308604363604
3359,0.01734149095618147
3360,0.0018500590222297341
3361,0.0022052811136921693
3362,0.08736191307580438
3363,0.1616095132824325
3364,0.24971269483129965
3365,0.008626261221618286
3366,0.9587909959214291
3367,0.06551290810759676
3368,0.14108727276364416
3369,0.010217399364600881
3370,0.6439985601811347
3371,0.194037151019388
3372,0.013586259056960176
3373,0.00455759394503236
3374,0.6390768580574824
3375,0.03515029534120792
3376,0.013168181692055747
3377,0.5484470217109272
3378,0.9758662081870851
3379,0.05860699983860092
3380,0.09699252297183736
3381,0.006642709787808358
3382,0.0736468563868708
3383,0.30216842647463527
3384,0.9709330172152333
3385,0.9437929919176334
3386,0.013493418482216319
3387,0.00896722539445486
3388,0.24764073676350018
3389,0.12083304396729891
3390,0.3793164497163211
3391,0.9988660989204983
3392,0.0023137206799430828
3393,0.11039565100072297
3394,0.16084340385568277
3395,0.0847465961888209
3396,0.9609362859612286
3397,0.994178044497058
3398,0.005948948920098242
3399,0.04339488441226244
3400,0.07838372672063726
3401,0.03664579925738222
3402,0.021739120196786713
3403,0.9292618830758939
3404,0.13203503486470106
3405,0.021814055226476357
3406,0.36724220403346186
3407,0.888081731007293
3408,0.04826719116676544
3409,0.015442310145930189
3410,0.9934801075326951
3411,0.08915384898814466
3412,0.9759132263332413
3413,0.9232122946507498
3414,0.12266238653835038
3415,0.30747942745129003
3416,0.01089012836150162
3417,0.05696845340066786
3418,0.0077887560271717
3419,0.05856795434703693
3420,0.7803457036071789
3421,0.012355775047380266
3422,0.04835314271819416
3423,0.04536395751383
3424,0.028537217998974834
3425,0.02571851146747929
3426,0.056396244937365364
3427,0.02006328368551184
3428,0.036742767792791904
3429,0.5118387916351955
3430,0.0020558588411883003
3431,0.4924403326533476
3432,0.23076421993326002
3433,0.010021529511009142
3434,0.9682055524172767
3435,0.06636202873694308
3436,0.09055612363047948
3437,0.16945968940161232
3438,0.15787349328821088
3439,0.28824529607505794
3440,0.9272270306486285
3441,0.4263598508070245
3442,0.004134666653892433
3443,0.31947214850158556
3444,0.4256351968265145
3445,0.127476491134558
3446,0.46021013130414007
3447,0.03161057461112646
3448,0.03217575106411277
3449,0.029420715371352272
3450,0.05585787713028467
3451,0.015316975741270139
3452,0.193163623428555
3453,0.85121812287275
3454,0.9982783046929298
3455,0.8745627185409426
3456,0.46825025701872924
3457,0.08046511395967977
3458,0.2585702250917766
3459,0.002235783082818258
3460,0.08649380651852127
3461,0.9790580120942596
3462,0.29516335755553225
3463,0.03703865125069698
3464,0.012741890695529346
3465,0.029152553944775457
3466,0.0064553109414600875
3467,0.006107182998894211
3468,0.15823552252809028
3469,0.8977470082866391
3470,0.005815217101472894
3471,0.49268859453036995
3472,0.02952754849471726
3473,0.006585725400246073
3474,0.0045322570411219145
3475,0.6142393099609813
3476,0.08783261219335359
3477,0.02436436263640083
3478,0.005621862861451587
3479,0.9739863127567151
3480,0.9681419817042138
3481,0.038125337803562837
3482,0.09106850257133291
3483,0.8217232132615402
3484,0.006114197635600477
3485,0.7530047531500161
3486,0.9821557372831744
3487,0.024648547590234764
3488,0.015582462043149163
3489,0.2861089989092371
3490,0.040126140761476345
3491,0.029758944651045432
3492,0.08799601193544601
3493,0.048563499273675044
3494,0.3372269056976543
3495,0.2204973067028867
3496,0.6013783100858365
3497,0.7923382996482267
3498,0.0011287283916249914
3499,0.3462727866622428
3500,0.9685596088335162
3501,0.7774613140928677
3502,0.014673524997085716
3503,0.059284758762465986
3504,0.05622293606882647
3505,0.0035669707601314595
3506,0.013828961917327447
3507,0.11642814045837306
3508,0.7120263859639409
3509,0.014478731112937685
3510,0.006447146346872197
3511,0.9584559307834613
3512,0.007197221215083272
3513,0.030723360899658544
3514,0.03432589012507497
3515,0.028137421533853395
3516,0.012594192712644867
3517,0.9589425510178622
3518,0.5939655551801217
3519,0.9866015387453901
3520,0.01576905901326388
3521,0.023816202497188993
3522,0.24842847378557703
3523,0.1436417433700665
3524,0.27696327699669465
3525,0.16068723192078974
3526,0.18567759664149464
3527,0.014364450578111424
3528,0.04736155446714809
3529,0.6872280941485969
3530,0.019913203367233463
3531,0.019887746877857663
3532,0.991874008923912
3533,0.018434568108514217
3534,0.1344987697456166
3535,0.009380966114469232
3536,0.02624872677506742
3537,0.03465857402667659
3538,0.007620523337623345
3539,0.969163580799487
3540,0.0025741664734713725
3541,0.07767402314396236
3542,0.025710003946509213
3543,0.6753909397027261
3544,0.04338212366423687
3545,0.041065657049188256
3546,0.04377497066601989
3547,0.002829940634755598
3548,0.0047002829315561205
3549,0.027764102409806892
3550,0.022093444734146588
3551,0.9605141198447673
3552,0.9968818518262943
3553,0.37073682990176854
3554,0.4676710279231423
3555,0.9839201033306291
3556,0.15021611371845117
3557,0.32943000082661744
3558,0.002650110321307847
3559,0.24677744384242162
3560,0.007997403525771673
3561,0.08914281230261434
3562,0.09453291695067623
3563,0.960352724824997
3564,0.27260647238037344
3565,0.954417030099197
3566,0.9586019902977221
3567,0.06868071169904039
3568,0.0039020319094792023
3569,0.8307562088431591
3570,0.136712456683575
3571,0.7844269495327091
3572,0.7788281427777775
3573,0.004218657485117906
3574,0.010982373110737267
3575,0.5786618492435068
3576,0.9987653654018249
3577,0.01695733984326809
3578,0.9842132622323987
3579,0.9324760038652118
3580,0.25183675769732217
3581,0.007522263424193893
3582,0.6075766711017277
3583,0.0546404076553655
3584,0.9909835911788418
3585,0.3349714538174866
3586,0.6846571109731334
3587,0.006121650396188814
3588,0.10747608891050672
3589,0.992338015706494
3590,0.050576284035135255
3591,0.5249697116448387
3592,0.8919659334208814
3593,0.9074180444245774
3594,0.9818163047103574
3595,0.04089443130963141
3596,0.09911138822205398
3597,0.9226722409436745
3598,0.02448634927291566
3599,0.008175339742639728
3600,0.9662961634250249
3601,0.0035963624344081332
3602,0.002391424987860614
3603,0.049011700423978996
3604,0.07990103786835111
3605,0.2334382681584853
3606,0.9828744811432613
3607,0.0013499301186278541
3608,0.33578735137799054
3609,0.0011049245394994657
3610,0.20348871098289312
3611,0.743687242372343
3612,0.11688773927665361
3613,0.8917092627928729
3614,0.8012449283010312
3615,0.03530488880249989
3616,0.010325911628478644
3617,0.02343294866380958
3618,0.9893208097727553
3619,0.916152379517442
3620,0.07966845824550661
3621,0.5564187262783391
3622,0.0045755691193231605
3623,0.9774283337529459
3624,0.017616800118893647
3625,0.5684577870133642
3626,0.7010267372670703
3627,0.42772520638056544
3628,0.24858270963795165
3629,0.05007542015751197
3630,0.9268014112910514
3631,0.06342360746144705
3632,0.04296762856603854
3633,0.026675014737295548
3634,0.03816606935163985
3635,0.00507898673892497
3636,0.043590219477312536
3637,0.026860029753081823
3638,0.9290310174413379
3639,0.030973658477294434
3640,0.09170714062160679
3641,0.13766526590583364
3642,0.004655421970163142
3643,0.003408809001015566
3644,0.9975833343951015
3645,0.7705818118108927
3646,0.932587520333693
3647,0.08330604223799694
3648,0.5629377935037831
3649,0.9210491240416026
3650,0.011992568385140219
3651,0.007033465581158101
3652,0.007573440809772248
3653,0.02698258230741518
3654,0.6575872780208075
3655,0.38126005356436155
3656,0.011216718139311408
3657,0.0021245646118116185
3658,0.019080801116672666
3659,0.8361916044313285
3660,0.1987361292933419
3661,0.6456213002538307
3662,0.007475859249710849
3663,0.17054619998652742
3664,0.006214359703419695
3665,0.4279875221759638
3666,0.8964719309932516
3667,0.03609303422473043
3668,0.8967000788971435
3669,0.65302967699876
3670,0.12433730215263039
3671,0.004214730855666405
3672,0.020284164844238207
3673,0.7639268035567152
3674,0.08054543104656653
3675,0.9682440676567076
3676,0.0729773683102932
3677,0.10535898602472477
3678,0.9723429783588324
3679,0.9354424968719262
3680,0.009578392355395676
3681,0.08995956343700114
3682,0.01240607280075963
3683,0.1024877842837563
3684,0.47947431944959085
3685,0.2003662977537614
3686,0.9959580690805869
3687,0.2009819917800849
3688,0.21547872605822166
3689,0.8130596323847419
3690,0.01856239609189336
3691,0.802817840052493
3692,0.3755528803628914
3693,0.998222310678585
3694,0.007269802354989074
3695,0.9387352895953145
3696,0.014050371718382196
3697,0.7888091195473033
3698,0.009794229812967417
3699,0.020941856788313156
3700,0.3154381693286382
3701,0.0546039400967277
3702,0.9926732745006952
3703,0.0892743975020294
3704,0.9645382821936742
3705,0.9939140256378993
3706,0.1853135372128435
3707,0.4273891961272821
3708,0.33036401369398893
3709,0.0028612299384287703
3710,0.012745083129166009
3711,0.9706639669699085
3712,0.06340246472758192
3713,0.15246656096792344
3714,0.4341712256630804
3715,0.005741105912598158
3716,0.1243123531832381
3717,0.7110610837505911
3718,0.9594285590508778
3719,0.10856305044228808
3720,0.8953997480961647
3721,0.3227925820212384
3722,0.9710884924431573
3723,0.9906411366513554
3724,0.007481993800085517
3725,0.10588820959950235
3726,0.0239092176216848
3727,0.1501184953119645
3728,0.1729975907109919
3729,0.5129453916750697
3730,0.9333372537603936
3731,0.0155278945756674
3732,0.11676989224526235
3733,0.0479580546397397
3734,0.02016506143679587
3735,0.13842485151559553
3736,0.0027843139862779535
3737,0.007727150962656724
3738,0.9953302331805867
3739,0.9620777646605522
3740,0.466277629074348
3741,0.8636097513099514
3742,0.944340107897288
3743,0.04099011733972807
3744,0.512008657985784
3745,0.3254563149719438
3746,0.485477031657691
3747,0.08525173547470649
3748,0.7163694061236363
3749,0.010549340046157561
3750,0.0493517358684894
3751,0.007772728128670522
3752,0.01341562365467212
3753,0.32521396163683614
3754,0.9332362949952379
3755,0.02457563330354874
3756,0.01683285874440813
3757,0.03761956298345302
3758,0.010745311602371528
3759,0.36534567337015594
3760,0.5667779692446948
3761,0.9450810078373395
3762,0.6376530235994207
3763,0.33352766642146936
3764,0.11557794873145943
3765,0.1535702714029707
3766,0.08322753825532467
3767,0.2631555581641144
3768,0.07159081854892688
3769,0.9578723209651514
3770,0.12628032546821133
3771,0.9835463902636679
3772,0.5528195108433174
3773,0.04031774022845555
3774,0.013175296872267126
3775,0.08461738155471196
3776,0.08622797243923036
3777,0.12163424048533797
3778,0.00603364916087437
3779,0.05254380773189085
3780,0.124176874968245
3781,0.3734237588042485
3782,0.6367594176768523
3783,0.08979574699971898
3784,0.16926551163342443
3785,0.897643374555083
3786,0.07137950578244423
3787,0.405027774072253
3788,0.02426372917954823
3789,0.8325866590675208
3790,0.9656350618401529
3791,0.9932863946671917
3792,0.9102820194972798
3793,0.0949027196528785
3794,0.22919200470505752
3795,0.6865885864228596
3796,0.9070589165935161
3797,0.06408479319569224
3798,0.1730530517775733
3799,0.032167261140043105
3800,0.0019288797199930713
3801,0.03281492448332474
3802,0.9856442511672829
3803,0.1361002075050891
3804,0.8025865033550145
3805,0.017438262699783304
3806,0.12122486368842633
3807,0.9974313087380531
3808,0.22492929379556278
3809,0.07960018719818943
3810,0.07357790878733503
3811,0.09624752954587973
3812,0.054143250919190325
3813,0.02735275372775927
3814,0.956572012803715
3815,0.03262543010052568
3816,0.44119904762096035
3817,0.06765616853351021
3818,0.9600776477978442
3819,0.9350500445769161
3820,0.39988612376961435
3821,0.09332789975551264
3822,0.9033709726691435
3823,0.028989885413846853
3824,0.05130142166217114
3825,0.9989012421515702
3826,0.42624027632420036
3827,0.05084143871081764
3828,0.9113888601874707
3829,0.058283257801639954
3830,0.05556869189036455
3831,0.9986580916583908
3832,0.004889121665541454
3833,0.13144443172873055
3834,0.5480707070455121
3835,0.02942174136018648
3836,0.7125065589814032
3837,0.9980995319852537
3838,0.6254271192348723
3839,0.9628642828307283
3840,0.14304653189221256
3841,0.05592306496228937
3842,0.0866983457241815
3843,0.27007921276617863
3844,0.08805171022007902
3845,0.9962428673836192
3846,0.00683641072051362
3847,0.9696098636887118
3848,0.001951982512838655
3849,0.014170648617467627
3850,0.490115350916619
3851,0.9905073795118622
3852,0.0550069135235868
3853,0.6267026278363061
3854,0.920715814671144
3855,0.0025675582556663763
3856,0.02926595626414996
3857,0.007946401613434975
3858,0.02899536416192858
3859,0.037027923913391915
3860,0.014797739193563947
3861,0.05476261197303381
3862,0.02123732755050909
3863,0.9756766118186817
3864,0.9986893680059054
3865,0.20368671275869316
3866,0.9985999210215668
3867,0.022189774725063425
3868,0.48020498555137636
3869,0.026362752575684753
3870,0.6012216873523986
3871,0.028297323801191814
3872,0.3638900766346191
3873,0.3198554087796932
3874,0.0892962330283264
3875,0.9976614139949964
3876,0.29463297146212436
3877,0.987474693925836
3878,0.04713531455344621
3879,0.003633728279356907
3880,0.9981517027858845
3881,0.9922360639074759
3882,0.3219510619611751
3883,0.4317992316490613
3884,0.02236566341350041
3885,0.0526490086125902
3886,0.9289072822885964
3887,0.2591495370970967
3888,0.09168812924289212
3889,0.11966375353346884
3890,0.026040351033932152
3891,0.9452938596561173
3892,0.005789778634340469
3893,0.8197384670413386
3894,0.09743700896144625
3895,0.42734356550449865
3896,0.12192368620650598
3897,0.9639086274070572
3898,0.34717010081363764
3899,0.2936663911685309
3900,0.07685709475729866
3901,0.002822734843508457
3902,0.9512193685385912
3903,0.6200939624900348
3904,0.024751955196287395
3905,0.07888657627043438
3906,0.9810648937298294
3907,0.05629578034669487
3908,0.06618248349512303
3909,0.9986776623496267
3910,0.0027987115354051874
3911,0.005157770508193534
3912,0.2413710763564102
3913,0.02749573267357934
3914,0.9227842991693327
3915,0.0421791082263653
3916,0.6994120020162703
3917,0.026675085237195466
3918,0.07607893271836552
3919,0.013849777137926136
3920,0.09654683801203509
3921,0.004646105125138929
3922,0.33068026885785945
3923,0.03323972084430489
3924,0.041738181234040675
3925,0.9848350252825278
3926,0.3708999960848107
3927,0.012830384286981227
3928,0.051560135881908664
3929,0.9522580728888034
3930,0.986242151918257
3931,0.002452146384018549
3932,0.3120714969630826
3933,0.002200858681966532
3934,0.9186867005143551
3935,0.008129967792450893
3936,0.12321153849398842
3937,0.21756332292618896
3938,0.9641765556409319
3939,0.048357819383582204
3940,0.10144011125430677
3941,0.9819528450052531
3942,0.011875223640642748
3943,0.18472803426974138
3944,0.8983199550333958
3945,0.7191333105981641
3946,0.03561666150001162
3947,0.0044630834483776255
3948,0.2522485853839201
3949,0.9728166044211348
3950,0.04762959216637963
3951,0.04193168698436055
3952,0.9276403400719846
3953,0.02375878679346275
3954,0.9976617579222964
3955,0.006385995868069758
3956,0.07656366230232133
3957,0.35294276750006176
3958,0.086055550272864
3959,0.954716697613992
3960,0.0755611271745243
3961,0.0481780212247654
3962,0.023716792069525865
3963,0.8450698568322674
3964,0.2596515309709741
3965,0.16729249651930803
3966,0.7679203605412243
3967,0.012370588114957691
3968,0.002050436421618855
3969,0.07300052952120663
3970,0.22099193808601397
3971,0.9720428763446929
3972,0.6924063984389977
3973,0.3402033187820762
3974,0.02482074699799732
3975,0.9241328588566977
3976,0.9569345408380585
3977,0.19564889162565452
3978,0.03138831897888518
3979,0.6488872328880503
3980,0.7627320362969006
3981,0.9386801840469157
3982,0.9720108316986957
3983,0.004838882909789835
3984,0.46471466597965894
3985,0.016499082822296594
3986,0.5176223549063674
3987,0.001990069588669716
3988,0.7908620349664954
3989,0.007345764355674467
3990,0.466980319289803
3991,0.7551330487526096
3992,0.007746470161309226
3993,0.10657545878230673
3994,0.7687730567551807
3995,0.9710274874990499
3996,0.5959154082684555
3997,0.0024497611073746495
3998,0.20385083118599276
3999,0.022472700318419588
4000,0.04622016071286542
4001,0.03561598964149938
4002,0.018800580962561042
4003,0.12665642329135285
4004,0.5624567695408214
4005,0.23158665716405574
4006,0.12636832029360678
4007,0.005917093737051406
4008,0.9946302735167603
4009,0.0910387321380828
4010,0.9980024204864174
4011,0.9276090325219482
4012,0.08174184676578261
4013,0.018039476077389496
4014,0.9988425082875503
4015,0.9644915258963911
4016,0.095122534871495
4017,0.06015361197007689
4018,0.09394395779968176
4019,0.011671119183696711
4020,0.02023259516428811
4021,0.034152966434747356
4022,0.019630089025741034
4023,0.007876850108273487
4024,0.00326241464514489
4025,0.8401195323248993
4026,0.6903972117327992
4027,0.009881549623782328
4028,0.031282476892398006
4029,0.05948441892350382
4030,0.006999149161216056
4031,0.8712184662100436
4032,0.11674383682253717
4033,0.021968233524681594
4034,0.05374397923383695
4035,0.024257872281873892
4036,0.013616787286816232
4037,0.009646337174954002
4038,0.9827471484026721
4039,0.006450788592698941
4040,0.4409686280388112
4041,0.9827572313355553
4042,0.04877353775573237
4043,0.06638009689459975
4044,0.020736558460501257
4045,0.003243037343176752
4046,0.013216187716154713
4047,0.11407286286895119
4048,0.08887684085471893
4049,0.15156248148887846
4050,0.06962837164472035
4051,0.09160738354486442
4052,0.23334709168635998
4053,0.9091423027914622
4054,0.057503114829105265
4055,0.0157527068176237
4056,0.0858534408046536
4057,0.29923362705531076
4058,0.5456282763215305
4059,0.034522601192917876
4060,0.08061285644482469
4061,0.9921547934491739
4062,0.14065521947983606
4063,0.30576553247405586
4064,0.29664030448572787
4065,0.1553312397135659
4066,0.008719830694646751
4067,0.5346686035331827
4068,0.010253289336309812
4069,0.02387304643725911
4070,0.033277456342607974
4071,0.9936170883545434
4072,0.0024463990567212207
4073,0.046722214521302693
4074,0.05104681870733552
4075,0.02476416988040349
4076,0.477743503792681
4077,0.058382244214328784
4078,0.3935086511477567
4079,0.11125682567877995
4080,0.003345590286111883
4081,0.7754017529694691
4082,0.9319998187505186
4083,0.22869195199696746
4084,0.04243465403783319
4085,0.15433551285789987
4086,0.12458180494726415
4087,0.005729063931136726
4088,0.09274524105727759
4089,0.012178604248053334
4090,0.15196829956928481
4091,0.0038512657296174745
4092,0.16952703515206857
4093,0.3485135672948207
4094,0.010255555834395073
4095,0.007847392637338331
4096,0.02376022946597371
4097,0.20750395939964572
4098,0.023954931930171095
4099,0.9728204647163392
4100,0.5121986947295498
4101,0.1283778314108846
4102,0.13872686013105157
4103,0.3190432388441278
4104,0.9747483623418973
4105,0.6112025655900977
4106,0.4725934008228204
4107,0.5921721800759856
4108,0.9914806604628286
4109,0.9772597608195412
4110,0.08304794802715051
4111,0.0019486459543285335
4112,0.982947027368255
4113,0.32913983001470115
4114,0.03759664365476839
4115,0.013734598191257604
4116,0.014855920490180353
4117,0.993766535064192
4118,0.04334735944559387
4119,0.12582293829413577
4120,0.9689011232598488
4121,0.4493065426458139
4122,0.7326364595102017
4123,0.006940478643249491
4124,0.42197768819029735
4125,0.010302561973716864
4126,0.13474015332368852
4127,0.06857342501374374
4128,0.11525606441385702
4129,0.3276017609125114
4130,0.008005781164620366
4131,0.3170562524506249
4132,0.9256527014394416
4133,0.9618432364856824
4134,0.024091358663746232
4135,0.35857180292704
4136,0.016479409409645714
4137,0.8936205791922753
4138,0.0026249785339900614
4139,0.03634404971615894
4140,0.9984107476098507
4141,0.9314357139312345
4142,0.07911141365182717
4143,0.053457978435949544
4144,0.9750010237962344
4145,0.09163142603181818
4146,0.18290433737624967
4147,0.18051898068597638
4148,0.21675295782336046
4149,0.010566654025981123
4150,0.2791295353884129
4151,0.030603891334305643
4152,0.007494606008627181
4153,0.07842746684333056
4154,0.4512363196188086
4155,0.8332825409319595
4156,0.06696658700241143
4157,0.0017659077425807254
4158,0.9670579083133141
4159,0.16327892053943277
4160,0.23801460616750003
4161,0.2728500285751423
4162,0.007212121215168248
4163,0.004663221326887532
4164,0.9713504690151313
4165,0.22890804558853672
4166,0.007773657274623508
4167,0.9932614220211586
4168,0.210126378822836
4169,0.09184616673949128
4170,0.9984658095760355
4171,0.02324201165094002
4172,0.8974559100876098
4173,0.025146515896044164
4174,0.009798641845037929
4175,0.32965837833288686
4176,0.029194837576323282
4177,0.00468542377407072
4178,0.8569610215859398
4179,0.18949903985500713
4180,0.9641175737724348
4181,0.3419484538727648
4182,0.004218402413063634
4183,0.8063028724438416
4184,0.9631466939912354
4185,0.7557818959466475
4186,0.9768209324637185
4187,0.06407523575359822
4188,0.021160819792164373
4189,0.06336368843826806
4190,0.001340742854846034
4191,0.17105284100152973
4192,0.9583771673864425
4193,0.15453426040193674
4194,0.9146726320717271
4195,0.07865728645528886
4196,0.9987479621296547
4197,0.6678170805154828
4198,0.06932825998452927
4199,0.879355732966796
4200,0.01604475918652953
4201,0.5526314135261601
4202,0.1421043080956444
4203,0.10795252696384627
4204,0.05942251198372753
4205,0.05756872707797214
4206,0.4715830183507066
4207,0.2150809223386635
4208,0.23931183243976673
4209,0.18285083054942639
4210,0.3053841197427891
4211,0.1340196706529376
4212,0.15942189897756537
4213,0.41673692903932713
4214,0.046110045859776114
4215,0.06323723799205404
4216,0.017017687550589834
4217,0.9860800806241182
4218,0.9974355364062912
4219,0.009419406124902208
4220,0.1866545217260781
4221,0.9860146753030568
4222,0.1496536553570315
4223,0.37999367048871363
4224,0.06338855710109194
4225,0.039615115305218405
4226,0.9964579360576856
4227,0.3835112961068387
4228,0.007815290352465505
4229,0.3432925625090071
4230,0.8395178910466536
4231,0.010906478025605449
4232,0.005127453865024917
4233,0.05608039894276853
4234,0.002320689098749141
4235,0.3700396888338794
4236,0.03406062182642168
4237,0.10564907482993874
4238,0.024591833208866404
4239,0.24701459164517797
4240,0.551363454221808
4241,0.9184233491434659
4242,0.008789262535114903
4243,0.03123945052589331
4244,0.9886332864519853
4245,0.055851111369099385
4246,0.023457169735064495
4247,0.005698409975311012
4248,0.06288615967829525
4249,0.584148222636927
4250,0.6862444643958826
4251,0.1288546967735852
4252,0.004937881875689732
4253,0.8527398526575933
4254,0.059147993958132306
4255,0.03466145133164822
4256,0.07256137769459262
4257,0.0027111965746982195
4258,0.7804894803115048
4259,0.005614209224094065
4260,0.9857039802188681
4261,0.9773163734922334
4262,0.6246153881206955
4263,0.9522503923780417
4264,0.010424130244075033
4265,0.23916965863035344
4266,0.9353996114861707
4267,0.02400279269024094
4268,0.9647207587334423
4269,0.1502772585381111
4270,0.2818078549826226
4271,0.010498308992755962
4272,0.14174026694298703
4273,0.004896818580096461
4274,0.013061764135477957
4275,0.9429020810447626
4276,0.7075365531639805
4277,0.011172671780739982
4278,0.010454361628881505
4279,0.18104724901302227
4280,0.9881922494719045
4281,0.3373243237731818
4282,0.2969278121237008
4283,0.006685953201577733
4284,0.01518683856368181
4285,0.34583658431185427
4286,0.11226478220240718
4287,0.8169782725432823
4288,0.7142364714767776
4289,0.012978776152536033
4290,0.7272765471321466
4291,0.02830891343637685
4292,0.02471199237469254
4293,0.717316060792563
4294,0.9437580718195573
4295,0.34902307489240736
4296,0.17653510839537603
4297,0.9851167832415776
4298,0.13193244720428923
4299,0.016299666797006677
4300,0.05717637221836549
4301,0.9989263890094733
4302,0.030311805020159774
4303,0.07166680267267521
4304,0.2984057390426807
4305,0.0073452786501295355
4306,0.06722374044458991
4307,0.028515169676746343
4308,0.9354950789053018
4309,0.9707016862639986
4310,0.08600630641904074
4311,0.009412319719014258
4312,0.9848045614919507
4313,0.9265279110988238
4314,0.05769685396041035
4315,0.01487825446771755
4316,0.8847538316234627
4317,0.8978666253214931
4318,0.826561644837613
4319,0.009078992665789905
4320,0.7768751746889133
4321,0.0024837055926515586
4322,0.4366961311462023
4323,0.09181878673348004
4324,0.5412468871857288
4325,0.39221661874827496
4326,0.0014391689703163852
4327,0.48345635763930417
4328,0.9876800161335781
4329,0.026827752780151808
4330,0.08628310822086474
4331,0.025630299533061184
4332,0.020230280735869376
4333,0.028256345499012014
4334,0.11778697328640897
4335,0.03737656223488174
4336,0.03795938187319893
4337,0.06779742004897493
4338,0.08947112972072425
4339,0.5012839099031816
4340,0.07847928829776343
4341,0.025017668103845484
4342,0.1155223092051163
4343,0.9808255420390343
4344,0.8767152011469118
4345,0.022174478895548768
4346,0.009362769515434466
4347,0.04383740628410286
4348,0.0684659241763826
4349,0.003368292335646586
4350,0.010020007917038474
4351,0.02009947265384871
4352,0.9890245394024633
4353,0.31841631536166937
4354,0.0874439267706292
4355,0.04361106453953444
4356,0.9497245431500305
4357,0.05465652761141272
4358,0.19319236960277675
4359,0.00522745626908307
4360,0.9665633894851979
4361,0.3967614023907569
4362,0.8031703768526979
4363,0.034212298911469194
4364,0.8833550319010647
4365,0.18849178170519365
4366,0.11288073268344821
4367,0.9669215820872306
4368,0.0016296380874663591
4369,0.03428356711197512
4370,0.16385830316826103
4371,0.07778142904273436
4372,0.9987062710812484
4373,0.03233831461039596
4374,0.07359673366931928
4375,0.6328702379801168
4376,0.044678957697682375
4377,0.11368710892301534
4378,0.9664392819162384
4379,0.9988843910392582
4380,0.0842630722770228
4381,0.024097995856342716
4382,0.08485916072754804
4383,0.2536409482611386
4384,0.859483428322689
4385,0.050546162210602485
4386,0.13845260950492244
4387,0.0011056843888646872
4388,0.05154494781097043
4389,0.03791878767284651
4390,0.8258351253954768
4391,0.05676968355070068
4392,0.9355672598381909
4393,0.0958481603152083
4394,0.48033108568023564
4395,0.033234911692294804
4396,0.7729705797405098
4397,0.0015491638180661006
4398,0.998523242992166
4399,0.08129001599234291
4400,0.9385325648149585
4401,0.23543074827640892
4402,0.11649894235148556
4403,0.00867029803964151
4404,0.04457115551751528
4405,0.08674815369210351
4406,0.0023697758050572233
4407,0.06889803680075635
4408,0.28600849840338394
4409,0.13259030087433732
4410,0.007646978980276392
4411,0.002064603313006717
4412,0.012206086899036616
4413,0.02764304472892455
4414,0.7473361566224385
4415,0.024856788649871724
4416,0.24586503784279184
4417,0.0396123635077187
4418,0.015960955474019208
4419,0.2823685247784111
4420,0.022854423748562246
4421,0.005759755638416604
4422,0.0016273760190950964
4423,0.1203575089882684
4424,0.005750879209864627
4425,0.04633070244110396
4426,0.07281311990075465
4427,0.0053709538787102854
4428,0.021042997486367752
4429,0.11742620918636142
4430,0.022493329101547284
4431,0.3560781953911688
4432,0.001353364764677614
4433,0.11895438843471352
4434,0.0552973740992272
4435,0.12521287189152042
4436,0.0045246020944236815
4437,0.38353924855629606
4438,0.05659272244444631
4439,0.1361742347596492
4440,0.7722193289984897
4441,0.0056606187577522196
4442,0.570871556719157
4443,0.08686355237235364
4444,0.16014658803412057
4445,0.15462420613114053
4446,0.03358461875736212
4447,0.4095921773472004
4448,0.03974480053136745
4449,0.7663325761411997
4450,0.09163413974362375
4451,0.91678019498263
4452,0.9509176937863156
4453,0.30276367883947614
4454,0.8943356742493965
4455,0.019946609576302496
4456,0.07669733541133075
4457,0.9849633416143144
4458,0.022235331232366845
4459,0.15957244804280213
4460,0.7326575888955615
4461,0.04547166921140881
4462,0.019348912934999307
4463,0.005853334895149827
4464,0.03493898114453985
4465,0.015428741321321774
4466,0.11640833874226722
4467,0.9982069402508154
4468,0.9518668097336429
4469,0.027815088797788014
4470,0.07404126925264004
4471,0.006485681117265853
4472,0.19836259535285444
4473,0.1809490234834024
4474,0.35911704770906605
4475,0.991660904692546
4476,0.168744522807331
4477,0.03828510630979262
4478,0.8744818472808452
4479,0.13386385559028152
4480,0.7780889861371564
4481,0.08770967782190475
4482,0.02330385683568001
4483,0.962355754897561
4484,0.020822542013375266
4485,0.038273190138178856
4486,0.9520659658897371
4487,0.07527901725475782
4488,0.048944571277409726
4489,0.016242770987633423
4490,0.07252386873904641
4491,0.0015150290355233336
4492,0.03178263018017381
4493,0.3689032842460622
4494,0.2618292073653527
4495,0.19213023743788446
4496,0.2050031621938631
4497,0.23659957144179206
4498,0.011848727206645624
4499,0.025686785440903172
4500,0.40216235223001723
4501,0.021238420158374138
4502,0.27068822621176336
4503,0.9864142830022077
4504,0.33086017655079303
4505,0.15465060586891402
4506,0.6201466595029712
4507,0.09014572481084063
4508,0.004249218870848534
4509,0.011925621953151824
4510,0.2015242832928799
4511,0.16759464260626705
4512,0.019015227029533142
4513,0.001466583576441052
4514,0.03888103304628554
4515,0.5303327168046617
4516,0.9546998479449076
4517,0.1172320266129148
4518,0.976163379880789
4519,0.07751322350989137
4520,0.19868691179346876
4521,0.6573207065204851
4522,0.20028693145268545
4523,0.9552940965016061
4524,0.6363481998363814
4525,0.9660158264645204
4526,0.03984766923432703
4527,0.017074859682097265
4528,0.0018641689662649416
4529,0.9769034311178759
4530,0.5270883091753948
4531,0.0250996915277385
4532,0.009046016447437787
4533,0.2710762750868944
4534,0.8078660219700721
4535,0.0320677712230293
4536,0.43040017539576514
4537,0.043386896555122345
4538,0.037938701737312286
4539,0.4919823859579008
4540,0.3282305711612124
4541,0.01075429803813727
4542,0.020981735540177054
4543,0.9855104483651791
4544,0.9821944551430104
4545,0.04342142192868299
4546,0.22485234177324637
4547,0.07938782580843673
4548,0.7472545503046745
4549,0.018290185270827264
4550,0.10553905836968863
4551,0.9547990274056215
4552,0.691201713780271
4553,0.27605093012990806
4554,0.050209348059549935
4555,0.13307424305226395
4556,0.049851574358878256
4557,0.6649689785865021
4558,0.9756377120961821
4559,0.6199242881983258
4560,0.0016820357193126322
4561,0.006708093720757948
4562,0.976702239280254
4563,0.012365777445417019
4564,0.038640236039598305
4565,0.13841457041405447
4566,0.0992492740373585
4567,0.39019274269826976
4568,0.004521061842528339
4569,0.012857202513794975
4570,0.011306536648109048
4571,0.01641893546111219
4572,0.10964094435458017
4573,0.030390993372918042
4574,0.4754488296513415
4575,0.01476223107621032
4576,0.1187837535050498
4577,0.2377179718976845
4578,0.04343866545726523
4579,0.021596954169544033
4580,0.12838136254275792
4581,0.14914884061200367
4582,0.9454699479959678
4583,0.03304368075341052
4584,0.973263158462131
4585,0.9066712601508716
4586,0.16577399262183784
4587,0.34232458791672693
4588,0.03540199147094111
4589,0.025344812990438875
4590,0.043958786419282504
4591,0.005653436019990217
4592,0.030983739332204045
4593,0.009729489640514385
4594,0.964975769430246
4595,0.030997778135827984
4596,0.10342487219790945
4597,0.9776280659553225
4598,0.27574936748003726
4599,0.6719062569293716
4600,0.005288428318127965
4601,0.0049682733846690965
4602,0.040647186905857315
4603,0.03023123573155286
4604,0.006828450699724208
4605,0.12873788152162102
4606,0.0736837548901676
4607,0.12978854243988763
4608,0.9798913510922216
4609,0.009162749439436214
4610,0.9739292543571159
4611,0.06450983770743095
4612,0.1570556630229879
4613,0.0925588820836195
4614,0.9357159928885783
4615,0.98760545598251
4616,0.029272988457834125
4617,0.3201618541262996
4618,0.9864644962469089
4619,0.7590124908641841
4620,0.9795850237115421
4621,0.035154198989022084
4622,0.5148892757847316
4623,0.05326412026211566
4624,0.36076193228447073
4625,0.0027199108117497975
4626,0.12114881240749473
4627,0.04892374882063312
4628,0.9682048911126317
4629,0.18236926326196468
4630,0.08241038152593556
4631,0.9050353518065886
4632,0.059179221671816884
4633,0.8456016313419852
4634,0.01803932263917707
4635,0.04207312972431364
4636,0.06919512173103395
4637,0.9708338456503436
4638,0.06481107267524494
4639,0.0326946813654648
4640,0.10522829987406515
4641,0.04378365627122044
4642,0.9853591677250321
4643,0.9988382208187809
4644,0.9984234133431189
4645,0.0034313789639645108
4646,0.6379540443013416
4647,0.0749490078683083
4648,0.03146287270607556
4649,0.5717543251300453
4650,0.007944230477411994
4651,0.7577455973107194
4652,0.011973313641353182
4653,0.2827936807838512
4654,0.08735690533736915
4655,0.011705172206532995
4656,0.6670883102937031
4657,0.965007320550061
4658,0.019516065948898403
4659,0.7071854647603953
4660,0.12949250043952937
4661,0.20184412349957442
4662,0.037578424851637676
4663,0.0680296549176118
4664,0.1898878952353985
4665,0.0018815670050146504
4666,0.5143033370374146
4667,0.006481708010074174
4668,0.03893730968116087
4669,0.016813856312183708
4670,0.32259315585291226
4671,0.9972180445854233
4672,0.13150072243817762
4673,0.005563451964617518
4674,0.00535137970646514
4675,0.9563754388285413
4676,0.028009292852543277
4677,0.04900904902180558
4678,0.014711738400885207
4679,0.9447224008213899
4680,0.04592756166133393
4681,0.02387490817414687
4682,0.020041388225934667
4683,0.5080921726936221
4684,0.012951109382795268
4685,0.6798128601904186
4686,0.4315633707545541
4687,0.015473459006382372
4688,0.045163467874478044
4689,0.07201322895230272
4690,0.033960970214860456
4691,0.21791142591191098
4692,0.05418305797563953
4693,0.9859539152785721
4694,0.026466259735515606
4695,0.5152454658007611
4696,0.10812409136868781
4697,0.5663093172832862
4698,0.9909288309516676
4699,0.06040518203964598
4700,0.5312569842248926
4701,0.1558746072382258
4702,0.008372684345430401
4703,0.3019604172401238
4704,0.008157197580848983
4705,0.09411779326089245
4706,0.035609364910210294
4707,0.005462031210119799
4708,0.13775341744233038
4709,0.026917457867688056
4710,0.36508041214549675
4711,0.970919767366733
4712,0.31684650676822873
4713,0.02259097675030049
4714,0.002741599849109817
4715,0.0877802842986103
4716,0.001207313204920728
4717,0.030163248202835245
4718,0.8099927795199444
4719,0.2925712064000092
4720,0.0157384379862304
4721,0.1555030746855872
4722,0.9760421253360337
4723,0.826475259085115
4724,0.062121113704881076
4725,0.006217049874671272
4726,0.05774504191829123
4727,0.09607978006405593
4728,0.1417732721274848
4729,0.01616805566879752
4730,0.006213372643592726
4731,0.006986733827961387
4732,0.09829686410801097
4733,0.9773939091582186
4734,0.024460440194771442
4735,0.014780236960822344
4736,0.9145457534944446
4737,0.19289534342948167
4738,0.8126864743438987
4739,0.43085431043150063
4740,0.99680415950826
4741,0.01185408072203574
4742,0.9660302974353185
4743,0.048749103694147686
4744,0.09926606572250804
4745,0.4082148100581233
4746,0.08541685495855633
4747,0.04507590515986666
4748,0.0084641057614247
4749,0.1954353649834783
4750,0.680834919576875
4751,0.9672183836246218
4752,0.03499285497943155
4753,0.16000263612275853
4754,0.1453307847279194
4755,0.23474573847091437
4756,0.013442365952095903
4757,0.03354264401894415
4758,0.07733830509929515
4759,0.09378296937246691
4760,0.9596034482464625
4761,0.6035784892562356
4762,0.061140176937217294
4763,0.009158248128454704
4764,0.009201078021300657
4765,0.1821477994188756
4766,0.1628280879960697
4767,0.6397551995939799
4768,0.9562307057519861
4769,0.4552697149789654
4770,0.012290356038493485
4771,0.02893181478071305
4772,0.0659777942131658
4773,0.010962809854920593
4774,0.5716843601260778
4775,0.0029098203189478877
4776,0.0593296820840671
4777,0.030613888249501987
4778,0.007522931314022899
4779,0.9885642917611246
4780,0.9933874103328322
4781,0.3242244158147157
4782,0.9912509874953346
4783,0.1421594806717546
4784,0.3110455684819092
4785,0.060403620475267955
4786,0.02638854417377306
4787,0.8627618327537416
4788,0.12811635776915647
4789,0.003759466858112835
4790,0.008113459424544413
4791,0.005881163126605388
4792,0.835114351658782
4793,0.990146671565713
4794,0.06578442593617462
4795,0.004958571615995028
4796,0.9973716092099707
4797,0.00886300036074548
4798,0.8759665758814876
4799,0.5895685664058559
4800,0.6128079502439371
4801,0.5191759072673588
4802,0.00970207113208557
4803,0.013762995932301979
4804,0.018359901043494387
4805,0.015318566908312979
4806,0.4071185911367626
4807,0.9681855438483975
4808,0.0607082901688102
4809,0.04018027362459904
4810,0.030762176399298295
4811,0.10464000588143917
4812,0.11861006806725033
4813,0.7591285003942172
4814,0.9556661337158989
4815,0.25153282067983934
4816,0.4200122020265714
4817,0.012889448418634424
4818,0.16114605202792578
4819,0.21188709955577828
4820,0.9972856440664402
4821,0.7400819828368659
4822,0.00966719811395977
4823,0.7626137361850791
4824,0.2079696688823895
4825,0.7638831019432493
4826,0.02631695330804178
4827,0.09074009263635792
4828,0.01765535672455048
4829,0.03808971531944261
4830,0.03459181428538191
4831,0.3518266729110114
4832,0.2641613922770149
4833,0.10244450680030925
4834,0.058816790636124716
4835,0.032092960717719256
4836,0.04124650676889142
4837,0.04763809092463052
4838,0.02014912104816364
4839,0.008076424180012858
4840,0.9773434224319606
4841,0.2232715301147723
4842,0.9883814968596282
4843,0.054754684059797526
4844,0.11852136514862194
4845,0.08052989077089773
4846,0.015262258459144574
4847,0.9787480013193424
4848,0.7438277135232431
4849,0.0037826611150947355
4850,0.3497539104839634
4851,0.0449173802009243
4852,0.4008447349425186
4853,0.7184666281633578
4854,0.6058852823669343
4855,0.2312503502331404
4856,0.6401850346268808
4857,0.16487928993034673
4858,0.10951606937729384
4859,0.027948937078154795
4860,0.07971808042965087
4861,0.8612744325285011
4862,0.04747129958516689
4863,0.017112289314748376
4864,0.7389299844305535
4865,0.18613149274417573
4866,0.0038568031514934834
4867,0.13249432957416934
4868,0.16092056755105733
4869,0.0021190937253725917
4870,0.1306220462983382
4871,0.30633516696898117
4872,0.39881311307080713
4873,0.09563044313567973
4874,0.9827171951357543
4875,0.27585786732888873
4876,0.01930130499333093
4877,0.024861212027687218
4878,0.8505678818174545
4879,0.6177759912664307
4880,0.8346828033154206
4881,0.9386502799325636
4882,0.05849372070592672
4883,0.07606504628866335
4884,0.1357968171578341
4885,0.8450718339337987
4886,0.9714403231498272
4887,0.0073902951587963865
4888,0.035822584166374995
4889,0.30539196507131877
4890,0.02629524327539891
4891,0.6460363935365561
4892,0.9883202073404752
4893,0.9127119979065713
4894,0.10035606629956303
4895,0.17635810076426012
4896,0.5965817682336905
4897,0.8694085367737032
4898,0.11501536034179238
4899,0.9311076891125616
4900,0.006454052102732875
4901,0.8779279010754478
4902,0.21997396540190006
4903,0.03153494080743986
4904,0.04344825447054068
4905,0.24114560705000998
4906,0.007841710157485141
4907,0.7043379483442426
4908,0.026065394745190117
4909,0.05375722040771909
4910,0.971117196015874
4911,0.16331526193899587
4912,0.024852342019560353
4913,0.9040725224674726
4914,0.03337406062920763
4915,0.9795277466218977
4916,0.4659327351084272
4917,0.593415535389363
4918,0.9814033495775081
4919,0.6816019910795021
4920,0.027681998904943828
4921,0.9708316854242838
4922,0.9835986722383333
4923,0.006504488412747644
4924,0.9712204022997982
4925,0.18604622877542715
4926,0.009204424488535316
4927,0.9051875953806849
4928,0.6115803397038393
4929,0.022773473149303898
4930,0.9794292572366032
4931,0.9006206771645613
4932,0.644681813432586
4933,0.9905955576158576
4934,0.11116194950655847
4935,0.05839423490404272
4936,0.04794542854842599
4937,0.5606269903855579
4938,0.0536035970833857
4939,0.9439416257764821
4940,0.017876080749935058
4941,0.007512922899151859
4942,0.46542261164305077
4943,0.006853417415707858
4944,0.02534750844920915
4945,0.09141497979103869
4946,0.12468054179813715
4947,0.0618156554134839
4948,0.17904974954803876
4949,0.887654058870406
4950,0.4419736850122587
4951,0.1405442241285381
4952,0.28736430897575005
4953,0.1663747216303484
4954,0.6829065421149234
4955,0.5443439550401198
4956,0.10859148862518198
4957,0.10297423980550642
4958,0.9872261230696965
4959,0.6355057768752435
4960,0.0023532624062782797
4961,0.8023611237880317
4962,0.08088069449477915
4963,0.2741637060349188
4964,0.8730853007650585
4965,0.017414586938020067
4966,0.008579112936740529
4967,0.3455459742384499
4968,0.002820944282507072
4969,0.15691706753036888
4970,0.9851229807918824
4971,0.1200108151385425
4972,0.059432180454552605
4973,0.00938352420465095
4974,0.019333733298619274
4975,0.8190977826359674
4976,0.17055074284451313
4977,0.6857990556388069
4978,0.012747768607581488
4979,0.8867454927958789
4980,0.5535206299985176
4981,0.0033272082226162413
4982,0.06719755883101715
4983,0.9570565442110357
4984,0.2671934121036267
4985,0.5882249102215394
4986,0.991106224244545
4987,0.9836928284376842
4988,0.019352591780237936
4989,0.0011134247252457786
4990,0.0059147765949165865
4991,0.5532658804671073
4992,0.0066702725881800096
4993,0.043452079197947045
4994,0.12970820630787622
4995,0.012299841960491924
4996,0.9706715347264753
4997,0.011299826132543923
4998,0.32728045011256435
4999,0.5553654492370881
5000,0.021780046815792917
5001,0.009700531989675402
5002,0.05075156654504029
5003,0.5591667724210594
5004,0.36872937918896964
5005,0.09417799481367808
5006,0.03721519219617376
5007,0.7908237343346447
5008,0.9684780541775815
5009,0.05016721993088089
5010,0.0029761376209649472
5011,0.5445124395557113
5012,0.02976345343062514
5013,0.09289855820469065
5014,0.11451997292604657
5015,0.6611991235373632
5016,0.8944358094147223
5017,0.479281814558444
5018,0.9772889535446794
5019,0.9737541961246119
5020,0.015569996674713014
5021,0.22792845903244036
5022,0.0137011977217531
5023,0.0013884664734983214
5024,0.24724888633018774
5025,0.05784805950411706
5026,0.043234055424379525
5027,0.05536482931026493
5028,0.9980884301678914
5029,0.8926766124876201
5030,0.007020986161704719
5031,0.03221747494206954
5032,0.1474192045334007
5033,0.9566966984803045
5034,0.9157653323673048
5035,0.01596706905688048
5036,0.013189119027874558
5037,0.001617575865210002
5038,0.022303900809698615
5039,0.3171807828865656
5040,0.9138443973170414
5041,0.16820134510870327
5042,0.9769290903280943
5043,0.048929370209989484
5044,0.01644237196897845
5045,0.41060903246202596
5046,0.07891310753251164
5047,0.0018454519569427203
5048,0.4055999783296249
5049,0.14134326977428013
5050,0.08868922942103744
5051,0.8124397792477946
5052,0.014838537976432534
5053,0.10924135503601402
5054,0.09711701073180007
5055,0.011573581908117284
5056,0.9537032812873192
5057,0.014036002256983454
5058,0.9710432528343167
5059,0.09219322417483995
5060,0.1475143655751966
5061,0.030469572854172587
5062,0.017739582770067867
5063,0.011761475829311134
5064,0.026332074653925043
5065,0.4016932482277883
5066,0.5738098356003704
5067,0.05394503530652377
5068,0.9753285550122581
5069,0.5792533532182853
5070,0.9765009911877474
5071,0.06953266116949486
5072,0.02185496384322454
5073,0.0236481343308586
5074,0.005262235052128946
5075,0.5270552243489341
5076,0.331560063703621
5077,0.063475146531338
5078,0.16182409348122453
5079,0.9773035151918834
5080,0.029732399372355604
5081,0.0033064300496299546
5082,0.07600070534709355
5083,0.05384763030383109
5084,0.0019598964618898454
5085,0.9705845009973347
5086,0.9986039241616494
5087,0.005044138518928581
5088,0.05924852941133044
5089,0.013939614645154776
5090,0.31964175055266675
5091,0.052693023575047675
5092,0.9964503900638171
5093,0.419002530783959
5094,0.06487269064779555
5095,0.07223065118400249
5096,0.02686101753746091
5097,0.02379761135261413
5098,0.16713927092830813
5099,0.002105277709180946
5100,0.06275021413485016
5101,0.3210943800971465
5102,0.6477227336462289
5103,0.0077622564956635505
5104,0.007769926894816275
5105,0.05398393625398894
5106,0.9984758760339111
5107,0.983212604980589
5108,0.605241514884854
5109,0.9254561183441594
5110,0.013807540668789347
5111,0.9641259057716361
5112,0.9209038330734247
5113,0.20597878396695385
5114,0.9358133365554597
5115,0.9050868464818
5116,0.402197785111561
5117,0.7913718932732914
5118,0.8553855489635473
5119,0.029104736566918536
5120,0.9765257220286472
5121,0.03281251230267668
5122,0.03723215158046262
5123,0.8415350445156147
5124,0.007998061099965474
5125,0.9634900004896969
5126,0.09537576496545783
5127,0.5666218756539971
5128,0.0667241998258108
5129,0.4292525781956546
5130,0.034109744150572135
5131,0.014920510811689654
5132,0.1561678310428716
5133,0.17819799047216284
5134,0.6386952645643275
5135,0.5227249283211597
5136,0.00310907294998053
5137,0.7576044943623179
5138,0.01621975680787343
5139,0.13561973953221107
5140,0.0652196563513667
5141,0.16600720867192387
5142,0.1335611333165166
5143,0.004103207056399364
5144,0.007065061114267588
5145,0.002234124969263656
5146,0.026893992559327378
5147,0.01554610184355324
5148,0.027887584743064128
5149,0.012166717990221567
5150,0.2779129302853518
5151,0.8011581108992524
5152,0.07678311130377677
5153,0.03897638976511483
5154,0.9891619134411366
5155,0.10822209782330158
5156,0.007548685803914917
5157,0.01712838647420383
5158,0.006338093031316994
5159,0.03886277599347279
5160,0.09570200936917295
5161,0.03246068268501806
5162,0.005123245733052013
5163,0.0727970081017599
5164,0.01656646801974894
5165,0.2053780957117966
5166,0.5593854922194283
5167,0.07159238700404243
5168,0.08491858159922984
5169,0.06446981584872154
5170,0.1711719912162158
5171,0.8228038441506084
5172,0.7317399033919949
5173,0.0733799519781116
5174,0.023132076077879957
5175,0.9987182130496618
5176,0.40002728245669394
5177,0.9751962457783246
5178,0.9552331182345246
5179,0.9673511869698953
5180,0.0220789933552572
5181,0.12787866812301565
5182,0.22687770391889114
5183,0.0022326453942058833
5184,0.14067163518477194
5185,0.0583158720373477
5186,0.0012924959389414281
5187,0.04889243492417357
5188,0.9931621781632296
5189,0.02535292951204821
5190,0.07540913670511673
5191,0.2599160981875683
5192,0.08655392471778922
5193,0.22335980387002252
5194,0.3154108829707446
5195,0.38384985153632023
5196,0.06322210363102389
5197,0.017546475232626577
5198,0.018319134794431775
5199,0.007173233682218005
5200,0.002854182850944806
5201,0.09755035987652753
5202,0.10445022961842707
5203,0.018745916975524187
5204,0.19086698900384075
5205,0.006906112832080567
5206,0.04786074258272047
5207,0.6299720046299916
5208,0.017804251206672964
5209,0.43760065691150657
5210,0.9838028066595224
5211,0.9259235014652816
5212,0.2719729610805956
5213,0.13821524772966676
5214,0.023596117912811892
5215,0.6921501754719217
5216,0.9004808096080066
5217,0.02667842503919606
5218,0.574445147914482
5219,0.0019968538001108285
5220,0.9547684838271595
5221,0.024001840323154562
5222,0.04585657363170421
5223,0.2004393958967116
5224,0.6661269922437869
5225,0.0055974742188549115
5226,0.9729817074824416
5227,0.8275296106316361
5228,0.8797429109746367
5229,0.9957224498059224
5230,0.04141626189021956
5231,0.3733568058915103
5232,0.9529105169798768
5233,0.03147662565058644
5234,0.05349001178999812
5235,0.011662739333589137
5236,0.007368439302300385
5237,0.934799724558059
5238,0.11838063195102866
5239,0.022884595453810663
5240,0.020501349222815848
5241,0.033927463610193165
5242,0.026055998768231947
5243,0.06276010953566775
5244,0.9925881674666597
5245,0.4799899772931825
5246,0.10366138185278054
5247,0.05426820264535008
5248,0.046913775235259546
5249,0.21730530630644052
5250,0.25562929081749847
5251,0.3172532508057124
5252,0.5068592394582964
5253,0.006448358537554357
5254,0.025514980762919123
5255,0.29559260650687985
5256,0.0041204013715941895
5257,0.30411391797119036
5258,0.879952663964872
5259,0.7676919436127608
5260,0.0634781220242425
5261,0.019633178209435873
5262,0.7366572311610773
5263,0.009687070268599237
5264,0.2555542599740428
5265,0.05089364488467162
5266,0.9790288931651736
5267,0.003244840955112057
5268,0.1994045321235114
5269,0.011107211367866814
5270,0.2459585810070531
5271,0.1059023769024259
5272,0.9664775017773697
5273,0.012610462048210449
5274,0.3800163786764027
5275,0.9036389814864461
5276,0.1574169093263471
5277,0.855586263624669
5278,0.1828853712787434
5279,0.018714373073610794
5280,0.01074732637462381
5281,0.0022481486134352698
5282,0.9823811303844581
5283,0.05013594584616436
5284,0.01591658374578144
5285,0.0032497207856857363
5286,0.022075995677950593
5287,0.05826644256456208
5288,0.04462556625358331
5289,0.07595431626675272
5290,0.004410034746079719
5291,0.9888927317959892
5292,0.3824652910256987
5293,0.1292434287205158
5294,0.8258244041916531
5295,0.014265939630691367
5296,0.1197419622667194
5297,0.004624996104404215
5298,0.30076384301018333
5299,0.001958783143065774
5300,0.013783253868161649
5301,0.44643545336216495
5302,0.5104977517088148
5303,0.14181776632736176
5304,0.11612906085183958
5305,0.05224105054416256
5306,0.09891247145499718
5307,0.9459870747350353
5308,0.08419474697497699
5309,0.0676099026581623
5310,0.01745543559976214
5311,0.8778033452714535
5312,0.18025938812792316
5313,0.029138303034779506
5314,0.7326927751895106
5315,0.18344616221458365
5316,0.09395354848750367
5317,0.08137663903303301
5318,0.0070042465657595195
5319,0.7070304479618574
5320,0.10450565478693291
5321,0.08697509279357293
5322,0.07953553261164265
5323,0.029640155893464443
5324,0.8950339078239216
5325,0.19494827291167852
5326,0.00246337916907846
5327,0.020394480924644954
5328,0.06838429968958873
5329,0.966266505674184
5330,0.010391971313127569
5331,0.12029784015741787
5332,0.005756088583639948
5333,0.03158996419048281
5334,0.9737349717509587
5335,0.5470943023241058
5336,0.008207466493083392
5337,0.035412464078278666
5338,0.38372739373637327
5339,0.0786091123973981
5340,0.013203459997795378
5341,0.0026415895475258547
5342,0.9804992279209896
5343,0.06817022064410866
5344,0.02170051049526476
5345,0.009099704571451185
5346,0.22854827137206057
5347,0.9597117852368782
5348,0.04039938146795585
5349,0.03389598405459116
5350,0.8283582242862424
5351,0.995855258070566
5352,0.738914371570642
5353,0.023432112883231278
5354,0.1683658357645028
5355,0.8461603334344552
5356,0.023115111752934285
5357,0.19154696710536762
5358,0.9982184665595835
5359,0.005522524863033198
5360,0.04816619388653678
5361,0.781110127305657
5362,0.10383925479679347
5363,0.008130544606845733
5364,0.004817091791966445
5365,0.9796395248849806
5366,0.00220066819509013
5367,0.0027996638418547617
5368,0.9195970356155224
5369,0.8122925178455317
5370,0.03593919419087017
5371,0.014793853091875494
5372,0.01239701515584371
5373,0.17219999531552238
5374,0.0059721106719723
5375,0.021987344857135493
5376,0.05948492448144373
5377,0.011869351939087527
5378,0.049876975080398386
5379,0.23297292039434594
5380,0.4505759294094306
5381,0.030374646313556672
5382,0.2377676608962941
5383,0.10534829990634037
5384,0.05921461319662816
5385,0.04088147641009379
5386,0.01628102166868637
5387,0.6554880924936695
5388,0.013466168969647502
5389,0.9740995989944843
5390,0.5495651690156664
5391,0.011480386499261237
5392,0.004993773273103565
5393,0.987549469907732
5394,0.05939285520676647
5395,0.8483854552079425
5396,0.08913286706366874
5397,0.27864864523106064
5398,0.1412856549740663
5399,0.28553446865032517
5400,0.019177911494884434
5401,0.3369562676029831
5402,0.008529788026054854
5403,0.08688539333950182
5404,0.03325544659716665
5405,0.02240705096391387
5406,0.8948576383306701
5407,0.8507586220920828
5408,0.017309823461999475
5409,0.008779958467478617
5410,0.20826709773206592
5411,0.21565410321582376
5412,0.9502428812102028
5413,0.08372624453505018
5414,0.004961403531549795
5415,0.9963020508040705
5416,0.023325998949501863
5417,0.09156693672150365
5418,0.05270974563876366
5419,0.27651512361404423
5420,0.05451657350198237
5421,0.047248894739328945
5422,0.08226348029971128
5423,0.03363813416141434
5424,0.9742116030937626
5425,0.9783405411124096
5426,0.023379018910211855
5427,0.010296327590994282
5428,0.00408819976886941
5429,0.0021239799614869376
5430,0.6169325037229386
5431,0.04535509743909155
5432,0.7858292081882248
5433,0.1712466574320381
5434,0.9743432547327892
5435,0.6527698375267581
5436,0.9873237389739752
5437,0.025574411716496874
5438,0.17331804827854774
5439,0.4169271914926253
5440,0.942930080332463
5441,0.010172229177956368
5442,0.033756472216733294
5443,0.46977843426207766
5444,0.01292313189902636
5445,0.8619970667329986
5446,0.11172856105418644
5447,0.1449208800552378
5448,0.04033252662927682
5449,0.002135572303167981
5450,0.9805053767867554
5451,0.0019550243169994407
5452,0.9651396360997391
5453,0.11617066458548159
5454,0.0514079110875295
5455,0.9703919225028673
5456,0.012012277261642541
5457,0.038497921363210424
5458,0.004039221515979272
5459,0.944840396040888
5460,0.9740474186032932
5461,0.01341226669548644
5462,0.031821480016444255
5463,0.030690506449596755
5464,0.00715718467433582
5465,0.14790246511885188
5466,0.7716450070529296
5467,0.9955488507742749
5468,0.08467063414269929
5469,0.05320925259779699
5470,0.9979653287734715
5471,0.3885959663081605
5472,0.07921971476238154
5473,0.003853519945240217
5474,0.23380317409007986
5475,0.0043026165236890665
5476,0.028380860080774832
5477,0.9254280367623537
5478,0.22015615681468287
5479,0.9573555564594414
5480,0.057515664101242744
5481,0.06737713052365116
5482,0.01441474266532426
5483,0.3867291716273046
5484,0.7959877407282123
5485,0.19491444736761754
5486,0.031836712345168626
5487,0.4179612178751917
5488,0.30807989143890074
5489,0.1776780089005391
5490,0.02826707061693865
5491,0.800159996723484
5492,0.06702383032980211
5493,0.01719022158680951
5494,0.7984348127248766
5495,0.8502170809422909
5496,0.00895824027577789
5497,0.20730863590386375
5498,0.034892257524162626
5499,0.006568660892085605
5500,0.004135181688782769
5501,0.17060802124084162
5502,0.010868641998766793
5503,0.05448745590778231
5504,0.9882637985624532
5505,0.9839148778297065
5506,0.025396056662599788
5507,0.22876192527534528
5508,0.05313566813082531
5509,0.9885007933179205
5510,0.004912056904742166
5511,0.995249470062775
5512,0.004922339667652965
5513,0.029427287630915473
5514,0.40483601699779626
5515,0.004416310926564283
5516,0.047945330305877255
5517,0.10425962332201437
5518,0.21144364564141088
5519,0.02321270164945615
5520,0.020166434226046588
5521,0.9971583518222611
5522,0.8299438667208645
5523,0.20252189754657107
5524,0.9753526172448647
5525,0.09630057837796871
5526,0.1009267911459023
5527,0.8640490141679745
5528,0.008229749590457469
5529,0.02770824920003155
5530,0.07706448237207199
5531,0.0438181287544363
5532,0.09539413463782562
5533,0.07392916771976572
5534,0.29741872607398406
5535,0.030312518887806318
5536,0.09699979965285103
5537,0.04421888662241111
5538,0.006717175528301629
5539,0.05209167444041873
5540,0.8081340532298542
5541,0.00472064210790576
5542,0.25921987573763855
5543,0.004791062100434371
5544,0.010155438224373713
5545,0.8561040758080335
5546,0.41348960526791145
5547,0.07947712597909007
5548,0.047904058393820684
5549,0.9898809811457709
5550,0.030589749380497206
5551,0.1556266257344809
5552,0.03685668257985453
5553,0.03871631977619906
5554,0.5174283224166297
5555,0.08398151590214736
5556,0.0836471822048094
5557,0.6702536729479266
5558,0.9808994926287551
5559,0.1138988187120227
5560,0.9852788010132353
5561,0.6342669334558806
5562,0.00384984644462798
5563,0.08241855110169463
5564,0.014672499350340408
5565,0.9923144694206046
5566,0.3949762064126388
5567,0.023124298086889518
5568,0.032892197004758
5569,0.06628673358772863
5570,0.9857582465592827
5571,0.021876480469809115
5572,0.0020169533769350944
5573,0.049320093573748384
5574,0.8304844300669788
5575,0.34834373300567256
5576,0.03634905777263406
5577,0.02352955282321714
5578,0.2029537537224922
5579,0.013012821690889827
5580,0.9942160042171653
5581,0.19025679972492854
5582,0.013896481053985454
5583,0.018264159829741375
5584,0.5582016572446137
5585,0.013007601543504015
5586,0.3586317218477631
5587,0.7058606019259953
5588,0.17681928128846552
5589,0.1528094042356204
5590,0.04267492934461123
5591,0.022160071943170802
5592,0.528231682792458
5593,0.005485391161810035
5594,0.029930446623941093
5595,0.0610013250958394
5596,0.6331990359411942
5597,0.9707528591869244
5598,0.025947689534630176
5599,0.9469040875541895
5600,0.9731134410969124
5601,0.08096312189729339
5602,0.061719356626724176
5603,0.5379928227331139
5604,0.006102972260351742
5605,0.7700361565424511
5606,0.15975318792739196
5607,0.002647510787079123
5608,0.3996937288046523
5609,0.8555558745015449
5610,0.051744621183484794
5611,0.0673307117278732
5612,0.05741812244709897
5613,0.19252120991335742
5614,0.15192175319253148
5615,0.0013769109087916707
5616,0.04368035151930055
5617,0.8852877953117162
5618,0.9981328757775794
5619,0.12043520013479496
5620,0.04589899562103199
5621,0.22256145535873972
5622,0.016184932954545324
5623,0.003933052733342535
5624,0.09987305906123001
5625,0.6757917067061145
5626,0.1537949452456211
5627,0.9982379041039844
5628,0.043344122337166086
5629,0.16838569292414002
5630,0.9789609250091283
5631,0.020798644606503804
5632,0.023582617423388047
5633,0.005864079392926925
5634,0.48949995958515957
5635,0.06299406246867782
5636,0.0020554782663957435
5637,0.11366248891186254
5638,0.8199156188841152
5639,0.0037865537957254697
5640,0.016814437649300275
5641,0.1502227701666518
5642,0.02147850884126469
5643,0.8203640674829142
5644,0.06687544083320593
5645,0.030945066712940998
5646,0.8059778868303766
5647,0.046007929539083635
5648,0.022064004257055337
5649,0.03679500126009326
5650,0.009593930212179962
5651,0.1419918425431244
5652,0.03832528794426553
5653,0.009908321987984789
5654,0.009398498208540097
5655,0.9714778366996346
5656,0.21672704326588293
5657,0.17943464866624376
5658,0.013824863829074621
5659,0.0891778316572929
5660,0.024395007127375502
5661,0.8718083001823076
5662,0.04201259903112299
5663,0.23149700064393547
5664,0.008559877716849882
5665,0.939765270982237
5666,0.08213083839846515
5667,0.9562702572213493
5668,0.9983185603621427
5669,0.280717981435565
5670,0.9284080694067329
5671,0.04816700925765463
5672,0.025538723766291974
5673,0.363750581044424
5674,0.8578657000744542
5675,0.2086702884171011
5676,0.9974195325645148
5677,0.059985027290733586
5678,0.06689488720215879
5679,0.9866883590947466
5680,0.017473064372264285
5681,0.04911667090084426
5682,0.49441113921938507
5683,0.1738406356573543
5684,0.1066115300938955
5685,0.08885021325425292
5686,0.07039430892960524
5687,0.13182208484435395
5688,0.03219931668559796
5689,0.023015132351776817
5690,0.018074631421946305
5691,0.011807639942438277
5692,0.022296099352944444
5693,0.32602696051018487
5694,0.05222388356185289
5695,0.4007861021296293
5696,0.37636455635337845
5697,0.2399937679326914
5698,0.04580807897323165
5699,0.40360034369179343
5700,0.05910954955408264
5701,0.9821777344592658
5702,0.07212107877718786
5703,0.30854790088212086
5704,0.8996551588768882
5705,0.6721258906744256
5706,0.08706911422496362
5707,0.01987462664975766
5708,0.10280896921212555
5709,0.9168308869760786
5710,0.9685925453067838
5711,0.06961330745102096
5712,0.0020114413474989863
5713,0.017224521152584188
5714,0.2642826695067995
5715,0.024606718522503724
5716,0.002333443465232135
5717,0.9381649640202683
5718,0.945737170445822
5719,0.0018657677193181627
5720,0.4546103051321444
5721,0.002200274334516511
5722,0.9963901331477449
5723,0.5779931051820266
5724,0.019522309358211375
5725,0.04984158929918265
5726,0.36666240041249804
5727,0.9766787961232186
5728,0.8634403524256012
5729,0.00645957263785896
5730,0.2895511675329884
5731,0.9794350901587847
5732,0.019535015314473953
5733,0.2407394014229114
5734,0.9970643490209146
5735,0.01604258567408349
5736,0.0014661259216562298
5737,0.9336354799819323
5738,0.9006711154936027
5739,0.007251616561164706
5740,0.19076225560952811
5741,0.05496011209272211
5742,0.1096846140784474
5743,0.9279090279118176
5744,0.302922702719699
5745,0.0049033550735094475
5746,0.028851530030912585
5747,0.08263448842943849
5748,0.07196447707045954
5749,0.340606818651788
5750,0.9857655998939682
5751,0.003951285813354275
5752,0.09374043554941258
5753,0.028691610470950202
5754,0.006147088436921465
5755,0.046747901310447884
5756,0.005342263056908534
5757,0.18512231977300703
5758,0.9289976926959541
5759,0.21357599321501858
5760,0.015929399773235507
5761,0.00323080221382307
5762,0.4177823723875977
5763,0.9639643945045124
5764,0.0013688830171828127
5765,0.7461652888549184
5766,0.9900675803270187
5767,0.035018421620436
5768,0.8958040059214384
5769,0.0028166804630423824
5770,0.09136235509704871
5771,0.998399312323937
5772,0.15165453862157777
5773,0.6875804935355494
5774,0.9748911347729898
5775,0.12036929725711172
5776,0.8782847577672831
5777,0.00209406376593048
5778,0.025637989967821732
5779,0.011260586043458906
5780,0.03532440225872885
5781,0.4175223943763636
5782,0.07442050343158545
5783,0.4335047497881701
5784,0.9636545368006766
5785,0.7773353388459006
5786,0.0017805123499480143
5787,0.06504958469431214
5788,0.9839670760287795
5789,0.03509674714583795
5790,0.9854685094614826
5791,0.9985374874137976
5792,0.03871958091401795
5793,0.19751886207367045
5794,0.09862510456884857
5795,0.09232031672725005
5796,0.08550412668184328
5797,0.935521522697585
5798,0.993430362648154
5799,0.020001016546327206
5800,0.46410437962496925
5801,0.23493263956748808
5802,0.9640413950468518
5803,0.5753001416067639
5804,0.06645721379345272
5805,0.07582866870055749
5806,0.913980118719153
5807,0.02497414061901684
5808,0.9986245940065297
5809,0.013156256965853997
5810,0.04806786177143339
5811,0.9647407193942523
5812,0.9878350828776372
5813,0.9856468320025721
5814,0.9627650018590063
5815,0.9619404680237515
5816,0.9355134033912161
5817,0.9352548854208287
5818,0.026206253670403995
5819,0.9948573617008445
5820,0.3269598196219037
5821,0.021683093491758
5822,0.9984438268431313
5823,0.009272294958050771
5824,0.8791746218532435
5825,0.039834515257008034
5826,0.016243746486191483
5827,0.017295553038273608
5828,0.9593889634392471
5829,0.24054481817235482
5830,0.06505256011227384
5831,0.07808832303955576
5832,0.49832020876621685
5833,0.20195719213011287
5834,0.06913260190444304
5835,0.5968616374057132
5836,0.12786846754343884
5837,0.7569528729654789
5838,0.01584782385366787
5839,0.0027170342818791096
5840,0.006594193385049048
5841,0.9395437279285644
5842,0.07954612649401796
5843,0.15649733020553785
5844,0.1108611421086264
5845,0.5923384952919717
5846,0.9345196442105295
5847,0.14137341854378577
5848,0.10976283988236277
5849,0.07026971986498107
5850,0.9886514147347225
5851,0.9559630933656266
5852,0.8801641404188223
5853,0.08594772646144036
5854,0.8513476339846144
5855,0.006309501312177621
5856,0.13642904824705826
5857,0.05388581775066778
5858,0.6107178541268011
5859,0.028124141413023912
5860,0.9688345088033984
5861,0.01644485716159797
5862,0.6707285358610177
5863,0.16635016326893207
5864,0.18502542537372751
5865,0.15182820567005081
5866,0.05683643158831278
5867,0.07663746451890943
5868,0.0445427053261199
5869,0.06634632773363042
5870,0.0020924441133684385
5871,0.11597845196982189
5872,0.007155996591072994
5873,0.12721510826368643
5874,0.9920465915307253
5875,0.9984501549546183
5876,0.057324812932933934
5877,0.9694578588963652
5878,0.13288115858460536
5879,0.03246297206738176
5880,0.2188482626156436
5881,0.177602529871265
5882,0.025893147856464294
5883,0.18730981714014122
5884,0.783247545168298
5885,0.009009259759002016
5886,0.5605507699348649
5887,0.9406278996965634
5888,0.5804295767417046
5889,0.9568502561021679
5890,0.006460636315328103
5891,0.03372387126401914
5892,0.5204349944991877
5893,0.03905100070351183
5894,0.03179297869219073
5895,0.08511891830297069
5896,0.011087525913181693
5897,0.051877037449733265
5898,0.6973437730097073
5899,0.12283677086741532
5900,0.08020886325078191
5901,0.7067015751210233
5902,0.6633140416011394
5903,0.9554719808286263
5904,0.9840800742029119
5905,0.35191318574430874
5906,0.03313820369933324
5907,0.9882302142738348
5908,0.02466135689155579
5909,0.061307010091206114
5910,0.14404429058145304
5911,0.10265415544223738
5912,0.9645949905006663
5913,0.004014328914499801
5914,0.06778527379405747
5915,0.18654755755268151
5916,0.003639228656355925
5917,0.010169742895286554
5918,0.9572908689775743
5919,0.06769037998364187
5920,0.9864999045355488
5921,0.04850303261627821
5922,0.0657836554099561
5923,0.08654926081256029
5924,0.2990983515223319
5925,0.058415972073342114
5926,0.9811904570881136
5927,0.22334082943346195
5928,0.06014261613693669
5929,0.007670347717692493
5930,0.1017084723767738
5931,0.9255078958217178
5932,0.031640900191075405
5933,0.9479196241068301
5934,0.5128141326036808
5935,0.21030193751000284
5936,0.005602170939376559
5937,0.06874573461627623
5938,0.35669519078528045
5939,0.004832200165064162
5940,0.9656624792518137
5941,0.053061906430781555
5942,0.07498501895401131
5943,0.07021027155109796
5944,0.48798798684489714
5945,0.9856059734565912
5946,0.05218000985081467
5947,0.06326866692804503
5948,0.08305959714877045
5949,0.7010147756594826
5950,0.007431660629239901
5951,0.4537505739487538
5952,0.0698904697467587
5953,0.45221178809868906
5954,0.4783882496943926
5955,0.028519816470938042
5956,0.9309036893008864
5957,0.7671470845732408
5958,0.7984103234935062
5959,0.23158741006209377
5960,0.04162917745928064
5961,0.002744596276888314
5962,0.23987060425023704
5963,0.005260812804255013
5964,0.8992834163658039
5965,0.1466316045433217
5966,0.027735112644750967
5967,0.00635958630424488
5968,0.06278442365135646
5969,0.7054515638617861
5970,0.9508918168674128
5971,0.04209600435432566
5972,0.9355536411460761
5973,0.0993279776984321
5974,0.8369425832528432
5975,0.6272930445260221
5976,0.0049912044886021925
5977,0.3307153525988058
5978,0.1942405317370076
5979,0.9361623419890357
5980,0.23741963264994814
5981,0.3029356829102508
5982,0.043486092213621
5983,0.015879605853175063
5984,0.9368468083128266
5985,0.037461057988405176
5986,0.14878580536714883
5987,0.019688480142699895
5988,0.7676479562093361
5989,0.8754497437021571
5990,0.02076440497387587
5991,0.9892865303345035
5992,0.06896368748425957
5993,0.5367387477026123
5994,0.026812065367466935
5995,0.048981605219972274
5996,0.0445218135959846
5997,0.9380473660473605
5998,0.8190268040757702
5999,0.8520910070194897
6000,0.019749028840787445
6001,0.6536423304916972
6002,0.6720349252785666
6003,0.42581551456033173
6004,0.04478602994524044
6005,0.0044193463290688705
6006,0.7295020752810963
6007,0.9795174327423355
6008,0.4028115889411206
6009,0.9590265607724221
6010,0.022543384869098612
6011,0.9595971984558105
6012,0.13740708596343143
6013,0.18721912104281166
6014,0.017866269557764318
6015,0.06570795860095562
6016,0.04839252462057459
6017,0.03425522984325959
6018,0.9980351990067253
6019,0.017508379091231322
6020,0.979682013011679
6021,0.3281567971280632
6022,0.9779624080081835
6023,0.8858740642368914
6024,0.019177465189571315
6025,0.11326120047908025
6026,0.05039955630483818
6027,0.29065188216141435
6028,0.0638913078541653
6029,0.698204755999181
6030,0.035701353410138956
6031,0.023619426747114237
6032,0.06322546272487545
6033,0.01805150049628041
6034,0.4058569531190812
6035,0.16299370581435788
6036,0.9590157770621643
6037,0.6179720248966208
6038,0.9071840984163094
6039,0.0069356943880280126
6040,0.05666418801787413
6041,0.9681146061279181
6042,0.968806234056608
6043,0.8562732617405027
6044,0.9566969526649265
6045,0.9213522103697083
6046,0.013009886079140661
6047,0.09736529540743268
6048,0.2364471960755663
6049,0.5177213776643255
6050,0.01753577343348294
6051,0.18731582945991748
6052,0.06358967386383224
6053,0.0015526160870676475
6054,0.019460649998068957
6055,0.05362450050411552
6056,0.1560110083699332
6057,0.01870996039587191
6058,0.19697133976663564
6059,0.8303582666431166
6060,0.012735752924337556
6061,0.37541957993216263
6062,0.054928576382379996
6063,0.95159757987139
6064,0.00627564792374553
6065,0.024189627383195585
6066,0.15518555895140024
6067,0.009975120615249763
6068,0.629643428439164
6069,0.0023323182287223448
6070,0.028653526917217422
6071,0.015771381301712115
6072,0.9984161318976121
6073,0.009077907428294826
6074,0.22119824841742886
6075,0.07116142090558193
6076,0.08845002092337406
6077,0.07229522470460825
6078,0.3457017635781114
6079,0.03133546300625906
6080,0.8353387529196274
6081,0.00742888991187779
6082,0.7640856413339578
6083,0.010593652989561235
6084,0.986671369836839
6085,0.17860178322658118
6086,0.03314884132247111
6087,0.03563569591517194
6088,0.20215258953805906
6089,0.06640497555625348
6090,0.024876427905535056
6091,0.03361665180279107
6092,0.9713701127734156
6093,0.3291440747853677
6094,0.027855782699167678
6095,0.5265276220309671
6096,0.9725083175178457
6097,0.04979371040697238
6098,0.0019276549373379857
6099,0.932566475870658
6100,0.9818062806387338
6101,0.8333085380732534
6102,0.08600156423581037
6103,0.23885567551371412
6104,0.06877063432657286
6105,0.00816428365177381
6106,0.02047076514746462
6107,0.747441443618391
6108,0.974729457761683
6109,0.0023998806803157634
6110,0.2662433466633403
6111,0.9649115197698024
6112,0.012524029946052326
6113,0.004578988102241725
6114,0.03566278813648165
6115,0.9654732122549158
6116,0.7394232917697163
6117,0.002425874855965758
6118,0.050804630375754056
6119,0.7123870108538506
6120,0.4163464946244597
6121,0.009226960985685793
6122,0.04167933495871775
6123,0.8976263766542897
6124,0.09222122545032141
6125,0.6252152597073862
6126,0.0029558362134087805
6127,0.9214486565005778
6128,0.005454406009636471
6129,0.887883789464943
6130,0.03621318900677027
6131,0.044021122872028015
6132,0.963100549403161
6133,0.10961011729721795
6134,0.5592084366606128
6135,0.04108358613160355
6136,0.853379681864858
6137,0.11275594648605897
6138,0.010151503294972997
6139,0.14826430565334595
6140,0.04595994239110707
6141,0.9984070677651928
6142,0.9242780631846097
6143,0.8803148181949267
6144,0.02785030069859549
6145,0.972874042844603
6146,0.6058896536768901
6147,0.026586453307482563
6148,0.747051931827785
6149,0.19073406104877602
6150,0.008708709439369813
6151,0.03148816789344721
6152,0.035491655659458166
6153,0.02252532032509598
6154,0.8547523934304586
6155,0.012440691725336427
6156,0.35921758211675453
6157,0.049328549511278616
6158,0.183152234925233
6159,0.024800766282242002
6160,0.7224526643832009
6161,0.388610545336547
6162,0.959847932529298
6163,0.8271621805659644
6164,0.023901743077526655
6165,0.2700561196436926
6166,0.9664134165427293
6167,0.9924730794977477
6168,0.7937548239493766
6169,0.40814598899885
6170,0.8012901956144602
6171,0.1533751089849557
6172,0.8279084918673505
6173,0.06535575079306173
6174,0.448033726549239
6175,0.7531283535364742
6176,0.009954646972165113
6177,0.05915259117198521
6178,0.9258998693407519
6179,0.08934578759938615
6180,0.709360428332899
6181,0.9693585077898903
6182,0.14683109050104529
6183,0.018553702733500092
6184,0.12352851021044894
6185,0.6602216742691883
6186,0.37693892500806114
6187,0.003215240203403774
6188,0.04244595410161771
6189,0.14450689298269978
6190,0.10856646151546304
6191,0.9981437818353679
6192,0.22025532312266002
6193,0.031962221202235026
6194,0.9838971194588081
6195,0.010854271660882528
6196,0.9810268707903422
6197,0.9838236856226918
6198,0.875863089165411
6199,0.033893823554221526
6200,0.9743837631740591
6201,0.009092149338754922
6202,0.01173581121917995
6203,0.018368194540863414
6204,0.1132634623600566
6205,0.022716291202090733
6206,0.021653514099457392
6207,0.0324002933331692
6208,0.9872806842510188
6209,0.21253811827811864
6210,0.4680216680573226
6211,0.9463560628155868
6212,0.017325114927613634
6213,0.00949455191112044
6214,0.5858373816246722
6215,0.042331551492575996
6216,0.03222160043746673
6217,0.034270166247593034
6218,0.1888236970976484
6219,0.168318150797934
6220,0.05560168458128845
6221,0.7597362827759173
6222,0.012379590975265437
6223,0.011421450550157374
6224,0.007401338880227613
6225,0.002779490676134184
6226,0.0048640688227647375
6227,0.01820662089343904
6228,0.028310960965301432
6229,0.9650031270738598
6230,0.0015233052535469681
6231,0.08861065547763938
6232,0.07059323797885096
6233,0.031780039249724695
6234,0.9977350534844636
6235,0.4800374670131884
6236,0.12977466364175236
6237,0.2874848975024844
6238,0.07885158989293212
6239,0.7298179591809599
6240,0.016550149782902417
6241,0.5072049176510096
6242,0.011005295292367136
6243,0.011343108546534367
6244,0.0012349421471431555
6245,0.0016337062378382243
6246,0.9768484912858533
6247,0.045363113307492514
6248,0.007092713508739709
6249,0.2276693176552259
6250,0.3510797212815506
6251,0.07333239832626551
6252,0.9087460755414091
6253,0.7652604872752344
6254,0.9254769035807822
6255,0.9459603446554444
6256,0.9947433154313357
6257,0.4534752939781316
6258,0.9961093037018043
6259,0.010874593241056607
6260,0.0046238150219327
6261,0.05529202958591031
6262,0.09028511152239195
6263,0.2983735677253891
6264,0.5322440623351696
6265,0.06191316818903039
6266,0.9715835810058713
6267,0.05380792330234192
6268,0.05232865511988178
6269,0.006955409424713176
6270,0.06703924392425639
6271,0.02554091995576483
6272,0.13480391261397331
6273,0.028826154197290173
6274,0.1298193420505655
6275,0.004684114898676988
6276,0.9853766582487795
6277,0.05430579250828565
6278,0.07441599457977208
6279,0.9905953224237666
6280,0.12938469565409533
6281,0.001959480958489693
6282,0.1360308237064255
6283,0.2960764494141244
6284,0.6485288643265219
6285,0.3806234804908719
6286,0.018839478922958987
6287,0.034341141791349394
6288,0.9890890077323071
6289,0.7590278897569057
6290,0.0464199570782558
6291,0.07534967287828098
6292,0.0323040997576022
6293,0.11752425111976561
6294,0.806655131884912
6295,0.057385772589306314
6296,0.7642869467509646
6297,0.015315501301475142
6298,0.14896442986919678
6299,0.9801984718497172
6300,0.8728904866271798
6301,0.013164551854611795
6302,0.019367942449008867
6303,0.013839954952826007
6304,0.5728146663092233
6305,0.9191992430390771
6306,0.8282854999581042
6307,0.4439194836114018
6308,0.5660602606694671
6309,0.02117182318668444
6310,0.7513631190882583
6311,0.66607963812709
6312,0.9685160444756089
6313,0.9978886667329052
6314,0.03959210390644878
6315,0.4777237220506708
6316,0.37018885684790964
6317,0.02996885872135284
6318,0.3024575075599795
6319,0.11587920870404195
6320,0.13363876205983788
6321,0.0028532889725311995
6322,0.998683945703623
6323,0.001702532256124406
6324,0.20141705355649467
6325,0.0026510923190862764
6326,0.006340017380056179
6327,0.2802012183097239
6328,0.007072866230817448
6329,0.04314905041137033
6330,0.7599032295362824
6331,0.011834722102678902
6332,0.9977657694647173
6333,0.9368899592985174
6334,0.0068205022758101004
6335,0.9917281759172031
6336,0.30448889681697533
6337,0.6145127151400049
6338,0.13047386347409573
6339,0.26867068561993773
6340,0.005119935690229232
6341,0.022431438483347867
6342,0.7637062797177518
6343,0.020983303562969367
6344,0.09346177385120272
6345,0.013855922006041738
6346,0.08419095276249844
6347,0.032870073530788746
6348,0.07551076379120121
6349,0.9518869548725578
6350,0.8695043562581034
6351,0.31367542741406984
6352,0.4952430760575917
6353,0.050713452902566125
6354,0.013890346322481874
6355,0.09412243545140042
6356,0.1310496344271876
6357,0.18220850551294349
6358,0.0029171148338487758
6359,0.24502988921758856
6360,0.14764565270052046
6361,0.20575429828657743
6362,0.018454054766272317
6363,0.9809976516537027
6364,0.006506186938702518
6365,0.03239491463304996
6366,0.0026861124595406742
6367,0.07586849665434071
6368,0.17938810698471508
6369,0.9540226626984245
6370,0.33896694445606834
6371,0.03293542073355946
6372,0.005871624402979175
6373,0.33965131007118604
6374,0.060306817885475414
6375,0.36370144585457664
6376,0.5495290030943827
6377,0.10739329489345928
6378,0.01111021336816036
6379,0.01856696536159496
6380,0.006190545076975416
6381,0.26031668472223146
6382,0.03223066986812653
6383,0.030465039907485527
6384,0.04100828779455466
6385,0.9969163906701395
6386,0.0881420649779529
6387,0.019425802522737887
6388,0.8191420165451062
6389,0.6271669049084787
6390,0.7630571881760131
6391,0.9153758598681567
6392,0.038598794752825114
6393,0.010887541971642534
6394,0.01116718107734432
6395,0.8157068982081579
6396,0.22346053329057938
6397,0.9824387626008568
6398,0.9462626779040884
6399,0.9640998400901459
6400,0.8533657154368864
6401,0.9914003238022672
6402,0.9271506126554174
6403,0.0013755521529156024
6404,0.0030850399924341565
6405,0.4898249582539728
6406,0.9719873313777695
6407,0.949166347187975
6408,0.42874142640629964
6409,0.698960960766904
6410,0.011733742303171337
6411,0.28285762457466684
6412,0.3055105828866433
6413,0.9359785466867022
6414,0.002465797375821338
6415,0.981916920650445
6416,0.1359764128390486
6417,0.49395930563475804
6418,0.04888738310986014
6419,0.07025751626884397
6420,0.32823043433690774
6421,0.07552331523415745
6422,0.042102499050351655
6423,0.08956975677961533
6424,0.9463441157052526
6425,0.6546192539363708
6426,0.2254713533667185
6427,0.18390096102976153
6428,0.1246751567331453
6429,0.9809127929546053
6430,0.9882440748888097
6431,0.04459106908281618
6432,0.09763697218339826
6433,0.001866468105092154
6434,0.07572349295303922
6435,0.052630175874522095
6436,0.08584252317516647
6437,0.9905914919568946
6438,0.06654934955854543
6439,0.047235591262967204
6440,0.021719025790652262
6441,0.03009603214305198
6442,0.015503795328848028
6443,0.008968705311831703
6444,0.9487791347958218
6445,0.9284585541658957
6446,0.18419910023402614
6447,0.020450627079889035
6448,0.014583806785705193
6449,0.6640731927534163
6450,0.029019126529949972
6451,0.6763822477260413
6452,0.05320172714570322
6453,0.011390398030795659
6454,0.2685807973943523
6455,0.0839248855676706
6456,0.9289046043352587
6457,0.033558904054699704
6458,0.6310005665460177
6459,0.00947139810578241
6460,0.0190414123797767
6461,0.06554637688345487
6462,0.01892914426723147
6463,0.003873336986523675
6464,0.9638558997911213
6465,0.4599373001462979
6466,0.09593434011557622
6467,0.3220531285319877
6468,0.029483594818259844
6469,0.9780579022075543
6470,0.9406621868968268
6471,0.4051370514861519
6472,0.02519331212783687
6473,0.06129136391761569
6474,0.3221363190072641
6475,0.09135690734804243
6476,0.16537249508243043
6477,0.004009423040133931
6478,0.11659661412474723
6479,0.6528536045388911
6480,0.010592588615457123
6481,0.023811210777901413
6482,0.692060593930333
6483,0.06299208349986822
6484,0.040837370423391056
6485,0.18676982592638058
6486,0.4121496374782785
6487,0.01813924982482856
6488,0.036794921010009876
6489,0.014451091677203766
6490,0.41345963291532584
6491,0.10015851890947908
6492,0.9846084738307355
6493,0.021413448942730187
6494,0.08137621120348486
6495,0.17639193543911236
6496,0.05564961765281627
6497,0.9668331960907118
6498,0.7064487511390533
6499,0.24103354049340855
6500,0.9982835111980606
6501,0.99760464959524
6502,0.006557831585202748
6503,0.9693715274085142
6504,0.004938850902932362
6505,0.9301107790863504
6506,0.998774020594969
6507,0.13866445745841988
6508,0.09481931533750358
6509,0.06240080622000574
6510,0.17110422984322315
6511,0.9929583411160134
6512,0.03330644366012549
6513,0.9858213114216554
6514,0.011436294350615887
6515,0.04687800930907951
6516,0.0026311523005165573
6517,0.035683664371747664
6518,0.09141742198184737
6519,0.08949003376974979
6520,0.9147324822323446
6521,0.10030161544322316
6522,0.0015996866885070785
6523,0.442509074348304
6524,0.06427373633402282
6525,0.18948028094885536
6526,0.0968101242508961
6527,0.0052504912742148985
6528,0.007541463682310805
6529,0.019859314307206194
6530,0.004986077197888173
6531,0.9608254534988191
6532,0.2503873840890383
6533,0.43569653437587175
6534,0.7783628484524564
6535,0.06816336965663353
6536,0.7913812039004973
6537,0.021576122889266226
6538,0.005154867993174731
6539,0.10455731090533497
6540,0.039461974597688326
6541,0.9678695544725613
6542,0.021222256095682686
6543,0.03309995793412609
6544,0.015942055236400826
6545,0.06706209546489829
6546,0.08183945065857388
6547,0.9131244196633388
6548,0.11146947028544411
6549,0.9872165155424795
6550,0.047428216407141205
6551,0.13338828006720915
6552,0.6331424590278482
6553,0.0715434548465877
6554,0.050565058019954756
6555,0.5614017603817841
6556,0.9942370827567928
6557,0.46109594294905965
6558,0.98048318189299
6559,0.6727353349567297
6560,0.8484473882032287
6561,0.2063190707207821
6562,0.5578307710612079
6563,0.97744878748992
6564,0.013408342434582346
6565,0.3524593769621731
6566,0.9792692425830973
6567,0.12554067869216404
6568,0.22054219764281496
6569,0.555790137248986
6570,0.06748594423325727
6571,0.03779593012417751
6572,0.05527894935180107
6573,0.9838618002600105
6574,0.07592061969670542
6575,0.6516176815364991
6576,0.12653041735183618
6577,0.06389797424944901
6578,0.12208282866796236
6579,0.223257754690418
6580,0.004177999911949986
6581,0.0030558983977288195
6582,0.11922052536744703
6583,0.13746980583246732
6584,0.6937812243109608
6585,0.12244183113582832
6586,0.5079613768689525
6587,0.9303165108642188
6588,0.00605838660337154
6589,0.08636021240470952
6590,0.01715976678549691
6591,0.03062301269695973
6592,0.07961728896904535
6593,0.07750293290541309
6594,0.1890099093936832
6595,0.5473371687385699
6596,0.03786971032438868
6597,0.012481415373587476
6598,0.42536734448976676
6599,0.9503428142027404
6600,0.1928824265771174
6601,0.7553103566370007
6602,0.02781839834234168
6603,0.5014006917373899
6604,0.007052115999249714
6605,0.039131959697722735
6606,0.6668768764060657
6607,0.009781701821866037
6608,0.8858865598255665
6609,0.008075812959459437
6610,0.03879958417755051
6611,0.03383220547145317
6612,0.963002386418966
6613,0.02048599836399839
6614,0.2736353390862425
6615,0.10337727138155345
6616,0.0142449111272249
6617,0.01118746204129386
6618,0.9658790223024145
6619,0.06872405647212851
6620,0.31549627853894785
6621,0.9981884848311526
6622,0.9537598009492162
6623,0.003318284120456343
6624,0.049724514726504944
6625,0.10538419292909583
6626,0.12916027954842657
6627,0.025242160578626688
6628,0.007988789834780755
6629,0.021497540673885915
6630,0.1776843890739479
6631,0.02825768534015157
6632,0.032555597461172904
6633,0.1326430354300205
6634,0.010819094549029632
6635,0.1977392428838755
6636,0.017373642356325214
6637,0.04622547821354979
6638,0.05303927252114314
6639,0.9723416655099933
6640,0.014869819725307806
6641,0.053234898255671195
6642,0.977051509165741
6643,0.1106400899217298
6644,0.17233014665800422
6645,0.27750250781941477
6646,0.92153398529102
6647,0.18536754769332986
6648,0.921961059326744
6649,0.9024083841648418
6650,0.17666081007072615
6651,0.9599906326026431
6652,0.3447048525254951
6653,0.20557874601790593
6654,0.07898660380237285
6655,0.09365514963486643
6656,0.002263110251637563
6657,0.7476986576531982
6658,0.0490412470705726
6659,0.9777132442304428
6660,0.04744168818296971
6661,0.15456517815907925
6662,0.9864593734245162
6663,0.026757416159569898
6664,0.03488664095232134
6665,0.9302012663108309
6666,0.06286341177385783
6667,0.36177605680753266
6668,0.04006977656762094
6669,0.2130332930987235
6670,0.10638470879708567
6671,0.9697593183647877
6672,0.03446694216248528
6673,0.0037439316478771784
6674,0.0669356321506224
6675,0.5543811997089203
6676,0.30232966257821053
6677,0.03817144086417611
6678,0.23730590643683377
6679,0.10176217609651625
6680,0.2258880149231185
6681,0.36556143108639794
6682,0.020166632980915762
6683,0.13158443053529964
6684,0.12489100957573997
6685,0.9707081910396426
6686,0.6990672220255817
6687,0.0018551695802456537
6688,0.0023817112858201175
6689,0.915604287121454
6690,0.9849434564163869
6691,0.9976096223376645
6692,0.005028784756309098
6693,0.3276967938736437
6694,0.04005827673490222
6695,0.9487507418128169
6696,0.07843629546259462
6697,0.04722149053612755
6698,0.9851449208497516
6699,0.7832581777471255
6700,0.3636021953914129
6701,0.012427894291628175
6702,0.9409296663197948
6703,0.9356343097871795
6704,0.1241974221834549
6705,0.9863950217652286
6706,0.014510282948496728
6707,0.05456583908354608
6708,0.028735600964002697
6709,0.16238519329719345
6710,0.06607159538190989
6711,0.05711890029244529
6712,0.002333062908250475
6713,0.4548539122125226
6714,0.9701320663390856
6715,0.024261299571157652
6716,0.04938129166330246
6717,0.8616977376925306
6718,0.9715641735006695
6719,0.09743162286514345
6720,0.001794221889530059
6721,0.0012191967874434655
6722,0.6548603098161381
6723,0.045725344506852485
6724,0.0039385046536678375
6725,0.9986827785414726
6726,0.9045442230603985
6727,0.9453188962884276
6728,0.028358172931608895
6729,0.9687761804989389
6730,0.26749049418576626
6731,0.21826099010167976
6732,0.12211893282638703
6733,0.9894263121278157
6734,0.019887512455272476
6735,0.9956863470202619
6736,0.3129415068215272
6737,0.997712784302684
6738,0.9865579988859885
6739,0.0019039337185914186
6740,0.0073346958906532825
6741,0.004215294425851279
6742,0.12651664073028665
6743,0.06490828682709288
6744,0.023039664188789413
6745,0.0021873955348666353
6746,0.732937249584724
6747,0.6643805948731957
6748,0.9067427544796869
6749,0.11295899571613668
6750,0.9806888297472754
6751,0.27007319654371953
6752,0.014858204248498177
6753,0.2656619681414843
6754,0.008664633251782324
6755,0.20488682664332386
6756,0.9634582560617081
6757,0.09439015808016113
6758,0.7219115645954937
6759,0.019622914776264783
6760,0.06661959175406908
6761,0.022780438434770074
6762,0.9523585838704574
6763,0.0019334435370870445
6764,0.03769258140224499
6765,0.1883063595096786
6766,0.9309657499345694
6767,0.985679568954706
6768,0.9362641823440796
6769,0.02374574297125276
6770,0.019186440212481976
6771,0.028073387124057977
6772,0.9743205848059
6773,0.022337872720572978
6774,0.007294268194443844
6775,0.03873596130038687
6776,0.12071304122086057
6777,0.05714061483819072
6778,0.031743779293327216
6779,0.19475866113714593
6780,0.8119343048852266
6781,0.008268202941617349
6782,0.08504339955181453
6783,0.15443788975314
6784,0.002813828541375678
6785,0.7176949845969504
6786,0.7251404157480261
6787,0.8383642131769724
6788,0.8812973861885546
6789,0.10232452881120306
6790,0.012338038097788658
6791,0.6379339986598077
6792,0.9714878603464592
6793,0.09357151472453949
6794,0.1759287714003778
6795,0.9569260093956061
6796,0.5820590678180276
6797,0.07829478505720697
6798,0.40340159557875527
6799,0.026194927448579167
6800,0.7409789980754093
6801,0.7339953766160233
6802,0.33786323301169874
6803,0.09103817033329661
6804,0.4649128479962212
6805,0.003103059784755815
6806,0.768504819919205
6807,0.0034510124223637592
6808,0.041462562955935395
6809,0.1343365276894084
6810,0.753777736791865
6811,0.032583240846702076
6812,0.02051333971088095
6813,0.8867885366826356
6814,0.027215999892553938
6815,0.18355748026760726
6816,0.03459666084101862
6817,0.013735793486394289
6818,0.9876901386983727
6819,0.013720523291048005
6820,0.0566479409329237
6821,0.9516210300725244
6822,0.009773310490746579
6823,0.193502605785437
6824,0.01868928655760213
6825,0.026126253024849142
6826,0.0713237369430227
6827,0.0036430308308226696
6828,0.9701787273737277
6829,0.0014692599561884267
6830,0.9905759424859246
6831,0.055667960114743016
6832,0.009039266171889035
6833,0.0660614517515892
6834,0.017796336081004636
6835,0.680077614706827
6836,0.5922139410321283
6837,0.9983778219556632
6838,0.22755943876967205
6839,0.11724919871341317
6840,0.8735655435653689
6841,0.04447361777724178
6842,0.8963184297265565
6843,0.0013275097188238851
6844,0.07962024811256155
6845,0.9909010103414269
6846,0.17546760979512138
6847,0.008522344566039675
6848,0.7532373690065299
6849,0.02125591027997007
6850,0.018096039473701985
6851,0.6668489769407834
6852,0.08885566361315433
6853,0.7146812026951388
6854,0.053118316189414094
6855,0.035055050736814176
6856,0.10213012871028804
6857,0.8719312754639934
6858,0.9838802272978753
6859,0.9375554282261643
6860,0.896485054081042
6861,0.017591269431191346
6862,0.08071453280747333
6863,0.039836952118927925
6864,0.12407435436861793
6865,0.001671643488678954
6866,0.22551854202595972
6867,0.44820406792851697
6868,0.7489591782303666
6869,0.16873824208986465
6870,0.8525867782708679
6871,0.943980507851293
6872,0.00894135489669974
6873,0.09457011623677482
6874,0.06943293202459067
6875,0.15132294623809817
6876,0.9756261322850261
6877,0.7811151184097025
6878,0.00876189586827103
6879,0.0291584286482863
6880,0.03621136551602344
6881,0.3922017479538961
6882,0.9168489644270545
6883,0.5621092913053016
6884,0.14331918665857118
6885,0.04914830258810906
6886,0.9917609156274658
6887,0.8280526954646279
6888,0.7128908790957597
6889,0.08340712817350734
6890,0.9748467353272426
6891,0.051990373835571896
6892,0.004239247686584732
6893,0.04401056190629865
6894,0.09987280934106282
6895,0.04271314706220371
6896,0.9987695668915976
6897,0.06171042382860244
6898,0.968819571012256
6899,0.013297925847317179
6900,0.4289242336741953
6901,0.0054155681412596
6902,0.04275241215517658
6903,0.038421530122785263
6904,0.030464315667062408
6905,0.9936905216159615
6906,0.8604565064365454
6907,0.05903435366997367
6908,0.04694617584755309
6909,0.0030020205273115505
6910,0.8107609244055655
6911,0.017188925865916527
6912,0.9869046660140539
6913,0.9847427016247108
6914,0.002926809699360625
6915,0.021990867051099643
6916,0.9820314760837139
6917,0.3263517052735305
6918,0.7202788935747779
6919,0.011079300231063197
6920,0.027335451843008007
6921,0.6626424115129885
6922,0.0018675394779120486
6923,0.0235537145183222
6924,0.029837648885448514
6925,0.006161031916166503
6926,0.5700262538664034
6927,0.009074638800912598
6928,0.0017219033038464275
6929,0.00910047515047232
6930,0.30938971608051424
6931,0.08692233633662894
6932,0.047211881313554305
6933,0.8321649344325197
6934,0.04238971848967534
6935,0.21891638584257683
6936,0.003550098981633389
6937,0.004584841445577924
6938,0.20997137061214852
6939,0.05141635537535435
6940,0.9339638164272197
6941,0.0030673271283000437
6942,0.9147005356191933
6943,0.04054510816315793
6944,0.9263440722044657
6945,0.6758541480299792
6946,0.002071446538572319
6947,0.8368020949249972
6948,0.01149909846650915
6949,0.08172732162391405
6950,0.9100772735235407
6951,0.6994078172245194
6952,0.07068966277008795
6953,0.0027700144258079075
6954,0.019120351430149778
6955,0.9109310981612759
6956,0.058959937337341645
6957,0.9986089163340084
6958,0.945506253130298
6959,0.0827523398907346
6960,0.07551952127563963
6961,0.13573592346418697
6962,0.5959232617460274
6963,0.03711138785509836
6964,0.4649839764644549
6965,0.007582028286010496
6966,0.02466556515606721
6967,0.011772102867490055
6968,0.9846398888744916
6969,0.9970412919145459
6970,0.0016264132379437664
6971,0.0018904864175997116
6972,0.07309493570823705
6973,0.022998782562799164
6974,0.3327887467501436
6975,0.12184904637172464
6976,0.01810494913952202
6977,0.06867488189909217
6978,0.007538109994671471
6979,0.02475152453494909
6980,0.5507239909811728
6981,0.07304256345135543
6982,0.9987189543648426
6983,0.22043654285288988
6984,0.03609931966043717
6985,0.2957892293061029
6986,0.8650755314749865
6987,0.10441144870158396
6988,0.05527035547112708
6989,0.006480165869917563
6990,0.006310351995410188
6991,0.004429654421696628
6992,0.052783223189394005
6993,0.9109716458277377
6994,0.8510853600482488
6995,0.04034235782116847
6996,0.4242688642522374
6997,0.912002659518189
6998,0.006299451368208475
6999,0.057010095971198375
7000,0.5031039106211261
7001,0.13268369552956874
7002,0.10113970210960743
7003,0.13595938761662935
7004,0.00164625842667002
7005,0.06324264388094814
7006,0.004372914814296443
7007,0.9788140941955654
7008,0.06374996711491937
7009,0.026845472639293873
7010,0.14170024743546114
7011,0.9232954021567203
7012,0.005038922854368147
7013,0.4276938624704786
7014,0.7148014406344596
7015,0.0027875357522067186
7016,0.9351909588209758
7017,0.0753707031518395
7018,0.29049636707811904
7019,0.029102506425042023
7020,0.01966538020831429
7021,0.008641378078027801
7022,0.40272181675642627
7023,0.27203632239299125
7024,0.7952134652367422
7025,0.03509377123282833
7026,0.011565611389026488
7027,0.04418630106548617
7028,0.06398425477630235
7029,0.09607505833593982
7030,0.20831561117720898
7031,0.985715384444066
7032,0.00799271303303324
7033,0.9222226008505867
7034,0.12086977795898517
7035,0.34626667184658944
7036,0.8540817712028163
7037,0.9595400857102755
7038,0.02726155447577515
7039,0.0018456005607378053
7040,0.08624669157267456
7041,0.9547049252151651
7042,0.004857235208137231
7043,0.5991731468937035
7044,0.0218623085471449
7045,0.1976092678700758
7046,0.6199173587307252
7047,0.9302104018008959
7048,0.9522085628028825
7049,0.3628650152125265
7050,0.12717299285507858
7051,0.03493932535668074
7052,0.025102059314293355
7053,0.08064731452650771
7054,0.012440359381504212
7055,0.10100405183296679
7056,0.19949353749028337
7057,0.15757351378304518
7058,0.6230153081819253
7059,0.06436228743032776
7060,0.014185883378081916
7061,0.7999462473864929
7062,0.9647361969776335
7063,0.049746421356637344
7064,0.046652515364989884
7065,0.16869840231199318
7066,0.15498805941373345
7067,0.033318337139820964
7068,0.051179958374524895
7069,0.9612702745025823
7070,0.9891370867716661
7071,0.0830543924074554
7072,0.00788505848169496
7073,0.028328253435302042
7074,0.04411758789522934
7075,0.9986536850181161
7076,0.4972277816752394
7077,0.9916844313106377
7078,0.9344495495912271
7079,0.4496386847856775
7080,0.03862905125205712
7081,0.2200247900115666
7082,0.030220094224904074
7083,0.729469603781185
7084,0.07966207041256826
7085,0.43141824010677543
7086,0.27149652647749767
7087,0.009156687272182626
7088,0.013297819395086521
7089,0.9333971850674163
7090,0.09814366677434323
7091,0.3193611336850422
7092,0.020791731595301767
7093,0.7381381087895756
7094,0.7668194419796375
7095,0.5107910365201525
7096,0.2172138596537514
7097,0.0198928980535657
7098,0.9838995202515657
7099,0.0035160597478779785
7100,0.998824233300212
7101,0.8864848621854555
7102,0.4575958443188376
7103,0.9985342993449038
7104,0.0017614383585672893
7105,0.02992033274788959
7106,0.005728148075599963
7107,0.10439037611648377
7108,0.02885603736566182
7109,0.0027799860745672377
7110,0.002640907688138415
7111,0.4487695045241439
7112,0.21294884239174208
7113,0.25489744151544086
7114,0.9909802309372229
7115,0.018041610040491665
7116,0.037651149481346805
7117,0.49348732025582953
7118,0.01979148113765713
7119,0.21841918788142956
7120,0.14505479092854956
7121,0.01485893650888593
7122,0.02972616345912291
7123,0.0394239490477518
7124,0.774429563693481
7125,0.02708557595325184
7126,0.45413087058336893
7127,0.16203831764416715
7128,0.09481774836385976
7129,0.9494947908659149
7130,0.02854263318154015
7131,0.9687266294959076
7132,0.20208707061187547
7133,0.008580574576066417
7134,0.962378815100069
7135,0.4096362778709759
7136,0.056202685667338236
7137,0.10284930557676628
7138,0.7318199423322589
7139,0.03264892155891076
7140,0.04538050452871709
7141,0.016000376804313748
7142,0.04515487280556585
7143,0.004298851116168183
7144,0.9655970933277213
7145,0.11886111431217118
7146,0.022520644356153235
7147,0.0018587840297792863
7148,0.9979303721494333
7149,0.10004053075867364
7150,0.03244381518826904
7151,0.012262812195063293
7152,0.056905867840917335
7153,0.4188856423858639
7154,0.07176686884184008
7155,0.193862639040156
7156,0.004823733512894933
7157,0.029559800469731067
7158,0.00941079391192031
7159,0.02843609514246883
7160,0.029662774812674236
7161,0.9816178260794599
7162,0.0014650046211905935
7163,0.8933255120914192
7164,0.9983153011453738
7165,0.021576666882290645
7166,0.08839620738753953
7167,0.6125743625249007
7168,0.9931915356496854
7169,0.2126219857055815
7170,0.9842955248699262
7171,0.4596565198056397
7172,0.9656335609394668
7173,0.9554006924772197
7174,0.02362490019568294
7175,0.07591332229234052
7176,0.5245327171553835
7177,0.8807922218189701
7178,0.44633439773175676
7179,0.009774123026763983
7180,0.04605310956912971
7181,0.1739996338109907
7182,0.06928161649067241
7183,0.9493084039872915
7184,0.016968534262542447
7185,0.34800699946852653
7186,0.8748463685309237
7187,0.02544951517568785
7188,0.801924543310338
7189,0.6023288741032853
7190,0.03984020565685226
7191,0.09494716199423987
7192,0.02491511748041539
7193,0.5352651494691674
7194,0.03010532688269696
7195,0.9921760411145523
7196,0.019449540239095734
7197,0.005300599051414544
7198,0.03171642429762719
7199,0.1298752317348571
7200,0.02797578212389283
7201,0.0463263502980875
7202,0.11543360777005007
7203,0.01750654742095778
7204,0.1721919030895934
7205,0.12212508137339326
7206,0.8526673101914306
7207,0.9770691939420361
7208,0.7569320137049913
7209,0.7235524377966931
7210,0.8736814269222464
7211,0.02704202884248254
7212,0.16277678601690482
7213,0.9870825583507312
7214,0.06276060878558806
7215,0.028372928839611688
7216,0.021912478749659743
7217,0.24750625600043072
7218,0.05729616287887632
7219,0.0062749471799699655
7220,0.5631130541589797
7221,0.44967330831876473
7222,0.0017221039177881905
7223,0.975249898298159
7224,0.9557071000765849
7225,0.07712483534168844
7226,0.020179751880394087
7227,0.011700831078663636
7228,0.22967324991454463
7229,0.12857313185246322
7230,0.9669547170699966
7231,0.04381658287230801
7232,0.2628740671489112
7233,0.051444424876946435
7234,0.9862059226345306
7235,0.05987385710819866
7236,0.02229057078225097
7237,0.31164791599600006
7238,0.6575563770362439
7239,0.43570544989464144
7240,0.0031876484010207535
7241,0.37575008446537067
7242,0.21789702625801288
7243,0.01580987255043212
7244,0.9552045582079849
7245,0.08635033398039649
7246,0.0589738238115174
7247,0.07486015551199329
7248,0.9604984486817159
7249,0.1833781093706825
7250,0.005900186715831517
7251,0.46122468754642587
7252,0.2398814510544064
7253,0.3775606243534291
7254,0.059384109699408175
7255,0.14504170217264653
7256,0.6055525523240706
7257,0.6547192889563596
7258,0.08640697430040509
7259,0.0647890552146525
7260,0.7373796726579789
7261,0.9624905852966203
7262,0.0481651642291247
7263,0.9421764362614411
7264,0.038397573320417155
7265,0.1697772245345452
7266,0.059930844884475844
7267,0.021054647399039835
7268,0.004809275823607525
7269,0.06316549143481445
7270,0.018355560675004007
7271,0.028761270398497532
7272,0.3484297104728432
7273,0.08913516939688021
7274,0.008163228476910762
7275,0.9189135314251553
7276,0.002656459626616607
7277,0.039559141426328305
7278,0.15970344237763257
7279,0.04792365495232839
7280,0.049619078342057005
7281,0.7906383706563301
7282,0.9586479517265158
7283,0.05334920542443268
7284,0.28728968111345493
7285,0.1093913239913492
7286,0.20474028914179232
7287,0.00153791933110647
7288,0.9528911163999907
7289,0.952808041452468
7290,0.020352746453525337
7291,0.10193683182695988
7292,0.06192194723913992
7293,0.5991790332145981
7294,0.1640494501156566
7295,0.03050023494347874
7296,0.014962065221170164
7297,0.4732806806575157
7298,0.8568880281900759
7299,0.7749933747294832
7300,0.27949303901592104
7301,0.9084873939216409
7302,0.9735192664234046
7303,0.4644624983014606
7304,0.04974584443356396
7305,0.13555109303067
7306,0.10779918889457024
7307,0.09703863491215882
7308,0.011867386516340958
7309,0.003830272057428729
7310,0.10427123803977807
7311,0.9704951554510726
7312,0.012970817923996892
7313,0.7348788574322948
7314,0.040203184611645154
7315,0.006131840455939209
7316,0.09181778516793358
7317,0.1230491251268325
7318,0.06911478983451677
7319,0.6565390628418724
7320,0.035140150722439326
7321,0.907397397991242
7322,0.004000583370234407
7323,0.028398560941868888
7324,0.8750932133525711
7325,0.03673028409771197
7326,0.02530647933275226
7327,0.3579422668898257
7328,0.9816080012452921
7329,0.0022116312651446167
7330,0.9599245771515506
7331,0.08488977422642166
7332,0.0473425661955964
7333,0.11012981908829789
7334,0.07139908102487884
7335,0.05857161844030678
7336,0.14278686394072632
7337,0.04243389216292423
7338,0.044467697852635116
7339,0.06939894833677905
7340,0.11393211278093822
7341,0.6598378751169789
7342,0.018100956709929557
7343,0.9887407528378847
7344,0.07221706072498003
7345,0.012480066032799334
7346,0.9578608275324838
7347,0.14104275142209705
7348,0.005998190045822762
7349,0.9623424347302996
7350,0.5297937917146963
7351,0.9983798051555516
7352,0.4273894460414075
7353,0.03982668233362968
7354,0.09180417667690527
7355,0.021417063085396724
7356,0.8710946582463244
7357,0.004707135368792816
7358,0.03333157385130496
7359,0.1490987868455107
7360,0.08440678498294263
7361,0.010504221298481624
7362,0.024344125192234993
7363,0.8496723123474299
7364,0.036206374959428286
7365,0.027404897631206737
7366,0.00839817151401184
7367,0.2962946136334746
7368,0.056642360892413715
7369,0.010032009947161693
7370,0.0716945063848131
7371,0.045383553400526445
7372,0.015109216635716193
7373,0.04152771153112782
7374,0.47898053108569394
7375,0.9830751207343552
7376,0.39751374399184625
7377,0.00575694094880423
7378,0.9436181205983467
7379,0.8449547994148645
7380,0.5657301706518436
7381,0.005961443034732489
7382,0.030021500829761412
7383,0.0035899401401576145
7384,0.012239561471694086
7385,0.9933378223499062
7386,0.07030687487153964
7387,0.9899966249836887
7388,0.001909052936310364
7389,0.9158183064607202
7390,0.5576858030307068
7391,0.05154976964983537
7392,0.07542336917028078
7393,0.020093709198572264
7394,0.01166977203410774
7395,0.812135235646283
7396,0.9986026069683137
7397,0.018506703469636537
7398,0.09789156179506595
7399,0.021399805088648992
7400,0.011956158893715044
7401,0.008750005589427429
7402,0.0075395718705614755
7403,0.1544639626038331
7404,0.007957535738111914
7405,0.12506902482152998
7406,0.9488372037293679
7407,0.008573846343607226
7408,0.11110907560357612
7409,0.04255643453990169
7410,0.11914357693792989
7411,0.13335755566339808
7412,0.9977373520534037
7413,0.17214355680894
7414,0.017599289241800382
7415,0.9986534750697037
7416,0.3698124252834358
7417,0.7521201219215835
7418,0.012320388409026897
7419,0.8969296780866651
7420,0.9262093708475776
7421,0.9194305597874399
7422,0.0835920067624598
7423,0.33837114823097714
7424,0.13985873304938573
7425,0.1458684987384834
7426,0.02297250586659301
7427,0.9700932109119065
7428,0.12705968710566573
7429,0.8320969305833099
7430,0.967490138525209
7431,0.035125094596690914
7432,0.021857390017146296
7433,0.35883308866937813
7434,0.3912655263005292
7435,0.5375804221089981
7436,0.951936385688164
7437,0.04897020087902397
7438,0.9716836910248756
7439,0.06473361098243505
7440,0.0026070051619999338
7441,0.9352302650223963
7442,0.01430082751553493
7443,0.07195565190336559
7444,0.1197478313835432
7445,0.9860525111310009
7446,0.21388478533044275
7447,0.9641727671090068
7448,0.467379640105792
7449,0.7539869819915272
7450,0.2654542164500572
7451,0.24482405443420663
7452,0.022680841176014148
7453,0.9605976190769765
7454,0.02504204246660268
7455,0.16488238998236582
7456,0.1456099102451034
7457,0.06095231396120651
7458,0.04135039308912268
7459,0.2221604984929968
7460,0.03586615182111208
7461,0.04619056250588566
7462,0.7115780842626744
7463,0.12241774592090579
7464,0.10838347035409218
7465,0.0034463201762896635
7466,0.005879325310195164
7467,0.758148162251872
7468,0.26058692622580626
7469,0.023810955329012694
7470,0.26577103082955944
7471,0.5863521716763747
7472,0.24180367915345852
7473,0.012016114836238607
7474,0.015783598995726678
7475,0.04878860293995333
7476,0.0049056505212904545
7477,0.026741342199012197
7478,0.0019605257105223986
7479,0.009111359655487025
7480,0.5479697078556941
7481,0.0911809121409029
7482,0.005810193563107938
7483,0.9982989470539145
7484,0.021032060945356444
7485,0.011186008699725955
7486,0.13605909712584502
7487,0.1264841760883845
7488,0.0506308223849593
7489,0.06257283987448833
7490,0.0014700200147897086
7491,0.2797445914365614
7492,0.08954651726659726
7493,0.06611056269990105
7494,0.0045562267382835645
7495,0.034655387016351125
7496,0.1062818856580525
7497,0.0350627273692163
7498,0.022536452081857665
7499,0.005177305377048872
7500,0.05148189849645733
7501,0.37614051680862387
7502,0.47602803862097437
7503,0.8192214254550458
7504,0.011299751594928336
7505,0.054793169998628835
7506,0.020915910266472923
7507,0.015852780637260925
7508,0.5360095075940929
7509,0.15408453512970724
7510,0.9491163882247803
7511,0.051139012528217405
7512,0.09005955338134182
7513,0.005568827026536866
7514,0.0353997433203299
7515,0.338648198183172
7516,0.047821787740246494
7517,0.020276552668132122
7518,0.023510964298593284
7519,0.9357366269018932
7520,0.12829022974040388
7521,0.006570704093219401
7522,0.016850550632299073
7523,0.9152885866828867
7524,0.22383425528412684
7525,0.9771438438337637
7526,0.011999896326228679
7527,0.9985927679400184
7528,0.19162733383744351
7529,0.10420188528027367
7530,0.05842884084522177
7531,0.0019259567331415327
7532,0.9675937185349501
7533,0.1454710759357375
7534,0.015239538312647731
7535,0.9038283912364862
7536,0.8927226725564748
7537,0.23475923384499342
7538,0.003670860698734562
7539,0.011380743703261406
7540,0.7029977682054067
7541,0.037814136645460475
7542,0.9498991381023372
7543,0.13530859958237385
7544,0.04535727214429805
7545,0.9868159180200026
7546,0.9984510641999504
7547,0.11166570278139212
7548,0.07397998448462735
7549,0.11855951992478415
7550,0.028531493436555914
7551,0.9754381789201823
7552,0.34524694017979
7553,0.3172790284226914
7554,0.2665234418682679
7555,0.861488133437319
7556,0.2352453068516855
7557,0.009015537072189782
7558,0.22292738113819516
7559,0.12479669112492896
7560,0.6897151876072201
7561,0.10197488056729168
7562,0.07467226464971784
7563,0.03727039222727844
7564,0.48062200762351215
7565,0.0670794509423698
7566,0.5996487290191919
7567,0.859523767542335
7568,0.12950752885113104
7569,0.9774976059494671
7570,0.19608903119556303
7571,0.0204203266662072
7572,0.02057590513347944
7573,0.012165444496637614
7574,0.037372317984317505
7575,0.2506823873125199
7576,0.021826412606335544
7577,0.11090116702300737
7578,0.008653028673286297
7579,0.7780848194432526
7580,0.9863230996962871
7581,0.08841793751413442
7582,0.5330520570781558
7583,0.9109039618338084
7584,0.007900204060909428
7585,0.4807155297450326
7586,0.055255347565039026
7587,0.7993236720637634
7588,0.002452552662644197
7589,0.9664331784760638
7590,0.35778456856439783
7591,0.09642729150388635
7592,0.026582338062791186
7593,0.01707612403358459
7594,0.05882605128384069
7595,0.9956859951639407
7596,0.015611873809872057
7597,0.7369989792621878
7598,0.5532595280180321
7599,0.07798939320807155
7600,0.021968916903116885
7601,0.006819806280605474
7602,0.015475419978229557
7603,0.9183604646186425
7604,0.03291514348476163
7605,0.15495058004615192
7606,0.8888916030047171
7607,0.3409464197689209
7608,0.026971281623867808
7609,0.0058947486327545415
7610,0.13743694427840134
7611,0.013274547690347142
7612,0.05261854051767309
7613,0.046932282646297833
7614,0.09698850952504932
7615,0.8383775086602376
7616,0.3973463308828786
7617,0.02205769652025571
7618,0.2227793136070254
7619,0.25540470290347117
7620,0.023700314800150668
7621,0.1348690340968986
7622,0.9745335547406
7623,0.9933077999254543
7624,0.053250742970081824
7625,0.11126552707577056
7626,0.17721600092806278
7627,0.9841892412968116
7628,0.8916024892325495
7629,0.12276698499756605
7630,0.9661312960412682
7631,0.03600080605233729
7632,0.25151457235013197
7633,0.3645630476582714
7634,0.002183277628615812
7635,0.25189955391655444
7636,0.3302885990831935
7637,0.4122023653687885
7638,0.9457662012960841
7639,0.0061256045767883955
7640,0.04993772714923392
7641,0.16050726843236313
7642,0.07718502162692392
7643,0.039531242459309855
7644,0.002760123273273703
7645,0.17723639956376208
7646,0.05394261019681142
7647,0.062088698903724614
7648,0.003132322321819022
7649,0.011972372245629961
7650,0.978024844931118
7651,0.9907790590172735
7652,0.6422873514230611
7653,0.010110344410127502
7654,0.051128494668505664
7655,0.9905695673709073
7656,0.4279452871403734
7657,0.4677022892117391
7658,0.11192664323887427
7659,0.4024756847383127
7660,0.057631711984755085
7661,0.03831063760713469
7662,0.0167996586710783
7663,0.2511739126588185
7664,0.49197216238263863
7665,0.0020168278247012063
7666,0.016783333588294133
7667,0.0283176601034204
7668,0.03614914008132727
7669,0.08124566328467485
7670,0.34541721905144696
7671,0.6990104405216808
7672,0.8173272192587755
7673,0.9457271683678983
7674,0.05489804409963162
7675,0.23011662298233349
7676,0.11614393192240202
7677,0.181958729428069
7678,0.32900053374485505
7679,0.032116475583518246
7680,0.005359131043676855
7681,0.0013115526736213311
7682,0.0031957984161489327
7683,0.887451968636837
7684,0.01944301009468502
7685,0.9614667109653652
7686,0.9982243087282965
7687,0.006447222149487538
7688,0.05371269036834085
7689,0.8037441248709891
7690,0.01590907341370186
7691,0.013507862858973934
7692,0.165051548291939
7693,0.1609672380976443
7694,0.5833122691009441
7695,0.0055883167657317795
7696,0.11549445054505802
7697,0.48182166575448676
7698,0.003566810341436014
7699,0.07576571154456607
7700,0.01515505044730127
7701,0.1657825142179422
7702,0.37058530336575307
7703,0.9579010867092557
7704,0.9577538157112468
7705,0.007835780951029275
7706,0.14438511740970686
7707,0.42482082051544845
7708,0.05193278147203239
7709,0.07863573979374155
7710,0.019146730087708057
7711,0.07323645098515316
7712,0.01388075292509735
7713,0.623705768097906
7714,0.002681821159560206
7715,0.2869144233375766
7716,0.003411152983180083
7717,0.05352391806807615
7718,0.4205771766561569
7719,0.8157010006356078
7720,0.1741253755589275
7721,0.028709998568423305
7722,0.05208376725542595
7723,0.2391180047777806
7724,0.03335947117654116
7725,0.05776549505927486
7726,0.6305541794524332
7727,0.9382802206945146
7728,0.02745207423615718
7729,0.7318629181573593
7730,0.8137631675966231
7731,0.2019330790467064
7732,0.9878796313566449
7733,0.004508537281570808
7734,0.048088926253229664
7735,0.13324873640957774
7736,0.009188917616893047
7737,0.19970928461473697
7738,0.16900968669013536
7739,0.1404615802483467
7740,0.9984786127180048
7741,0.9985033025281048
7742,0.012329997546688228
7743,0.4060856492331622
7744,0.9788797223119359
7745,0.9608714860203459
7746,0.039337066443165515
7747,0.930399477279375
7748,0.2647417791768364
7749,0.5322493094453987
7750,0.011145139877314834
7751,0.0635344092668347
7752,0.9837030452206068
7753,0.22797183402556737
7754,0.01564865119091448
7755,0.4971042006625054
7756,0.4594125836798099
7757,0.08356498930728071
7758,0.809829860089861
7759,0.05319197742838023
7760,0.07154838459685578
7761,0.6146229951825921
7762,0.12753634041089185
7763,0.15466373539882472
7764,0.05083071224023574
7765,0.051756728286232914
7766,0.006071063122398508
7767,0.056280818811991214
7768,0.998513130761586
7769,0.8670476569479033
7770,0.5097144452554125
7771,0.2629114545456583
7772,0.008876594328304614
7773,0.16913069766650568
7774,0.9293469773964411
7775,0.7827788915811948
7776,0.02063408841107884
7777,0.16942062824867749
7778,0.9635930654379886
7779,0.8797080487567103
7780,0.07670994677092736
7781,0.11091957971925684
7782,0.8023718231886774
7783,0.06469050746054679
7784,0.04887373918206282
7785,0.9976081538675035
7786,0.8360163739132315
7787,0.9567261514747158
7788,0.9850047316072557
7789,0.32705894366295385
7790,0.9572925465945643
7791,0.9942920590880181
7792,0.9505117571522417
7793,0.28600466494625354
7794,0.9915347817334891
7795,0.49666016773754984
7796,0.04182019136572486
7797,0.030652579168901864
7798,0.043314794177763974
7799,0.998350735710152
7800,0.5093571694482546
7801,0.36295400873341904
7802,0.010658520339399105
7803,0.0036697035291961824
7804,0.005720699299732428
7805,0.09251492795543714
7806,0.8120945062019961
7807,0.952664608345282
7808,0.7030330136559475
7809,0.016765281469420527
7810,0.977703110926641
7811,0.9483292229019558
7812,0.0690383411120108
7813,0.9705053615317792
7814,0.9929182084779051
7815,0.25681505160054907
7816,0.24151550294946011
7817,0.0017715078698918936
7818,0.0018420115320688544
7819,0.07893855766067182
7820,0.04068688858746538
7821,0.0026976540480726087
7822,0.08300996324221856
7823,0.978412964719344
7824,0.005637366332805715
7825,0.9779818175647281
7826,0.6019009838313399
7827,0.12351881537111123
7828,0.9814789601524634
7829,0.9410748035516661
7830,0.4532961961216817
7831,0.9318237280744492
7832,0.07874357236042254
7833,0.9989754121506568
7834,0.016703730605695747
7835,0.07524647008573769
7836,0.9877310252354603
7837,0.027307495569555307
7838,0.021328949124974433
7839,0.03147249556338715
7840,0.9716303277630212
7841,0.01257562927772293
7842,0.2920340595013825
7843,0.03235533598367726
7844,0.9039008354375236
7845,0.00845701782844608
7846,0.5528440642858449
7847,0.00308708875990632
7848,0.3707023610897374
7849,0.7654597642849835
7850,0.19721837327286612
7851,0.0030990375080420054
7852,0.7737456658646722
7853,0.009210321249972724
7854,0.16190967830301298
7855,0.9723761274319398
7856,0.03239164031799319
7857,0.026122000202399027
7858,0.020707923055280852
7859,0.9622580690197333
7860,0.18689550747794187
7861,0.48113263491615377
7862,0.23853209713463985
7863,0.0737973223412789
7864,0.0804681109221974
7865,0.012331628886012917
7866,0.9242346097896398
7867,0.007215159249823876
7868,0.7559606182374268
7869,0.8044043252994637
7870,0.5647333145008674
7871,0.0747546033062909
7872,0.24105244312433993
7873,0.9668055587742171
7874,0.970319454958232
7875,0.02398104454448039
7876,0.11728296050950097
7877,0.8535474340137574
7878,0.9980868276870648
7879,0.9153316832134568
7880,0.9934152532698353
7881,0.36824242918541356
7882,0.9867390125828772
7883,0.5217852823878354
7884,0.008842835412251572
7885,0.06711784472810564
7886,0.008458858056201151
7887,0.038240235949339306
7888,0.8778616318975839
7889,0.025508329741686073
7890,0.9273888230391607
7891,0.02170866722053748
7892,0.19192571311716533
7893,0.6417927588459705
7894,0.001597879877770322
7895,0.08697793316395903
7896,0.02815443406442992
7897,0.032088768789542095
7898,0.06124334807684327
7899,0.10818484473118553
7900,0.4823114065617088
7901,0.09596854191404738
7902,0.00938896417013575
7903,0.8484014476928046
7904,0.0027323703186555377
7905,0.08042724937396795
7906,0.2745365609856088
7907,0.6727367639899919
7908,0.6374050217372945
7909,0.05182149537017828
7910,0.033250074257615905
7911,0.9922339167440002
7912,0.04192370266827281
7913,0.008419791857371236
7914,0.016579644434824414
7915,0.8525599895932434
7916,0.025523518152599158
7917,0.7357650913955551
7918,0.2128496578270061
7919,0.130139685096811
7920,0.9340276384117867
7921,0.10521629161920709
7922,0.06367865965797247
7923,0.006831589207349159
7924,0.02749041690086473
7925,0.20596452108643973
7926,0.183495519954931
7927,0.07096890676968523
7928,0.15725817892472654
7929,0.16988520736100132
7930,0.9415799257513652
7931,0.005479510945212148
7932,0.025797686288623754
7933,0.02092954830165423
7934,0.00420741415655528
7935,0.2582610884808
7936,0.06675222005244111
7937,0.13402513869208912
7938,0.11447363546387984
7939,0.06737691417706076
7940,0.15854371050009633
7941,0.021114852043671313
7942,0.019156412602402646
7943,0.1750874749048756
7944,0.05542397915200851
7945,0.009930858341377375
7946,0.27570304447933397
7947,0.0942739695983845
7948,0.1965758825580622
7949,0.9839908034084301
7950,0.05267791006572137
7951,0.8713087971147038
7952,0.9072001529492595
7953,0.432568708333888
7954,0.07217052489901704
7955,0.26445228773247986
7956,0.1456442488057131
7957,0.018060151051103528
7958,0.21871129977946643
7959,0.04648431664274746
7960,0.02005364843898664
7961,0.057866641427071305
7962,0.0188770031146202
7963,0.5052400201888557
7964,0.3297091259160319
7965,0.02531657813764319
7966,0.9401853840334957
7967,0.023297937729990836
7968,0.6408362233883267
7969,0.013184160491332163
7970,0.9915600891045571
7971,0.0015071119700408356
7972,0.009061723301490028
7973,0.025789826099793394
7974,0.004300534078613301
7975,0.17441317898419384
7976,0.5855230527269432
7977,0.023845376946507547
7978,0.9245913759007806
7979,0.027787989751241998
7980,0.7595720907523015
7981,0.11524053779030594
7982,0.060275766772345696
7983,0.2167589810458163
7984,0.006508766719256129
7985,0.015265495889357068
7986,0.024318087198005697
7987,0.028660134363355946
7988,0.08249411991458094
7989,0.005617793860849923
7990,0.3427781508557248
7991,0.9814932964773825
7992,0.3233420978191436
7993,0.22208220194311123
7994,0.9518058222695505
7995,0.025424509372286123
7996,0.6405268350397413
7997,0.938461752953963
7998,0.0689983424193017
7999,0.9870282725452303
8000,0.009340045083611751
8001,0.026826722440091072
8002,0.6803913623398907
8003,0.04527677271440719
8004,0.16762772179526186
8005,0.12031917651792856
8006,0.18951464200222823
8007,0.14226076196748283
8008,0.39783146435087563
8009,0.0060689868398424215
8010,0.08092440025011947
8011,0.27954325928041
8012,0.303778540448315
8013,0.3007087911668612
8014,0.9929283782290668
8015,0.07392770694581359
8016,0.048525436183599266
8017,0.18100453247366777
8018,0.7962111357250807
8019,0.026169201605565504
8020,0.001969766800891881
8021,0.02306674797344926
8022,0.03733239517513765
8023,0.05697154336398973
8024,0.8470518092145596
8025,0.01420059369848739
8026,0.8608174201080363
8027,0.004906963406714183
8028,0.3361033259715991
8029,0.10976622338996422
8030,0.2596781328746237
8031,0.8449484827048614
8032,0.016419443246623523
8033,0.002442780409135139
8034,0.13861638257183942
8035,0.3678650679337391
8036,0.0022007559421467317
8037,0.01811579601119941
8038,0.0432830821803813
8039,0.005816551322002785
8040,0.009409384333500241
8041,0.0915334735395484
8042,0.866607378671725
8043,0.8335663338924374
8044,0.011375398515742027
8045,0.060745803702292836
8046,0.021184865517631733
8047,0.3360528185392396
8048,0.9984037214996864
8049,0.027912110565203353
8050,0.36847779043363826
8051,0.9346035313267046
8052,0.005077612026841824
8053,0.9887809083622585
8054,0.008673422309726682
8055,0.14568550929632684
8056,0.9789484204301335
8057,0.9817703531100808
8058,0.10127554245741222
8059,0.08073405045286475
8060,0.0009952477572158426
8061,0.027186861933365815
8062,0.41143933678079436
8063,0.02599986269130558
8064,0.11483840887608522
8065,0.7701178980119296
8066,0.22722248805484788
8067,0.5933036016684058
8068,0.014360243440775236
8069,0.10775422806556534
8070,0.42809651648776736
8071,0.8918004069015333
8072,0.16843502188363713
8073,0.9713513335290186
8074,0.8851839177834339
8075,0.003244901941314185
8076,0.9893525413540718
8077,0.9898553338245435
8078,0.06621752063079261
8079,0.9900175779072262
8080,0.07728013032919398
8081,0.10363098611564459
8082,0.0044193388587193735
8083,0.8912563160356948
8084,0.0020437025943035613
8085,0.5655788857214898
8086,0.004682791432752882
8087,0.005242823897888712
8088,0.04683896757849338
8089,0.8986945797975376
8090,0.04788285239083752
8091,0.9933635829121306
8092,0.9566146375980209
8093,0.05200110966818772
8094,0.734925506631923
8095,0.027479133814338995
8096,0.9935200899243009
8097,0.056782758672766734
8098,0.002611632461615959
8099,0.6924737254831439
8100,0.10314100933597051
8101,0.25638625170792784
8102,0.003053186838196143
8103,0.008329205610698276
8104,0.956374311082464
8105,0.17158714800772912
8106,0.001944789776197854
8107,0.34196787215687613
8108,0.824513711161745
8109,0.9419924502330341
8110,0.1382426362817451
8111,0.004193420132507262
8112,0.95335001812953
8113,0.04750227709620637
8114,0.0359638452899105
8115,0.17289977596180978
8116,0.9855419955156315
8117,0.8917764487059472
8118,0.20383570732064665
8119,0.09872071210257408
8120,0.04907510386059898
8121,0.0024394612472622237
8122,0.9824619262400249
8123,0.017733546254936894
8124,0.07546619523488557
8125,0.037056403638035
8126,0.5024154266218008
8127,0.987544849114479
8128,0.20648246628010297
8129,0.03828266278175228
8130,0.7291628783436932
8131,0.11469862957156149
8132,0.003271473446466059
8133,0.054953892690164485
8134,0.9204978781367708
8135,0.7974552398433086
8136,0.0669965317118032
8137,0.05040587831327608
8138,0.00914686047250841
8139,0.04283958522737337
8140,0.007971247634275775
8141,0.030763597137077853
8142,0.5456958197691658
8143,0.08783401488523154
8144,0.1995379030842062
8145,0.31836519027645405
8146,0.016456014863294535
8147,0.34073018597534177
8148,0.06176134113038788
8149,0.42902352172342906
8150,0.040088402267816875
8151,0.9868870384034747
8152,0.6843757978360966
8153,0.01729995938984448
8154,0.07019777042440682
8155,0.22074049490967923
8156,0.03548435051643218
8157,0.07788477987453357
8158,0.21238124004489659
8159,0.005686214009541625
8160,0.8037544609506239
8161,0.15286269057451207
8162,0.013783095767807412
8163,0.00852974611698145
8164,0.3807696661829275
8165,0.009579039603268384
8166,0.13533527269184764
8167,0.9926714649581532
8168,0.0755422999696447
8169,0.9099416551334248
8170,0.2632380141275481
8171,0.038075879680665656
8172,0.3082656241675787
8173,0.7654389540231015
8174,0.07834009500328137
8175,0.7964339309758832
8176,0.1158714448948637
8177,0.11371390986579955
8178,0.44413169885368575
8179,0.07020726649476376
8180,0.002257342144452555
8181,0.21259539230180702
8182,0.9515990747852504
8183,0.4609968232640673
8184,0.028540797533924696
8185,0.023417219239011147
8186,0.40878892276471496
8187,0.6052852664581536
8188,0.9796216301083185
8189,0.14259769475710965
8190,0.18737020525322673
8191,0.07843830707900608
8192,0.9624682899816981
8193,0.027134213111746408
8194,0.037071129178930545
8195,0.039111229342401216
8196,0.9695287202277143
8197,0.17695651210043106
8198,0.3814368169293837
8199,0.04415681676593375
8200,0.4506575891340666
8201,0.15366687741780855
8202,0.011281796493642617
8203,0.2551778121626196
8204,0.7266480064758695
8205,0.10432744318710656
8206,0.05420100804981366
8207,0.1618637715229202
8208,0.9897760109932852
8209,0.7018778972926889
8210,0.3066200834459084
8211,0.042208056367905
8212,0.00426311639292596
8213,0.004373841204760022
8214,0.887609091110298
8215,0.09518624820761204
8216,0.041139441027098184
8217,0.42715996593906125
8218,0.22665630484338545
8219,0.01326217915457492
8220,0.06058051560586057
8221,0.8586628900379476
8222,0.028789923491874543
8223,0.13383670533524877
8224,0.18136939479685454
8225,0.47448449958157646
8226,0.2614546854495699
8227,0.012461498383570357
8228,0.024219897106263016
8229,0.002389469234353477
8230,0.204142447071429
8231,0.02539476838166005
8232,0.9983040513123912
8233,0.030630289943126256
8234,0.22854346284609134
8235,0.9783930783962467
8236,0.984801186783218
8237,0.007774869615945075
8238,0.033131638396261764
8239,0.034998277951074644
8240,0.9232284966654947
8241,0.9946652996823355
8242,0.01729239027916082
8243,0.038743659422476005
8244,0.10868731403201634
8245,0.14649553654825193
8246,0.09912960107149914
8247,0.9888843199036574
8248,0.35615020276928394
8249,0.49357521352991796
8250,0.28837701138128996
8251,0.056879494891452026
8252,0.26099509999723686
8253,0.32105654187550015
8254,0.09132981355055524
8255,0.947681883415884
8256,0.1916697944472958
8257,0.0014945563844923732
8258,0.6316512466549804
8259,0.27523605231687387
8260,0.0027880778346255977
8261,0.007354690358426116
8262,0.21240711228959833
8263,0.05440050478915455
8264,0.005046971686633382
8265,0.03667794594806127
8266,0.14293767956580114
8267,0.9665666555081238
8268,0.05805532014416656
8269,0.6156305263730962
8270,0.02271550530180163
8271,0.3423518933499614
8272,0.14333720841888306
8273,0.08910259722763819
8274,0.07709522154670441
8275,0.9726131921955858
8276,0.11021053335631056
8277,0.1862156446507936
8278,0.07278382676437303
8279,0.07432012282528497
8280,0.10829646970103943
8281,0.00164830713002307
8282,0.0266283404539858
8283,0.9976737337929591
8284,0.23161546881264805
8285,0.9688061258740436
8286,0.04078859465817542
8287,0.016644071527085226
8288,0.7922702133524069
8289,0.4267979524166755
8290,0.024967857921183882
8291,0.018442422136054258
8292,0.004531122430824666
8293,0.11296237156929152
8294,0.27113566181984167
8295,0.5620212427367981
8296,0.01881841441646165
8297,0.8978747547264369
8298,0.49537940040816675
8299,0.9851242730896921
8300,0.04510249534040248
8301,0.007160967344337758
8302,0.05763074159649743
8303,0.025298881384592603
8304,0.042329144297496374
8305,0.015143210376310445
8306,0.360754947751314
8307,0.9790969511434128
8308,0.0031891184212235685
8309,0.1479194679319894
8310,0.14537742945931673
8311,0.9792096672068173
8312,0.8795378169746189
8313,0.3750273872662504
8314,0.06731976068067097
8315,0.9892195319449504
8316,0.8138909801667978
8317,0.02601661884785194
8318,0.008651568943467424
8319,0.02333792641256556
8320,0.0223086683572229
8321,0.023099690709431728
8322,0.410389399612108
8323,0.10116587399784438
8324,0.026688788876501817
8325,0.008831423526358169
8326,0.7466830328234918
8327,0.01965852142809367
8328,0.03367275193066573
8329,0.30281795420961954
8330,0.9904623317407122
8331,0.1691548898010325
8332,0.3002838143801664
8333,0.002055101328747478
8334,0.6119441946403311
8335,0.9616569951633838
8336,0.679601222681085
8337,0.06227373613517159
8338,0.004777042719194982
8339,0.046839584474743914
8340,0.1017715589817553
8341,0.24356612946094733
8342,0.9611437351451072
8343,0.03898543052181649
8344,0.9706729086307342
8345,0.030869164086337574
8346,0.9246248185063926
8347,0.07361470266546116
8348,0.11429087956797104
8349,0.24208082943970743
8350,0.15312775425941944
8351,0.022828377121862836
8352,0.9635411771965896
8353,0.7408270054025726
8354,0.002494188390302079
8355,0.9184809564808832
8356,0.023896026843830312
8357,0.391809981873642
8358,0.11533455036177279
8359,0.6238528941219481
8360,0.9873780768094689
8361,0.2547876725153171
8362,0.9210094223523841
8363,0.13441040757291772
8364,0.9982079700196897
8365,0.6305648641468345
8366,0.020285388818057425
8367,0.45580504901322894
8368,0.8768092693099214
8369,0.005447371635068948
8370,0.08097395257323245
8371,0.7507592105336094
8372,0.0650868977400218
8373,0.7037493592058224
8374,0.23366718288748295
8375,0.32364264860210984
8376,0.055757167877973704
8377,0.02567823625347529
8378,0.4090387709250679
8379,0.008856380027613414
8380,0.464384081185449
8381,0.6429683031661699
8382,0.9988054895967697
8383,0.014467490802798563
8384,0.005078805078541897
8385,0.043329331642652916
8386,0.9423242205732282
8387,0.9593382135094961
8388,0.17558733549146743
8389,0.10709752215312834
8390,0.0017632486418786837
8391,0.03441246941134189
8392,0.006535072719402594
8393,0.6787085487091177
8394,0.3841027885686726
8395,0.12184094374024919
8396,0.06972243222000231
8397,0.9979920384883952
8398,0.9683765053426614
8399,0.07242302126442703
8400,0.0963906136622624
8401,0.6063577150510799
8402,0.9317540614023803
8403,0.6695662851968183
8404,0.028618968389938673
8405,0.9322062555553923
8406,0.16737943185650048
8407,0.964209424204366
8408,0.002615627434324144
8409,0.021859246693962983
8410,0.06691130187982901
8411,0.12161931641851695
8412,0.09208213440122084
8413,0.06067610543576912
8414,0.008008671941650678
8415,0.4318673730191408
8416,0.00262621370015163
8417,0.059380220755396396
8418,0.01754859018901458
8419,0.8533953389419822
8420,0.005977201441466564
8421,0.9984785856215693
8422,0.03378903745747598
8423,0.34791320504042167
8424,0.0030678635512957466
8425,0.41917189623571016
8426,0.9985060949627755
8427,0.506265393829113
8428,0.9743712300661957
8429,0.16760962145447122
8430,0.035920919300918876
8431,0.26560588522607015
8432,0.025377761696458823
8433,0.9022595058480478
8434,0.16912584736283498
8435,0.04433773937199975
8436,0.8983854643589295
8437,0.8911245085454236
8438,0.024379555340406776
8439,0.11984893318859274
8440,0.018008749087529086
8441,0.5351021151693628
8442,0.009686267855194636
8443,0.23706383836328201
8444,0.03570224821498637
8445,0.004919355515415139
8446,0.034489911254094674
8447,0.150729666319014
8448,0.041360641446676075
8449,0.6364065637600095
8450,0.010440917501141475
8451,0.06708052715335068
8452,0.0014297843627921157
8453,0.9987118488486892
8454,0.6465622165818745
8455,0.11038019265659617
8456,0.6695701909091277
8457,0.13423861046385244
8458,0.9956328685575374
8459,0.2674354558790808
8460,0.1861204750997524
8461,0.058767957219530556
8462,0.03346259282575568
8463,0.04068807803546613
8464,0.06726135158548761
8465,0.012437730083426635
8466,0.8653016239107625
8467,0.0033875315827050527
8468,0.6279954883233501
8469,0.11065117033011984
8470,0.03184265373006682
8471,0.977750701246114
8472,0.9923125470863227
8473,0.04929078731703383
8474,0.010310384245547338
8475,0.9283875371075836
8476,0.13578845719134083
8477,0.25483302029216204
8478,0.7004668834107715
8479,0.00764644679011041
8480,0.005374155217650393
8481,0.004612032468706846
8482,0.018274819883641973
8483,0.007534139631573995
8484,0.2942228883571427
8485,0.18437876140463877
8486,0.10895369716981049
8487,0.06268211682402353
8488,0.001838501610071585
8489,0.8379665326586176
8490,0.08661993766996795
8491,0.8954171209479612
8492,0.6523834050099089
8493,0.00952485336504943
8494,0.03758427818873909
8495,0.9785655226075589
8496,0.11779208061324217
8497,0.04579907763814817
8498,0.11433043750393951
8499,0.355253363608283
8500,0.028130177255865467
8501,0.14953944913513487
8502,0.059548961700956624
8503,0.9056483937471591
8504,0.03805455814790856
8505,0.012888792123615354
8506,0.04531624585907472
8507,0.05305945533446824
8508,0.050216841027389165
8509,0.016829880285101777
8510,0.037280251700852876
8511,0.01847502563157087
8512,0.031094372347210297
8513,0.008178280578638694
8514,0.03544941630882497
8515,0.2710064320105684
8516,0.026720775876970908
8517,0.04575513622076624
8518,0.17637660576862615
8519,0.01914340532152136
8520,0.010038456060343818
8521,0.08299529469594455
8522,0.9197647146855795
8523,0.12052980463225466
8524,0.9888081334144865
8525,0.004946275843295655
8526,0.6879403493673402
8527,0.0157524142331769
8528,0.08453795488598892
8529,0.741747521381237
8530,0.7983429305441201
8531,0.8701085667395059
8532,0.6008684528455938
8533,0.021212050825412294
8534,0.014050840076337983
8535,0.9946659242221265
8536,0.1511389746005545
8537,0.0736872874567863
8538,0.337514478372571
8539,0.06694465879003987
8540,0.23186864867662715
8541,0.22169934927786422
8542,0.051772051910939344
8543,0.9875353078159087
8544,0.9802487563391842
8545,0.1399702947713407
8546,0.028539505151772435
8547,0.1838844085190437
8548,0.18799529699512085
8549,0.03376686377479403
8550,0.05259304616493141
8551,0.08630244087591171
8552,0.04247916921087805
8553,0.10531102810388833
8554,0.25247420297838663
8555,0.04127403249584377
8556,0.24119275199248308
8557,0.8302658505679786
8558,0.9788388040452636
8559,0.8003801399334557
8560,0.9708885220965768
8561,0.6501606209051146
8562,0.11755144941263125
8563,0.04535769082546937
8564,0.025391466548261556
8565,0.02066183688839812
8566,0.9060679251971719
8567,0.7685606359428216
8568,0.950416214892511
8569,0.17747668654133933
8570,0.8390643500124885
8571,0.03596679388253358
8572,0.9984204421369749
8573,0.12859825910822717
8574,0.05744986217910457
8575,0.08407129007437955
8576,0.003915842968941042
8577,0.811955521186805
8578,0.9795702529304999
8579,0.06293387081565223
8580,0.5970011407789559
8581,0.37765422603958193
8582,0.011842094698301268
8583,0.5457225859234428
8584,0.774737249062345
8585,0.026943805354690074
8586,0.060906504831340594
8587,0.06147042617270128
8588,0.18697354611150108
8589,0.012360335897917737
8590,0.5507272621641388
8591,0.9798697863265469
8592,0.09280000336758423
8593,0.12932527071486474
8594,0.0041511889578724915
8595,0.9609623530448848
8596,0.5128529023825611
8597,0.009787308102999772
8598,0.888075224569269
8599,0.9198604827298407
8600,0.07303540646898933
8601,0.0800254402585497
8602,0.04507878007966498
8603,0.15825138418971688
8604,0.8449016537895793
8605,0.022562890665148078
8606,0.04069969753745546
8607,0.3725776295780229
8608,0.9762310025055987
8609,0.03413645272921909
8610,0.03790761202077948
8611,0.7940909468291472
8612,0.1874246734980131
8613,0.981366004013728
8614,0.9528399219628821
8615,0.25990006819079287
8616,0.07351906566899208
8617,0.040052892146887384
8618,0.6372719825824316
8619,0.05171578133728585
8620,0.10189031800752818
8621,0.9055071975275644
8622,0.08723191584457068
8623,0.9630196307465276
8624,0.016934928621745164
8625,0.08819615968750608
8626,0.026031173584358996
8627,0.03558215142819353
8628,0.4746694610588075
8629,0.009255719327556566
8630,0.8843258283386145
8631,0.12224692210371839
8632,0.08976111034577414
8633,0.9448712476699447
8634,0.19880093431379703
8635,0.6851892581113799
8636,0.9435345980847154
8637,0.987823442742864
8638,0.020578137482536354
8639,0.31889979650668354
8640,0.020527701971978354
8641,0.17417684838470732
8642,0.002807161418775431
8643,0.8804368020249353
8644,0.004509567324797446
8645,0.0040054964359032205
8646,0.3826072282905242
8647,0.25943331012535187
8648,0.05077979493930232
8649,0.4426763225808086
8650,0.0021441564236084863
8651,0.01048207345192521
8652,0.7899517825678486
8653,0.004051815395756711
8654,0.009601091517728763
8655,0.003424228599679844
8656,0.015011274527080187
8657,0.26526314697145326
8658,0.20639051673919126
8659,0.06741691492403022
8660,0.003352310373654093
8661,0.24024775865535875
8662,0.0020760916363461042
8663,0.07848788863966259
8664,0.0016364352193978045
8665,0.00755631169707666
8666,0.9673425341356341
8667,0.031530796203672176
8668,0.03180685820516286
8669,0.3208179847045595
8670,0.002221910771691353
8671,0.2756977735132294
8672,0.927501226847951
8673,0.020536249885118686
8674,0.02840014396444049
8675,0.9767492884594905
8676,0.9235569815582476
8677,0.016116449426588172
8678,0.05204287478948909
8679,0.14590690596144518
8680,0.4502012375513371
8681,0.07735548527717123
8682,0.9549483416289033
8683,0.7658250881988732
8684,0.3118638361220679
8685,0.00718101170451532
8686,0.10497030164515439
8687,0.03234706642553929
8688,0.9766618618996223
8689,0.04316609629798701
8690,0.04740187782190305
8691,0.9674227088874607
8692,0.20741852739932937
8693,0.06147669275900472
8694,0.9986701594324952
8695,0.9924708772185815
8696,0.030358622848514663
8697,0.9596579871646197
8698,0.08122689188448823
8699,0.07948182392232933
8700,0.06328327008527801
8701,0.9581273773103798
8702,0.029272753789491034
8703,0.0644306127787011
8704,0.0016593683899548196
8705,0.478927371053806
8706,0.9987488641713862
8707,0.013661217906190886
8708,0.009400852111259489
8709,0.010714545375621023
8710,0.11275880170650143
8711,0.026236952011403573
8712,0.030589146316537225
8713,0.09544621531870198
8714,0.7598995475165058
8715,0.016028180685200066
8716,0.007600745089482604
8717,0.4813502368799737
8718,0.9252785170965507
8719,0.014338278571373313
8720,0.036128343213742475
8721,0.051387322693830534
8722,0.9613022333552772
8723,0.006696433301829332
8724,0.0064843072705112635
8725,0.018186389861318646
8726,0.028132340726996566
8727,0.009660094355422972
8728,0.19571551311729668
8729,0.998170198141459
8730,0.7518755591007934
8731,0.6658206694082022
8732,0.837066281945243
8733,0.8038828942184184
8734,0.0046396269121282705
8735,0.05814334666974072
8736,0.7869902387113572
8737,0.9265211084437881
8738,0.1071514131449676
8739,0.152538659031993
8740,0.9695629113552944
8741,0.9841594248428739
8742,0.9962694141955668
8743,0.038594138397951394
8744,0.0020142219302138054
8745,0.14504304757155112
8746,0.19105027705207828
8747,0.08493652433883064
8748,0.023732848140139276
8749,0.08648590797368602
8750,0.030354458768678486
8751,0.09413313192116876
8752,0.5696973570825374
8753,0.9245293405894289
8754,0.22765988942110713
8755,0.968536145093239
8756,0.2040140632956559
8757,0.1588180723372903
8758,0.027910581721825457
8759,0.29669754529235476
8760,0.00865390388217207
8761,0.8606336658139494
8762,0.02128515046206448
8763,0.9908859821993703
8764,0.16755255955898382
8765,0.17358525596682206
8766,0.0035813600114472095
8767,0.127756560936129
8768,0.011791727953633275
8769,0.09297485078231266
8770,0.03139127589789134
8771,0.005780124861456374
8772,0.007902859310828767
8773,0.029164554719417698
8774,0.6741100530884415
8775,0.005401563639264579
8776,0.029259377844224423
8777,0.3754745230459861
8778,0.13552419756140885
8779,0.01851478010658516
8780,0.004178677810517375
8781,0.9802064390112335
8782,0.07325921471012917
8783,0.03145869651062875
8784,0.0030796156831105538
8785,0.009399565511220523
8786,0.09590478828849455
8787,0.007580869749692844
8788,0.9854387764788305
8789,0.041835666391974516
8790,0.9447450176154706
8791,0.09249926462197071
8792,0.0314491393603083
8793,0.06801851652166126
8794,0.9083873874273325
8795,0.8216432970962719
8796,0.006371255983874175
8797,0.6250792997731337
8798,0.9411804272288598
8799,0.06402159516590218
8800,0.023536565777259915
8801,0.013072243598978853
8802,0.011857758090251599
8803,0.5634075269773656
8804,0.007139901672450267
8805,0.13003556022349072
8806,0.1727334819457573
8807,0.02468003761349435
8808,0.5219856837171277
8809,0.36525593836231507
8810,0.015589645892433652
8811,0.28671715394322606
8812,0.9353949613228818
8813,0.012548425059938913
8814,0.5081844797854066
8815,0.9207152367111939
8816,0.9096309378164589
8817,0.9837701339898226
8818,0.8917000846596332
8819,0.31484262515487993
8820,0.33162019243448093
8821,0.06805393352059934
8822,0.7193415536490948
8823,0.9586299293697449
8824,0.015483639911891316
8825,0.0268661550677741
8826,0.2677776178817502
8827,0.7113108202003763
8828,0.15351765577112858
8829,0.10832996864491383
8830,0.010141496865649288
8831,0.083623593083885
8832,0.24912716583064626
8833,0.014613637355101145
8834,0.7514537411608756
8835,0.011169440935273053
8836,0.09945112658151231
8837,0.1202205339339025
8838,0.31204172899011207
8839,0.1180430837002937
8840,0.0832553880698704
8841,0.9856058113616668
8842,0.9830788682050376
8843,0.08147859625800773
8844,0.5706618361694222
8845,0.14144785972200757
8846,0.004774816717989152
8847,0.051158516757021114
8848,0.9890228508723797
8849,0.07444556133032021
8850,0.8938890041758538
8851,0.0852784787214702
8852,0.6891135927256198
8853,0.1803775151547244
8854,0.0016800819514997925
8855,0.04056762202878346
8856,0.018168455806068615
8857,0.0405752448716922
8858,0.09429633649242604
8859,0.579209793508781
8860,0.07147321487280033
8861,0.1028200422501947
8862,0.05853247728777971
8863,0.22105848061790984
8864,0.005409248875381244
8865,0.9294709723971952
8866,0.9706890806688198
8867,0.024928596861811855
8868,0.8431730550728078
8869,0.2975788913198724
8870,0.029993852553101802
8871,0.25616138926052945
8872,0.09926586333845158
8873,0.008610924348739855
8874,0.3311553380042386
8875,0.05435912907715543
8876,0.0031740740134070526
8877,0.9987988984234709
8878,0.0012238255539726497
8879,0.07096496229524321
8880,0.020599217760850184
8881,0.31810069678098507
8882,0.20044992321381724
8883,0.14535563775334187
8884,0.9719188081933114
8885,0.2822357014857423
8886,0.16531944842121138
8887,0.018579398188943066
8888,0.0263847066023611
8889,0.03994712264883299
8890,0.07780778829433507
8891,0.2223652290267802
8892,0.13614027946701054
8893,0.3277273825032607
8894,0.10844758972957826
8895,0.9720788916343999
8896,0.3804013134148516
8897,0.31160507794432946
8898,0.5090877871009579
8899,0.07485398937702081
8900,0.15250691603253114
8901,0.42871055472761976
8902,0.9983763815259339
8903,0.31349973091324396
8904,0.5911222362340867
8905,0.6508837489741273
8906,0.967433299837597
8907,0.06829027820173456
8908,0.0731941157707525
8909,0.7737154654509998
8910,0.7472004621669445
8911,0.03078364990128016
8912,0.3788683043381279
8913,0.02710934483204603
8914,0.02718791164499389
8915,0.062000570505292785
8916,0.006439015628656613
8917,0.08524265408900687
8918,0.05212853160931151
8919,0.11117966635555529
8920,0.06232190002433172
8921,0.0740986139311447
8922,0.958107641167956
8923,0.04403895594732732
8924,0.7397841690246125
8925,0.5235510002059294
8926,0.021518581927662532
8927,0.5748846232505381
8928,0.6984305099128096
8929,0.5589345788765008
8930,0.5755170749381058
8931,0.08086400924339435
8932,0.9626161262387971
8933,0.04160694264144933
8934,0.09678268471319168
8935,0.7133507077002051
8936,0.8373324097427055
8937,0.03300591226047285
8938,0.942047616402981
8939,0.12626222910602944
8940,0.3321583532251031
8941,0.0031749957958757853
8942,0.32158291386052634
8943,0.39268178635641676
8944,0.7142545450106923
8945,0.8392161694591
8946,0.10218562045224606
8947,0.9483108329793055
8948,0.12925705926103748
8949,0.29407940481267014
8950,0.5192248505690211
8951,0.9968663930797025
8952,0.03272524330201248
8953,0.046947272134190234
8954,0.03890823138014786
8955,0.9111258904401995
8956,0.6868513972085875
8957,0.9432642284770747
8958,0.9532200648257048
8959,0.2280631967092595
8960,0.019585650687507474
8961,0.7354354616098892
8962,0.01342933430465387
8963,0.9703442672795226
8964,0.3223674928192204
8965,0.017202898703007428
8966,0.29892669167545194
8967,0.019371061790181263
8968,0.018393710078113155
8969,0.00641269388998152
8970,0.004843315642194186
8971,0.012553470289744425
8972,0.006606309062865404
8973,0.48501612065559463
8974,0.06521606451404907
8975,0.8911680836392165
8976,0.21497939892728202
8977,0.05631849257680595
8978,0.4425735163112825
8979,0.0012723092379792879
8980,0.012115838393122653
8981,0.8633525145901122
8982,0.05025201820031251
8983,0.5295955236447281
8984,0.0040657055749458715
8985,0.034139648968596864
8986,0.01531970538504837
8987,0.006973090091615815
8988,0.004075231904744428
8989,0.2660453794353028
8990,0.014576256535095613
8991,0.10867675553914334
8992,0.01294177417218334
8993,0.07411943277932086
8994,0.9877937444796904
8995,0.5572500411985011
8996,0.033213040814067715
8997,0.9812106965302325
8998,0.02338475387857534
8999,0.12833014272096802
9000,0.08262630751296599
9001,0.20397032894299047
9002,0.009633080569414183
9003,0.9725294466710801
9004,0.09535637964948875
9005,0.8751400318363259
9006,0.9620095604983212
9007,0.0772066226701752
9008,0.053155719486313084
9009,0.02626506720310745
9010,0.8170280715364819
9011,0.8635250364145735
9012,0.023889154998098072
9013,0.0106985230515547
9014,0.09378981464583197
9015,0.00887196876960701
9016,0.3054102698296213
9017,0.077786580682071
9018,0.8341577214407448
9019,0.22974184652539964
9020,0.01916267777902393
9021,0.3695254000984731
9022,0.05749791509917386
9023,0.16829288438224
9024,0.046323857576984984
9025,0.4125677819611272
9026,0.12381748095823644
9027,0.9982028013526407
9028,0.12908240307761437
9029,0.008996762871239966
9030,0.5685236023679904
9031,0.16716983835837748
9032,0.17532122138034834
9033,0.987334477099219
9034,0.013893583762234003
9035,0.008625807311485887
9036,0.020568299909287508
9037,0.039036979814545264
9038,0.14281903855962197
9039,0.09957574817343395
9040,0.02933662101945559
9041,0.39378758048721335
9042,0.20071534030651939
9043,0.3212436664875269
9044,0.006110475826212472
9045,0.05202316458560706
9046,0.012085382628941353
9047,0.07349974063991765
9048,0.08073447593738253
9049,0.9861699609064853
9050,0.08687433495373764
9051,0.9711627697870986
9052,0.029168634949761914
9053,0.017819993647349573
9054,0.028634770907161815
9055,0.35787046039325315
9056,0.3575578606642025
9057,0.05429987555612892
9058,0.9978100759667003
9059,0.05849667808583478
9060,0.02931360612389802
9061,0.2863639063761534
9062,0.8723392447752047
9063,0.02641092407689575
9064,0.02184359868686368
9065,0.36949681745512475
9066,0.1951823262064747
9067,0.22925318650578974
9068,0.017973372027528692
9069,0.01539683836538621
9070,0.06313259478992544
9071,0.0584563256617784
9072,0.8491487798688218
9073,0.6650910455081747
9074,0.9463404743307184
9075,0.0027174010985625326
9076,0.874970805628929
9077,0.024426937773794576
9078,0.10348292489588892
9079,0.6318605261251565
9080,0.7400442179295587
9081,0.14490798206242705
9082,0.531973171545884
9083,0.45402275043535056
9084,0.05765844313448324
9085,0.9746297666379662
9086,0.9056535255316379
9087,0.9851060917746786
9088,0.7798470631805057
9089,0.1616129476996043
9090,0.2769204563473885
9091,0.3747592417551331
9092,0.4350022894951177
9093,0.01147682568642126
9094,0.03095383378209709
9095,0.6628118264021041
9096,0.9457455964702566
9097,0.004185974784829409
9098,0.0481809550849905
9099,0.12356015274979984
9100,0.0032527056187886486
9101,0.8711186975269547
9102,0.047311364586211734
9103,0.7404082357722185
9104,0.1370956535391675
9105,0.10201360776227028
9106,0.06932699161512798
9107,0.007499817759731603
9108,0.411513373979521
9109,0.17446055867969132
9110,0.0013411314492714778
9111,0.7861693343064466
9112,0.009415118712516594
9113,0.55438754817082
9114,0.012668454845982766
9115,0.844146342982151
9116,0.08179596074351979
9117,0.8909460638649886
9118,0.21538074253566625
9119,0.5870642448600236
9120,0.040507632193294396
9121,0.5011631647515279
9122,0.08024781125771321
9123,0.22158892137922503
9124,0.022004569379065024
9125,0.47743226015583634
9126,0.05835637511240745
9127,0.03526550840162916
9128,0.0033324683294889993
9129,0.016542725799368836
9130,0.4677015533265214
9131,0.9758634314490772
9132,0.09154057644195088
9133,0.014371285846016477
9134,0.06916217828897007
9135,0.4348320414654026
9136,0.010427547390647014
9137,0.048634019848380304
9138,0.019408423854938392
9139,0.050042132728052795
9140,0.9420896862664419
9141,0.11014230715891903
9142,0.04004314869763695
9143,0.8062208911467666
9144,0.10714227124981221
9145,0.0346009694574303
9146,0.00721068991598415
9147,0.07267849633585324
9148,0.15575420912347943
9149,0.10895274990923269
9150,0.16212162845742936
9151,0.004020055558242898
9152,0.5088539972046008
9153,0.1927893002495302
9154,0.945188060113358
9155,0.9941865843763265
9156,0.8318106782649273
9157,0.9124921505141959
9158,0.3187389286236045
9159,0.003591375670507612
9160,0.2604283300524619
9161,0.014015010097201309
9162,0.09831773457687944
9163,0.0036607777026844007
9164,0.06454256844038764
9165,0.00931070663096008
9166,0.9758336970855919
9167,0.017792409494254095
9168,0.25456000442447047
9169,0.9840048768145797
9170,0.7795886100636145
9171,0.967416645026106
9172,0.8764137415088338
9173,0.4824648231239145
9174,0.0887292077430191
9175,0.0354119235111469
9176,0.0026963530187294566
9177,0.2876477078824346
9178,0.39452935217945373
9179,0.053383193221264266
9180,0.012804782338062096
9181,0.3219019577702657
9182,0.002289750282178854
9183,0.008546894531842469
9184,0.35608220362307064
9185,0.026321610848125614
9186,0.07828912671458414
9187,0.013963959516140389
9188,0.01438156833256714
9189,0.843657630842899
9190,0.006714789473948117
9191,0.09962864513138861
9192,0.9919844870273742
9193,0.0028885909144557367
9194,0.012106486804397232
9195,0.009104736868092059
9196,0.7935360567458614
9197,0.027516390611380802
9198,0.007750183372824285
9199,0.04264063940197965
9200,0.04317108044705244
9201,0.9986545832316628
9202,0.031001091897677635
9203,0.047376746697432144
9204,0.18010006684543367
9205,0.0032710509906598954
9206,0.4656384295941669
9207,0.5161396127100844
9208,0.005064288864048568
9209,0.02033989024041191
9210,0.9628746653010798
9211,0.8741594756765787
9212,0.2968702334040589
9213,0.07455066152549093
9214,0.013155699865336604
9215,0.030592256236228004
9216,0.22623408325892674
9217,0.030365325231967832
9218,0.16867319951636908
9219,0.04882139993540857
9220,0.015411225533478037
9221,0.3918898660026219
9222,0.16510745673236682
9223,0.9768354967704254
9224,0.11588888244957399
9225,0.962106803882544
9226,0.9866509817135863
9227,0.030496436048112384
9228,0.004921893960896249
9229,0.009455790345891097
9230,0.1062866854613104
9231,0.09192978424142195
9232,0.9193148947975007
9233,0.005437925221574477
9234,0.04431318678378654
9235,0.06928897722554885
9236,0.008589155471612436
9237,0.0989246711308132
9238,0.15619657387030456
9239,0.07856727936219698
9240,0.6226321175085539
9241,0.13844060338555858
9242,0.0014418663482706198
9243,0.9893449548289543
9244,0.012452683746093537
9245,0.03475656471931184
9246,0.2945014715192708
9247,0.030241441326060894
9248,0.9897001214206802
9249,0.9983758731472409
9250,0.021231290644170807
9251,0.46327255216612195
9252,0.009655925609737458
9253,0.002275370199431783
9254,0.07209492072216796
9255,0.998331727745198
9256,0.1104110716285818
9257,0.2833783921427692
9258,0.8996536461908917
9259,0.03542075896936412
9260,0.06556492463763258
9261,0.9772397130350577
9262,0.7644096807845124
9263,0.01186165690211596
9264,0.05243576285961457
9265,0.01726776973548767
9266,0.8967854071610556
9267,0.35845702928622214
9268,0.053032926672392594
9269,0.8272465936299633
9270,0.0068451001834623415
9271,0.0020075426131421427
9272,0.2042618964223423
9273,0.06272591189998547
9274,0.03378564719961735
9275,0.012306437695439373
9276,0.01064338372903701
9277,0.13814044711945944
9278,0.9946626112168881
9279,0.07559980619184498
9280,0.6814376417735096
9281,0.9808700783632598
9282,0.23344116908061574
9283,0.7308657748396898
9284,0.0999919897441267
9285,0.20061644988184388
9286,0.12015539213367785
9287,0.36942990963332717
9288,0.10448375746697265
9289,0.03315150700614327
9290,0.05065347040374514
9291,0.06386659681183124
9292,0.4536340004710022
9293,0.26667987199050125
9294,0.12459344333784542
9295,0.3602147019382907
9296,0.1158450605969222
9297,0.9800634558859413
9298,0.055334322106416714
9299,0.007764812810888507
9300,0.03891742070858084
9301,0.46104889412650424
9302,0.045965799023407916
9303,0.060861659724955885
9304,0.04775465864571435
9305,0.004881103684069247
9306,0.12360400870533488
9307,0.7077450628081698
9308,0.9641158068042668
9309,0.9752225576543578
9310,0.03699540777304735
9311,0.8988054067532272
9312,0.8245268620479598
9313,0.7994142872964873
9314,0.03795005874188821
9315,0.4065270529278543
9316,0.9100756434085541
9317,0.5965765710328842
9318,0.0036831211016179225
9319,0.035738510949452386
9320,0.017352342585869693
9321,0.8780560656320842
9322,0.6828289372435776
9323,0.25984097986958254
9324,0.010116006338291439
9325,0.04043903132033015
9326,0.2889241815809196
9327,0.06161365318442291
9328,0.6779765226559954
9329,0.07705320091770188
9330,0.8547897280112844
9331,0.051780866153832414
9332,0.04315536534813982
9333,0.01537309161041768
9334,0.42367266156307315
9335,0.017045345162883307
9336,0.11860956503297629
9337,0.6912233458945891
9338,0.08085201493499002
9339,0.39669012441946894
9340,0.09836046925029981
9341,0.03792624938986326
9342,0.05987853123386665
9343,0.017751690094126533
9344,0.11197751253274832
9345,0.0019387099203964989
9346,0.04416171024286876
9347,0.043261143281138226
9348,0.021629505842988547
9349,0.11554911081919961
9350,0.054011818026739454
9351,0.009907477849707524
9352,0.05009918549676906
9353,0.04645454058205038
9354,0.027697388807734393
9355,0.3889345100118478
9356,0.10115964217669067
9357,0.029557985899554697
9358,0.19379155696097528
9359,0.9768391184880632
9360,0.06406617050291685
9361,0.0014948097227805632
9362,0.016868875861119927
9363,0.014826101176706309
9364,0.4870455953908819
9365,0.0034105453234761817
9366,0.09927490698889327
9367,0.9600822888181526
9368,0.11936936773836078
9369,0.05159609952838977
9370,0.9610835308992887
9371,0.4685956236443733
9372,0.01122252304024303
9373,0.0036030078064587688
9374,0.03600307960020085
9375,0.2103307785098838
9376,0.8184353660054465
9377,0.06120450334969291
9378,0.9985914220976305
9379,0.155150887819306
9380,0.02415934416453807
9381,0.9867192332022217
9382,0.061098369723045776
9383,0.982386968342903
9384,0.46370842622914654
9385,0.9601408354804132
9386,0.003634376319104076
9387,0.43295406389058266
9388,0.4195162594354661
9389,0.6637006808883273
9390,0.017046319921764946
9391,0.16983595627885342
9392,0.046150567691599864
9393,0.04497426712772716
9394,0.3470205238328139
9395,0.8538416840419544
9396,0.02261249390212336
9397,0.9986142275054763
9398,0.005583769538530578
9399,0.0021578112626146288
9400,0.47884597376346105
9401,0.02252902187176703
9402,0.06997082130665883
9403,0.009672642005512475
9404,0.9859353781348765
9405,0.5841374627408716
9406,0.0017160659451451459
9407,0.006156172444915514
9408,0.5159084285649018
9409,0.1891394130994446
9410,0.9464993594007711
9411,0.13050068909294107
9412,0.037697726396158586
9413,0.03749745359676877
9414,0.018604933262910156
9415,0.2811418783364215
9416,0.022059747090223604
9417,0.026021965368984087
9418,0.050617559390530156
9419,0.20996123354613097
9420,0.9725091398215102
9421,0.10830068899529166
9422,0.9976101308806806
9423,0.035519134518339573
9424,0.8425576158335444
9425,0.9827081141570513
9426,0.39763566399247574
9427,0.09929092212982835
9428,0.058977501177633715
9429,0.4529172866977463
9430,0.0012250402767773885
9431,0.9267309737668497
9432,0.011778955655644938
9433,0.9624352750074044
9434,0.005351054687858604
9435,0.9986504182012241
9436,0.9822634670948346
9437,0.00890982889095009
9438,0.3314112200654308
9439,0.006342812233439533
9440,0.38095417112898333
9441,0.7339417751562504
9442,0.048768445864222146
9443,0.0763491257226139
9444,0.0618442042634836
9445,0.9381376751537884
9446,0.004998597155373731
9447,0.9899079309911722
9448,0.05225696694652852
9449,0.018644733801118127
9450,0.05186129174649316
9451,0.009444781988309328
9452,0.9865364887065076
9453,0.40425940009919453
9454,0.014433321530249149
9455,0.03428444976150605
9456,0.006456768883237717
9457,0.5123649902214086
9458,0.011066263053924792
9459,0.3136427183459581
9460,0.03880511561256726
9461,0.9293472210416776
9462,0.3336544440828848
9463,0.054094732253827466
9464,0.11656835183992159
9465,0.0019208588185957907
9466,0.3241553197741304
9467,0.9181902040173879
9468,0.10628834179854137
9469,0.0017125985401726
9470,0.9730769653884217
9471,0.0106003603674234
9472,0.9652603174690875
9473,0.10960977772979431
9474,0.9561487216777839
9475,0.016719570223622304
9476,0.040140513924618565
9477,0.0679044050526819
9478,0.43582926942711825
9479,0.06292271646887204
9480,0.9163229438794692
9481,0.9684261528897213
9482,0.2338653367047817
9483,0.9417147489176474
9484,0.08124368607428545
9485,0.22516226329857064
9486,0.9580275163708056
9487,0.7526091373040509
9488,0.9826636991504948
9489,0.1765955897009518
9490,0.007460750140571357
9491,0.020973627276986845
9492,0.9955889722452114
9493,0.12208768255921415
9494,0.06635752840813319
9495,0.002014742134528442
9496,0.008440064604479382
9497,0.08961391914297714
9498,0.3538604635880175
9499,0.9683080597625924
9500,0.22118463207120853
9501,0.08820397172990907
9502,0.9729758611224743
9503,0.9839362837290293
9504,0.31326707236132223
9505,0.8076481438624046
9506,0.9951859531375142
9507,0.026701941194233997
9508,0.035573137937989704
9509,0.10570620964595792
9510,0.01646401005030086
9511,0.17504503401828403
9512,0.3011371837384667
9513,0.7319059837551884
9514,0.15334996797857509
9515,0.06039777524829128
9516,0.1750474914419537
9517,0.03134151099721339
9518,0.010745383169166275
9519,0.042779333442344795
9520,0.002668761267523954
9521,0.02781582154294003
9522,0.33395167121246516
9523,0.05060853632426554
9524,0.05885244792885791
9525,0.0036236913113221556
9526,0.46909266939178296
9527,0.050751784592828614
9528,0.05316214745145419
9529,0.08820223518436296
9530,0.031110388041814537
9531,0.03216455847114639
9532,0.016634504180706212
9533,0.509097772234739
9534,0.8071163965292113
9535,0.8359215374180379
9536,0.016580756339525195
9537,0.9945440615998884
9538,0.030518668786411428
9539,0.481151377766115
9540,0.9175744750134551
9541,0.24986401800230568
9542,0.2224299402203261
9543,0.006118015644459615
9544,0.016636512364078218
9545,0.08534833463848412
9546,0.973993277003397
9547,0.7496512703687195
9548,0.01214795528110768
9549,0.14139411906950428
9550,0.789596986760419
9551,0.6631382959761604
9552,0.9746155357023591
9553,0.6195330168733924
9554,0.9866968020793316
9555,0.3093882937352325
9556,0.01446838655906963
9557,0.9799191016332964
9558,0.06394992832359347
9559,0.07920956761888864
9560,0.001382638754676381
9561,0.09462881799653552
9562,0.9973740177271041
9563,0.1973824808421905
9564,0.9826407550929263
9565,0.005312772149381653
9566,0.0663780741834867
9567,0.9922456503366341
9568,0.04934700885685993
9569,0.08620526233090842
9570,0.07066109523415369
9571,0.059646466343359905
9572,0.1323082660443627
9573,0.8289820935675345
9574,0.7620239851310804
9575,0.037557816409854464
9576,0.9827596285520441
9577,0.27495132537154476
9578,0.00601308197104881
9579,0.008187637084850607
9580,0.9235588880205647
9581,0.9084486257590322
9582,0.011040228073144132
9583,0.8167125716698729
9584,0.9240881838884114
9585,0.017747418612974922
9586,0.005738363863403947
9587,0.01045311090442058
9588,0.9250330335237289
9589,0.012685851960207075
9590,0.10376272251049148
9591,0.2639902093072431
9592,0.6945274443971259
9593,0.016934744486347172
9594,0.9436536851983842
9595,0.984629881896053
9596,0.03868509476783532
9597,0.9436263108669638
9598,0.9803444289518501
9599,0.09543458876776748
9600,0.9339176256059845
9601,0.5858697714388096
9602,0.009700312556763771
9603,0.08310992931333841
9604,0.12606770645511492
9605,0.11868471865936886
9606,0.001238970755901021
9607,0.25587209902844676
9608,0.7261092970570808
9609,0.6138916419531395
9610,0.011330410177002813
9611,0.004639205502322329
9612,0.009366546039719313
9613,0.12471701987124409
9614,0.48399847906836
9615,0.1763754954204678
9616,0.9437474172831768
9617,0.027661366097454985
9618,0.5824368899198588
9619,0.1873756704459417
9620,0.006406623890596541
9621,0.12955904619678
9622,0.01365932608548234
9623,0.4973085005479271
9624,0.24593057448007627
9625,0.004795670087177727
9626,0.07835836858339973
9627,0.0437872659220906
9628,0.974363873746156
9629,0.768675206034475
9630,0.9403104265382853
9631,0.997771180400097
9632,0.995360677231099
9633,0.0603356344795335
9634,0.07395053638600248
9635,0.9984479217840433
9636,0.9900413750911916
9637,0.005399302025651621
9638,0.048817652048291194
9639,0.07905144661728057
9640,0.16546289631328753
9641,0.01654158490006311
9642,0.11390222583637932
9643,0.18898467163567398
9644,0.9828812184836073
9645,0.0822342174652145
9646,0.3451612376967549
9647,0.5069762044813175
9648,0.0012227347879326857
9649,0.16256013464315705
9650,0.01252319923193167
9651,0.990614173135317
9652,0.7136728261293108
9653,0.22404557721132223
9654,0.2517465955028145
9655,0.021050829085099296
9656,0.4215043943472849
9657,0.9308415260017522
9658,0.9987652111927532
9659,0.05742475759996336
9660,0.03383274274822595
9661,0.040123831531210116
9662,0.9762171174608734
9663,0.008468684177528425
9664,0.0054344737656552115
9665,0.1054902639549239
9666,0.041082588006985846
9667,0.05899047351795467
9668,0.22676491635232066
9669,0.09478983966311674
9670,0.6923351432085321
9671,0.42792984914100707
9672,0.03718278284801385
9673,0.042697559777886675
9674,0.6269030834439019
9675,0.13874235516693176
9676,0.10289560764613312
9677,0.0023944831978149495
9678,0.9585312622161954
9679,0.03185845291992136
9680,0.4473807750495228
9681,0.5599042719450872
9682,0.1906016254469663
9683,0.9591751113260567
9684,0.0375359241241229
9685,0.7879177118215892
9686,0.0949166990818361
9687,0.089621928796111
9688,0.037177733095401996
9689,0.00948515987110596
9690,0.153631443958205
9691,0.9064622346789539
9692,0.0758781410350096
9693,0.020392449430393613
9694,0.7460528461580377
9695,0.008803582619815524
9696,0.9612855506077727
9697,0.22172674470363352
9698,0.06025714367395123
9699,0.011660985242677167
9700,0.13688617239613296
9701,0.1258638576083565
9702,0.99529265279238
9703,0.12391748719760834
9704,0.03335648849577525
9705,0.13836869943312466
9706,0.7938904913488743
9707,0.06477933972950334
9708,0.022789329052299884
9709,0.22332946866077796
9710,0.43727327367308977
9711,0.08820970463834432
9712,0.45326332999356933
9713,0.5421393656035098
9714,0.008572517320489453
9715,0.04328607184712385
9716,0.2041377630576588
9717,0.016456300890426413
9718,0.014596584170594343
9719,0.11882461531896604
9720,0.989202612731517
9721,0.9724373183136776
9722,0.0670944351758748
9723,0.010892704846801788
9724,0.13191121911225975
9725,0.9061619696168506
9726,0.11934514796502688
9727,0.1452713001332379
9728,0.32682179415783985
9729,0.016799323965504282
9730,0.9807684096831873
9731,0.02124857341708364
9732,0.0023866882748240672
9733,0.010562238617165414
9734,0.059673103773705306
9735,0.6187447036451068
9736,0.09543250964159852
9737,0.03743420142299826
9738,0.09974225540111227
9739,0.986548936773841
9740,0.05811658597843762
9741,0.0373602787940057
9742,0.04435543710678924
9743,0.743195846545234
9744,0.038473454238032244
9745,0.7565259126926889
9746,0.008957211644471214
9747,0.44648642550466733
9748,0.7476353938331081
9749,0.9735176879757973
9750,0.01011294107024548
9751,0.992467005610274
9752,0.01088624296882211
9753,0.9541263150348023
9754,0.3449283420153048
9755,0.995866290493418
9756,0.139339254194973
9757,0.9784647154855337
9758,0.1481450972929299
9759,0.015878177001137223
9760,0.003970124671703414
9761,0.2856821046147523
9762,0.001869339958870273
9763,0.12623482223696844
9764,0.8729800481082555
9765,0.13531231839638364
9766,0.09289586591903146
9767,0.8979290837642815
9768,0.45285655483283394
9769,0.0048286527946697
9770,0.6345921005056867
9771,0.09444369506780356
9772,0.03796100898837032
9773,0.6202553451160475
9774,0.01520616445303754
9775,0.10533375832197693
9776,0.004963203588717491
9777,0.11287293424176223
9778,0.09662866576931853
9779,0.14043149415022022
9780,0.9927205809566686
9781,0.11254507188089438
9782,0.7655953288727871
9783,0.16020157392685572
9784,0.40553250042382294
9785,0.9705214288229895
9786,0.523835432622433
9787,0.22076010749466518
9788,0.002785749983756653
9789,0.20046857563759693
9790,0.26364783152620275
9791,0.04824408596653733
9792,0.10854735145718836
9793,0.10457762646871363
9794,0.711812924006422
9795,0.06326935161460923
9796,0.05591674032829101
9797,0.8625505169530843
9798,0.4780416083426092
9799,0.03113180940824265
9800,0.043619597669305385
9801,0.01425518747107042
9802,0.136759075746921
9803,0.014047147852507304
9804,0.7994670171006054
9805,0.007841199183709556
9806,0.8719036858680744
9807,0.05719995215567822
9808,0.028622895634640044
9809,0.0824970553366991
9810,0.005966953502807409
9811,0.01542613776070082
9812,0.040188918352116874
9813,0.003122799611123563
9814,0.08724529422498677
9815,0.2556465527987827
9816,0.18965008549125012
9817,0.04492600834183781
9818,0.5231540499597719
9819,0.9582000877495663
9820,0.062465798377667706
9821,0.08580591973261067
9822,0.0067759657045737606
9823,0.9538855292062187
9824,0.32576685149341605
9825,0.98180794036366
9826,0.007873253323101854
9827,0.9945985112439204
9828,0.4641093773057968
9829,0.7082142020593368
9830,0.9746981300684237
9831,0.01124705959240601
9832,0.06907602732897211
9833,0.1427716922768191
9834,0.036710685831904635
9835,0.37592619094653446
9836,0.9827571863924155
9837,0.9968964605550026
9838,0.001282035969388158
9839,0.04635490816855217
9840,0.9971807991979595
9841,0.040401928848881816
9842,0.5413548431515924
9843,0.7578434920597206
9844,0.14021848059598344
9845,0.003998494192105283
9846,0.7706507770684511
9847,0.4121528232941874
9848,0.024653474295880745
9849,0.006318269025014188
9850,0.22793470707379476
9851,0.05132522353790052
9852,0.10347553157678308
9853,0.0159301142865758
9854,0.12850137955472332
9855,0.23681557188988506
9856,0.04762133648551835
9857,0.9545306398586342
9858,0.04346345105462654
9859,0.8791748858496116
9860,0.06957575108583404
9861,0.07100866423842954
9862,0.03521925862400913
9863,0.0043875385466095014
9864,0.9268369860675676
9865,0.9972272480018157
9866,0.04081990627156369
9867,0.00213562493518163
9868,0.5187587325255545
9869,0.08668864213920237
9870,0.8450959785529086
9871,0.9847784279361118
9872,0.10950792728338246
9873,0.035055100226532805
9874,0.8510601413957014
9875,0.11583610993294854
9876,0.09617241546924185
9877,0.11341805534054915
9878,0.032434212168742045
9879,0.9044620866237609
9880,0.009438720098694401
9881,0.9540272919757302
9882,0.9613464318474125
9883,0.033862053375022585
9884,0.02614771008346308
9885,0.04131499163704805
9886,0.14904928390662822
9887,0.01684121492419775
9888,0.9514948920926102
9889,0.9984714211925223
9890,0.291986607728649
9891,0.018054182445758942
9892,0.05649333705769986
9893,0.28000902252089666
9894,0.07498995952549506
9895,0.08377142347024595
9896,0.7980968442023485
9897,0.12952332319472631
9898,0.03921183240792914
9899,0.13608624486790372
9900,0.15780687252673356
9901,0.049414579909601755
9902,0.050860348458197244
9903,0.12932368458286045
9904,0.7801482506669908
9905,0.08524712727647066
9906,0.10979547920899091
9907,0.4473681145759497
9908,0.005336451218127646
9909,0.9670533753664146
9910,0.9777340169083406
9911,0.08831273370730547
9912,0.034994766397444976
9913,0.016838381478642757
9914,0.15802423699727103
9915,0.9876889302875835
9916,0.1036116261208403
9917,0.07026349492752712
9918,0.012697000379664806
9919,0.5093835719529235
9920,0.02014626154362246
9921,0.3656370750181992
9922,0.0011748761291672457
9923,0.3378485606893116
9924,0.12145790717980424
9925,0.28805143799384386
9926,0.0773516569200659
9927,0.23133253775803264
9928,0.007249750892467301
9929,0.938541224853398
9930,0.9585252835530649
9931,0.5113097437603076
9932,0.115500664392089
9933,0.19354038883799415
9934,0.011851975847009161
9935,0.8273090727485
9936,0.9888050289412663
9937,0.3301529817152141
9938,0.34089356702342055
9939,0.056380700368489356
9940,0.16885347820470048
9941,0.037446788674467366
9942,0.0630826202090884
9943,0.00874916014867392
9944,0.032496222461209895
9945,0.9679414646379114
9946,0.052375459251603376
9947,0.10329287333766028
9948,0.04086618518240037
9949,0.005800592948860915
9950,0.049736839005276035
9951,0.162684149128799
9952,0.007256515252879218
9953,0.9956797826317396
9954,0.7592144799480072
9955,0.10958111117304399
9956,0.7730072288261014
9957,0.014424676991442604
9958,0.9758861107638401
9959,0.20643820083312836
9960,0.6639654810259876
9961,0.01783592666900267
9962,0.04362734604992381
9963,0.010224303916143948
9964,0.18005062018888146
9965,0.02816263663631357
9966,0.007460357014689417
9967,0.005963995355628127
9968,0.08420653092421117
9969,0.006376640729023176
9970,0.07605183965683776
9971,0.9951108617879614
9972,0.03602276668785525
9973,0.03559835707976176
9974,0.031949981134805995
9975,0.9763964879487799
9976,0.43854952790966173
9977,0.14101026126801303
9978,0.08236728381929206
9979,0.002867830556384136
9980,0.09386587129160798
9981,0.09268127541215092
9982,0.005685914149159071
9983,0.1810091984015922
9984,0.02881785743871127
9985,0.0032210329060000046
9986,0.04779338930525364
9987,0.16042333826542332
9988,0.0790522003646203
9989,0.03368540481215446
9990,0.11700071795803607
9991,0.9491067793526778
9992,0.08820653140180038
9993,0.04180825506808483
9994,0.7270211631168217
9995,0.0020648883536978336
9996,0.18221264459370468
9997,0.5151706928696882
9998,0.9911930403088445
9999,0.057949105750823196
10000,0.22939207649663698
10001,0.9733164345634592
10002,0.374866488542391
10003,0.314787481027782
10004,0.01805462583389218
10005,0.9566162149902031
10006,0.9695344442420832
10007,0.022467395554647676
10008,0.9874563394877602
10009,0.955075597557647
10010,0.09540720579961585
10011,0.025530627873391113
10012,0.8991236262188265
10013,0.018563453097282443
10014,0.24105378417614304
10015,0.11150204413983998
10016,0.04306883234957954
10017,0.008446798892581545
10018,0.002020117422733046
10019,0.07345938586522034
10020,0.03602148619486185
10021,0.05145168276677242
10022,0.9879477791914557
10023,0.9936496890782656
10024,0.6093597594153991
10025,0.022506741581048387
10026,0.021685208352418085
10027,0.05302637980912963
10028,0.8419969073608062
10029,0.06867039628933638
10030,0.003054150612554878
10031,0.06115891292045962
10032,0.6670936221554111
10033,0.8999386804285545
10034,0.007420431552837916
10035,0.016066801528939148
10036,0.09599176997702644
10037,0.93322800447345
10038,0.007626540829377691
10039,0.3859732383057274
10040,0.14514876080381112
10041,0.012091616493643677
10042,0.9167419893608946
10043,0.02257938710154788
10044,0.27079609504690444
10045,0.012679765283047663
10046,0.007432204183903877
10047,0.8754565821896336
10048,0.15907026487225895
10049,0.838668763853686
10050,0.006517589283824218
10051,0.5305733915632781
10052,0.9861873890152744
10053,0.07571981430089496
10054,0.6536299236334662
10055,0.1825030619559725
10056,0.007951733972479835
10057,0.974517411068012
10058,0.9688717457430329
10059,0.055342797098878266
10060,0.8283015124703255
10061,0.09952539074129665
10062,0.003008604492895732
10063,0.05682525897600624
10064,0.9857747697333104
10065,0.13149117375129116
10066,0.04945077714824116
10067,0.04154970633068977
10068,0.01581430762099345
10069,0.037040043294630315
10070,0.04379893472550063
10071,0.6070478771406633
10072,0.9657898057389551
10073,0.748090751784442
10074,0.28413564967442295
10075,0.8944109455603111
10076,0.959661998684147
10077,0.055512678239857005
10078,0.02752995084566693
10079,0.11006320607480932
10080,0.08772371602968851
10081,0.05726967721396563
10082,0.426131173711774
10083,0.006818398318530734
10084,0.1552101650219859
10085,0.4008729510907143
10086,0.08458199353605891
10087,0.799938043934155
10088,0.029536922931570408
10089,0.8211513108073126
10090,0.0023641564453792405
10091,0.0842971672030472
10092,0.004564808126735445
10093,0.032452985244486164
10094,0.4778911454035228
10095,0.043245711174457135
10096,0.029766343293890767
10097,0.9789938328368255
10098,0.18875526028442946
10099,0.22753922154286887
10100,0.009334831569840628
10101,0.006640160979134557
10102,0.06036661742614549
10103,0.017312148000871212
10104,0.9575813475347796
10105,0.004744940228545774
10106,0.15322194518347046
10107,0.0029497637406424287
10108,0.310308381325739
10109,0.08434969595875996
10110,0.15716179451879614
10111,0.022416082516309936
10112,0.014823209738596507
10113,0.05331468512985592
10114,0.15237210027480227
10115,0.00444080825544146
10116,0.7144818164870135
10117,0.04868946234761659
10118,0.15977057693753705
10119,0.5334099447077731
10120,0.30954420819781425
10121,0.14422635262498634
10122,0.21044168545935704
10123,0.15453984254292788
10124,0.005760816164062535
10125,0.07544534990547425
10126,0.9835001518702302
10127,0.03226772536541465
10128,0.05710857360361893
10129,0.041040149180554555
10130,0.15410840156421995
10131,0.6489946176431973
10132,0.4881522972893536
10133,0.10118417812486613
10134,0.9819435215473455
10135,0.04524733815643794
10136,0.009493464574876036
10137,0.007472389973006467
10138,0.4985448197033675
10139,0.9002176418113652
10140,0.23314704994590066
10141,0.18295640843970984
10142,0.014508996896370085
10143,0.07359940704284576
10144,0.003699412589507927
10145,0.013041481946595544
10146,0.08648687538218164
10147,0.3807448254538295
10148,0.5960732293508666
10149,0.8030773632048736
10150,0.0995338748836519
10151,0.027389677153315577
10152,0.009172314908038267
10153,0.9324512166053105
10154,0.05558561076155251
10155,0.020369298370274725
10156,0.5553066904909676
10157,0.24449621934398677
10158,0.5391835118474406
10159,0.1549563890209678
10160,0.9785526833453948
10161,0.016745690648838525
10162,0.9527060251129931
10163,0.9983440845461595
10164,0.004916405382904781
10165,0.013613955835298123
10166,0.0021335854662765143
10167,0.5870033150166922
10168,0.3110323775372394
10169,0.9103133794994378
10170,0.006030902299375335
10171,0.22276097004461254
10172,0.3227415904452484
10173,0.168118604929097
10174,0.0044537730319641235
10175,0.32805584093315054
10176,0.0028085918089647047
10177,0.9982269107832663
10178,0.029698509500973067
10179,0.04541223281742364
10180,0.12154191368070795
10181,0.006205575328974625
10182,0.03406992765256598
10183,0.9692196449007586
10184,0.998139418542477
10185,0.9396959352832531
10186,0.32993207760656207
10187,0.039412958454821276
10188,0.03624010639409027
10189,0.006408887232778858
10190,0.0016253988649139015
10191,0.9830744528105292
10192,0.961330248920189
10193,0.1919398975530635
10194,0.10765802307718023
10195,0.035678542217955064
10196,0.6095364715846613
10197,0.03672375981955467
10198,0.0652327812149473
10199,0.06789731308708769
10200,0.004772674578014797
10201,0.012710675579331114
10202,0.0473102415805181
10203,0.017672349177296674
10204,0.8972107635766404
10205,0.012466601859540367
10206,0.9972669576702708
10207,0.014408724822162603
10208,0.9788571001781493
10209,0.8918750616961566
10210,0.9842953081474497
10211,0.5873401310701054
10212,0.9289565268460684
10213,0.39033081949469356
10214,0.15307654745290458
10215,0.023060129774658683
10216,0.39541873601757677
10217,0.8490580343905911
10218,0.008923022793307714
10219,0.052253493945886006
10220,0.164375864652107
10221,0.004652878310773641
10222,0.0041240784787149485
10223,0.9666015988715844
10224,0.8921827010210606
10225,0.070026985292325
10226,0.030301609381511135
10227,0.9984775407918794
10228,0.009801406359760671
10229,0.5062970408915481
10230,0.9977853692581716
10231,0.015522192534549627
10232,0.19622964449703584
10233,0.2342375039195153
10234,0.07748305230319585
10235,0.016822120395188767
10236,0.029332019973466822
10237,0.4515337735386045
10238,0.05269281962156424
10239,0.9176300997509499
10240,0.06710638220248209
10241,0.01734567476899013
10242,0.09727528721672579
10243,0.07533877349926694
10244,0.007747136381943704
10245,0.9320659191601359
10246,0.04046547755167931
10247,0.44950391229839176
10248,0.6472702394646574
10249,0.751483762220967
10250,0.005461666186878423
10251,0.01716138643765611
10252,0.019133139520091984
10253,0.8161819025046345
10254,0.1776843545827474
10255,0.11373850986497336
10256,0.9176238765456576
10257,0.796728501326593
10258,0.009532806723886934
10259,0.028997969781955738
10260,0.9835558209671551
10261,0.01098864484339749
10262,0.0010910690669950565
10263,0.6815980504125406
10264,0.6728035707682
10265,0.009845560639656185
10266,0.5887682818854874
10267,0.892765984330835
10268,0.009865713874923198
10269,0.0390504886372271
10270,0.6133457435877843
10271,0.00757629701849844
10272,0.08362410662949579
10273,0.7654812800812671
10274,0.5181735962332567
10275,0.15635459757742276
10276,0.23220735705281506
10277,0.13924852932763016
10278,0.12726190690248593
10279,0.9849206890139688
10280,0.024517542857402416
10281,0.6658148559308794
10282,0.02231882903054056
10283,0.5499708005137827
10284,0.2538122147887617
10285,0.04399591913862423
10286,0.07698008135961874
10287,0.250159672587874
10288,0.9395381947244373
10289,0.8716057372697584
10290,0.05761669830370309
10291,0.038932524772206385
10292,0.012003785242776968
10293,0.0710584411785222
10294,0.5194162091328192
10295,0.2421663488725759
10296,0.9767039577130643
10297,0.14820470486696893
10298,0.049062414874475005
10299,0.1321488074541291
10300,0.9392628412595168
10301,0.0038345265724269505
10302,0.7866661748226486
10303,0.07726926021457577
10304,0.13086194451527627
10305,0.02008083412150822
10306,0.8867891743266431
10307,0.0925138643289542
10308,0.13243805756755087
10309,0.14430467010804449
10310,0.059919602628585186
10311,0.1351918813621712
10312,0.9756210869605597
10313,0.03584044486424366
10314,0.0009320514599453194
10315,0.6784539267883347
10316,0.2959193554159128
10317,0.059416964819578456
10318,0.4095246457020395
10319,0.013068534432952368
10320,0.10515600682320206
10321,0.07339472409233883
10322,0.14170258519947562
10323,0.11037138529661873
10324,0.0019359518349382617
10325,0.2588621188236237
10326,0.42083660948988283
10327,0.011770481283258662
10328,0.8734449512137008
10329,0.1453790583090756
10330,0.019875482444789733
10331,0.050238808155355835
10332,0.05084991188301492
10333,0.4844599903673165
10334,0.8746017310001141
10335,0.9404692374218357
10336,0.30352553259535014
10337,0.35693958679011906
10338,0.46203086214986777
10339,0.4406077275978003
10340,0.7133893904230699
10341,0.0601022393401146
10342,0.7618321297569519
10343,0.9433092058517945
10344,0.7636934418950021
10345,0.012730656010389866
10346,0.9674784684883513
10347,0.9539148159220983
10348,0.07243493144205726
10349,0.8396743788738059
10350,0.1696577854619269
10351,0.9712558784587734
10352,0.022091713236035624
10353,0.9334989167447115
10354,0.5460081999715266
10355,0.16493501807341476
10356,0.12171005908708883
10357,0.06581888352552878
10358,0.9838824319286419
10359,0.012757998866874565
10360,0.9572948334292802
10361,0.9530945692854044
10362,0.00604020040839565
10363,0.014423447880422154
10364,0.22589342336805368
10365,0.010865331716555203
10366,0.049132883080563974
10367,0.01652970576545235
10368,0.9883514664803104
10369,0.03235532276497321
10370,0.0033340674021877983
10371,0.3398091229026042
10372,0.028889796748997026
10373,0.4453195773964371
10374,0.9745392721080932
10375,0.0016441147343001566
10376,0.022105456641152287
10377,0.1697112530054615
10378,0.554821060357983
10379,0.026589971203340973
10380,0.09535109886495803
10381,0.02689765952042374
10382,0.9765039904557242
10383,0.9986799503312551
10384,0.042514762027107675
10385,0.05298114643003486
10386,0.07298161696428959
10387,0.00400478013055772
10388,0.04801053547368507
10389,0.0403384247692003
10390,0.3578092431072685
10391,0.009188049878315497
10392,0.1605683699482952
10393,0.013619137401957797
10394,0.7900897554730497
10395,0.12751643453369751
10396,0.46786900186647595
10397,0.13589420001139468
10398,0.9416570396918795
10399,0.12289094448901892
10400,0.6900755226717101
10401,0.4682733168865764
10402,0.562102596427254
10403,0.061785688395508395
10404,0.012079572751224399
10405,0.6582467715736351
10406,0.5281425882563814
10407,0.009608353932504745
10408,0.9792390774116677
10409,0.07237937162616245
10410,0.424455855304134
10411,0.08180791859891523
10412,0.1344106796193687
10413,0.029506168474553188
10414,0.9867429297065293
10415,0.12278305626064058
10416,0.5674618135278519
10417,0.04554973376667816
10418,0.9851907485324356
10419,0.12709776675406084
10420,0.7688275556795527
10421,0.9417269305177949
10422,0.6116749593135468
10423,0.07140981272395483
10424,0.7400366452541538
10425,0.19539826312439898
10426,0.013062126055964855
10427,0.04391934907184853
10428,0.022485287575953763
10429,0.040375244318592546
10430,0.14392585867098381
10431,0.5565360941376581
10432,0.9731282770148748
10433,0.11917020091529978
10434,0.009180065928200568
10435,0.04839321852573826
10436,0.07479015804703115
10437,0.006704088039407969
10438,0.00805491962447006
10439,0.0015708499676959646
10440,0.0017193236646294208
10441,0.8555068597297899
10442,0.9413368646337473
10443,0.5228595007822925
10444,0.2065566043054477
10445,0.025308262752812394
10446,0.0053397100748027015
10447,0.6497639342455405
10448,0.009715998751745229
10449,0.9905427173343426
10450,0.988732255340034
10451,0.20445968804466783
10452,0.9875852091020153
10453,0.754074859945485
10454,0.31734364937830356
10455,0.015197324407931576
10456,0.008967583498367787
10457,0.006585182136330097
10458,0.9406932487012083
10459,0.0670795536462193
10460,0.031418139917534234
10461,0.3457311932716496
10462,0.1968916745451875
10463,0.07282159720023272
10464,0.9608747187201199
10465,0.0375258604469888
10466,0.11190026286334512
10467,0.027030422290304848
10468,0.6463468865507233
10469,0.8185797574144795
10470,0.8228208803292214
10471,0.015373519762131284
10472,0.6774064397777191
10473,0.11677776866317062
10474,0.23815072256690034
10475,0.02641103644758845
10476,0.07197397118518593
10477,0.9937142521093361
10478,0.8872230646991678
10479,0.04952132779494784
10480,0.976345376681144
10481,0.9627401252559067
10482,0.26892945080240616
10483,0.07990762275013524
10484,0.9701115505450688
10485,0.03184022734580172
10486,0.12506110664085268
10487,0.0787160236316157
10488,0.04922024006369586
10489,0.31319169054823337
10490,0.6429029696713744
10491,0.04050140347935596
10492,0.002179844731913125
10493,0.9923302964100018
10494,0.15188309387376053
10495,0.9801581506627882
10496,0.13849139599546006
10497,0.05492345027334074
10498,0.2455584768188113
10499,0.03520803812926465
10500,0.9911941462199667
10501,0.4476047564779337
10502,0.6243153527466648
10503,0.9782226804964691
10504,0.14801205371427925
10505,0.028406639853741658
10506,0.38193844573377644
10507,0.11200380344764446
10508,0.034601231824498535
10509,0.05709184182180403
10510,0.8425792936117762
10511,0.2553943259080468
10512,0.036716275125507604
10513,0.08278954172906772
10514,0.8093514478828978
10515,0.006312410251597591
10516,0.7810599491857568
10517,0.031076762011916476
10518,0.30324888366640385
10519,0.8093887714508607
10520,0.993078339807391
10521,0.2940925599044424
10522,0.007946932251785374
10523,0.01774359971168608
10524,0.9506645139202019
10525,0.5963965110033104
10526,0.3044828135383244
10527,0.4626048335505797
10528,0.8828588668938975
10529,0.963886829101914
10530,0.06762510543939075
10531,0.04018141195009349
10532,0.04575803283351483
10533,0.08298003755520254
10534,0.07381002827919186
10535,0.32670298864772396
10536,0.9746332511372677
10537,0.07393834195433549
10538,0.022956480357068716
10539,0.08670010508204695
10540,0.7363452854443153
10541,0.938848893030797
10542,0.09372945352375739
10543,0.924700853216172
10544,0.7875317092513869
10545,0.9443207509332425
10546,0.998739750917685
10547,0.7354501777692093
10548,0.02050274342556648
10549,0.9779128850392921
10550,0.16096422392212295
10551,0.005583133567320103
10552,0.01093117216599536
10553,0.03851706672348386
10554,0.9191183431397001
10555,0.10735214390621955
10556,0.23965421344872295
10557,0.07603873055807348
10558,0.8749017036280882
10559,0.8980903407871845
10560,0.051729881461907615
10561,0.002037092399259451
10562,0.15526362748206948
10563,0.9088519820933252
10564,0.6898595935013097
10565,0.006270005545619236
10566,0.45704736035489274
10567,0.02546344066653182
10568,0.07387240175963514
10569,0.12221766114895788
10570,0.423708511294827
10571,0.07822105079795144
10572,0.14210425096724472
10573,0.3042493964506269
10574,0.9744104774399908
10575,0.0044110609634400565
10576,0.007064279943346498
10577,0.961970521013567
10578,0.8878655858923197
10579,0.06729711738827301
10580,0.0033546276527063887
10581,0.014197388078376165
10582,0.9422439193611046
10583,0.9776795282047066
10584,0.023346731982205795
10585,0.9580992015033679
10586,0.2546474922255654
10587,0.9487660025638356
10588,0.016845440870591595
10589,0.17454438214844314
10590,0.35256071054506855
10591,0.006968217414718692
10592,0.888148711059217
10593,0.035867782307116756
10594,0.031673215784558645
10595,0.003505774863040742
10596,0.1072397651145563
10597,0.965227411297795
10598,0.1392168820937181
10599,0.11283867004148115
10600,0.1798284531179919
10601,0.8454465378105596
10602,0.08599611134725002
10603,0.9562986864822761
10604,0.0011981492231125399
10605,0.7720799709586394
10606,0.9919668991756307
10607,0.01041873654083968
10608,0.03895597632116437
10609,0.11534492415978179
10610,0.07841970515449771
10611,0.9507759988433508
10612,0.010560614472860845
10613,0.061275115129744616
10614,0.021977405212645598
10615,0.05082988600168015
10616,0.14004243106381276
10617,0.4504029665595446
10618,0.9393655319071306
10619,0.009557539173739481
10620,0.9438384399907744
10621,0.19371848898525054
10622,0.5032576606727862
10623,0.10961347845982858
10624,0.07393149873688631
10625,0.20272410317496153
10626,0.11225484760979207
10627,0.09350426317391564
10628,0.40259148632315833
10629,0.0044706276204215635
10630,0.9827863833242336
10631,0.0013863967131436962
10632,0.04650022630113203
10633,0.01847302303043243
10634,0.5650903386020776
10635,0.9130983640229466
10636,0.6248047936155768
10637,0.9983743042664919
10638,0.08709855460916419
10639,0.25613549398808527
10640,0.18237249196097935
10641,0.2393486920939501
10642,0.340867237511779
10643,0.0047015790669826816
10644,0.02552404015065529
10645,0.9979553617150951
10646,0.005687551352620538
10647,0.006034908500427365
10648,0.004396693354601515
10649,0.9151157366844604
10650,0.23811957942307962
10651,0.1255404908505653
10652,0.9973296864069114
10653,0.2461062107175119
10654,0.8868064889738665
10655,0.18532180517786237
10656,0.987424056855978
10657,0.16551607771029586
10658,0.3057039333879747
10659,0.017767872445748182
10660,0.0023797074082842146
10661,0.9706542372446141
10662,0.019334559982028238
10663,0.19531531801124996
10664,0.06186803314818155
10665,0.011732135233537454
10666,0.35535185168341266
10667,0.3369722550093437
10668,0.6232874867860347
10669,0.01004621851757152
10670,0.02562068456836014
10671,0.0036315335563514937
10672,0.001593414372145434
10673,0.24513702451968686
10674,0.446663887950889
10675,0.6730998299069271
10676,0.031428442826547574
10677,0.9857977639916596
10678,0.07194744599573016
10679,0.05928907292166001
10680,0.0037446325065911435
10681,0.4828519190245023
10682,0.03660959322377265
10683,0.5025467189583351
10684,0.023215975044515946
10685,0.972923583104438
10686,0.9910564048258379
10687,0.0297674933045678
10688,0.01670291974554669
10689,0.8992686351155943
10690,0.005381796067665707
10691,0.38129440375604134
10692,0.9452447172632075
10693,0.8387873608952015
10694,0.016881475044497562
10695,0.606396375656503
10696,0.06409798561549968
10697,0.01055007598836692
10698,0.8452238760976338
10699,0.9985707572377054
10700,0.9067358571585893
10701,0.1256598943858951
10702,0.008807024543896097
10703,0.9692835154840522
10704,0.43396037326710457
10705,0.9789426950302149
10706,0.7310904514705815
10707,0.9695683601017977
10708,0.0034974697278788254
10709,0.19600448888307864
10710,0.0031923778348738018
10711,0.0020535924154366303
10712,0.10804138355342494
10713,0.13918105447033108
10714,0.004362216472554965
10715,0.305964432234506
10716,0.8160401876003315
10717,0.08693944928513485
10718,0.0018194298798197288
10719,0.14425294462811367
10720,0.7941247151539927
10721,0.9843854796233193
10722,0.9690423280401755
10723,0.9432464665502176
10724,0.0036996674211036474
10725,0.11672411570237354
10726,0.9284159274084913
10727,0.9923854016314491
10728,0.025604963869344917
10729,0.07052765250751268
10730,0.00934972191576091
10731,0.9976246700726125
10732,0.10583990604159951
10733,0.06261309649373283
10734,0.16074975899121882
10735,0.9750210873157384
10736,0.01025028989048627
10737,0.4041404102794249
10738,0.0031064845281389866
10739,0.8801321566784799
10740,0.24746675762221254
10741,0.21515076366222757
10742,0.8392510517430669
10743,0.005589425988232895
10744,0.8264890295741723
10745,0.16042950302770648
10746,0.7518726075152641
10747,0.008613650463174683
10748,0.9782203519235074
10749,0.9978783646366616
10750,0.8178835567813474
10751,0.014486204853058026
10752,0.047493242537694595
10753,0.17813920645834228
10754,0.11958812383879683
10755,0.01421336808549405
10756,0.1587546079601389
10757,0.6492306064055583
10758,0.4884379704939332
10759,0.06828862141120258
10760,0.3727220037628773
10761,0.009876563183618526
10762,0.07549775346913025
10763,0.4790298287589524
10764,0.9548058856960391
10765,0.9226312121063258
10766,0.06317044709522773
10767,0.07937650938156697
10768,0.005689294148205559
10769,0.162155412590143
10770,0.9901160674971798
10771,0.04834480661521676
10772,0.02536611514332176
10773,0.0026400649511295607
10774,0.01006248570157322
10775,0.4169038821576597
10776,0.5235386558924546
10777,0.03124465143624732
10778,0.07834917045296699
10779,0.9052039546024151
10780,0.004032922508128336
10781,0.09012923477151318
10782,0.00284215403898298
10783,0.800279274298731
10784,0.07579529452803191
10785,0.26718397807554894
10786,0.9509416089342733
10787,0.08767691478765816
10788,0.020890064437996805
10789,0.9973192450597644
10790,0.3740518950507429
10791,0.04747234927512195
10792,0.007471774162825743
10793,0.8120538923476749
10794,0.23814353258739956
10795,0.673942835853306
10796,0.06661660668773137
10797,0.05878992669040137
10798,0.7182665257772423
10799,0.2302150258059722
10800,0.28194958407886933
10801,0.038449277525139214
10802,0.009473036317286932
10803,0.07031415985555742
10804,0.9937067620893554
10805,0.8389330718684669
10806,0.037730063683178855
10807,0.06378400195356772
10808,0.03375050547667075
10809,0.15383038550930514
10810,0.9457802601166954
10811,0.026925356812611725
10812,0.027685107287257784
10813,0.02101296780737398
10814,0.05739573224372101
10815,0.3310170352737559
10816,0.09086473105480677
10817,0.971204377034795
10818,0.053640890438435576
10819,0.08155158704040755
10820,0.004497976564004823
10821,0.0668069342982301
10822,0.040202319981941334
10823,0.0512649059820354
10824,0.00986306471821786
10825,0.04482853769558018
10826,0.06358783779811962
10827,0.0018458170532566942
10828,0.46390532120532463
10829,0.07398254358090042
10830,0.039250202001739655
10831,0.45195745940046517
10832,0.29472471860695454
10833,0.03188328663368273
10834,0.08829920803743696
10835,0.30856424354522993
10836,0.013438821580377378
10837,0.5651138315198633
10838,0.3758769654001706
10839,0.21042767990237704
10840,0.011793955185874337
10841,0.16823837743979406
10842,0.8766649719227149
10843,0.9648772451777039
10844,0.3464605155335625
10845,0.04867637188783786
10846,0.11149576770154244
10847,0.02882227162871501
10848,0.33119153069978047
10849,0.06847834886454127
10850,0.1323535369708581
10851,0.2617733624075915
10852,0.9076957470303431
10853,0.037767451055010316
10854,0.0010550407744185002
10855,0.015757470734877543
10856,0.14629132205345824
10857,0.03872881280767509
10858,0.2094308218921049
10859,0.9663137434552134
10860,0.25668169209202824
10861,0.0770949585311292
10862,0.08620530707054588
10863,0.0886168478524232
10864,0.9182605999908896
10865,0.22121086440589088
10866,0.07816087079220926
10867,0.06460043331694502
10868,0.023825148176902844
10869,0.9779774199794073
10870,0.2872602257544112
10871,0.014020281947223323
10872,0.0608691085734656
10873,0.059172037590005916
10874,0.9816194334684307
10875,0.15714081700523022
10876,0.08617308998382646
10877,0.03799923136535215
10878,0.0030643695919329904
10879,0.9384396056359976
10880,0.03059623674543078
10881,0.9594738242522711
10882,0.8686838670533756
10883,0.769222398097773
10884,0.9792938255489557
10885,0.0059647553581763345
10886,0.8063042393629096
10887,0.03842645110641157
10888,0.9707142665194948
10889,0.09130194751275354
10890,0.9351324481582002
10891,0.010772319243357916
10892,0.0037964014433401463
10893,0.9745243967649904
10894,0.9860179799583203
10895,0.9675583860875745
10896,0.1476482728702703
10897,0.017462843579497272
10898,0.015136033343080718
10899,0.007451620596890472
10900,0.019164349415783107
10901,0.4461419890759438
10902,0.03915989852172231
10903,0.15322931260741465
10904,0.012188740043238517
10905,0.5014393643635203
10906,0.14908330895969185
10907,0.07475255249712325
10908,0.6809882601658035
10909,0.009018496913858667
10910,0.9587645256471993
10911,0.9823527754420859
10912,0.010253741105939894
10913,0.9112323707431286
10914,0.9984137727572389
10915,0.8969074058518429
10916,0.9915197768985119
10917,0.16850499091045026
10918,0.4309526002288132
10919,0.1479756329482827
10920,0.9838699641139581
10921,0.9905681414159424
10922,0.9171992996520646
10923,0.8375253093559014
10924,0.5807236696510001
10925,0.15053525531000878
10926,0.5971016580361359
10927,0.02749583110483679
10928,0.5156859976716806
10929,0.9851724649874603
10930,0.4612928142034482
10931,0.11038381591333472
10932,0.011701687076164886
10933,0.14972554808072222
10934,0.1883481487530103
10935,0.9634808012029544
10936,0.3120427373244086
10937,0.1490265473769496
10938,0.9669670839011077
10939,0.26166069932509645
10940,0.9251969939572102
10941,0.9950783308494835
10942,0.6141599773246438
10943,0.01597276801422321
10944,0.017140441097679752
10945,0.22974056008249039
10946,0.012875139768552119
10947,0.035226268799195166
10948,0.0034125553803807107
10949,0.016781602934294215
10950,0.009021612458828241
10951,0.9264606308925392
10952,0.04633467792214328
10953,0.02684064992345498
10954,0.06915416226223488
10955,0.17300441896768964
10956,0.6197767200711013
10957,0.002428958998514871
10958,0.032350217617742684
10959,0.0029778522332368157
10960,0.961981629432622
10961,0.428595951632296
10962,0.7339059197739274
10963,0.2532306359323785
10964,0.0017608798689875893
10965,0.6602994310613794
10966,0.9330388956773015
10967,0.9385673837779493
10968,0.18664262894769879
10969,0.13878167606040362
10970,0.03329104736029423
10971,0.14243456041330643
10972,0.5245991815439353
10973,0.6744395072702544
10974,0.2737074351705112
10975,0.5554510538356751
10976,0.1238202763115046
10977,0.9655055671935314
10978,0.1521057960317546
10979,0.004466795774809773
10980,0.930604379177502
10981,0.4235839932651928
10982,0.9912077204866079
10983,0.06380004862116591
10984,0.03731360319305807
10985,0.9423817309681625
10986,0.04622651500533108
10987,0.018834043818517787
10988,0.10621394774480451
10989,0.05067968830218508
10990,0.05054831942757253
10991,0.05552668370799116
10992,0.01756479541037841
10993,0.04978568290135664
10994,0.002548190297644212
10995,0.1987008209775214
10996,0.40996572635948936
10997,0.03906834292199904
10998,0.030217580995328976
10999,0.06454801679702829
11000,0.027634359276894456
11001,0.010682021451893703
11002,0.4258062823289136
11003,0.4094683883537109
11004,0.983225483364313
11005,0.004304421985290111
11006,0.003851724504786267
11007,0.13966976726334945
11008,0.1426688435733346
11009,0.023780177150942636
11010,0.04893493650136048
11011,0.0035773721807306176
11012,0.12950731292053413
11013,0.5243972219550365
11014,0.04602812259578282
11015,0.07751326989775315
11016,0.00860595582877494
11017,0.9464406492335979
11018,0.006802712811671223
11019,0.10807059807666634
11020,0.9120707755377613
11021,0.017527842950863556
11022,0.19264149486793036
11023,0.002334585529245507
11024,0.7558998693542809
11025,0.08759558161889314
11026,0.7314797478119968
11027,0.2610955078023492
11028,0.8588191988514265
11029,0.024253826371598293
11030,0.023372370519029767
11031,0.011662302142819075
11032,0.9369895163604183
11033,0.04799035117251175
11034,0.015239634709387388
11035,0.9377354981931665
11036,0.09756953129388357
11037,0.9903674712077432
11038,0.29166621457891173
11039,0.9924746720939752
11040,0.006583005468398983
11041,0.06070129580550364
11042,0.9725413904156981
11043,0.05448774839917169
11044,0.19219853385558247
11045,0.889022722637403
11046,0.011980238125943865
11047,0.5264063486379023
11048,0.0374399313261609
11049,0.005802641556595001
11050,0.7661767026098341
11051,0.3315485198460126
11052,0.3862000605287301
11053,0.5447509602180578
11054,0.9882140074436047
11055,0.8901901973403015
11056,0.08836803112906376
11057,0.060952801639835366
11058,0.09019013463935849
11059,0.05013788807884522
11060,0.3222040167968174
11061,0.6545696469099793
11062,0.968791367269607
11063,0.002677926281652831
11064,0.8850838911499834
11065,0.9717312146195595
11066,0.06471194934034843
11067,0.08462251331287966
11068,0.9541972297107171
11069,0.939719956206159
11070,0.05814456329018404
11071,0.022452228579838508
11072,0.9530821001176061
11073,0.059571075243193355
11074,0.9973987861398124
11075,0.0410473918513061
11076,0.09561438115383702
11077,0.030877234009364197
11078,0.6094625078384569
11079,0.017431435120869625
11080,0.0020605626309346597
11081,0.020691218380306128
11082,0.9239410600987323
11083,0.1026626100831464
11084,0.015383190280362093
11085,0.09173552893881326
11086,0.24846075817079993
11087,0.004751291853119474
11088,0.005139742696952535
11089,0.9869572592379965
11090,0.9840186338311534
11091,0.012088137304578424
11092,0.9619847342782818
11093,0.7255009418878763
11094,0.09814478287393913
11095,0.9552304947352606
11096,0.5102890270203486
11097,0.059827760660950455
11098,0.10829003159733108
11099,0.9462964201500148
11100,0.09484583414499162
11101,0.2429324737243213
11102,0.03216578457579937
11103,0.956589481251615
11104,0.08544915202248522
11105,0.1097892614626738
11106,0.9724219920493258
11107,0.9838891371190426
11108,0.2999991803310074
11109,0.9720538755549031
11110,0.07353666084250852
11111,0.9629855025834236
11112,0.04612775702297378
11113,0.0021966115765879126
11114,0.07897237149637668
11115,0.2592431666989312
11116,0.225552913789118
11117,0.9703429737818614
11118,0.08564439744874136
11119,0.9680209140019571
11120,0.0066019467799735086
11121,0.05229078400464379
11122,0.008773219615878817
11123,0.9984433216141768
11124,0.8182059190870581
11125,0.9822923713171996
11126,0.0643157483232148
11127,0.08464067363379278
11128,0.9688670921003772
11129,0.01794036586840319
11130,0.0746062611124432
11131,0.9588235674586851
11132,0.08105002419859393
11133,0.4894137246764208
11134,0.05793336090682584
11135,0.982315010739638
11136,0.16443011607981928
11137,0.011389156937469717
11138,0.9496156334776755
11139,0.02839314794865001
11140,0.9548020514893982
11141,0.033717584761006406
11142,0.10411924516359577
11143,0.9458342511126012
11144,0.015156845964698365
11145,0.21258127270348565
11146,0.97224287710573
11147,0.009634838871146136
11148,0.9808179996723023
11149,0.07937041550166209
11150,0.8401568252451479
11151,0.12265009371377844
11152,0.015012196929624843
11153,0.8668538737215913
11154,0.028893565166101795
11155,0.2739249455014735
11156,0.04081472476651557
11157,0.31024100850794967
11158,0.9841263507606401
11159,0.012107358139780072
11160,0.9532165004668424
11161,0.9754687025304085
11162,0.2698946539541917
11163,0.8441722442293035
11164,0.02492937846349049
11165,0.24786889864603315
11166,0.1256287703285292
11167,0.03279949239551151
11168,0.9855898706526325
11169,0.40337977399430125
11170,0.023743678679294854
11171,0.903532419191921
11172,0.053826069780785385
11173,0.005152538782851631
11174,0.08046136290880715
11175,0.24244197797926562
11176,0.02807134849556493
11177,0.9724303689207792
11178,0.0050519318658379594
11179,0.01298893454291337
11180,0.8345447801426976
11181,0.17483158249028777
11182,0.9850964256211552
11183,0.5741689909888483
11184,0.0016819097461663315
11185,0.9117503330762688
11186,0.05167256094915574
11187,0.991152916603307
11188,0.09374006611343591
11189,0.17232208027147017
11190,0.058207293094159396
11191,0.997149791197715
11192,0.19814052934039972
11193,0.0424429623503988
11194,0.08154632771966325
11195,0.15328878831297874
11196,0.008728887621589621
11197,0.04010510902442222
11198,0.7968675747591805
11199,0.9133793230841246
11200,0.2636926746733314
11201,0.006662883831074721
11202,0.001322454435059582
11203,0.108465430572998
11204,0.003842962520143471
11205,0.030036539191325266
11206,0.009842475996523378
11207,0.18118247829007178
11208,0.01837870882833261
11209,0.9695398039808514
11210,0.04715200182004299
11211,0.07782581321030768
11212,0.0640858017762077
11213,0.005643568591226438
11214,0.7337736806586339
11215,0.06787529760761525
11216,0.13590080333013788
11217,0.2061717473497262
11218,0.11133235711352615
11219,0.9963817246828055
11220,0.08275664121222873
11221,0.2635120674404553
11222,0.13333481250356433
11223,0.001362333121399945
11224,0.044013532292490776
11225,0.996199504725807
11226,0.011449221725959843
11227,0.13714552956582549
11228,0.4897484816160005
11229,0.09985342007685129
11230,0.002358425890010277
11231,0.9877154189889845
