index,target
0,0.015161343084258757
1,0.8771715512759937
2,0.03629701151137589
3,0.03591249373707568
4,0.9941127158240655
5,0.003241970781700817
6,0.9573773601520255
7,0.14981328241194047
8,0.02173186478193356
9,0.9248084917969582
10,0.005967943833549672
11,0.0018064109942012244
12,0.07465323007644387
13,0.5131656797655868
14,0.4680614306350893
15,0.32736597224600095
16,0.15855047693184496
17,0.881814840054833
18,0.7856494394792763
19,0.9682415824473662
20,0.12162763639423606
21,0.7177730202031299
22,0.978779101399444
23,0.13575777234796743
24,0.9736255504572082
25,0.07124093173216145
26,0.025331274256660638
27,0.0114072070499701
28,0.009123666561447905
29,0.001046381848323392
30,0.02342798470180942
31,0.0037489976349936844
32,0.00460236206096574
33,0.5812324715600408
34,0.1276563535946389
35,0.15532524936081898
36,0.8686816571379283
37,0.005487730549048574
38,0.039663981413469315
39,0.14933470231470755
40,0.08552989848594592
41,0.9437130763981951
42,0.003077960117733633
43,0.3010386475108235
44,0.8135249626848549
45,0.011176783089734814
46,0.8126259984032413
47,0.11501741884786008
48,0.446579019634345
49,0.0763403316940686
50,0.10841480848290216
51,0.003662628647423099
52,0.3351963089171036
53,0.010659311334410723
54,0.12100726515047917
55,0.020557492042904336
56,0.02997236577393969
57,0.9521684293463792
58,0.02311171724598217
59,0.7684534210124961
60,0.17158440087046747
61,0.019765309313051923
62,0.8552178855610255
63,0.5661541055933437
64,0.21742994392505893
65,0.0043867986223743065
66,0.05612879490779078
67,0.9584962073889607
68,0.9861045694063633
69,0.3500118455617568
70,0.06816737431672495
71,0.465569004677573
72,0.06370883738487666
73,0.08735457391131093
74,0.11183093065291222
75,0.01071802877453442
76,0.000992350869684677
77,0.005836239409197471
78,0.02355308927698105
79,0.7537537334548575
80,0.2208921213691975
81,0.2635939196258416
82,0.1390481663681225
83,0.1363741299027309
84,0.1567132930121512
85,0.5288004168126945
86,0.5808567798356887
87,0.013208205838914437
88,0.10797632326766962
89,0.0015174520746677363
90,0.7928791232330752
91,0.02863316795846112
92,0.04550691709697972
93,0.10941855099892239
94,0.09270877651043816
95,0.7745649795092235
96,0.46925797836600736
97,0.07498064735449209
98,0.9805452729503162
99,0.3268205612014149
100,0.007446894231029445
101,0.08551984852422376
102,0.05305268227286151
103,0.12914396576441461
104,0.469859767306239
105,0.062337410369022614
106,0.9219127887930993
107,0.7221523806127137
108,0.2843183356840968
109,0.13666443087963798
110,0.9278292841724299
111,0.017491808751946347
112,0.1155885883077733
113,0.013643226976348254
114,0.011877373647443644
115,0.19863210904203987
116,0.966790195776657
117,0.19987111901494328
118,0.33843841613772363
119,0.9948770262993684
120,0.9546544099282234
121,0.0011829219021091786
122,0.39077507554112684
123,0.09286978283011144
124,0.243792825129575
125,0.08967411439712109
126,0.03242107459924446
127,0.15096905069267275
128,0.08781379763374314
129,0.0745280986794831
130,0.008775255813406744
131,0.023767610976557253
132,0.9900603137629607
133,0.05985041726995341
134,0.9824523528429646
135,0.9129420029089859
136,0.9895652365887899
137,0.9400909022395696
138,0.7328826533403412
139,0.1043138570736902
140,0.017186259115693485
141,0.43451062921643335
142,0.012419536255174926
143,0.06330152941520605
144,0.002273014610225491
145,0.9814427499264458
146,0.6930991924764427
147,0.9493075104934994
148,0.9611042039098895
149,0.06041353699652837
150,0.6165309142456624
151,0.057315772241148415
152,0.08581708740947311
153,0.012277953780894895
154,0.060801828213288306
155,0.015758508190233972
156,0.4683766154962194
157,0.6999533547385025
158,0.0405105211284757
159,0.06483351566198832
160,0.010052933176549391
161,0.552701986545609
162,0.02134758298405484
163,0.7262557155494075
164,0.047235246316927715
165,0.04155907397802011
166,0.12399903254450875
167,0.007952871096790706
168,0.9834867112677856
169,0.0050608645381680535
170,0.012940221383139713
171,0.04012659722711241
172,0.14603261890652802
173,0.9155544451492902
174,0.012070344135266815
175,0.009833675921739454
176,0.9621909219690313
177,0.9759236570812947
178,0.0019980494523122536
179,0.9437817039375218
180,0.09060260030241421
181,0.038746842066949116
182,0.8325682453982479
183,0.18854877546226187
184,0.9473998299508414
185,0.04772085523189047
186,0.715176910641081
187,0.006056994811155373
188,0.1829816722003596
189,0.012241538988265278
190,0.007340386483660108
191,0.9105084994260091
192,0.06796830185244276
193,0.06511894117441121
194,0.14369859976451857
195,0.9840563594956273
196,0.04250349323497614
197,0.9873170054644701
198,0.1317310666411744
199,0.31243600352121537
200,0.19407523641821484
201,0.01907254230941019
202,0.9587718703801213
203,0.00475343678855011
204,0.030970894102088697
205,0.011213306939103208
206,0.12381215324701547
207,0.8675885916925726
208,0.06001100564427167
209,0.9987893582023161
210,0.1304801941250348
211,0.0022280002440176524
212,0.5424803268023133
213,0.008019305500097385
214,0.015308370921342771
215,0.17317440194513853
216,0.04032133848904565
217,0.4919817356175325
218,0.9608825366074268
219,0.5586867908778189
220,0.13749378892766528
221,0.03420387853628751
222,0.036531243280356125
223,0.02649734860883391
224,0.36186799929291813
225,0.9884268454647871
226,0.8848519952047861
227,0.060967548898167405
228,0.8938830118625328
229,0.001866760755915515
230,0.04747384210103771
231,0.9914996786979138
232,0.27153082143834617
233,0.023092147022344134
234,0.21688881843741253
235,0.05670458992705731
236,0.27685009115290515
237,0.6485087661259119
238,0.06496108644022297
239,0.9861604448122402
240,0.05664329093079455
241,0.005999844918537604
242,0.2490711005503401
243,0.2530086046009565
244,0.8971385171935183
245,0.17561007777073362
246,0.120234203689079
247,0.003878507858813737
248,0.7715377847587881
249,0.998541054707699
250,0.11660938901128884
251,0.04241178907052562
252,0.03818201376330842
253,0.1410964636429966
254,0.10153840056139828
255,0.17773675485748794
256,0.4148041492185337
257,0.8218754476209765
258,0.005593183275146468
259,0.039189187876591744
260,0.15070703598670046
261,0.07064917817567327
262,0.9973338071659434
263,0.9376743431680724
264,0.007447408751232896
265,0.15142982107015573
266,0.7815868822975712
267,0.1352067593836177
268,0.0031149854913993173
269,0.001500560514751941
270,0.3968877697910591
271,0.3917659491329631
272,0.05447603890155505
273,0.016435761776665586
274,0.9988179795879096
275,0.9983954119516039
276,0.08719622248001505
277,0.016892179876721158
278,0.017302960067501115
279,0.05623187759861665
280,0.9310804338447127
281,0.9597552306287345
282,0.9701374502506839
283,0.007038340047924407
284,0.12839935120682716
285,0.11737123327986926
286,0.014691608518168966
287,0.007956913303447373
288,0.9900247492940459
289,0.376783973373771
290,0.4713789966493218
291,0.9861672492919048
292,0.9064679239596471
293,0.9899198004802578
294,0.004890807749884911
295,0.12174513506254919
296,0.13207080749532757
297,0.09235314109960047
298,0.003597340229512012
299,0.9917362709865368
300,0.11036174736469838
301,0.9155001923926533
302,0.87254292524434
303,0.0659474339682827
304,0.6854810717888796
305,0.7878511911571658
306,0.08892557912674581
307,0.04579544256801145
308,0.4468779604901565
309,0.5603970292607768
310,0.9712643670829849
311,0.041819077193570725
312,0.43314247330278677
313,0.00634289228327897
314,0.6153275745208039
315,0.02639037794258734
316,0.9773223582881626
317,0.020680219849652508
318,0.00242220455694218
319,0.7458524667415407
320,0.2071925842600849
321,0.048053318650654
322,0.002729116188963166
323,0.031371778432787496
324,0.17753296562445064
325,0.8678534612418743
326,0.0651027532252478
327,0.9094277389764697
328,0.013602115518817959
329,0.008971133981764688
330,0.8388289397022408
331,0.011095960982331897
332,0.24478711999788033
333,0.0463303647355789
334,0.11576783640706764
335,0.2889217910830985
336,0.048968366225050144
337,0.9842456554888196
338,0.011839911627124909
339,0.041844180808888604
340,0.0019821788942706127
341,0.9853798003173392
342,0.8753689008251543
343,0.14867700224372105
344,0.06755714308280805
345,0.9701605528015543
346,0.5339840352401308
347,0.08355966627176607
348,0.0014667379415424365
349,0.3956448963689747
350,0.9979806139960582
351,0.04292049252001975
352,0.032843367656671174
353,0.09012066603419827
354,0.13941721795018783
355,0.10569387314299944
356,0.9607348906672057
357,0.023499564737975466
358,0.9683943915533999
359,0.2754085565449923
360,0.10283584500356696
361,0.6043216941092153
362,0.00598938550439404
363,0.05592166601046542
364,0.004167612563227262
365,0.615921390070209
366,0.01739408362059707
367,0.40447663074546847
368,0.42488870240550963
369,0.9679852849645009
370,0.6683272198362085
371,0.9090613737138564
372,0.03767452454139701
373,0.15020014979763593
374,0.038083406730682445
375,0.85180570538561
376,0.11522110807919504
377,0.02929839313278484
378,0.03382669616787926
379,0.003848826450225628
380,0.0699165814400699
381,0.14673978364044848
382,0.9834731300000153
383,0.11762036554898084
384,0.1044836082290703
385,0.16479896536837457
386,0.022525871944794898
387,0.5762412256837414
388,0.10459907032814866
389,0.030794042490730672
390,0.7533594776553122
391,0.01440697853678975
392,0.01175866038231187
393,0.7605581032727864
394,0.9850941817663876
395,0.7899711163509666
396,0.9729822421112947
397,0.3126338078402391
398,0.12610491715666583
399,0.0014668056328324432
400,0.04731679215437991
401,0.0033132212803119584
402,0.00730421560502918
403,0.12087850604064002
404,0.010121636970235718
405,0.022518295897827265
406,0.9846296001633664
407,0.5874476914950768
408,0.024515543612994645
409,0.18529000731270998
410,0.09075737010367804
411,0.844994534194799
412,0.1531105734808464
413,0.44192236400833806
414,0.10398878336303538
415,0.030633647753041143
416,0.9708059183307395
417,0.14370931129556383
418,0.10326039128125417
419,0.9892751884824649
420,0.16721937035418488
421,0.0019129421399520978
422,0.007868265963722674
423,0.74820234015772
424,0.946695752318292
425,0.013839039953395289
426,0.06195071279974191
427,0.004491565377302111
428,0.8686812125903185
429,0.9358994500132573
430,0.9965768580026894
431,0.09897978397740786
432,0.42360039456110815
433,0.05583245957215355
434,0.6926950406623416
435,0.028684221260563535
436,0.9643928280163331
437,0.0716885612536129
438,0.047392876275625884
439,0.9858197403349536
440,0.8216240136539433
441,0.06683139472955023
442,0.029174634874529294
443,0.00830532980964594
444,0.17295089889076903
445,0.02160493344485152
446,0.9945138298313047
447,0.23924510983511985
448,0.01664065982032685
449,0.25723800735839636
450,0.10774680911983524
451,0.4213830935195537
452,0.939480679218975
453,0.32966897103004555
454,0.054388513839601284
455,0.9258184004566723
456,0.8728719224426202
457,0.03090660996681301
458,0.33428189309407774
459,0.5310203504881688
460,0.08873919897212403
461,0.4077859801696355
462,0.32554119362487016
463,0.9334201698565651
464,0.061715968552037315
465,0.9743813287745472
466,0.9730999818775541
467,0.011675553295132483
468,0.8675095927464984
469,0.9419738483933767
470,0.1245649407659732
471,0.3135480646490494
472,0.9472082238583222
473,0.016376452915605803
474,0.04361637625824345
475,0.006691737028395554
476,0.016532184205679836
477,0.09134979077033928
478,0.1157105613864528
479,0.6479757889395035
480,0.010955662889687422
481,0.989118446031054
482,0.11455675150741293
483,0.9720098157950569
484,0.9346990823919825
485,0.015655657896676747
486,0.031530585820040175
487,0.0845571384821327
488,0.008938227715245316
489,0.005770547342393557
490,0.059888909249304505
491,0.018716435547184447
492,0.0035179029268385996
493,0.04434814270343571
494,0.44128729179474374
495,0.10014657890589466
496,0.018691922356594004
497,0.565485404975897
498,0.21998448573444812
499,0.08174068870067838
500,0.9739286742177218
501,0.08329062973340762
502,0.09417214612188982
503,0.3090508768357666
504,0.7405972424919051
505,0.1846708257455975
506,0.014802426969036463
507,0.9871319594550984
508,0.7523986138410967
509,0.03913404975705238
510,0.09565569242680053
511,0.6674821900381874
512,0.02320835324521297
513,0.9811029862963188
514,0.9660350507488885
515,0.9600586396184165
516,0.9881437829177673
517,0.44708250962547785
518,0.13345804831091068
519,0.09820563556372652
520,0.6070184662340607
521,0.10149581759279619
522,0.9241852062495037
523,0.6206543195660135
524,0.11471376932784302
525,0.9515040599083435
526,0.3948738174004584
527,0.007686029408965097
528,0.3685741451684143
529,0.9931299948704233
530,0.006203607263471353
531,0.001418392819170436
532,0.026855433342513252
533,0.006289200939733886
534,0.009288474508196174
535,0.07031223769102032
536,0.0648873789773899
537,0.8732809891856023
538,0.05137329828661376
539,0.9621618446444653
540,0.448973856681654
541,0.04245373250767767
542,0.0011090519467661193
543,0.5330324857133057
544,0.9066225078838066
545,0.01046342417445569
546,0.39976962289653384
547,0.002509654293108554
548,0.07418839554537904
549,0.02683919205525409
550,0.981215038661096
551,0.6735723769492922
552,0.26146161489363207
553,0.010936864833667813
554,0.06716333608075847
555,0.37932669843127587
556,0.013649694209646018
557,0.10437900063202263
558,0.7241400388988019
559,0.006974805923980956
560,0.03868103360287721
561,0.2891210227926906
562,0.9799823138415782
563,0.5066032980412637
564,0.0021023481439654173
565,0.8869456380106957
566,0.08496494598544083
567,0.01810178788680103
568,0.5252108929141457
569,0.27157364389377275
570,0.1081514596146675
571,0.1606538820257784
572,0.6445736311119696
573,0.016612713959953056
574,0.41837931525643157
575,0.07102709539050953
576,0.9540703817117666
577,0.0030843314377660934
578,0.052433983155222116
579,0.13884847995730185
580,0.12412643536105918
581,0.18062955113534818
582,0.0012278573945248145
583,0.005738281644995015
584,0.001264696490790167
585,0.3016972176630828
586,0.638453192062999
587,0.6510494318445876
588,0.007320488655854204
589,0.09978087309574352
590,0.09374399252128308
591,0.004481387133649901
592,0.06385514968186262
593,0.03027553463277033
594,0.06243428378444143
595,0.2388933289333282
596,0.04844768483898542
597,0.07302708551364909
598,0.27151575720263393
599,0.9555663101134291
600,0.019919271004653745
601,0.014325471759888048
602,0.022306833873776764
603,0.20010771527238086
604,0.9081975042765159
605,0.028679296116277102
606,0.02506428245185483
607,0.003300090438024502
608,0.00691767022957588
609,0.0026584078857442364
610,0.06627094102312636
611,0.09569448895702926
612,0.014281881946920712
613,0.0036048044809854677
614,0.11945679391338927
615,0.4358525880295574
616,0.011986972311038053
617,0.030285114523163358
618,0.00283043821133882
619,0.027067279081282297
620,0.01162645788821745
621,0.0032807864130066844
622,0.3882474324059264
623,0.010397375983942164
624,0.158101487046602
625,0.4371755839010028
626,0.7689805458509673
627,0.986693307529844
628,0.004452708453812963
629,0.9440120236834932
630,0.015485259410500885
631,0.09135287529763952
632,0.5314621727757181
633,0.9848346699639275
634,0.02466761990911281
635,0.5099864320841403
636,0.008124720524000081
637,0.0037292982039264545
638,0.00751736911257247
639,0.9629787326985627
640,0.07398274403624205
641,0.7836168501816069
642,0.02541190142411417
643,0.039241015593723554
644,0.9454032286278129
645,0.015041669149124443
646,0.019553206056050234
647,0.06089754594428622
648,0.18159023985711792
649,0.5252201512490945
650,0.039542663933974244
651,0.9737316470202599
652,0.971913177860883
653,0.011460704384172703
654,0.042778471027165824
655,0.0018735654129120956
656,0.17677799859663867
657,0.9447496050492792
658,0.5815454800633684
659,0.1483900308096863
660,0.009223690639578664
661,0.47353174510777607
662,0.064374510816538
663,0.1596353985717394
664,0.4551928922371997
665,0.03863743866068903
666,0.03959628401476233
667,0.9714292582816635
668,0.20456370556279896
669,0.7205019154323248
670,0.02967599545637605
671,0.44394823196314703
672,0.05783667881774347
673,0.07513271973766725
674,0.9988778650479175
675,0.04359212732497057
676,0.019988849027903495
677,0.5299057302316372
678,0.058420329017962444
679,0.6113482635804011
680,0.20316204011595254
681,0.022482157720496877
682,0.9401373807123308
683,0.10379776425358911
684,0.2571791137416151
685,0.17885379480727293
686,0.0775907175685079
687,0.04040557427124808
688,0.97068042017294
689,0.06988864633357031
690,0.9709039028293275
691,0.07296592886963983
692,0.0018310331719607542
693,0.8861173935458087
694,0.016428074188592403
695,0.8939995093841095
696,0.010664427895938081
697,0.42730616038932556
698,0.9968060982857383
699,0.013360741508574407
700,0.013753551051808872
701,0.12520607590242255
702,0.004199596340043832
703,0.0012865417898550637
704,0.016674512180549352
705,0.02918945753063657
706,0.055764185889524136
707,0.5554834850408119
708,0.0816788006446555
709,0.018561297702011502
710,0.06479969713502873
711,0.08566562902153459
712,0.9983193327753592
713,0.06467843565628673
714,0.8945865772677686
715,0.07373820736993628
716,0.0028143802324821464
717,0.13850991446064356
718,0.13335491386709325
719,0.00926178251021709
720,0.029342248490901342
721,0.23805191223767921
722,0.37228965228589433
723,0.7942391875280321
724,0.8732096934293061
725,0.6794989231291884
726,0.034249030061062884
727,0.9796707536577484
728,0.07219882924103437
729,0.15424914180069116
730,0.17679991229996372
731,0.005241577389107544
732,0.9924603993495056
733,0.9431035955640015
734,0.18032914483142096
735,0.04711668057616776
736,0.9678447856356414
737,0.028109562658484532
738,0.18481817113194787
739,0.5174748865206331
740,0.9930155202459257
741,0.6655853038283308
742,0.26270712205779473
743,0.20977147008728728
744,0.09030265438876323
745,0.018686658977543878
746,0.9649800260167208
747,0.8923898951474668
748,0.10160051653354032
749,0.6421018913665335
750,0.032030397298863894
751,0.12125407769414809
752,0.07581716954455539
753,0.2153125243631064
754,0.027348733238791934
755,0.04211999179154307
756,0.26485345746666655
757,0.06723461714119985
758,0.0027721092474213126
759,0.0197935972319212
760,0.865340164137155
761,0.06007671220238768
762,0.8108369696004196
763,0.021873808852938763
764,0.003116137940975446
765,0.9746439341104948
766,0.17142072359967975
767,0.7678766470764676
768,0.25553652009196526
769,0.5303622675456843
770,0.18314663085425584
771,0.023605128169495955
772,0.9827291496835464
773,0.009659348893435648
774,0.2455525486530356
775,0.9957793850357777
776,0.30337678688655284
777,0.005846856404626211
778,0.22967911955557357
779,0.5362003241404241
780,0.006026298354056001
781,0.016471203811230104
782,0.5944138482978231
783,0.034203789545490075
784,0.5815701778140567
785,0.9777106287350679
786,0.8097601518412224
787,0.008456300582360212
788,0.9346821419321327
789,0.039037765033089415
790,0.7795673047703071
791,0.029877033782842836
792,0.06685339664813152
793,0.04949283520946365
794,0.24938235351559634
795,0.11845344918424489
796,0.049755423740914205
797,0.004728855822228198
798,0.7953173375741697
799,0.4852717991082057
800,0.3911813775094145
801,0.7893163698741872
802,0.005181641302908706
803,0.0027049798814931035
804,0.06617004720995598
805,0.09188186667140752
806,0.008769672452159392
807,0.038303462455047954
808,0.05916287955633599
809,0.3035742299238011
810,0.04990664920415992
811,0.05885937597206666
812,0.9763531473286651
813,0.3107519667752683
814,0.9529968462649212
815,0.006226685040416758
816,0.3100987834820533
817,0.9452547425403551
818,0.4559185919393609
819,0.02077192046222085
820,0.9899089665942712
821,0.9984896688232704
822,0.14255683691096327
823,0.010343938596783866
824,0.3064471408412027
825,0.001154888001804929
826,0.24648304052363623
827,0.05907907774088479
828,0.02640876739556001
829,0.9862146610050091
830,0.8224696060239081
831,0.025793476993713975
832,0.9902824947474553
833,0.3945854442396509
834,0.9192713982129236
835,0.0012004475296667773
836,0.2859420531742248
837,0.47518337881641165
838,0.3641989605131176
839,0.997087137334716
840,0.07032454692892152
841,0.025853876700128262
842,0.1226601831494131
843,0.007190049286365682
844,0.8395823200764241
845,0.9977628310994826
846,0.9988352636537062
847,0.013851167888710943
848,0.00447257302071457
849,0.7111230010492497
850,0.39624470023495195
851,0.8660951301745101
852,0.14938251848568287
853,0.020142305560971834
854,0.9486428763024346
855,0.008185206382593953
856,0.8788727125440148
857,0.9607241593504408
858,0.01792241759570752
859,0.7469987094473449
860,0.006117206536538243
861,0.8504900558941373
862,0.3383828851241993
863,0.8945645382692919
864,0.003925312708711029
865,0.4378057783922909
866,0.8929814826515787
867,0.07606663977941616
868,0.13715875885035153
869,0.696729480454618
870,0.019975989024861696
871,0.9986732785691503
872,0.028784294742876294
873,0.010554109129340756
874,0.9785814807981299
875,0.808434473993434
876,0.017779368675995298
877,0.11371759160268989
878,0.06648868939991126
879,0.9426119114992306
880,0.0407660610263355
881,0.04845298300481703
882,0.8426902971277893
883,0.15283103133678622
884,0.02716107269387954
885,0.9795011063545518
886,0.020485975107276393
887,0.9665540107214219
888,0.030497550992573636
889,0.004088862301877548
890,0.20146476166398902
891,0.5410033364124376
892,0.2199726809654241
893,0.06605862665346882
894,0.5535668652537316
895,0.20034309817270501
896,0.9122233283667813
897,0.10743978956981162
898,0.002997480266490674
899,0.7202981512638531
900,0.13463887094344906
901,0.00572070604758711
902,0.46940745939848827
903,0.8602512976382175
904,0.03188849560807701
905,0.9614442207625234
906,0.08909639887142409
907,0.0063002487491991424
908,0.9945395119366919
909,0.024250852210925395
910,0.03296801689256093
911,0.09071002463729388
912,0.02155243363895514
913,0.08879037835374375
914,0.020576256415741973
915,0.06156171554612712
916,0.1923070493577223
917,0.4402426326192351
918,0.08338477180118133
919,0.5223317024027776
920,0.005209765653676961
921,0.009122828551464415
922,0.04347006927498522
923,0.9985600335914768
924,0.9658150240538222
925,0.8741426270546511
926,0.04408474233756416
927,0.07923778239387863
928,0.02205490249013582
929,0.6025445133045595
930,0.3036922488692465
931,0.03649602156873578
932,0.9461748975747333
933,0.012274608940532245
934,0.026241748496946
935,0.08333719437088118
936,0.9939213240609053
937,0.03523105201886994
938,0.03388787597689069
939,0.5125769890333945
940,0.04897153348967556
941,0.9713566494688397
942,0.9509311984757196
943,0.9968834049268769
944,0.47829854405779015
945,0.4945798767521327
946,0.034042324007185085
947,0.7361121182682462
948,0.028465451374403823
949,0.036184190425709015
950,0.976401963784044
951,0.2927765000782804
952,0.34403277744112426
953,0.12669307256947404
954,0.042437253471015006
955,0.5556880084513469
956,0.9900272176687512
957,0.30761307440913366
958,0.02284327184550597
959,0.4410960775229577
960,0.0012530491336249596
961,0.9692804634921492
962,0.024929270889251384
963,0.5224244956925908
964,0.3068036427605553
965,0.052556540947335674
966,0.2292535087466919
967,0.0043750918417102885
968,0.0054870443475387425
969,0.003986041441574889
970,0.12743946298077297
971,0.13371027814280617
972,0.9983834175764278
973,0.06350446592750517
974,0.49052015318187886
975,0.007025167936849467
976,0.019771613580584324
977,0.8706151128992293
978,0.05983828493336058
979,0.9960525897370799
980,0.9539898393867503
981,0.9829477072939671
982,0.40609685487094505
983,0.028068087487376044
984,0.9753895362982213
985,0.06228231526419249
986,0.9155168122225237
987,0.1372738792164739
988,0.29020602197018097
989,0.833197187767597
990,0.9566259050125695
991,0.0643224639400494
992,0.03764502223559035
993,0.03645532074518179
994,0.009449806420319486
995,0.997791732888683
996,0.03483523484017836
997,0.09037554608383044
998,0.16586627009020316
999,0.8544685524336555
1000,0.9225290802396668
1001,0.9939665538318089
1002,0.006233531778401513
1003,0.0076081071379536765
1004,0.592458811193366
1005,0.9123660713475394
1006,0.9981057182792766
1007,0.46316298851654747
1008,0.0310689657879548
1009,0.26713537048311475
1010,0.03451360837300456
1011,0.13818785766758845
1012,0.05370644507089535
1013,0.27208443117464964
1014,0.48971827162978093
1015,0.03781885043216521
1016,0.02772148742840723
1017,0.5846948271522636
1018,0.8144617870701644
1019,0.0012500355083521703
1020,0.052257951313431014
1021,0.9782762588815409
1022,0.6396279245511672
1023,0.8930101701030672
1024,0.006429731342129134
1025,0.006901563179991771
1026,0.013625994584030167
1027,0.09488309545237225
1028,0.032587352031055276
1029,0.09374931311415431
1030,0.0017166622131050775
1031,0.19168701021241458
1032,0.3975906112733222
1033,0.004557350224678368
1034,0.6533872639657008
1035,0.025818304709729296
1036,0.1795709563094778
1037,0.9784575033870059
1038,0.022572822676761445
1039,0.9471669277166908
1040,0.4114927013229406
1041,0.04323648977861275
1042,0.04529284464463852
1043,0.6881495715157829
1044,0.0008970110621805354
1045,0.0629864108686316
1046,0.0031449363430121535
1047,0.24424751037298922
1048,0.8135470745761331
1049,0.811385224653207
1050,0.001791288241386088
1051,0.12185461377888711
1052,0.05600189388107524
1053,0.9775799309750508
1054,0.4316387509114964
1055,0.10406615606929062
1056,0.22771938577180822
1057,0.22412095998685885
1058,0.0019655316789780643
1059,0.9499768235543513
1060,0.34395467670245294
1061,0.03464066678470877
1062,0.004078185466872091
1063,0.3566357621194609
1064,0.9464080852415531
1065,0.050690558224476774
1066,0.017064370565758283
1067,0.16170121953949051
1068,0.15865020093148985
1069,0.9872162283543683
1070,0.2668597368298425
1071,0.5291193774618117
1072,0.02329239269579027
1073,0.905515277116864
1074,0.0031400038224929762
1075,0.02568931992798327
1076,0.003585233159613749
1077,0.020997763134088347
1078,0.02532007076464811
1079,0.9692995969530659
1080,0.002611974074125898
1081,0.04219274829675289
1082,0.8619448843782922
1083,0.0627695172591202
1084,0.9188911119114389
1085,0.5568321631830487
1086,0.7703831026744594
1087,0.46668445827489996
1088,0.0018436800598127907
1089,0.9095323352664642
1090,0.046266185755883135
1091,0.9770678239495532
1092,0.04521954609266368
1093,0.11459387110549674
1094,0.9985927850476165
1095,0.7861061510365713
1096,0.047297383511778146
1097,0.7551637811461764
1098,0.024806815983333043
1099,0.3842771833787988
1100,0.10113932567652872
1101,0.01985730097821897
1102,0.10737811247392695
1103,0.18105936332262057
1104,0.04537024089339804
1105,0.14545551679029506
1106,0.23403270640470747
1107,0.06287681316429844
1108,0.04025179380910507
1109,0.382750663104795
1110,0.8289259849798256
1111,0.0059970504395712425
1112,0.025567187440179155
1113,0.5502520360383458
1114,0.4260525617304311
1115,0.15921141522438023
1116,0.09924347393382589
1117,0.7129680956102495
1118,0.15122765462837176
1119,0.013780032484681161
1120,0.02085900224601056
1121,0.046224621725695095
1122,0.0418215229427
1123,0.47883051541110866
1124,0.04489413663969195
1125,0.18289215982999374
1126,0.9683324578567747
1127,0.38118213343233176
1128,0.01676660629586056
1129,0.05646361564385975
1130,0.009376891622041852
1131,0.021236228928636067
1132,0.007963837363037081
1133,0.001508144936907558
1134,0.9984636963774017
1135,0.011313111574609708
1136,0.02162028081166181
1137,0.0024975306529117763
1138,0.9195507527955075
1139,0.1439188399354414
1140,0.6299911776289178
1141,0.983798653249796
1142,0.002838463423337375
1143,0.1453116641274211
1144,0.9149525684479001
1145,0.9611823754337626
1146,0.998830773160942
1147,0.05387497899352686
1148,0.002149592438292949
1149,0.38408592761599303
1150,0.9816516446069916
1151,0.0011176316234471737
1152,0.20124919686822768
1153,0.9922563676293051
1154,0.217319863138002
1155,0.01610912907749526
1156,0.2348877266839021
1157,0.5615022708225524
1158,0.5531630208605398
1159,0.8841999058858977
1160,0.01916713220317134
1161,0.009251469893230332
1162,0.24572893214992356
1163,0.0029906140197527194
1164,0.21988349964448567
1165,0.018580285380707384
1166,0.46577945435355345
1167,0.9345281211034555
1168,0.9776696983879779
1169,0.7936689319982326
1170,0.003047238202429463
1171,0.013348705686726945
1172,0.9475685929527315
1173,0.05978369130177821
1174,0.03691198372634509
1175,0.2746854457608645
1176,0.04354986523338168
1177,0.0021290771611077483
1178,0.005912485539057451
1179,0.011318660235999551
1180,0.9693746984135161
1181,0.05825289207935044
1182,0.021532239261606897
1183,0.04078793373673028
1184,0.6675095626146298
1185,0.04663531292388282
1186,0.8401313880055881
1187,0.01755715087588442
1188,0.0034966225962388517
1189,0.1635553387943519
1190,0.09001454600826639
1191,0.11123603570483434
1192,0.9717657759609004
1193,0.08911443363421065
1194,0.05839143935067316
1195,0.006814041344672808
1196,0.3019249753754366
1197,0.8645525754811445
1198,0.12315949132820914
1199,0.9767922719048305
1200,0.5634329773183344
1201,0.1096091025183842
1202,0.416637647447639
1203,0.0312986019716725
1204,0.6304820794838977
1205,0.034222761626850215
1206,0.7287848569374394
1207,0.025769574340581636
1208,0.15563562704350373
1209,0.08992819552993515
1210,0.9288152239302733
1211,0.6298845398958515
1212,0.008479220736715932
1213,0.008806492824263332
1214,0.01671536743606479
1215,0.033630899507112705
1216,0.013185000923483027
1217,0.4737978083590463
1218,0.09680699729147774
1219,0.023598324899901768
1220,0.8713561776265982
1221,0.0977160373357227
1222,0.4506394379579578
1223,0.04521495606275763
1224,0.22643360009199462
1225,0.8125897263976357
1226,0.14335542618133928
1227,0.9880082060288458
1228,0.0814577891081848
1229,0.7828799228738642
1230,0.003805623464795493
1231,0.9599918147023159
1232,0.6277795998533027
1233,0.017198006032281585
1234,0.03546501687049605
1235,0.8435138676271371
1236,0.5133643234111516
1237,0.29743062515184415
1238,0.07964298951548923
1239,0.4110212410467504
1240,0.6091349302348781
1241,0.045771392737285393
1242,0.004257053827011986
1243,0.252445568421074
1244,0.3240692245059132
1245,0.025677174356942552
1246,0.0016408833988008917
1247,0.019781758949258606
1248,0.15118701621939232
1249,0.9927377716213849
1250,0.167836308733514
1251,0.024841081870933483
1252,0.8987307961126333
1253,0.9763822691271824
1254,0.9982865561096788
1255,0.7679253795307844
1256,0.07485324308110887
1257,0.9703858520407318
1258,0.005892610496618188
1259,0.9984146390286139
1260,0.4632774887887894
1261,0.07519249286924332
1262,0.0027616196827695127
1263,0.006131687788097308
1264,0.0488090378593574
1265,0.9914211642867056
1266,0.01103750981632633
1267,0.9709388119574013
1268,0.07509657366075015
1269,0.02660109594295415
1270,0.5016034292965319
1271,0.0262401227215546
1272,0.047781080301971375
1273,0.4180624323069427
1274,0.9413533810932356
1275,0.2892558365913024
1276,0.03877011679911989
1277,0.1468310002650404
1278,0.2930686066072131
1279,0.006492413196938518
1280,0.9434734585621275
1281,0.01803104018463324
1282,0.9095903210742405
1283,0.03913504667860862
1284,0.09053643489320705
1285,0.49599400743188915
1286,0.18096205125051898
1287,0.4224409926705479
1288,0.24204814629902305
1289,0.001121018000335433
1290,0.3466578507902316
1291,0.10417989498830724
1292,0.1423566405266527
1293,0.04414776106356885
1294,0.1966991576109312
1295,0.41100427366907133
1296,0.732739807683815
1297,0.0430978880606423
1298,0.014654857719342038
1299,0.012235875573306073
1300,0.29042229689209353
1301,0.07438064820797685
1302,0.06328861478744918
1303,0.9709994077429573
1304,0.05375004085012426
1305,0.9963910631059181
1306,0.21797978141042373
1307,0.009717197701963344
1308,0.005035952737203087
1309,0.9857477637884386
1310,0.07532690536913556
1311,0.041731908339792734
1312,0.6657568483412841
1313,0.0022257349786719083
1314,0.9405839136002642
1315,0.020477729384985294
1316,0.05732301412628542
1317,0.30046801245532173
1318,0.24067234934270199
1319,0.14015975219033214
1320,0.28470744659081404
1321,0.9639281041347894
1322,0.008729824609467432
1323,0.03650305799776316
1324,0.03610548808874929
1325,0.012349055099454767
1326,0.9709144673787271
1327,0.8683573525626158
1328,0.00909048793966927
1329,0.2980013700491445
1330,0.9691998392033672
1331,0.23923315211462975
1332,0.08272422939673804
1333,0.011897267558094896
1334,0.8388806343885622
1335,0.3000082195937567
1336,0.005843446165415286
1337,0.008329470420643338
1338,0.007766853905729009
1339,0.05858715138515993
1340,0.4768756768503739
1341,0.9221443564043307
1342,0.9404721086678951
1343,0.36217030254100635
1344,0.31254293001790334
1345,0.03528179028864542
1346,0.998571862306331
1347,0.807634306161908
1348,0.05905741840224358
1349,0.006756871778528892
1350,0.1970374426423238
1351,0.06602599343210905
1352,0.28734972047713425
1353,0.01692255159366613
1354,0.09297694249736083
1355,0.9835227295630654
1356,0.020237375792723198
1357,0.6035198291433261
1358,0.21484407299578062
1359,0.06775699474085217
1360,0.9700041194379475
1361,0.13420744540196575
1362,0.9084483831954584
1363,0.9005631958005827
1364,0.0232693128440452
1365,0.9634374980078385
1366,0.04657872205870271
1367,0.926485477411071
1368,0.8403379367983085
1369,0.23109935537974208
1370,0.5064364188969966
1371,0.4113969564520594
1372,0.027344445220720447
1373,0.2375788965449796
1374,0.02275018926241971
1375,0.9287918657353784
1376,0.06858279881209076
1377,0.9988691103189834
1378,0.05516385981300409
1379,0.0066724434094828896
1380,0.8941030019643975
1381,0.8711155982160584
1382,0.0011497224751258347
1383,0.9863826012670169
1384,0.0234766989896435
1385,0.5149222703641367
1386,0.7624588420286305
1387,0.9716935266444213
1388,0.8758351913170724
1389,0.9984364627042586
1390,0.006035341322587677
1391,0.9839311572243953
1392,0.36933856701907175
1393,0.747657045392552
1394,0.0023838873810653177
1395,0.6073275695243749
1396,0.0604977603137062
1397,0.03809626504643733
1398,0.022899462049563956
1399,0.9944193412918133
1400,0.03716675447602022
1401,0.006358022276683299
1402,0.004404189452305641
1403,0.3441541270756145
1404,0.0059889386046455785
1405,0.11117590880016195
1406,0.02773412227502621
1407,0.14577541717401338
1408,0.011322542163706307
1409,0.003785590790565992
1410,0.007076464603131764
1411,0.05310525935711104
1412,0.697004960081635
1413,0.8676642259248774
1414,0.008709529152073035
1415,0.18028378267033937
1416,0.9723460806575595
1417,0.04173651108240192
1418,0.18152643982042366
1419,0.4733101180193895
1420,0.3134416135668372
1421,0.9704967441621368
1422,0.03486832415804318
1423,0.0032367161733174426
1424,0.004507867744304543
1425,0.018193716391342363
1426,0.0201966053184731
1427,0.004272423112244925
1428,0.025698972804213596
1429,0.006234755260039131
1430,0.13623418344031418
1431,0.6720639149454658
1432,0.055833661036071895
1433,0.7783341401812313
1434,0.6679051762198812
1435,0.0055340385318264195
1436,0.0016200771160191701
1437,0.9689505597034309
1438,0.008470858622104088
1439,0.9689986663845355
1440,0.015770319724147153
1441,0.04761562477746206
1442,0.6191581410259195
1443,0.02080273301734726
1444,0.08876921795979167
1445,0.74665182678404
1446,0.8649296359688128
1447,0.0778187360253849
1448,0.10271571909998922
1449,0.8313689117585268
1450,0.17820086514308858
1451,0.0010091838468489567
1452,0.24759000155876584
1453,0.9763839556056977
1454,0.9890415768025694
1455,0.05908312064891351
1456,0.05593380426315543
1457,0.0738977050507645
1458,0.968831717588907
1459,0.9665884892580752
1460,0.018196944430954952
1461,0.04029553575297323
1462,0.03396785621176129
1463,0.935012639027587
1464,0.1594367919993413
1465,0.023048841938597228
1466,0.7058253079627117
1467,0.31299249078246694
1468,0.9632368242846994
1469,0.9892166284310495
1470,0.9842783944301023
1471,0.14719873038318448
1472,0.3023216954769246
1473,0.9855805238971129
1474,0.2727545288895667
1475,0.22867336268947278
1476,0.9781649219106843
1477,0.7163497639909443
1478,0.21400224762911188
1479,0.04620229914315518
1480,0.32194442919213906
1481,0.007513604935855509
1482,0.9587768606496808
1483,0.043677512122438034
1484,0.05554291786245951
1485,0.023707425245383697
1486,0.09180964196763614
1487,0.26632648614443466
1488,0.1307498323110373
1489,0.062483011439773
1490,0.8204900368587326
1491,0.0028674012459677387
1492,0.9860549938440265
1493,0.9970005844918286
1494,0.9964096705972613
1495,0.10824171616677065
1496,0.5933964345737499
1497,0.03209548771875548
1498,0.7956274023889836
1499,0.7178648417607052
1500,0.05623709677473026
1501,0.059070746072771164
1502,0.0945021441583147
1503,0.06807187739387169
1504,0.03641879265725884
1505,0.2471129434636801
1506,0.10416921216585115
1507,0.8870763903126091
1508,0.030914943072717065
1509,0.006764643464602947
1510,0.12287729109841937
1511,0.5346638623169451
1512,0.03596510470623551
1513,0.4269990580663581
1514,0.8394384519843088
1515,0.01931428103493446
1516,0.09289979291859067
1517,0.002159944862304977
1518,0.3771609279756625
1519,0.10744225188365981
1520,0.010327497150738434
1521,0.00782500294932395
1522,0.029527308179576387
1523,0.02429678830709129
1524,0.9057221163120875
1525,0.006005731006857092
1526,0.009927292449289471
1527,0.7233000242942769
1528,0.019881869844307898
1529,0.945824409736559
1530,0.026975059610282636
1531,0.3220657954391174
1532,0.951045983933701
1533,0.08003399265795899
1534,0.023263851579476257
1535,0.008235307783658968
1536,0.06311998868438994
1537,0.5691590150384082
1538,0.1198044797525312
1539,0.5639720660705858
1540,0.9431702395127561
1541,0.8439869792874164
1542,0.14740830358205675
1543,0.0018289315775345844
1544,0.054169980582459525
1545,0.05697889029310589
1546,0.7660457711125344
1547,0.674371574660355
1548,0.031636463871321185
1549,0.8880335178605641
1550,0.6695094803267081
1551,0.09710549686821676
1552,0.0013919364605020012
1553,0.8228683042868318
1554,0.028534853698241516
1555,0.0036906007364557025
1556,0.003750520111349064
1557,0.05306523654558255
1558,0.011736404062763573
1559,0.1546865255747274
1560,0.03441100206209259
1561,0.034127071278245893
1562,0.22277015460187932
1563,0.18823821724182063
1564,0.2518519362017917
1565,0.0225231186794576
1566,0.0032789173064704897
1567,0.1111833390603231
1568,0.6773007338828191
1569,0.1821278952537172
1570,0.06175858247080962
1571,0.4220274751698415
1572,0.16833154753663243
1573,0.4663254202524262
1574,0.27258540748238513
1575,0.04003245860591975
1576,0.891679929065063
1577,0.09324652839563852
1578,0.0045986078115501546
1579,0.5215854398728377
1580,0.9755756470502519
1581,0.9807222137688432
1582,0.1217639086715792
1583,0.01644882434356046
1584,0.08169595910794925
1585,0.9699692256205078
1586,0.026537902999694784
1587,0.011056708976475066
1588,0.9489148467880884
1589,0.9520983379641534
1590,0.04278628392493976
1591,0.017073033297830654
1592,0.015112916536830355
1593,0.13841572241231465
1594,0.007019598934664598
1595,0.33882565901913597
1596,0.15395840383848602
1597,0.9330840289223359
1598,0.43409448105008674
1599,0.089809861320957
1600,0.08402167597557396
1601,0.18574811423762638
1602,0.33184758761761324
1603,0.8966898633756126
1604,0.8442042145463633
1605,0.9783550929148241
1606,0.014754957977835756
1607,0.02069189682114791
1608,0.03897969164880773
1609,0.7815405089766656
1610,0.9002258798275921
1611,0.8331747134230996
1612,0.0809549316224144
1613,0.061119331937371915
1614,0.040745147136418705
1615,0.9688612274626822
1616,0.09457615088096073
1617,0.0021418926712519935
1618,0.01934411379741329
1619,0.06197449334343333
1620,0.08183139583198067
1621,0.9096146012456698
1622,0.07263120817781638
1623,0.11166804722085916
1624,0.9762614870071433
1625,0.0036066984115801105
1626,0.01771836195230094
1627,0.28487700739423816
1628,0.9933643771057026
1629,0.061066408241874044
1630,0.03812010494980715
1631,0.012344237249854886
1632,0.04749391281250703
1633,0.855038731086594
1634,0.5606741978417827
1635,0.02204304282173334
1636,0.1093071479337882
1637,0.26205601190960864
1638,0.9980023701820486
1639,0.07211046592509321
1640,0.1955928879455491
1641,0.03576198754059293
1642,0.07648225051800646
1643,0.035056513365762355
1644,0.11461631888102308
1645,0.00532769923765964
1646,0.041742276338081856
1647,0.1997773457180754
1648,0.005259309015908987
1649,0.008053444781840696
1650,0.19139014177589264
1651,0.11594984342387554
1652,0.1351328111518244
1653,0.020650324715462604
1654,0.06494050260762758
1655,0.19926139057643105
1656,0.5074007976864632
1657,0.19912178994391405
1658,0.2313601443956933
1659,0.14703107397187046
1660,0.004788903469395694
1661,0.5630582361603624
1662,0.17748980756385108
1663,0.1720491070436238
1664,0.002429947179396997
1665,0.618224505898666
1666,0.362138695319124
1667,0.9543526816336824
1668,0.03986401013539857
1669,0.02117126263331027
1670,0.00871699443500687
1671,0.1395299863357858
1672,0.11914359348417486
1673,0.0044145988487707035
1674,0.9823332102967348
1675,0.01640290129819933
1676,0.0032036828275877702
1677,0.5292872331338199
1678,0.11167646319043999
1679,0.041759637900052014
1680,0.15404477065582556
1681,0.1104753907153037
1682,0.0010462501435637745
1683,0.024441168716161015
1684,0.002312594884028877
1685,0.10157294478680132
1686,0.05442501584535245
1687,0.14108449089267844
1688,0.07314222700439701
1689,0.9983598352072515
1690,0.32869371111543044
1691,0.9461946263551166
1692,0.9870922109260685
1693,0.9849671062720702
1694,0.6422304399652667
1695,0.8898938094396427
1696,0.9535448418100041
1697,0.04012974629010733
1698,0.2768868317166592
1699,0.6452003413663443
1700,0.18136449280769504
1701,0.009096929577621307
1702,0.02853318401905615
1703,0.9984368219066742
1704,0.006453002677731739
1705,0.44357272965980776
1706,0.05637204422173725
1707,0.2646202872788641
1708,0.012006194318573492
1709,0.9589887551341145
1710,0.001380105596251556
1711,0.093334199868174
1712,0.03297441827776835
1713,0.14443432357551594
1714,0.2054664934693567
1715,0.0017560504582974897
1716,0.010631080322638087
1717,0.23074980883193497
1718,0.06694099724889935
1719,0.1377783528923336
1720,0.0022687653214430374
1721,0.03802353041333057
1722,0.043134807989059096
1723,0.8552615034255293
1724,0.003257421422769877
1725,0.06521821216636256
1726,0.014885423594351618
1727,0.3568154179135245
1728,0.33628587222139894
1729,0.01201700515517904
1730,0.9888828357244781
1731,0.33466208214942894
1732,0.004548077019927509
1733,0.9869953826641938
1734,0.984947604268481
1735,0.08009105717364873
1736,0.05645629671019098
1737,0.9986034314856997
1738,0.31060830032738207
1739,0.8415402069963602
1740,0.009007217571664974
1741,0.9712418167725172
1742,0.010437670654961376
1743,0.0420043240700457
1744,0.006803160808626878
1745,0.1529246188163002
1746,0.09514538277040421
1747,0.0034481525797917787
1748,0.023846328482443252
1749,0.9826728210891534
1750,0.04382599783034746
1751,0.0010262650817842696
1752,0.8760545094390756
1753,0.15418929936178108
1754,0.41242595209096333
1755,0.9445608350410116
1756,0.7651234402270226
1757,0.011233886396691265
1758,0.10836062163804125
1759,0.01206465044318431
1760,0.6661440153635776
1761,0.010076277430451851
1762,0.8657753737506181
1763,0.283660688720271
1764,0.06792586355637589
1765,0.10534183227558422
1766,0.02186011975109633
1767,0.9045021189954727
1768,0.9883245735595548
1769,0.001963080690078099
1770,0.043530506589214
1771,0.7007433643969191
1772,0.9050089796589231
1773,0.9979641541969843
1774,0.645883439362315
1775,0.9230605436047696
1776,0.7556236448722479
1777,0.0020146809082841654
1778,0.06775085441095108
1779,0.4291282675439667
1780,0.00659567283300179
1781,0.9834641020676591
1782,0.021270118471497457
1783,0.842961496312716
1784,0.24119237241928596
1785,0.012552418588277565
1786,0.501350169590951
1787,0.7640967461243179
1788,0.01896964722017287
1789,0.024180206514827333
1790,0.021746398799485173
1791,0.013728858370970501
1792,0.19950739093376915
1793,0.09076693963713436
1794,0.0027164450910106513
1795,0.04388453038250023
1796,0.16788346165782542
1797,0.27368571247181694
1798,0.054156888771165514
1799,0.013338364093438037
1800,0.042381407489009454
1801,0.022140912596684242
1802,0.20765059085879473
1803,0.5437070365370127
1804,0.0009019295782769923
1805,0.16549275488709697
1806,0.7004734827863208
1807,0.009830372917254252
1808,0.06290905921013468
1809,0.022752980981087426
1810,0.013393302668322102
1811,0.011857526160968043
1812,0.21706676874991282
1813,0.052756486782866326
1814,0.23709122609832475
1815,0.055163614853971796
1816,0.07346247724350735
1817,0.317022552136564
1818,0.02278689818070013
1819,0.03748895984677201
1820,0.9749392667886696
1821,0.011350752840555381
1822,0.20266806791116587
1823,0.33576636618466815
1824,0.03220186907893509
1825,0.9854970779710617
1826,0.013298313121129742
1827,0.9866490451814951
1828,0.006321347704837898
1829,0.13181757368220315
1830,0.3112991913165328
1831,0.06861408304228886
1832,0.0210719851713703
1833,0.9872555943296132
1834,0.06432652883439541
1835,0.015240160598402646
1836,0.016901306053416876
1837,0.024138995545158984
1838,0.018486661328175696
1839,0.02460880842971186
1840,0.04796952800538854
1841,0.9802702678679169
1842,0.09313279979664933
1843,0.19535079388933074
1844,0.006733609996819494
1845,0.9706021783353098
1846,0.043497447340691206
1847,0.03973927375994978
1848,0.9122519315727851
1849,0.4369552722361624
1850,0.10129822287094539
1851,0.03983204958603195
1852,0.07030710771428271
1853,0.04241774115759826
1854,0.09069474020430171
1855,0.010676029852361145
1856,0.9300160409332933
1857,0.014461043431188453
1858,0.027857901990284914
1859,0.2140547294651319
1860,0.10636285166367909
1861,0.010256576180041993
1862,0.17622202534436393
1863,0.004196038557107044
1864,0.7964182555118992
1865,0.0064272945482161635
1866,0.05347763400300136
1867,0.04346966067891679
1868,0.4629112109787666
1869,0.9917767967578295
1870,0.060704118482098335
1871,0.3634695309804372
1872,0.1194016855161224
1873,0.023156139253611444
1874,0.619338903628384
1875,0.33056604317646743
1876,0.053430672324599846
1877,0.0144461894041565
1878,0.008183365987613647
1879,0.07381391335984044
1880,0.1060580256160868
1881,0.11298091519996117
1882,0.00427937749955105
1883,0.9942973003509651
1884,0.9682338532957608
1885,0.00197691185986147
1886,0.32192069863763884
1887,0.32424943748263657
1888,0.04475896984396509
1889,0.0012515975302697956
1890,0.007567642031330736
1891,0.345682564370116
1892,0.7792830169038841
1893,0.9226766816053282
1894,0.07859822187520288
1895,0.02042033069970423
1896,0.9449089973824488
1897,0.00176327136587202
1898,0.8826609030052529
1899,0.029009089730374363
1900,0.09104836716421276
1901,0.22785426217428767
1902,0.09434946407330022
1903,0.04239360132130533
1904,0.08146899765557192
1905,0.03340169638549851
1906,0.9989418308705594
1907,0.042624858688655315
1908,0.003597834635639966
1909,0.2184864222673505
1910,0.982748181341071
1911,0.06942423198262163
1912,0.05629075269295145
1913,0.7274650358697219
1914,0.0731001786361903
1915,0.9762945221924463
1916,0.09360938783922548
1917,0.9890224156116008
1918,0.6140626567396992
1919,0.2087338632566948
1920,0.19693548773986475
1921,0.9654652062636022
1922,0.2326193346611901
1923,0.0050898788690709375
1924,0.8831029550277957
1925,0.1998195022101542
1926,0.9453894683497513
1927,0.9548920422401417
1928,0.4270502174223086
1929,0.18337615033746346
1930,0.9442077126477194
1931,0.016090370723208864
1932,0.06213380230597569
1933,0.11278939744242918
1934,0.26088138646416503
1935,0.9768266002994981
1936,0.13711831784452425
1937,0.03194746477507859
1938,0.05366732445088569
1939,0.03312297447244064
1940,0.48863825992559906
1941,0.008196245272652012
1942,0.9099474167925228
1943,0.4337854927661392
1944,0.007258298933263533
1945,0.003071925425007197
1946,0.3693194335622039
1947,0.08293833933640316
1948,0.39416578508278033
1949,0.005836286708270591
1950,0.39176749769336383
1951,0.9596452377770912
1952,0.9428444781152476
1953,0.1798980937722025
1954,0.07181154233319602
1955,0.01855406093226702
1956,0.027693286232879748
1957,0.8208572471852166
1958,0.23094029193776952
1959,0.06611561142632734
1960,0.04450412156721895
1961,0.20097291522441285
1962,0.17536952004166992
1963,0.1299194166341865
1964,0.14771540882784492
1965,0.08857033588303309
1966,0.9778507896406248
1967,0.03538593740297615
1968,0.05357280894884102
1969,0.203009267021643
1970,0.12683894001167553
1971,0.9832006400171878
1972,0.6606016492163631
1973,0.0490424474445193
1974,0.8899830601151985
1975,0.6212463846077406
1976,0.018180738403814206
1977,0.9854843906817536
1978,0.02826330029486277
1979,0.9983152006266837
1980,0.9653758571495942
1981,0.49399091586380217
1982,0.2438885539181712
1983,0.04766643514480429
1984,0.4173171179594798
1985,0.04763157441932088
1986,0.12931410474405736
1987,0.4904900955499681
1988,0.002070677642652821
1989,0.06573580201762497
1990,0.31472749497742236
1991,0.9778517986964932
1992,0.10220049643411563
1993,0.006351513514087782
1994,0.9357650990772173
1995,0.4847037948956044
1996,0.40148422090702873
1997,0.4892329314207037
1998,0.5717808620734712
1999,0.9412792072191469
2000,0.14792526081036483
2001,0.02369673977172488
2002,0.04732359451534686
2003,0.9815304674745666
2004,0.03705349832288252
2005,0.037004005617248224
2006,0.978329272725445
2007,0.039162014134266857
2008,0.2754797790763971
2009,0.07717696269040697
2010,0.9534764112942732
2011,0.9374731510158494
2012,0.6604529460454112
2013,0.8517393816035157
2014,0.9786769420837849
2015,0.0063397821585562866
2016,0.8987155705534484
2017,0.7686181407428267
2018,0.003994193141394337
2019,0.07694845213418516
2020,0.004047452650450683
2021,0.8866571099528122
2022,0.3522299039048432
2023,0.34004804627131024
2024,0.9855013688469407
2025,0.8524580400638306
2026,0.670471599613865
2027,0.013382471677732757
2028,0.10745408303923873
2029,0.0012012553263089103
2030,0.969198750326152
2031,0.20440010369615624
2032,0.9874798331285255
2033,0.5049721431452221
2034,0.9602931130362456
2035,0.9915516695557767
2036,0.07999037302017953
2037,0.007896526394466218
2038,0.0376021869757999
2039,0.9973772789779126
2040,0.003592736073594484
2041,0.5588368250738058
2042,0.213007062509529
2043,0.9904076976801583
2044,0.7804877595251876
2045,0.002065793191718718
2046,0.004213570966682951
2047,0.1780050686953496
2048,0.10274860897227511
2049,0.9604395379834478
2050,0.9608518401225481
2051,0.7315724085619463
2052,0.025224013899827476
2053,0.23494905239626818
2054,0.7105967669305475
2055,0.004395330589664317
2056,0.011010167024331477
2057,0.8341519463858811
2058,0.0019912981041277453
2059,0.006656975988930398
2060,0.02316541211354895
2061,0.2901746798196784
2062,0.13433962813113387
2063,0.03414558618009961
2064,0.8714990850121311
2065,0.7869648404198887
2066,0.30680927202916625
2067,0.9822646379128546
2068,0.7109896510889071
2069,0.3640945273254989
2070,0.15670868981627734
2071,0.4827327645055061
2072,0.2762235504266349
2073,0.005455097577794617
2074,0.07488424455962282
2075,0.47081526574790367
2076,0.018906205298887348
2077,0.13285077669730916
2078,0.007451221789307992
2079,0.019144537479343297
2080,0.008730794544484976
2081,0.5933938177231437
2082,0.2076961082018069
2083,0.0208939338310406
2084,0.7569967330609808
2085,0.08802565039692171
2086,0.011522064386014491
2087,0.06421319215387397
2088,0.9813999874484819
2089,0.04885882855125754
2090,0.7522447857359963
2091,0.11698326679683844
2092,0.021099229300836755
2093,0.021940390235422255
2094,0.5257724375970083
2095,0.9985380347050363
2096,0.24248924208257977
2097,0.0033878775940674125
2098,0.5281929795252027
2099,0.4731936947609981
2100,0.9895379783901322
2101,0.023197750756751706
2102,0.7648322677808846
2103,0.09528013597677501
2104,0.022133725177806218
2105,0.0036110629546221066
2106,0.019668558974385658
2107,0.8402021390140798
2108,0.013906633870193207
2109,0.006803888498166696
2110,0.0056600258106395554
2111,0.6072245192194643
2112,0.018127243095155322
2113,0.47406058191550005
2114,0.35589898713000456
2115,0.10625326989014622
2116,0.9589063199636123
2117,0.921434744146558
2118,0.005616206961070804
2119,0.9490034035361915
2120,0.17209372049339755
2121,0.03442575480908164
2122,0.16459786638871632
2123,0.940514555804158
2124,0.013698700443750714
2125,0.7818464871412028
2126,0.056882389272898196
2127,0.06483304886095377
2128,0.04718474572637223
2129,0.14711601486385908
2130,0.05409438253115297
2131,0.11017810124830991
2132,0.9845065811197908
2133,0.027046749277812296
2134,0.013872819636430639
2135,0.17296485558960392
2136,0.0065294661820328986
2137,0.9959341707049574
2138,0.005646332201912886
2139,0.08992381408122332
2140,0.02113917904002282
2141,0.27223383068138673
2142,0.12780450997937093
2143,0.7887437838452203
2144,0.8190057114532477
2145,0.9071058483089585
2146,0.28793111536348037
2147,0.9965742203395658
2148,0.012389482169877376
2149,0.9811565967822752
2150,0.3959049567328016
2151,0.9540070246947858
2152,0.6189526957109538
2153,0.2104820030484744
2154,0.040904452851456864
2155,0.15953030928177225
2156,0.977858860151025
2157,0.0066673920938243115
2158,0.6152238978128225
2159,0.8806684658414708
2160,0.7930196849266526
2161,0.005800029783618469
2162,0.1094272513695578
2163,0.013712577263904013
2164,0.08098252946343458
2165,0.2095883149748591
2166,0.1997706423811731
2167,0.29192286078325647
2168,0.06687990169703395
2169,0.06474597595582796
2170,0.930949839934827
2171,0.017718491569783244
2172,0.4750085599327377
2173,0.9720895425517903
2174,0.2009304263351876
2175,0.011989177647578387
2176,0.06945431187869541
2177,0.02621987744103685
2178,0.04352958138265166
2179,0.05509726720135874
2180,0.7801397596302431
2181,0.009466903568857318
2182,0.005244673081828265
2183,0.3230758299549501
2184,0.055467347790483734
2185,0.06326610511436488
2186,0.3782046444652323
2187,0.03608102627550502
2188,0.05195023742449506
2189,0.49450292336281737
2190,0.0012330605282212413
2191,0.9799239852181149
2192,0.9479064001123483
2193,0.033004282135981944
2194,0.021731721751840353
2195,0.06268816594317997
2196,0.08204153699314962
2197,0.9707476840905381
2198,0.918675737540838
2199,0.024121421995173913
2200,0.009392435939626239
2201,0.09562039273421065
2202,0.005449137781787225
2203,0.9609123079445397
2204,0.934875153860722
2205,0.5139455187843889
2206,0.25680995493195025
2207,0.177401539283153
2208,0.937793238431804
2209,0.3147901072818724
2210,0.16345844584282215
2211,0.030080289887360674
2212,0.6275066904004158
2213,0.004704777791753171
2214,0.008367498393887306
2215,0.008288773823558238
2216,0.5016740410572674
2217,0.1920012029230207
2218,0.03595612255080834
2219,0.00250954179883612
2220,0.009369986265210697
2221,0.03232630923766625
2222,0.0024701777318959918
2223,0.9712672660042624
2224,0.21682826809867473
2225,0.004808296825143519
2226,0.26520397883278624
2227,0.837252637797838
2228,0.22846395169267292
2229,0.0026880180508438733
2230,0.8054186553210079
2231,0.03825387725484784
2232,0.3779019773211255
2233,0.005660996605670507
2234,0.9632564327493867
2235,0.06068246861717114
2236,0.3178645025345818
2237,0.02088449999780299
2238,0.16679067446061996
2239,0.7954753895029778
2240,0.40489883986716896
2241,0.007106497033978361
2242,0.0074120913969582865
2243,0.1708183303597397
2244,0.0015628190874807258
2245,0.0065576654428428395
2246,0.08071783415051945
2247,0.03159810585892224
2248,0.052696022745626236
2249,0.5470750992699267
2250,0.028024158751971284
2251,0.4189452254079741
2252,0.5585877301445168
2253,0.9856979437948256
2254,0.010618005414068186
2255,0.03949638591532997
2256,0.2030333034809207
2257,0.006701284427079053
2258,0.01085135238285732
2259,0.026172497608247733
2260,0.4063501845221498
2261,0.5065008098705437
2262,0.8808692586684543
2263,0.3345880605070789
2264,0.05372307959819019
2265,0.003677124378928757
2266,0.47739747554720297
2267,0.9589357463659167
2268,0.11572392000840626
2269,0.40701566763126507
2270,0.07741640347412143
2271,0.21824559137346333
2272,0.08622181701041523
2273,0.9908752258992026
2274,0.9194910428431452
2275,0.0011565529917809373
2276,0.046225247647705435
2277,0.9723182473466925
2278,0.7016028061918412
2279,0.02159890500916601
2280,0.032953980655525905
2281,0.33665696884998697
2282,0.060559048428930874
2283,0.11441384415123289
2284,0.6400796825569057
2285,0.05131658141853603
2286,0.9816575401689047
2287,0.06033023994470975
2288,0.009511525814672232
2289,0.009261992508606605
2290,0.006004552069692749
2291,0.953255976254475
2292,0.14068927518845248
2293,0.023915966102403426
2294,0.04851729140816924
2295,0.9692018006517376
2296,0.9071277044243068
2297,0.22239164692704746
2298,0.00800893309785437
2299,0.04256526668180796
2300,0.018967943613097896
2301,0.03256797953116766
2302,0.05096424607757366
2303,0.2901433202100254
2304,0.8661571442141023
2305,0.049974588244020623
2306,0.11532449911189331
2307,0.12224204143358261
2308,0.14730592631130882
2309,0.0017059803304526051
2310,0.008899395238403263
2311,0.0033076612185356587
2312,0.0048912910599587765
2313,0.007562949363907369
2314,0.9813845811398227
2315,0.06093413144069274
2316,0.09049524091717942
2317,0.8761545966736551
2318,0.15821642212488501
2319,0.0020020254104484323
2320,0.08475183641331596
2321,0.9988678367362243
2322,0.5116860231039704
2323,0.14226169857904114
2324,0.9313476785496028
2325,0.1431986000412393
2326,0.5599061622895436
2327,0.004735069409963573
2328,0.9884549047302216
2329,0.18883221363407787
2330,0.030499744224119232
2331,0.001578951267667106
2332,0.09310545707962822
2333,0.9857480509416716
2334,0.0012163470089775273
2335,0.10089097549540055
2336,0.0366809662837462
2337,0.9856586895014396
2338,0.0916451788725477
2339,0.984156114695354
2340,0.0465850817885841
2341,0.005064201766286314
2342,0.28555278311785176
2343,0.9878642541474971
2344,0.06697611837672451
2345,0.009657941725305173
2346,0.04107736588849509
2347,0.39329190821564824
2348,0.0008670468552603314
2349,0.4092752797103235
2350,0.10971999742868907
2351,0.9216423846829074
2352,0.5994599728040403
2353,0.9816667773126981
2354,0.01019988073966673
2355,0.08400454497058223
2356,0.2425072036340754
2357,0.9585334566434401
2358,0.023953905166812
2359,0.011281296300450569
2360,0.25277090320690226
2361,0.20602523706144776
2362,0.0081321119499319
2363,0.09350561855445053
2364,0.015725400220508706
2365,0.7026324628334486
2366,0.8474590397255644
2367,0.06637966741476212
2368,0.015363922255337947
2369,0.007814609297798264
2370,0.11040771379088897
2371,0.9931293208483543
2372,0.3227244522539114
2373,0.018220373713599837
2374,0.001962363910157946
2375,0.9167003338720934
2376,0.022339835638052696
2377,0.36003040086163385
2378,0.9580795774914714
2379,0.008249955226055422
2380,0.013871810796672067
2381,0.019985122543655892
2382,0.7513047213000165
2383,0.47509717152153974
2384,0.9318877324706973
2385,0.30072921565219546
2386,0.04027664200601499
2387,0.14630108192162766
2388,0.9895147874485022
2389,0.005962058297178694
2390,0.21513053875572014
2391,0.1649239379379259
2392,0.01824077740529717
2393,0.058548180245688156
2394,0.7204658462323612
2395,0.11623100077388905
2396,0.0308430264968721
2397,0.7078698059572683
2398,0.03170281555771381
2399,0.27324902694567854
2400,0.006707839839246053
2401,0.026239190962624406
2402,0.10228068141852878
2403,0.1720154656650018
2404,0.9725376671194265
2405,0.10372723307853857
2406,0.08279300914466334
2407,0.6027449129442555
2408,0.3820281341066122
2409,0.05755569684823034
2410,0.043035876252414965
2411,0.02728881483991465
2412,0.002633221519770899
2413,0.9801802984912794
2414,0.00503736752980147
2415,0.9893588157614724
2416,0.5215231248127932
2417,0.8859218060401569
2418,0.013450750464215682
2419,0.035261538814576845
2420,0.989067860456374
2421,0.1546466580136231
2422,0.002541539509376912
2423,0.013777531393460066
2424,0.018693894313762213
2425,0.555245844567376
2426,0.8938023133684534
2427,0.9990760556009446
2428,0.0030481537296956056
2429,0.9498839388930609
2430,0.5417435680946061
2431,0.519788206115416
2432,0.9555538554869921
2433,0.08205714332829306
2434,0.052364201784079724
2435,0.0916033682060634
2436,0.22647172835648513
2437,0.9783776256704062
2438,0.13513815303797944
2439,0.12490787912807473
2440,0.32077182223528267
2441,0.9968412732950218
2442,0.30366631712543735
2443,0.08205755865405516
2444,0.8759216538592635
2445,0.16995028440057275
2446,0.4642514160046977
2447,0.03780272043525215
2448,0.007001129624575171
2449,0.7918434666521527
2450,0.2326590875147665
2451,0.00850422929332214
2452,0.46977208562975203
2453,0.5485500223149642
2454,0.023830253943487742
2455,0.28309714988991663
2456,0.005174152146418472
2457,0.9802287208545035
2458,0.24970775832490533
2459,0.8959009986873485
2460,0.048646058934155634
2461,0.006437296415170076
2462,0.018511803239312185
2463,0.8968785740716949
2464,0.0041613749808462625
2465,0.013734700576309614
2466,0.036885636556531334
2467,0.02914502654518789
2468,0.9524888788037612
2469,0.5767686007093331
2470,0.9956125022359323
2471,0.006500941328609114
2472,0.07527963604885549
2473,0.01272657289799677
2474,0.0020368008869667865
2475,0.002390836374519194
2476,0.7177976599360416
2477,0.05697798674468185
2478,0.00306241137087271
2479,0.2668667099445565
2480,0.9798532928224353
2481,0.025710443761174546
2482,0.22713712426821875
2483,0.5437395838011423
2484,0.009778948996967435
2485,0.8949549986754556
2486,0.07631013772895273
2487,0.9721158753877408
2488,0.49416075708648144
2489,0.03320685683882317
2490,0.283850762208657
2491,0.0016578243437217106
2492,0.3656725263632858
2493,0.4552354884741095
2494,0.009548579838357489
2495,0.6724909172217493
2496,0.044773560869570884
2497,0.09945008929090818
2498,0.12812053886862046
2499,0.9986594095092486
2500,0.013593621855774923
2501,0.04402349216727672
2502,0.017859786675345678
2503,0.2135677893107365
2504,0.9969978675364772
2505,0.0671378403014786
2506,0.08388532772479777
2507,0.4761235194617243
2508,0.09011878545818762
2509,0.036044252164037255
2510,0.03854022029851853
2511,0.17412582630787998
2512,0.03750071918288307
2513,0.0656126154604352
2514,0.07592902990257284
2515,0.06691728095835958
2516,0.04193837675576098
2517,0.7040246860345862
2518,0.1612646098488937
2519,0.22400729726026775
2520,0.030261158700576565
2521,0.23155538050720822
2522,0.2574965448833667
2523,0.0804705458138566
2524,0.01843577165761171
2525,0.04570402728414752
2526,0.04785238890810473
2527,0.33288478708703667
2528,0.22459091192519212
2529,0.07581037601693254
2530,0.7770883391474093
2531,0.013614761493266724
2532,0.9047843350798561
2533,0.15568799266352423
2534,0.04502748755600162
2535,0.9885800588861209
2536,0.12523950683134827
2537,0.02829049767220933
2538,0.0163266375363618
2539,0.5892315256317575
2540,0.025178016481037322
2541,0.16896730850787015
2542,0.1320631569757476
2543,0.192476941887382
2544,0.9914648374539136
2545,0.002432590117968432
2546,0.3321616251440033
2547,0.016051300249805858
2548,0.3602380486698573
2549,0.001090285557917035
2550,0.895807340085262
2551,0.4122848273347285
2552,0.029888108339555568
2553,0.02070059886922353
2554,0.002068472083280242
2555,0.7580651211106832
2556,0.9740615076364418
2557,0.22496293512052962
2558,0.016534135021175407
2559,0.20318003551757882
2560,0.19588407963133933
2561,0.011023300280644122
2562,0.7205961655370555
2563,0.19724183055664946
2564,0.9209660695830633
2565,0.9037170087426966
2566,0.0675373836123342
2567,0.9764621759869625
2568,0.19680565756501966
2569,0.001662330507728377
2570,0.019833121641551786
2571,0.5763388233869855
2572,0.047575635396949825
2573,0.06232400409023512
2574,0.007238231543725663
2575,0.939105836237804
2576,0.9986867754402645
2577,0.08669244898558778
2578,0.011702847224532836
2579,0.3374814722153733
2580,0.13310122937862096
2581,0.9420212746069001
2582,0.031126888739352612
2583,0.11380725859776206
2584,0.20338916769765994
2585,0.08750287016037847
2586,0.01712070746672974
2587,0.09224808583352334
2588,0.9122535498770178
2589,0.00783856935946893
2590,0.0030439843868865476
2591,0.05805880002183959
2592,0.14339391425784614
2593,0.14773258924185464
2594,0.1901108929046081
2595,0.04039583000727988
2596,0.042429116991987904
2597,0.9734426061979979
2598,0.9598508145004918
2599,0.08637498710905042
2600,0.19237591532100856
2601,0.035429232010438766
2602,0.07847949291253793
2603,0.9935627585411624
2604,0.9157594583664589
2605,0.08029303704752078
2606,0.1254844808747075
2607,0.27252444236467993
2608,0.9953345239115112
2609,0.0409754067636291
2610,0.9710917969789652
2611,0.9096407937088906
2612,0.002032099191246667
2613,0.5323897591414976
2614,0.0030139783100872402
2615,0.006769766237333984
2616,0.010233494893247016
2617,0.012568396606819845
2618,0.006479136960807774
2619,0.9873654906796827
2620,0.03359307313110481
2621,0.981042941347632
2622,0.19719232742457807
2623,0.03115368840579771
2624,0.09296130126193036
2625,0.013889989595880621
2626,0.8314513335141841
2627,0.004055764262692527
2628,0.20586619020346802
2629,0.9641328348658685
2630,0.3129163575519699
2631,0.811873384668885
2632,0.9720797749100738
2633,0.31704539788689345
2634,0.976092920842657
2635,0.648933929981693
2636,0.9988255441158295
2637,0.1937046063508546
2638,0.01012735041998455
2639,0.05568395895855714
2640,0.005728225073318799
2641,0.018156848751882657
2642,0.4200616752485759
2643,0.9976617997600925
2644,0.9536007420286434
2645,0.0017258328841957828
2646,0.0012019801424391437
2647,0.45209077767424477
2648,0.005052026654787782
2649,0.9197877966892474
2650,0.12260919835516727
2651,0.01921744434870577
2652,0.7693645327719965
2653,0.6776646663462879
2654,0.015378417454665365
2655,0.037545540400918884
2656,0.1017482362528929
2657,0.7870503708459939
2658,0.6521325063212166
2659,0.2119869103989065
2660,0.9809322043414375
2661,0.005478090192846396
2662,0.002485329934535877
2663,0.005972144644269458
2664,0.010796013459025372
2665,0.9853456207736325
2666,0.9696162911949592
2667,0.1310312082793972
2668,0.46319201001214527
2669,0.34101615717639844
2670,0.6322910495820555
2671,0.2338231443727611
2672,0.08523489926277296
2673,0.019753169600683393
2674,0.06190937903303207
2675,0.04895122563420112
2676,0.976210552945623
2677,0.9981459664956657
2678,0.10534092602531919
2679,0.04469918934085833
2680,0.978172417516098
2681,0.007393461024327812
2682,0.0031061276954283483
2683,0.5310508247920224
2684,0.0020976115351189293
2685,0.30578205039683576
2686,0.926831223517941
2687,0.01814922579698913
2688,0.8426867053660807
2689,0.08893200684082464
2690,0.013246650109849465
2691,0.043398440370272386
2692,0.0061901670178403055
2693,0.24547445108979388
2694,0.10023736034765451
2695,0.07384168002724552
2696,0.0633174116484071
2697,0.9940893039805644
2698,0.4170307259552922
2699,0.06058760963050308
2700,0.21392247332323955
2701,0.9393053528827631
2702,0.9362174496949498
2703,0.9705060596960412
2704,0.9044576660658917
2705,0.2322687956902233
2706,0.03144100212982759
2707,0.9989259646909245
2708,0.0019156055888822179
2709,0.9219063209585805
2710,0.32264783275023745
2711,0.0077985640057803745
2712,0.04535008538020274
2713,0.02317858583206069
2714,0.9368572912219093
2715,0.0939564288557522
2716,0.0013056407892319342
2717,0.9416841141609185
2718,0.1575763899206506
2719,0.10067028868503416
2720,0.3722156584286047
2721,0.049365089920068016
2722,0.9803414386564002
2723,0.024962714194897945
2724,0.18255578469832617
2725,0.0020930652580664873
2726,0.86902515359578
2727,0.9278298086601683
2728,0.007996737805704274
2729,0.5712959094104677
2730,0.3342320958088528
2731,0.012140770233728273
2732,0.35186427336872916
2733,0.006293854823392657
2734,0.01119884347832254
2735,0.012091356422480992
2736,0.31534186564447386
2737,0.0173389952789509
2738,0.6196516646006942
2739,0.20942840174167737
2740,0.8361632564963404
2741,0.9985022415387044
2742,0.997505986050474
2743,0.10486464046622443
2744,0.2601486851664823
2745,0.9663441987193918
2746,0.9506847546352479
2747,0.6632403681307941
2748,0.05259928852451539
2749,0.07203946129316136
2750,0.013921142479639345
2751,0.052864921677530506
2752,0.1528570424890356
2753,0.06332889615385967
2754,0.07251861032426554
2755,0.7122136650762392
2756,0.24683308117465766
2757,0.08618990356764267
2758,0.09203525129977146
2759,0.10042244636134466
2760,0.26101081954326666
2761,0.8270696655975669
2762,0.9679482908991102
2763,0.43815774173636746
2764,0.02209613674241999
2765,0.11618315585033127
2766,0.10227660418835302
2767,0.7494769329785975
2768,0.007329279793792902
2769,0.9827376812832618
2770,0.03283860174683861
2771,0.0430709061252116
2772,0.0838286677544928
2773,0.8792016519927314
2774,0.12227975380062073
2775,0.20055181553317747
2776,0.5192968691248916
2777,0.0378763749448252
2778,0.11314993755863033
2779,0.037584995607548695
2780,0.479186215809476
2781,0.59591909182413
2782,0.004255117582309254
2783,0.0021186555017293344
2784,0.05594507320757524
2785,0.00985166865188607
2786,0.0020162869201590253
2787,0.002782326771085169
2788,0.04266818822438122
2789,0.03521817618661357
2790,0.007251393226243057
2791,0.013044626391828715
2792,0.7893868727784586
2793,0.9140156301970348
2794,0.3747110266412541
2795,0.22672135564958973
2796,0.008492122509845356
2797,0.02361884014816431
2798,0.5903955627121807
2799,0.9136148898618562
2800,0.04710656851990486
2801,0.8891525547942671
2802,0.03909195063617997
2803,0.9704231115703001
2804,0.01708437713513789
2805,0.03335411019714248
2806,0.02882972592261044
2807,0.035888267995811664
2808,0.09471397573395167
2809,0.20815333548303327
2810,0.01486171666880809
2811,0.0021967457185040093
2812,0.9773994485760527
2813,0.03078265250386157
2814,0.0021383031067443723
2815,0.7578135380538354
2816,0.034081949286046985
2817,0.03306290869400355
2818,0.5794095228736016
2819,0.9696689468213782
2820,0.8994327574675078
2821,0.018166940332293127
2822,0.1373278017638535
2823,0.4807105497969886
2824,0.23391590593365086
2825,0.058124846479884584
2826,0.9837949942598061
2827,0.0357211993025473
2828,0.036904296831453305
2829,0.8862153319301969
2830,0.03157929459312856
2831,0.02857732805030009
2832,0.0743672418521778
2833,0.775989334830331
2834,0.9783463339998814
2835,0.012268092022947583
2836,0.021860494897891925
2837,0.0763573479778625
2838,0.03792031280181858
2839,0.05259354943596171
2840,0.016511953850052483
2841,0.9953533718716439
2842,0.991704750085538
2843,0.951230375139132
2844,0.013610459076054054
2845,0.007867922268929238
2846,0.20144790959936879
2847,0.011542514448524886
2848,0.01504034492122975
2849,0.015984270032137766
2850,0.06718479808131075
2851,0.8342409615188059
2852,0.018166508870446012
2853,0.9030669856098161
2854,0.0011061503720978978
2855,0.5704928169940515
2856,0.008660122592093722
2857,0.0749424582435763
2858,0.006979806242789798
2859,0.10038226424054489
2860,0.01842003106253619
2861,0.0731295286479132
2862,0.638227418759758
2863,0.01541731864653677
2864,0.5627503112697532
2865,0.9642229187300191
2866,0.007090791934651865
2867,0.06503728978745345
2868,0.001481331567054158
2869,0.09055336140629623
2870,0.0239904424771952
2871,0.017749954102068723
2872,0.2797901123722632
2873,0.1601396985512949
2874,0.045422523515174736
2875,0.04865978385920375
2876,0.013002498055226394
2877,0.03196566671833493
2878,0.2719359274344385
2879,0.09798439806177633
2880,0.9363674931355186
2881,0.5686875582662418
2882,0.2621758762864529
2883,0.007154902766017682
2884,0.7515769843823024
2885,0.952314329714839
2886,0.9982965356376597
2887,0.811826346364525
2888,0.12718964864131238
2889,0.04107469449083775
2890,0.42730990479238906
2891,0.9917103715769294
2892,0.002373746376221678
2893,0.4649489393466546
2894,0.30300581104522734
2895,0.9586333321528594
2896,0.06345265179133494
2897,0.005496375753347733
2898,0.5774807352877852
2899,0.0544525036074838
2900,0.0904717738031228
2901,0.04165675566562401
2902,0.16406637010295005
2903,0.0012234248940054988
2904,0.01416445590751083
2905,0.6093318347673489
2906,0.16831994919729532
2907,0.0018874772088496425
2908,0.10484891122721682
2909,0.006335721449122728
2910,0.5423934370905186
2911,0.04519273055330083
2912,0.5484160358583381
2913,0.024267829265283963
2914,0.977510187896861
2915,0.10499505275592551
2916,0.5111557604513965
2917,0.0660898304602851
2918,0.5969738912439244
2919,0.12227766164322762
2920,0.03343326012835629
2921,0.12157243594910894
2922,0.06783276659487292
2923,0.008457872709189507
2924,0.6695306819589629
2925,0.910160420176158
2926,0.6379468781533196
2927,0.08323036906453828
2928,0.8243835501767769
2929,0.9655536767087899
2930,0.09513430154547414
2931,0.9967540322813631
2932,0.9801511360874309
2933,0.11764384805699125
2934,0.014123771989762378
2935,0.30961287379083896
2936,0.004111885510176994
2937,0.03162114731778482
2938,0.7256728570904347
2939,0.961231353370905
2940,0.45470098050283575
2941,0.006659574255280519
2942,0.9236834662172385
2943,0.013099364645198015
2944,0.45413811316259756
2945,0.06621652591007371
2946,0.06551989086838975
2947,0.02479121718890365
2948,0.0750111587705548
2949,0.009583514187510137
2950,0.03907580402583549
2951,0.00645053235674207
2952,0.5528176339980633
2953,0.9697514490243992
2954,0.055033825630208
2955,0.01941279439217257
2956,0.9599371461288219
2957,0.44930361731916707
2958,0.03911121927156177
2959,0.24938707682715355
2960,0.017731678132181482
2961,0.0015842269334805032
2962,0.7410501150025728
2963,0.09020083809243756
2964,0.7142728271840837
2965,0.9407149378475098
2966,0.0380992156608739
2967,0.39791219681332557
2968,0.010576265710339944
2969,0.29639290331792106
2970,0.021166038562282437
2971,0.0713617866931217
2972,0.011485070887452258
2973,0.31204658901955856
2974,0.8495159789131559
2975,0.1164646460983052
2976,0.07482237711516135
2977,0.981759701474907
2978,0.0022335410986331844
2979,0.03322487912859662
2980,0.013458573655727831
2981,0.03825033337660053
2982,0.7237422530501354
2983,0.8088704581042934
2984,0.08396872979390574
2985,0.16847207543152382
2986,0.04747842706389415
2987,0.029029486932326674
2988,0.027497977218828615
2989,0.03996384804756699
2990,0.02923577249288652
2991,0.8771570401276534
2992,0.9546595270055832
2993,0.18327746072723888
2994,0.1334040542483078
2995,0.024465196397696978
2996,0.10251447339739359
2997,0.184286474144863
2998,0.1050987256711995
2999,0.671952810122154
3000,0.13159562348697798
3001,0.0011914157982998508
3002,0.9711818623958213
3003,0.0015403951859245197
3004,0.3030913777899089
3005,0.8089321599799179
3006,0.12636067633944986
3007,0.16690267673226583
3008,0.37126735934840904
3009,0.14326948583136856
3010,0.007636905519112063
3011,0.033983211842997435
3012,0.969673397863029
3013,0.1625891198986446
3014,0.001442771494536251
3015,0.0017500748946820948
3016,0.0071084693352291796
3017,0.8404184978967872
3018,0.011163195959345106
3019,0.5363404630213154
3020,0.07422127078914548
3021,0.3535206308405885
3022,0.9633563775194842
3023,0.002272962918437386
3024,0.07084615290175755
3025,0.1511094457946445
3026,0.9183824641966956
3027,0.11040517049031265
3028,0.20688744325201902
3029,0.14908342639560493
3030,0.015307547809697305
3031,0.004401958511619893
3032,0.030393510084650906
3033,0.6730118606000651
3034,0.22498411359981837
3035,0.32396806754625784
3036,0.5141005561236938
3037,0.13195555099491013
3038,0.3519304208425377
3039,0.014614383830754862
3040,0.05032738081553792
3041,0.07281196836838033
3042,0.9407348516482237
3043,0.016842255868453965
3044,0.1098181919274416
3045,0.6997969121224649
3046,0.027651889823304864
3047,0.06362591716481217
3048,0.975005490169053
3049,0.7009669510712397
3050,0.9966034859179194
3051,0.9651215502945021
3052,0.010027486976625314
3053,0.9248950007276355
3054,0.07929278813386167
3055,0.0403174055876188
3056,0.7318651524964643
3057,0.0023993515151560733
3058,0.9964773403617169
3059,0.0008240324233644141
3060,0.9303023979235135
3061,0.9989648549521929
3062,0.11757978116758075
3063,0.36780600723070567
3064,0.0566975522269936
3065,0.005708191174412674
3066,0.5759948271122377
3067,0.07788407458670782
3068,0.6625887397029703
3069,0.0811256597046767
3070,0.005037715192423667
3071,0.006143583364518815
3072,0.012989117249418317
3073,0.2811025519433008
3074,0.410881704841238
3075,0.0956841394684087
3076,0.0012415167061324392
3077,0.9869721811137042
3078,0.9939880435259871
3079,0.07168408654456065
3080,0.006911289714369287
3081,0.061522537721385245
3082,0.8934719931062436
3083,0.020274134544432807
3084,0.4348174121890892
3085,0.5201879169459995
3086,0.046671555912992255
3087,0.06024212083937652
3088,0.03591856240505469
3089,0.04652404488520678
3090,0.03427820793728196
3091,0.07368306915893816
3092,0.009574651927074738
3093,0.896612925902368
3094,0.007433395013121699
3095,0.13352214124720932
3096,0.083856395800529
3097,0.008320033978823459
3098,0.9985295586926576
3099,0.007948749497797445
3100,0.03975067003968652
3101,0.005876908657841217
3102,0.009450687946440295
3103,0.015467398956710824
3104,0.19013269320184695
3105,0.3602094599895018
3106,0.07880617582303995
3107,0.8453790092076489
3108,0.01891734867340871
3109,0.006032946777839582
3110,0.0064094505248040315
3111,0.02538746517045788
3112,0.0010306947298849823
3113,0.0753855610528281
3114,0.00876477324310437
3115,0.7887658659451388
3116,0.05222294779327255
3117,0.0020563064159304437
3118,0.441979437469954
3119,0.5712848939079798
3120,0.0008459379680647761
3121,0.007639426794744767
3122,0.01371194293466555
3123,0.9848932355593003
3124,0.023848989597563198
3125,0.467403100919096
3126,0.018537537906511116
3127,0.8965640170317205
3128,0.004294682866112615
3129,0.043658920574316834
3130,0.7309380964351085
3131,0.8432930608567868
3132,0.05051388868943977
3133,0.15481871770931008
3134,0.011155225756117153
3135,0.004661560858572873
3136,0.2480501937705249
3137,0.013478637924383665
3138,0.019796478890708243
3139,0.9805264136064151
3140,0.1265235686881859
3141,0.005512782456593651
3142,0.9538757899947984
3143,0.5098221303114132
3144,0.9753208648890349
3145,0.02499541386416203
3146,0.1529247236199826
3147,0.06333455450964917
3148,0.1394706817183851
3149,0.956339694393216
3150,0.0010365808484181494
3151,0.2629633246157004
3152,0.004115298773980285
3153,0.020624201201265697
3154,0.027957391401793992
3155,0.015030911691208855
3156,0.013204916276805919
3157,0.14382355648987827
3158,0.0029023426354204502
3159,0.04420854303670629
3160,0.8044850184581026
3161,0.03318073434096712
3162,0.9459505510971498
3163,0.015383072586895637
3164,0.12259203828788534
3165,0.03415354855816474
3166,0.07924147943190651
3167,0.01203570521501842
3168,0.02090188658962673
3169,0.9665727420454321
3170,0.010368681114623517
3171,0.23042057617972478
3172,0.24737739201579378
3173,0.013970794975552307
3174,0.9283177224722321
3175,0.7676308655656877
3176,0.0017974232040187095
3177,0.2969513849012183
3178,0.2483589941023825
3179,0.0025025659034512374
3180,0.054199773782416125
3181,0.03165454090541531
3182,0.15957333664427847
3183,0.6252023760960729
3184,0.003316943154915038
3185,0.3274199103132889
3186,0.07176939136062933
3187,0.9748540651011917
3188,0.01618935396998282
3189,0.02552289968539722
3190,0.9985168794124762
3191,0.7142580809658637
3192,0.01142893033868837
3193,0.0552263308045218
3194,0.01221075491093344
3195,0.8880773945130883
3196,0.8438631766222434
3197,0.005265922166096776
3198,0.003273604809390377
3199,0.4877820540356081
3200,0.9946066975720159
3201,0.14283142518991995
3202,0.007789052918568767
3203,0.1128984846577255
3204,0.3709559028618915
3205,0.9437409921305547
3206,0.7451512648094119
3207,0.022282399936862464
3208,0.0813655100651753
3209,0.9717447809592638
3210,0.004730337773618313
3211,0.982996007880794
3212,0.04755716486023578
3213,0.796091073065543
3214,0.02720437558724531
3215,0.04307847854779774
3216,0.9821705423419702
3217,0.9744896043238714
3218,0.9619142877504209
3219,0.9114784707373315
3220,0.7487852868511735
3221,0.11354152114915216
3222,0.2015221923756782
3223,0.9302137558753826
3224,0.009291530372824791
3225,0.007131292663230289
3226,0.1865685559832291
3227,0.9956808347535142
3228,0.9738097896878916
3229,0.7368641485947989
3230,0.024148364959647405
3231,0.00803963306635282
3232,0.31145846437461083
3233,0.15211832834878253
3234,0.1386883375947995
3235,0.020378642657804757
3236,0.33941361634041106
3237,0.8986941147819125
3238,0.01000712219213006
3239,0.44651501431308943
3240,0.0390405696994975
3241,0.03400756401403999
3242,0.40724924486089853
3243,0.08534154501370808
3244,0.09884314343808097
3245,0.8502189493449769
3246,0.19305694085313313
3247,0.19883706202603274
3248,0.061679609344168905
3249,0.04073711408797804
3250,0.377457776673747
3251,0.019179414082281774
3252,0.020691023342781768
3253,0.005185956863140145
3254,0.2712262575435823
3255,0.005577287353877252
3256,0.00693228867965581
3257,0.0018220454869675286
3258,0.8729711196994487
3259,0.0228557107267766
3260,0.7239090498299959
3261,0.21633570894081572
3262,0.022576699078651792
3263,0.4909370601443284
3264,0.016117660545230526
3265,0.16989040291753177
3266,0.1521825752445765
3267,0.8999357646835561
3268,0.9883882692171468
3269,0.0437420157652079
3270,0.10617728363718537
3271,0.885226322756776
3272,0.3052334142472808
3273,0.04160837777086362
3274,0.007783006624768142
3275,0.16930716393272482
3276,0.32372932790076886
3277,0.31523862976396294
3278,0.9786562826023579
3279,0.6862312991641429
3280,0.10603793741634193
3281,0.006063923973766619
3282,0.061374365263925264
3283,0.005184688129739227
3284,0.9787738331731698
3285,0.009680681396438299
3286,0.6214239515488644
3287,0.38398804119310365
3288,0.6997253161372721
3289,0.0036553755800586662
3290,0.2890881604755591
3291,0.017983114366423636
3292,0.10183012521810336
3293,0.5989398111062161
3294,0.8369395063205155
3295,0.9030930125126345
3296,0.014880573984293276
3297,0.7495697873545398
3298,0.699474384941667
3299,0.9432923525938707
3300,0.0015724649695489433
3301,0.033541339675763684
3302,0.696675311193726
3303,0.008886645859797985
3304,0.31925475212272525
3305,0.9986356922642261
3306,0.9973010000288813
3307,0.7823077651567626
3308,0.5881937538095477
3309,0.02746007060742242
3310,0.9868252125322876
3311,0.6401175369628871
3312,0.526979106675756
3313,0.07317073244355468
3314,0.3034439326304541
3315,0.1785489315294657
3316,0.9469519950616506
3317,0.9927720576866756
3318,0.5817604279799604
3319,0.9755695541373233
3320,0.0009734354940044645
3321,0.014671341480671642
3322,0.003833068121687184
3323,0.03622252212236764
3324,0.8083238242648042
3325,0.08292434940355616
3326,0.0037609675111620155
3327,0.08369827116918739
3328,0.022066756248131515
3329,0.9706528061929856
3330,0.9851304490764662
3331,0.1255849270154556
3332,0.8731764413306274
3333,0.6980732441176518
3334,0.11769752926873499
3335,0.956902137952834
3336,0.9558853358226584
3337,0.8144816560869494
3338,0.3893369016477181
3339,0.055925858993414644
3340,0.9518585699428679
3341,0.9371454764947399
3342,0.426657015434177
3343,0.0232683226823818
3344,0.6399290349087003
3345,0.33501356834546264
3346,0.9614963812826205
3347,0.759894037685222
3348,0.5880154434575131
3349,0.01020922764881596
3350,0.09871207340980456
3351,0.5443478059858482
3352,0.7341866882627436
3353,0.00949676901975382
3354,0.007464394165944157
3355,0.337672845784586
3356,0.009595966741107223
3357,0.26770190750309386
3358,0.0021794752003525017
3359,0.014665226762309332
3360,0.001644050413924616
3361,0.0016250619046940596
3362,0.08579348922679686
3363,0.1256547737686925
3364,0.21465496482365887
3365,0.007822186338609812
3366,0.9502706214490895
3367,0.06590570869666211
3368,0.13725101024768743
3369,0.007603431147945402
3370,0.6700095466592675
3371,0.21528436997538403
3372,0.013111729438512602
3373,0.003334606383005957
3374,0.5622167406874743
3375,0.04326788362686075
3376,0.008586320380186677
3377,0.5655406808453235
3378,0.9723533404067815
3379,0.05736931249436646
3380,0.10166752692620223
3381,0.006271582181007418
3382,0.09151709115354459
3383,0.3046789517716466
3384,0.9686038016858868
3385,0.9291159608137871
3386,0.009840604749207199
3387,0.008460970892356751
3388,0.26449789618866826
3389,0.15845722022428788
3390,0.35097812312013327
3391,0.9989804779715412
3392,0.0012258973766779875
3393,0.0888946203624198
3394,0.13077820245134775
3395,0.0743916363154826
3396,0.9622295674040371
3397,0.9951144204612697
3398,0.007001814409028057
3399,0.042715650615340155
3400,0.07182324222210744
3401,0.02194387987278412
3402,0.018243707465254756
3403,0.9359969290272836
3404,0.13297582562570337
3405,0.023792692816951948
3406,0.34788815854298
3407,0.8824272131175602
3408,0.03884185160964238
3409,0.012427401826765314
3410,0.9934894039491199
3411,0.09320139035504821
3412,0.9735174715994819
3413,0.9141253692078579
3414,0.13835955261749558
3415,0.3210467978200534
3416,0.008760820283475496
3417,0.05720057172313933
3418,0.00809358606456103
3419,0.055689216271656516
3420,0.7985234192398638
3421,0.008944020459914293
3422,0.0350823622309642
3423,0.03985258540110423
3424,0.044350970391571695
3425,0.027481336085567222
3426,0.05269251510380249
3427,0.023034312103994533
3428,0.04738047928531269
3429,0.531748984100276
3430,0.001614852651346481
3431,0.5113359863461745
3432,0.2343490709031429
3433,0.01056309481496269
3434,0.9660666188708342
3435,0.09760438107137867
3436,0.10093065178499916
3437,0.14957442076280666
3438,0.18427005496272486
3439,0.3005281686002509
3440,0.9218599470871764
3441,0.43460107757218386
3442,0.003677079006464639
3443,0.36403661297560974
3444,0.35985202515817316
3445,0.16134518611253404
3446,0.4726993588190087
3447,0.02858464111097087
3448,0.0308338692540623
3449,0.02943481703313457
3450,0.05063968608825878
3451,0.016916779292146366
3452,0.1910861979440338
3453,0.8687592969190832
3454,0.998426519938731
3455,0.8886146511939006
3456,0.46559962616730516
3457,0.09399366650305702
3458,0.25526297213928517
3459,0.0013491041869057884
3460,0.09406727363958692
3461,0.9775057813923617
3462,0.2793464635345818
3463,0.04277891593560866
3464,0.012485107806760846
3465,0.026963365221262935
3466,0.006743063643670784
3467,0.006115951634933213
3468,0.1898858498921156
3469,0.9034696805184292
3470,0.004925083095778323
3471,0.48246479996889113
3472,0.010216152594346738
3473,0.006718744882598162
3474,0.004250868462391496
3475,0.5708629204310477
3476,0.08899984073779021
3477,0.02588747193573543
3478,0.005915077764544173
3479,0.9763346833918525
3480,0.9631049992580247
3481,0.03802151372744215
3482,0.07785846264616653
3483,0.8062830052488787
3484,0.004765941769392148
3485,0.7249397171920711
3486,0.9832784225808897
3487,0.02597026809238604
3488,0.012777602725285418
3489,0.3855964112689252
3490,0.04202376631840812
3491,0.028776218054489412
3492,0.10510945163165648
3493,0.0509332013364074
3494,0.3282534419835664
3495,0.2957883770726694
3496,0.5692117252520446
3497,0.8266543541033766
3498,0.0009408331366861169
3499,0.3700978898228354
3500,0.9762961990381467
3501,0.776164331231457
3502,0.01215969099453662
3503,0.04885886411486054
3504,0.048797466641215384
3505,0.003728678772049466
3506,0.015116790441802658
3507,0.1389477632705055
3508,0.754208720494185
3509,0.013103505638368441
3510,0.004923356501363018
3511,0.960659018914683
3512,0.006592184075117812
3513,0.021293646396228973
3514,0.03648382463164748
3515,0.03600526217799406
3516,0.012889415781270551
3517,0.9489773115363597
3518,0.569500674649344
3519,0.983908123363266
3520,0.019480529282076647
3521,0.021905516134422418
3522,0.24428372007127097
3523,0.12343276267680292
3524,0.3134618416824436
3525,0.17448978427345324
3526,0.23774352723588188
3527,0.017616715391375284
3528,0.06283661711277008
3529,0.6429555598845671
3530,0.021165673225579038
3531,0.021086596896353303
3532,0.9907690705957204
3533,0.020181265675645613
3534,0.1297951541654636
3535,0.00702167908242092
3536,0.025661886393770043
3537,0.038972173127307275
3538,0.009038431180029704
3539,0.9682976254090551
3540,0.0024905139565228503
3541,0.06513246386851376
3542,0.019423300976623134
3543,0.6887036097321005
3544,0.04393845388909222
3545,0.05981321160112847
3546,0.03785873269375605
3547,0.0018919841937824352
3548,0.005528797191686971
3549,0.02557640109896376
3550,0.020989025734066847
3551,0.9500425574905984
3552,0.9970399911938952
3553,0.42287688080634195
3554,0.5143808193839561
3555,0.9813332184606645
3556,0.15049113879064113
3557,0.34702923752043735
3558,0.002507921305805687
3559,0.2674466373745042
3560,0.006551826617897921
3561,0.07313910337719157
3562,0.09876593575856435
3563,0.956370205843574
3564,0.3069611101903752
3565,0.9566094375294014
3566,0.9558794046129406
3567,0.07618267950355574
3568,0.003315457075598812
3569,0.7927581581723353
3570,0.15025798711571306
3571,0.7560763261283622
3572,0.8301356211813916
3573,0.0021946192704521256
3574,0.012449714982298344
3575,0.5618863549832205
3576,0.9988434542527639
3577,0.01498205231246086
3578,0.975000231352104
3579,0.9169001931045414
3580,0.37125146510554047
3581,0.009771579675520184
3582,0.6159374495331856
3583,0.056089698400650374
3584,0.989910476295832
3585,0.31269037208825956
3586,0.641017679626344
3587,0.005598452096899307
3588,0.12356768256797754
3589,0.9921285939226261
3590,0.05995393980307
3591,0.5154774839004401
3592,0.9057691499314111
3593,0.875621630936404
3594,0.980800094669644
3595,0.03881511056950028
3596,0.1012435210341713
3597,0.8860290410139563
3598,0.036226730193964565
3599,0.007625483076335413
3600,0.9401142414079448
3601,0.0036917364977824617
3602,0.002292012763628423
3603,0.05655037014213599
3604,0.07821188781827323
3605,0.21846942599873248
3606,0.9855188491654219
3607,0.0012425191925882532
3608,0.29064551830080465
3609,0.0007580720793723826
3610,0.25623141719463505
3611,0.7020924411331937
3612,0.09490356066024591
3613,0.8965551781853072
3614,0.7872606323755277
3615,0.03270022885649444
3616,0.009182946002213416
3617,0.024348204313469055
3618,0.9852558871808901
3619,0.8957549895216058
3620,0.07909587206283644
3621,0.48052938129345296
3622,0.0045084207880947535
3623,0.9744523911215708
3624,0.011086925789170997
3625,0.5502661773744115
3626,0.7217531613073697
3627,0.38134687624141717
3628,0.20105105778134452
3629,0.057817759041145986
3630,0.9325417984622508
3631,0.05527378313712439
3632,0.0419283386905627
3633,0.030544858451410844
3634,0.03285633929394751
3635,0.005249778596758699
3636,0.04716054834928463
3637,0.022119381823981522
3638,0.9279045170908534
3639,0.03203344102270274
3640,0.08762932367014648
3641,0.12577044974164592
3642,0.0029333812465621467
3643,0.003423555310147874
3644,0.9972709639788332
3645,0.8015644448018768
3646,0.9374513980125326
3647,0.050739736352173895
3648,0.5042190230536163
3649,0.9052651111371851
3650,0.01004798082306977
3651,0.008023925311911678
3652,0.007613430611854418
3653,0.029501995942613886
3654,0.6339964470608994
3655,0.40769533679961123
3656,0.009928575202226678
3657,0.0018673689828092846
3658,0.01548043419318422
3659,0.8474689795449676
3660,0.1956896879639217
3661,0.6253329025004228
3662,0.0065448987617578456
3663,0.15423956575266512
3664,0.005670902096305107
3665,0.45409560998770393
3666,0.8843797319078203
3667,0.03261247742581747
3668,0.916936649573985
3669,0.6827958191018503
3670,0.12166490020774748
3671,0.0034161462512420043
3672,0.01378428668316168
3673,0.7323029955070004
3674,0.08428346945761075
3675,0.964008046970778
3676,0.06855855788302448
3677,0.10557065840825758
3678,0.969186171405637
3679,0.9209551444335806
3680,0.009347260597524753
3681,0.07723972478087379
3682,0.00901588416908394
3683,0.10621488939030362
3684,0.6185228436341635
3685,0.24524285311337132
3686,0.9971561561836725
3687,0.21836906913709161
3688,0.2032427708672521
3689,0.7688786405093098
3690,0.020296038348521173
3691,0.8549670349657159
3692,0.3806098235046653
3693,0.9986010754400898
3694,0.0063090142551245
3695,0.9324013601521504
3696,0.014298361401655293
3697,0.8285217532460885
3698,0.009375600071814571
3699,0.015530032716381864
3700,0.2827740900219032
3701,0.05859492751672455
3702,0.9922022931392032
3703,0.10232106526918415
3704,0.9475984257715425
3705,0.993661583759319
3706,0.170431635492995
3707,0.37031350527608375
3708,0.3056145371878609
3709,0.0025578807688121895
3710,0.015043028576006558
3711,0.9584077719769126
3712,0.06353175736587702
3713,0.16147281891948229
3714,0.39772509953879526
3715,0.004433570079377342
3716,0.16234729373464662
3717,0.6375275735107351
3718,0.9596340546765476
3719,0.11132549616656087
3720,0.8793988435363463
3721,0.28947098345753064
3722,0.9698498942025303
3723,0.9901526302653056
3724,0.0053824485062566665
3725,0.1225691391984429
3726,0.02958433564716854
3727,0.16574817016954171
3728,0.1835865945103835
3729,0.48422355326652045
3730,0.9255578277066713
3731,0.015586510301612684
3732,0.11606028394612526
3733,0.04096258488717732
3734,0.020733366708300966
3735,0.14976889569320448
3736,0.0018190119488511202
3737,0.0077138006441498964
3738,0.9959735642127361
3739,0.9652451196397682
3740,0.5235230609450491
3741,0.8701013634441803
3742,0.9346254262310334
3743,0.03987516963635212
3744,0.5599447011418341
3745,0.3319277553273625
3746,0.4954506367727053
3747,0.089165688435758
3748,0.6638557874093672
3749,0.00930186122510216
3750,0.045310736724249866
3751,0.005510010574379165
3752,0.01399708672683604
3753,0.31474155320790803
3754,0.9410974199310222
3755,0.025983923508681964
3756,0.015491985235697898
3757,0.03726120255802893
3758,0.011160360483859235
3759,0.38315086881992777
3760,0.5549612638807109
3761,0.9350963581789568
3762,0.6777389869454817
3763,0.35174191643740405
3764,0.1442717034150916
3765,0.16598764154099904
3766,0.09293107363879856
3767,0.2559012466131384
3768,0.07109734118557565
3769,0.9518451783035673
3770,0.14157143914097134
3771,0.9837685364532964
3772,0.5179038540483798
3773,0.021947125909291182
3774,0.01590205257971251
3775,0.09654800088688659
3776,0.0707308951855827
3777,0.12023600571051153
3778,0.006417103440655898
3779,0.04515088221142821
3780,0.1524927432542364
3781,0.4154509297555151
3782,0.6095079522240485
3783,0.10101067784684342
3784,0.14725415606772757
3785,0.8994612845570933
3786,0.056937329432693
3787,0.3916473715125396
3788,0.0227312234858777
3789,0.8355273980952469
3790,0.9608337840008442
3791,0.9943738206654322
3792,0.919735678278377
3793,0.09486999051926458
3794,0.2609409488160231
3795,0.6748395727976759
3796,0.8842962806804067
3797,0.06199477314309535
3798,0.17451463012314133
3799,0.022623088311033164
3800,0.0018079203246803156
3801,0.038083380792758276
3802,0.9837231912068858
3803,0.13742972399376208
3804,0.7858610576450177
3805,0.01199740215426903
3806,0.14067020077254083
3807,0.9976570615641447
3808,0.21683769470543468
3809,0.07873795774456495
3810,0.06772730917404907
3811,0.1084655160816771
3812,0.047816846396792415
3813,0.02508793012983293
3814,0.9522431745916
3815,0.033189448614367345
3816,0.48384234365613354
3817,0.07250858988228392
3818,0.9698713348731899
3819,0.9320865561019892
3820,0.35051382922305574
3821,0.07924558754369497
3822,0.9040172711567562
3823,0.026464924646826718
3824,0.041603968378759904
3825,0.9991253627385871
3826,0.39306238282447803
3827,0.04662240816930904
3828,0.9249464997362942
3829,0.05706082718202136
3830,0.07508189670562876
3831,0.9988400423424161
3832,0.005975791468069355
3833,0.14242589596089963
3834,0.5104409888080748
3835,0.028433576587888337
3836,0.6211820112954705
3837,0.9979454069928999
3838,0.6771356411073579
3839,0.9608798800348708
3840,0.1368515372941807
3841,0.053634366918466916
3842,0.09068608025202908
3843,0.2892659378333295
3844,0.11755683212212847
3845,0.9962778107684245
3846,0.004839651459850108
3847,0.9724168143852611
3848,0.0020504422422789274
3849,0.014008540508276823
3850,0.493767347401207
3851,0.9885565056342026
3852,0.04286609005612092
3853,0.6383622921340744
3854,0.9129934271267584
3855,0.0017050436218318259
3856,0.026349894943854327
3857,0.006557860308272873
3858,0.02622354466058273
3859,0.04177093012197684
3860,0.01943833624151122
3861,0.06972845832162693
3862,0.017240275654119872
3863,0.9791901506166661
3864,0.9989270196688183
3865,0.18909009615260308
3866,0.998538464376422
3867,0.017593184123781982
3868,0.4857909654665528
3869,0.02032802344001754
3870,0.6155477574072341
3871,0.025571734988715098
3872,0.44077202845785196
3873,0.3361005713786738
3874,0.09262422668529628
3875,0.9979589154920082
3876,0.28252340348484206
3877,0.9869275284173358
3878,0.05431968649593894
3879,0.0024952000976537856
3880,0.9982540235010425
3881,0.9917506515617953
3882,0.29640430118047084
3883,0.5217807978970554
3884,0.025416647580876396
3885,0.051076760233579606
3886,0.9341241662272677
3887,0.27037566663579793
3888,0.09269303347023491
3889,0.13917405898595944
3890,0.025743897492514052
3891,0.9388057222783124
3892,0.005660367305406285
3893,0.7707883516872954
3894,0.10413149243334371
3895,0.4086171736196531
3896,0.1423559894840995
3897,0.9600995419716534
3898,0.37994764231416356
3899,0.2596312799584579
3900,0.0758448635845422
3901,0.0016380764101122135
3902,0.9505236210370759
3903,0.6495691459251817
3904,0.022820053694872257
3905,0.07314383504553205
3906,0.9786987803825282
3907,0.04915965616926002
3908,0.06841019579757222
3909,0.9986579681101961
3910,0.0027712177164364244
3911,0.004697914124358968
3912,0.18290293513309938
3913,0.024490182961310253
3914,0.9138575398783689
3915,0.04631831914946613
3916,0.7212918895747935
3917,0.029208686934851704
3918,0.07095802331580353
3919,0.015526081724496548
3920,0.08730598070091966
3921,0.0037569639033327314
3922,0.377310874849736
3923,0.0336646475744046
3924,0.06945787676689416
3925,0.9818445077504623
3926,0.2911333260705233
3927,0.0159596956008684
3928,0.034797627539946294
3929,0.9573662168572841
3930,0.9862474287061909
3931,0.0013267419544593043
3932,0.2689357242403304
3933,0.0018418313852443123
3934,0.9152280609342338
3935,0.0061979848461953865
3936,0.12516649529388793
3937,0.2502951746512958
3938,0.9576760407473667
3939,0.04217201209604125
3940,0.08579487915794344
3941,0.9760828925954591
3942,0.01360070387494637
3943,0.17100841119372143
3944,0.9146956348005235
3945,0.7204498652336513
3946,0.039700532082713
3947,0.004749195240410539
3948,0.25605692595614915
3949,0.9719020565610497
3950,0.040362821497393
3951,0.05688708921331827
3952,0.9084895231752621
3953,0.026177508874776243
3954,0.9974021578531873
3955,0.005820836029372266
3956,0.05829045650779148
3957,0.33195811406498754
3958,0.10104731156930077
3959,0.9533088355062915
3960,0.0718190685987273
3961,0.0463741505523354
3962,0.024640652610159748
3963,0.8345576942783575
3964,0.23300677883177442
3965,0.1899439030506484
3966,0.7585176926229249
3967,0.012660462339512202
3968,0.00208503989769792
3969,0.07378275702134729
3970,0.22590545166314432
3971,0.9717881072311221
3972,0.7367825580901747
3973,0.3713380289976175
3974,0.022934398033801883
3975,0.935641109392224
3976,0.9646322628698498
3977,0.1822307678958821
3978,0.03708925704578067
3979,0.6397200365334484
3980,0.7833943059692259
3981,0.9164182498809516
3982,0.9724743351872049
3983,0.004019667299032898
3984,0.45059581552566513
3985,0.013989119016436506
3986,0.47920268230042173
3987,0.0013378689526918892
3988,0.8375402240965293
3989,0.005936363842538854
3990,0.45098180814396505
3991,0.7542999479720652
3992,0.007942397586700579
3993,0.09704700680891251
3994,0.7696658701974866
3995,0.9744744356954146
3996,0.6339804227202172
3997,0.0020294426504655566
3998,0.21194302592286626
3999,0.018846653228473273
4000,0.040094076794986534
4001,0.04580033296860371
4002,0.02309427364428513
4003,0.11245088532792273
4004,0.6587590914072406
4005,0.2317066369249308
4006,0.14058605738841617
4007,0.005288947349296731
4008,0.9953760293327039
4009,0.08679474268633852
4010,0.9982284480592776
4011,0.9289682770275064
4012,0.07278058763079123
4013,0.017195095045416473
4014,0.9991319024055447
4015,0.9628798549202673
4016,0.10591470423866618
4017,0.050703393985878274
4018,0.09267072198586115
4019,0.007656402073671083
4020,0.017645295812635055
4021,0.02883282603201437
4022,0.01812824210404558
4023,0.008236523681716228
4024,0.003570532491876015
4025,0.844006590507268
4026,0.7513013398675388
4027,0.008703822293645249
4028,0.03365277041365633
4029,0.0473070307495244
4030,0.005469191008550525
4031,0.8712372805714781
4032,0.10427844120363503
4033,0.02072160564484654
4034,0.052112441815713714
4035,0.024136285295159734
4036,0.01026506539977329
4037,0.009186286775952587
4038,0.9803837347766022
4039,0.0045901592187596405
4040,0.44675527020373973
4041,0.9842257742325641
4042,0.04994272716127552
4043,0.06812473214219811
4044,0.02241051885414737
4045,0.0026063508741891394
4046,0.0100084677598854
4047,0.11126688876973247
4048,0.08439728223476951
4049,0.12155118821995728
4050,0.05987651921585065
4051,0.08635093076629695
4052,0.24397487089643977
4053,0.9173417295152814
4054,0.05836680267263797
4055,0.013418622124479671
4056,0.0863980071535117
4057,0.2927051166407861
4058,0.5255625439054752
4059,0.04549893629543961
4060,0.09386640335888044
4061,0.9917178179479262
4062,0.173577606445601
4063,0.36488096518137747
4064,0.3127298947875693
4065,0.1578480773568998
4066,0.00815779152679465
4067,0.5404359537423
4068,0.013151915679222656
4069,0.02206484462960687
4070,0.03262772202240194
4071,0.9946072428319722
4072,0.0013809494296027013
4073,0.039344266163584135
4074,0.0546177011264941
4075,0.02316351891537555
4076,0.5214609912016537
4077,0.0652109832126698
4078,0.3582324100910258
4079,0.13918757781131855
4080,0.0023820851082163633
4081,0.7280136392549081
4082,0.9242137436289031
4083,0.20904758096083542
4084,0.0221652584675128
4085,0.13747233275191478
4086,0.12426485525845735
4087,0.0056719877336148415
4088,0.112275703186203
4089,0.013646990417270355
4090,0.15163497057740138
4091,0.004985628866697641
4092,0.16049070343930236
4093,0.30605454174101804
4094,0.00755195140393062
4095,0.008135355555016436
4096,0.024923110993919882
4097,0.1875255427894547
4098,0.027532517733545613
4099,0.9694888892008448
4100,0.5207402976516371
4101,0.12391581231621679
4102,0.15174790926409937
4103,0.37905700552108723
4104,0.9798754463817154
4105,0.589375814787406
4106,0.45338420960593384
4107,0.602039551049112
4108,0.9919503787110986
4109,0.96810936437254
4110,0.0739082910349271
4111,0.0011816608556229763
4112,0.9853761975437032
4113,0.31179673198314806
4114,0.03594721659293096
4115,0.014291104381123963
4116,0.020318365399805305
4117,0.9949135748933944
4118,0.037614532555213576
4119,0.13707891178027423
4120,0.9654412717120049
4121,0.4757919866197639
4122,0.6984664515356739
4123,0.0065647669590524465
4124,0.40999384105363335
4125,0.011109285339698832
4126,0.12635476040569912
4127,0.06447632718863419
4128,0.12251643374801352
4129,0.3096194450264334
4130,0.008357090293163512
4131,0.31017968208445634
4132,0.9346633919686904
4133,0.9682879824004552
4134,0.01723447038477282
4135,0.32233617509831164
4136,0.02023098029616832
4137,0.8996592194195978
4138,0.0020726660149272607
4139,0.031107169771170718
4140,0.9985674598303586
4141,0.905905633539891
4142,0.0835636695446252
4143,0.047859634647728286
4144,0.9783096099495345
4145,0.08636702638353771
4146,0.11880220158409222
4147,0.19227219348605884
4148,0.20101768809458237
4149,0.012329735671665376
4150,0.33100864363310056
4151,0.023940549737022008
4152,0.005989975533433577
4153,0.07719259302029804
4154,0.46511408395428
4155,0.808147946734187
4156,0.054828606334526145
4157,0.0017049467286221224
4158,0.9594296686550741
4159,0.1762405850111014
4160,0.21400616859638574
4161,0.2758551167373501
4162,0.006929276167757582
4163,0.003591723956190519
4164,0.976160230089818
4165,0.22959389504441358
4166,0.010638739428986466
4167,0.9935667793112712
4168,0.2021322243693699
4169,0.08186754430177942
4170,0.9986327186888555
4171,0.023694670109028496
4172,0.8916176491993917
4173,0.025220913408021805
4174,0.006953927450588817
4175,0.31743302239254323
4176,0.034587338857022004
4177,0.004262193715739434
4178,0.8056291686271057
4179,0.26684520457938726
4180,0.9560658182864018
4181,0.2889569299336231
4182,0.004057796464671503
4183,0.7921451391755236
4184,0.9568568454397779
4185,0.7819176657856798
4186,0.9740187567312738
4187,0.07418743825831312
4188,0.023495836128713407
4189,0.06275134100022808
4190,0.001193815731432919
4191,0.1954136623488117
4192,0.9467345337715114
4193,0.1687707813063014
4194,0.90621176032284
4195,0.06279371652489742
4196,0.9987490029367854
4197,0.7155089799838535
4198,0.07252510685888397
4199,0.8914270115717022
4200,0.012541526519836737
4201,0.6185915059518432
4202,0.1334279506633439
4203,0.11369808889652006
4204,0.04881361137115483
4205,0.04921829336640812
4206,0.5425467557785243
4207,0.21476214295560928
4208,0.20896054183668095
4209,0.2132058895326689
4210,0.30219293281147624
4211,0.13177679808026035
4212,0.150264182676586
4213,0.40372471619836925
4214,0.04445629887352271
4215,0.07281086704627764
4216,0.015936434389222872
4217,0.9878671551531373
4218,0.9980629202649949
4219,0.008959108015776979
4220,0.18646242514517244
4221,0.9873549789542637
4222,0.1455627027974457
4223,0.3869064335365808
4224,0.05641421362161475
4225,0.040103842237206845
4226,0.9973803514947376
4227,0.36292283649605855
4228,0.006675291417082207
4229,0.3276727939713295
4230,0.8236644563499215
4231,0.012311230089198011
4232,0.005155955786221365
4233,0.04718604682904476
4234,0.0014313313804197292
4235,0.38326816174675493
4236,0.03455224741031322
4237,0.09475041712809837
4238,0.03465964051340564
4239,0.23716962133764655
4240,0.6080756392055056
4241,0.9297947852485202
4242,0.007005013509360707
4243,0.025751899471445055
4244,0.9892402208567566
4245,0.0601533612336221
4246,0.026488520025432248
4247,0.005890719511290972
4248,0.06430995789724567
4249,0.6077611583899036
4250,0.6712959134718333
4251,0.13912566598047796
4252,0.004466386082430995
4253,0.848060192895247
4254,0.06082265065361098
4255,0.03312690235081366
4256,0.0636745888537099
4257,0.0020953408988920947
4258,0.7840077592991376
4259,0.0042511395288219195
4260,0.9844352894717119
4261,0.9780830133568601
4262,0.6405361499713976
4263,0.9499001517754196
4264,0.010431466429741867
4265,0.24456524817510988
4266,0.9395787194810823
4267,0.0178289450619051
4268,0.9614461529941556
4269,0.14460649881342513
4270,0.2838184979227959
4271,0.013606556940444877
4272,0.14456231749111745
4273,0.0034761986429865973
4274,0.015515382748960822
4275,0.9395895204700839
4276,0.6816143991166856
4277,0.009814731717099732
4278,0.011048829834407282
4279,0.16579888139599383
4280,0.9882446126791005
4281,0.3600848676827421
4282,0.2673765135137512
4283,0.005333938386518956
4284,0.013978642197723358
4285,0.36926477626539467
4286,0.10870449611969209
4287,0.7636565431125194
4288,0.7440625362461787
4289,0.011031241049536341
4290,0.6770779030213567
4291,0.02777373525163638
4292,0.02377384272162893
4293,0.7563809008301319
4294,0.9390584968708837
4295,0.3693216663877978
4296,0.16274883887249098
4297,0.9892026142525698
4298,0.1460838128090597
4299,0.016610552042801804
4300,0.06629360339765383
4301,0.9990997119722584
4302,0.02861235517627873
4303,0.07672016779918546
4304,0.3020948675271674
4305,0.00523757507347407
4306,0.062949226244516
4307,0.02333728254986833
4308,0.9281477025316143
4309,0.9776817079115185
4310,0.08328642874258094
4311,0.006324216473199733
4312,0.9850945619966331
4313,0.9317825519361551
4314,0.06548493324667358
4315,0.011357889610547914
4316,0.9070721728910358
4317,0.8960770828299135
4318,0.7917197049202187
4319,0.006597732847568447
4320,0.7727802837068581
4321,0.0022223761714248854
4322,0.4158565563821094
4323,0.1189111765599255
4324,0.5114944591478571
4325,0.39009701008778974
4326,0.001215033048571379
4327,0.5419093955004868
4328,0.9873993970440502
4329,0.021031795912069377
4330,0.09624023966585153
4331,0.030155637390985084
4332,0.020245501844501402
4333,0.020936449284911757
4334,0.12886292693204912
4335,0.042301940095638375
4336,0.0413635861431089
4337,0.08158853146418321
4338,0.083674491478205
4339,0.4899474593348303
4340,0.08413644753973529
4341,0.026073224130154227
4342,0.1129051294043869
4343,0.9790238937419022
4344,0.858208472078581
4345,0.0191964603034774
4346,0.008291991786198598
4347,0.046136903534556795
4348,0.05362077726578761
4349,0.00313706703856382
4350,0.010885739905065552
4351,0.020485762844407132
4352,0.9884715536947132
4353,0.31405139947751026
4354,0.09371137469900934
4355,0.03997873443488849
4356,0.9526458141948659
4357,0.05760442020474532
4358,0.17597818321779268
4359,0.004000028202737149
4360,0.9715829907000163
4361,0.39602308938486874
4362,0.8196931857897876
4363,0.030367881485107558
4364,0.8722991594032825
4365,0.20340735876817373
4366,0.14381778927108801
4367,0.9604214309873509
4368,0.001191305295122122
4369,0.03156328403737431
4370,0.1548568180627739
4371,0.09158603190134035
4372,0.998847662561974
4373,0.028064814666770188
4374,0.07170688575586244
4375,0.6656174839161273
4376,0.04726537217510353
4377,0.1244553482358819
4378,0.9724408114598007
4379,0.9990078360936147
4380,0.09987518427507472
4381,0.024274426103143124
4382,0.07574132722815366
4383,0.234507073296742
4384,0.8702903557573066
4385,0.05588683583375714
4386,0.1670854523219793
4387,0.0007943845179941731
4388,0.05301250048866643
4389,0.027864903700833492
4390,0.8194456148336158
4391,0.04996161637927108
4392,0.9398652008125974
4393,0.11019182632808425
4394,0.48491123285652993
4395,0.03038816201973049
4396,0.7341527303561693
4397,0.0017605580964190578
4398,0.9987408006927732
4399,0.07727354528298314
4400,0.9487830500358225
4401,0.21986550217470577
4402,0.13332788841368615
4403,0.010340701994148488
4404,0.038898800242672386
4405,0.08562486408915361
4406,0.0017850142331057707
4407,0.079354130889261
4408,0.3034631542063212
4409,0.13405040859361
4410,0.006718282894095023
4411,0.0014007061574483912
4412,0.010139792944376676
4413,0.02915981477811555
4414,0.7450555174954148
4415,0.026331445385448918
4416,0.23966185646397697
4417,0.03889189904513614
4418,0.010177319347782644
4419,0.2996282124297211
4420,0.02185223563792385
4421,0.0057150948897280295
4422,0.001326576599549918
4423,0.11498004826060806
4424,0.006437960022627782
4425,0.05588066352312352
4426,0.08754361623609527
4427,0.004588743969085063
4428,0.02012875092574835
4429,0.1167713516638271
4430,0.02461202024302399
4431,0.32832804703427043
4432,0.0008781956996576849
4433,0.13099240555910818
4434,0.04960630893158282
4435,0.1297426843125727
4436,0.004282367549082036
4437,0.43156181564871626
4438,0.04835652082222638
4439,0.1460510968251451
4440,0.7794609829836343
4441,0.002706282442773617
4442,0.6222603475474602
4443,0.09251157738418392
4444,0.17637862362782442
4445,0.14443461959811493
4446,0.041874210377063244
4447,0.5424708700616303
4448,0.03540438239666603
4449,0.7380031174003875
4450,0.08126806698397644
4451,0.9033793300657569
4452,0.9520204116847567
4453,0.29503614278292023
4454,0.8733503215881577
4455,0.023185880553446274
4456,0.07524167476667012
4457,0.9831195684452946
4458,0.023310181486293012
4459,0.18630921215513083
4460,0.7652399770929894
4461,0.046189073600683
4462,0.023715071263387823
4463,0.005633182578800435
4464,0.033998783992523825
4465,0.014594473515177345
4466,0.11538826652842137
4467,0.9985363724354626
4468,0.9514536050296546
4469,0.039479689745769264
4470,0.08204999908421604
4471,0.0054407683822243706
4472,0.22700809266197108
4473,0.18594129023996214
4474,0.37719173170451253
4475,0.9903251707021286
4476,0.17738528287707303
4477,0.03375546896485539
4478,0.8521491662513255
4479,0.16317252303485744
4480,0.7648240062498803
4481,0.08672477012048349
4482,0.022763977876134704
4483,0.957313324019682
4484,0.01310841523536679
4485,0.038375258132697695
4486,0.9367577945118781
4487,0.07155712439878695
4488,0.04843982847321184
4489,0.014819556149443119
4490,0.0691461686633304
4491,0.0013883255445632549
4492,0.03353671979925027
4493,0.38623780402324664
4494,0.24763740429663042
4495,0.12860476817062905
4496,0.17150880097703208
4497,0.2720807546890393
4498,0.014826209589728537
4499,0.03473787685362076
4500,0.40682845403815454
4501,0.020256356084096802
4502,0.23690551979378846
4503,0.985299428198143
4504,0.3093503497210498
4505,0.16385868397169434
4506,0.6424608698064016
4507,0.08346196024743507
4508,0.002665489973448787
4509,0.010433283596786039
4510,0.1956224382552294
4511,0.16945040568448402
4512,0.01177419976403233
4513,0.0010369498032480528
4514,0.02967375251009901
4515,0.4963844854750655
4516,0.9458434229917304
4517,0.11477824002288127
4518,0.9777702713267457
4519,0.0760816628168015
4520,0.22237259793676728
4521,0.6479728858184199
4522,0.25508168579895485
4523,0.9632676343508235
4524,0.6509084935314113
4525,0.9593081863469121
4526,0.043152600925558685
4527,0.020344609617316683
4528,0.0012009564855959014
4529,0.9810401465853533
4530,0.5519657018482519
4531,0.03248869018327575
4532,0.00959537937020863
4533,0.2347154762940373
4534,0.8168168102028583
4535,0.027765989587157924
4536,0.40383482231748596
4537,0.05028987346819949
4538,0.049148087660376885
4539,0.5251571472381809
4540,0.29466249635869946
4541,0.008055251033637176
4542,0.018837534214272627
4543,0.9824156232007409
4544,0.9804223965805756
4545,0.03672491008309275
4546,0.2047092240235336
4547,0.0870829244951303
4548,0.7216329885362507
4549,0.01351409102434363
4550,0.1344650643345755
4551,0.9586084758296061
4552,0.6808467191751834
4553,0.2584633474700101
4554,0.052219783396227
4555,0.1530909024678817
4556,0.048471839401744515
4557,0.6835074409148905
4558,0.9778718625226015
4559,0.5866999641677362
4560,0.000877566762376523
4561,0.006747124132363521
4562,0.9761348299171511
4563,0.010040399856137246
4564,0.04174497577530505
4565,0.1484254526822936
4566,0.10925632345053354
4567,0.34989718512268986
4568,0.00413276764076047
4569,0.01569765815249569
4570,0.010373027549107128
4571,0.010410745142219787
4572,0.10463794425703189
4573,0.03369420043826081
4574,0.4842263311483047
4575,0.010991062232634536
4576,0.11729145712751243
4577,0.2728619108042316
4578,0.04191024138615313
4579,0.019140589859024903
4580,0.12679351082706813
4581,0.1684744677616202
4582,0.9239823627699639
4583,0.02467338284800677
4584,0.9716282980117741
4585,0.8970479949646148
4586,0.16359239309110182
4587,0.35729710184518837
4588,0.029033676180054008
4589,0.018604369964247712
4590,0.043724627902829875
4591,0.005474045854866837
4592,0.041707782155451574
4593,0.008101365577926194
4594,0.9447891999660385
4595,0.03072607576643889
4596,0.10784348136922417
4597,0.9823253056651655
4598,0.2712216498619253
4599,0.6032070516001173
4600,0.004394475933252125
4601,0.00604162887496096
4602,0.039874622404081836
4603,0.03164105729048252
4604,0.007577231847314183
4605,0.14962202683325465
4606,0.09982472605997103
4607,0.1284313031660883
4608,0.9825658458233846
4609,0.008677035885681082
4610,0.9695935727754492
4611,0.06916544878206854
4612,0.14294055331876632
4613,0.0948221163868602
4614,0.9505660030258694
4615,0.9835012639300307
4616,0.028010115352421663
4617,0.31817177315327827
4618,0.9870493759137419
4619,0.7483277362600571
4620,0.9766595568942158
4621,0.04715221177047907
4622,0.5356485407914331
4623,0.046750592966649435
4624,0.34670151874717847
4625,0.0014671920578551735
4626,0.11817888454458814
4627,0.04437824420758646
4628,0.9723670471965242
4629,0.17950835423642386
4630,0.0728865915595264
4631,0.9019032702473023
4632,0.06265583800110984
4633,0.8564957035077915
4634,0.013597459816546687
4635,0.03953215060993254
4636,0.05797044783867982
4637,0.9580389684181229
4638,0.06575790301245603
4639,0.03555982617970577
4640,0.0358861925048085
4641,0.045158746285272625
4642,0.984178309590964
4643,0.998929838576738
4644,0.9985365613389866
4645,0.002714118479451428
4646,0.6276216656159679
4647,0.10774892084193084
4648,0.031215209072384606
4649,0.6056511005936447
4650,0.008746381661627053
4651,0.7296903667368377
4652,0.013916498073025411
4653,0.3221852956359402
4654,0.06690108993666553
4655,0.011728823921439313
4656,0.6878528359270417
4657,0.9695637864249441
4658,0.016957478534263246
4659,0.7061400586300755
4660,0.11355220033462163
4661,0.20143227708978756
4662,0.04093595830711266
4663,0.0726810488195398
4664,0.1739288529050142
4665,0.0020452781895551365
4666,0.6365712499593335
4667,0.0058175490585261405
4668,0.04160084368828815
4669,0.01796765503379646
4670,0.33632196135307424
4671,0.9974128792923294
4672,0.1502459913956145
4673,0.004187165791623243
4674,0.004348564947833501
4675,0.9583829917662601
4676,0.029916261997022027
4677,0.050052887761780525
4678,0.015136287842369174
4679,0.934553666502647
4680,0.0250210083693519
4681,0.025178083583039322
4682,0.022197185976515897
4683,0.4979052239826664
4684,0.0098558832381064
4685,0.6988603072125197
4686,0.44559275736167686
4687,0.015458278832149617
4688,0.06124678205468098
4689,0.06789658080762863
4690,0.04086059035786605
4691,0.22190042138029764
4692,0.05112263683432249
4693,0.9897001009719931
4694,0.034909242205608454
4695,0.5440290172875419
4696,0.1028236249552302
4697,0.5529634975249045
4698,0.9927583843285659
4699,0.05403954778022315
4700,0.5048108574374457
4701,0.17527406733071846
4702,0.009394373208299736
4703,0.35074517902387736
4704,0.0035259132516350855
4705,0.09176339726090292
4706,0.03942613264023084
4707,0.004217892329664985
4708,0.13645729642607432
4709,0.034486667859316276
4710,0.40390064058491015
4711,0.9791866117103041
4712,0.3343912011404283
4713,0.025166700063178334
4714,0.002628553711253972
4715,0.08208709124284583
4716,0.0009838796803618394
4717,0.030365224266261266
4718,0.7615516240700752
4719,0.407486087959411
4720,0.019405773385074855
4721,0.1572471141035274
4722,0.9693841095597028
4723,0.7752995296221209
4724,0.06683198721764755
4725,0.0073267135067558095
4726,0.07498295023063418
4727,0.09375391414743844
4728,0.1521951672276433
4729,0.01617216040994429
4730,0.005574662835341193
4731,0.005570721570826555
4732,0.08836267834380426
4733,0.9734118091600246
4734,0.023195844410771157
4735,0.01691164253399848
4736,0.8843089753607231
4737,0.20580765938258083
4738,0.8449122108656142
4739,0.468770546972171
4740,0.9970355234848948
4741,0.015077043157055763
4742,0.9626751258772734
4743,0.05026882237317036
4744,0.08791644991453045
4745,0.4449257915915942
4746,0.11162409022009895
4747,0.05247421544212714
4748,0.007358188681498725
4749,0.199634525753835
4750,0.6665204605978089
4751,0.9735793914923643
4752,0.035157471503545305
4753,0.20228110923442694
4754,0.1406082499090087
4755,0.2249687190275689
4756,0.009416658008063563
4757,0.035775757697213556
4758,0.08890157151574318
4759,0.11395076956003466
4760,0.9583898682758276
4761,0.5956890088948159
4762,0.059323323010790345
4763,0.010472841890918873
4764,0.008723256302836983
4765,0.22901587904563145
4766,0.17744024160023272
4767,0.6268043316499731
4768,0.9597321843433693
4769,0.4437910679384866
4770,0.008436032795628247
4771,0.03361973130054206
4772,0.06353279400599894
4773,0.008111475144877573
4774,0.6370206184940637
4775,0.0017198277872356677
4776,0.05195161217375427
4777,0.02545837842182471
4778,0.011591471861138899
4779,0.9886663502217221
4780,0.9943080484702101
4781,0.3038704158460659
4782,0.9928161602982339
4783,0.10336970101227869
4784,0.32196205550821944
4785,0.06847390075032374
4786,0.025103927750006496
4787,0.8662111943346605
4788,0.12339791923963932
4789,0.0023175313356259795
4790,0.006225547814579015
4791,0.005571810468936372
4792,0.8495848827637984
4793,0.9916512848739881
4794,0.06363739922812153
4795,0.0043930414192406815
4796,0.9974576094440581
4797,0.00774069573550586
4798,0.8945491508614513
4799,0.5878377855365274
4800,0.5872302777924894
4801,0.5184944350175549
4802,0.0057272010319028115
4803,0.014482903980339381
4804,0.01401354973822814
4805,0.01761092526802898
4806,0.3852962066286683
4807,0.9722454753004526
4808,0.05474377750357719
4809,0.03975309604118732
4810,0.03990152662726379
4811,0.1098636358794298
4812,0.11168896996928755
4813,0.7493083250502512
4814,0.9647456811675859
4815,0.31253010708969386
4816,0.40451002713962
4817,0.012025764048940091
4818,0.20614210259098917
4819,0.21629998105455972
4820,0.9979789134084801
4821,0.748292616327347
4822,0.010162805236782292
4823,0.6877125834289461
4824,0.23091404992594497
4825,0.7818117122227781
4826,0.013767459900386022
4827,0.0731874120949405
4828,0.018749877907399806
4829,0.04171244699273871
4830,0.03716221035931978
4831,0.3393026451245856
4832,0.17893757414346084
4833,0.1028184121240712
4834,0.06820387727327631
4835,0.03845054449572825
4836,0.039573303689076994
4837,0.05071826249882899
4838,0.015481394191519749
4839,0.0063677713277662295
4840,0.9726145079872363
4841,0.22868791588565218
4842,0.9875296047460309
4843,0.058485354266858566
4844,0.11785752125481655
4845,0.09866349653789053
4846,0.01078210571222853
4847,0.9766003777179633
4848,0.7206724577826833
4849,0.0034368492192190475
4850,0.3470986486453469
4851,0.05045260740089384
4852,0.4593264519363589
4853,0.7114556935218801
4854,0.5533497544800966
4855,0.17148656209536003
4856,0.6371125596811009
4857,0.1559248405364036
4858,0.11341355407167047
4859,0.020585727490765916
4860,0.06714623956516759
4861,0.897561371529313
4862,0.04287736910081952
4863,0.017886883050426253
4864,0.7305229639271661
4865,0.19514252430771073
4866,0.002433171617623555
4867,0.13140524740645312
4868,0.17083308055567664
4869,0.0011731656714509145
4870,0.1513031831947481
4871,0.32706062606433006
4872,0.35609145505009127
4873,0.10658573121950915
4874,0.9852199741211225
4875,0.29901419961444253
4876,0.020923782041437248
4877,0.019063025143370143
4878,0.8486039818974596
4879,0.6477487100368322
4880,0.8488323654818637
4881,0.9377971426281527
4882,0.05053916323130342
4883,0.0830546392084596
4884,0.15178866813390254
4885,0.8391801233989014
4886,0.9645270633859512
4887,0.009572788411917605
4888,0.03671308216633737
4889,0.2897152746262591
4890,0.028452446143661023
4891,0.7221668610016336
4892,0.9875273538066813
4893,0.8877472951068673
4894,0.1444601089415149
4895,0.17307898104914612
4896,0.5823714254421863
4897,0.8756869975269158
4898,0.1164293484669881
4899,0.9451364941259344
4900,0.007847851672188023
4901,0.8719453716900796
4902,0.20931942647895188
4903,0.031966036920464305
4904,0.051369622113665234
4905,0.2517269057287037
4906,0.006530212165358332
4907,0.6628168188859658
4908,0.023229219255497598
4909,0.06352312918892661
4910,0.9729201862409872
4911,0.14752713755759594
4912,0.032312963555791614
4913,0.9130740897985599
4914,0.02449253805013577
4915,0.9825864052696229
4916,0.5008687514798896
4917,0.6308207180128786
4918,0.9871628240815484
4919,0.6727223851150373
4920,0.021505158731414648
4921,0.9673271539503404
4922,0.9838879392101626
4923,0.003480737380980613
4924,0.9620912186117793
4925,0.1975259844538188
4926,0.008075418533275034
4927,0.907462308026026
4928,0.6530718568800431
4929,0.021919846077863923
4930,0.977545833267008
4931,0.8868418986772976
4932,0.6678974254149421
4933,0.9888771042134941
4934,0.1194030464459751
4935,0.050302785797299014
4936,0.05511162142110647
4937,0.5757819216884971
4938,0.03442338929572626
4939,0.9466711239245036
4940,0.021171705589272508
4941,0.005381169526727583
4942,0.49953239178121195
4943,0.004842108625569635
4944,0.0275806216643978
4945,0.11930663616201553
4946,0.11607541612307429
4947,0.05322036292786644
4948,0.19589258524565414
4949,0.8646091068683612
4950,0.4454043748121974
4951,0.13949758139651014
4952,0.2842920982238959
4953,0.19420665942371665
4954,0.6957480939162618
4955,0.5194303164409682
4956,0.13188683974514837
4957,0.1131595447980559
4958,0.986834669614848
4959,0.5849840847940532
4960,0.001210004308153515
4961,0.8216733237254756
4962,0.09049885117073447
4963,0.29826670124457366
4964,0.8753634147146736
4965,0.01713786319472761
4966,0.008643606131738795
4967,0.28974837865088154
4968,0.0022566627565589
4969,0.1715273125721664
4970,0.9862360430435909
4971,0.14794220254724266
4972,0.059425337582584184
4973,0.011131666870914146
4974,0.020151466222812643
4975,0.7889900631491975
4976,0.13850986610136073
4977,0.7176535321638444
4978,0.010077722727521514
4979,0.9159514116081896
4980,0.5317417980938984
4981,0.002544784292089924
4982,0.07597369251487962
4983,0.9465128115393631
4984,0.26505758437914617
4985,0.5723507777113177
4986,0.9912134607856969
4987,0.9842427797462446
4988,0.020220193987459972
4989,0.0010957841188227629
4990,0.0040863182336276106
4991,0.5301670875678479
4992,0.007662529583270605
4993,0.05342493426336603
4994,0.1288377812927679
4995,0.013469441260867928
4996,0.9678761558601316
4997,0.009674925261936758
4998,0.3455440374580415
4999,0.5364956761652341
5000,0.022990262140453785
5001,0.013072024415672446
5002,0.04562169230432575
5003,0.5534259211349597
5004,0.3824567320659049
5005,0.07011311076207716
5006,0.04862439803527681
5007,0.7441087022142446
5008,0.9696382549596194
5009,0.04953858368664477
5010,0.0019023528412906536
5011,0.5461288587501486
5012,0.030396715950520382
5013,0.09118273167170252
5014,0.13902264264377456
5015,0.6832831584633745
5016,0.8934622555074704
5017,0.4443159233833595
5018,0.9724162671324967
5019,0.9760196708783891
5020,0.02053283494532527
5021,0.26168349433533367
5022,0.011160998912102267
5023,0.0010455499036783203
5024,0.2765744045613655
5025,0.057887702849680214
5026,0.043556939685539184
5027,0.0665306625962678
5028,0.9981111241611175
5029,0.895159841089834
5030,0.0058033693215739784
5031,0.03311507882541102
5032,0.17688897132428977
5033,0.9538717526981351
5034,0.9161154942897372
5035,0.011350427280804324
5036,0.011564631990773604
5037,0.0008821993381458859
5038,0.02089795238793729
5039,0.33470251022707226
5040,0.9291797499835345
5041,0.14614203249956526
5042,0.9725143606924551
5043,0.045679564852561506
5044,0.02544133052430954
5045,0.45002038299449426
5046,0.10451013343348328
5047,0.00184301214622847
5048,0.33254473457667105
5049,0.14404009115091704
5050,0.08719181904594364
5051,0.8398034605902939
5052,0.01611463067493503
5053,0.11562756585404167
5054,0.0569283367294674
5055,0.014011219805823184
5056,0.95713663141907
5057,0.011049399342225647
5058,0.9676468115006771
5059,0.09214236120967137
5060,0.1449466484937445
5061,0.027908860025236557
5062,0.021708434166801308
5063,0.010582776525511421
5064,0.022458840029350682
5065,0.4481045746637394
5066,0.5665230097571389
5067,0.06157062104656032
5068,0.974963851157858
5069,0.6057037998729514
5070,0.9764933774055408
5071,0.06242586005346047
5072,0.021032033574657407
5073,0.02655853486191706
5074,0.004327688552120984
5075,0.5455431035951741
5076,0.36136458390868764
5077,0.06603003887505422
5078,0.09438800825358615
5079,0.969396532243143
5080,0.03567211568466597
5081,0.0020390637615041647
5082,0.0808570644772443
5083,0.06907739402079992
5084,0.0015497029704267815
5085,0.9656630607831143
5086,0.9987665085765677
5087,0.0026128941315586027
5088,0.06274655259347567
5089,0.009363388547068908
5090,0.32457920940690593
5091,0.05584339275823576
5092,0.9960406615052635
5093,0.42065071775085977
5094,0.06102018343321511
5095,0.07767465374782954
5096,0.023724153822960323
5097,0.021694792462580673
5098,0.1552083391406906
5099,0.001183565895500577
5100,0.0767338905262383
5101,0.33124043375658346
5102,0.7171433278491963
5103,0.004921923321246805
5104,0.0065526570748684985
5105,0.04944160854542462
5106,0.9988198568065931
5107,0.9790291744146709
5108,0.6140641822813059
5109,0.9312789510055817
5110,0.013784490184459406
5111,0.9709371811030815
5112,0.9031308569098372
5113,0.2345412594173204
5114,0.9490490112322199
5115,0.8948963252367937
5116,0.4562715096444898
5117,0.7742661154323035
5118,0.8425540980451132
5119,0.03169340315049712
5120,0.9855439267724924
5121,0.03168114691077153
5122,0.0400336163133381
5123,0.8283348311628989
5124,0.008443216339321992
5125,0.9646905544899051
5126,0.10420085539937962
5127,0.5276059718407226
5128,0.06756004705240173
5129,0.465422577971837
5130,0.027999599518315564
5131,0.020407049703042652
5132,0.1890157100594694
5133,0.2366975235912459
5134,0.6250414073386548
5135,0.49306759779380055
5136,0.001954268535817201
5137,0.7889953904626423
5138,0.011936021642591154
5139,0.15888653415063114
5140,0.07470204095984735
5141,0.1694440609864315
5142,0.1433037522591718
5143,0.002472694907220051
5144,0.00657926425028911
5145,0.0026968235115216897
5146,0.02982351168581171
5147,0.012269730215809686
5148,0.028648860961227325
5149,0.008835365363725055
5150,0.2910350966481605
5151,0.8165252846254696
5152,0.09182620895637662
5153,0.03843953631624414
5154,0.9888080211605791
5155,0.10310965968125196
5156,0.0047367098295949695
5157,0.014658179025538908
5158,0.006786612777410766
5159,0.051304755288470005
5160,0.11947262834719885
5161,0.029454582397058574
5162,0.005048656208612787
5163,0.07803975193099222
5164,0.013639009278475275
5165,0.1959460026840269
5166,0.5562861707099436
5167,0.07040370174352717
5168,0.08593977979656617
5169,0.06478957202141876
5170,0.206997507894214
5171,0.8054026900424702
5172,0.7466166668268387
5173,0.06766089560709629
5174,0.028837310236993
5175,0.998844708047381
5176,0.45445202433543136
5177,0.9736156728307794
5178,0.9546261715419966
5179,0.9705174620370229
5180,0.01718239337380264
5181,0.09331896268093942
5182,0.23520779374782738
5183,0.0014966703003991375
5184,0.13272572149080467
5185,0.08344076430928124
5186,0.0009760309485305508
5187,0.060037890860156894
5188,0.9930048893052774
5189,0.026351223612429194
5190,0.07854890516571407
5191,0.2579261087303401
5192,0.09875706471838278
5193,0.2135398837773967
5194,0.3537000280196161
5195,0.3550223455839398
5196,0.06289733914329836
5197,0.01568622509878852
5198,0.01963251295444002
5199,0.007484257314202452
5200,0.0033014195931687544
5201,0.11838347113517134
5202,0.09995990124866597
5203,0.021124177972422272
5204,0.1761674294354682
5205,0.0054506285652066635
5206,0.04640482114577849
5207,0.6404138571519082
5208,0.02567557269263667
5209,0.5421028917975308
5210,0.9815053899393857
5211,0.9222088267089071
5212,0.2687508472220133
5213,0.13086258684448607
5214,0.02262368623619637
5215,0.6797785299696558
5216,0.8807382626077662
5217,0.026430391172045247
5218,0.6054297147388106
5219,0.0015278598364336824
5220,0.9712725317043883
5221,0.026119634641349025
5222,0.048426885079836494
5223,0.2372916845580084
5224,0.6268767572039229
5225,0.004814157679453196
5226,0.9650289420093879
5227,0.8460083083340271
5228,0.86233229803484
5229,0.9961486445821712
5230,0.03813716413735159
5231,0.44660011258413107
5232,0.9466103618670878
5233,0.03505273397600115
5234,0.058050395887889725
5235,0.01103484151635042
5236,0.006625815843406548
5237,0.9509411099626105
5238,0.10695354404118178
5239,0.01702749006315726
5240,0.018780609272565738
5241,0.03355158908451707
5242,0.02314231586050561
5243,0.06196719927636411
5244,0.9927657629096702
5245,0.5216632728081727
5246,0.10492793183053589
5247,0.05994610816762029
5248,0.047284815151708216
5249,0.24068560786661308
5250,0.24683866227460421
5251,0.3380049070890072
5252,0.5192919484846172
5253,0.005123580495556298
5254,0.022010218321150285
5255,0.34487122602631953
5256,0.0019595042210333413
5257,0.3106924403790746
5258,0.8800706336439581
5259,0.7347405007475375
5260,0.08507495331860561
5261,0.015395158580890952
5262,0.7699329949344154
5263,0.009905874886441787
5264,0.25767145393496305
5265,0.05542203555761745
5266,0.9784907737541163
5267,0.0014934422029111276
5268,0.19823761498816497
5269,0.014896130639608183
5270,0.2751513727943138
5271,0.11412554438294407
5272,0.9676506427940965
5273,0.009331343797555219
5274,0.42171066052210743
5275,0.8998858579345937
5276,0.12635216749092842
5277,0.8466151934334423
5278,0.18241329374935827
5279,0.0157475272701353
5280,0.013684200325878812
5281,0.0017070173412057008
5282,0.9821364051326635
5283,0.04682161223181418
5284,0.01195777610922072
5285,0.0021672884810975566
5286,0.021800962771125566
5287,0.05053006092905732
5288,0.05407885056109984
5289,0.09152950803079193
5290,0.004682469363795027
5291,0.9876819623045492
5292,0.37769183411640334
5293,0.12473869464339793
5294,0.8179710764145062
5295,0.013426557436049393
5296,0.12533837835710226
5297,0.0038252764356674026
5298,0.3002072930012649
5299,0.0011894314359457347
5300,0.016742415184857008
5301,0.4595500495443364
5302,0.5093941204346409
5303,0.15215661766710636
5304,0.11721554210362868
5305,0.05192296826508616
5306,0.08833280001995579
5307,0.9378271814335024
5308,0.07901347445779414
5309,0.13297419459036458
5310,0.025113130639779747
5311,0.8716515646198746
5312,0.1877968374735152
5313,0.031782015456552314
5314,0.6792228342011182
5315,0.18981071466640398
5316,0.09157224547733905
5317,0.07051702971425813
5318,0.006279408867539016
5319,0.7307780121921861
5320,0.1307568647086077
5321,0.10527617715315507
5322,0.08667752443667401
5323,0.02825459177143483
5324,0.8880314460215757
5325,0.22806407368471307
5326,0.00198606324116112
5327,0.01938118811505857
5328,0.0597428362015503
5329,0.9620649084880931
5330,0.009907063780754882
5331,0.11888963201403412
5332,0.003854089076547513
5333,0.03656950565250056
5334,0.976634768664334
5335,0.5664662927100205
5336,0.010220680312595723
5337,0.03802108710436201
5338,0.3657777699218806
5339,0.0677135509552451
5340,0.011447644123971248
5341,0.003065278343102709
5342,0.9831443916180272
5343,0.061767987691904475
5344,0.022019453058861098
5345,0.006480476056348477
5346,0.23919902332391452
5347,0.9620174206203311
5348,0.03791136291359476
5349,0.0413111886995744
5350,0.8471340492304191
5351,0.996505569897457
5352,0.7578411656679755
5353,0.021523139739322756
5354,0.20538634620056131
5355,0.8230088225592567
5356,0.02231897542402811
5357,0.23687841272786705
5358,0.9984600105963498
5359,0.003585161932506081
5360,0.04504711442611731
5361,0.7256863337396837
5362,0.10188839693810843
5363,0.006360221495583617
5364,0.003601498573297154
5365,0.9778035736851322
5366,0.0011922491264375768
5367,0.0017791838730329586
5368,0.8882706180200715
5369,0.8089515965057787
5370,0.027536458040543648
5371,0.014682391370693576
5372,0.010327863996577305
5373,0.21305907634971016
5374,0.004604766759497356
5375,0.02036954485318625
5376,0.0595536747527958
5377,0.008171542339909759
5378,0.05719995622511688
5379,0.3225762647530367
5380,0.4454774661867535
5381,0.028820947037270297
5382,0.24585333816085986
5383,0.12923516655252038
5384,0.057223694025530195
5385,0.03596322333879742
5386,0.016623856478412382
5387,0.6817332262059967
5388,0.015144396339721387
5389,0.9785028320024379
5390,0.569163407448816
5391,0.007302611033042608
5392,0.003597294027343884
5393,0.9868116128072002
5394,0.06258250911190041
5395,0.8313334520979908
5396,0.10290949332156922
5397,0.28901172737882963
5398,0.14790626491867367
5399,0.295659764773224
5400,0.01881768284395903
5401,0.3702898124314
5402,0.006310718773020496
5403,0.06229073886262691
5404,0.028260919526742964
5405,0.02639942136573356
5406,0.9078535213743097
5407,0.8544365256590982
5408,0.014209396675773926
5409,0.010549629505288784
5410,0.18347759825708443
5411,0.2538153686940964
5412,0.941301074536311
5413,0.08041136530124257
5414,0.002507825715465753
5415,0.9968823007135866
5416,0.03124564940981926
5417,0.08556995185740164
5418,0.05415388932518472
5419,0.2753286779574674
5420,0.048751712543382064
5421,0.05451628865369279
5422,0.05466813955004471
5423,0.03622445888397519
5424,0.9720453886945983
5425,0.9747169132721153
5426,0.019893167615278946
5427,0.011243293110624768
5428,0.0035696035966850826
5429,0.0011795935875575838
5430,0.6295054685616417
5431,0.04381796166934966
5432,0.8148064296172163
5433,0.18476271254151028
5434,0.9759617213009858
5435,0.616667553893089
5436,0.9840731356906225
5437,0.021866405164679453
5438,0.20345051705985973
5439,0.39998517656080523
5440,0.9283477695631891
5441,0.010934611494072669
5442,0.043292356536208484
5443,0.4751883450593173
5444,0.011813050783362087
5445,0.8623916511419062
5446,0.10388961911377946
5447,0.14928754981260886
5448,0.03801556011589065
5449,0.0013332195699241886
5450,0.9770371562583249
5451,0.0018572586424910687
5452,0.9664692542380199
5453,0.13300083956948294
5454,0.04480782941920966
5455,0.9677443713162255
5456,0.008805352715143027
5457,0.04452010913972408
5458,0.004086715249386007
5459,0.944614563388269
5460,0.9669939244258896
5461,0.011237003788965166
5462,0.03196161148506255
5463,0.027224732649781806
5464,0.006209406500038484
5465,0.13546497581795197
5466,0.7828808485611423
5467,0.9945904308030038
5468,0.07691280508344098
5469,0.059124888057959284
5470,0.998448377933682
5471,0.37334095106751247
5472,0.0788771981947107
5473,0.0025955030541511773
5474,0.26625600897598234
5475,0.0032173161217654176
5476,0.03470962560653365
5477,0.9115750284879274
5478,0.21246506350648312
5479,0.954565665179284
5480,0.060826455486066
5481,0.10317637288317677
5482,0.01455844744966999
5483,0.3783418933872321
5484,0.8386326548043913
5485,0.2083360095125439
5486,0.0364754918419197
5487,0.3808671480856488
5488,0.30593528149400345
5489,0.16198162281056883
5490,0.0272830339256895
5491,0.7487218620522745
5492,0.08059173031962069
5493,0.022566605066548028
5494,0.8252816306281534
5495,0.8276081420427803
5496,0.009122347227084278
5497,0.1897652173878155
5498,0.03673325549732333
5499,0.007171047511787853
5500,0.002279950258872502
5501,0.1752835581064419
5502,0.014288681793483747
5503,0.06619965883213669
5504,0.9884317121150129
5505,0.9824052216232491
5506,0.022997852103543492
5507,0.2782246169474867
5508,0.06032976839227115
5509,0.9890178404629851
5510,0.003422938074986044
5511,0.9957636552588023
5512,0.0049221798767736715
5513,0.028808968400026856
5514,0.43959559752045885
5515,0.004120477517377338
5516,0.029433658133455023
5517,0.10757051858042635
5518,0.24844368668505432
5519,0.025780418357053136
5520,0.019314407723112777
5521,0.9975421624471722
5522,0.8293845780405558
5523,0.20610569074776597
5524,0.9791557908392841
5525,0.07402927362978573
5526,0.1075735875867221
5527,0.8626817855411731
5528,0.00716688463448043
5529,0.03859356588861658
5530,0.09362491128518793
5531,0.0467504849263176
5532,0.11449171539985745
5533,0.0997330856962927
5534,0.24765567779582404
5535,0.03830906612294155
5536,0.0927692907130533
5537,0.04017506315149651
5538,0.007002678729999167
5539,0.048672416908812216
5540,0.7874093650933826
5541,0.004190355471216224
5542,0.22182190474752034
5543,0.004775087608900741
5544,0.0074735331142400194
5545,0.8206785038418394
5546,0.37110102692365754
5547,0.07954444803256845
5548,0.050982373253503924
5549,0.9886728839010769
5550,0.023332896689224527
5551,0.16040628654057681
5552,0.04172647071172969
5553,0.03930329596585502
5554,0.5035154302265565
5555,0.07947637918272397
5556,0.09432550917115484
5557,0.6798109806220531
5558,0.9776840802570533
5559,0.12851332364665813
5560,0.9837150412201912
5561,0.6754474864663054
5562,0.0023238353970049053
5563,0.09249662790053852
5564,0.01449119751669776
5565,0.9941558525796181
5566,0.4216019125391195
5567,0.021548070947391616
5568,0.030862481675257923
5569,0.07404554151691553
5570,0.9862368832512101
5571,0.023902090023954516
5572,0.0015059832825354597
5573,0.04744099565378852
5574,0.8446504745320347
5575,0.34109754314180013
5576,0.03667947153697773
5577,0.0167959041166778
5578,0.20219641296275903
5579,0.009638247929093548
5580,0.9943789046642432
5581,0.3054926502203972
5582,0.009632058088764685
5583,0.015239573758967511
5584,0.5661499961654943
5585,0.013211246726797656
5586,0.3194144050130275
5587,0.7359038924118022
5588,0.1651878952773121
5589,0.17226654891516024
5590,0.031796031987325016
5591,0.021665235029937897
5592,0.5538872110393847
5593,0.004382767801283157
5594,0.03533462537636495
5595,0.10274861434285008
5596,0.618229833125245
5597,0.9750987016506371
5598,0.026342505710094964
5599,0.9315510815849518
5600,0.9739283117575477
5601,0.08972928444195565
5602,0.06151115258764858
5603,0.5502438254545265
5604,0.0051351133742034965
5605,0.7695313278628412
5606,0.15471531083953044
5607,0.0015041720484500858
5608,0.5043469815007413
5609,0.8463408923037135
5610,0.04994182327357806
5611,0.07769734225139596
5612,0.06129351861866839
5613,0.18240377765399562
5614,0.14643084772697587
5615,0.0015897349664851213
5616,0.06106487258886732
5617,0.8764697106980648
5618,0.9984611636029859
5619,0.09493249342311355
5620,0.04339199195342009
5621,0.2579623813258869
5622,0.018124962316210993
5623,0.0025345588690847696
5624,0.09890199943784753
5625,0.7205989838605562
5626,0.16662162416257303
5627,0.9985583449383684
5628,0.04697585984513723
5629,0.1471038666957732
5630,0.9776506378678951
5631,0.020267672696057937
5632,0.016415436004800277
5633,0.005360369733149064
5634,0.4973084293480339
5635,0.08288746599587908
5636,0.0017606422745713405
5637,0.08226780836514086
5638,0.8095809006497081
5639,0.0028472170852297685
5640,0.017250647069731968
5641,0.16988514155107853
5642,0.019129696733868284
5643,0.8172434048327653
5644,0.062042726161180804
5645,0.033501688302971525
5646,0.8133045741900075
5647,0.04278754660398425
5648,0.020863959383567086
5649,0.036793514663309865
5650,0.009430495197429134
5651,0.12115418160488423
5652,0.04484286813641339
5653,0.00932578269171199
5654,0.009919129332852699
5655,0.9713638708594607
5656,0.21539841317457029
5657,0.19667837775890534
5658,0.009268549999153154
5659,0.10415787656238647
5660,0.02487289007979196
5661,0.8306902677436014
5662,0.04595062081613151
5663,0.25631230168996244
5664,0.004925297137876176
5665,0.9277758792455968
5666,0.07696852423143022
5667,0.9541055904025952
5668,0.9985510153216023
5669,0.3034948307335081
5670,0.9197524593925166
5671,0.05305717556271179
5672,0.025761900799318883
5673,0.3802828938343894
5674,0.8464035127590734
5675,0.2023784194486142
5676,0.9981333630203066
5677,0.07086597741015532
5678,0.06474631680486159
5679,0.9860495548345238
5680,0.012668465951486619
5681,0.047864436280644865
5682,0.5135631484549021
5683,0.18285746686432414
5684,0.08600385133792457
5685,0.08274009572751115
5686,0.08538189315132627
5687,0.11967116027505048
5688,0.03291969292819211
5689,0.018052872608963655
5690,0.018264439584955227
5691,0.009143051864152752
5692,0.020973113936877175
5693,0.35519729821334833
5694,0.05136766865908743
5695,0.4592574697313851
5696,0.36340926964417397
5697,0.29022962061034857
5698,0.03791572998044738
5699,0.41170550415992957
5700,0.05773908065905014
5701,0.9855386005058714
5702,0.08408016023069693
5703,0.2964212959361336
5704,0.8790043097573816
5705,0.7119086363793836
5706,0.07921225296544107
5707,0.023167969230987313
5708,0.10609143031321328
5709,0.9161560028328046
5710,0.9673592208011079
5711,0.05809812301116138
5712,0.001555375078565484
5713,0.017325058791842672
5714,0.25331662717170333
5715,0.025175932648079165
5716,0.0013872134933084134
5717,0.9467042417666673
5718,0.9398808743341935
5719,0.0022260568364102108
5720,0.465886178165277
5721,0.0018678468923950496
5722,0.997158784001043
5723,0.582059094894859
5724,0.01832524570665458
5725,0.05191687444937698
5726,0.2899666211414111
5727,0.971728103311784
5728,0.8473804102341929
5729,0.0065017207757497
5730,0.3009163250235981
5731,0.9780970106226029
5732,0.023856657877776993
5733,0.2479994894755459
5734,0.9973799272077033
5735,0.019896356510038488
5736,0.0016823757655560628
5737,0.9316385369515585
5738,0.9015641674242184
5739,0.006554682026301136
5740,0.23578275172596475
5741,0.05791203236008895
5742,0.12181869042478044
5743,0.9188249015812557
5744,0.30465013438323013
5745,0.0035950099623792728
5746,0.03336501826909604
5747,0.08887387053107576
5748,0.07260158012359198
5749,0.3511096698620318
5750,0.9859503649961247
5751,0.0038103574036011407
5752,0.08793407256942867
5753,0.028753055682914384
5754,0.00504049902623439
5755,0.04229473608903768
5756,0.0031929997016573045
5757,0.17731308662380135
5758,0.9185009114153107
5759,0.22657885313014886
5760,0.0111173444711558
5761,0.0027274058813052727
5762,0.45528869147720946
5763,0.9554083085017089
5764,0.000866984692931118
5765,0.7612838803154253
5766,0.9932635316008813
5767,0.022121575685503752
5768,0.8845565366168037
5769,0.0023260083492962083
5770,0.08841924374204994
5771,0.9984850929377672
5772,0.17337386328581317
5773,0.6678900612201988
5774,0.9625540689357325
5775,0.12038315342008821
5776,0.8792247156375036
5777,0.0017677779829682653
5778,0.02701453939547548
5779,0.012405045625636081
5780,0.024349801829511575
5781,0.44117510616824207
5782,0.0885737885630442
5783,0.3781553340657807
5784,0.9554001955754864
5785,0.8015071399019844
5786,0.0011963985769675397
5787,0.06911843066634688
5788,0.9863550107625116
5789,0.034651615442762976
5790,0.9846790388437798
5791,0.9985444575573252
5792,0.0447239577420435
5793,0.20305663428380913
5794,0.10700694018565601
5795,0.09284485716606186
5796,0.1012698801049397
5797,0.944721310009834
5798,0.9946876203848757
5799,0.021420059428994963
5800,0.39740877898945104
5801,0.25698026163788323
5802,0.9573697325972884
5803,0.5259109853924617
5804,0.061830942788177294
5805,0.07904009162572447
5806,0.9250254166960965
5807,0.027670591335522028
5808,0.9986650732401712
5809,0.01042914356278936
5810,0.055708631216008116
5811,0.9650068292220023
5812,0.9870701252938362
5813,0.9817014022744504
5814,0.9690835040615069
5815,0.9615051342385155
5816,0.9188355785082011
5817,0.9329535812037297
5818,0.021451766104336332
5819,0.9958281862133047
5820,0.2741814601764842
5821,0.021373290441496526
5822,0.9987088235005476
5823,0.01036425468875914
5824,0.8812476276801362
5825,0.03775210601454548
5826,0.013882541821502477
5827,0.020365319264962208
5828,0.9650317952570359
5829,0.23961121191336865
5830,0.06465250776235221
5831,0.08797786708070063
5832,0.449370343132064
5833,0.18628923338024328
5834,0.08589954507572446
5835,0.5483090806829267
5836,0.10843142806532782
5837,0.7821192800423247
5838,0.015113382166718549
5839,0.002068261169442945
5840,0.0047234813522115775
5841,0.9235018657615532
5842,0.06985686869478941
5843,0.13972170292514824
5844,0.14952085805301438
5845,0.6160179609674303
5846,0.9439812969011242
5847,0.13402503148523065
5848,0.11435843546854521
5849,0.0480076557373174
5850,0.9885329375528156
5851,0.9562598011653466
5852,0.8669109827660775
5853,0.081313963647952
5854,0.8627538263264656
5855,0.00613323023823805
5856,0.14030877514458126
5857,0.05263552098498021
5858,0.6021848099519296
5859,0.029220604179189404
5860,0.9648549237176411
5861,0.013380490399960823
5862,0.6451035606488271
5863,0.16020727887274455
5864,0.18188199661799997
5865,0.1383414986793024
5866,0.07841527426249945
5867,0.07876902827398406
5868,0.05103038928536704
5869,0.07670540219729699
5870,0.0016294325291149453
5871,0.10252027966930852
5872,0.004901848861324248
5873,0.11420495742694439
5874,0.9914999132518922
5875,0.9988904125230902
5876,0.05842509696201884
5877,0.9681521587506846
5878,0.11134936848082558
5879,0.036201522900262656
5880,0.25033511633254213
5881,0.18579325486992165
5882,0.030064170622013452
5883,0.24199688833677857
5884,0.7939523723334614
5885,0.007779426724584922
5886,0.5868299524301572
5887,0.9409653303677009
5888,0.5682079605113981
5889,0.956477083761395
5890,0.007010916289959759
5891,0.03138604728230167
5892,0.5435843755716023
5893,0.042148045870437766
5894,0.04048849481454464
5895,0.10896136161475553
5896,0.011367070460708336
5897,0.05388228084678529
5898,0.7177697378577689
5899,0.12288706971951913
5900,0.09289804070103021
5901,0.7433448442706214
5902,0.6673535679503406
5903,0.9558916294342206
5904,0.9824949196590167
5905,0.34831052063765466
5906,0.027124045413515038
5907,0.9876681041913333
5908,0.027833876514977422
5909,0.06540655098952014
5910,0.1288098231482145
5911,0.08802209432973786
5912,0.9676423899319256
5913,0.003907068358014544
5914,0.08195788866987423
5915,0.1873257141420664
5916,0.0022097831232916415
5917,0.010082464245418614
5918,0.9476394498234746
5919,0.06920651276090978
5920,0.9866052908799198
5921,0.04638400273636255
5922,0.07700226538940175
5923,0.08613057430887311
5924,0.3432625577762092
5925,0.058999645763615945
5926,0.9758449842282362
5927,0.2207686827789982
5928,0.06574411309201265
5929,0.004825206582590471
5930,0.10152252687967991
5931,0.928440112027261
5932,0.03552375951709633
5933,0.9493162671116031
5934,0.518360764623125
5935,0.2611678843552759
5936,0.0046270218132963125
5937,0.0711706137378334
5938,0.40383563771648195
5939,0.004734968909862618
5940,0.9698675200414828
5941,0.04749191300766406
5942,0.08349392144937633
5943,0.05994226645137716
5944,0.45530264096317924
5945,0.9853726077986967
5946,0.05318691751092165
5947,0.06407949612322351
5948,0.08568357128956727
5949,0.7097979195305794
5950,0.0051800757864371005
5951,0.469355906411562
5952,0.08186546805128876
5953,0.43775353407963524
5954,0.46857185173292826
5955,0.03183530303817996
5956,0.9264834554110793
5957,0.8217937401576144
5958,0.8165709847069298
5959,0.2305276592888291
5960,0.052665070331096256
5961,0.002527311987562341
5962,0.25212023248181015
5963,0.004653488193634084
5964,0.9153605186196028
5965,0.14555383757771062
5966,0.027890024171308557
5967,0.003705487114858688
5968,0.07584735846355772
5969,0.7206688154781132
5970,0.9488496712298612
5971,0.050186001466247174
5972,0.9412806646439791
5973,0.09914020423367959
5974,0.8549833056936085
5975,0.6747001515734833
5976,0.005018255883417762
5977,0.37476557756464357
5978,0.177602718517883
5979,0.9322297299516261
5980,0.2608580321457274
5981,0.301743290543468
5982,0.03583538803737214
5983,0.015518646158283082
5984,0.9319120602560012
5985,0.03986670232285309
5986,0.1328222253359835
5987,0.022101443291264913
5988,0.7681789398178621
5989,0.8532543782363509
5990,0.018249244131651604
5991,0.9870605398879665
5992,0.08210319384204937
5993,0.5877076686643756
5994,0.023784668431201875
5995,0.04641066068481321
5996,0.0712378193934694
5997,0.943583778426189
5998,0.7793146343082131
5999,0.8492470272059609
6000,0.01930644317584807
6001,0.7283431628567334
6002,0.6570935044545083
6003,0.47725580937434253
6004,0.06698797767831664
6005,0.003924009239776237
6006,0.7250010028998354
6007,0.9778720590215884
6008,0.4021565235914233
6009,0.9654625871783874
6010,0.023568892441187327
6011,0.9530411352409819
6012,0.1693461990489555
6013,0.16936800767622942
6014,0.01707087309733642
6015,0.06379659660245163
6016,0.05048513347030798
6017,0.026709351843850107
6018,0.9983227341413107
6019,0.019056013460876153
6020,0.9789209323917532
6021,0.30805267846495243
6022,0.976815719829105
6023,0.867140725398614
6024,0.02229741927552815
6025,0.09773510579096333
6026,0.05080957925322413
6027,0.30909290164255193
6028,0.06594182327291645
6029,0.7012347821178835
6030,0.03467016294103666
6031,0.01694167629985719
6032,0.06263835321653095
6033,0.017139902163949335
6034,0.47890855391502263
6035,0.17343342236476744
6036,0.9702810202014047
6037,0.6476524933800867
6038,0.8862018963624315
6039,0.00362296011919137
6040,0.05240266726887817
6041,0.9646676521473467
6042,0.9567681689550835
6043,0.8560147984031629
6044,0.9545710700175399
6045,0.9161241373655014
6046,0.010210271343879024
6047,0.09876226174510941
6048,0.2132642799345481
6049,0.5170729199633193
6050,0.013204443909742944
6051,0.1745146394658964
6052,0.08234203070528909
6053,0.0013347533766969067
6054,0.019500834319702468
6055,0.06127374372171607
6056,0.16893347021143099
6057,0.016982283267532098
6058,0.23996309393089338
6059,0.8111521816816151
6060,0.015897047770561216
6061,0.387516401421327
6062,0.04534487032974506
6063,0.9572787430756122
6064,0.007180245140515912
6065,0.028909971873433325
6066,0.19393528095656912
6067,0.011913177417716785
6068,0.5606392736373147
6069,0.0013880261787040666
6070,0.028302320310067085
6071,0.016902945733429636
6072,0.9983977964367836
6073,0.008110340214603513
6074,0.21450156471038298
6075,0.07941384372294129
6076,0.10246590152731419
6077,0.0731106942122828
6078,0.3334023522470641
6079,0.027958878254656497
6080,0.7723048270028701
6081,0.006384511141192123
6082,0.7771935649544952
6083,0.010240905929185511
6084,0.9858046136624876
6085,0.17079651448197336
6086,0.03155285300439872
6087,0.04404839190656721
6088,0.20119203275403916
6089,0.07827859975151552
6090,0.031097867625994497
6091,0.03236663674319429
6092,0.9708350852893026
6093,0.333415100171031
6094,0.03026386403410564
6095,0.5546915041577615
6096,0.9624180094006926
6097,0.06546364838306207
6098,0.0015153772285612594
6099,0.9160464025289892
6100,0.981195149072713
6101,0.8459966470595589
6102,0.08985645385603229
6103,0.23328581162512071
6104,0.08340279235603462
6105,0.00800490619380808
6106,0.019264357460999745
6107,0.7527425889621462
6108,0.9761846551508224
6109,0.0022888798298723104
6110,0.2646184073565406
6111,0.9709651152220089
6112,0.007698824230978658
6113,0.00557581353141981
6114,0.03454398967845034
6115,0.9676077699221111
6116,0.6971745150699009
6117,0.0012213079186788505
6118,0.04554501298927894
6119,0.6728369985584437
6120,0.37087519444003514
6121,0.0068751462239558395
6122,0.041525742388806665
6123,0.9069790895906038
6124,0.08185427189791385
6125,0.5653319991746857
6126,0.0023054373901161464
6127,0.9149901008273764
6128,0.003003877755567202
6129,0.8884699017610382
6130,0.028062423766213224
6131,0.0480204547263812
6132,0.952041558995685
6133,0.10666354779485485
6134,0.5648555787523342
6135,0.04690534299756865
6136,0.8628615414759203
6137,0.10819979847778585
6138,0.010733081035530754
6139,0.15584345818203205
6140,0.041501502464275
6141,0.9985054994567448
6142,0.9304361021527352
6143,0.8882170079002908
6144,0.0282968575653702
6145,0.972475799484644
6146,0.5858662492083355
6147,0.026939312985080045
6148,0.8103135288624485
6149,0.2506324675564078
6150,0.007965612791407145
6151,0.021823488542438527
6152,0.034737827788009754
6153,0.018506872656261077
6154,0.8510608660932582
6155,0.014751022134175706
6156,0.33218648747264595
6157,0.05701714615481424
6158,0.1807590013605489
6159,0.020550530826985484
6160,0.7672271269628343
6161,0.4374493403367514
6162,0.9621393103180425
6163,0.8384865601928848
6164,0.021511382569642867
6165,0.2848410567751097
6166,0.9728705481867841
6167,0.9939782503683549
6168,0.7379987216510075
6169,0.452647337363669
6170,0.7787799908420515
6171,0.1598830819471064
6172,0.8221717046863681
6173,0.08482135251176719
6174,0.4593878121608084
6175,0.7937642201614228
6176,0.008630764347085141
6177,0.06632917617773329
6178,0.9364729696138345
6179,0.0758986605912162
6180,0.6854647139706926
6181,0.9723906844400366
6182,0.14401467509211702
6183,0.01742336008263872
6184,0.12927162509866424
6185,0.6439637010920449
6186,0.3923162650996027
6187,0.0028312704357221228
6188,0.044455980828788974
6189,0.14730166479345896
6190,0.11696342982228741
6191,0.9983373176302996
6192,0.26437416724913726
6193,0.03058421976667513
6194,0.9839178301409088
6195,0.012318514143455103
6196,0.9827340464491026
6197,0.9841454294508954
6198,0.8757837887864457
6199,0.03332380925276953
6200,0.9720622364793248
6201,0.009531942610583183
6202,0.011201780949091442
6203,0.022377272877479648
6204,0.10915531146522028
6205,0.018798630612075852
6206,0.02466992889286235
6207,0.032415381328608765
6208,0.9830922842725472
6209,0.22983757275229105
6210,0.47841597273704567
6211,0.9454987968852266
6212,0.011528973318627383
6213,0.008415786330876834
6214,0.6621723055725905
6215,0.0654361543676015
6216,0.022509206876231667
6217,0.03484668288559511
6218,0.19548593886618862
6219,0.1352394840027769
6220,0.05406450382037557
6221,0.7497678665783531
6222,0.009183725751423902
6223,0.009612327608600656
6224,0.009197742093643766
6225,0.0019369933015636331
6226,0.004329176112391135
6227,0.014927930054544536
6228,0.027178065942296537
6229,0.9652995601767883
6230,0.0010899649041922659
6231,0.07294487323605345
6232,0.08121504150771726
6233,0.03686003016645076
6234,0.998356822151287
6235,0.5159946132721152
6236,0.1394063903543443
6237,0.29431060659583097
6238,0.08461746242276014
6239,0.779536511536493
6240,0.01102912682147937
6241,0.5745631594572068
6242,0.009874203129677208
6243,0.008949183341798148
6244,0.001017993026103287
6245,0.0013606190757997538
6246,0.9719806400465146
6247,0.051274807901528
6248,0.005625818045397978
6249,0.22671445975447402
6250,0.35332919446480215
6251,0.07884768606909043
6252,0.8895023128809671
6253,0.7594421446958397
6254,0.9221881555430484
6255,0.9521241399757048
6256,0.9937654286603815
6257,0.4476978916182373
6258,0.9955489922601026
6259,0.008420615864693327
6260,0.002571649737573701
6261,0.05361433180691315
6262,0.08993371385371833
6263,0.22562339129067588
6264,0.5507473390828499
6265,0.07000969916550417
6266,0.9673855274594948
6267,0.05834981183957203
6268,0.06081480144619439
6269,0.0053255540649912066
6270,0.06279193209576146
6271,0.03200365597173968
6272,0.13710583007875926
6273,0.02767446022880301
6274,0.15435153324725556
6275,0.004802883375141234
6276,0.9874772318583231
6277,0.04841644009126656
6278,0.08416079467750008
6279,0.9908182760098454
6280,0.14630760767794448
6281,0.0018744111074980268
6282,0.14646106155645447
6283,0.26192982356278105
6284,0.6403456041405368
6285,0.3767974797499276
6286,0.02049961062872065
6287,0.04109314297781319
6288,0.98745630938334
6289,0.7215914768968575
6290,0.04312173506948862
6291,0.06304285236817184
6292,0.028312564468319184
6293,0.11750971011257677
6294,0.7901826759107038
6295,0.05734290160378137
6296,0.7465643016338732
6297,0.017747881951602894
6298,0.14359518054743559
6299,0.9816768535087284
6300,0.864760263794514
6301,0.011261661907454092
6302,0.020805567242495313
6303,0.01654239434090579
6304,0.5452089646694102
6305,0.9132085434663796
6306,0.838313097707944
6307,0.4293324696373537
6308,0.5473446345070022
6309,0.024997239551603958
6310,0.7418819946203548
6311,0.6813933855882719
6312,0.9658681784103458
6313,0.9982547278442185
6314,0.0325104923102746
6315,0.4917383392776474
6316,0.3848608044941771
6317,0.03604902383591707
6318,0.26967007408498156
6319,0.12767065634946748
6320,0.13946396342947287
6321,0.0016116635436389665
6322,0.9988543747249836
6323,0.0013899332204359634
6324,0.23997723532581638
6325,0.0016380583228098732
6326,0.005351674317425775
6327,0.3005118991987633
6328,0.006899287373905475
6329,0.06438691213154663
6330,0.7068975991286177
6331,0.008426650597724343
6332,0.9982190378689316
6333,0.9515933014576976
6334,0.007836185039590583
6335,0.9915451171314222
6336,0.3182543968472811
6337,0.5832841430765134
6338,0.119350769013518
6339,0.23130457794099263
6340,0.005574352755262118
6341,0.024803772224825306
6342,0.8048588778629924
6343,0.01804535967563697
6344,0.11293369733021534
6345,0.01282767080050593
6346,0.07965182661597742
6347,0.03749657949878968
6348,0.07507857001473249
6349,0.9419256355664896
6350,0.846133673542536
6351,0.3261265343064232
6352,0.5960487424449317
6353,0.055030210011577096
6354,0.0138022826716465
6355,0.10186939230493325
6356,0.1557722550900281
6357,0.17062959984156656
6358,0.0026600524435672025
6359,0.28314802834457664
6360,0.17809353970166528
6361,0.19458928935984063
6362,0.021446902626297476
6363,0.9771587082003146
6364,0.0063335590036057345
6365,0.03348747804407766
6366,0.0016087930588087208
6367,0.06301829940588347
6368,0.17382797036882597
6369,0.9567622932202804
6370,0.3345195513540278
6371,0.034473247046600285
6372,0.005650581105308988
6373,0.35892693413440835
6374,0.06030234328554557
6375,0.44814620444358433
6376,0.4822917541472149
6377,0.12653808874403588
6378,0.009290012926366146
6379,0.018108158659116226
6380,0.004004028281187604
6381,0.32292473813332534
6382,0.0317519242734466
6383,0.02735065812999903
6384,0.043618038277862266
6385,0.9978435467378228
6386,0.06975271550365195
6387,0.014117792629693126
6388,0.8233894265359012
6389,0.5827309027701361
6390,0.7471475447612754
6391,0.9179284270339516
6392,0.03720005287283572
6393,0.009311039919128784
6394,0.010669622787026394
6395,0.7776572497851431
6396,0.24923828355338953
6397,0.9807880233760325
6398,0.9474740159449824
6399,0.9554339968681828
6400,0.814453980580147
6401,0.9900927166156798
6402,0.9353012668405709
6403,0.0011061315965694525
6404,0.0024584949794126476
6405,0.5039013514741442
6406,0.9687989595454195
6407,0.9483156656793139
6408,0.43304029632024443
6409,0.6901686744497755
6410,0.012712722654106084
6411,0.3005186799534789
6412,0.30512759006200013
6413,0.939729702468646
6414,0.0022848700972023087
6415,0.9745061046423557
6416,0.1560225408840299
6417,0.4922111670310999
6418,0.050015506688480954
6419,0.0675618817682305
6420,0.3695400662563911
6421,0.075813522937029
6422,0.03694776708862503
6423,0.10428223802594194
6424,0.9389951899761211
6425,0.6473688162420309
6426,0.21276606871728404
6427,0.18031527004505887
6428,0.12712039815869725
6429,0.9797002272329792
6430,0.9882116416337865
6431,0.054322993051332626
6432,0.09588338289946596
6433,0.0012442611863726035
6434,0.06957925584592012
6435,0.059493636980360275
6436,0.08503787038429539
6437,0.9894673636299947
6438,0.07142737914771549
6439,0.043649967603336864
6440,0.023490871425881285
6441,0.02841411413435333
6442,0.014315293272315252
6443,0.009255146324001607
6444,0.944856344966086
6445,0.9382897567686465
6446,0.2017953575756392
6447,0.02196698445827239
6448,0.013123369136834932
6449,0.6406388696599005
6450,0.02495651305757555
6451,0.6256365549371866
6452,0.06482333394936729
6453,0.010657626525527375
6454,0.2330320474205056
6455,0.08656794322406208
6456,0.9103345561760202
6457,0.06780061179711905
6458,0.6264554033966753
6459,0.010108622484301995
6460,0.02108532751181066
6461,0.07004159782117891
6462,0.018224703316168746
6463,0.0021052839954457904
6464,0.9696739512431026
6465,0.48889773469397807
6466,0.09584427899856916
6467,0.3696168099758751
6468,0.025613176108861605
6469,0.9735878200347795
6470,0.9249467027508191
6471,0.417646251728772
6472,0.030609349406112034
6473,0.055387816312535997
6474,0.3455210312749487
6475,0.0903674471090483
6476,0.18220215536825335
6477,0.0031361087446834268
6478,0.1125883045103562
6479,0.6887644063188882
6480,0.00942044291029072
6481,0.015832619537379067
6482,0.6726277161133396
6483,0.056606195163814675
6484,0.05149360044431098
6485,0.198914445527571
6486,0.3364288494097828
6487,0.018354101412806568
6488,0.04835109721897034
6489,0.013218775941272066
6490,0.4481931139305931
6491,0.1593009468227797
6492,0.9863808323402957
6493,0.018113203620557447
6494,0.08724325549249004
6495,0.16194483293599343
6496,0.045089853867174526
6497,0.9704329705318565
6498,0.7093487353401249
6499,0.2618394224091275
6500,0.9985950171206177
6501,0.9971952279650576
6502,0.005485323264312402
6503,0.9754699825095899
6504,0.004458823508132398
6505,0.9158004837639449
6506,0.9990165278280267
6507,0.12481408215717185
6508,0.08446410560004888
6509,0.060214843642795765
6510,0.1726370521546098
6511,0.9940018932222293
6512,0.03327124737235909
6513,0.9825174914142571
6514,0.006467920996336568
6515,0.05265654174507643
6516,0.002186829247764555
6517,0.04115071928779982
6518,0.06186523843343175
6519,0.10097140880528124
6520,0.9213046932098012
6521,0.12742201700076258
6522,0.0010854854053843907
6523,0.4283681809958715
6524,0.07237154184005667
6525,0.19651903464289278
6526,0.11647510128446312
6527,0.00608092822488079
6528,0.007795280500021857
6529,0.01878356878605112
6530,0.0036868350875108847
6531,0.9627934554126844
6532,0.2811382108701672
6533,0.43017610620384794
6534,0.8291802559174392
6535,0.08357041362732082
6536,0.8207841387191968
6537,0.02352623932398468
6538,0.005667172765680158
6539,0.11429000666648546
6540,0.02418675713473956
6541,0.9589203229724864
6542,0.012491949826113
6543,0.047152309877804305
6544,0.015994455537424908
6545,0.06342191500474273
6546,0.07450239441701578
6547,0.9108897102550046
6548,0.13553481971111747
6549,0.9830451494452557
6550,0.043209581866103394
6551,0.12488881576044769
6552,0.6500964341099239
6553,0.07889177990366131
6554,0.05522609014213354
6555,0.5736334290060259
6556,0.9951613213048482
6557,0.4292716724806193
6558,0.9783326131002616
6559,0.6849800919436433
6560,0.8260469770593475
6561,0.1985028672754235
6562,0.4959208169625756
6563,0.9814086857058848
6564,0.01638729427926059
6565,0.4285156811635165
6566,0.9779999609792485
6567,0.1344612844965103
6568,0.19675353935916914
6569,0.5566576107561394
6570,0.05919096421376079
6571,0.0344364975991374
6572,0.05496645637319168
6573,0.9849479458814652
6574,0.07594432597383413
6575,0.5227245932453728
6576,0.11000043969036662
6577,0.06104334044882011
6578,0.12202656602589564
6579,0.2433751273222993
6580,0.003118711305291867
6581,0.0031536610877776613
6582,0.11006025159254221
6583,0.15797828501908986
6584,0.7155861157183688
6585,0.12171634163006853
6586,0.49802058956526307
6587,0.9337096066081303
6588,0.004486394996660796
6589,0.09543733440166381
6590,0.019837069056534644
6591,0.024505454317798447
6592,0.08845144553529155
6593,0.07546374205968538
6594,0.20731809375451538
6595,0.5476617408548945
6596,0.044802847923935366
6597,0.011567928321735647
6598,0.408198204215381
6599,0.9518983452181201
6600,0.2087006981977899
6601,0.8466185426457792
6602,0.030854512609129095
6603,0.4725629072412452
6604,0.009443329062607513
6605,0.0423032043808915
6606,0.7321876786242287
6607,0.0073716139602848585
6608,0.8731632833303289
6609,0.005666509165132664
6610,0.04048881970407591
6611,0.038358337500420225
6612,0.9656695872616937
6613,0.01787653798254689
6614,0.26479697416630077
6615,0.1002877134726542
6616,0.016127105278314038
6617,0.009475984017145863
6618,0.9640876128848987
6619,0.0826728680309832
6620,0.2937817950265053
6621,0.9985036773172473
6622,0.9585661009841345
6623,0.00242663879638539
6624,0.04872708354351614
6625,0.10221734421707451
6626,0.10782743153797587
6627,0.0203781945402539
6628,0.007435544526305345
6629,0.025683500030604003
6630,0.1620156358863678
6631,0.028542397899701675
6632,0.031785917693257615
6633,0.15660099270927758
6634,0.01289449764493047
6635,0.24194953766916444
6636,0.01562123504641023
6637,0.04191035100090684
6638,0.045030341929264014
6639,0.9719250298422327
6640,0.012836544818907072
6641,0.06348165013561904
6642,0.9759609827666651
6643,0.10607090333585649
6644,0.17347447706311842
6645,0.25994866318634974
6646,0.9281087492127813
6647,0.1950032376316896
6648,0.9172297308829975
6649,0.9110084370426672
6650,0.14406788352065827
6651,0.949488362234019
6652,0.46294149745339247
6653,0.24118790579025978
6654,0.08095808691567219
6655,0.12359306633733827
6656,0.0017902152390518985
6657,0.7463359680649918
6658,0.07073900637439634
6659,0.9752577128824272
6660,0.044355152046020065
6661,0.16028045274847494
6662,0.9852450345693986
6663,0.025637122746549453
6664,0.042677611814108285
6665,0.9367610864674323
6666,0.07462808048294513
6667,0.3077095263448131
6668,0.04229243485405436
6669,0.19948159362383522
6670,0.10619949764444897
6671,0.9607489973615307
6672,0.03093615167873977
6673,0.003813081269985399
6674,0.05945741175652726
6675,0.5154738671629291
6676,0.35540234349656213
6677,0.031755345880817104
6678,0.23205910081883596
6679,0.09688278184042044
6680,0.20439234017186467
6681,0.3916608862309475
6682,0.018258498877415544
6683,0.12736975621695804
6684,0.13198950677274673
6685,0.9598092115516935
6686,0.7290287696366059
6687,0.001584417402578621
6688,0.002123776026412122
6689,0.9354551013571331
6690,0.9836780124227001
6691,0.9978789094806882
6692,0.005201794089259266
6693,0.3240150954278656
6694,0.044035597105857006
6695,0.9327422763139619
6696,0.08095785939361833
6697,0.04123547197536266
6698,0.9826125020071087
6699,0.7744059560821283
6700,0.39258650443237786
6701,0.014782270573040187
6702,0.9335934539321937
6703,0.9249699218340599
6704,0.1135180906095471
6705,0.9842893690175286
6706,0.017442579649070845
6707,0.05348295316080051
6708,0.032694216239832444
6709,0.2036857961779922
6710,0.07666094349096085
6711,0.068755086529907
6712,0.001889522822177862
6713,0.4465796225151299
6714,0.9739315987618419
6715,0.026229807057648602
6716,0.05098675445799475
6717,0.8250510263365869
6718,0.9721990063743429
6719,0.10394587632793038
6720,0.0013033185543271813
6721,0.0009741188135728728
6722,0.639752308803598
6723,0.04451533307753214
6724,0.004048991785355911
6725,0.9987520574563578
6726,0.9003905888824411
6727,0.9513343144230685
6728,0.03144378944676904
6729,0.9739792235273214
6730,0.2934257426121165
6731,0.19340213240880366
6732,0.12274666249903485
6733,0.9854697095725786
6734,0.017721882620404507
6735,0.9965885903528248
6736,0.2908806494870661
6737,0.9977917016557037
6738,0.9860980649910005
6739,0.0015027320198421836
6740,0.006016838504482973
6741,0.0033091322659721317
6742,0.15406669970310782
6743,0.06225651221688342
6744,0.028843344264028598
6745,0.0021122000027887396
6746,0.7510163369482067
6747,0.6104560963922385
6748,0.9194412889550774
6749,0.11539529826135562
6750,0.9828057253742941
6751,0.2262667810650557
6752,0.010291435977710348
6753,0.27720699813851624
6754,0.00951949094417615
6755,0.19955905377991476
6756,0.9688772036926121
6757,0.10104426464829894
6758,0.6716702611466234
6759,0.022084052931102414
6760,0.0684984416711869
6761,0.021770958838827188
6762,0.9510569763635097
6763,0.0015095474991949364
6764,0.03882491433264558
6765,0.16043604632101516
6766,0.9059783892221429
6767,0.986498967342538
6768,0.9305791094939642
6769,0.025646716164210534
6770,0.01590024932250106
6771,0.026534508377964727
6772,0.9698857214443386
6773,0.024533536139696634
6774,0.008174119320108138
6775,0.03823691355812822
6776,0.13538285587288112
6777,0.059328634398274245
6778,0.04123693778973331
6779,0.1425342865473912
6780,0.8094052489895561
6781,0.007134304000111839
6782,0.09179005641022922
6783,0.13330537990407074
6784,0.0022211771508531116
6785,0.8108404124939215
6786,0.697580977170436
6787,0.8474346106570732
6788,0.8668922039098587
6789,0.11422546217955605
6790,0.00967754269865709
6791,0.6219379736862232
6792,0.9674929339000542
6793,0.10304141349918092
6794,0.16964052558719467
6795,0.9643500380398613
6796,0.5371128332949926
6797,0.10532720748826832
6798,0.37656505527026946
6799,0.027673799895866324
6800,0.7453899734631939
6801,0.6924716069766332
6802,0.28670339539528017
6803,0.08423370156851147
6804,0.549363057330378
6805,0.0024181404187076897
6806,0.6990555471528488
6807,0.0026592988184200297
6808,0.047719447044574176
6809,0.11984213140687741
6810,0.8123847771309725
6811,0.03574168715490236
6812,0.014156373554421677
6813,0.8718428418959313
6814,0.020953606692724773
6815,0.18644067384639035
6816,0.026350292315464582
6817,0.009578693464484818
6818,0.9893602128738019
6819,0.009412737814883537
6820,0.06819985905197185
6821,0.9516594388701561
6822,0.007340904458258158
6823,0.18242877430010213
6824,0.01530758954929006
6825,0.028683616618744828
6826,0.0728827079701625
6827,0.0028673864143068735
6828,0.9639226134360369
6829,0.0011984873774855843
6830,0.9901598995918386
6831,0.06387039020122347
6832,0.011484322787278654
6833,0.07522847118344572
6834,0.013980311718846956
6835,0.7055848706030949
6836,0.6353208067470215
6837,0.9986383473886746
6838,0.24244930723362512
6839,0.1297184715242602
6840,0.8444134103603701
6841,0.03898748730781511
6842,0.8821036046805761
6843,0.0012363461654641772
6844,0.0865704074243517
6845,0.9901424670190743
6846,0.20378274870744412
6847,0.0039981670298234375
6848,0.7549467137032949
6849,0.024041438946117502
6850,0.019540445502202984
6851,0.6260438414822473
6852,0.10672916940934021
6853,0.7397495355204228
6854,0.06054359896097168
6855,0.0391341989778631
6856,0.09290922829300785
6857,0.8695461810572104
6858,0.9820973531668858
6859,0.9656931745717754
6860,0.9032662262344247
6861,0.020138695825080814
6862,0.0959552444141008
6863,0.03599219159599404
6864,0.107284570867993
6865,0.0015525583084723123
6866,0.21735524741084647
6867,0.38447091057842764
6868,0.7787997456311477
6869,0.21448077548426592
6870,0.8353673274384543
6871,0.9419978395306305
6872,0.007349084156923651
6873,0.10742191857809752
6874,0.05771349066860952
6875,0.20281317681459063
6876,0.9722397445743598
6877,0.7776288738287314
6878,0.012127360314856566
6879,0.02583812191769566
6880,0.039160495163692424
6881,0.3341625459759624
6882,0.9134051056302964
6883,0.5303373824161459
6884,0.1503042578941175
6885,0.04981003095327872
6886,0.991156546103943
6887,0.7974381316817762
6888,0.6936999388660164
6889,0.10734740149947557
6890,0.9780413318810128
6891,0.046780035258032635
6892,0.003859758692048139
6893,0.04254834255417449
6894,0.1249450357251188
6895,0.07843845432736857
6896,0.9990616366731463
6897,0.06054308802041001
6898,0.9685880780315195
6899,0.01569578618905649
6900,0.46978375918701265
6901,0.005790605627317381
6902,0.04961504955090696
6903,0.03388254066124732
6904,0.027917924801559614
6905,0.9949523922240233
6906,0.8560403449623676
6907,0.050533835948649665
6908,0.045021287596482856
6909,0.002261182980415666
6910,0.7929088466993105
6911,0.020097159055592645
6912,0.9860977187421024
6913,0.9828377449664274
6914,0.0025184498164754114
6915,0.020904602598090537
6916,0.9803875128530526
6917,0.28772004688563657
6918,0.7068468255732463
6919,0.010007987994835092
6920,0.03479542902408302
6921,0.6739351034203493
6922,0.00195676041678917
6923,0.025453999897977826
6924,0.03089063063823055
6925,0.005438534005676749
6926,0.5540840376593152
6927,0.007540083320736427
6928,0.001334853664907926
6929,0.010860925458557727
6930,0.31312368079691927
6931,0.091136929734406
6932,0.04561527440358851
6933,0.8226528725358178
6934,0.041643750330819046
6935,0.2277540852082205
6936,0.0022374164445620633
6937,0.003709669071497418
6938,0.16559584068659422
6939,0.04766831261959266
6940,0.9434815077195958
6941,0.003373446173824848
6942,0.9199431046847859
6943,0.04132712562786154
6944,0.9126918783953671
6945,0.6968959190800925
6946,0.001548395725198606
6947,0.8334734091420664
6948,0.012685942985175398
6949,0.09000235622142813
6950,0.9042457189926038
6951,0.7334944133541477
6952,0.068478250768015
6953,0.002486247047322347
6954,0.016311001765609866
6955,0.9276230550140726
6956,0.06553308190630228
6957,0.9986584845180919
6958,0.9638732302207854
6959,0.09941067607508076
6960,0.07433032539452422
6961,0.15287736889741516
6962,0.5998140284150865
6963,0.034896020221582724
6964,0.5245615436751137
6965,0.005558623164292233
6966,0.02666452878891079
6967,0.010556176327392905
6968,0.9832390732365264
6969,0.9972706759536484
6970,0.0013412482953890962
6971,0.002256716999749506
6972,0.06441996455732993
6973,0.021092264578040885
6974,0.3206026111219614
6975,0.10966271913523823
6976,0.022685869800977324
6977,0.07691504159723489
6978,0.008361867699822768
6979,0.01544183860605553
6980,0.570399936321822
6981,0.07157749881706912
6982,0.9988189515179102
6983,0.23911648332378765
6984,0.031525479383534366
6985,0.25833418411649006
6986,0.8641598533972712
6987,0.0983084581312964
6988,0.05261609924500259
6989,0.0049844483657404265
6990,0.0047079720255356035
6991,0.0037752857131737403
6992,0.06853086124023394
6993,0.8937102179642691
6994,0.8850690783818569
6995,0.04423232836805817
6996,0.4347450273681102
6997,0.8992386477704255
6998,0.0062991538301866365
6999,0.050426442992079504
7000,0.5437797912373015
7001,0.15803019020035636
7002,0.10541896709355968
7003,0.1269896150444071
7004,0.0016949183232223605
7005,0.07024069658003876
7006,0.0037449816404836822
7007,0.9718404137012794
7008,0.05548109419957009
7009,0.02910670824128634
7010,0.15360665786244818
7011,0.9038474906225941
7012,0.0038684281151220743
7013,0.44943030682050056
7014,0.711640868016656
7015,0.001811815682148275
7016,0.9395073952018711
7017,0.07828565641907612
7018,0.2859118910926144
7019,0.024558832840059667
7020,0.019858421304564076
7021,0.008449868290109984
7022,0.4325512132654309
7023,0.3092022539707683
7024,0.8359650066220159
7025,0.03313512547950449
7026,0.01385884165748182
7027,0.0461837837435775
7028,0.06413349250842115
7029,0.0771266392265173
7030,0.1509797499350202
7031,0.9879809223588525
7032,0.007802078761630952
7033,0.9062978831266368
7034,0.14234258061630278
7035,0.3374527480242264
7036,0.8468386944164984
7037,0.9610768765609494
7038,0.025954811441574903
7039,0.0018095113680071085
7040,0.07968677392536314
7041,0.9714946281418169
7042,0.0033366692593693368
7043,0.5822651749769856
7044,0.025427890379187384
7045,0.22316640452378203
7046,0.6236299207203128
7047,0.9086765145350477
7048,0.9487180045738157
7049,0.43701490465629494
7050,0.13938800588464603
7051,0.033455708677790665
7052,0.024522205807933378
7053,0.1139998828066852
7054,0.00902750354942883
7055,0.10933828064542868
7056,0.19660319261136322
7057,0.22934423888639147
7058,0.609608793065125
7059,0.05693233916102416
7060,0.016371180721155842
7061,0.8179016114986264
7062,0.9663108240460955
7063,0.052152278028433585
7064,0.0500207719456551
7065,0.18158289283026297
7066,0.18490908318366492
7067,0.025889264123066375
7068,0.04625486078881322
7069,0.9679607844810535
7070,0.9877716016585316
7071,0.09855548144921665
7072,0.007066472611274681
7073,0.026937990838109806
7074,0.05482953645146034
7075,0.9987816177747134
7076,0.5613805093534547
7077,0.9912725258957823
7078,0.9516063615178394
7079,0.43622622417238444
7080,0.03775823671995068
7081,0.22120745059277375
7082,0.029443523339576737
7083,0.7728259593403446
7084,0.0840041228199143
7085,0.38360004752278576
7086,0.27737696189532424
7087,0.011220640324191124
7088,0.012782244149637339
7089,0.9398252703839497
7090,0.11106154436538496
7091,0.35889251579158493
7092,0.020401841572648134
7093,0.6942398448783891
7094,0.7165661591316066
7095,0.4709920823008052
7096,0.184725660476954
7097,0.01664662964175953
7098,0.9830912068255111
7099,0.0032929233650518465
7100,0.9990896685897902
7101,0.8776663402269267
7102,0.4871297652635308
7103,0.9986063907605207
7104,0.0014204424173410277
7105,0.03521811475056546
7106,0.006088299910426447
7107,0.10918796339987209
7108,0.03984974831854564
7109,0.0015525140195789097
7110,0.002783719001899718
7111,0.4483084803955862
7112,0.2296013838279848
7113,0.22203171306808023
7114,0.9918667288090843
7115,0.02317895265340657
7116,0.03244507215951235
7117,0.4694641677960302
7118,0.018958967103604396
7119,0.20881881670651806
7120,0.1526566328230602
7121,0.010980359341890754
7122,0.03254554128459296
7123,0.04156829229095235
7124,0.734037362139117
7125,0.03369316941564271
7126,0.4230614719767364
7127,0.23183179778626917
7128,0.09519766029822613
7129,0.9270179279603011
7130,0.027935074095397402
7131,0.9634167048768164
7132,0.24282319193287943
7133,0.009742360878378516
7134,0.9610437095598124
7135,0.41381596965454664
7136,0.06469932657561184
7137,0.08890101258744734
7138,0.7291079697473585
7139,0.04359120168352038
7140,0.04404547568696203
7141,0.012759872133149209
7142,0.050392487465371304
7143,0.004495659154416992
7144,0.9490628881655023
7145,0.130161505814673
7146,0.028867844676115972
7147,0.0011222884500768499
7148,0.9979015126654929
7149,0.10053738660440054
7150,0.024707552424229978
7151,0.012649950691394612
7152,0.04639585425040017
7153,0.4044515277199821
7154,0.06938607441028664
7155,0.16480834159330354
7156,0.005488113004943371
7157,0.03313144968920482
7158,0.007885408833913213
7159,0.027477174838468715
7160,0.027469405751896072
7161,0.9795148808965582
7162,0.00126094328356864
7163,0.8935753302653575
7164,0.9986077707138992
7165,0.022220460339448918
7166,0.07709434720935236
7167,0.5997511033400137
7168,0.9935147040160094
7169,0.20250472749173762
7170,0.9838506653020551
7171,0.4821551519281456
7172,0.9520224413232268
7173,0.9541051912318277
7174,0.02297371709855517
7175,0.07381834378786514
7176,0.5702625478316992
7177,0.8812650689160211
7178,0.4356369701972769
7179,0.008849499519511295
7180,0.048479330669179165
7181,0.23170122458866504
7182,0.07612638258959233
7183,0.9406941539562225
7184,0.01448962364573511
7185,0.37880970777152667
7186,0.8577953753175558
7187,0.02270656737469661
7188,0.743062166816156
7189,0.6691801958830853
7190,0.04789360439544782
7191,0.10355776889489182
7192,0.022675071034759582
7193,0.5066869075809307
7194,0.029904010281460083
7195,0.9911445127836799
7196,0.02057395597440568
7197,0.004341155389242103
7198,0.02819295062802101
7199,0.10582193011446925
7200,0.030530217990064994
7201,0.04636501097326991
7202,0.11077928958728822
7203,0.016835996245187845
7204,0.23358771539113182
7205,0.1343629084359743
7206,0.8704335296658489
7207,0.9779591513397812
7208,0.7125912214370784
7209,0.7768954685532117
7210,0.8850387591795696
7211,0.03357611616594494
7212,0.14378451605897336
7213,0.9867342609065224
7214,0.07050769132450006
7215,0.03418645784918983
7216,0.019525620014211893
7217,0.27819472188298777
7218,0.061749571997457564
7219,0.0051540278902286255
7220,0.5940762975948186
7221,0.4356174434849908
7222,0.0011553395671098127
7223,0.9750639940385505
7224,0.9562994405224043
7225,0.08569955330069881
7226,0.02889086287277365
7227,0.008632665792222011
7228,0.21876422487725194
7229,0.1410266392059591
7230,0.9604112849809594
7231,0.045469705233042286
7232,0.30937694929960474
7233,0.04166007668644971
7234,0.9864764758041359
7235,0.06900365408181253
7236,0.024937699488890554
7237,0.3131893867259404
7238,0.6649140008526429
7239,0.4393646929423795
7240,0.002083907707920462
7241,0.3843702297844611
7242,0.20012372634006254
7243,0.018080855449504277
7244,0.9645919462068491
7245,0.09069098220515084
7246,0.05437400327040695
7247,0.07605531706880844
7248,0.9583835028683819
7249,0.14585925995211266
7250,0.005349365127546489
7251,0.49437034752528136
7252,0.2293290054077043
7253,0.36491996364279655
7254,0.07840569821850743
7255,0.1506389942417325
7256,0.6461897689165573
7257,0.6429201455499176
7258,0.0996216845991581
7259,0.07105165306764036
7260,0.7465884357187756
7261,0.9699880763589978
7262,0.054298236692728694
7263,0.9496323008845777
7264,0.034919984417035345
7265,0.16889089178478942
7266,0.059288478739767045
7267,0.022864102990150667
7268,0.002290272011718105
7269,0.06565607228718054
7270,0.025830462563364735
7271,0.025226348118891583
7272,0.42502015680836996
7273,0.11174338954739452
7274,0.00598036760964091
7275,0.9177221990879953
7276,0.0025407159602045637
7277,0.04558090274268862
7278,0.1893461804862625
7279,0.055490615206308574
7280,0.04802963341718609
7281,0.7570265351501443
7282,0.9533284935519579
7283,0.05072576770138424
7284,0.29895142119947155
7285,0.11000440130718603
7286,0.18441212715711805
7287,0.0013602651752788887
7288,0.9546544709600981
7289,0.9514457113101892
7290,0.01676030967526229
7291,0.11956996412242964
7292,0.07102529641146571
7293,0.5926939691661304
7294,0.2117519202749704
7295,0.03651407095686841
7296,0.013192152113822997
7297,0.5154720165851845
7298,0.8869959487300557
7299,0.7836120789516905
7300,0.2967679036762886
7301,0.8942314359518551
7302,0.9718181958323352
7303,0.5237439232577686
7304,0.045550516301892496
7305,0.13199071135434726
7306,0.1052464556534313
7307,0.09008577776122256
7308,0.014271136332306786
7309,0.0016802269301343415
7310,0.10072253430645536
7311,0.9631968724560508
7312,0.013864988331106394
7313,0.7527961527908468
7314,0.04692878347196851
7315,0.006011999895748578
7316,0.08792528007254868
7317,0.12966398231356352
7318,0.05887923149004316
7319,0.6082433552686004
7320,0.03993390004533398
7321,0.9224531375829983
7322,0.003088978758811283
7323,0.03502855604356108
7324,0.8640445711066975
7325,0.036167558882863195
7326,0.03852992610274732
7327,0.39558386297248094
7328,0.9769858312875244
7329,0.0011611111414671325
7330,0.968798979482324
7331,0.1034372787900485
7332,0.043278957981236245
7333,0.10173445398031794
7334,0.09824385672540348
7335,0.050430610517381416
7336,0.16246311471522545
7337,0.03793605275953935
7338,0.04029395006997581
7339,0.06344758116867276
7340,0.09288810742017284
7341,0.6566943558252066
7342,0.016316289690178263
7343,0.9891028795396366
7344,0.07331893892962077
7345,0.010608400087693206
7346,0.9664036712762304
7347,0.18034972247918366
7348,0.005295139921873243
7349,0.9671930700418141
7350,0.5452254013984471
7351,0.9988421739944343
7352,0.4483655542824391
7353,0.03896266023262555
7354,0.1088828655917837
7355,0.021148699024833465
7356,0.8870164758775653
7357,0.0031831807364001005
7358,0.03574180037150851
7359,0.16382221690774068
7360,0.07450927281185404
7361,0.012116521875608624
7362,0.02142180891447902
7363,0.7932261036036699
7364,0.03871591367664147
7365,0.027300842364727764
7366,0.008894395086546566
7367,0.3346517104161609
7368,0.045973545435862316
7369,0.01000085892251372
7370,0.08209897780468077
7371,0.051239198579204386
7372,0.020722158101222486
7373,0.05161569506682591
7374,0.4863369501443877
7375,0.976950549069314
7376,0.3582549990155374
7377,0.00377612192857674
7378,0.9530771877855027
7379,0.8404684033091496
7380,0.5539715578123243
7381,0.004928075416790087
7382,0.03809826675774246
7383,0.003830068580490672
7384,0.008628386104387313
7385,0.9930181696495324
7386,0.07387056278785842
7387,0.9907844347620289
7388,0.001259957913573431
7389,0.9078594456418314
7390,0.557261893852117
7391,0.07311415947085016
7392,0.08322700743824615
7393,0.020389411871618628
7394,0.010674856344510984
7395,0.8083707282186464
7396,0.9986100302332501
7397,0.021557572343627034
7398,0.0916596218348374
7399,0.020149951707673
7400,0.009149840155392719
7401,0.007044003119649596
7402,0.007221691095940213
7403,0.12935979342472723
7404,0.009329413995918665
7405,0.1081038455178987
7406,0.9461614112924563
7407,0.0070902094367975566
7408,0.12745347572375498
7409,0.034553516690399314
7410,0.14399689148774433
7411,0.14097724689413066
7412,0.997948397632699
7413,0.15766558705904082
7414,0.012814099871049985
7415,0.9988292312879168
7416,0.37947052932443115
7417,0.6407126748727441
7418,0.010266649828036576
7419,0.8937972042106679
7420,0.933835537322957
7421,0.8782139765369806
7422,0.07964483100936848
7423,0.34728189895441686
7424,0.1373359608191581
7425,0.12227141492816353
7426,0.025165552672105167
7427,0.9671183117089626
7428,0.14866240612881365
7429,0.8108702774291816
7430,0.967559770235928
7431,0.03824445250273932
7432,0.023509778434704694
7433,0.42465339587827244
7434,0.4388048161503627
7435,0.574995336917925
7436,0.9434023513019962
7437,0.04855564155239653
7438,0.9751005143629972
7439,0.057908672425232996
7440,0.001565660457621591
7441,0.9551279426306121
7442,0.015830640441205152
7443,0.07418390024316657
7444,0.10195503231063127
7445,0.9861440650910773
7446,0.23647071105533135
7447,0.9454115874601382
7448,0.46130919095085776
7449,0.7286777735915286
7450,0.2613160833301416
7451,0.23734320837147366
7452,0.026536452592000208
7453,0.950281733823706
7454,0.02094348035291404
7455,0.18127208964259914
7456,0.12903770377512247
7457,0.06457391055747425
7458,0.04638022250768375
7459,0.2085088670065784
7460,0.03498630953337628
7461,0.05253868288064781
7462,0.6724161135363182
7463,0.12243389814703495
7464,0.12082876795368169
7465,0.002574241637047942
7466,0.005323465232706826
7467,0.7481357846869864
7468,0.274876100220335
7469,0.026070391806659862
7470,0.29779621754255836
7471,0.6298360282603679
7472,0.2315511731507543
7473,0.0134545499720683
7474,0.012599119881321211
7475,0.050249550187075664
7476,0.0049447161357395976
7477,0.03599755490709415
7478,0.0022191253752319737
7479,0.00799364274146542
7480,0.6230806634679875
7481,0.08253458500557846
7482,0.005556636008748322
7483,0.9986596010253744
7484,0.012104752433494275
7485,0.007731820128352553
7486,0.13358345317784534
7487,0.13437003535566283
7488,0.0594955452348495
7489,0.06336080379658257
7490,0.0009789915648375624
7491,0.23239302659698435
7492,0.06833727853351593
7493,0.06644920216111155
7494,0.003524155258832446
7495,0.03175595901779492
7496,0.10919358017366976
7497,0.03209958570966034
7498,0.01950589476904748
7499,0.004996728345709037
7500,0.0612928373740245
7501,0.48128703696582464
7502,0.5347138861762911
7503,0.8339594507595128
7504,0.011834324840995673
7505,0.06051383343812518
7506,0.020520679933354578
7507,0.021954875424143386
7508,0.5903706817121155
7509,0.18927318144197647
7510,0.937207224063198
7511,0.057937747481014115
7512,0.07723841413895206
7513,0.004581268666623848
7514,0.03458528639490363
7515,0.3259765024848629
7516,0.04521636705053532
7517,0.015738369650153204
7518,0.023598289736613105
7519,0.9370675373123099
7520,0.13110775930764373
7521,0.005957417077496395
7522,0.01549137058128593
7523,0.9282087204629181
7524,0.19683094422373024
7525,0.9802908239279788
7526,0.013153658650370525
7527,0.9987635819648311
7528,0.1538580826919127
7529,0.10174795408825449
7530,0.06763274622581106
7531,0.0021522156394673106
7532,0.9704108742745939
7533,0.14031143131928803
7534,0.013000540108910892
7535,0.8830802408776188
7536,0.8909692915056135
7537,0.2413832974891527
7538,0.004021624881390016
7539,0.009091423691337648
7540,0.6827105179726922
7541,0.038125126862280354
7542,0.960543530311667
7543,0.16268561433320272
7544,0.05505358340596553
7545,0.9851017428452644
7546,0.9984010109556308
7547,0.10367812471847301
7548,0.07855413329734671
7549,0.14605832637466462
7550,0.02095965395506959
7551,0.9706627691450549
7552,0.31732184591611057
7553,0.32391590139803245
7554,0.22227814950793806
7555,0.8511699988617926
7556,0.20204563231869654
7557,0.008034251025271607
7558,0.21841338537031638
7559,0.13828139082544666
7560,0.6345362121352335
7561,0.11126529057272776
7562,0.06588057868560218
7563,0.03093209426907556
7564,0.4849791080449061
7565,0.07755335568532008
7566,0.5990323827277173
7567,0.8706135978764655
7568,0.14834993016749135
7569,0.9765752542231926
7570,0.16885671582472564
7571,0.01354176959867887
7572,0.019661873032624965
7573,0.015860166422590295
7574,0.036174541779457905
7575,0.23164326957803533
7576,0.020646679578810653
7577,0.10216836165175171
7578,0.00786778920166739
7579,0.7385845241051652
7580,0.9866614268497158
7581,0.10572670157910191
7582,0.4509371878644395
7583,0.888429664975847
7584,0.012284998902630045
7585,0.5276082406193539
7586,0.05719440945260349
7587,0.802060695117867
7588,0.002368474794393639
7589,0.9591884484734334
7590,0.3607914470763699
7591,0.09804548090791868
7592,0.01961917810678313
7593,0.014307111875065375
7594,0.05387665936762953
7595,0.9961527511988133
7596,0.021265189528352137
7597,0.7223543697161579
7598,0.608665596614227
7599,0.06918475061338558
7600,0.024187355155211792
7601,0.003973679588007428
7602,0.016691159457479773
7603,0.9218553726749641
7604,0.022038893772016368
7605,0.15068178757132827
7606,0.8751435456125656
7607,0.3502281122047163
7608,0.027341242088500146
7609,0.0046344818235326875
7610,0.13549685295372635
7611,0.012888664971841381
7612,0.054532180271700995
7613,0.04823039910955287
7614,0.08973389524174295
7615,0.8048470817199295
7616,0.37807554168443047
7617,0.021470284060184138
7618,0.21302561705340123
7619,0.26105504906464105
7620,0.024024890902607173
7621,0.12381142669118808
7622,0.9745407417537244
7623,0.9942746828629424
7624,0.05091630803649671
7625,0.09835342636839609
7626,0.17260886905815825
7627,0.9845934714865467
7628,0.8842079869437044
7629,0.13659994966164252
7630,0.9666554789244479
7631,0.032820102059003486
7632,0.2488075795340732
7633,0.4038136596882985
7634,0.0011226067865763292
7635,0.20013800443561444
7636,0.333990688055996
7637,0.4569731318529598
7638,0.9421847990877462
7639,0.004830143158506349
7640,0.049408057027996374
7641,0.1727310595473841
7642,0.06392153240186657
7643,0.045310187672762445
7644,0.002258064790355424
7645,0.2088101057457831
7646,0.060877154892175475
7647,0.06409629773508783
7648,0.0025363026824875346
7649,0.012172623075742291
7650,0.9843700302682284
7651,0.9927150966737922
7652,0.6335813899778222
7653,0.01004702248174692
7654,0.07245650978284005
7655,0.9873983533515875
7656,0.44291074682295795
7657,0.4342874477144407
7658,0.09740420738424103
7659,0.4035238498571678
7660,0.0517643933308727
7661,0.04082926874386388
7662,0.016971905243736443
7663,0.2406615478125589
7664,0.5504660736982205
7665,0.001586396416716614
7666,0.018105218770632845
7667,0.02857909645951605
7668,0.02741582416664614
7669,0.08643369386026781
7670,0.4354556233974638
7671,0.7391951084644095
7672,0.7779837773109171
7673,0.9645368635288885
7674,0.05844164242871596
7675,0.24178013075375285
7676,0.1388601628956894
7677,0.17766221597715762
7678,0.26312996807920563
7679,0.02935628482632479
7680,0.004918528123068246
7681,0.000835997659327494
7682,0.0026536342803554955
7683,0.8880408400985174
7684,0.017843608721841916
7685,0.9572677536947742
7686,0.998215610805413
7687,0.005485711859911077
7688,0.05491769890784492
7689,0.7719764216627788
7690,0.01856763493204137
7691,0.01201988690018096
7692,0.16534435349774684
7693,0.1619028554855993
7694,0.6316769030051523
7695,0.005081921762470884
7696,0.10619943948876748
7697,0.4893563119025044
7698,0.0038675903233890536
7699,0.07780084554341313
7700,0.011198347577018502
7701,0.15356635256436119
7702,0.4025563082696868
7703,0.9622158519831039
7704,0.9516429028752493
7705,0.007042021992593639
7706,0.1474492327336589
7707,0.47476063603564533
7708,0.06105106041395147
7709,0.07011622588599423
7710,0.020240063827043818
7711,0.07171882574148314
7712,0.01315132710120927
7713,0.647083298916034
7714,0.0034508573681471385
7715,0.2685951875459393
7716,0.0024511435491727475
7717,0.05681613748795461
7718,0.4118100381069578
7719,0.8049709467753513
7720,0.17726887413866482
7721,0.02977763993332496
7722,0.06056358738139217
7723,0.25435358972978994
7724,0.04020330114206411
7725,0.0689806281270498
7726,0.6208184674835373
7727,0.937442475142958
7728,0.04172886509076941
7729,0.726341820599659
7730,0.8312249668402765
7731,0.17053895411496722
7732,0.98236826512619
7733,0.0037217882200852336
7734,0.052780171560711034
7735,0.14008470912336582
7736,0.008097342973780477
7737,0.20229555172627955
7738,0.18688406920175166
7739,0.14919965176714955
7740,0.998565299716459
7741,0.9986109812249782
7742,0.021189772106272913
7743,0.4334234399644054
7744,0.9733401207973578
7745,0.9528560114605549
7746,0.0555014025863967
7747,0.9104184449615088
7748,0.2504480991760718
7749,0.5058751968223064
7750,0.012242741170432305
7751,0.05047388425387495
7752,0.9874056873221297
7753,0.23022158130122938
7754,0.010322071659523917
7755,0.40824380859929876
7756,0.4998351781376704
7757,0.06819964878405144
7758,0.8131236696767692
7759,0.04350368051595389
7760,0.07508778355534305
7761,0.5699081394435626
7762,0.15898852602701097
7763,0.17899776322038113
7764,0.058132211295272206
7765,0.05529870104734709
7766,0.006741194905103896
7767,0.04643103871256568
7768,0.9983558069215686
7769,0.8558884947979344
7770,0.5191172941081628
7771,0.25126965137797586
7772,0.0074761987894515925
7773,0.15913239657610262
7774,0.9236015026963964
7775,0.7766717030225279
7776,0.020925136773786608
7777,0.11422336530050733
7778,0.9531684448580328
7779,0.8904242651854661
7780,0.0803549050909586
7781,0.1093637266633741
7782,0.8092513330056467
7783,0.06297772626646238
7784,0.05275470426561591
7785,0.998023872467876
7786,0.8353808734929975
7787,0.9470330949517323
7788,0.9841989984522221
7789,0.310280369484857
7790,0.9715404374851646
7791,0.9958032778693713
7792,0.9498769236626659
7793,0.22618540951649393
7794,0.9871406059554424
7795,0.4905760432352589
7796,0.0410253203236747
7797,0.03594093310983
7798,0.047004190751337285
7799,0.9986410423089966
7800,0.5439427001468202
7801,0.36039120978106326
7802,0.014453526992286341
7803,0.003018621599108421
7804,0.005328176896245004
7805,0.0966703159295438
7806,0.8387913121564541
7807,0.9499554722510872
7808,0.7357812582029237
7809,0.011043047879858398
7810,0.9781503040066815
7811,0.9322990649369076
7812,0.102144348944993
7813,0.9482103917741765
7814,0.9906340710489425
7815,0.26783718186942485
7816,0.2668793615923865
7817,0.0014274800509508404
7818,0.0011514388254548827
7819,0.08906599677065388
7820,0.050248261744250275
7821,0.002495122183515445
7822,0.09042542511103077
7823,0.9772453148499034
7824,0.005002575936266295
7825,0.9776891283782392
7826,0.5706285685925979
7827,0.14382251082328326
7828,0.9843528717587912
7829,0.9260301350933934
7830,0.4542457526656064
7831,0.9352628303915693
7832,0.08897356362617165
7833,0.9992669193267696
7834,0.012173930421281731
7835,0.07509319389611599
7836,0.9865376681539961
7837,0.033263261583418885
7838,0.022416880892745572
7839,0.02976320001490515
7840,0.9668350493721771
7841,0.014309753350385104
7842,0.24602618258372103
7843,0.02724299308138413
7844,0.9255143446321188
7845,0.01007059901542425
7846,0.5247821222235212
7847,0.0016762263142814557
7848,0.38210788923436534
7849,0.7485310674416332
7850,0.17249335608673844
7851,0.0016807742300162228
7852,0.8186106247147286
7853,0.007804108255938478
7854,0.19742206472089524
7855,0.973776843839819
7856,0.03893892511836286
7857,0.024604639765706163
7858,0.02153090435476137
7859,0.9702035767332634
7860,0.2656702700571896
7861,0.4355756578959953
7862,0.2805795643686395
7863,0.07158192815385442
7864,0.08397759019435627
7865,0.011969806603223082
7866,0.9305952203921191
7867,0.0074499432159089
7868,0.7353005641378949
7869,0.7972905838799591
7870,0.5863181722480308
7871,0.07510325723582342
7872,0.22138580768036087
7873,0.9661774802800212
7874,0.9699016959336696
7875,0.020943494162593498
7876,0.17372630716341642
7877,0.8425942942962987
7878,0.9984643671674949
7879,0.9247624569442455
7880,0.9932777805461472
7881,0.396111137484636
7882,0.9823707112965657
7883,0.5097088393994902
7884,0.006906968571448258
7885,0.0629005301835263
7886,0.010899613782138096
7887,0.03595806895878567
7888,0.9344918884111998
7889,0.026228315879135853
7890,0.9233624852859296
7891,0.020356874988882726
7892,0.19016252602440759
7893,0.6278089944485826
7894,0.0016231336999339683
7895,0.11231571994746581
7896,0.031225841235637555
7897,0.0325696978243428
7898,0.06674576739535908
7899,0.08223904139440097
7900,0.43047305328383556
7901,0.10262127456235542
7902,0.011074540897153934
7903,0.8287132974121139
7904,0.0030429242062655643
7905,0.10058883138468146
7906,0.3525546075183303
7907,0.6900910239839197
7908,0.6467436090538237
7909,0.05941112091787695
7910,0.03744761960834633
7911,0.9917428748210426
7912,0.04023853771292213
7913,0.010919223034731688
7914,0.017327171318486025
7915,0.8525551854711275
7916,0.027765423788984587
7917,0.763213858160972
7918,0.19036653706920878
7919,0.1444382995049044
7920,0.9415528264183484
7921,0.10260413033880886
7922,0.0546390764400621
7923,0.005768097506000869
7924,0.02881086008029453
7925,0.23028911261408652
7926,0.1656664227913024
7927,0.08198393699264658
7928,0.16272015700066203
7929,0.14881882690041215
7930,0.9329107564815193
7931,0.009570586978723317
7932,0.034208908650028014
7933,0.020632550567992774
7934,0.0034330419372645277
7935,0.2697306539122058
7936,0.05751226366661184
7937,0.17853664415388
7938,0.1167037265994128
7939,0.07455102432447686
7940,0.15913397590036454
7941,0.023577345663724346
7942,0.034946021292653055
7943,0.17383385157046288
7944,0.048297686865587004
7945,0.009809844749637104
7946,0.3296906917686572
7947,0.09563461529920679
7948,0.19916123012558895
7949,0.980717328266496
7950,0.05185816271942625
7951,0.8698982980449732
7952,0.8919181577983258
7953,0.4601141650463896
7954,0.08421706922546604
7955,0.26636967194040373
7956,0.15323997913676748
7957,0.019437675376682305
7958,0.17899077817881776
7959,0.04854299921435599
7960,0.021842212589716317
7961,0.06362991739802798
7962,0.01924341131570601
7963,0.5784611839056217
7964,0.33832289411796235
7965,0.028662031687248957
7966,0.9377806581196685
7967,0.023971085596740327
7968,0.6488950054457862
7969,0.012123028941307654
7970,0.9949763121941699
7971,0.001132925760906074
7972,0.00904329896652945
7973,0.016788921433888902
7974,0.0030600889756181226
7975,0.19794498577225703
7976,0.5941335038692992
7977,0.02907606058880463
7978,0.9029718475688524
7979,0.026429068959650588
7980,0.7887019797091311
7981,0.12250640704104096
7982,0.05618407287954534
7983,0.2797874353040223
7984,0.005583279365464351
7985,0.01298202768398194
7986,0.02645165956941198
7987,0.02916116954897796
7988,0.07711959285419177
7989,0.005385297789120396
7990,0.3671052545101468
7991,0.9803853719287043
7992,0.3253712777615185
7993,0.20704018535421742
7994,0.9422958300287618
7995,0.025389830028991364
7996,0.6698455142020334
7997,0.9481699665075048
7998,0.07817078555634707
7999,0.9864019795393291
8000,0.007442823372832671
8001,0.030712684230271747
8002,0.7286652745536071
8003,0.03330428140999234
8004,0.14449381004124323
8005,0.09101137485377993
8006,0.17591716280950925
8007,0.15536488898866788
8008,0.4403593413538101
8009,0.004727526577333515
8010,0.07643317249591194
8011,0.2791706859948802
8012,0.3609013085689976
8013,0.3014267950437095
8014,0.9937637282556455
8015,0.0801888911616346
8016,0.05009150851726711
8017,0.16084391579103302
8018,0.7681533688803777
8019,0.02592027439186507
8020,0.0009159238889466045
8021,0.0246438217943126
8022,0.034610285919070186
8023,0.06343448029024559
8024,0.867707450433338
8025,0.013446393234196356
8026,0.8497638880891614
8027,0.0044438269220567345
8028,0.32445547695860133
8029,0.09616852653399263
8030,0.2752962936390711
8031,0.8546688174971266
8032,0.01585008614031261
8033,0.002451741087628582
8034,0.1645487193240168
8035,0.36977957620997626
8036,0.0014996257986252992
8037,0.015886963135282577
8038,0.06201188763743758
8039,0.006149816988472641
8040,0.010276562931526647
8041,0.08947467207048347
8042,0.8588458169611237
8043,0.8152987904257418
8044,0.008661574676033955
8045,0.06743756313986038
8046,0.020950373947850372
8047,0.35825678343404543
8048,0.9987875046307778
8049,0.025720365799275828
8050,0.3829346621825144
8051,0.9315523401158379
8052,0.004663579939135708
8053,0.9897304711069945
8054,0.00782756509294848
8055,0.15233897943698171
8056,0.977356973409972
8057,0.9810019577383131
8058,0.09480052436823341
8059,0.07973709075593041
8060,0.0008039714346324972
8061,0.02972061140386777
8062,0.4601036499425662
8063,0.02267334817951939
8064,0.10908527313520654
8065,0.7171244319427033
8066,0.21768219926153565
8067,0.6779640074331633
8068,0.018072102410462858
8069,0.09443963256901834
8070,0.38087168994332443
8071,0.9003485982301821
8072,0.16984458543680947
8073,0.9765643629687102
8074,0.8736445312149252
8075,0.002946738176260537
8076,0.9896544707915027
8077,0.9885157942487319
8078,0.056526149966679026
8079,0.9900069427427216
8080,0.07944938466252498
8081,0.10323976691442899
8082,0.0034663006846481492
8083,0.8982361669051376
8084,0.0013066087904714644
8085,0.5668509827425938
8086,0.005623274025909083
8087,0.0038770017263789086
8088,0.0418135984912381
8089,0.921163754137808
8090,0.043307446705804116
8091,0.9933758076942905
8092,0.9581714927284739
8093,0.09066780956677976
8094,0.7476564092224794
8095,0.03102957248880031
8096,0.9942175642540683
8097,0.04618644190221894
8098,0.0019884065363546567
8099,0.7775191796727849
8100,0.09958837130226895
8101,0.28097401190215704
8102,0.002236943776084426
8103,0.007213211205683067
8104,0.9508982901380055
8105,0.24828376062735702
8106,0.0016523541368958772
8107,0.3728827338921713
8108,0.8180167190621912
8109,0.9338737334632667
8110,0.13191393219814573
8111,0.0046215924193839224
8112,0.9534323439323588
8113,0.04856340594860212
8114,0.0440348050910636
8115,0.1844626590631453
8116,0.9797271210651455
8117,0.8941682246155435
8118,0.1917474765490429
8119,0.08706477667691773
8120,0.044425105947331275
8121,0.0014979351523039261
8122,0.9874002402875042
8123,0.014666971626359786
8124,0.08853636211369445
8125,0.032552835446980906
8126,0.578806957397925
8127,0.9871769754984908
8128,0.21796027302003795
8129,0.03420077046289571
8130,0.7131938119361116
8131,0.10638546831311327
8132,0.003154489384488121
8133,0.04679635700486703
8134,0.924436738953692
8135,0.8106108511851449
8136,0.0732083748066619
8137,0.055704555177077744
8138,0.0074135529887717835
8139,0.04382759206318304
8140,0.005395169518694643
8141,0.033083134328666636
8142,0.5346073110733525
8143,0.1189250206109366
8144,0.21033636585955184
8145,0.3612529401296375
8146,0.01772126363700529
8147,0.3212825757494694
8148,0.06443490625317337
8149,0.46149336083894554
8150,0.038441562489005404
8151,0.9873522644799124
8152,0.7057654459341663
8153,0.015951431056849645
8154,0.08669292609852183
8155,0.2311117734466294
8156,0.03425259977906586
8157,0.07941985346359315
8158,0.20427263628460257
8159,0.005268465594836038
8160,0.7858610680631699
8161,0.1518520543451648
8162,0.014196281058722166
8163,0.008603840806910368
8164,0.42206067326817454
8165,0.007692152467698728
8166,0.12227930760005412
8167,0.9928495964782746
8168,0.06665569787990754
8169,0.903595367003002
8170,0.34083617244295894
8171,0.05488441043961145
8172,0.37662439230203326
8173,0.7862763342832645
8174,0.08143220766073969
8175,0.8138610804998048
8176,0.09370580514780383
8177,0.12564765898500369
8178,0.5042591544168348
8179,0.06365090260880629
8180,0.002135546483910147
8181,0.21364764319368615
8182,0.9585685851768757
8183,0.4768095089493022
8184,0.03133348543229786
8185,0.036169339120653114
8186,0.39360116949944696
8187,0.6652937200023861
8188,0.9783794579540002
8189,0.12809968484438247
8190,0.15780700184730012
8191,0.08063784320275585
8192,0.9649678928867491
8193,0.030071072191958058
8194,0.026426478059588306
8195,0.04129147187568244
8196,0.9723944998652349
8197,0.18776584495068271
8198,0.3949482528976131
8199,0.04860916628555598
8200,0.560940669168867
8201,0.1519855632764288
8202,0.01029137378760606
8203,0.26619251483437234
8204,0.7465788434453723
8205,0.10615343600512944
8206,0.05563598381343751
8207,0.16279057008263692
8208,0.9883098926659658
8209,0.7373385192747466
8210,0.285602596604414
8211,0.042648492941841865
8212,0.00298058846086793
8213,0.0042180434112893276
8214,0.8914587044512639
8215,0.092524486065517
8216,0.04593158114532724
8217,0.46130177012629153
8218,0.2167042510019968
8219,0.00928696931827664
8220,0.06489967413766425
8221,0.9438620487384398
8222,0.028703524269156316
8223,0.13015928051808512
8224,0.17748366402414503
8225,0.5052437829565433
8226,0.34049922907279756
8227,0.01209511805867474
8228,0.02274543137889047
8229,0.001035313159334723
8230,0.2619610441635063
8231,0.026794407875480146
8232,0.9985374230410138
8233,0.032926830129145095
8234,0.2631763915894393
8235,0.9759032319682435
8236,0.9812554322514724
8237,0.006261570861591686
8238,0.02524769968563615
8239,0.03444293903259077
8240,0.9030646365946804
8241,0.9955454398477818
8242,0.01603054525610602
8243,0.04286784905040273
8244,0.11619860328826694
8245,0.14001941988710048
8246,0.10139082556463583
8247,0.9887806724588157
8248,0.34418877599546843
8249,0.48684272075811397
8250,0.29981194699198255
8251,0.053394909620468056
8252,0.2722490603758362
8253,0.2953503322972043
8254,0.117163415065824
8255,0.9617665294179203
8256,0.20101936129806863
8257,0.0014906218689300598
8258,0.730378428251984
8259,0.2411235717354741
8260,0.0019880804668332766
8261,0.007809506960900546
8262,0.20849310885026628
8263,0.05863283958993097
8264,0.00506172961553922
8265,0.030128268656411352
8266,0.18829756573115414
8267,0.9669981436543309
8268,0.07364398923108732
8269,0.5862419449210876
8270,0.016900343923788374
8271,0.3201079124808578
8272,0.15603581537088387
8273,0.08597353560742226
8274,0.06742808065797497
8275,0.9705292945407649
8276,0.10879896472541
8277,0.228071740497297
8278,0.07515758967095884
8279,0.07029537932667845
8280,0.0886334105299792
8281,0.0017123198729586883
8282,0.026143678518063
8283,0.9980792125235871
8284,0.26914877901558754
8285,0.9659771712620381
8286,0.04028768442360063
8287,0.01893373979569826
8288,0.780294513532493
8289,0.5052167389311814
8290,0.01723521381914674
8291,0.01921821616283162
8292,0.003897875589430789
8293,0.10943199390876371
8294,0.40426792961828567
8295,0.5722050939871095
8296,0.02114960627177261
8297,0.90648193063661
8298,0.517152110660812
8299,0.9872324341236312
8300,0.06401611154876102
8301,0.009399003677376937
8302,0.054499881059467424
8303,0.032141382181155836
8304,0.04378299131329192
8305,0.012691486433634502
8306,0.3007175984596987
8307,0.983902492049458
8308,0.0020754526456162516
8309,0.14220919016546735
8310,0.16754227484257972
8311,0.9722856208892849
8312,0.8417459235618903
8313,0.4199811840717662
8314,0.07792096439973664
8315,0.9878278053936066
8316,0.8675276209417857
8317,0.030592268486733486
8318,0.007404462660428077
8319,0.022617262982630313
8320,0.02421458654167335
8321,0.02222688159777029
8322,0.4708322010797782
8323,0.10593290361320568
8324,0.024433436397225172
8325,0.0082295227143669
8326,0.6841693315599459
8327,0.021804579483305345
8328,0.02227679688843239
8329,0.3412025626715961
8330,0.9897090904746955
8331,0.15594310809862733
8332,0.288601235180063
8333,0.00115843444830423
8334,0.6610313826214662
8335,0.9408563122261334
8336,0.6877284057928954
8337,0.05768532533510167
8338,0.002675651571224788
8339,0.04922918765828252
8340,0.09007295730031568
8341,0.24961649089984148
8342,0.9662479147086137
8343,0.04271033898251955
8344,0.9762897072812069
8345,0.02482840689726921
8346,0.916020858900374
8347,0.10870902809645203
8348,0.10573244615519163
8349,0.2568416727824777
8350,0.19502050113094935
8351,0.020462063538846817
8352,0.9614073612490629
8353,0.7407366468088602
8354,0.001342404337028492
8355,0.9098304252600751
8356,0.016389325816111903
8357,0.32840253232630967
8358,0.10948957930729096
8359,0.5847539378882364
8360,0.9875256391902828
8361,0.25046101762621015
8362,0.9136728500074476
8363,0.12411220897747662
8364,0.9981149679260383
8365,0.5876850874817408
8366,0.02167335246098918
8367,0.4337242769672646
8368,0.8671208720205882
8369,0.0044930167005255385
8370,0.07160380005237804
8371,0.7331519120918288
8372,0.07344153771563994
8373,0.6927594515953872
8374,0.26554682446710876
8375,0.34705861476004474
8376,0.076540181258659
8377,0.0269222386278858
8378,0.3361712926955361
8379,0.008439823049580292
8380,0.5979698076745422
8381,0.6753244344814164
8382,0.9990424097370105
8383,0.01349351696455895
8384,0.0026484896199493414
8385,0.03959171771107125
8386,0.9209118331597292
8387,0.9636331963811563
8388,0.1936172160565278
8389,0.10164861597612444
8390,0.0015073476720454315
8391,0.03124761117531567
8392,0.0038539661452027846
8393,0.6692113367010855
8394,0.4135822735428169
8395,0.14554817236194495
8396,0.06576804023945877
8397,0.9982058647770643
8398,0.9719661342741059
8399,0.07320204582549002
8400,0.09325028446227754
8401,0.5821300935764245
8402,0.9280108366990859
8403,0.6163931046089255
8404,0.03515453576403736
8405,0.9181699225837117
8406,0.17925048931305487
8407,0.9659414022386319
8408,0.0017791012545055147
8409,0.024597977931457876
8410,0.06602589236164726
8411,0.13496762138389323
8412,0.07205936963480286
8413,0.053831820328289814
8414,0.009155258446577743
8415,0.3273649357866501
8416,0.001987183347957581
8417,0.05209360949749814
8418,0.016406627713195062
8419,0.838998318553217
8420,0.006535226382751542
8421,0.9987805468937891
8422,0.035308593218017895
8423,0.3736287493063948
8424,0.0015976701101793485
8425,0.3986851613276293
8426,0.9986143555049726
8427,0.4784862990820494
8428,0.9742724643142613
8429,0.15241227499216525
8430,0.0364960937298721
8431,0.27948239207960224
8432,0.025792727921891696
8433,0.9172025152711256
8434,0.20964547377804843
8435,0.03599812114598447
8436,0.8837223807888317
8437,0.8952006394624702
8438,0.023693163346617273
8439,0.11598535543006001
8440,0.01791679132120264
8441,0.4763726140962591
8442,0.010780926603933068
8443,0.25054235220492377
8444,0.034611445478225825
8445,0.00458224091379654
8446,0.03983340562067235
8447,0.15061187122945935
8448,0.04399667016889383
8449,0.6577615474266867
8450,0.008025100556311764
8451,0.07039543243760593
8452,0.00128958946541285
8453,0.9987660601356955
8454,0.6806060562178881
8455,0.10519112486260081
8456,0.7296245455355941
8457,0.1332261778177778
8458,0.9962543678557921
8459,0.3113160846527799
8460,0.17204497455086487
8461,0.05871163017203165
8462,0.023006622131565263
8463,0.041042474131931336
8464,0.07462691261653973
8465,0.009281586907150089
8466,0.8338345488949448
8467,0.0031964354685454213
8468,0.557015306319651
8469,0.09416624894413733
8470,0.032612062840896766
8471,0.9773189067929325
8472,0.993811744139296
8473,0.04475641677452555
8474,0.010621691993432669
8475,0.9417965425928964
8476,0.14747949779568686
8477,0.22628354523798114
8478,0.66844075408958
8479,0.008090342328506247
8480,0.005596848159600355
8481,0.004349937435428768
8482,0.019419341952629135
8483,0.007511993537962407
8484,0.31536351987662026
8485,0.2266614558762859
8486,0.13164501574251228
8487,0.06438679776404385
8488,0.0015394550463571617
8489,0.863049395119162
8490,0.08100664923175299
8491,0.878300375258433
8492,0.5688280861539874
8493,0.009843834009823024
8494,0.037347383684743815
8495,0.9761073081352646
8496,0.121215998717888
8497,0.039634319921562924
8498,0.11991442274271948
8499,0.44959584167575983
8500,0.029112685676396872
8501,0.14445423202419613
8502,0.0609058198704321
8503,0.8829666668806139
8504,0.04147515382557225
8505,0.006924980256051788
8506,0.043254670809673657
8507,0.052486025798193364
8508,0.055880741752408106
8509,0.01518672433849795
8510,0.04245659579003818
8511,0.01613656216608092
8512,0.03313587766918542
8513,0.006678872927015586
8514,0.03797711192646207
8515,0.26798542403765035
8516,0.02903898114679122
8517,0.04707300503207844
8518,0.1631002571431413
8519,0.008802630870774642
8520,0.007725719274719333
8521,0.10374382498027679
8522,0.9249582099848517
8523,0.11984929400187352
8524,0.9850949417485944
8525,0.004621521065169328
8526,0.652227911006748
8527,0.012091984058897852
8528,0.08268423198595284
8529,0.734273389697383
8530,0.7974052549976389
8531,0.8633740364005241
8532,0.6452628810877036
8533,0.020117394056046338
8534,0.01568525689623499
8535,0.9943632241487329
8536,0.15616042618991888
8537,0.07818873356016232
8538,0.42695058877458025
8539,0.0750685690708138
8540,0.17399953637300156
8541,0.24985871254356773
8542,0.05077044871952903
8543,0.9883731981240897
8544,0.97815754784311
8545,0.15541424222711864
8546,0.028493343607542458
8547,0.16953464440581667
8548,0.21860863600855657
8549,0.026096442287437224
8550,0.0464923513352714
8551,0.08379134779920056
8552,0.038191232043337436
8553,0.09797942136586177
8554,0.24478714573211907
8555,0.037590381864437354
8556,0.21141278903942268
8557,0.8260838178368197
8558,0.9754501857562354
8559,0.7788147147166719
8560,0.9603910495332679
8561,0.6683137294462262
8562,0.12576022138779097
8563,0.052063612767240655
8564,0.023648692644375198
8565,0.018863270575664212
8566,0.8958531639027772
8567,0.7926058379445926
8568,0.9408075802084672
8569,0.19969160096730532
8570,0.7874005244656378
8571,0.04488291721426846
8572,0.9987279771956548
8573,0.13405290315017782
8574,0.06714689587986902
8575,0.08479800978497043
8576,0.0034059886903631187
8577,0.8256750347903163
8578,0.978388736552249
8579,0.0731247930016989
8580,0.6148298323786708
8581,0.3814198490564891
8582,0.009024059764769271
8583,0.5196950148758691
8584,0.7695834422719179
8585,0.03181950420298683
8586,0.07215579807456109
8587,0.055370586706248504
8588,0.16762898674839638
8589,0.008932196141628325
8590,0.4926940143701112
8591,0.980666507105695
8592,0.09719421331340208
8593,0.15690788723757781
8594,0.0039903331252792535
8595,0.9547107851277995
8596,0.5223463595794233
8597,0.007006347500221086
8598,0.8753678260185698
8599,0.9211351095254446
8600,0.07361138028288794
8601,0.10011108411614654
8602,0.07145981042912761
8603,0.15085079445407718
8604,0.8514642269434721
8605,0.0224565743728034
8606,0.03977465633158865
8607,0.41226113025281497
8608,0.975040835576702
8609,0.03619448464860948
8610,0.04183097405337343
8611,0.7736024790167787
8612,0.19026580845048557
8613,0.9830239465317441
8614,0.952639508825762
8615,0.2829963718361469
8616,0.053893704378370814
8617,0.03591915149838302
8618,0.6489029148399905
8619,0.0565664742665189
8620,0.11149640420716964
8621,0.9088051984610935
8622,0.09024510624211658
8623,0.9466073404028006
8624,0.016350357361106606
8625,0.0848719569468252
8626,0.02848197821338023
8627,0.031172532313802095
8628,0.4516784961465007
8629,0.00717408314690103
8630,0.8796663943589036
8631,0.1334614691627936
8632,0.08430600123708924
8633,0.9442325955918398
8634,0.18056204667729145
8635,0.6871373069171234
8636,0.9537170243692487
8637,0.9875603342157216
8638,0.020934659948609106
8639,0.3871168937159837
8640,0.018854578671738616
8641,0.18403077266836876
8642,0.002939570572050432
8643,0.8885050873061394
8644,0.002960540522096504
8645,0.0035990245971964105
8646,0.3780261027643055
8647,0.26901682859318266
8648,0.048576611365504556
8649,0.43780922555679525
8650,0.0019310972590784233
8651,0.010346534370111243
8652,0.7602166006666127
8653,0.0028152091373878393
8654,0.00786830574693265
8655,0.00441615515824881
8656,0.013885943542453032
8657,0.27996001454968766
8658,0.20704251538603322
8659,0.07731101564437826
8660,0.0022737300512394435
8661,0.22842368903870292
8662,0.0018861013259486381
8663,0.05274256876139942
8664,0.0012763807066765768
8665,0.006034139732020372
8666,0.9622737927482422
8667,0.026693552654469387
8668,0.029770266214293246
8669,0.32211469987752556
8670,0.0021589724969731804
8671,0.26971947806316976
8672,0.945708320546232
8673,0.023239473745406927
8674,0.0389077288666454
8675,0.9763556286594317
8676,0.8829601698191368
8677,0.010465243476156986
8678,0.04926226366108333
8679,0.12377300525395124
8680,0.452749320472512
8681,0.07640762198278364
8682,0.95510058829636
8683,0.6877385897023292
8684,0.36068573257649517
8685,0.0053954739765099515
8686,0.1051835550579651
8687,0.028561258487245406
8688,0.9717352477016569
8689,0.05035410007159803
8690,0.05178678411872122
8691,0.9702921844171222
8692,0.22969613612397569
8693,0.044103341154531975
8694,0.9988522637703796
8695,0.9929494071112307
8696,0.026052891455562673
8697,0.9661227719218339
8698,0.09000092168347959
8699,0.06708162791015679
8700,0.06717477788811715
8701,0.9553307862646577
8702,0.02874164927648478
8703,0.05576100298652033
8704,0.0015044668496274692
8705,0.5334085850493582
8706,0.9988850577282827
8707,0.01447865950225841
8708,0.010832095807387167
8709,0.011442527446687866
8710,0.1375969557128364
8711,0.03343585604781356
8712,0.027109160082303685
8713,0.09896935209043164
8714,0.7255761225855036
8715,0.016143598127951273
8716,0.00829799733663344
8717,0.5368286596201355
8718,0.9261461688017874
8719,0.015010845775831078
8720,0.02939898093891218
8721,0.06145763428631544
8722,0.9664832945617132
8723,0.004755724559662286
8724,0.006679829298006934
8725,0.022337340406641603
8726,0.025452430555111427
8727,0.008332175983533429
8728,0.19935932012977137
8729,0.9984039393719965
8730,0.7899892105742965
8731,0.6979540348758357
8732,0.8390905109776955
8733,0.8341823993247632
8734,0.005408462452326256
8735,0.06878185299279153
8736,0.8391778417897873
8737,0.93422401024196
8738,0.10542118747016807
8739,0.16277562909331705
8740,0.9687907949992933
8741,0.9841179429942819
8742,0.9960072228316841
8743,0.04005752898028167
8744,0.0013189452427727632
8745,0.1507117517567901
8746,0.15983686551234338
8747,0.08501702222212365
8748,0.02610254845825498
8749,0.08374211767309814
8750,0.035293029514227456
8751,0.08769889294931077
8752,0.6106743532913133
8753,0.9415541295694142
8754,0.20827388556019005
8755,0.9689687039772483
8756,0.20638938628251988
8757,0.1596293019590764
8758,0.030735168921845166
8759,0.31817865217814684
8760,0.005951096102893197
8761,0.8575149144730163
8762,0.021484720271190454
8763,0.9897365582273289
8764,0.19895746727834035
8765,0.1948715852436591
8766,0.0027074886727873836
8767,0.13782207077483666
8768,0.013523232089964492
8769,0.09679268301056192
8770,0.03052436813800883
8771,0.004884106843672833
8772,0.007465027083405048
8773,0.032143213748321756
8774,0.6778926447272986
8775,0.0063099076836241235
8776,0.0232965949007108
8777,0.3958605526409985
8778,0.15550444062973146
8779,0.01665170028611791
8780,0.004109017941316179
8781,0.9801739010601284
8782,0.08378931869887982
8783,0.028594639621367487
8784,0.0022806170488473476
8785,0.008938592450991253
8786,0.08988473437909282
8787,0.005602715009232981
8788,0.9854802854933837
8789,0.04893133639578807
8790,0.9259456385467427
8791,0.08720243428549763
8792,0.029960285277854826
8793,0.08284971222059469
8794,0.897787018664516
8795,0.7958186031819874
8796,0.007589564376300777
8797,0.5742412108798899
8798,0.9484726479881963
8799,0.06865313109042032
8800,0.02506296306360918
8801,0.010326352401804914
8802,0.012142311214041919
8803,0.43153210615700854
8804,0.004463832255797979
8805,0.14113612573576345
8806,0.17258487005136555
8807,0.03090964114145646
8808,0.5493055414079835
8809,0.36269628029567236
8810,0.01716533331225045
8811,0.3930372875375514
8812,0.917893255305119
8813,0.0071387197426046635
8814,0.5018433537205121
8815,0.9144255683165834
8816,0.8943874927154029
8817,0.9820062405233749
8818,0.8995842644474821
8819,0.3105999845053845
8820,0.31450606867123093
8821,0.06912590358376582
8822,0.6771866947572904
8823,0.9605314018761444
8824,0.012690913669770256
8825,0.021189049421274482
8826,0.27025147033808283
8827,0.6698440975283649
8828,0.16701516466006927
8829,0.10717888677531466
8830,0.011189760105631026
8831,0.0778007519661427
8832,0.279319296723031
8833,0.011444115648509879
8834,0.7957650792968926
8835,0.009735094524042101
8836,0.09521598061590478
8837,0.12480681784610144
8838,0.3028540365882919
8839,0.12290744976551674
8840,0.06807047169168173
8841,0.9866201284638024
8842,0.980672032005141
8843,0.07169599262084783
8844,0.5589213397529418
8845,0.1471005688492706
8846,0.0045141294095320025
8847,0.048537216131500666
8848,0.9882526492312212
8849,0.06628779038000478
8850,0.9032815104075959
8851,0.07214456121281627
8852,0.7223804452632367
8853,0.19227012256222806
8854,0.0007913303059256221
8855,0.02938384450234214
8856,0.01807768866485004
8857,0.063480032525932
8858,0.08683073279944695
8859,0.5403712638829147
8860,0.07596432303476405
8861,0.10381622867436043
8862,0.059863880903440775
8863,0.22753122198327808
8864,0.0048406868914300195
8865,0.920601385238971
8866,0.978370810850925
8867,0.027498449417236687
8868,0.8303539271013919
8869,0.32730811259086207
8870,0.03659349798500021
8871,0.26576211741563904
8872,0.086119814900176
8873,0.0069844893386611425
8874,0.4325434822900386
8875,0.05793035269434807
8876,0.002599032253242529
8877,0.9989781228212491
8878,0.0009601386699471781
8879,0.07209559367777815
8880,0.02163383831786962
8881,0.31737359055120495
8882,0.1902224884592259
8883,0.15071197333102337
8884,0.9704927610694565
8885,0.31157120036669217
8886,0.18912234842452008
8887,0.016036453824880448
8888,0.028337925694072844
8889,0.025439310925399267
8890,0.09811087211097763
8891,0.2146982159655064
8892,0.1712170748993426
8893,0.3402757360296288
8894,0.11805696440764347
8895,0.9696945431796613
8896,0.36240669428821604
8897,0.3671324281417909
8898,0.5401610565899185
8899,0.09383397748618633
8900,0.1895353346234697
8901,0.4772300540443808
8902,0.9986179828308432
8903,0.35889348029287016
8904,0.5783217516151836
8905,0.5684295552645087
8906,0.9627677346780212
8907,0.05323356820991545
8908,0.07346127443807182
8909,0.7605923942669199
8910,0.7293423547622511
8911,0.023169080576622994
8912,0.3769034415493693
8913,0.03037911832698084
8914,0.02455099135211594
8915,0.06971616128888017
8916,0.004005251141950058
8917,0.07625277360697155
8918,0.05785921600719189
8919,0.11776782283928972
8920,0.06392984676594012
8921,0.0853594658997524
8922,0.9490416667518005
8923,0.037665368813846405
8924,0.7614449149442317
8925,0.5703537742356808
8926,0.017874279960413155
8927,0.6385268710779706
8928,0.7034075749668633
8929,0.6073105732142923
8930,0.5700868269535428
8931,0.09602093649848545
8932,0.9585321263471462
8933,0.044425477605002456
8934,0.09080619440537313
8935,0.766361191780339
8936,0.8513938605707956
8937,0.02704405801684507
8938,0.9605637802241663
8939,0.14421679045088576
8940,0.301128606458839
8941,0.0021022647310280167
8942,0.3645906395721638
8943,0.4053992180301629
8944,0.7324293781922687
8945,0.8346890750970144
8946,0.1155831020351537
8947,0.9450492001057411
8948,0.13061725869940538
8949,0.32028871303426376
8950,0.5222544033257033
8951,0.9969770131375297
8952,0.030294324284018206
8953,0.04605944542954366
8954,0.03673463123630882
8955,0.9102342081142807
8956,0.6383426994365899
8957,0.9408470314190089
8958,0.9478913260856018
8959,0.21925601173107118
8960,0.019877123400787053
8961,0.7202536136106276
8962,0.009826252315542938
8963,0.9698225246048692
8964,0.34293506066079704
8965,0.012644030883881186
8966,0.3062084220458422
8967,0.01638146911934903
8968,0.02186878644532132
8969,0.0062658164647435574
8970,0.0052860802888818155
8971,0.010988487366802527
8972,0.0033481135199140005
8973,0.429922219851474
8974,0.06830000796363203
8975,0.9018328896721892
8976,0.22346564700832408
8977,0.06382783256500704
8978,0.4632463335135454
8979,0.0013895623611631298
8980,0.010497680553025822
8981,0.8325316254978636
8982,0.04839704586935736
8983,0.5496238638544094
8984,0.0034554373777061637
8985,0.036111017527643355
8986,0.013676448766382451
8987,0.0056013353831071535
8988,0.003123198767960196
8989,0.2863967721500586
8990,0.016890549052764808
8991,0.08167347795323945
8992,0.011121366269009758
8993,0.06375184457835208
8994,0.9880569816718661
8995,0.5677805796648598
8996,0.03410248657650798
8997,0.9846420149578643
8998,0.02249980669292506
8999,0.09588687586147769
9000,0.07820520530276615
9001,0.20411670850973612
9002,0.012281527018741033
9003,0.9639145356674785
9004,0.12185594792932274
9005,0.9057699774769894
9006,0.967117517079298
9007,0.07388948738614326
9008,0.037518030942659965
9009,0.020899518382120046
9010,0.7651707007957312
9011,0.86134576076645
9012,0.016678735911014993
9013,0.008505898510780985
9014,0.10182280597188574
9015,0.00806609255750219
9016,0.3734128191990349
9017,0.07685404059632439
9018,0.845385102037931
9019,0.20902004623068393
9020,0.01350383064917302
9021,0.3755259198598049
9022,0.04997415574494639
9023,0.19466183265213582
9024,0.047412796704600954
9025,0.39196372779801825
9026,0.1349107927056424
9027,0.9977010150512051
9028,0.1330006392033924
9029,0.0119024505263546
9030,0.6180076014111776
9031,0.19604237567838986
9032,0.22627501549548595
9033,0.9857156500241585
9034,0.012535355552543181
9035,0.01006098845589578
9036,0.01828091209068612
9037,0.03161021369918074
9038,0.15461594756102864
9039,0.09867524687680014
9040,0.03899985167301522
9041,0.41666244832700444
9042,0.23397252983122385
9043,0.31890691471198973
9044,0.004944997166646983
9045,0.059621369795092055
9046,0.006972620189303166
9047,0.08204839230492107
9048,0.09953085397151211
9049,0.9836064859157456
9050,0.09017065306826116
9051,0.9764982875301222
9052,0.026975522435155167
9053,0.017989230597384668
9054,0.028110279321132938
9055,0.34556837906918014
9056,0.32616568664651946
9057,0.05694830885605116
9058,0.9977421283733021
9059,0.056692703377004564
9060,0.028968773725454106
9061,0.28526820875715664
9062,0.8732481464163397
9063,0.028262365223973577
9064,0.0223137672060193
9065,0.34898677609916756
9066,0.15322397983269237
9067,0.26698161656522645
9068,0.019369882412268932
9069,0.01431027232272038
9070,0.0540819772082862
9071,0.06457083774100603
9072,0.8334500076882284
9073,0.673357464963918
9074,0.9345150993452374
9075,0.001547368491892487
9076,0.8913504533439248
9077,0.03267482987149593
9078,0.10459736170701943
9079,0.6266089429095006
9080,0.7510089506461302
9081,0.14000049864753933
9082,0.5416544085508317
9083,0.481193142686262
9084,0.046658678212714855
9085,0.9741093853170761
9086,0.9100733243077103
9087,0.9846667097147707
9088,0.7793747219036696
9089,0.13453330559504617
9090,0.2844755490179325
9091,0.38529717097037053
9092,0.43591657044037424
9093,0.011578955174508045
9094,0.0353328786850364
9095,0.6734945445779795
9096,0.9480022465894957
9097,0.004348397737039657
9098,0.05314419855962132
9099,0.117923562731903
9100,0.0017598336325529628
9101,0.8802125266578291
9102,0.04987207828702049
9103,0.7206040132231923
9104,0.16545430135047043
9105,0.09014484253897315
9106,0.08500247498869663
9107,0.006542777526609895
9108,0.34468548804699983
9109,0.18906745867590868
9110,0.0011243188923896132
9111,0.7830164441011569
9112,0.0044062382000692926
9113,0.5323853918630609
9114,0.009621065528072197
9115,0.791781963439872
9116,0.07554708124385637
9117,0.9067057895767816
9118,0.23727592903015238
9119,0.6186012505426455
9120,0.03386491068667889
9121,0.457221830705761
9122,0.07174858177787662
9123,0.23351761048780992
9124,0.02084858452275812
9125,0.4645545595169698
9126,0.058040503514065804
9127,0.036456691603479044
9128,0.003390611917029036
9129,0.01709392290566081
9130,0.4646502837104216
9131,0.9738620315394833
9132,0.08751560461511496
9133,0.00998618547046529
9134,0.08525827197705674
9135,0.40852472187337163
9136,0.008344718865479907
9137,0.054454092238362124
9138,0.020687971109202244
9139,0.04413693488000591
9140,0.9356765317619842
9141,0.12324215686448967
9142,0.03646679899595372
9143,0.8482038992536379
9144,0.11403443359486945
9145,0.025127132721142434
9146,0.006043670074038445
9147,0.08178478981137421
9148,0.167002598864898
9149,0.10521920644001226
9150,0.13446357311785756
9151,0.003699754845900732
9152,0.5327269483590331
9153,0.19424335983698338
9154,0.9462903695900216
9155,0.9946902473951346
9156,0.8532792371196974
9157,0.9335865073569702
9158,0.3305225984076844
9159,0.002528011876437646
9160,0.27563317684759525
9161,0.0143251569448757
9162,0.11260142739822043
9163,0.002839148002275145
9164,0.05910803492836429
9165,0.012454762907189464
9166,0.9819421430816114
9167,0.01725293000532268
9168,0.2775762264251931
9169,0.9815602076874044
9170,0.8123832251162781
9171,0.9705726881449499
9172,0.8891196649047299
9173,0.48043218645236024
9174,0.1028392795019489
9175,0.03910254477011642
9176,0.0026316835720810753
9177,0.29326715108754065
9178,0.406491506125644
9179,0.05869464311892941
9180,0.010529169299982622
9181,0.3615680876034302
9182,0.0030026995607984578
9183,0.007418780849604052
9184,0.38620779421274154
9185,0.026526889112763415
9186,0.07851602428278916
9187,0.012153434348279757
9188,0.014235902143838412
9189,0.8100993417281241
9190,0.008619463582317398
9191,0.0961945069447673
9192,0.9906295953942654
9193,0.002254111947899686
9194,0.012139069349308447
9195,0.006995195077309602
9196,0.7770990547858356
9197,0.026118666902103706
9198,0.0070501357885629475
9199,0.0540599970133058
9200,0.062206809931995816
9201,0.9989127862513607
9202,0.027836735398145414
9203,0.048500798872378285
9204,0.14701436908074958
9205,0.002589161661195032
9206,0.4457535429251706
9207,0.5225554548484722
9208,0.005585240431494276
9209,0.025446882524759337
9210,0.9590576923152753
9211,0.8609763246832127
9212,0.262674921147462
9213,0.07495726622308488
9214,0.01336480856574145
9215,0.028911899484019808
9216,0.2183768924711854
9217,0.03708043358920603
9218,0.22890362263923097
9219,0.05469218858136492
9220,0.015133090748496433
9221,0.40750851818210787
9222,0.1612256823235288
9223,0.9805704003266897
9224,0.1094381169766957
9225,0.9588067318578175
9226,0.9851171546570172
9227,0.03509614599694098
9228,0.004767734578918371
9229,0.009420277894212603
9230,0.1103344211499747
9231,0.10496426217719201
9232,0.9259446536118494
9233,0.005252016004400964
9234,0.051537122993661956
9235,0.07415697963538487
9236,0.008555106804189229
9237,0.1047770052344701
9238,0.17594405455501372
9239,0.0770706814884614
9240,0.5728577616495112
9241,0.17031294032241945
9242,0.0010699003357990237
9243,0.9866829920584685
9244,0.009096887392531387
9245,0.03501236398163225
9246,0.3468436384894714
9247,0.03359931740985657
9248,0.9885177977460461
9249,0.9987798756244324
9250,0.019362499757256707
9251,0.4592865748125715
9252,0.009541158355724846
9253,0.001763704003712266
9254,0.08805029021345594
9255,0.998696812013921
9256,0.08593154455195152
9257,0.3068383091800799
9258,0.8840685062125397
9259,0.03461213078344136
9260,0.06012209079230547
9261,0.9738279967908644
9262,0.7847969523082503
9263,0.015081268397378125
9264,0.04548391831715734
9265,0.018717132803551178
9266,0.8955940002189551
9267,0.362272412725286
9268,0.0664682167984201
9269,0.8903507530702179
9270,0.006172058059051409
9271,0.0012943605186845064
9272,0.19681329469624215
9273,0.05374265419307029
9274,0.03155325012896838
9275,0.011429033860658652
9276,0.009111553465781129
9277,0.15696083183391046
9278,0.9946052894196554
9279,0.07413531392245692
9280,0.7161492533065863
9281,0.9818180715989735
9282,0.25945772774192316
9283,0.7346849972692088
9284,0.09360772521561225
9285,0.253271284619473
9286,0.09886758322642947
9287,0.3758476484449527
9288,0.11511309983043289
9289,0.03242531193656997
9290,0.055125555595744925
9291,0.0613130092038976
9292,0.5515610275988603
9293,0.21313048734707565
9294,0.12028892710417166
9295,0.4288853317210807
9296,0.15358462898902084
9297,0.9761086328104717
9298,0.06965797607896758
9299,0.00413636325713241
9300,0.03501481441165087
9301,0.44098002091685196
9302,0.04140443008675895
9303,0.0650405154564841
9304,0.043410736659212565
9305,0.004743007055941528
9306,0.15894418404198773
9307,0.7107406435532321
9308,0.9716340154124415
9309,0.9773758188629764
9310,0.03278560341328445
9311,0.8772538432212018
9312,0.8322676217289962
9313,0.7726371991809502
9314,0.03667613778783027
9315,0.3851521123826851
9316,0.9069087438678545
9317,0.5782027849667899
9318,0.003550285999194042
9319,0.035303025201157176
9320,0.018900865322584504
9321,0.903456904018201
9322,0.6439548142681699
9323,0.28573347740445687
9324,0.010388939804880738
9325,0.04120698895085681
9326,0.2311124341457936
9327,0.06380204086675323
9328,0.7069686426332604
9329,0.07485587922395841
9330,0.857863710494632
9331,0.05337150768820549
9332,0.0390937107563355
9333,0.015320901344308618
9334,0.5123940109175484
9335,0.021563660750117928
9336,0.12532389699928637
9337,0.6785610107679115
9338,0.08054672735175486
9339,0.3553307520266696
9340,0.09537928102096319
9341,0.03745243425173977
9342,0.06778494482550107
9343,0.011761630157476997
9344,0.0909576107846495
9345,0.0014943295580327298
9346,0.04725419342398071
9347,0.04832795496706619
9348,0.02239620555677482
9349,0.12718231407261177
9350,0.04900022803230317
9351,0.011638202229774994
9352,0.04694650299908155
9353,0.04495376956016175
9354,0.026570883976975594
9355,0.43103547775952367
9356,0.10882807421362439
9357,0.035743083887274395
9358,0.20661673447339785
9359,0.9736346512780265
9360,0.056122891168821146
9361,0.0016253719525833282
9362,0.01920890140250455
9363,0.014779159967632266
9364,0.536802971842617
9365,0.0015948836344739808
9366,0.0958475044765903
9367,0.9594111131314478
9368,0.15214920228075535
9369,0.05213268886563603
9370,0.9651433306860083
9371,0.524535782527741
9372,0.01525240557697394
9373,0.002979683942675832
9374,0.037050630061913364
9375,0.18853079207620432
9376,0.8065408107660879
9377,0.06399164922360275
9378,0.9986105172912865
9379,0.14723759640717535
9380,0.02460019788356316
9381,0.988336183584873
9382,0.0688482073933355
9383,0.980962446837879
9384,0.5460690360169973
9385,0.9557871065995283
9386,0.0017241980547494852
9387,0.4395795019327973
9388,0.4545404712990945
9389,0.6391693239248162
9390,0.014236118674472343
9391,0.19409622307585495
9392,0.05220665680420542
9393,0.04023796094266172
9394,0.37097769633695243
9395,0.8371327204097585
9396,0.016072086717618735
9397,0.9986696557308171
9398,0.005590811240367595
9399,0.001726943678444934
9400,0.4614355210233412
9401,0.01911003100703372
9402,0.07364981402983722
9403,0.008910022551046526
9404,0.9823268810300609
9405,0.5697826195176329
9406,0.0016941536002962729
9407,0.004949255253350217
9408,0.484630142475164
9409,0.1800742069756424
9410,0.9218867696484397
9411,0.1508497726137919
9412,0.03530069548079076
9413,0.03824632621202695
9414,0.01824808687421261
9415,0.2849248287725662
9416,0.020770835666293896
9417,0.017105934411283177
9418,0.05139989102577534
9419,0.18362962018908907
9420,0.9740591715309947
9421,0.10964172412791326
9422,0.9972103467722073
9423,0.04249805252988472
9424,0.8007580191872571
9425,0.9841164884847727
9426,0.37040961776219006
9427,0.11182690517306583
9428,0.05798331578226046
9429,0.47441122574247585
9430,0.0009602682927531964
9431,0.9239245364056892
9432,0.00945745776410886
9433,0.9593750052664309
9434,0.005362467853538352
9435,0.9987685383026988
9436,0.9846496451317222
9437,0.0027768682233416282
9438,0.32413173083078645
9439,0.005678639334950931
9440,0.36270763309013165
9441,0.768713027726646
9442,0.05048374992564721
9443,0.07065674437416704
9444,0.05851413947650563
9445,0.9445147851972129
9446,0.005751459872564313
9447,0.9890795435551775
9448,0.05577561669920949
9449,0.022847434648610578
9450,0.04915164447154448
9451,0.007939132459915985
9452,0.9856752989495966
9453,0.4171230091916271
9454,0.01645766886792947
9455,0.02663614088576872
9456,0.0039520041525006435
9457,0.5273975381963034
9458,0.0077847071714869515
9459,0.3311532710734615
9460,0.044643555668787645
9461,0.9036219967505887
9462,0.3254880650636651
9463,0.05577871726069832
9464,0.12009398273116517
9465,0.0009939402200798034
9466,0.33127064830127206
9467,0.9273819002239081
9468,0.10205177256084522
9469,0.0013463792379322277
9470,0.9654063612663648
9471,0.00877414626018485
9472,0.9638305527932262
9473,0.13351608640777818
9474,0.952523482765274
9475,0.01713888769305267
9476,0.04922142764389196
9477,0.07630900593283244
9478,0.4326768751555843
9479,0.05850954398333652
9480,0.918740953339028
9481,0.9681661956419454
9482,0.20736779013857343
9483,0.9448760365037996
9484,0.07590021716416562
9485,0.2342516623102186
9486,0.9534743581791327
9487,0.745264285108959
9488,0.9833011830824113
9489,0.1953173039340413
9490,0.006340838036255245
9491,0.02024021705757549
9492,0.9949312929630587
9493,0.13350699601798183
9494,0.057905159804902955
9495,0.0018154710436829049
9496,0.00885823424977921
9497,0.08823222109309166
9498,0.3246885117008784
9499,0.9702150575572739
9500,0.2105064406550764
9501,0.11462810186715834
9502,0.9715431168409496
9503,0.9808165691054329
9504,0.3494560329816937
9505,0.8113116056351299
9506,0.9923304106580044
9507,0.024116198888141187
9508,0.03440515376685629
9509,0.09686057745107263
9510,0.012720079613208504
9511,0.18448778039239572
9512,0.2504524925488576
9513,0.7400246401749859
9514,0.20046151741236232
9515,0.052287939495768265
9516,0.1932609399857224
9517,0.03454681888222706
9518,0.01245538925104464
9519,0.03848402358604896
9520,0.0017504640824526256
9521,0.027496612214128063
9522,0.3581911315730242
9523,0.052187602168560235
9524,0.060136683270415325
9525,0.0020812308373592313
9526,0.585896066647517
9527,0.04955028646075921
9528,0.05579204039450648
9529,0.14185253595068076
9530,0.03638158623825807
9531,0.03748106938405385
9532,0.013904922288985851
9533,0.5257304176308288
9534,0.8150481527426272
9535,0.8273655233925866
9536,0.01288919060797929
9537,0.9956299304199181
9538,0.03007317830443955
9539,0.4832599593831474
9540,0.9636216854339344
9541,0.25577801932933464
9542,0.29565609783872526
9543,0.004751624367183924
9544,0.022646945599865912
9545,0.07359654967658417
9546,0.9758008376301472
9547,0.7728260099908284
9548,0.011297248274843436
9549,0.15828908403358272
9550,0.782428431744866
9551,0.6522796138338196
9552,0.9721128596067731
9553,0.5943388434470951
9554,0.983872734780977
9555,0.31023680998066944
9556,0.015015047341180825
9557,0.978635958033332
9558,0.06001244963311697
9559,0.07790857880193039
9560,0.001191913472904263
9561,0.11207018199573737
9562,0.9972250268660785
9563,0.20879581281357448
9564,0.9805264916747831
9565,0.005013941047452663
9566,0.071402386954362
9567,0.9929716434609681
9568,0.041802078377109184
9569,0.08314276731074247
9570,0.053715119156168695
9571,0.059634172400250374
9572,0.13581541431790733
9573,0.856711997954889
9574,0.7702891151520194
9575,0.037300386510950294
9576,0.9820685684229913
9577,0.2327229338416124
9578,0.007149913239630283
9579,0.0051894854489911175
9580,0.9256173945773589
9581,0.8820347363677365
9582,0.011187478069556629
9583,0.8132376748688599
9584,0.896222203976214
9585,0.017350566651381714
9586,0.005079633019233679
9587,0.01311689720249646
9588,0.9252108614769529
9589,0.012419195918961557
9590,0.106861913836588
9591,0.2830703698982026
9592,0.6763277848583332
9593,0.019122012005242175
9594,0.940825620641911
9595,0.9849254535033682
9596,0.0432327891160044
9597,0.9398187271319087
9598,0.9812845321091297
9599,0.09971259820408614
9600,0.9105642181379188
9601,0.551561541014133
9602,0.009553800410521656
9603,0.06159724288961528
9604,0.1387835576471502
9605,0.08321571598655214
9606,0.001254064788243575
9607,0.25830613290424365
9608,0.6668424982176681
9609,0.6217774156549452
9610,0.009823109467042538
9611,0.0029365586330461976
9612,0.008700069495745245
9613,0.11265643226747425
9614,0.5070274556355243
9615,0.18808072923513758
9616,0.934234175774392
9617,0.02558118846349531
9618,0.6428433955552253
9619,0.1829432193980963
9620,0.005221990816164791
9621,0.12624384859360752
9622,0.01239380176004549
9623,0.5543473241115396
9624,0.27250252021962995
9625,0.00551128171725775
9626,0.06999695379405699
9627,0.0410397478160409
9628,0.9739869796528575
9629,0.798348289244869
9630,0.9391827262404037
9631,0.9982723802793636
9632,0.996523798091552
9633,0.052043947995739664
9634,0.08367189657533564
9635,0.9988043137507145
9636,0.988289591051869
9637,0.005343774677126817
9638,0.05476357912966941
9639,0.08031641994229749
9640,0.1537501472433571
9641,0.017191010057155787
9642,0.11630004866457111
9643,0.19889303748777004
9644,0.9828263180620898
9645,0.09159892299647018
9646,0.3443736946889682
9647,0.5414175386268549
9648,0.001155846813520499
9649,0.19339677953668918
9650,0.011356430067079927
9651,0.9898389116776273
9652,0.6886629470300553
9653,0.19277934851692233
9654,0.2692145054977179
9655,0.016216427872958485
9656,0.4135988167861073
9657,0.936656375895576
9658,0.9989984495444441
9659,0.05850165209844735
9660,0.02631757477194991
9661,0.04575415839173726
9662,0.9795253197359954
9663,0.0076771898687083276
9664,0.007107975135574652
9665,0.10189183038867985
9666,0.03816321426574302
9667,0.05595895907518456
9668,0.2031418832338222
9669,0.09448043982659399
9670,0.6356764454588866
9671,0.34066427436043106
9672,0.04972600760611266
9673,0.053446284278139744
9674,0.7365192246502399
9675,0.14132857939269178
9676,0.10464276891986565
9677,0.001898848337156637
9678,0.9709563267172004
9679,0.03351072945073005
9680,0.42625693988306756
9681,0.5572307249318901
9682,0.23307219721995998
9683,0.9532562944836317
9684,0.04072984534766122
9685,0.7762074610516454
9686,0.11433615289253032
9687,0.08612271967629788
9688,0.04273514044577523
9689,0.007710035471740033
9690,0.1757855486898125
9691,0.8797370472252244
9692,0.09561446071757923
9693,0.022600646478372167
9694,0.7313957681595123
9695,0.00836709266222639
9696,0.9636369270312659
9697,0.2480684100699491
9698,0.05438884228992981
9699,0.012440035895477654
9700,0.1574928127064102
9701,0.16156016339180018
9702,0.9963035880826024
9703,0.11927129674240294
9704,0.030237900297046996
9705,0.13851964750538145
9706,0.7604558256998224
9707,0.05474217766146969
9708,0.02307978228468828
9709,0.18749916857980303
9710,0.47024237840822564
9711,0.10640599338637295
9712,0.48457556737922264
9713,0.5306981343415206
9714,0.00870386256633227
9715,0.0450864608372891
9716,0.24734843739728668
9717,0.01648091022200937
9718,0.015107144021165992
9719,0.11846718833741822
9720,0.9887381310539025
9721,0.9698302706592328
9722,0.05576219430749197
9723,0.014142551786731293
9724,0.14082830975726957
9725,0.8971750216592213
9726,0.12590476330514333
9727,0.16610294392920597
9728,0.323970968764865
9729,0.01682911854193972
9730,0.9785948295627245
9731,0.01768247870374056
9732,0.0017110059045230388
9733,0.009946555600330271
9734,0.06389180704058267
9735,0.6669663794362204
9736,0.08020836029133263
9737,0.03333774826495044
9738,0.06849294911752057
9739,0.9854317920365673
9740,0.05772443297345794
9741,0.04568148099951283
9742,0.039660900932064196
9743,0.7100264421489297
9744,0.034328698272477365
9745,0.7847687296501257
9746,0.006895696355442146
9747,0.4285977548427564
9748,0.7408852814714576
9749,0.9742099365857201
9750,0.0093433870109971
9751,0.9908465562691191
9752,0.008623497367772057
9753,0.9623682208403264
9754,0.3436061050942387
9755,0.9969322556531715
9756,0.13455479580966495
9757,0.9716904888464787
9758,0.16012829951757596
9759,0.021675197819499996
9760,0.0034444341303957538
9761,0.23677619214319778
9762,0.0012858321111571154
9763,0.1377876338346729
9764,0.886647415022545
9765,0.12750337085533697
9766,0.07577686735768357
9767,0.8847595346109165
9768,0.42578705734194056
9769,0.004840837754764945
9770,0.6065623706412573
9771,0.1136937033005845
9772,0.03854160878769671
9773,0.5991707926727388
9774,0.018902624314623247
9775,0.10069742913741561
9776,0.0031206156105944307
9777,0.12125572949262714
9778,0.08289827895145115
9779,0.13088179308105818
9780,0.9910986337571548
9781,0.1287407387795824
9782,0.7659330344838995
9783,0.16470767295229893
9784,0.4151421974842048
9785,0.966427697335016
9786,0.6263178919244223
9787,0.17528135219450672
9788,0.002369118158521426
9789,0.23474733240565096
9790,0.2814703010057764
9791,0.03748433307040076
9792,0.10945405232011819
9793,0.1111101440968934
9794,0.6761940497727708
9795,0.0704462595182836
9796,0.06004019125703514
9797,0.8720575230981784
9798,0.5224654278500322
9799,0.03489295181112622
9800,0.050338147723754764
9801,0.0174030776966681
9802,0.13868002826248416
9803,0.015934149240839704
9804,0.7943919976493169
9805,0.007031166408268856
9806,0.8595886888167101
9807,0.04976222410406676
9808,0.028336404407158983
9809,0.0828178208410095
9810,0.0065565313655522725
9811,0.01273113581072053
9812,0.05098753747594385
9813,0.002061875918576637
9814,0.10525831585200363
9815,0.24875308667742652
9816,0.2271611385068265
9817,0.046263589714375136
9818,0.5323633009825973
9819,0.9579031783372409
9820,0.07042994403596577
9821,0.0898656797455761
9822,0.006773743979103943
9823,0.9351577396796174
9824,0.3630676789523947
9825,0.9813277056273364
9826,0.006610993309989639
9827,0.9950968854258604
9828,0.49526162777844296
9829,0.6138033882195852
9830,0.9682605258125536
9831,0.010859990940823024
9832,0.076195833660585
9833,0.14454605694131245
9834,0.04154168031450428
9835,0.36157352503188944
9836,0.983452369011296
9837,0.99644240972325
9838,0.0010468651197663777
9839,0.037475919518055116
9840,0.9971232974383217
9841,0.044484846404931826
9842,0.5539827726344986
9843,0.7813921425457506
9844,0.14023094519231433
9845,0.002400640966752604
9846,0.7664996948195637
9847,0.43345021909369796
9848,0.029675672098331093
9849,0.0041976222158460145
9850,0.21830987910356064
9851,0.05464184396467008
9852,0.10053139196092417
9853,0.015173223976348744
9854,0.12542151349058916
9855,0.2793381660548867
9856,0.050838453852805554
9857,0.9489176576668412
9858,0.04561611583018427
9859,0.8863175855388339
9860,0.06994180068594716
9861,0.07289510201572363
9862,0.028702240268474816
9863,0.0035964135070946047
9864,0.9189771239358899
9865,0.9970201133744641
9866,0.03998609193179542
9867,0.0013871492825224113
9868,0.49070415321142635
9869,0.09875371737477937
9870,0.8403405007986622
9871,0.9828960885188225
9872,0.10570891769033874
9873,0.018540795124739287
9874,0.8217230459603104
9875,0.13460863845841498
9876,0.09757009006311919
9877,0.10368765902456215
9878,0.039154980797107
9879,0.8944603945358051
9880,0.005034257682016293
9881,0.9561398235318165
9882,0.9609657696281869
9883,0.03042208991713631
9884,0.02545056007514331
9885,0.04070635206721629
9886,0.1544531401194495
9887,0.017132535922932103
9888,0.9528317279563676
9889,0.998699435743987
9890,0.2959479250791139
9891,0.017274531076990805
9892,0.057740641576364
9893,0.29338957131287513
9894,0.07403801050288258
9895,0.09631779921117839
9896,0.7959951743609271
9897,0.14987895349107905
9898,0.03397725971968506
9899,0.14991724617454638
9900,0.15036993732466752
9901,0.04776090626151199
9902,0.0589674166506388
9903,0.1258797552389994
9904,0.7832750306191576
9905,0.08415597331212613
9906,0.11876671178298638
9907,0.40880781399685934
9908,0.0041581923305386665
9909,0.9649888543271005
9910,0.9799833096542306
9911,0.07702476996206188
9912,0.03648889657557181
9913,0.016926016935055327
9914,0.16550870633816933
9915,0.9836376866632025
9916,0.12078495218883208
9917,0.060133361023906415
9918,0.011564577507800662
9919,0.5489421621556354
9920,0.020379578437624113
9921,0.39184010099429856
9922,0.0011053693740875055
9923,0.2758183642060153
9924,0.1634187785382757
9925,0.2880446822563617
9926,0.06780985586940455
9927,0.22587234227538844
9928,0.006610476236195359
9929,0.9320994758155193
9930,0.9670197956313638
9931,0.5353874559803325
9932,0.12289525456057997
9933,0.20138354631166716
9934,0.009097141093067508
9935,0.7766521520663976
9936,0.9871920153077569
9937,0.3220423745451864
9938,0.3616051648711158
9939,0.06729279708041055
9940,0.16427657067257911
9941,0.032834846698308245
9942,0.06769862352453741
9943,0.007889638847407753
9944,0.038421788492414316
9945,0.9698951700799268
9946,0.06265512078947755
9947,0.12431615660567624
9948,0.04088629252891861
9949,0.004936315216462055
9950,0.041929538695012196
9951,0.20077162915457136
9952,0.0057888014224752125
9953,0.9966432887141878
9954,0.7201701415271566
9955,0.10975371675310333
9956,0.8086476270443242
9957,0.012479347362533038
9958,0.9719401410242956
9959,0.20915920205183694
9960,0.6565264863482685
9961,0.018797545540139977
9962,0.046947257048982234
9963,0.012617218915877259
9964,0.2114440484630814
9965,0.032070433664199545
9966,0.005277243415950012
9967,0.005806633702056891
9968,0.08121849185719085
9969,0.006205353813601068
9970,0.07341008248330003
9971,0.995212028248706
9972,0.04053236429503221
9973,0.050420734387550924
9974,0.025647435477623427
9975,0.9722601154065718
9976,0.44034344701640427
9977,0.13979790879624182
9978,0.10093388042700235
9979,0.002466131338072058
9980,0.07916858156982798
9981,0.09463971126862972
9982,0.004665390386379193
9983,0.17287067520309463
9984,0.025757929720734204
9985,0.0038479819851484683
9986,0.05134942588466194
9987,0.15938578627106312
9988,0.07615858389539903
9989,0.03352478336502499
9990,0.12415186320669029
9991,0.9482109881054233
9992,0.09772449920910209
9993,0.04082326571320791
9994,0.7330737468102823
9995,0.0012690167001978587
9996,0.18565356689429005
9997,0.5531370580700555
9998,0.9901232167105588
9999,0.050416371770645355
10000,0.2780673193084352
10001,0.9753030840128595
10002,0.361365598386187
10003,0.299591143065837
10004,0.01264241254075214
10005,0.967113768683979
10006,0.9709827415756359
10007,0.018562245486451894
10008,0.9869770805668616
10009,0.9590261251637171
10010,0.1113327626117386
10011,0.026838046030330978
10012,0.9176297193743099
10013,0.02831482235231675
10014,0.3252700054657144
10015,0.11406276993201118
10016,0.04637286339924998
10017,0.009187106703111899
10018,0.0015323598574026372
10019,0.06939021909254192
10020,0.04655950165598219
10021,0.05327932668516227
10022,0.9874846669572652
10023,0.9945157659393854
10024,0.6112952349936728
10025,0.015518533169236385
10026,0.018782221300377426
10027,0.05791182038468089
10028,0.8726872381020002
10029,0.07862089076976775
10030,0.0032019110550901677
10031,0.04856437919682086
10032,0.6680465372658655
10033,0.902209619134011
10034,0.005421704514121503
10035,0.014159618811490783
10036,0.0868211895999952
10037,0.9338040043874598
10038,0.005516280964830157
10039,0.41437580115457584
10040,0.12494444064219765
10041,0.006745463835683034
10042,0.9180872899458044
10043,0.026655198056933015
10044,0.24942783894063797
10045,0.013758631770801931
10046,0.006223712183922319
10047,0.8405761239358148
10048,0.16194072312305946
10049,0.8304915005093032
10050,0.008085859546991921
10051,0.5811249972495256
10052,0.9861718162718422
10053,0.08298525382950062
10054,0.639290544790944
10055,0.17148591799453436
10056,0.004686909729991407
10057,0.9769241455277133
10058,0.9691346347416461
10059,0.05299889750089644
10060,0.8210966633372034
10061,0.09150871380453862
10062,0.0016808206320583527
10063,0.06874503646611166
10064,0.9843988508875512
10065,0.12298091498855696
10066,0.04441502613706544
10067,0.05228247958989367
10068,0.01629505569606783
10069,0.04480046736320289
10070,0.043581800725247206
10071,0.6448502161679854
10072,0.9668133313172675
10073,0.757921607563549
10074,0.22451441364367963
10075,0.8864639150152
10076,0.9505720620581224
10077,0.04864774285311406
10078,0.030649887239725095
10079,0.12618712589279396
10080,0.07681536176000181
10081,0.05756388040994394
10082,0.3760034572456928
10083,0.007836782278097674
10084,0.13702119531728996
10085,0.27836614671860666
10086,0.09148973555205006
10087,0.8085676530251091
10088,0.02868404808972122
10089,0.835243533602487
10090,0.0014933015979302323
10091,0.09223001956785966
10092,0.004141650639080573
10093,0.02764041636821366
10094,0.45906942784857085
10095,0.03757508647657992
10096,0.03714163713404693
10097,0.9838810482387804
10098,0.17784710839639556
10099,0.24231208455081943
10100,0.007675258399356639
10101,0.00623915652222905
10102,0.04431891960470238
10103,0.016986007105648387
10104,0.9678172821628488
10105,0.005074287677658326
10106,0.17652521235410298
10107,0.0026797586307170575
10108,0.3292229312952494
10109,0.08652399637569126
10110,0.21087334495925522
10111,0.016230771006097794
10112,0.012346790264675812
10113,0.05226822143188796
10114,0.12505672020470998
10115,0.002137194948911699
10116,0.7226609521469682
10117,0.038818986656533466
10118,0.15733083164383185
10119,0.51981423327623
10120,0.3468525940092513
10121,0.15889082590350342
10122,0.20932448221737063
10123,0.1565258855909832
10124,0.004612114493591768
10125,0.06990984700895934
10126,0.9824567534227947
10127,0.03295654572915553
10128,0.06410832117034151
10129,0.040594397563452775
10130,0.13635985428471464
10131,0.5980874096502321
10132,0.49186531782586096
10133,0.1070785346128982
10134,0.9827840004037127
10135,0.04910000922397178
10136,0.010255056968634988
10137,0.00652162198842517
10138,0.5005915370302924
10139,0.9037261843749002
10140,0.2863518446312697
10141,0.1817523869189555
10142,0.013648547130270835
10143,0.07700344841301202
10144,0.0020743256818130454
10145,0.014808031109564777
10146,0.08976334446028364
10147,0.354652015160113
10148,0.64655371657024
10149,0.7951979254950279
10150,0.116413719615279
10151,0.034842920391741555
10152,0.006444123631819962
10153,0.9169823767942569
10154,0.05528928558359464
10155,0.02493497342943387
10156,0.5521611957110519
10157,0.2519385554153223
10158,0.4746633689303548
10159,0.16222417682947024
10160,0.9833848944801932
10161,0.019714950201344242
10162,0.9421221610454069
10163,0.9983395250932074
10164,0.00486827250560657
10165,0.012805888214009893
10166,0.0027763279053086396
10167,0.5038342589916095
10168,0.3363840007662161
10169,0.9308295779009553
10170,0.005632343533339161
10171,0.18860389852395215
10172,0.32251356165894557
10173,0.18863448493105384
10174,0.002369724837681766
10175,0.36189076877596194
10176,0.0032056328823520048
10177,0.9985506014265246
10178,0.03241336407062727
10179,0.04677923536680298
10180,0.13619890529016226
10181,0.005692990697012347
10182,0.03181157169797158
10183,0.9555880098798756
10184,0.998645198858156
10185,0.9362041338991861
10186,0.3152826003218637
10187,0.03707786778633218
10188,0.029119478972577807
10189,0.0054398474004729224
10190,0.0015369533807984424
10191,0.9817196710100238
10192,0.9671334996655103
10193,0.1972678641675109
10194,0.10134484829690464
10195,0.026342500636234084
10196,0.6641640940204987
10197,0.03587406325306512
10198,0.06924193634178782
10199,0.07432321788620662
10200,0.005705571279181532
10201,0.009676035052804063
10202,0.05091362859493623
10203,0.018262150303421515
10204,0.9002729601960127
10205,0.014986261017146974
10206,0.9978331018669011
10207,0.016459488235115102
10208,0.97858782344901
10209,0.8768076655046053
10210,0.9861585526211194
10211,0.5317935746670304
10212,0.8809010153255792
10213,0.3329172684140437
10214,0.15054248354526145
10215,0.028122906908019652
10216,0.4075391166752004
10217,0.8540209938674088
10218,0.008921645075646804
10219,0.06296735096823766
10220,0.1476534423072025
10221,0.00348815897259375
10222,0.003796921345586681
10223,0.9707019009581822
10224,0.8796585396385975
10225,0.0719411214188914
10226,0.0319209543346495
10227,0.9987260918497637
10228,0.007898378248644743
10229,0.5148551938263859
10230,0.998098016152055
10231,0.012448629821549382
10232,0.2203679910295782
10233,0.21698717580531207
10234,0.07624265718417772
10235,0.018362344997114352
10236,0.024705801179682296
10237,0.44137766783190874
10238,0.061280524528057344
10239,0.9423372723104215
10240,0.06687595743375763
10241,0.010471769864666858
10242,0.08960090029233334
10243,0.09061353507871883
10244,0.0065856866944574155
10245,0.936186141838871
10246,0.03458487484163866
10247,0.4404002099547183
10248,0.6079271762897693
10249,0.7744755795271536
10250,0.005003692431473493
10251,0.022117460524128288
10252,0.019434271783152178
10253,0.8293841544526241
10254,0.1940693607249091
10255,0.15963325474171544
10256,0.9269186427801833
10257,0.79853862360095
10258,0.007604995386275012
10259,0.030290937932208235
10260,0.9819146070974542
10261,0.008518154954607005
10262,0.0010266995960893973
10263,0.6816330406195712
10264,0.6898617639119684
10265,0.0102563808858797
10266,0.558072266931745
10267,0.8842264871500948
10268,0.007792193240669617
10269,0.04356091609710349
10270,0.6322355027284583
10271,0.009215397674023601
10272,0.08182768107106043
10273,0.8243092314492736
10274,0.507737208192665
10275,0.13761230159087132
10276,0.22138969808742504
10277,0.143656251069732
10278,0.12857140429075575
10279,0.9842558880772831
10280,0.02738452599588226
10281,0.6505126370701326
10282,0.020433650075451046
10283,0.5789419564504439
10284,0.2711683631917795
10285,0.04565110778523514
10286,0.07787408705441959
10287,0.2709227164243674
10288,0.9344980070622357
10289,0.8633852246403843
10290,0.0684932198034631
10291,0.04222319081869293
10292,0.010558952147202608
10293,0.0826471195886788
10294,0.5642176696275389
10295,0.26853214491933036
10296,0.9759754087336873
10297,0.14900114441690648
10298,0.03839235898920605
10299,0.14200814087319039
10300,0.9259392426515956
10301,0.0030454087258725174
10302,0.7449318951755148
10303,0.08662855283178142
10304,0.15511655269405372
10305,0.023600161747315485
10306,0.8872302066455771
10307,0.10545837230188686
10308,0.13603277175362266
10309,0.1360969480385021
10310,0.05865049317475994
10311,0.13592935909248108
10312,0.9614672545807466
10313,0.03771513163291727
10314,0.0007852380336628559
10315,0.6361841735580444
10316,0.2655075882139698
10317,0.06262533729638951
10318,0.43973422157364694
10319,0.013603155286533244
10320,0.11628176194560336
10321,0.0952465834538809
10322,0.1703817726437919
10323,0.1149197805202438
10324,0.0012852370360485637
10325,0.29954960638800143
10326,0.41751181596282216
10327,0.00970973170531643
10328,0.865629884935051
10329,0.159772380013187
10330,0.020665492945148918
10331,0.05015909503406167
10332,0.05457413917224962
10333,0.5110846456521783
10334,0.8966603723118025
10335,0.940692321771529
10336,0.3062363658290115
10337,0.39739091957070655
10338,0.48520800133971104
10339,0.4815263497956769
10340,0.7539489663805666
10341,0.05400205847256881
10342,0.7296889492124664
10343,0.9375041677685109
10344,0.786557429537708
10345,0.012066391185084176
10346,0.9660610334374459
10347,0.9484761466852716
10348,0.06205245347446594
10349,0.8011452855648563
10350,0.14952454109801033
10351,0.9702982565261838
10352,0.016975334104129516
10353,0.9516588114067915
10354,0.5516361941897683
10355,0.1922476225922156
10356,0.12306483625603996
10357,0.06866948902224744
10358,0.9834564656990792
10359,0.01316535204469209
10360,0.943407239053677
10361,0.9459540374461042
10362,0.005160275995126706
10363,0.01600710812367846
10364,0.23590070024348458
10365,0.008377568561149951
10366,0.05539414666647448
10367,0.01272538810474446
10368,0.9873075152804307
10369,0.02990491102132839
10370,0.0026867073567688055
10371,0.31479406466125004
10372,0.030062366376308228
10373,0.41967795280634734
10374,0.9749388432626598
10375,0.0012296508365728961
10376,0.021865459576085492
10377,0.14457313385650117
10378,0.625942888982882
10379,0.02832996438147275
10380,0.09295525797686582
10381,0.028067175626011832
10382,0.9728699534822753
10383,0.9989734737335483
10384,0.039168378896994954
10385,0.051057104915646245
10386,0.06104664727800732
10387,0.0040618398011305935
10388,0.052174107506380935
10389,0.035776391655145914
10390,0.42508816513042114
10391,0.007062259660099254
10392,0.16902525669040233
10393,0.017290247465850145
10394,0.7708942710419644
10395,0.13110008518234928
10396,0.47517048965859016
10397,0.13280238484598306
10398,0.9299430151712018
10399,0.11770540245291594
10400,0.6900472609517192
10401,0.45624930195181573
10402,0.5979021176511929
10403,0.062050174907310664
10404,0.012586913009673253
10405,0.6792794202569477
10406,0.5415036073698007
10407,0.006997660012456386
10408,0.978761910559453
10409,0.07709623320598061
10410,0.3135576856088411
10411,0.06015246942135577
10412,0.1314092366859324
10413,0.03266209713727745
10414,0.9863417817452608
10415,0.1193700644025367
10416,0.5273792426723118
10417,0.0461021629131385
10418,0.9840018406105397
10419,0.11182518625579511
10420,0.7958436414307735
10421,0.9186142573560175
10422,0.6305654542236461
10423,0.08414999381330243
10424,0.7780978670123607
10425,0.21143791095572667
10426,0.012516701441506002
10427,0.04145524783352872
10428,0.02681003703466948
10429,0.03791649789864594
10430,0.16383066495826204
10431,0.609827803856103
10432,0.9725750641258242
10433,0.12052735466984942
10434,0.011290768793717376
10435,0.05462829909421844
10436,0.08092284482469131
10437,0.005045698376352204
10438,0.006471368115336847
10439,0.0013642875823100021
10440,0.001032272912030215
10441,0.8824021413946254
10442,0.9353907528020912
10443,0.4885967009151406
10444,0.19800520949205916
10445,0.0220783413776315
10446,0.004391720014459491
10447,0.630073840581422
10448,0.008033316009332755
10449,0.9904362333599447
10450,0.988015547927152
10451,0.20651032617712606
10452,0.9866186498127338
10453,0.7465250212875421
10454,0.30582243608139564
10455,0.010736334559781357
10456,0.008239115957190013
10457,0.005548948532359076
10458,0.9416511480196472
10459,0.06043758563461409
10460,0.030197742337138445
10461,0.34414625825165457
10462,0.20422915690351476
10463,0.05188155903420655
10464,0.9599643479793488
10465,0.03691266410779093
10466,0.13765608160879247
10467,0.029061249711465283
10468,0.6269795774293291
10469,0.8311496131004291
10470,0.8551120522706548
10471,0.015460097593476076
10472,0.7111262610990537
10473,0.10824445912741802
10474,0.1996450142774532
10475,0.029035677641630654
10476,0.08321639770611536
10477,0.9950260539034936
10478,0.8919975305666895
10479,0.05626522109698893
10480,0.9769742568560833
10481,0.9556747287213108
10482,0.28767446895303317
10483,0.06505415680266405
10484,0.9661639618643588
10485,0.03643388525288527
10486,0.1374962855325621
10487,0.07521992228890689
10488,0.046747608182722465
10489,0.24021726525997772
10490,0.6462895319992169
10491,0.038415340324848446
10492,0.0012906168083644729
10493,0.9928421681030796
10494,0.16691200443844273
10495,0.9787699874371536
10496,0.14861780359732535
10497,0.061748511254118815
10498,0.24968464565950269
10499,0.03405379006494666
10500,0.9911731237112897
10501,0.5210431235168572
10502,0.5960775511108936
10503,0.9693813660946193
10504,0.14226350847991298
10505,0.035946924869671194
10506,0.34690571181348884
10507,0.10512073414267342
10508,0.03590375526720163
10509,0.05588393745048954
10510,0.8273071267091595
10511,0.22923202835093448
10512,0.03671869370403248
10513,0.0818213898843669
10514,0.8098778295112101
10515,0.009035679887642194
10516,0.8098707448034448
10517,0.04212048678193501
10518,0.2729849283809325
10519,0.8426398963371302
10520,0.9945706637578402
10521,0.29020325926701973
10522,0.008163294329683806
10523,0.02347373689367352
10524,0.9440607770369374
10525,0.6208014477870272
10526,0.3063805258588958
10527,0.4762327470004498
10528,0.8730491337264117
10529,0.9602571317123745
10530,0.0603438206884602
10531,0.04200323570233066
10532,0.03328267794359605
10533,0.07984705145285287
10534,0.06938233821369133
10535,0.24081722308928574
10536,0.9753738751627545
10537,0.07454083099076153
10538,0.021231479319932862
10539,0.06754721485260343
10540,0.6953300006154681
10541,0.9351665007462291
10542,0.1352177678728398
10543,0.9388719890326276
10544,0.7589324985532893
10545,0.9389492311164784
10546,0.9988679536264559
10547,0.7451620135923938
10548,0.025752797033341036
10549,0.9788563527534178
10550,0.182216839713011
10551,0.003570205131466022
10552,0.011480823532130032
10553,0.05746561132916206
10554,0.8991866072453001
10555,0.12268981656535202
10556,0.2499884740184689
10557,0.07589187194329272
10558,0.884252324479027
10559,0.8747047875499092
10560,0.04915229852968876
10561,0.001272738461591181
10562,0.1472106247086466
10563,0.9063340887617989
10564,0.6700772415351122
10565,0.0055461161799404465
10566,0.4897561485582637
10567,0.026893403683084585
10568,0.06356554966793598
10569,0.15283585994409074
10570,0.3849098360697145
10571,0.08666406594779996
10572,0.13900196535826903
10573,0.3129266182838976
10574,0.9646004984082206
10575,0.0038638803788738412
10576,0.006613307356169953
10577,0.97623565639515
10578,0.8841009632291783
10579,0.06210515350971958
10580,0.002073114056778808
10581,0.017755219728172768
10582,0.9295057167510213
10583,0.9740500490698197
10584,0.024424761924916827
10585,0.9623646140423664
10586,0.2159587158595871
10587,0.9498101176945173
10588,0.016468850352051857
10589,0.16392714431258285
10590,0.34080940557711215
10591,0.007641995223940057
10592,0.8466554234040314
10593,0.035365327995565306
10594,0.01332407219265438
10595,0.002761981600227873
10596,0.10140867239280657
10597,0.9653817378798577
10598,0.15640231446679592
10599,0.1118563297094062
10600,0.1814981517903279
10601,0.7989065921385559
10602,0.10075154333372469
10603,0.9489346936752098
10604,0.0011266791880880464
10605,0.7457416228803959
10606,0.9925285778695734
10607,0.01207856011347356
10608,0.035202350081268874
10609,0.15429629642009568
10610,0.0720913066817967
10611,0.9464680392833735
10612,0.01393950621162932
10613,0.05416141180007228
10614,0.024791849471046082
10615,0.061411353725984594
10616,0.1385016045958557
10617,0.47772114893608014
10618,0.9463750377851979
10619,0.011122163419308542
10620,0.9416422810844893
10621,0.16711377180594966
10622,0.5367155277763955
10623,0.11625221832468975
10624,0.058940615428241576
10625,0.204560295582424
10626,0.12180271553861448
10627,0.07987975779635352
10628,0.3822048911325068
10629,0.0029480775230167145
10630,0.985410440681729
10631,0.001587652092663962
10632,0.04770906350771709
10633,0.017955670387966846
10634,0.5356978201307325
10635,0.8949845649681354
10636,0.5910756864380127
10637,0.9984236844748315
10638,0.10064720696577242
10639,0.2530142575721687
10640,0.17629799071200464
10641,0.23958118490970717
10642,0.40439390428630745
10643,0.002264024516164414
10644,0.02310410470418227
10645,0.9980205502400826
10646,0.0038926491733644324
10647,0.003931265259469263
10648,0.0033617214312877206
10649,0.9105955724762015
10650,0.24935813774233226
10651,0.132796616236105
10652,0.9978997127159914
10653,0.2584538307074763
10654,0.8764338025607257
10655,0.17731244525744114
10656,0.9861970659082635
10657,0.22394584645544963
10658,0.326961643600906
10659,0.018603494625082893
10660,0.0015234453487075936
10661,0.9664613875867494
10662,0.02345103029061326
10663,0.19693274790772142
10664,0.06880297608836394
10665,0.007970217594696002
10666,0.4087105298387122
10667,0.3249798804588823
10668,0.6585754401482076
10669,0.010978122316406682
10670,0.026081261762256683
10671,0.0027485967523177496
10672,0.0012533140649040903
10673,0.2735834696572455
10674,0.4259949112947609
10675,0.6722267994270137
10676,0.023426294389546833
10677,0.984945677174794
10678,0.06096557021813453
10679,0.06146829453129707
10680,0.0037029016549417282
10681,0.4839192866294686
10682,0.03730169516148803
10683,0.47191081149463515
10684,0.020256689561501954
10685,0.9691899476766366
10686,0.9940391346024559
10687,0.029406482419523726
10688,0.014752372575377341
10689,0.8817389327053121
10690,0.005491942109272228
10691,0.4455440148440394
10692,0.9454273504859626
10693,0.8257690942304501
10694,0.018174176651897644
10695,0.579087244419314
10696,0.057029353071759964
10697,0.012062257509929444
10698,0.8430195193353168
10699,0.9989180945978295
10700,0.925270786182693
10701,0.12966673805337264
10702,0.008526648521180825
10703,0.9741842961092995
10704,0.47937789151321414
10705,0.979893019859746
10706,0.7215254169806802
10707,0.9680507545773211
10708,0.0036654730082422964
10709,0.14932083720099046
10710,0.0033857200774510716
10711,0.0012087796280422218
10712,0.13609816654783297
10713,0.1243388401883282
10714,0.0024124749887201014
10715,0.31035066674075257
10716,0.7894228993165745
10717,0.09528925632831817
10718,0.0014462394724707483
10719,0.12524575148987538
10720,0.7860515314335803
10721,0.9834363158288884
10722,0.9711248602512396
10723,0.9527921714390382
10724,0.003996124766030894
10725,0.13343545856679234
10726,0.9256293116161601
10727,0.9937558093320465
10728,0.027106002139660176
10729,0.06518515974807818
10730,0.0065861588674977906
10731,0.9978692237808076
10732,0.08916159438505725
10733,0.07296903718389265
10734,0.21721178771310015
10735,0.9731736776248903
10736,0.00773342982548284
10737,0.38883371375010045
10738,0.0036573474232769166
10739,0.8539944529377458
10740,0.23795805959469932
10741,0.19464735359737556
10742,0.797946728336175
10743,0.005467430964230248
10744,0.8342124145451842
10745,0.18268607815195476
10746,0.7910928825498686
10747,0.0069602498907086925
10748,0.9896041969850792
10749,0.9977896281816734
10750,0.7962908242977762
10751,0.011337612827695263
10752,0.04155168225088941
10753,0.15382226132807508
10754,0.10093306176162636
10755,0.010001645710633118
10756,0.15141553618112646
10757,0.6837387270626623
10758,0.4849689195138307
10759,0.0687281980029989
10760,0.372352141207579
10761,0.010852142171197668
10762,0.07732891442511733
10763,0.4162925367124397
10764,0.9512520538209509
10765,0.9284200526282509
10766,0.0749385414599099
10767,0.08644111071095535
10768,0.00545965958747254
10769,0.20404479889256816
10770,0.9900930888948959
10771,0.05111678071154369
10772,0.02590036009756786
10773,0.0019337170560293068
10774,0.008367680631553867
10775,0.4271262807152813
10776,0.48253590307741384
10777,0.03281928743605253
10778,0.07634190380717115
10779,0.9043120627552328
10780,0.00344365964151968
10781,0.06842311442230678
10782,0.0018999608583478889
10783,0.815960174770775
10784,0.0725671604338243
10785,0.28379040173971604
10786,0.927891829161424
10787,0.08694704902514348
10788,0.019023514082674282
10789,0.9969769832744491
10790,0.3498353384251106
10791,0.06423073292853715
10792,0.005693623398558308
10793,0.7947723164142021
10794,0.23267840410383397
10795,0.6812531875156074
10796,0.0697304762041111
10797,0.053166342675600886
10798,0.7991140969465751
10799,0.2405971004365633
10800,0.2340269698122286
10801,0.03187531052713807
10802,0.009539992135091428
10803,0.08015086104857676
10804,0.9933512340313946
10805,0.8350463568402579
10806,0.03914982552410921
10807,0.049877198071893766
10808,0.031228421281825597
10809,0.15298799347942668
10810,0.9518885163852242
10811,0.030396141679273993
10812,0.020837958901583607
10813,0.02059770819394028
10814,0.059047886968864385
10815,0.3927835593523164
10816,0.08513917214910649
10817,0.9580333140495197
10818,0.05664889803002471
10819,0.0714433834301466
10820,0.0025850669163146826
10821,0.05014329774132618
10822,0.03660897797666193
10823,0.039375336976643804
10824,0.008897386313645962
10825,0.05975500865417307
10826,0.07063992635647334
10827,0.00221029364918233
10828,0.5171649432277474
10829,0.07872241844733904
10830,0.05412370526187846
10831,0.5441792627578621
10832,0.3366014996150102
10833,0.03473932024660013
10834,0.09914924404298132
10835,0.3184749356646055
10836,0.011303911560641443
10837,0.5449181915533442
10838,0.39488483430025706
10839,0.22237839971038337
10840,0.013805750224775164
10841,0.18868834432994952
10842,0.8707002553265171
10843,0.9691289393225362
10844,0.33310945131653275
10845,0.05238577080198273
10846,0.10715111320664808
10847,0.021648985773933063
10848,0.30600123269781576
10849,0.07563609845005503
10850,0.14401580593917007
10851,0.261020011612563
10852,0.921313549380971
10853,0.04724545128217927
10854,0.0008983175976466239
10855,0.011889532975735126
10856,0.14642696745284417
10857,0.0412787186285861
10858,0.2595772692436702
10859,0.9734557210457048
10860,0.28222387463219745
10861,0.0869621078698478
10862,0.07502350431259669
10863,0.09168439432193218
10864,0.9182065537362077
10865,0.1909321665769246
10866,0.07520739768515763
10867,0.07248200115953402
10868,0.024304024132749145
10869,0.9676902032294518
10870,0.29462806696049443
10871,0.01699808806030316
10872,0.05068968901728249
10873,0.052167522130006846
10874,0.9799669113338214
10875,0.20820003822650274
10876,0.08089832502402962
10877,0.03842797320652071
10878,0.0036661168731083275
10879,0.9205523788793968
10880,0.03684076963254082
10881,0.9369874122440952
10882,0.8583559431455943
10883,0.7466469842552891
10884,0.9740438634917982
10885,0.0053779459807926835
10886,0.7817347201872686
10887,0.041451433989626724
10888,0.9677599022796748
10889,0.09014125495062683
10890,0.9132642464597878
10891,0.011111264804848212
10892,0.0022193254373360635
10893,0.9708543229402465
10894,0.9823634390886271
10895,0.9640898561750126
10896,0.14395270242944233
10897,0.023273962975081032
10898,0.014958768640387138
10899,0.005642316362931596
10900,0.02192294491055312
10901,0.434432460815551
10902,0.04161124193032791
10903,0.16283381769785527
10904,0.0117244475568117
10905,0.5742564946704334
10906,0.14462550252473988
10907,0.08393166931835341
10908,0.6919341289977359
10909,0.007635756719983277
10910,0.9529243459169588
10911,0.9800071558094622
10912,0.008818074957369273
10913,0.9005659683688343
10914,0.9987150154447044
10915,0.8791280157505293
10916,0.9894090495248942
10917,0.18086890079125117
10918,0.5277950452833712
10919,0.11822173427769568
10920,0.9819220396981835
10921,0.9898176162766141
10922,0.9295066072854148
10923,0.8482446793841935
10924,0.5729058180316206
10925,0.1792362956136859
10926,0.5817545235080432
10927,0.02638229905056448
10928,0.4734518286424408
10929,0.981316564211857
10930,0.4783067783041001
10931,0.10055774309533172
10932,0.01068409963127531
10933,0.1748837274933178
10934,0.1919084192795844
10935,0.9467987685448092
10936,0.34267616883536733
10937,0.14160711206916604
10938,0.9738483429644821
10939,0.20991984433730046
10940,0.9102488233138486
10941,0.9942888799537992
10942,0.5974382640494601
10943,0.012755148933370668
10944,0.021744255838676535
10945,0.2282792358010389
10946,0.013760929528126731
10947,0.03356637208867799
10948,0.0019895040739450506
10949,0.017875639568498608
10950,0.007780994134785469
10951,0.9235263500509536
10952,0.041825937302122834
10953,0.027692970995788754
10954,0.06434913185477406
10955,0.2345171547953589
10956,0.6629593618523326
10957,0.0018022820313836458
10958,0.03257070133637663
10959,0.0025523019931162063
10960,0.9607457850159984
10961,0.436452358958724
10962,0.7258846781641013
10963,0.30921230873532646
10964,0.0017216334323914599
10965,0.6361971891346448
10966,0.9399859308031537
10967,0.9594616707386697
10968,0.15917302341571635
10969,0.159130258019399
10970,0.03487458354951798
10971,0.12889661321969886
10972,0.42286559055839096
10973,0.6304352087507838
10974,0.280105099851474
10975,0.5212050575337681
10976,0.14939246649803659
10977,0.9627508403558497
10978,0.16254184656583426
10979,0.0048044179963799855
10980,0.9342050234143298
10981,0.40350411986120693
10982,0.9909201038835949
10983,0.057751551826277656
10984,0.03837547893320227
10985,0.9576003480649418
10986,0.05706430999193702
10987,0.0228394259172855
10988,0.08964617101804596
10989,0.047682269858425705
10990,0.04501744544767385
10991,0.054934674341106327
10992,0.016927835001037936
10993,0.05446183854378728
10994,0.002919863011950856
10995,0.22004319212233775
10996,0.39855165198754117
10997,0.0428699950542938
10998,0.03372521684364674
10999,0.062372489853378794
11000,0.02780342328461824
11001,0.010757163683800702
11002,0.4393771585430344
11003,0.39702172536226593
11004,0.9827465658975704
11005,0.004030607766930745
11006,0.004352137763197319
11007,0.14078461256458785
11008,0.13651848571892644
11009,0.025923068844314775
11010,0.06695510574731628
11011,0.0032438953436811644
11012,0.14876737263012954
11013,0.4731852977354102
11014,0.04412895234401818
11015,0.08133325554696927
11016,0.010526894137489308
11017,0.9508574199210441
11018,0.006425446483009931
11019,0.11758190243845748
11020,0.9273134536621497
11021,0.021477076456414793
11022,0.17616024342938386
11023,0.0017990261899321451
11024,0.7629530247863612
11025,0.09177757637452637
11026,0.7314488165035289
11027,0.18767552056004674
11028,0.8205248455624212
11029,0.026039695065043555
11030,0.029885506550572205
11031,0.014549507807641084
11032,0.9412262714040251
11033,0.04886507823499921
11034,0.015420590425477476
11035,0.9230124167633729
11036,0.10857416335585053
11037,0.9916842398519305
11038,0.2924327944449264
11039,0.9933255846111594
11040,0.0061115447563373565
11041,0.057205755548835446
11042,0.9659649232761424
11043,0.04724331243415404
11044,0.1989320091591603
11045,0.8727869818204683
11046,0.017819880718960603
11047,0.5375638784113929
11048,0.026487629116070315
11049,0.005814664150869999
11050,0.746385277121383
11051,0.36899540848464857
11052,0.3802647466620941
11053,0.5844929855874877
11054,0.9866696305785272
11055,0.9020336514130148
11056,0.08039897880104656
11057,0.04654648660236768
11058,0.07542635309290993
11059,0.05281454366922775
11060,0.31602332286876617
11061,0.6714384204311471
11062,0.9711010199219409
11063,0.0020822703808266287
11064,0.9060895453025251
11065,0.9750840268214495
11066,0.052103438624490725
11067,0.07868434396175028
11068,0.9521343064735999
11069,0.9493504145071714
11070,0.065794900700919
11071,0.02124190321751676
11072,0.9445713444458599
11073,0.0504812216505597
11074,0.997479531874828
11075,0.04008009807134792
11076,0.10601307655525598
11077,0.03337944817775202
11078,0.6090069495048769
11079,0.023133348204942346
11080,0.0016811631170431936
11081,0.014958644403547683
11082,0.9024524654887527
11083,0.11202054518926353
11084,0.012578841109055017
11085,0.08983057474423023
11086,0.257960645883013
11087,0.003481431587808762
11088,0.004650974121054061
11089,0.9883217789187226
11090,0.9803556400397262
11091,0.009597203515264949
11092,0.9523422019604845
11093,0.7164504800398349
11094,0.08555111219753939
11095,0.9571542946952898
11096,0.47638319335988716
11097,0.04815986176361209
11098,0.12100238577033173
11099,0.9489941111248985
11100,0.10800525940566993
11101,0.24629866999790134
11102,0.0255432450594191
11103,0.9569295471539426
11104,0.08342057180045824
11105,0.10455365940345518
11106,0.9743073970865692
11107,0.9819368578654741
11108,0.31216832082505674
11109,0.9771819724509008
11110,0.06983335302529212
11111,0.963335070258569
11112,0.043012310729067325
11113,0.001646436959972296
11114,0.09115290258999052
11115,0.2819706896307565
11116,0.2077292800759355
11117,0.9690858490489087
11118,0.08656265201906926
11119,0.9665972062367887
11120,0.006240291569931028
11121,0.06635178627575533
11122,0.008874320757689676
11123,0.9983898105826524
11124,0.7999820083733796
11125,0.9828341834194887
11126,0.0696261716961882
11127,0.0831544975292508
11128,0.9652412546390312
11129,0.017567454527863898
11130,0.07557176684180872
11131,0.9606525824607508
11132,0.07207714116872692
11133,0.5058188962256527
11134,0.05880221583920875
11135,0.9856466501976624
11136,0.18856614868335714
11137,0.01228430688394451
11138,0.9596026347045867
11139,0.026776209614778265
11140,0.9568246497611259
11141,0.022026412533913565
11142,0.14350984030476777
11143,0.9545968122903348
11144,0.01768457905504983
11145,0.16015485152619216
11146,0.9724523486948662
11147,0.008890261836116091
11148,0.9851128566331432
11149,0.08329663201982351
11150,0.8251810755281797
11151,0.13995530868974096
11152,0.01752410974802341
11153,0.8594499705157241
11154,0.0312239654618697
11155,0.32498057659563606
11156,0.03861557479691978
11157,0.40110041569031823
11158,0.9905918188382136
11159,0.011439903312686076
11160,0.9402250464823315
11161,0.9788239212110061
11162,0.2998684386534387
11163,0.8483535612548128
11164,0.02231620805956503
11165,0.22709327923736167
11166,0.1367060154358593
11167,0.05095505487707189
11168,0.984899285801375
11169,0.3974657625663248
11170,0.019694128988002185
11171,0.8832726808589436
11172,0.04233870957200638
11173,0.003474170226518856
11174,0.08030805085990494
11175,0.23858103559497362
11176,0.03966804168101689
11177,0.9538916810928768
11178,0.003964757798881224
11179,0.009113200805522815
11180,0.8455573010996339
11181,0.1861905881724747
11182,0.9866722147919127
11183,0.5885473774911785
11184,0.0011999044450027579
11185,0.9063756047998006
11186,0.06126806806490015
11187,0.9917246824813865
11188,0.11086025307390764
11189,0.20247976104779866
11190,0.0641123665718432
11191,0.9970134814098489
11192,0.1861116754030821
11193,0.05506898214499921
11194,0.07945379867296869
11195,0.18921191488668263
11196,0.006243699793934996
11197,0.047725627187961105
11198,0.739124204108045
11199,0.9070330947934759
11200,0.31792456834374794
11201,0.006926344403428588
11202,0.0010354131403581708
11203,0.11172203259260646
11204,0.0037710914587104046
11205,0.030565998366926597
11206,0.003366275333915844
11207,0.1843214745963767
11208,0.011164211381198535
11209,0.9663130882896075
11210,0.042545348596414456
11211,0.07959617490900962
11212,0.0668725798417388
11213,0.006157920544522447
11214,0.7226932705103848
11215,0.0682894641408924
11216,0.13418636128057504
11217,0.2287823935758172
11218,0.13665618817302908
11219,0.9955429950279359
11220,0.08814226646286968
11221,0.2735852991191483
11222,0.18799674881548484
11223,0.0014833200137219183
11224,0.045094318878113826
11225,0.9967985509139018
11226,0.012136266234073165
11227,0.1469445838876088
11228,0.30643680466464757
11229,0.11538664755592529
11230,0.002093801423231662
11231,0.9890307422576194
