index,target
0,0.01834597467403776
1,0.8869194703258421
2,0.032742478818720215
3,0.03522417198500385
4,0.9905040191579996
5,0.004359707058832515
6,0.9615251206142262
7,0.15650015339192427
8,0.03751343133838279
9,0.9460622458564698
10,0.006526109323918606
11,0.003155793633080812
12,0.06538474724745869
13,0.5874180451844327
14,0.4521521368677402
15,0.31254762082556775
16,0.15972803389577683
17,0.8726449749214211
18,0.7812996054824124
19,0.9732488491683696
20,0.10829439741519271
21,0.7798639081038301
22,0.9776967997182151
23,0.13356995100581967
24,0.9699708839991802
25,0.0440657913993914
26,0.02326367579545054
27,0.010442549580183745
28,0.011040730365321924
29,0.002418943241458426
30,0.028402377829001624
31,0.004584273861427455
32,0.006388770922498256
33,0.4863999782223462
34,0.11074994842454366
35,0.13954661383537012
36,0.8839988490385812
37,0.007005312279839249
38,0.03917941898441677
39,0.13927849050821425
40,0.07712168306233706
41,0.9507631627911879
42,0.004538547293288431
43,0.3551328494809844
44,0.812510359081141
45,0.016338800403327965
46,0.8201804416473845
47,0.10322077996623173
48,0.49693907693649514
49,0.0768894880516931
50,0.09763321237569454
51,0.004988965070628167
52,0.31491619369262397
53,0.009630484111179666
54,0.1187430029244526
55,0.02205390821210072
56,0.03420404135762815
57,0.956039540283669
58,0.02868314275355151
59,0.7941013785777046
60,0.15606788409967606
61,0.015428526868347836
62,0.8772532474377215
63,0.663918578403398
64,0.18988409242941703
65,0.005659242883090367
66,0.06699210039462888
67,0.9607235364789837
68,0.9858433891433386
69,0.3334512546586273
70,0.06780322361456835
71,0.3796674456897923
72,0.05895620249270365
73,0.11588696218172871
74,0.10536771402305915
75,0.011605572822884018
76,0.0017541887137227238
77,0.005514576302275511
78,0.02703593405950286
79,0.8110759299755722
80,0.22495149267645057
81,0.2940422035032581
82,0.12881970691181943
83,0.125603380946586
84,0.17440938435345896
85,0.5555707305660965
86,0.5547045580180249
87,0.01373838224876836
88,0.12634243594113326
89,0.0020850385928020813
90,0.7810686062560267
91,0.032042831771504965
92,0.046168974368379884
93,0.10919079459972007
94,0.09642831937496564
95,0.7840344274503144
96,0.456711934622606
97,0.0791757914064044
98,0.9775927794747427
99,0.34015259613732257
100,0.010132441870376275
101,0.0818217428384027
102,0.04912038127335721
103,0.14821132127173003
104,0.4276707509978439
105,0.053547620162619186
106,0.9274789869373081
107,0.7223930081869031
108,0.2809413739245181
109,0.143798063655961
110,0.9239108482292636
111,0.01980098654665952
112,0.11630852095745355
113,0.01259413360814065
114,0.015890789372471303
115,0.20888455466222386
116,0.9747253467116855
117,0.22664979299218233
118,0.3075726914877212
119,0.9913022767747668
120,0.9506671783560554
121,0.002366588121604747
122,0.37886028634910857
123,0.07905341723870406
124,0.25374389887957155
125,0.10560638944199602
126,0.03085089061155107
127,0.14905451038287704
128,0.0911053550899918
129,0.07239829861604559
130,0.007508414560788323
131,0.02512780734814782
132,0.990525537510481
133,0.06645318940862435
134,0.9806127365529046
135,0.9277529856368808
136,0.9880683844993685
137,0.946798912155972
138,0.7744749508508496
139,0.09513129062114782
140,0.015480758934354544
141,0.4325408657568839
142,0.015339906329199661
143,0.07363948025126053
144,0.0030505230458390195
145,0.9792474678463298
146,0.7370826229288593
147,0.9572889594166202
148,0.9618206490960736
149,0.060025146915752316
150,0.6141826427921133
151,0.07391857280943473
152,0.08317805021198539
153,0.016752894995413884
154,0.048984671092179355
155,0.01818877516378112
156,0.511201205498291
157,0.6789518309697137
158,0.04120935633738219
159,0.05562049365219249
160,0.008220139195971097
161,0.5593814612659828
162,0.026700178412679586
163,0.7554237307865664
164,0.05954543116011395
165,0.03816180825047626
166,0.1366934831515366
167,0.011007657221358194
168,0.9844414840413553
169,0.006115616063365773
170,0.02230283059430696
171,0.03477990866466552
172,0.14226159282965853
173,0.9099448647998364
174,0.01126556809763936
175,0.008126787226590817
176,0.9605978259968654
177,0.9793011515216773
178,0.0030715556999993173
179,0.9338552920980981
180,0.09943361362307068
181,0.04530093206697261
182,0.8165284772615014
183,0.18066946010639895
184,0.929579151283421
185,0.04688895666403504
186,0.6568603446405215
187,0.00632989112155917
188,0.162455962918906
189,0.01146740292938509
190,0.010287300375238298
191,0.9161967623036427
192,0.06614303723338862
193,0.05779127590416199
194,0.14995337905770487
195,0.9856766232605123
196,0.042487279975326725
197,0.9802042012701865
198,0.1543945624877324
199,0.372461501345317
200,0.19812279454774484
201,0.020163047096914032
202,0.9615801586724394
203,0.007339576485459868
204,0.033289719023387794
205,0.01326708953495269
206,0.11351938691128638
207,0.8797893745319824
208,0.05893646089369667
209,0.9978111044508452
210,0.12012061719402749
211,0.00362185316785855
212,0.5560604995135997
213,0.010263622266006885
214,0.02048732300619534
215,0.1783312946990722
216,0.03913059308322469
217,0.4977693197279652
218,0.9686187362801495
219,0.6390177350459333
220,0.13150437639817694
221,0.02958283891504085
222,0.029876936760258724
223,0.02583165711153294
224,0.31552166154829436
225,0.989842022400586
226,0.9078991285036642
227,0.0635774429219199
228,0.8972459203546629
229,0.0025319960241072894
230,0.033001266274057944
231,0.9904245845996899
232,0.2397316658290828
233,0.021205110293910645
234,0.29410434791561046
235,0.04527059821801848
236,0.28450836238142063
237,0.6146457222679073
238,0.058222224603163376
239,0.9862252106322053
240,0.04918103429543005
241,0.008289477962603807
242,0.21885453320311968
243,0.252573402591743
244,0.9188044544756157
245,0.17200856549483054
246,0.17625078630356705
247,0.005358403935223782
248,0.727531941363202
249,0.997693511512422
250,0.11647006902835888
251,0.041939453180043544
252,0.04182011788894547
253,0.14630550674136542
254,0.10769042256191123
255,0.15054390280308108
256,0.41998933829708296
257,0.8500072405495732
258,0.0079728492276638
259,0.035845040899150166
260,0.15849220755213003
261,0.07910607719850052
262,0.9965286761850187
263,0.9419713112284941
264,0.007511665148354965
265,0.11804239783992664
266,0.799360280252951
267,0.1280865454100072
268,0.0032932269640668886
269,0.0024678070582685864
270,0.34091848071342556
271,0.4129646747448808
272,0.05234711170460359
273,0.01405514378979801
274,0.9980290956794412
275,0.9972597197831273
276,0.10333467419553848
277,0.031013842413576093
278,0.017595586139853944
279,0.06102345848478549
280,0.9418485447282935
281,0.9580556274020617
282,0.9554868151389582
283,0.009209650575347278
284,0.11612903684187835
285,0.1170052837661118
286,0.016509060446897556
287,0.009476202150550684
288,0.9859639808150709
289,0.31008631392400915
290,0.4236265300310189
291,0.9869144375430117
292,0.8974674866629501
293,0.9896754876105422
294,0.005199777865300139
295,0.10582900281412544
296,0.13841907465417
297,0.0926325044187023
298,0.0054621028718559
299,0.9903852373824568
300,0.10917344291031213
301,0.9259879847210121
302,0.8283814533435049
303,0.05743341026996455
304,0.6378862714808717
305,0.792795183946413
306,0.08162592716270516
307,0.040263628811100016
308,0.506469427732839
309,0.39338548060904827
310,0.9752651168253434
311,0.03993516651673424
312,0.4282617891086195
313,0.009145291625328652
314,0.561025227892404
315,0.026817846062457934
316,0.969168522753792
317,0.01805701466257606
318,0.003290712091523511
319,0.7321298235082976
320,0.24810669018276824
321,0.04577907495090642
322,0.002898268484954593
323,0.030320931981713543
324,0.16953370544382096
325,0.8736310428591388
326,0.05937117248086593
327,0.8782885999797588
328,0.01434969800251191
329,0.011663338162539116
330,0.8531123437278784
331,0.012917079423676517
332,0.24475067808067
333,0.046901418317475664
334,0.12263297795287043
335,0.31111647153864025
336,0.0603165567759753
337,0.9806088773905463
338,0.01274286241596632
339,0.05302065659017464
340,0.003292488873637448
341,0.9860215682737534
342,0.8779568456719663
343,0.17032524685794972
344,0.06705619695083208
345,0.9662995108402953
346,0.49899503528380135
347,0.08129518153211479
348,0.0028303958182753
349,0.3647016482733904
350,0.997134918182811
351,0.04213510421814589
352,0.03506557016963121
353,0.08203014895905038
354,0.14811186254676306
355,0.14284437179385215
356,0.9645308798364605
357,0.02768084269390556
358,0.9738016334767354
359,0.23474136986511254
360,0.10423603029910733
361,0.5941420538316703
362,0.008496982398554937
363,0.05857227262394529
364,0.005476775878036363
365,0.6615487493120294
366,0.021527170623149933
367,0.4318769578271624
368,0.35515199739004405
369,0.9685829505517872
370,0.5953057046173572
371,0.8890458798774636
372,0.04002422294315733
373,0.15180922031391245
374,0.03373572236561711
375,0.8330805205806174
376,0.11806024416507233
377,0.027222729185524836
378,0.029261915807949724
379,0.0042837530540042155
380,0.06654334167046504
381,0.15748236643832317
382,0.9808179252299544
383,0.12075598224256567
384,0.1084899029865553
385,0.17499507044430382
386,0.03633850850099838
387,0.5633829263993859
388,0.09556990819261686
389,0.032673908705483305
390,0.7624886656311333
391,0.014971796015205022
392,0.013915996292656852
393,0.7580770511929709
394,0.9844034986539557
395,0.8119128147265897
396,0.9717024490320704
397,0.32747213982973794
398,0.12830507378432565
399,0.002869296148326791
400,0.04647955709191504
401,0.004332423217728948
402,0.008480242114697398
403,0.1338091928047599
404,0.009548121300639797
405,0.03344824273795983
406,0.9865981139322679
407,0.5522379031719138
408,0.026365417501232613
409,0.17800673222229527
410,0.0828705500363197
411,0.8299375472603389
412,0.15909482554414703
413,0.4733355823748327
414,0.10713128607261839
415,0.0405816618088208
416,0.9606914506917335
417,0.1918673109847894
418,0.09851567236764323
419,0.9887852618239643
420,0.09636119649500045
421,0.0023165971343602977
422,0.010930999028347719
423,0.7339255397463251
424,0.9424438699864783
425,0.01359018499134583
426,0.049837946759509505
427,0.005851043969296101
428,0.8835619659000784
429,0.9491325404335648
430,0.9951872683894195
431,0.10090566394709956
432,0.37242271310492603
433,0.06951045138824853
434,0.7108974470795886
435,0.02561132031583586
436,0.9729786937811774
437,0.06293376579848074
438,0.04530950522365471
439,0.9868971118002023
440,0.8089413507344195
441,0.08239290632496343
442,0.03060619356190684
443,0.008246228311718276
444,0.18162261046061057
445,0.019865549172607962
446,0.9919888446653328
447,0.2259393862776752
448,0.017477675861899643
449,0.2758437305547539
450,0.10845644308555574
451,0.4078658461558255
452,0.930032219546506
453,0.31996657282648283
454,0.058945150180975826
455,0.9274572714821495
456,0.85502387975419
457,0.031029124583049527
458,0.3394920833461656
459,0.5080829815720596
460,0.08422434176555332
461,0.4364075258901132
462,0.3094510301077201
463,0.9395508994557744
464,0.06874056468595734
465,0.9728194765410004
466,0.959901925119942
467,0.013827926760304032
468,0.8541020579313457
469,0.9576003131789225
470,0.14594316932022058
471,0.28056385456831495
472,0.9626660276110091
473,0.024376203837112708
474,0.03164286737219563
475,0.008192297840200495
476,0.021377794912246364
477,0.09056807093995822
478,0.09280254030852501
479,0.6055424142395051
480,0.014025135863842178
481,0.9893947384103355
482,0.1152022881138901
483,0.9756967279456795
484,0.945401116606121
485,0.01646352753976067
486,0.030912785658682135
487,0.0928050862075352
488,0.01038120617971564
489,0.00794597752690886
490,0.061069739078751385
491,0.020513339915478667
492,0.004141382407830276
493,0.045614279840764604
494,0.36766083181475473
495,0.07750096431233755
496,0.017764244923724578
497,0.5734554663107305
498,0.24626350084759033
499,0.06955948661420851
500,0.9746035668794262
501,0.07306196180506913
502,0.09910742767053092
503,0.2711396062188141
504,0.7443118327788296
505,0.20010235592434922
506,0.012562319149001598
507,0.988895327095599
508,0.7348025617070121
509,0.04633987107634937
510,0.0884177889307481
511,0.6532317474717458
512,0.020921081136516667
513,0.9805691528834138
514,0.9672643724991818
515,0.9592300566079092
516,0.9784529234228291
517,0.4266996351395112
518,0.11765394686304398
519,0.10136173301594409
520,0.6171054423579281
521,0.11323306505582321
522,0.9349771162931108
523,0.5544651838122459
524,0.11315014979375337
525,0.9507157895907182
526,0.4290284533414142
527,0.006513672085100563
528,0.330678981394503
529,0.9914680743609429
530,0.006975763600675797
531,0.0030345117490361167
532,0.022759947831836495
533,0.008296283922635986
534,0.010928253586308516
535,0.07253778934306174
536,0.04894827788940829
537,0.8834589951866837
538,0.04044669568093272
539,0.963615926459351
540,0.35908440194401897
541,0.04377700810642787
542,0.00250206186615332
543,0.4776724550379092
544,0.8927398625131202
545,0.008904559065322658
546,0.3436826151839106
547,0.0036102361669091785
548,0.05947669203404005
549,0.02709415150781312
550,0.9746326317534457
551,0.6939292063033203
552,0.257371319250163
553,0.01304140638742358
554,0.06631541166463263
555,0.5468919424549344
556,0.01474174237094259
557,0.0948912712135394
558,0.7010240463272192
559,0.008635456266869592
560,0.06127722909953128
561,0.273296561750109
562,0.9810195953427568
563,0.46797064586691084
564,0.002782078196227555
565,0.903879253487284
566,0.08699941864400178
567,0.016322593496819564
568,0.5300127533515896
569,0.311159417961898
570,0.09027239492384469
571,0.13327390781172913
572,0.6510113975837044
573,0.01756205555155421
574,0.4060955286383073
575,0.07717734040321701
576,0.9658644811420282
577,0.0056278551457085504
578,0.047895046164595716
579,0.13273285788231978
580,0.1263198919835985
581,0.15261518141906252
582,0.0019442783613720846
583,0.005971134201702689
584,0.002470282238400024
585,0.32933328992468014
586,0.6377838472346443
587,0.6178449376389966
588,0.00832294432921108
589,0.09646720814303815
590,0.11014169186380955
591,0.005203222789688775
592,0.06667152691753891
593,0.02887872174058348
594,0.06886214841924539
595,0.24720877110386785
596,0.04532498307124969
597,0.07244876713473695
598,0.19072249816740153
599,0.9547117897988885
600,0.019833985692329806
601,0.016000788114910083
602,0.022191543352016146
603,0.24023170413297681
604,0.9203581416061503
605,0.029465384946091012
606,0.030831343015318067
607,0.004163729302695603
608,0.007924259131773215
609,0.005521385849532322
610,0.06265388389357875
611,0.11126760919925534
612,0.014996933572802672
613,0.005485748422934394
614,0.11311456174595007
615,0.41563461085570297
616,0.01376055943824992
617,0.02911009749468142
618,0.00417657743026761
619,0.026157458642141144
620,0.013715689929292037
621,0.006001514966300016
622,0.3837295637664195
623,0.011124220219654106
624,0.14500265825391073
625,0.4032911850009791
626,0.8177121059746163
627,0.9864470975356242
628,0.005104824344371967
629,0.9405719761509553
630,0.017296417030173164
631,0.09473944146865047
632,0.5024806767231812
633,0.9856394937257388
634,0.022048535386075683
635,0.624112103400574
636,0.007921608625067765
637,0.0047347585374287625
638,0.009359137099187717
639,0.9625112849682159
640,0.08161731515175247
641,0.731186153145412
642,0.029121677044252756
643,0.03633891115056085
644,0.9425159983756158
645,0.012798372460665201
646,0.01667212315599285
647,0.05916966291407388
648,0.1722319466158567
649,0.5304359863767506
650,0.05518143062760317
651,0.9730517817647012
652,0.9717089592708087
653,0.016613497099876834
654,0.04119527267109909
655,0.0018846365322462485
656,0.16350437973433352
657,0.9592446698703944
658,0.5202798169587842
659,0.12295518283547335
660,0.010979286717274045
661,0.48362307238781405
662,0.06394469419739969
663,0.16714850738697065
664,0.4150116813812928
665,0.04507877571421271
666,0.03057420278988204
667,0.9708271269628685
668,0.19867576243376664
669,0.722885712246837
670,0.02824419775503727
671,0.4834620742917863
672,0.05935895596215902
673,0.09263579882105315
674,0.99797054842601
675,0.042187892550906214
676,0.019794036083044544
677,0.520925518340929
678,0.05198715751490251
679,0.5674443364339509
680,0.17866499256390891
681,0.024685174404414024
682,0.9490305872726533
683,0.10213670045856682
684,0.23649946597009622
685,0.18314789616399388
686,0.08204708545915065
687,0.038647513985204
688,0.9735503111273299
689,0.08813157645476104
690,0.9690710442968032
691,0.08219601853564061
692,0.002514638620388045
693,0.8973967708180893
694,0.018714397776156404
695,0.8844680960333952
696,0.016029623676529832
697,0.419328920350232
698,0.995920258865247
699,0.014711397691904085
700,0.01792308648975108
701,0.1198351431218061
702,0.004707930984881318
703,0.001952621349502317
704,0.024970074686289378
705,0.026548770153447077
706,0.05832041201852233
707,0.43755452098436337
708,0.08458692021744879
709,0.023134572940980324
710,0.06750424836577172
711,0.06926707666879257
712,0.9972759439574529
713,0.046153043367255425
714,0.8975004086510557
715,0.053822953824510134
716,0.004396509358365484
717,0.1382465850430806
718,0.1406139359804649
719,0.011438011492989496
720,0.024791554524128703
721,0.2090421376652241
722,0.32817931533159655
723,0.7734175803031941
724,0.8779102865438805
725,0.6726462334751618
726,0.028724555632144627
727,0.9838986291981889
728,0.06910784574064456
729,0.17163143647363724
730,0.18094243591738202
731,0.0077724574969863
732,0.9907346978324144
733,0.9384576617869711
734,0.2022115716540207
735,0.030694751791233394
736,0.9544663830028544
737,0.029494465472697504
738,0.17994477498072434
739,0.4872103600750288
740,0.992217911929635
741,0.6568481127013454
742,0.22573544290970848
743,0.19857034112116487
744,0.08098450295182603
745,0.017778294191546782
746,0.9600035983703762
747,0.8678408526915512
748,0.12313955227535106
749,0.7073938651820585
750,0.04620531161467656
751,0.12603057238403628
752,0.07396689931695742
753,0.18369109585834842
754,0.027292200144809185
755,0.04289237514272092
756,0.26480204300480514
757,0.058247368753575814
758,0.005424817240795614
759,0.02086388046172623
760,0.853523439787344
761,0.05733829083771918
762,0.8547332517902341
763,0.020463901384657184
764,0.004045629006753791
765,0.9750437281241968
766,0.203111127389759
767,0.7689797982164185
768,0.2394609721673289
769,0.49654384018752323
770,0.1910285354643708
771,0.019446163025369334
772,0.9814871231338245
773,0.011617119456433322
774,0.23282788794055542
775,0.9960954818664381
776,0.2973362982607599
777,0.006815634507399966
778,0.19976059277390248
779,0.5519903556725004
780,0.006603147096140097
781,0.012159219547166927
782,0.568515596339253
783,0.0323187220619147
784,0.5137388232535889
785,0.9799083267370149
786,0.7770811172117424
787,0.009211820003625604
788,0.9229610335802706
789,0.03636695434127471
790,0.8027864192267361
791,0.033567651446553444
792,0.06474720865376536
793,0.04661259785018947
794,0.20940318040865194
795,0.1367246957602841
796,0.04335230466628074
797,0.005903402238536607
798,0.7691402618282531
799,0.36789499204351345
800,0.4391341868082084
801,0.7685620068724005
802,0.006368022039944024
803,0.0029015873137096145
804,0.051013247743984885
805,0.10310151157908183
806,0.008588048632820625
807,0.034632389091708266
808,0.04701596724625176
809,0.27140515123456005
810,0.04956914654013619
811,0.05360259343018683
812,0.9799078846275778
813,0.3351945948290304
814,0.9570944616129452
815,0.01160089861469856
816,0.31177654811317584
817,0.9291549658010915
818,0.4347680114909503
819,0.02457877123217041
820,0.9896753710974796
821,0.9975648147467565
822,0.15276219488899698
823,0.0140357272041221
824,0.3420192935322161
825,0.0017130450952445395
826,0.1833657178078377
827,0.06437947841521663
828,0.025878916757007393
829,0.9870430912960063
830,0.8311194704608432
831,0.02339658469858032
832,0.990243069841977
833,0.42524526915814725
834,0.9206679684814406
835,0.0019752270362160007
836,0.26904703325013596
837,0.49464301484343115
838,0.3655191141478942
839,0.9947819294928143
840,0.06604498311626857
841,0.022476853285578257
842,0.11634257858154451
843,0.006902559978785965
844,0.8849732296065361
845,0.9968624763200479
846,0.9980431098127186
847,0.018854905698461034
848,0.004582800814258949
849,0.7070011190897869
850,0.431256843021429
851,0.8614081357638832
852,0.1460483601716979
853,0.020695777277253063
854,0.9494458022543899
855,0.00898306937117261
856,0.9118058798318728
857,0.968984041058684
858,0.01675197186082837
859,0.7375539445984293
860,0.009758440820123533
861,0.887452405377799
862,0.27077128930386
863,0.9037827069062253
864,0.004772548325369702
865,0.42434143187591794
866,0.9121352332038425
867,0.0788341160853175
868,0.15049420581536335
869,0.7313917126182069
870,0.025618970013057258
871,0.9978818891180081
872,0.029629423443954344
873,0.011666874085406393
874,0.9800464631428932
875,0.7891218236022386
876,0.019873093414290634
877,0.11089982472489734
878,0.0569710818173065
879,0.9421252974904171
880,0.04298924101612092
881,0.06504673626804415
882,0.8503781653201683
883,0.188207573400854
884,0.029927088908575383
885,0.9775069485955902
886,0.02115091570891797
887,0.9655889910661847
888,0.030385626191680348
889,0.0077921811561055985
890,0.19810589436081874
891,0.561585369049475
892,0.21355675408010946
893,0.06520227124676448
894,0.5070111477571143
895,0.2499203713242033
896,0.8716436411882963
897,0.11850867849819692
898,0.0033867294150054946
899,0.687676882505751
900,0.1451558175732972
901,0.008233371690158708
902,0.4565574775444971
903,0.8665641856620563
904,0.03027745348247707
905,0.9597818562271967
906,0.07312403025506571
907,0.00811296511775371
908,0.9927927295217177
909,0.02108790079532759
910,0.034916928145634525
911,0.10800652776790237
912,0.025776221410235972
913,0.08303395739736934
914,0.020618807233959716
915,0.056908759328926674
916,0.20539656271400764
917,0.4578361782017361
918,0.07471386437649441
919,0.5264741957378132
920,0.006481508665904516
921,0.012463265117403179
922,0.03576604866236579
923,0.997650942436989
924,0.9673874418319598
925,0.8763985322616733
926,0.045135722242685805
927,0.07147671597856915
928,0.02841368568564113
929,0.6231080407512445
930,0.22933878241279274
931,0.041115726341020065
932,0.9460896237179183
933,0.014917500439224496
934,0.028315252207769814
935,0.08911873466407326
936,0.9907973260953331
937,0.03334426139661426
938,0.03686275538952167
939,0.5191322305858909
940,0.042784647499448325
941,0.9777763946435859
942,0.9513906483829221
943,0.9962031604759929
944,0.48015419538048737
945,0.4618702481234555
946,0.041834224252741976
947,0.7565140227511867
948,0.029172579365053918
949,0.04352212228082145
950,0.9808717275189082
951,0.2813795291830552
952,0.33688598834383415
953,0.11460322601227113
954,0.03754296778207919
955,0.5103292463147997
956,0.9893953810680657
957,0.2800546253617979
958,0.022286880281285826
959,0.48620581568032417
960,0.0021432686659288813
961,0.9696814950135457
962,0.02813733706151073
963,0.45113236463329626
964,0.4073139538819817
965,0.036873030236109265
966,0.24826306886595953
967,0.004759448142616308
968,0.008982610836642814
969,0.004725580584073187
970,0.1273439779638554
971,0.1297744186936666
972,0.9976507411095654
973,0.056826388117159086
974,0.42195537587232085
975,0.008474506595227227
976,0.022769534752988624
977,0.8788912973195048
978,0.05389085388612358
979,0.9946703038565001
980,0.9495940599701566
981,0.9808792455629062
982,0.41562768138918743
983,0.0338627363178964
984,0.9751429790708773
985,0.05216814964520453
986,0.8933853897127809
987,0.1611975718710178
988,0.2433805085918622
989,0.8492358426777283
990,0.9533252502303308
991,0.07692921597691048
992,0.038078229419087
993,0.04691542942338669
994,0.014682162912975626
995,0.9966720542756432
996,0.0284400609702328
997,0.0634073969253607
998,0.17190387282112854
999,0.8791333669245575
1000,0.9336452664479378
1001,0.9914123429306415
1002,0.00796695119141131
1003,0.00947278522276908
1004,0.6210408002162665
1005,0.9221141439862762
1006,0.9964693765105627
1007,0.4167718204183016
1008,0.03007101152659596
1009,0.27563798661890915
1010,0.029357044070080662
1011,0.10808798981429374
1012,0.04485740323344816
1013,0.25413242373742634
1014,0.4447803965525656
1015,0.03907455448065938
1016,0.0218247002303724
1017,0.5735851342579603
1018,0.8355733968695721
1019,0.0019808200396146803
1020,0.051132128770083586
1021,0.9715854222063368
1022,0.5968797298998337
1023,0.9018187501732692
1024,0.008110208193644096
1025,0.008679722372213282
1026,0.017000158671467435
1027,0.09674844774415768
1028,0.029508890253872943
1029,0.08824881909197087
1030,0.0028748983182200955
1031,0.21125139263121429
1032,0.4155437626411988
1033,0.006535276841657808
1034,0.7484695440301241
1035,0.02324302128098288
1036,0.15808875719927384
1037,0.9751407034669982
1038,0.024694535049098968
1039,0.9320156191812684
1040,0.41813805007371796
1041,0.034757818507369746
1042,0.04197377444525648
1043,0.6126719066715999
1044,0.0022945833565796024
1045,0.06611836333138889
1046,0.004538769203079692
1047,0.22122235369802726
1048,0.7705036748335031
1049,0.8097407291461084
1050,0.0033865738478586218
1051,0.15035709947992795
1052,0.0529126451897157
1053,0.9751004025053377
1054,0.3694278721727558
1055,0.10333208842535502
1056,0.20633257792894888
1057,0.21415191487921284
1058,0.002328629447592935
1059,0.9519114249917174
1060,0.2875417491104601
1061,0.03448490348728065
1062,0.004834716276839793
1063,0.3150188044769326
1064,0.9430444047296068
1065,0.0490842846848533
1066,0.019312256794649485
1067,0.17106187536690684
1068,0.12750988891032558
1069,0.986302543306277
1070,0.20030358544297355
1071,0.5793338470088205
1072,0.020433616967086534
1073,0.9127943590764899
1074,0.0038140009568371283
1075,0.021618755314188286
1076,0.0033201600728991793
1077,0.020048975833948598
1078,0.03219168769757335
1079,0.9725956575325329
1080,0.004549068384011505
1081,0.04860828894845728
1082,0.8656823897365188
1083,0.059163488547209174
1084,0.9164026710101361
1085,0.5981911816213609
1086,0.7660463712955482
1087,0.40463999231344067
1088,0.0020746833367130276
1089,0.9178023316205074
1090,0.04895836698034858
1091,0.9712552618382411
1092,0.04724930810358962
1093,0.10194665334054365
1094,0.9978068294218104
1095,0.7776366813306753
1096,0.05336826784591595
1097,0.7505081098013897
1098,0.022187649440914402
1099,0.3705280620889422
1100,0.11943933061650669
1101,0.025499423313798685
1102,0.12045659328470608
1103,0.19587487170569728
1104,0.048712765909137534
1105,0.12078279115266306
1106,0.21558044142851682
1107,0.06079199370354507
1108,0.0400661161564539
1109,0.3984264395810233
1110,0.8170734929293738
1111,0.006864599223614068
1112,0.019871781948342247
1113,0.6075426899751365
1114,0.3762121478466646
1115,0.17217745430819328
1116,0.10368425511019784
1117,0.7305463599348005
1118,0.1610624038890089
1119,0.013629220975009905
1120,0.023059303691662092
1121,0.047646647595469126
1122,0.03601364488903116
1123,0.47061254238333383
1124,0.03968436683798158
1125,0.16836544237065995
1126,0.9696740302045841
1127,0.37844161531785997
1128,0.02171108225938902
1129,0.05923439043892775
1130,0.009411713568709422
1131,0.019347191146317385
1132,0.011111347223723575
1133,0.003261556191987382
1134,0.9974888387776938
1135,0.01644031631699168
1136,0.021868903710443612
1137,0.0029127047660207606
1138,0.9190904863842068
1139,0.16966036169520718
1140,0.6901450638073006
1141,0.9817394907127249
1142,0.005196292509963445
1143,0.1429640835416751
1144,0.9258709777872762
1145,0.9663019068823369
1146,0.9979200505992002
1147,0.06626979954356706
1148,0.003722757879844146
1149,0.28981691161114
1150,0.9837902241476154
1151,0.002321782214214268
1152,0.19380203649229225
1153,0.9892036955554837
1154,0.25236463221420496
1155,0.01602882607106301
1156,0.23031726824703813
1157,0.5418972219846769
1158,0.6101611767387205
1159,0.8948993266968731
1160,0.022659316024949885
1161,0.009817857859335755
1162,0.2505131895003344
1163,0.00525429020358234
1164,0.23923903569947688
1165,0.02335481605450554
1166,0.42167989437054526
1167,0.9408325658855121
1168,0.9794864548774499
1169,0.8277802003859901
1170,0.0059924902258393226
1171,0.015663418013024576
1172,0.952250815265591
1173,0.05529012019478646
1174,0.0365034713669864
1175,0.25624149912805333
1176,0.05021011072338991
1177,0.0034038546153941107
1178,0.007368040016070013
1179,0.0102592632151441
1180,0.9712300383196509
1181,0.06460080498222377
1182,0.022018655685183252
1183,0.040678781949877084
1184,0.7030012265962041
1185,0.05655722325326908
1186,0.8617726263132356
1187,0.02151919793328143
1188,0.004223450514248524
1189,0.16881501183101774
1190,0.11090535555839032
1191,0.0875040408256617
1192,0.9700143727665016
1193,0.08887472518544365
1194,0.05445736863988726
1195,0.008101250151430366
1196,0.23737497747760258
1197,0.8376500284617695
1198,0.11544884643311232
1199,0.9746177794704711
1200,0.566215783755012
1201,0.09125918224302366
1202,0.383859519667378
1203,0.031071520578634392
1204,0.5798605715860216
1205,0.026629010090853045
1206,0.6751616608309083
1207,0.027909020273976935
1208,0.18223329495296162
1209,0.0973813956991363
1210,0.9193802932333202
1211,0.6343237296850611
1212,0.011020236852320424
1213,0.008980296468181994
1214,0.01615036005847198
1215,0.030972551484842552
1216,0.013576173915282458
1217,0.4766867665761088
1218,0.08977794389820888
1219,0.0201267355272336
1220,0.8913807385573888
1221,0.10054568422187637
1222,0.5057136478099051
1223,0.04523931939922476
1224,0.21781090486665242
1225,0.8216030006699645
1226,0.14354852019626946
1227,0.9873034304349794
1228,0.086256603930923
1229,0.7889136152319826
1230,0.004117743301189447
1231,0.9534246631590441
1232,0.6322187173345785
1233,0.02481782184831589
1234,0.04120180087048741
1235,0.8576958665773059
1236,0.45706087169788123
1237,0.26317582031880477
1238,0.07170217378373638
1239,0.4464743681951083
1240,0.5356931851544485
1241,0.048194373958312386
1242,0.009091223952826058
1243,0.22996985788794014
1244,0.2954682747493249
1245,0.030153395149905744
1246,0.003063064402879836
1247,0.018687577985970774
1248,0.13489637607691138
1249,0.9906582480621825
1250,0.18317726262482847
1251,0.018714644006995546
1252,0.9097833468118509
1253,0.9742548839131734
1254,0.9974085791033404
1255,0.7713974648844001
1256,0.07355239115679743
1257,0.9662175444624722
1258,0.00859071784892383
1259,0.9976779332552207
1260,0.42554031269787096
1261,0.08794642944806604
1262,0.003096250854099722
1263,0.00629907278058207
1264,0.04992140410091673
1265,0.9890330962749818
1266,0.008982740700067734
1267,0.9745907891362761
1268,0.06648985501725113
1269,0.02849756641182341
1270,0.4869087442387448
1271,0.022296944121240326
1272,0.05019307877573439
1273,0.3908152618542211
1274,0.9258444263693132
1275,0.26460960703636455
1276,0.038408208605881185
1277,0.13609530422365354
1278,0.25665385367414445
1279,0.008234164691152802
1280,0.9475479417491215
1281,0.022188048721112814
1282,0.9191272423214484
1283,0.03753701434709612
1284,0.08437713636327908
1285,0.4710964843243574
1286,0.23940848419118452
1287,0.4458199701439843
1288,0.30784572081382694
1289,0.0019198135084174883
1290,0.32821200949451973
1291,0.0957303802185659
1292,0.12139877431621693
1293,0.04223434941142102
1294,0.17882436985085723
1295,0.35522544419690655
1296,0.7611506746756415
1297,0.047732134185590976
1298,0.017027723513107332
1299,0.011955617183062867
1300,0.3016495118090431
1301,0.06486014266573238
1302,0.05484941305829599
1303,0.9662252515716974
1304,0.056313495213327736
1305,0.9962076632772517
1306,0.22172648255880797
1307,0.009341836789038301
1308,0.008622532404758701
1309,0.9874840838771295
1310,0.07600608359101063
1311,0.03740605369063809
1312,0.6650395378378118
1313,0.0032818688851117654
1314,0.945671941695427
1315,0.02076243283663134
1316,0.06718975040631148
1317,0.40718373013334586
1318,0.21439178980039628
1319,0.1234382250302411
1320,0.3084277007505226
1321,0.967769708935457
1322,0.008710770700189911
1323,0.03710538006484974
1324,0.03244514740945683
1325,0.01606749834381576
1326,0.97161522179846
1327,0.8860282534842975
1328,0.008998488571994116
1329,0.32707541468406626
1330,0.9697450239119885
1331,0.2783460462710739
1332,0.08843155578039998
1333,0.01662688762966612
1334,0.84128198381877
1335,0.22090370856913735
1336,0.007934287930969168
1337,0.01023415733623328
1338,0.007402750539800915
1339,0.05238687893985381
1340,0.48214802754763103
1341,0.922299390583947
1342,0.9388169818510272
1343,0.3959775108120576
1344,0.35842142781143344
1345,0.03861054079550535
1346,0.9976066824833897
1347,0.832316786735864
1348,0.07262027080377925
1349,0.009997845393033562
1350,0.18658647813813375
1351,0.06723966486479604
1352,0.29570602125531814
1353,0.016032770437062537
1354,0.07674559576627142
1355,0.9837539367745743
1356,0.021149582179550087
1357,0.6185547640706316
1358,0.19715790327957827
1359,0.06309076134672842
1360,0.9690860759834243
1361,0.12744470790627113
1362,0.918691319263163
1363,0.8947230506485236
1364,0.023692444925152354
1365,0.9611804159793143
1366,0.0565779356066411
1367,0.9177144937067956
1368,0.8344992875634681
1369,0.27178551674970836
1370,0.5004139833131269
1371,0.44758906876111376
1372,0.0282496773572302
1373,0.1989363531846219
1374,0.021449296146055143
1375,0.9451922834557266
1376,0.07919023744167093
1377,0.9979402028727246
1378,0.04866089004882038
1379,0.007535935648715956
1380,0.906568944059206
1381,0.8482062141628255
1382,0.0019323917677584205
1383,0.9871341470378115
1384,0.02308700711225919
1385,0.5072993592069608
1386,0.7412183514453327
1387,0.9644012894245244
1388,0.8926807961288731
1389,0.9974754090790497
1390,0.0070857153453798005
1391,0.9791392976901973
1392,0.3604002465770762
1393,0.7204267255115618
1394,0.00473746151221103
1395,0.6847042672973213
1396,0.06341221689667291
1397,0.03831577656080012
1398,0.02041938879536807
1399,0.993629477527041
1400,0.03434388453186182
1401,0.009387990704629133
1402,0.004481869776455406
1403,0.47729565357228637
1404,0.009471687595588597
1405,0.11263664819451297
1406,0.036080641225550346
1407,0.13195716305222596
1408,0.01861209162063945
1409,0.004496116858433649
1410,0.008995978177250704
1411,0.05540579517652741
1412,0.6876944188695844
1413,0.8491673034621657
1414,0.011397061411430149
1415,0.19139049747206469
1416,0.9775855944595578
1417,0.043584404566134057
1418,0.20080434957462948
1419,0.4925713458392338
1420,0.2954195296031474
1421,0.9712731520264155
1422,0.03432127085107765
1423,0.003488446547078484
1424,0.008810979749666596
1425,0.015952512055882166
1426,0.019545078408590686
1427,0.00632933549081371
1428,0.02898988915596883
1429,0.010029614482128019
1430,0.12991466644242633
1431,0.599001814369962
1432,0.05795602130915983
1433,0.7259317780153355
1434,0.6715721071631909
1435,0.006582017712258213
1436,0.0033179877095429098
1437,0.9733944052023821
1438,0.014061824066022638
1439,0.9711775292958881
1440,0.01587647822556072
1441,0.047463671626223024
1442,0.6112136516537136
1443,0.02584684339516523
1444,0.1215336934534702
1445,0.7381803926655003
1446,0.8745608902091249
1447,0.0727587904658032
1448,0.08944748288710451
1449,0.8311957154591078
1450,0.17676263671359838
1451,0.0025606336209644657
1452,0.24894741503977127
1453,0.9767931356104826
1454,0.9861344671696806
1455,0.06847996098396979
1456,0.0592940912947007
1457,0.0753618685268434
1458,0.96837225881421
1459,0.9646543026849744
1460,0.015139788685050318
1461,0.048042214517889294
1462,0.04319324254819152
1463,0.9428464173211538
1464,0.16843442609902837
1465,0.023439205394713118
1466,0.6432322307413356
1467,0.3769460250926607
1468,0.9594858817007741
1469,0.9888292058181986
1470,0.983793681971259
1471,0.14369207949981275
1472,0.21689786443421646
1473,0.9854875920504816
1474,0.22713434373872565
1475,0.17438639383722232
1476,0.9788278580024062
1477,0.7131831250564327
1478,0.218366043779917
1479,0.048579399674926534
1480,0.2862997078616211
1481,0.011262958798517705
1482,0.9549878251831648
1483,0.053439119116078314
1484,0.0695232828435443
1485,0.02677274981980866
1486,0.09069401942271833
1487,0.22053720763497653
1488,0.15125892931693344
1489,0.062312017821175354
1490,0.8426579242387574
1491,0.005153441074861279
1492,0.9853567382362493
1493,0.9960057182153687
1494,0.9949300191622635
1495,0.10155138186540236
1496,0.5640975618307558
1497,0.031686150345105475
1498,0.7974026297261604
1499,0.750715958147445
1500,0.05640560554543766
1501,0.07053514168009724
1502,0.10074484260255805
1503,0.08650155695467872
1504,0.03332195757096613
1505,0.2655999674844148
1506,0.12406757504201911
1507,0.9144137795317825
1508,0.029124054030672437
1509,0.010216552262040577
1510,0.1387032639512584
1511,0.5586586662267166
1512,0.050217166613432916
1513,0.42379725633366866
1514,0.847067498888026
1515,0.026345966730032908
1516,0.09319122721134913
1517,0.0033101136421398512
1518,0.3609107676122581
1519,0.08967959457478124
1520,0.013739720441746617
1521,0.009251091295713986
1522,0.04274240445068989
1523,0.02320547998098972
1524,0.9181942656027772
1525,0.008628879572208677
1526,0.010284765900757805
1527,0.686426131622528
1528,0.025149390844264426
1529,0.954770209457752
1530,0.025692843142437572
1531,0.3046344350144225
1532,0.947009913928022
1533,0.06663455975020012
1534,0.02017458751560017
1535,0.009185006710515056
1536,0.06662346515948986
1537,0.5513901929284101
1538,0.14437398033195134
1539,0.5387627343759646
1540,0.9451393550192947
1541,0.8155183444688557
1542,0.14239849237050753
1543,0.00403946154512664
1544,0.044260588603932526
1545,0.06309842331256348
1546,0.7806463607790267
1547,0.6608369542682468
1548,0.02637664675965118
1549,0.8920902649523538
1550,0.6510847862997978
1551,0.10417923449392785
1552,0.0026311582771097034
1553,0.8242036499411481
1554,0.025755789776080267
1555,0.0062838047268906905
1556,0.004694714705786188
1557,0.06489597311141747
1558,0.011389952488406456
1559,0.17542066895580555
1560,0.030127694008751846
1561,0.03419250578539385
1562,0.21784614214244402
1563,0.24557052727596096
1564,0.19364711478063604
1565,0.024475933368837313
1566,0.004023825058222539
1567,0.14500782928888636
1568,0.654864244741129
1569,0.14979150998355711
1570,0.04281278218511295
1571,0.3363391355646031
1572,0.19626326032097371
1573,0.4523658513772688
1574,0.2472248013790627
1575,0.0369553295289043
1576,0.8981540726346866
1577,0.07455946792531969
1578,0.005066436596734183
1579,0.5748881612922659
1580,0.9722900222676764
1581,0.9767594348507395
1582,0.11157062638506521
1583,0.019748120011728806
1584,0.11182428593496918
1585,0.9699525466918971
1586,0.027791576321578748
1587,0.00988645810392248
1588,0.9627442051853775
1589,0.932763996196123
1590,0.044952660120269085
1591,0.017769117594164555
1592,0.021082833466130758
1593,0.11962952922148141
1594,0.006859326816797302
1595,0.29298652846095724
1596,0.1384805561444379
1597,0.9133468843842903
1598,0.4390142575708502
1599,0.07822271667845673
1600,0.07627099385010937
1601,0.1790458705729715
1602,0.2827254350388592
1603,0.9061571134735241
1604,0.8500344482021672
1605,0.9822527800427578
1606,0.01835585270226815
1607,0.021434373003069926
1608,0.050808703904736845
1609,0.8165925339641559
1610,0.8992813386049936
1611,0.8184271455241152
1612,0.07143595832387421
1613,0.0643647565456911
1614,0.029533527069068626
1615,0.9646999498340856
1616,0.09483613180090127
1617,0.0026561521085976137
1618,0.020950539204549534
1619,0.0601393994410949
1620,0.07725936006419627
1621,0.924154017171011
1622,0.07235109273704736
1623,0.12667057974618937
1624,0.9778163847574728
1625,0.004186139865114105
1626,0.013926586391446484
1627,0.28353955833930616
1628,0.9915811364653496
1629,0.04457791966720259
1630,0.04403663067981872
1631,0.014152110823025407
1632,0.05612771632818723
1633,0.8513041920476407
1634,0.6097190733685928
1635,0.024173920691965015
1636,0.11369967183466778
1637,0.24958032411330544
1638,0.9974598899982233
1639,0.06568547552622302
1640,0.1965450344357709
1641,0.04072103545807346
1642,0.07336222431903787
1643,0.030666679916532106
1644,0.12335259803746397
1645,0.0060092671325289474
1646,0.0404657472779931
1647,0.2204037595572501
1648,0.008037303486631812
1649,0.011711614311075211
1650,0.16523316138525837
1651,0.11325824801524464
1652,0.12412160727104116
1653,0.016886688682581162
1654,0.04457244024585728
1655,0.1878130106410816
1656,0.530085688050648
1657,0.2056247618425663
1658,0.16389794783456627
1659,0.11634515911452376
1660,0.004334543660897962
1661,0.615506876874628
1662,0.15687136443324423
1663,0.1490368007865255
1664,0.005286886638557842
1665,0.6596472065844639
1666,0.3681414369655898
1667,0.9504672693102423
1668,0.03709967059280686
1669,0.02665473568926723
1670,0.010087734225167353
1671,0.12012019816706403
1672,0.11346689782845336
1673,0.006103476698016944
1674,0.9844279633778514
1675,0.020838997562239354
1676,0.004179147739316282
1677,0.49368119707354857
1678,0.13736426754598893
1679,0.04466683137684352
1680,0.15137726083098893
1681,0.10300872205014104
1682,0.0018875028445734783
1683,0.020291804100443848
1684,0.003900885378421667
1685,0.10157170134224743
1686,0.06661803492417813
1687,0.0954926717298611
1688,0.0741954757075818
1689,0.9976578989496288
1690,0.36288209105137087
1691,0.949016988502886
1692,0.9849670766756948
1693,0.9852324466937188
1694,0.6452041630442232
1695,0.8959034640649987
1696,0.9532244076832995
1697,0.03716242370592288
1698,0.23314125719260978
1699,0.5894120388397274
1700,0.19401514673663148
1701,0.011684733308384687
1702,0.028318350202356127
1703,0.9973630183288701
1704,0.007818528235709016
1705,0.47812337034550545
1706,0.06702412641305644
1707,0.2817347263440379
1708,0.010117736426667318
1709,0.952166034372847
1710,0.002304661827522985
1711,0.08069742636565976
1712,0.03207115661049814
1713,0.16864304090963422
1714,0.20522903707001003
1715,0.0024051521578425557
1716,0.01586656701263505
1717,0.2434996405141602
1718,0.057082660083264146
1719,0.1547864402671114
1720,0.00279679714460283
1721,0.03522392473397174
1722,0.03615618040264528
1723,0.874038887544539
1724,0.003884510748169579
1725,0.07106205129723892
1726,0.015360782161809928
1727,0.37505658232965206
1728,0.348272834860982
1729,0.010903015285333764
1730,0.9875907013451432
1731,0.29668949654954974
1732,0.008137283340844651
1733,0.9871773762211951
1734,0.9814715269546411
1735,0.07483361387264313
1736,0.062063747637454314
1737,0.997655495832706
1738,0.2931333713674286
1739,0.84172224624299
1740,0.010008414498671346
1741,0.9731224933078044
1742,0.010865162249199348
1743,0.042114289460487404
1744,0.014309661740939164
1745,0.12984381443926626
1746,0.07879982240499231
1747,0.003972912804023052
1748,0.023580550697165224
1749,0.9734281092594177
1750,0.04824417718505938
1751,0.0028015026058923497
1752,0.8849101008014397
1753,0.20072863025007903
1754,0.36141172902855767
1755,0.946337938590362
1756,0.7561647785638724
1757,0.017450898913993776
1758,0.10220659916213481
1759,0.009370407273490011
1760,0.6929048224140447
1761,0.013471395080255369
1762,0.8664457981540076
1763,0.299461515302667
1764,0.06277586747246132
1765,0.08000182062424378
1766,0.02628648197212477
1767,0.9054911444116298
1768,0.986324150095015
1769,0.0031501033184236533
1770,0.030190017110212287
1771,0.6896412350393469
1772,0.8983648126223862
1773,0.9967680594551808
1774,0.6389491280057896
1775,0.9252161844885158
1776,0.7832863501737343
1777,0.002531205916386962
1778,0.059941255781923664
1779,0.41844174562762504
1780,0.007182316337298461
1781,0.9830598203736739
1782,0.020088778602457117
1783,0.8068332777042538
1784,0.21308544764330306
1785,0.012856728986589447
1786,0.5561712895889896
1787,0.7524119893169686
1788,0.019257896490955783
1789,0.020776749908540688
1790,0.021258669947274395
1791,0.011688079961860559
1792,0.247551178086438
1793,0.10358459725836335
1794,0.004487659465285571
1795,0.04366028210075958
1796,0.15141478751179072
1797,0.2790197826405909
1798,0.03706700187266235
1799,0.014317832201927103
1800,0.03742685151906915
1801,0.02155074673619777
1802,0.20407036072606832
1803,0.5296897300924924
1804,0.0015948452936083112
1805,0.16529734932584694
1806,0.6112566201592792
1807,0.013332443820598257
1808,0.08544310553131464
1809,0.023419973284894896
1810,0.014651731076079628
1811,0.01746425902003983
1812,0.21781502706845657
1813,0.05671812739972062
1814,0.24630483652952898
1815,0.05857874413870203
1816,0.07050445300885416
1817,0.28357934037153515
1818,0.028410959147295526
1819,0.045220420818127584
1820,0.9796929381401368
1821,0.013196546900297633
1822,0.1822978650443489
1823,0.311009680799665
1824,0.026847972597551617
1825,0.9862846785979524
1826,0.012774904532737372
1827,0.9874886221631339
1828,0.007411232033480648
1829,0.12018090017009327
1830,0.296001001502861
1831,0.05450908525451668
1832,0.026865582326969933
1833,0.9877738774876385
1834,0.07243329568013572
1835,0.015101986075149626
1836,0.019964951491439648
1837,0.022313052221928153
1838,0.02069435575841526
1839,0.02565460389797858
1840,0.05285536992915652
1841,0.9770160432797047
1842,0.0808371806776458
1843,0.2145028135007029
1844,0.009463073512111621
1845,0.9734969330273359
1846,0.04495069449513998
1847,0.04415630417282904
1848,0.9007758613026818
1849,0.39335551628016274
1850,0.11330505909884447
1851,0.0457574519789671
1852,0.07706092007863906
1853,0.04209863472868547
1854,0.08359075872614753
1855,0.012773003636701127
1856,0.9396397878217858
1857,0.013617246839460674
1858,0.033661515243338984
1859,0.18871685794474594
1860,0.11248054725986638
1861,0.013233997495278108
1862,0.18121725110638384
1863,0.005992687783893461
1864,0.8131778747073763
1865,0.005685070078315576
1866,0.06467425965116963
1867,0.05339216760630492
1868,0.37103143942678707
1869,0.9893955139902725
1870,0.058381997335962145
1871,0.31633373219444694
1872,0.10203299392625272
1873,0.02326564168803524
1874,0.6390349741846263
1875,0.2988319110109825
1876,0.04198654994224558
1877,0.013292669759251495
1878,0.009733140875197414
1879,0.07634404393536869
1880,0.11307055223534153
1881,0.11062358948174104
1882,0.0065812807366949075
1883,0.9928150355175788
1884,0.9710568541278016
1885,0.0028138302483434693
1886,0.3401315907193993
1887,0.3417682157813576
1888,0.04816043179865561
1889,0.0030007864337852942
1890,0.008120606732317416
1891,0.3989761506076726
1892,0.7718037742823832
1893,0.904869047863435
1894,0.0809917127617749
1895,0.018154481088465176
1896,0.9543299632760975
1897,0.002454112823202728
1898,0.8791803706270432
1899,0.028227395257658872
1900,0.07124368318001693
1901,0.24223167711696017
1902,0.10956366672320328
1903,0.041035221366721
1904,0.08644281119128716
1905,0.031462769464081296
1906,0.9980301587673951
1907,0.05671973024679113
1908,0.0044898028210045605
1909,0.2441709841169535
1910,0.9844787092554445
1911,0.05589208677000853
1912,0.04667416010232001
1913,0.7502455795624564
1914,0.07212778325357641
1915,0.9761317915904556
1916,0.09563580594111075
1917,0.9867025071726053
1918,0.6097657366282854
1919,0.17960210719186728
1920,0.2035351940061094
1921,0.963729678236187
1922,0.2090065250043501
1923,0.005611586958771816
1924,0.8736002528358613
1925,0.19427778484409716
1926,0.9475690565115585
1927,0.9653784690857394
1928,0.39043142282768734
1929,0.21135663733783114
1930,0.9390782316380274
1931,0.01665692551566837
1932,0.06398856602941623
1933,0.1301925532789127
1934,0.27346029596144655
1935,0.9794018527071437
1936,0.12398086395029921
1937,0.029828199386900883
1938,0.043422719081456305
1939,0.033500023267491186
1940,0.4530448512857414
1941,0.008879599924087557
1942,0.9065199715273756
1943,0.45316138142014123
1944,0.007846080825828794
1945,0.0034862112435408757
1946,0.3295139868119646
1947,0.08520466101770922
1948,0.40833501833641167
1949,0.007482002986925259
1950,0.40233314201015763
1951,0.9563477212382798
1952,0.9400614686327641
1953,0.17896375805556738
1954,0.06623888286415512
1955,0.020780573245168573
1956,0.029862864147517126
1957,0.841271958368683
1958,0.23422763160277071
1959,0.06613751900885469
1960,0.04660871531090018
1961,0.1888108737609493
1962,0.1649299453735745
1963,0.137580470805239
1964,0.13992014101858066
1965,0.06572825936401565
1966,0.977694591521479
1967,0.03340241890591076
1968,0.04503588857017394
1969,0.1776258679793333
1970,0.15677517828394613
1971,0.979625547695341
1972,0.6923944258021861
1973,0.0487576512495684
1974,0.8945898425463676
1975,0.6488645094436434
1976,0.021697124915123364
1977,0.9829939087828085
1978,0.03134074159085773
1979,0.9975185664150414
1980,0.9601747697664216
1981,0.5249044264920942
1982,0.2179543045880082
1983,0.05450829597668233
1984,0.41619025773571106
1985,0.05179991610331264
1986,0.13516973740504298
1987,0.4515421721643416
1988,0.003369662965890458
1989,0.06611402168891202
1990,0.35438816914644855
1991,0.9739470610046975
1992,0.10216592508956528
1993,0.0074510466439113516
1994,0.9279347758027218
1995,0.471952484525211
1996,0.37751744995920355
1997,0.40806527998793296
1998,0.5589901073856693
1999,0.949565670859552
2000,0.13964369753677694
2001,0.037718415043359536
2002,0.04945136706323792
2003,0.9803854644232661
2004,0.039145057071098305
2005,0.040659832136872416
2006,0.9800518108129689
2007,0.04737168465740823
2008,0.23454595805640774
2009,0.11060977191296235
2010,0.9564304397026021
2011,0.9186894076497856
2012,0.7221608505989874
2013,0.8500229895548409
2014,0.9791794912727164
2015,0.006764625994451119
2016,0.8978324549118565
2017,0.8036340232490752
2018,0.00439863186968949
2019,0.06553455455192485
2020,0.004569437090532938
2021,0.8781479607977536
2022,0.32091862574260394
2023,0.3579458156037641
2024,0.9861078982884645
2025,0.8450947185444605
2026,0.7017671431554784
2027,0.00945680513887528
2028,0.10787423962542304
2029,0.0020690586568205913
2030,0.9680411973681072
2031,0.16271254872250926
2032,0.9882508454768364
2033,0.5268733941831081
2034,0.9624959006712211
2035,0.9911276044917045
2036,0.07220322309861978
2037,0.011417500411807521
2038,0.0301314740489961
2039,0.996150466399596
2040,0.005008854230671276
2041,0.5395789153725395
2042,0.2591592924105459
2043,0.9871603082891124
2044,0.7954060295017111
2045,0.003425650486541964
2046,0.005497828477725241
2047,0.17256989451086868
2048,0.07628656968638353
2049,0.9655098689332166
2050,0.9606861377868633
2051,0.7456995903034764
2052,0.02943105135802196
2053,0.22017125121595824
2054,0.732782955391261
2055,0.006935878935198296
2056,0.016155126358545723
2057,0.825828641338807
2058,0.003027758458017955
2059,0.010387721565315677
2060,0.02234530810214574
2061,0.3104421638430575
2062,0.1374260936326742
2063,0.029431991834797753
2064,0.8603803686764483
2065,0.781594960581767
2066,0.21880670964639792
2067,0.9827168261735143
2068,0.7213108325058709
2069,0.3582669578046911
2070,0.16596141290680336
2071,0.46427725912712936
2072,0.2819836664212618
2073,0.006138192978240087
2074,0.07702196901779326
2075,0.4533423511542232
2076,0.018583774925586143
2077,0.12312999917707872
2078,0.008034920630286034
2079,0.024228514868861278
2080,0.012422465385677171
2081,0.6112280966053909
2082,0.2193289452125103
2083,0.020326984399984153
2084,0.7693194888833887
2085,0.07684204067721226
2086,0.01684073582318709
2087,0.047955369836212756
2088,0.9790806528904831
2089,0.052324221568281544
2090,0.7008249760554012
2091,0.11462485240005497
2092,0.016893721290773978
2093,0.01879610712694601
2094,0.49766822110651177
2095,0.9976958353047934
2096,0.24454611337660873
2097,0.005930189418642412
2098,0.5654017751883328
2099,0.4011857457723214
2100,0.9896877280529693
2101,0.020779882108910044
2102,0.7889621754782467
2103,0.14137662261553638
2104,0.01939663249913177
2105,0.004436659390203983
2106,0.019926220306165886
2107,0.8472113992812274
2108,0.017973816474483293
2109,0.008331559993083902
2110,0.006779646588531117
2111,0.6621663860015464
2112,0.02443624555359619
2113,0.47922225857680395
2114,0.3372045534939134
2115,0.13257648415379522
2116,0.9592376546451428
2117,0.9262754689012843
2118,0.00805730959039165
2119,0.9565497348095757
2120,0.16927445309859354
2121,0.03250209780258242
2122,0.18193702351334806
2123,0.934311282764661
2124,0.013643094149876321
2125,0.8202437465974756
2126,0.05843399352337786
2127,0.0524824056615568
2128,0.04467356183764923
2129,0.12467332843656369
2130,0.041281698276557394
2131,0.11384331815100672
2132,0.9740186590684304
2133,0.028149299052195553
2134,0.012386938922903398
2135,0.172798212801765
2136,0.006457165450800297
2137,0.9942593395649023
2138,0.006073812743689198
2139,0.07366983010811194
2140,0.020177244148529783
2141,0.2408047283451238
2142,0.1733933966226727
2143,0.7744215143413163
2144,0.8026903607563133
2145,0.9162927616863318
2146,0.3103456586097467
2147,0.9961021697584528
2148,0.014434507147946205
2149,0.9812076897959248
2150,0.4094119168947988
2151,0.9379792659875416
2152,0.70386087273992
2153,0.18706867792685586
2154,0.03689021689074481
2155,0.1534022669568594
2156,0.97626440117038
2157,0.009700106900274457
2158,0.5997909566566669
2159,0.8907275046678026
2160,0.7857665961092138
2161,0.006723756083236971
2162,0.15617716540035254
2163,0.01995682351374098
2164,0.06728991190629002
2165,0.21573040842151328
2166,0.20965170601100921
2167,0.30658990831504435
2168,0.04666758247950495
2169,0.060310693774324346
2170,0.9391664218358339
2171,0.016297299672885245
2172,0.5436879719015021
2173,0.974678169806873
2174,0.2251407589813176
2175,0.014779998865425947
2176,0.07253585797093438
2177,0.02559354144735787
2178,0.03521212348364292
2179,0.059058723177573214
2180,0.8164747380854452
2181,0.018495242276000416
2182,0.005510959668565741
2183,0.28014579772328224
2184,0.05069673059833585
2185,0.07053849112520921
2186,0.36207845487401596
2187,0.03513618993344406
2188,0.0643797471494429
2189,0.45210603763850044
2190,0.0029849191535204836
2191,0.9830479745336135
2192,0.9568667165110599
2193,0.030676507497797056
2194,0.02242414379594666
2195,0.04699203877132153
2196,0.07009182912705685
2197,0.9676516862756775
2198,0.9262154155417314
2199,0.025707906546743296
2200,0.010503339155420338
2201,0.10930415357061078
2202,0.007459503877826218
2203,0.951264346090625
2204,0.9416673976302313
2205,0.5506843032405452
2206,0.2631091432686878
2207,0.13265820390068517
2208,0.9428040215502985
2209,0.3502301845816766
2210,0.13590485602128866
2211,0.039746625889968114
2212,0.6005692071012474
2213,0.0064541440572277314
2214,0.01477166389242296
2215,0.009944389218928004
2216,0.4914494501896421
2217,0.1481332984323013
2218,0.03284653288209883
2219,0.0038355365732135036
2220,0.009124273593822578
2221,0.030983566039196653
2222,0.005008048570897791
2223,0.9580340017226766
2224,0.19878797728246703
2225,0.004882992886414347
2226,0.29984595356445687
2227,0.8189778053402201
2228,0.19823688616890642
2229,0.002863525819559558
2230,0.8174725903636918
2231,0.035025444872812034
2232,0.3742403842955324
2233,0.006508763369083473
2234,0.9679172777799095
2235,0.05915888546036926
2236,0.29976321697710384
2237,0.025825797805897405
2238,0.16606974387225204
2239,0.8213126098374065
2240,0.33364678696837596
2241,0.008776889781417892
2242,0.009911780844075803
2243,0.10454147694587486
2244,0.0025514194993987984
2245,0.007667870763171211
2246,0.09946660436772951
2247,0.0309232889448197
2248,0.05069609998900384
2249,0.5418464862271978
2250,0.03279569180536643
2251,0.417821426475268
2252,0.567157800301895
2253,0.9772120113774537
2254,0.011984073020212677
2255,0.038330515819992056
2256,0.2096855453677632
2257,0.007441247541278105
2258,0.014441931441608921
2259,0.025146044474282397
2260,0.3621307839834384
2261,0.5419600023659421
2262,0.8584454973303487
2263,0.32727259748043275
2264,0.0615389142986493
2265,0.005347268009964108
2266,0.4723922636883909
2267,0.9546822133851748
2268,0.12529992236108567
2269,0.385552734652699
2270,0.07564285802835101
2271,0.21976296742034732
2272,0.08797284169263515
2273,0.9871449828899289
2274,0.9211722972560644
2275,0.0022793354415925286
2276,0.04790965396450312
2277,0.9650011888554619
2278,0.7037589630902569
2279,0.02292059359180387
2280,0.036130841777635
2281,0.2709584186722757
2282,0.06902712674639362
2283,0.10185198956029444
2284,0.6488688154144312
2285,0.05123885352212943
2286,0.9791628604324015
2287,0.06658579669653958
2288,0.007490960447181623
2289,0.00812169443830558
2290,0.008415060099233622
2291,0.9392041315087013
2292,0.1361536937434399
2293,0.022278560039270454
2294,0.03688106451590479
2295,0.971719217600393
2296,0.8737618655772179
2297,0.2149327066576685
2298,0.0095109140207771
2299,0.04045097099966297
2300,0.01986082526864769
2301,0.03640026911328096
2302,0.039801835393349715
2303,0.2615414757105217
2304,0.8787563122661378
2305,0.044259697569255844
2306,0.08061521012191232
2307,0.11674496229008831
2308,0.15557268138998223
2309,0.002564810288146728
2310,0.011750650973977206
2311,0.005642286698284549
2312,0.007089310816148293
2313,0.008464194502414379
2314,0.9801855626342914
2315,0.07781613836095246
2316,0.099042903321708
2317,0.851703306739609
2318,0.13549077632615444
2319,0.003096064206412334
2320,0.09528395366018083
2321,0.9979539043007021
2322,0.5305280605339128
2323,0.15467165456313162
2324,0.9424310305220235
2325,0.13482150282498992
2326,0.5569705386997225
2327,0.004971808963452277
2328,0.9886288171690735
2329,0.17867873151112712
2330,0.03358326628042077
2331,0.0027147233039541865
2332,0.08691003356394372
2333,0.9845590378666436
2334,0.0025284956295325146
2335,0.12192207860251832
2336,0.02868433312701234
2337,0.9816080728775193
2338,0.09646671748523816
2339,0.9809848645148606
2340,0.04482887990729298
2341,0.007996936462386051
2342,0.312236040437113
2343,0.9878509980476121
2344,0.07363231906190094
2345,0.011902218568536538
2346,0.03799082511274596
2347,0.3977301794109232
2348,0.0016898010324484312
2349,0.41947225983733455
2350,0.11707473955714542
2351,0.9105939987489561
2352,0.593574323322929
2353,0.9780661064192101
2354,0.012078229199180814
2355,0.0742248225364804
2356,0.22002862247866015
2357,0.9591552190688097
2358,0.024530586158754048
2359,0.0100170420167277
2360,0.2246437811842759
2361,0.19161409325192155
2362,0.009521781401078554
2363,0.08075253115082438
2364,0.015329808070807457
2365,0.6673285557862658
2366,0.7530894106087276
2367,0.06150131197381865
2368,0.0160005794861887
2369,0.011942746347550841
2370,0.11567234417257106
2371,0.9920947704409824
2372,0.29422294968648416
2373,0.01749372442423161
2374,0.0024132665212608672
2375,0.9126804611272936
2376,0.024657208962443996
2377,0.280998582150002
2378,0.9469592259789419
2379,0.011753244995783167
2380,0.01390307754824642
2381,0.018477476245174724
2382,0.7505460486929496
2383,0.5006966707536779
2384,0.926334076831339
2385,0.29116056218377423
2386,0.04787183334558829
2387,0.15040049357741433
2388,0.9896289075214254
2389,0.006227185448853712
2390,0.20471293330028115
2391,0.19551549859813774
2392,0.0190753437742415
2393,0.05749471864226336
2394,0.6693729161901407
2395,0.1259138422168978
2396,0.03401828206750721
2397,0.6194515295648834
2398,0.03445723589154267
2399,0.22972415562428838
2400,0.008455967759206049
2401,0.02668849578432142
2402,0.11115707570662244
2403,0.19360547579613605
2404,0.9692298693826386
2405,0.08574515327770728
2406,0.07755704579624341
2407,0.6206612516716131
2408,0.38804173287830207
2409,0.05151176466643672
2410,0.04917013020235019
2411,0.028571179376727013
2412,0.005688479740053968
2413,0.9740394933329061
2414,0.008477652458751294
2415,0.9895039550755974
2416,0.49034336595873046
2417,0.9192278017707408
2418,0.014653912310928727
2419,0.030267254031239466
2420,0.9864172380192541
2421,0.13601957045908072
2422,0.002951962311255305
2423,0.01455066356614227
2424,0.016771383903114053
2425,0.5567133603004798
2426,0.8769363219471913
2427,0.9980607865802368
2428,0.0029894561815210024
2429,0.9467610545464801
2430,0.5938175900535955
2431,0.5727652645615894
2432,0.9429186220017179
2433,0.08981023144865423
2434,0.05877173043333117
2435,0.09993821851335527
2436,0.28514318522795157
2437,0.9745924945792929
2438,0.12509488233986793
2439,0.1350508124587525
2440,0.3074153540517575
2441,0.9953828798673036
2442,0.25834876550586994
2443,0.08697898993505514
2444,0.8730837364153029
2445,0.15399506485663464
2446,0.4804502893676165
2447,0.047621879767554366
2448,0.010042829451070196
2449,0.8296973584267322
2450,0.19900811070786287
2451,0.009969178751156119
2452,0.46430860117846146
2453,0.517697005715387
2454,0.02063757203172854
2455,0.2563829135659871
2456,0.004963743600331858
2457,0.9843156865353514
2458,0.23989201118625111
2459,0.8979346159558969
2460,0.048568357015545564
2461,0.007264766420203283
2462,0.017391388181973402
2463,0.907395407775336
2464,0.005088774563362527
2465,0.012960192921840525
2466,0.03357303838890314
2467,0.03295563589832847
2468,0.9561968003981086
2469,0.5533572018266123
2470,0.9929585236897857
2471,0.00913325276758675
2472,0.07226332873876076
2473,0.013808190529957097
2474,0.002818588291578189
2475,0.004441377475824244
2476,0.7211256890575717
2477,0.045951554907053806
2478,0.00644453367414748
2479,0.26184783687932905
2480,0.9849937254150275
2481,0.023352208829297404
2482,0.21578500736493347
2483,0.5417858428507545
2484,0.009198685801206696
2485,0.8636218220575119
2486,0.07432491828181402
2487,0.9733622085352845
2488,0.46746474596137383
2489,0.03288262104528868
2490,0.25176779255534415
2491,0.0021306071379820473
2492,0.37520973241731576
2493,0.45254831539972523
2494,0.014221059019867387
2495,0.5907930876053431
2496,0.03794310701526905
2497,0.10216439138837252
2498,0.1220563394331153
2499,0.9977750724652473
2500,0.014179243472731798
2501,0.04221592853951368
2502,0.021254224639189783
2503,0.20221959732415107
2504,0.9964557896887857
2505,0.07310515493192647
2506,0.08937232235193082
2507,0.4198509188799598
2508,0.09340269516851744
2509,0.031456889125597916
2510,0.03658224090329713
2511,0.181602078734775
2512,0.04381703488039332
2513,0.0704480820123327
2514,0.09447695309737442
2515,0.07536929739407122
2516,0.03837405001721239
2517,0.7047041278158158
2518,0.1824541146719778
2519,0.21074305918914382
2520,0.03334286498521127
2521,0.23708265176249366
2522,0.22441206505871
2523,0.08065249146399849
2524,0.016536149891470578
2525,0.05088733190699688
2526,0.03943865681220186
2527,0.377095449164933
2528,0.22048783555183404
2529,0.07203197244453563
2530,0.8106879193207822
2531,0.012849751261880057
2532,0.9079292373754103
2533,0.15583176512793986
2534,0.03883318735315413
2535,0.9875515378947352
2536,0.12678538167242107
2537,0.027999738217559484
2538,0.01325995988065344
2539,0.6064241216004876
2540,0.03381937347755306
2541,0.17798378184768135
2542,0.11901719721057852
2543,0.17020344811533994
2544,0.9886457224065014
2545,0.004299237433463673
2546,0.3264099922960148
2547,0.0178602180050314
2548,0.37922466966919516
2549,0.001594095639446596
2550,0.9280227388787257
2551,0.3885888608923793
2552,0.034780532278912285
2553,0.018119769432094323
2554,0.0030942828233947277
2555,0.8308576024177309
2556,0.9713180495912489
2557,0.20546638229187145
2558,0.016501305685683434
2559,0.19878957433092745
2560,0.1660417958591401
2561,0.011364849673007799
2562,0.7460598938765125
2563,0.2069501354740244
2564,0.9276519750773149
2565,0.9166454571816862
2566,0.06342025732330597
2567,0.9770769156187146
2568,0.18103776557498671
2569,0.0034509374867402205
2570,0.02193852829729592
2571,0.6666186256546478
2572,0.053472850384128946
2573,0.05683594893874467
2574,0.00930567131639387
2575,0.93929690122945
2576,0.9973819615664006
2577,0.0951822304102342
2578,0.011071239372178103
2579,0.32818283104180773
2580,0.12522391759870757
2581,0.9514764465366513
2582,0.028006094288336808
2583,0.14666058078238142
2584,0.2097676490188062
2585,0.06655006083457304
2586,0.014643467136191411
2587,0.0809468097797003
2588,0.8828732210192838
2589,0.007637505194310917
2590,0.004985728954202503
2591,0.05340250592217205
2592,0.12748793320778593
2593,0.13922270473708728
2594,0.1366871270152187
2595,0.04079054023798459
2596,0.04919100268649704
2597,0.9687214683825888
2598,0.9622060560693765
2599,0.08112131627041005
2600,0.18280024499808759
2601,0.03554449313514576
2602,0.06907996593770561
2603,0.9894986481025656
2604,0.9298684720256748
2605,0.0812699099127815
2606,0.14895924731080967
2607,0.2466980232402575
2608,0.9943177898108116
2609,0.06020593324069462
2610,0.9714675713056629
2611,0.9219107206134914
2612,0.004291595159054856
2613,0.45347364386767297
2614,0.004515633667898449
2615,0.008763052955197975
2616,0.012577692727488335
2617,0.01241485002010575
2618,0.007872906705295784
2619,0.9815817811579702
2620,0.044901368287925014
2621,0.953742803641935
2622,0.17665241303545468
2623,0.03116655826924318
2624,0.10031878428189704
2625,0.016331176849344996
2626,0.8317074837429635
2627,0.004528275395360287
2628,0.1777301450803868
2629,0.9548086935042904
2630,0.32350447962951834
2631,0.8138977538765547
2632,0.9666288575780556
2633,0.30210250153076285
2634,0.9765762535087354
2635,0.642161429405862
2636,0.9979245110344156
2637,0.1891796149138073
2638,0.011606176688395661
2639,0.05166975497418299
2640,0.005508458969099977
2641,0.018588617958460583
2642,0.4752992486829315
2643,0.9970018027669747
2644,0.950431414477176
2645,0.0023007739312744867
2646,0.0016801154064603953
2647,0.4172906928818571
2648,0.0076666246130809535
2649,0.9203595897485862
2650,0.1403655171849289
2651,0.026220867175889048
2652,0.7477150875825366
2653,0.6838221569816998
2654,0.016478369369980424
2655,0.040020567919054624
2656,0.09822794133009567
2657,0.7942194136629425
2658,0.6177947802586806
2659,0.213578852343601
2660,0.9772995300224006
2661,0.004909584961974213
2662,0.005205745037147564
2663,0.01168108335136015
2664,0.016166401282260528
2665,0.9815613679924134
2666,0.9746402045486838
2667,0.11301924640649567
2668,0.4323708784324456
2669,0.3314949980591015
2670,0.6613593486439471
2671,0.20714807336255314
2672,0.09186383473417703
2673,0.02463399095380035
2674,0.06555319546348572
2675,0.03771856854401896
2676,0.9732302771357003
2677,0.9970483080087726
2678,0.09481537125916284
2679,0.04053959844261499
2680,0.9755121224766583
2681,0.008399846503190334
2682,0.0033973368976294694
2683,0.5760899892263149
2684,0.002885486237371266
2685,0.31238991066673905
2686,0.9254346274759179
2687,0.017138493417143203
2688,0.813550496357486
2689,0.08802775139834174
2690,0.012434793476650767
2691,0.03791147641569509
2692,0.008108208258387912
2693,0.22433872451580558
2694,0.10094153042581343
2695,0.08003762341336008
2696,0.05899246987816193
2697,0.9933145619307694
2698,0.4170118397375149
2699,0.05797027567295913
2700,0.23229210749035767
2701,0.9409095658539924
2702,0.9408186577284866
2703,0.9646893684641852
2704,0.9017187907635572
2705,0.22702162063829742
2706,0.04154846998347728
2707,0.9980655619094279
2708,0.0050408136962616324
2709,0.9171857166822869
2710,0.37218253673470447
2711,0.008589856580910113
2712,0.0490109083292708
2713,0.016807188127366816
2714,0.9246299020216936
2715,0.08023901193568804
2716,0.0022155754687128424
2717,0.9495138152805446
2718,0.14830319661085742
2719,0.12055504776757338
2720,0.4830382702851937
2721,0.04014438893134392
2722,0.9789189408553299
2723,0.023689626716176235
2724,0.19645358655860035
2725,0.0032666897637722184
2726,0.888889274958486
2727,0.9411645756650152
2728,0.007474238255112744
2729,0.5707113832473695
2730,0.28487405457692766
2731,0.016022421819625057
2732,0.34447948257929717
2733,0.006545700099260626
2734,0.016491593358916087
2735,0.013511335362214267
2736,0.27481635703185964
2737,0.015434351161095297
2738,0.6216062454093132
2739,0.17134312016099795
2740,0.8359442129055049
2741,0.997790913139644
2742,0.996697011312063
2743,0.09446329137397443
2744,0.2558734994282929
2745,0.9494843098957624
2746,0.961066672416438
2747,0.6611931415400323
2748,0.06564610681507388
2749,0.05780879629369149
2750,0.01127499322023206
2751,0.05544603431949052
2752,0.1210424441330998
2753,0.06007609371639627
2754,0.058856907947427504
2755,0.6934589559449358
2756,0.2752705256618304
2757,0.09362326345459425
2758,0.0817256961406867
2759,0.10211525681484913
2760,0.2794984364796984
2761,0.8158229580423263
2762,0.9657560914846975
2763,0.43976370505909085
2764,0.022147755919270342
2765,0.1354263638349479
2766,0.1086626523648296
2767,0.680121740487427
2768,0.009844045952677913
2769,0.97482718125709
2770,0.035510060527062653
2771,0.04227122849513484
2772,0.10003156562678579
2773,0.8755522129114972
2774,0.11865262391260994
2775,0.1978807169128222
2776,0.480699337005381
2777,0.03917614791335753
2778,0.09913751464189761
2779,0.04438053604608896
2780,0.5107506380333531
2781,0.6881644621342465
2782,0.003314390763705266
2783,0.0028149705552904737
2784,0.05570211982820999
2785,0.010196715185293194
2786,0.0042924891552274256
2787,0.0037747269331919312
2788,0.03792985991825729
2789,0.03048341361170495
2790,0.008039227394744131
2791,0.01208622933704146
2792,0.8259533819213649
2793,0.9259461338532459
2794,0.41045758530641135
2795,0.19440582741606452
2796,0.008307102785751698
2797,0.02175270881625684
2798,0.6449116538316791
2799,0.9267602538388026
2800,0.05036084144964561
2801,0.9120685198603619
2802,0.037327921273853974
2803,0.9730460121993549
2804,0.016423047829031288
2805,0.03004790424852838
2806,0.043979039883888536
2807,0.03345251206983813
2808,0.0770375002385561
2809,0.17254534183649764
2810,0.014174586579652306
2811,0.0035381105050926493
2812,0.9726883730126529
2813,0.0360114069035925
2814,0.0027986365308809683
2815,0.765541656052235
2816,0.03647829604258479
2817,0.032406448853272075
2818,0.6612533114867415
2819,0.9708708705264053
2820,0.8924139120834763
2821,0.021446935268747903
2822,0.15923018691008775
2823,0.4391101119577063
2824,0.23895069479026834
2825,0.047527847895147884
2826,0.9833872552308174
2827,0.035773690101651656
2828,0.03794418929943657
2829,0.8912796162009705
2830,0.028966352550670964
2831,0.03172762146197652
2832,0.07265420440065448
2833,0.785611051719116
2834,0.9770848187464024
2835,0.018542739748009237
2836,0.021683201654712405
2837,0.06897403758813757
2838,0.03689960218065575
2839,0.05669853186792428
2840,0.01882061392969786
2841,0.9943912075950734
2842,0.990761627967633
2843,0.9362570958165483
2844,0.017052216679218583
2845,0.008741309358807884
2846,0.20176790206563375
2847,0.015769598691320816
2848,0.0149374762514414
2849,0.014859264673898802
2850,0.059215311637191216
2851,0.8529391772083245
2852,0.017979571443296778
2853,0.8937362736894211
2854,0.0020768260011103656
2855,0.5768819723023327
2856,0.00837254831116046
2857,0.11041223358898807
2858,0.0071572713702923825
2859,0.09385289025762093
2860,0.016767464166631718
2861,0.07150998553593915
2862,0.6218324645137604
2863,0.01907322938298264
2864,0.49983684064138084
2865,0.9647383262679687
2866,0.009841168933183013
2867,0.07058038897840525
2868,0.002635356148582827
2869,0.08090632095780785
2870,0.02480912150887864
2871,0.017847517945560998
2872,0.22905481380333345
2873,0.16499457523177433
2874,0.0443946940543822
2875,0.04421385780709939
2876,0.021214980860202348
2877,0.0426818789506019
2878,0.27801640660007926
2879,0.11470979034395117
2880,0.9457182771785465
2881,0.5750522917428541
2882,0.25440543075968897
2883,0.011300903229515926
2884,0.7752470684525367
2885,0.953249948364816
2886,0.9972672628454528
2887,0.8031442383983709
2888,0.12025966594777332
2889,0.04776433592571953
2890,0.4036229519608719
2891,0.9907550696133693
2892,0.0026744670619947837
2893,0.4593216668456252
2894,0.24740872007332815
2895,0.9592913882530324
2896,0.062344311657140605
2897,0.007409218382372663
2898,0.551906771746061
2899,0.06353634219292252
2900,0.08771954635050572
2901,0.033057276600705975
2902,0.21278835267317983
2903,0.002765544814948019
2904,0.020010073755835408
2905,0.5745700341559968
2906,0.16149910658236252
2907,0.0021202489863255247
2908,0.09828607196313228
2909,0.008089897380695396
2910,0.5307466612697095
2911,0.0631487880417111
2912,0.6007573091776873
2913,0.017507748110247474
2914,0.9760706349846213
2915,0.11457071633811672
2916,0.5221956489052567
2917,0.06796042745503039
2918,0.6854310272277043
2919,0.12866694181439134
2920,0.03060629013657326
2921,0.11290739327091952
2922,0.06728876365134102
2923,0.010301362820382767
2924,0.6719175628951825
2925,0.8394825414724001
2926,0.6106605306184838
2927,0.09993837474099167
2928,0.8196849350123939
2929,0.9717947244310375
2930,0.07942495289747
2931,0.9956074810268835
2932,0.9742582299056065
2933,0.11121934988693043
2934,0.011471529185851806
2935,0.42258468925220977
2936,0.005149578466294351
2937,0.033119781545137436
2938,0.7169019581642084
2939,0.963848150580516
2940,0.4234870516847944
2941,0.007298901006731816
2942,0.9198118111421462
2943,0.019937509919221146
2944,0.4735160545626908
2945,0.06288297236893058
2946,0.06023445037537456
2947,0.026593286993689083
2948,0.07663141295210384
2949,0.01270498408587937
2950,0.03231575710588305
2951,0.006877707623970821
2952,0.5792189256070318
2953,0.9749142551999629
2954,0.04402919603293459
2955,0.02303322325281663
2956,0.9602047982660441
2957,0.39808138834675083
2958,0.04114443636671514
2959,0.2291168786934543
2960,0.017969549693531
2961,0.0031418113862002224
2962,0.7290578032904094
2963,0.10714562488748179
2964,0.6889275881652339
2965,0.9400187703847277
2966,0.03440981721347805
2967,0.3050723641735842
2968,0.012045922921051097
2969,0.30861800083208424
2970,0.019805310084116737
2971,0.05634541321358524
2972,0.01544307155765907
2973,0.3044891170870236
2974,0.8471807556748351
2975,0.1078215949329951
2976,0.08382801958480375
2977,0.98623968063993
2978,0.003124847128200721
2979,0.02741404606984954
2980,0.014148734187557013
2981,0.030918309292092588
2982,0.733195590241719
2983,0.7957681923530141
2984,0.0837854220064256
2985,0.17027168183844574
2986,0.05013935067801378
2987,0.027831548869517025
2988,0.026464739126780008
2989,0.041597979738436215
2990,0.03227278023197705
2991,0.8948468237362932
2992,0.9567291429513461
2993,0.1663024350826164
2994,0.13079885934456315
2995,0.026189247580482296
2996,0.10209514025618183
2997,0.17278231046510376
2998,0.09891684320473317
2999,0.5883638806323577
3000,0.11754653157707096
3001,0.0026424199311362397
3002,0.9738953460568739
3003,0.0033026447639021212
3004,0.2892892263963276
3005,0.7985442002862251
3006,0.11968918735189264
3007,0.18757227485458283
3008,0.37308321755995655
3009,0.13074646476012583
3010,0.00835185616735683
3011,0.03531919669123621
3012,0.9640209046087511
3013,0.1388168833405019
3014,0.0025973968933656858
3015,0.0027631924411592166
3016,0.008207315044591434
3017,0.8700334377484437
3018,0.01569156999004663
3019,0.5396494806711506
3020,0.05897362250793209
3021,0.31846053895224063
3022,0.9623821794203001
3023,0.004659515146069663
3024,0.06879479907769884
3025,0.15420551881030212
3026,0.9231306497552602
3027,0.09648187619288941
3028,0.22356756228964333
3029,0.17185620625745066
3030,0.016745545975453444
3031,0.006709324088251408
3032,0.032522484635584985
3033,0.641151176726961
3034,0.21567201050518223
3035,0.2827803487110108
3036,0.4293644937500751
3037,0.12441043831556699
3038,0.4168429243239411
3039,0.012629581188324144
3040,0.0567309413076959
3041,0.08432828575809163
3042,0.9482287853683925
3043,0.014624237533426522
3044,0.08713420485949182
3045,0.7163667930007218
3046,0.026289972703265302
3047,0.04942220498214417
3048,0.9734929110861349
3049,0.7413650103626882
3050,0.995533024164302
3051,0.9637189736258692
3052,0.010047741381853903
3053,0.9120567641701056
3054,0.10062272703154314
3055,0.04667208714484452
3056,0.7230552284262434
3057,0.0036016372523377596
3058,0.9956779842485629
3059,0.0018394004226539656
3060,0.9258800488601121
3061,0.9979828781631284
3062,0.10452336455244182
3063,0.3991979145408499
3064,0.05740239111866136
3065,0.006964502379882984
3066,0.6076004295850096
3067,0.08496319261343362
3068,0.6894545885125342
3069,0.07490808515934443
3070,0.006351275300578135
3071,0.0055182104543745536
3072,0.015448473782201868
3073,0.21937829412922324
3074,0.44500757529376633
3075,0.09844875877053753
3076,0.002775914055876585
3077,0.9881543473788265
3078,0.993259479932585
3079,0.07298344351298099
3080,0.007546081691098733
3081,0.05894301080811757
3082,0.8920260991063845
3083,0.018527288201456927
3084,0.467354561911456
3085,0.5082166862169597
3086,0.0540064273634259
3087,0.05624846583816689
3088,0.03625149843363251
3089,0.04490414405626394
3090,0.03486967943981986
3091,0.07259938466164144
3092,0.011442398772133417
3093,0.9074245484963965
3094,0.007125638797398366
3095,0.13872258933346915
3096,0.08424823915987922
3097,0.014188843147873975
3098,0.9979136903170747
3099,0.008374820922724754
3100,0.04021718683678908
3101,0.00788342473647295
3102,0.010934539467833355
3103,0.018665872504272554
3104,0.19195774655550482
3105,0.34289667241851157
3106,0.0649009493533225
3107,0.7917550051997878
3108,0.019658928999954573
3109,0.007510149790576132
3110,0.007597030309808965
3111,0.03283230751301568
3112,0.0017722890598273078
3113,0.07351091319239376
3114,0.010054629383353346
3115,0.7914210264033675
3116,0.06398901534227835
3117,0.003159405364179449
3118,0.42184947976316794
3119,0.5065812874856744
3120,0.002387354510023662
3121,0.010528661164640525
3122,0.012872169394169033
3123,0.9858933969960594
3124,0.025523169039677208
3125,0.4175220625307751
3126,0.01892212447178235
3127,0.8338618783291091
3128,0.004794701617124749
3129,0.04231164706930705
3130,0.7435623064168523
3131,0.8251677096306281
3132,0.05781696421849759
3133,0.1505700183157833
3134,0.012965529073086434
3135,0.006701137085571271
3136,0.22675186945561374
3137,0.015439497286091966
3138,0.026793002088394524
3139,0.9807963647103639
3140,0.13726090123330947
3141,0.00508140507878823
3142,0.9499596180318196
3143,0.5850124908714897
3144,0.9696063965256183
3145,0.04212275790395726
3146,0.14090927869681144
3147,0.07259994045075156
3148,0.1521292504264824
3149,0.9687962120536261
3150,0.0022379485618589548
3151,0.28735018643766796
3152,0.004556480263417212
3153,0.015383038810569875
3154,0.024927307576096902
3155,0.01350893159218631
3156,0.02301488725429805
3157,0.17770359293715524
3158,0.004176510355763642
3159,0.04392529771396881
3160,0.7764429030768172
3161,0.031049402047346606
3162,0.9387733650123006
3163,0.015320888415643922
3164,0.14626856540236235
3165,0.02833938142692945
3166,0.0846326491464573
3167,0.016546377486998814
3168,0.031705588601019054
3169,0.9684454663534606
3170,0.011130025685376951
3171,0.193751116498415
3172,0.23950591705672006
3173,0.016042483662469232
3174,0.9265601721807295
3175,0.7950551005046774
3176,0.002172554187123379
3177,0.2718564213009393
3178,0.259735974573808
3179,0.004037336426262483
3180,0.08028330347785641
3181,0.03105684106044534
3182,0.1286819238416595
3183,0.6219069271160326
3184,0.0031207155015144507
3185,0.3146032335532987
3186,0.06462364296185374
3187,0.9725839852142172
3188,0.018297445897618458
3189,0.026534077037591808
3190,0.9977841385286971
3191,0.6830486253655691
3192,0.01254013811010631
3193,0.04964021051635828
3194,0.019493249125491472
3195,0.8756277884189275
3196,0.8441826236944872
3197,0.008522507499402934
3198,0.0038942846058622554
3199,0.49632739767863
3200,0.9937185262067483
3201,0.12626650960483302
3202,0.007928542902927669
3203,0.09707629854606571
3204,0.424317930906696
3205,0.9506451795659188
3206,0.7312360881564878
3207,0.02271940986748987
3208,0.0812649486114258
3209,0.9702549759689642
3210,0.0057695040309530795
3211,0.9837814447186292
3212,0.04780915156239137
3213,0.8092564983843799
3214,0.03185936618768284
3215,0.03980471170566103
3216,0.9823641602474854
3217,0.9699338873418061
3218,0.9618189373620843
3219,0.9080694185601939
3220,0.8039163736155844
3221,0.10203290797706198
3222,0.20516992694065317
3223,0.9263438525820685
3224,0.009778573988523524
3225,0.008789705417373136
3226,0.16258979913288807
3227,0.9941156735240538
3228,0.968895133538125
3229,0.6863365187310393
3230,0.023780694086430926
3231,0.010538243168080899
3232,0.31002430539635295
3233,0.195322973913631
3234,0.13942391697056153
3235,0.025189782183361462
3236,0.3457512913343252
3237,0.8988788741593444
3238,0.010558197177250192
3239,0.3790867907960467
3240,0.03453600569216178
3241,0.02941041060293888
3242,0.3772112273126611
3243,0.0987094201224567
3244,0.10741115073754857
3245,0.8407107182118034
3246,0.23189846160651664
3247,0.1968885238568582
3248,0.06997682853587167
3249,0.0419394684360114
3250,0.4014750854944902
3251,0.015833858556289698
3252,0.022336605980863188
3253,0.005049283257452106
3254,0.24049280343676815
3255,0.00862858846379848
3256,0.006430439839014079
3257,0.0034106033169651654
3258,0.8723885940828892
3259,0.02421296222403584
3260,0.7534976682764678
3261,0.1878524174585566
3262,0.02477952690801223
3263,0.551649617355968
3264,0.015223946937768068
3265,0.1519310630373851
3266,0.160282883029928
3267,0.9132884998833899
3268,0.9882760083827415
3269,0.04414245261874261
3270,0.1357065146375752
3271,0.9110155883260237
3272,0.2970586147022612
3273,0.04826906438816344
3274,0.008498895800407217
3275,0.16997547743054953
3276,0.2620665950135768
3277,0.3341919947595355
3278,0.9744502030182741
3279,0.6468967056542249
3280,0.09891648211979646
3281,0.00554152685765293
3282,0.0599845738308054
3283,0.00659928002756185
3284,0.9797114198494259
3285,0.011769794617405986
3286,0.6369432770029521
3287,0.2620204241919658
3288,0.7303369486346624
3289,0.00406183085346349
3290,0.27463776713633786
3291,0.01977535226615833
3292,0.10848295992258239
3293,0.56772025155528
3294,0.8603513935817183
3295,0.9076595750712779
3296,0.01702978717607119
3297,0.7333384267805142
3298,0.7318164980379437
3299,0.9420221673980663
3300,0.002204582957082002
3301,0.04896576505145308
3302,0.6586878702655031
3303,0.009076764362558153
3304,0.33234601927583
3305,0.9975178977482672
3306,0.9940861121511481
3307,0.7576178349591691
3308,0.607290243767391
3309,0.0297454930835296
3310,0.9870113270562465
3311,0.6037141019647944
3312,0.4644182763942936
3313,0.07706676476477947
3314,0.3048561443850486
3315,0.19090736984178838
3316,0.9419114554691501
3317,0.9902123188704266
3318,0.584046635428359
3319,0.9723173702256331
3320,0.002325593756932747
3321,0.016151857505881433
3322,0.004567453172899016
3323,0.04488987098486764
3324,0.8019666749062576
3325,0.08628813062627912
3326,0.005451574617055757
3327,0.0933032701101893
3328,0.027235059493794903
3329,0.9725525938072522
3330,0.9843758041468522
3331,0.11969613855563843
3332,0.8784740196130896
3333,0.6622776803616246
3334,0.09766623818386992
3335,0.9569815505472806
3336,0.9568980766446455
3337,0.830133274248278
3338,0.3924690921683136
3339,0.05482199022846226
3340,0.9616888568143288
3341,0.9359802491706386
3342,0.3958972748240484
3343,0.022153031304643796
3344,0.6264922445344115
3345,0.32947862077016804
3346,0.9689463050832262
3347,0.7457462654182149
3348,0.6097723852628314
3349,0.011147820684667069
3350,0.09369979318080497
3351,0.5366476242995581
3352,0.7541791735658737
3353,0.010800494774468573
3354,0.0070977307429003255
3355,0.328808132972773
3356,0.010215756233282438
3357,0.2776771200879158
3358,0.003052317358747315
3359,0.018459426635201063
3360,0.002368817801086485
3361,0.002680809304240004
3362,0.08878623340201537
3363,0.1622960896190635
3364,0.24531731447605312
3365,0.008996432188422136
3366,0.9576400813070779
3367,0.06694501661249586
3368,0.14042704275847842
3369,0.011784829858496486
3370,0.640344623776102
3371,0.179895922331053
3372,0.013870012915905778
3373,0.0050518176291234375
3374,0.6359457633350465
3375,0.03372152222777496
3376,0.013469941229565748
3377,0.5672196202037094
3378,0.975598384283913
3379,0.06118755105520749
3380,0.09823457878209607
3381,0.007624829470696075
3382,0.07781195779894211
3383,0.30678389918898247
3384,0.970992980894794
3385,0.9435857100814179
3386,0.014575961016330402
3387,0.009308777916076136
3388,0.23949276070508643
3389,0.12453619628807172
3390,0.3760546535541564
3391,0.998096068537662
3392,0.0027412736446478744
3393,0.10229421543196632
3394,0.1569506149546365
3395,0.0797620247689035
3396,0.9609854836823489
3397,0.9930690196135815
3398,0.006393999062639435
3399,0.0427606444185642
3400,0.0814082360702494
3401,0.03329173672022376
3402,0.022033913517355716
3403,0.9307673252859422
3404,0.1309774138263947
3405,0.022488444287697754
3406,0.3636560047279555
3407,0.8803415768513768
3408,0.049694030822836084
3409,0.015946911962540184
3410,0.9928959748740965
3411,0.08708150373781898
3412,0.9752072020565903
3413,0.9216784674212212
3414,0.12947691624854563
3415,0.3067160543377551
3416,0.011707003142279298
3417,0.0544168019371439
3418,0.00870647289771326
3419,0.05659055253546045
3420,0.7728289831211805
3421,0.012871024365052464
3422,0.053859644082562365
3423,0.045801576117337546
3424,0.027563162760544112
3425,0.026666307217699626
3426,0.05529347016070094
3427,0.02100304010396295
3428,0.03905285737798397
3429,0.5249528876069718
3430,0.0025063516489656997
3431,0.49064803489361913
3432,0.23304312780960754
3433,0.010490717021927248
3434,0.9670226961006717
3435,0.07052013492674743
3436,0.09101101088116126
3437,0.1644140481796209
3438,0.16084587439920658
3439,0.2885470927425307
3440,0.927004103612377
3441,0.4318892849653351
3442,0.0045166382428699775
3443,0.3113329593819476
3444,0.4496765679638401
3445,0.13207166920011784
3446,0.44809359178555336
3447,0.031388085462377736
3448,0.03316976924404849
3449,0.029588105270432128
3450,0.055295583478373544
3451,0.015449098696493122
3452,0.19162713878350057
3453,0.8472245478650047
3454,0.9975441004845415
3455,0.8677399413920561
3456,0.47222776793454296
3457,0.0826335829676208
3458,0.2609350617954671
3459,0.0025811497450178304
3460,0.08209708287507007
3461,0.9780283622189847
3462,0.2856895383344448
3463,0.03750573060124184
3464,0.013009007645067697
3465,0.03153152988866085
3466,0.006981252550619567
3467,0.006953536992430034
3468,0.15612625242032355
3469,0.900531310617351
3470,0.006463673204148757
3471,0.48381423257902867
3472,0.02962787169735678
3473,0.007007596410749817
3474,0.004896284366454778
3475,0.6026966218068162
3476,0.08438420644224975
3477,0.024087239108709756
3478,0.0061519344662603085
3479,0.9742490771686535
3480,0.9649767593872358
3481,0.037900925915353566
3482,0.08728225793288565
3483,0.8280945745422642
3484,0.006566709820572578
3485,0.7652446702538116
3486,0.9802175287112022
3487,0.025706384633133173
3488,0.01621823917197048
3489,0.2864984489306958
3490,0.04048256170269773
3491,0.03075519391051947
3492,0.0881269153575438
3493,0.051672337222131916
3494,0.34224515344814405
3495,0.2203788115060239
3496,0.6031211633221779
3497,0.7978589728538346
3498,0.0016718917972408012
3499,0.34755779114002733
3500,0.9687206771215623
3501,0.7727210522185027
3502,0.015165506419188521
3503,0.06388824159324503
3504,0.05461329747368354
3505,0.004043143177975774
3506,0.014823453863415076
3507,0.12338802592589442
3508,0.7114156437449912
3509,0.015012722518548127
3510,0.007317658424241951
3511,0.95992379159786
3512,0.007519353530266233
3513,0.031654051684265494
3514,0.034708697661020145
3515,0.030810392699923805
3516,0.013062860976953685
3517,0.9589063488518622
3518,0.5898241750170085
3519,0.9857721791093977
3520,0.016318970360557097
3521,0.023710596165336554
3522,0.23924587237331285
3523,0.14808460328558956
3524,0.30527335976051356
3525,0.15670094813117952
3526,0.19082055108077944
3527,0.015098520588041486
3528,0.04669530018373533
3529,0.6739535045244675
3530,0.021291180651657624
3531,0.022178930644865907
3532,0.9909181742363411
3533,0.019784278067517345
3534,0.12985464108970185
3535,0.009870293079167494
3536,0.026584366369205272
3537,0.03546262801305953
3538,0.008047882249282429
3539,0.9696707568541605
3540,0.003185042681152158
3541,0.08358083875258308
3542,0.027254205818291754
3543,0.6780140138193375
3544,0.04473911163126484
3545,0.0435005218348638
3546,0.043736505796386486
3547,0.0031678202079912284
3548,0.005349212713333575
3549,0.027444772084110097
3550,0.02332505834499916
3551,0.9627504128761424
3552,0.9957262251799417
3553,0.3770794992568738
3554,0.4687234412749089
3555,0.9826069511567229
3556,0.15574020414057752
3557,0.3424691414088778
3558,0.003348396453388096
3559,0.25071522239350674
3560,0.00808951569490836
3561,0.09067716659387763
3562,0.09384221805910285
3563,0.9596743045704977
3564,0.2749380878126258
3565,0.9541694158531121
3566,0.9559411081648053
3567,0.06813670621327828
3568,0.004348723829380515
3569,0.8422155525347684
3570,0.12870760900045752
3571,0.788545385634149
3572,0.7838950597058894
3573,0.004623345393170614
3574,0.012048159261678437
3575,0.581942014042792
3576,0.9980378404499789
3577,0.017853853644102958
3578,0.9820130102209458
3579,0.9311849808579414
3580,0.25987583605698544
3581,0.008064211148000523
3582,0.5925829299154576
3583,0.053633783298625365
3584,0.9901158611287583
3585,0.3270601201942039
3586,0.6846290959198829
3587,0.006689413530497593
3588,0.10761305276651197
3589,0.9913730056642563
3590,0.054524384260083714
3591,0.5304012570989599
3592,0.8918723986917175
3593,0.9120982322443494
3594,0.9814629094504358
3595,0.03891973995587831
3596,0.1011642651924906
3597,0.9186413704561897
3598,0.02465982474548928
3599,0.008025258000739798
3600,0.9638078795851328
3601,0.003958174477685253
3602,0.0029312626478056824
3603,0.04837412625790849
3604,0.07982717953452245
3605,0.2352799666188913
3606,0.9818056909695086
3607,0.0018711782741010735
3608,0.33554688680862915
3609,0.001602169007469291
3610,0.2047920128808678
3611,0.7410543743362359
3612,0.12067582907066755
3613,0.8972209786685231
3614,0.797806956167173
3615,0.035736006987963455
3616,0.010614077012896003
3617,0.023160457103499645
3618,0.9882105082800501
3619,0.9187537792401997
3620,0.07998761998824272
3621,0.5512953221881289
3622,0.0050989106497611
3623,0.9761621905662065
3624,0.01832719853911468
3625,0.5730514168135903
3626,0.6944215091179551
3627,0.4077310858033911
3628,0.2661177992234416
3629,0.05249602014235577
3630,0.9267642740160951
3631,0.06577288452182256
3632,0.043082153938443335
3633,0.02713265876520689
3634,0.03771406795030766
3635,0.005671341540425989
3636,0.04460093070882395
3637,0.027821248374607102
3638,0.9257527100067694
3639,0.03234221492582182
3640,0.08897849697893567
3641,0.13837367128763
3642,0.004818093080625459
3643,0.003604477536452145
3644,0.9967684914291784
3645,0.7731862608711243
3646,0.9321365910482804
3647,0.08652737169979692
3648,0.5617331082530217
3649,0.9217805211868791
3650,0.012310729466049093
3651,0.00821422139049366
3652,0.008199743156527427
3653,0.02648495971669197
3654,0.6491486994316048
3655,0.3874604594438882
3656,0.010998186903227401
3657,0.002594226564269388
3658,0.019299035416753735
3659,0.8343260117157757
3660,0.20199103111402703
3661,0.6429169481654885
3662,0.007759705510181463
3663,0.1679913279862347
3664,0.0067981008735933405
3665,0.41973831063277495
3666,0.8950858364388502
3667,0.03488209230158756
3668,0.8947478516909754
3669,0.6553499940880885
3670,0.12790889139706893
3671,0.004665939083267768
3672,0.019883892258906775
3673,0.7558788876883225
3674,0.0801303407059029
3675,0.9670319406981532
3676,0.07303592005262254
3677,0.10624849674233079
3678,0.9715819576960758
3679,0.93521610327043
3680,0.01035992282831502
3681,0.0918993619898872
3682,0.012702238974450155
3683,0.10950888215563465
3684,0.47435845479293626
3685,0.19731432624856246
3686,0.9949833720481154
3687,0.19647528339404466
3688,0.20910231856526018
3689,0.7947632695444439
3690,0.018820799782617092
3691,0.8037557033461843
3692,0.3643508974285628
3693,0.9975489784924484
3694,0.007864003342153718
3695,0.9385533964841327
3696,0.014843311066654577
3697,0.7918391357280811
3698,0.010132703468817795
3699,0.021653376782345118
3700,0.2954164672298865
3701,0.05652486238706239
3702,0.9914191079210894
3703,0.09259769968299453
3704,0.9621496313724158
3705,0.9925982562957705
3706,0.18490452436996194
3707,0.4202876249410635
3708,0.31919915472308774
3709,0.003431298211887599
3710,0.013794601736312579
3711,0.9710203224019627
3712,0.06463450128295059
3713,0.1544121010793579
3714,0.4253530280173052
3715,0.006156673925353972
3716,0.1272953519565649
3717,0.714851968099615
3718,0.9542057286216229
3719,0.1064929022743908
3720,0.8943181534524823
3721,0.32382291682413705
3722,0.9688137664519983
3723,0.9898471405151475
3724,0.008438960707528186
3725,0.10603509830603158
3726,0.024538636571808686
3727,0.1538295225086004
3728,0.16897071479423661
3729,0.523275798067051
3730,0.9304135340204467
3731,0.01535025989258211
3732,0.11979717167959902
3733,0.05077031897711911
3734,0.02017439638743559
3735,0.13653222910210142
3736,0.0032697000723922605
3737,0.008910226213676741
3738,0.9941239942164612
3739,0.9577975034158875
3740,0.4775919019417422
3741,0.8635403523621953
3742,0.9462620299706122
3743,0.04241303286681114
3744,0.5108600066143213
3745,0.3218925244362581
3746,0.493912142115021
3747,0.08584387562015804
3748,0.7226067661770794
3749,0.01174456839089391
3750,0.04979293972267063
3751,0.008299018059124185
3752,0.014111063806392397
3753,0.31320046095338133
3754,0.9348483472330877
3755,0.024876620389097326
3756,0.017525992646762373
3757,0.0381266856465246
3758,0.011283291356514414
3759,0.37188975913256694
3760,0.5776486384902649
3761,0.9444693602918454
3762,0.6433193852705025
3763,0.3324376262282922
3764,0.11059080406688687
3765,0.14949668879330633
3766,0.08343508883955826
3767,0.2623350713097854
3768,0.07465409769667218
3769,0.9576652168110718
3770,0.12476954824666182
3771,0.9828707235065552
3772,0.5302902652327983
3773,0.038443898862450476
3774,0.013234353253845496
3775,0.08457548287052324
3776,0.09430328401308914
3777,0.12350097505185546
3778,0.006220232765137656
3779,0.053615381650997974
3780,0.12336611677942622
3781,0.36982892068699025
3782,0.6312379442683711
3783,0.09264277613760485
3784,0.17034659599722227
3785,0.9000550890710729
3786,0.07152510124028733
3787,0.38089715935129326
3788,0.024843934111452404
3789,0.8186700565287871
3790,0.9651374367735158
3791,0.9923894769813407
3792,0.9083444971885074
3793,0.0947994696146554
3794,0.26171189828784985
3795,0.6800622524371039
3796,0.9025524284937289
3797,0.06419226114449479
3798,0.16955043530723746
3799,0.03214276355131034
3800,0.00253375581750067
3801,0.03478320591623702
3802,0.9846535323210107
3803,0.13405623825674762
3804,0.815540836774486
3805,0.01752298762802634
3806,0.12266494674794824
3807,0.9964146029660889
3808,0.23565159509247302
3809,0.07811184689281606
3810,0.07570605297018386
3811,0.0908916299283065
3812,0.05265189815090445
3813,0.02803038144524882
3814,0.9551068874016467
3815,0.03132242736571698
3816,0.427333838207084
3817,0.07224462134339239
3818,0.9613378504437314
3819,0.9325174495601822
3820,0.3959053087826347
3821,0.09182956436581756
3822,0.9036443163557485
3823,0.02740404925497644
3824,0.052452433619198637
3825,0.9981103575436799
3826,0.4296622588961614
3827,0.0495835797400682
3828,0.9112092786499933
3829,0.05901022758647521
3830,0.05751944149144896
3831,0.9978587759224228
3832,0.005347852057778323
3833,0.1325227877471924
3834,0.545354950835566
3835,0.028722198187232595
3836,0.7022493468760945
3837,0.997456994409232
3838,0.6262462767272964
3839,0.9612907156005109
3840,0.14167608959136813
3841,0.057254433814436935
3842,0.08791272234109025
3843,0.27571627320199754
3844,0.08488240206131768
3845,0.9956156057868247
3846,0.007522205435587632
3847,0.9698860782977632
3848,0.0023322213026838183
3849,0.015347639855505898
3850,0.4899018498652044
3851,0.9892749222885572
3852,0.05372852561291539
3853,0.6153173325899446
3854,0.9229353698865032
3855,0.0030059759138824256
3856,0.028612088813003932
3857,0.008582364999119933
3858,0.030297823830799347
3859,0.03796616003567655
3860,0.01631050257194916
3861,0.05661438499848398
3862,0.02196222622242174
3863,0.9747855608323065
3864,0.9979743991791191
3865,0.20450630216791055
3866,0.9978714888817309
3867,0.022882669808203027
3868,0.4903020353756415
3869,0.026761324726944424
3870,0.6095288644632192
3871,0.028466984437732223
3872,0.36979967548887727
3873,0.3144641377895372
3874,0.08570755356639082
3875,0.9970161023244885
3876,0.28717961056081304
3877,0.9867198269689251
3878,0.04925181751275542
3879,0.0041508896843984915
3880,0.9974501320916874
3881,0.9914021495941577
3882,0.32982454205046546
3883,0.4363159878777996
3884,0.021895009617456912
3885,0.05225156393906651
3886,0.925001808369229
3887,0.26248117372307433
3888,0.09567628066806051
3889,0.12145576713288721
3890,0.026988104190292145
3891,0.9414188366151572
3892,0.006163133689384942
3893,0.8196219049222653
3894,0.096470261754522
3895,0.41329602004290383
3896,0.1260483468946361
3897,0.9635008149544934
3898,0.3395360116623742
3899,0.28857505254366744
3900,0.07720887837281154
3901,0.003286080758466634
3902,0.9495932746271825
3903,0.6203990876717866
3904,0.025437119040565077
3905,0.07378632795945207
3906,0.9801958041045816
3907,0.05747198357417038
3908,0.06502128924012884
3909,0.9979539945350275
3910,0.0032265969054059433
3911,0.005544988043915826
3912,0.2344624716687518
3913,0.028979687838950764
3914,0.919061441707555
3915,0.040212902533301696
3916,0.7028636862228735
3917,0.028684368455920317
3918,0.07404517385962331
3919,0.01386393186211078
3920,0.09518572041672167
3921,0.005271609719864873
3922,0.33058351559333604
3923,0.03318991988216461
3924,0.044648219510059456
3925,0.9837680396319332
3926,0.36999721454025947
3927,0.0128019661504225
3928,0.05587061347344122
3929,0.9503566019391262
3930,0.9856876020001254
3931,0.0029569124734879202
3932,0.3070729408619865
3933,0.002652736191831892
3934,0.9169811485528115
3935,0.008321023666989854
3936,0.11962617012438685
3937,0.2319701838043998
3938,0.963555394592324
3939,0.046041770967119505
3940,0.10479859777541713
3941,0.9814535460237414
3942,0.012772006421556062
3943,0.189675088102341
3944,0.8998877678340692
3945,0.7183825195027026
3946,0.03521083805055866
3947,0.005024405097051944
3948,0.23547408607684192
3949,0.9719461264223819
3950,0.04520903138358393
3951,0.0446882224897484
3952,0.9305556452853176
3953,0.024595838949407072
3954,0.9969049668686588
3955,0.0068954381766675316
3956,0.07348984353826687
3957,0.34588301177192005
3958,0.0860358238967941
3959,0.9534735884349913
3960,0.08052136979113422
3961,0.05045042365418387
3962,0.02453478540311216
3963,0.8364065794639215
3964,0.25041994403771534
3965,0.16624069357361312
3966,0.7667028045399681
3967,0.012324753810279365
3968,0.0025800487999640006
3969,0.06914688677902132
3970,0.22249572464103032
3971,0.9713449896019154
3972,0.7001634295205011
3973,0.33917307057616464
3974,0.02626067746010353
3975,0.9223590104470437
3976,0.9568522560329535
3977,0.19615376302453602
3978,0.032735697070815827
3979,0.6471690221290026
3980,0.7605615838247742
3981,0.9319389479378697
3982,0.9722085712206061
3983,0.005400021297924694
3984,0.45629083183707425
3985,0.016968800594038207
3986,0.5120212427612693
3987,0.0024169370670146188
3988,0.7933927856016446
3989,0.008220281829017594
3990,0.46107346711467256
3991,0.750155359990664
3992,0.00824756615883618
3993,0.09814771777967694
3994,0.7750787812597242
3995,0.9702913752540031
3996,0.5998716844985753
3997,0.0033259479158169562
3998,0.20258245516244425
3999,0.022290091936514166
4000,0.04639544477974524
4001,0.037332385422035756
4002,0.019958245734452512
4003,0.12880570073756567
4004,0.5641501196145574
4005,0.23602637280109273
4006,0.1280732921544462
4007,0.00659321432551679
4008,0.9937001859890578
4009,0.0893248538225118
4010,0.9973251376017561
4011,0.925250472159025
4012,0.08087071012837505
4013,0.01864364461823732
4014,0.9980874982421488
4015,0.9637487000153083
4016,0.09485027734247331
4017,0.05892984422982506
4018,0.09056060746997212
4019,0.011998907046938512
4020,0.020519619190020967
4021,0.03472811059942351
4022,0.019069474183632574
4023,0.008446854235064307
4024,0.003919888452356915
4025,0.8257341964162462
4026,0.6975294401462295
4027,0.010436659947837526
4028,0.03255758663750216
4029,0.05961409907315496
4030,0.0071190658249552785
4031,0.8746436116572651
4032,0.11457653769305565
4033,0.02244705381767163
4034,0.05464040303887654
4035,0.0239837564173327
4036,0.014189757571291197
4037,0.009978121981415592
4038,0.9819882664506169
4039,0.006701399466355774
4040,0.4504135839496415
4041,0.9811783340804007
4042,0.04998625457384623
4043,0.06572542818111414
4044,0.02142940998865438
4045,0.0036709187034928976
4046,0.012914471585591858
4047,0.11546842728896252
4048,0.08790334995252132
4049,0.15449426866561747
4050,0.06885185783659395
4051,0.09414996455019642
4052,0.24298374167025635
4053,0.9149779678352475
4054,0.0568273501743353
4055,0.016957336909075825
4056,0.08899359246921934
4057,0.3033217551129521
4058,0.5373453860218892
4059,0.037425509977486754
4060,0.08093239159492782
4061,0.9904685601560946
4062,0.13816187062488083
4063,0.29298508703208365
4064,0.2962930009343625
4065,0.15767547195430237
4066,0.009389394638948024
4067,0.5374599819098947
4068,0.011472998913827298
4069,0.02406129651289425
4070,0.034797184351022026
4071,0.9926736403152884
4072,0.003008508285482611
4073,0.0453413334492676
4074,0.049180799715053576
4075,0.025487848155479498
4076,0.48107171335897
4077,0.05970898073445755
4078,0.3901411304824547
4079,0.11317626244530817
4080,0.0036543655482363137
4081,0.7799048511282103
4082,0.9331978137157196
4083,0.2265680937308865
4084,0.04254153221390006
4085,0.14874686506643472
4086,0.1240668121763907
4087,0.005903092588216215
4088,0.09223163534319175
4089,0.012648034625113215
4090,0.15156864409130652
4091,0.004228118667786302
4092,0.1666803056081573
4093,0.3452663305337274
4094,0.010603623841582005
4095,0.007889212002904778
4096,0.024301045785656106
4097,0.21061781118304435
4098,0.023527471862762394
4099,0.971504458905405
4100,0.5114676292310621
4101,0.12567152470935491
4102,0.13614038895396144
4103,0.32298887225241857
4104,0.9745923495514157
4105,0.6152365569542756
4106,0.46602022463630205
4107,0.5864617594257909
4108,0.9906536015065402
4109,0.975095284963735
4110,0.08332703911703696
4111,0.002470783380581853
4112,0.9793762903575344
4113,0.3238081624664986
4114,0.037647347655534326
4115,0.01431362223682439
4116,0.016093678492199736
4117,0.9924112535189934
4118,0.044304719280820914
4119,0.11910515267072234
4120,0.9664498697814473
4121,0.44390901190876547
4122,0.7348040495688002
4123,0.007540412031199604
4124,0.42484618500357146
4125,0.010799618016163963
4126,0.13219138008850714
4127,0.06851891849598031
4128,0.12244795928022141
4129,0.32083046682912336
4130,0.008700483707594756
4131,0.31617135199204033
4132,0.9208127128908051
4133,0.9615920944608503
4134,0.02445865170145251
4135,0.35417694236811714
4136,0.018144055043707502
4137,0.8944004403474608
4138,0.0030315680698548356
4139,0.03344356864495745
4140,0.997688333319595
4141,0.9275506125368395
4142,0.08299394388296977
4143,0.055870271681542905
4144,0.9751842947293565
4145,0.09309297471585136
4146,0.1809060650753611
4147,0.17455324070671638
4148,0.21084228188537668
4149,0.011454893057062071
4150,0.28596909265827464
4151,0.031178387174568552
4152,0.007776798748147004
4153,0.07844077651916855
4154,0.447523832456357
4155,0.8328423422772827
4156,0.06656445741304225
4157,0.0022495724576299682
4158,0.9654586268259623
4159,0.16730962840526706
4160,0.23947423416686262
4161,0.2704590467647408
4162,0.007698946775714477
4163,0.004984204650443101
4164,0.9717731980906894
4165,0.22312476782645096
4166,0.008503500171508997
4167,0.9923907078132735
4168,0.2105188572534118
4169,0.09171910249665245
4170,0.9977650938753481
4171,0.023753125247544263
4172,0.8983344772465204
4173,0.026661683767042244
4174,0.010162304711140603
4175,0.3550498106382429
4176,0.030457281178594836
4177,0.005605054225608208
4178,0.8572276230103418
4179,0.20189776923248223
4180,0.9632011723551366
4181,0.3313312691727676
4182,0.004789045916843246
4183,0.7981942527488984
4184,0.9626747186221052
4185,0.7557281400117298
4186,0.9764780612883525
4187,0.06606341813811502
4188,0.02256571466220672
4189,0.062362235871940674
4190,0.0018869554324391243
4191,0.1745061142404062
4192,0.9578528373443396
4193,0.15394376347391156
4194,0.9134865021615881
4195,0.07679418386147228
4196,0.9979614491483494
4197,0.6822568158773151
4198,0.07049742549182648
4199,0.8806038142408857
4200,0.016421833902206594
4201,0.5540253379529569
4202,0.1355671898959808
4203,0.10386508828477876
4204,0.0613609783067137
4205,0.05727696521977468
4206,0.48399823041631035
4207,0.21777705441105868
4208,0.22990785063238084
4209,0.18016459494938122
4210,0.3080310975335554
4211,0.1293948755289999
4212,0.1678790337909549
4213,0.41162106053995906
4214,0.045289750046067855
4215,0.0677144777696285
4216,0.01784193747317869
4217,0.9850035553524451
4218,0.9966455133433163
4219,0.00988754018719623
4220,0.19400205756853284
4221,0.9851077514497321
4222,0.14536152229985794
4223,0.38310549913440034
4224,0.06250676542574742
4225,0.040449579237543616
4226,0.9955964062647403
4227,0.3886315630178773
4228,0.00824536212241028
4229,0.3429678238719684
4230,0.8329608323521556
4231,0.011819895499765328
4232,0.005349744965991933
4233,0.05683189884328205
4234,0.0026601672454449367
4235,0.3729399106875923
4236,0.033956104910650056
4237,0.10256972700297955
4238,0.02506806468132522
4239,0.24154315257859008
4240,0.5461339559083599
4241,0.9224727376399519
4242,0.008939890391570086
4243,0.03325864585071809
4244,0.9878359716455177
4245,0.05623516031578004
4246,0.023164092472378967
4247,0.0063815176094910555
4248,0.06291422838668949
4249,0.5802204145248602
4250,0.6819426837505255
4251,0.13307125574520914
4252,0.005911760260888847
4253,0.8567439162903078
4254,0.0575855885257874
4255,0.0344073240966791
4256,0.07403500736220221
4257,0.00341031689793834
4258,0.786960100520821
4259,0.006582900470888807
4260,0.9853212264861785
4261,0.9760331953541987
4262,0.6268207838163051
4263,0.9482731692877252
4264,0.011203138649661838
4265,0.2382559464721706
4266,0.9358516703219614
4267,0.023791897153051106
4268,0.9638561518881206
4269,0.15835809194498845
4270,0.28286521521243396
4271,0.010450337189749548
4272,0.15418702387305172
4273,0.005547838650519374
4274,0.013868865235973924
4275,0.9421751525442267
4276,0.7073830682911026
4277,0.01210282697218057
4278,0.011302825491776391
4279,0.1794261757299478
4280,0.987265756173127
4281,0.3527161868274011
4282,0.3001034454330207
4283,0.006978826714333519
4284,0.016470666545056554
4285,0.35153146397204105
4286,0.1108848944797668
4287,0.8197464139681946
4288,0.7188793667969832
4289,0.013836015853144817
4290,0.7205789300100792
4291,0.027884877858995672
4292,0.0251495639523511
4293,0.726849900809117
4294,0.9396067124247937
4295,0.3412618170327495
4296,0.16618004690234917
4297,0.9829677629441157
4298,0.13365430071565126
4299,0.01660191940295541
4300,0.05726597956812531
4301,0.9981436944801088
4302,0.03241015687005264
4303,0.07318363891515123
4304,0.2908564160882191
4305,0.007903487967290988
4306,0.06834591414016394
4307,0.029334962924306693
4308,0.9318322476925843
4309,0.9687875619885634
4310,0.08589721010102491
4311,0.009257594307624148
4312,0.9841029951521483
4313,0.9294454900862061
4314,0.06014030875496527
4315,0.015243859673702632
4316,0.8885780639992226
4317,0.899051656662083
4318,0.827247781155425
4319,0.009435944095759072
4320,0.7776280963195176
4321,0.0030192481318421257
4322,0.4299513039045016
4323,0.09198936387782954
4324,0.5261775581825752
4325,0.3935271015788337
4326,0.0019093395105011862
4327,0.48811223112446317
4328,0.9866663734293937
4329,0.02673449843196965
4330,0.08749313891414179
4331,0.026326153059275964
4332,0.02121972700435944
4333,0.027440703579168783
4334,0.12299948429929712
4335,0.037858212831079985
4336,0.0390137987942046
4337,0.0680673305033942
4338,0.08656547516162123
4339,0.4909782625296574
4340,0.08087127436081466
4341,0.02568821754996645
4342,0.1149807973057247
4343,0.9804594008613329
4344,0.8744888705814223
4345,0.022883244578632087
4346,0.009692091643500638
4347,0.04415043157341256
4348,0.06459130406288822
4349,0.003936818199148987
4350,0.010714874326630862
4351,0.020747438213945403
4352,0.9880351914032941
4353,0.33685236926676376
4354,0.08587241903512687
4355,0.04252000135689419
4356,0.9490039427064438
4357,0.05282514713394911
4358,0.193990488790759
4359,0.0056911185854388755
4360,0.9661157677665307
4361,0.3922998721505652
4362,0.8056129051198432
4363,0.034949588536565775
4364,0.881600847420135
4365,0.2009344789063131
4366,0.10925724821522097
4367,0.9656023474015502
4368,0.002168402224357933
4369,0.03421120992693862
4370,0.1588657018487621
4371,0.07935500523923293
4372,0.9979748379365718
4373,0.03140485158949149
4374,0.07370195727841915
4375,0.6372803794922497
4376,0.04496698730470261
4377,0.11707715953759146
4378,0.9655171879681558
4379,0.9981311404448667
4380,0.08307423987458275
4381,0.023673539021613663
4382,0.08577135641463411
4383,0.24852960239216385
4384,0.8632057784961219
4385,0.047589648003348195
4386,0.13889004529713464
4387,0.001619141678524448
4388,0.05150258788463269
4389,0.03817039662087885
4390,0.8127712958076306
4391,0.05725699769477794
4392,0.9335436139056531
4393,0.09884284063312121
4394,0.4920615059709132
4395,0.03245682325463728
4396,0.7764342992547953
4397,0.002116097187150076
4398,0.997815811910414
4399,0.08875474619026329
4400,0.9388709418473463
4401,0.2404747834784259
4402,0.11666094085431639
4403,0.009115685711097901
4404,0.044030369377089186
4405,0.08598507556349894
4406,0.0028015405650336175
4407,0.06979328310917975
4408,0.28886514635388333
4409,0.12933981526018382
4410,0.007846805713383592
4411,0.002492008811490196
4412,0.013022706200236232
4413,0.027486547695545222
4414,0.7445353980368771
4415,0.025659027770596737
4416,0.2528117429989973
4417,0.038634177428973356
4418,0.01579570784245912
4419,0.28714880015286004
4420,0.02346445318101951
4421,0.006175485021706711
4422,0.0020988943744489914
4423,0.11689588174224413
4424,0.006727007283873483
4425,0.0487541068080189
4426,0.07452881757999821
4427,0.00553323426751626
4428,0.021539325435946072
4429,0.11869304264822977
4430,0.023412637305888866
4431,0.3433664613874108
4432,0.0018461948217037667
4433,0.11853681845629976
4434,0.052217832846838064
4435,0.1289554754842593
4436,0.004881797657525121
4437,0.3939416600691364
4438,0.055700253248411456
4439,0.13468608938994076
4440,0.768756847777356
4441,0.006803671780408455
4442,0.5693895061164181
4443,0.08844364634606805
4444,0.1657467033200277
4445,0.15010608520459587
4446,0.03547738335224495
4447,0.39272816838966046
4448,0.03875619530012935
4449,0.7628750557120124
4450,0.09298609822887884
4451,0.913201104429865
4452,0.9495361555590506
4453,0.30658521912326026
4454,0.8901645700560462
4455,0.021133799835878302
4456,0.0776232791143251
4457,0.9841983658616321
4458,0.022822754231345072
4459,0.16179042700873417
4460,0.7291519080341976
4461,0.04478069994955886
4462,0.02007642152725909
4463,0.006168543514320303
4464,0.03777494765999005
4465,0.0162782006332404
4466,0.11508924127180796
4467,0.9974831888452801
4468,0.9537325267637552
4469,0.028334429976557978
4470,0.0742818352341449
4471,0.006394007153535999
4472,0.20395760178373024
4473,0.17598503478728741
4474,0.36677723489395636
4475,0.9906173186091504
4476,0.17254600386900876
4477,0.040029130825338016
4478,0.8763368826469081
4479,0.13587723570211063
4480,0.7772600652524702
4481,0.08720988430685762
4482,0.024171881244633667
4483,0.9629295077555892
4484,0.019889785055376637
4485,0.03834512313108489
4486,0.9524396955141076
4487,0.07963265345350018
4488,0.04995378935107494
4489,0.015495628823729337
4490,0.07233541622410503
4491,0.0019977772357560575
4492,0.03054675757709076
4493,0.37585650054646963
4494,0.2591919850030709
4495,0.19296446027909608
4496,0.20463905636837534
4497,0.2243183529820858
4498,0.012053083139085199
4499,0.026075111785595642
4500,0.38001434293307645
4501,0.021674346349918116
4502,0.2622479334649968
4503,0.9858354141200213
4504,0.33692557398085426
4505,0.158959326563547
4506,0.6215259238462135
4507,0.088632174776846
4508,0.004399237670872366
4509,0.012722899872050839
4510,0.19717377173778738
4511,0.1702996241689976
4512,0.018659022792148386
4513,0.0019869827813164495
4514,0.03831016792664461
4515,0.5238829580667672
4516,0.9517409271906145
4517,0.11668546203728557
4518,0.9762867310827555
4519,0.07829351266335692
4520,0.19835966814852143
4521,0.6568667056799669
4522,0.20040090301740854
4523,0.9555199576039177
4524,0.6492942377776925
4525,0.9657702022499836
4526,0.04152805680245569
4527,0.01824596879153162
4528,0.0023009364886633463
4529,0.9761825909390606
4530,0.5112239613037667
4531,0.025335419791013943
4532,0.009287229767394984
4533,0.27211071641090595
4534,0.8110913951857334
4535,0.030955363363940627
4536,0.4206870305108826
4537,0.04475865330335883
4538,0.03815447065976644
4539,0.4980780379297966
4540,0.32728999735501624
4541,0.010903092171540415
4542,0.021664239787636336
4543,0.984244263646335
4544,0.9801675842788672
4545,0.041570448994284664
4546,0.2195250197189295
4547,0.07979558317029133
4548,0.7545107889745676
4549,0.01875264964556995
4550,0.10838546931683879
4551,0.9545703302015335
4552,0.7106341916296793
4553,0.26045579505162564
4554,0.052336286466770666
4555,0.12912517286615643
4556,0.0497308420305233
4557,0.6579276389014496
4558,0.9745017996987437
4559,0.6328952889828817
4560,0.002197931150460268
4561,0.007686361787372261
4562,0.9773350639786128
4563,0.012923019507307912
4564,0.03917321011435698
4565,0.1375286067288779
4566,0.09871205455783451
4567,0.38958163482619607
4568,0.004830416332637797
4569,0.014456958111244549
4570,0.011864315039705337
4571,0.016573482941290633
4572,0.11126919072447723
4573,0.030184801919669785
4574,0.47040184858485595
4575,0.014968241054365485
4576,0.12092240550944656
4577,0.2352670823737466
4578,0.04364852691500779
4579,0.021862486551452814
4580,0.12788291670059038
4581,0.14504484466813272
4582,0.9419873673280353
4583,0.0338465046614698
4584,0.9705085413908061
4585,0.9080787542336696
4586,0.1603891912689363
4587,0.34682796531669835
4588,0.0330692184955437
4589,0.02611447716099652
4590,0.04578425442246922
4591,0.006079391190300075
4592,0.030153829942170546
4593,0.011271772508451162
4594,0.9644817504396482
4595,0.03097486077670634
4596,0.11199384790551048
4597,0.9769124090651541
4598,0.2661442808646614
4599,0.6664415385699557
4600,0.00589692066488538
4601,0.005693113518452184
4602,0.04055410893003053
4603,0.03064735696306133
4604,0.00806277652857805
4605,0.1343870932210066
4606,0.07823616273523352
4607,0.12826920186359472
4608,0.9784414175915499
4609,0.010087291367235672
4610,0.9724305959626404
4611,0.06503470283870455
4612,0.1648202055644542
4613,0.09891535026065434
4614,0.9376579353320093
4615,0.9865497928456394
4616,0.02937478034813379
4617,0.32666134621252824
4618,0.9855109703566308
4619,0.7507600791358063
4620,0.9791444187744376
4621,0.03472837662952951
4622,0.5173888109915108
4623,0.053290243415547195
4624,0.36740612985583737
4625,0.0032073591340517488
4626,0.12422139340718759
4627,0.050367225853192914
4628,0.9673142291051914
4629,0.17405193747130343
4630,0.08390017806780709
4631,0.9008138968977207
4632,0.06069825901981968
4633,0.8410400191822527
4634,0.0171189186125142
4635,0.04463573499243773
4636,0.07036616011360751
4637,0.9700365725579413
4638,0.06016431548217253
4639,0.03268547121445611
4640,0.1068438567339699
4641,0.04508992694115029
4642,0.9845000348705293
4643,0.9981108502898198
4644,0.9977367133977774
4645,0.004309738735602141
4646,0.6295691092097371
4647,0.0777918373283678
4648,0.031570683914536594
4649,0.5638691346717875
4650,0.008182343741604434
4651,0.7431198258215557
4652,0.013054979530759304
4653,0.2881329809620836
4654,0.08683477226151404
4655,0.012093352139262312
4656,0.6635555131580467
4657,0.9646036474749756
4658,0.01977347108966471
4659,0.7104681985615064
4660,0.125860006337459
4661,0.20410581694622834
4662,0.03788326817098506
4663,0.06922271952211718
4664,0.18349503085149857
4665,0.002372508866167866
4666,0.5080814605910763
4667,0.007028240330901224
4668,0.040398966360322724
4669,0.01668444126958149
4670,0.32814820363831104
4671,0.9966890294711273
4672,0.13244156671930296
4673,0.006017388032222774
4674,0.005531247499998636
4675,0.9561193258078541
4676,0.028524787142540517
4677,0.04853655130279316
4678,0.015019661046317556
4679,0.9427274141909417
4680,0.042527947910258844
4681,0.026390410082301478
4682,0.020577076263183666
4683,0.5124006084469934
4684,0.01332257015977647
4685,0.682342998266727
4686,0.4409553314206578
4687,0.016954724839899456
4688,0.043932885948703426
4689,0.07459319348999595
4690,0.03622097101134552
4691,0.21598766424372906
4692,0.051588109622671664
4693,0.9859708834178894
4694,0.026713614710097405
4695,0.5012802563000224
4696,0.10478960844518743
4697,0.5510458026892024
4698,0.9908010300937713
4699,0.06265474565679706
4700,0.5285886009118089
4701,0.1635536016727833
4702,0.00865710035499037
4703,0.30103494522590846
4704,0.008415145370289841
4705,0.09260956962485976
4706,0.03772468693380201
4707,0.006203092156742858
4708,0.13829285115090384
4709,0.027505016425157028
4710,0.36761530775447154
4711,0.9713637476716457
4712,0.3127062156159324
4713,0.02305964766320286
4714,0.0034036659717622095
4715,0.08682063838969133
4716,0.0017158678987796315
4717,0.030667826982795784
4718,0.8180829262656705
4719,0.2994139413748935
4720,0.01636462283330072
4721,0.15762882687345334
4722,0.9758955097673575
4723,0.8235875179228848
4724,0.06198485789319336
4725,0.006674795928509143
4726,0.06093102399077704
4727,0.09787772698385318
4728,0.1411396872141327
4729,0.016960885527508542
4730,0.006923866341609296
4731,0.007470513443352229
4732,0.09779268608594209
4733,0.9752244268880269
4734,0.02474913519060139
4735,0.015208851029930774
4736,0.9160252280774364
4737,0.20790559110699658
4738,0.819474148053405
4739,0.42081984523743626
4740,0.996100644442118
4741,0.012882604527770687
4742,0.9663074691115519
4743,0.0493132688585221
4744,0.10120853577570561
4745,0.3982500619389609
4746,0.08709151086533251
4747,0.04501627596094701
4748,0.009070394072800395
4749,0.1890323737711055
4750,0.6872162876089706
4751,0.9684042379554348
4752,0.03555293342577026
4753,0.16948797271517177
4754,0.1450908871826906
4755,0.2318748406141632
4756,0.014155755637247353
4757,0.03572142690181594
4758,0.07828174178357117
4759,0.09393720990805997
4760,0.9582558572368951
4761,0.5959459942627784
4762,0.060940153455365575
4763,0.009887702035724236
4764,0.009553503784217104
4765,0.17747457691714916
4766,0.15781910987169062
4767,0.6420746322805689
4768,0.9539272190718616
4769,0.4630197335346404
4770,0.012415910077014496
4771,0.029212185368478433
4772,0.06590906549915203
4773,0.012244506713564932
4774,0.5736209959365718
4775,0.0033981608723087273
4776,0.060679375427636593
4777,0.03068836821826203
4778,0.007865507081156718
4779,0.9871628005208178
4780,0.9924699625101175
4781,0.32054147597584975
4782,0.9897278866810327
4783,0.14334013693953482
4784,0.3062259418292064
4785,0.06140357261032442
4786,0.026882768528735505
4787,0.867415901690053
4788,0.12229134192478874
4789,0.004067688539987136
4790,0.008278184672862567
4791,0.007226522797849119
4792,0.828066817771555
4793,0.9892571554198439
4794,0.07133387440957299
4795,0.005558027413013148
4796,0.996355851407738
4797,0.009917219545180085
4798,0.8719474509696097
4799,0.5895127155284069
4800,0.6042857700774208
4801,0.5124533587721989
4802,0.010114264588368532
4803,0.014485161816946757
4804,0.01852702563190894
4805,0.015588253763023877
4806,0.4006489411812608
4807,0.9685219328014906
4808,0.06008820228732651
4809,0.04040293815845044
4810,0.029815799368144092
4811,0.10679252650931202
4812,0.11814792389405575
4813,0.767393149873952
4814,0.955768069002206
4815,0.25218283347180126
4816,0.4146349331835307
4817,0.013544164632945674
4818,0.16987592995310463
4819,0.20802526459634307
4820,0.9959810510120333
4821,0.7297110793593133
4822,0.010283989500710657
4823,0.7615588240545715
4824,0.21181168651398416
4825,0.7647655079266918
4826,0.03229165866262854
4827,0.09287988787796649
4828,0.018680524694447077
4829,0.03780903686148846
4830,0.03402064460473659
4831,0.356491851028584
4832,0.255701296229643
4833,0.10009484310622963
4834,0.060411802353733855
4835,0.031953373091471456
4836,0.04121105263117703
4837,0.04842693946671154
4838,0.020802953588702298
4839,0.008237161450299199
4840,0.9763204688285589
4841,0.23037575553582543
4842,0.9875748846228407
4843,0.05628381637434405
4844,0.11519396395521192
4845,0.0824091440821012
4846,0.01654676982511944
4847,0.9772839999710129
4848,0.7318515714442886
4849,0.004264649557862187
4850,0.35589214623690807
4851,0.04590360393140727
4852,0.4020193954759732
4853,0.7173627370614319
4854,0.6065441540714237
4855,0.2200075505483545
4856,0.6516343904994143
4857,0.16906371517214178
4858,0.109733532799061
4859,0.02858961981697833
4860,0.08013029313240949
4861,0.8578138019367069
4862,0.048646252063366396
4863,0.018045374754939888
4864,0.7387636105142014
4865,0.18836761825671486
4866,0.004222250662463827
4867,0.13229224019808364
4868,0.16567871264156447
4869,0.0025634048406648993
4870,0.13282878500454454
4871,0.30728703627037807
4872,0.3865861758828928
4873,0.09620222095458475
4874,0.9806559033541457
4875,0.27431599632252873
4876,0.020369441670806534
4877,0.025260092514309145
4878,0.8494169001614095
4879,0.6117467336170733
4880,0.830764944929984
4881,0.9375566802628069
4882,0.05649325447144423
4883,0.07810933368591665
4884,0.13533832260659895
4885,0.8464087060441843
4886,0.9705943706507787
4887,0.007585838471273201
4888,0.03588876978027641
4889,0.30852493865847735
4890,0.02638181333039717
4891,0.6233065874503615
4892,0.9873707897157012
4893,0.9039089638861301
4894,0.10157429207592837
4895,0.17692904028627343
4896,0.5880154843382579
4897,0.8715332072970042
4898,0.11988886398324052
4899,0.9321993576006804
4900,0.007569370418030765
4901,0.8802237842563052
4902,0.21055031975465158
4903,0.03215522061185639
4904,0.04315999086886082
4905,0.2404849945157115
4906,0.007983915045636572
4907,0.7008200253398252
4908,0.027387255472237127
4909,0.05554109854468531
4910,0.9693991323226833
4911,0.16183485357001773
4912,0.02585294899354725
4913,0.9021427092614207
4914,0.032567150190778694
4915,0.978449276571442
4916,0.46724978287480895
4917,0.5886264757847913
4918,0.9798553815898563
4919,0.6907723441489568
4920,0.028958366758026235
4921,0.9695002363526104
4922,0.9821455101553562
4923,0.006296840865614327
4924,0.9712979000474126
4925,0.19247622132874184
4926,0.01069150567680364
4927,0.9016115323703421
4928,0.6034341368492125
4929,0.023171793369878405
4930,0.9784909914564496
4931,0.8998531214622449
4932,0.6572183491439371
4933,0.9893334848783896
4934,0.11024477392692682
4935,0.05903888969680541
4936,0.04850135138792481
4937,0.5491075610896784
4938,0.054831289942491736
4939,0.9438037065531116
4940,0.017695058437397226
4941,0.008427710702242247
4942,0.4610754199421589
4943,0.007000073365516203
4944,0.02652673093761279
4945,0.0909527484938218
4946,0.12549433240888488
4947,0.06194080989209017
4948,0.18365078818354216
4949,0.8836820426080031
4950,0.44673986359452816
4951,0.15132728998785114
4952,0.280990582060696
4953,0.15838682559297776
4954,0.6804296368429932
4955,0.5511632478099807
4956,0.11906389634745133
4957,0.101032548945162
4958,0.9869091523931871
4959,0.6292123602088688
4960,0.00282302556794135
4961,0.80280123294211
4962,0.07761104264286112
4963,0.27241582350487237
4964,0.8727915082794026
4965,0.018471970166076754
4966,0.009508548717219874
4967,0.33554349245981624
4968,0.003281751283890315
4969,0.16004903796224143
4970,0.9845046284846605
4971,0.12538484385785859
4972,0.06064894273182369
4973,0.009830075084258467
4974,0.019649843750951686
4975,0.814484802409441
4976,0.1756283363966348
4977,0.6650789765006893
4978,0.012517566007750032
4979,0.8895393375706905
4980,0.5369148165729508
4981,0.004215102587269474
4982,0.06974749626764842
4983,0.9542018644291409
4984,0.2669721244750254
4985,0.5840412083265434
4986,0.9902348132930817
4987,0.9821165387524089
4988,0.020242286150269625
4989,0.0016808796295248087
4990,0.006140819569048772
4991,0.5447846762807069
4992,0.007603342100480894
4993,0.044597583126730365
4994,0.13047242302509895
4995,0.012855719766650167
4996,0.9703070728538327
4997,0.011032584421923336
4998,0.32243375917793904
4999,0.555676852968526
5000,0.021441185718716966
5001,0.010628635573877152
5002,0.05392793151826616
5003,0.5617849585146265
5004,0.36580286043940285
5005,0.0941769392455742
5006,0.038088426742261886
5007,0.7886566553971607
5008,0.9681867345851062
5009,0.051725645953225076
5010,0.003461172636439979
5011,0.5265275917983645
5012,0.029886332626269524
5013,0.09370601028185044
5014,0.11853567282268425
5015,0.6542420035914537
5016,0.8934808111115408
5017,0.48830767501796063
5018,0.9763429226533106
5019,0.9730520469625032
5020,0.015770694498507157
5021,0.23101576111138855
5022,0.014316839572533768
5023,0.0018351672659955333
5024,0.25395651208479825
5025,0.06091653237509174
5026,0.04215859425858195
5027,0.05794714253065677
5028,0.9973518102758289
5029,0.8909050401272168
5030,0.007589435927830541
5031,0.03255774620891799
5032,0.15098681840868228
5033,0.95504335206875
5034,0.9155785631007504
5035,0.01568696468084868
5036,0.013752023456332004
5037,0.0021484895742452203
5038,0.02340679972775413
5039,0.31420795450633415
5040,0.9144912280690957
5041,0.18040421150624156
5042,0.9747527273451452
5043,0.04836604606271392
5044,0.017079517311634585
5045,0.40936701876804044
5046,0.0773445802228312
5047,0.0023443233090447687
5048,0.4188292490847038
5049,0.14249951372875472
5050,0.08816367525147202
5051,0.8201596338632239
5052,0.01477354562795908
5053,0.11206214111861142
5054,0.09891934015247617
5055,0.012607019626121404
5056,0.9518621406482747
5057,0.013913854821134422
5058,0.9715108163018997
5059,0.08998430020939585
5060,0.1393758948244271
5061,0.03034372145838354
5062,0.017472037625198698
5063,0.01274870071959863
5064,0.026527101711206442
5065,0.39441653734963333
5066,0.5784949740193418
5067,0.05445222697747023
5068,0.9735297962903765
5069,0.583904439480644
5070,0.9748419525222086
5071,0.06731654150988176
5072,0.02244293558208765
5073,0.02532031808371472
5074,0.005836669886269468
5075,0.5256560149679662
5076,0.33017757410155735
5077,0.0663918561374549
5078,0.17198061607364099
5079,0.9771995509716027
5080,0.03172947222512049
5081,0.0036265518863455326
5082,0.07939745637825375
5083,0.05497634860215448
5084,0.002525844510459319
5085,0.9689386594791382
5086,0.99787455852838
5087,0.00563779512786682
5088,0.05957406233668544
5089,0.013878905697877851
5090,0.3290086900016203
5091,0.052710728722194844
5092,0.9957660936381787
5093,0.4250103864903163
5094,0.06409363067328452
5095,0.07322070630171451
5096,0.02697193731012661
5097,0.023585290877856203
5098,0.16855731952525976
5099,0.0026204277992285933
5100,0.0642190203344604
5101,0.32686502795260486
5102,0.6507191516847961
5103,0.008753852591348964
5104,0.008118620480840779
5105,0.053558503679358195
5106,0.9977040791998778
5107,0.9818678346679158
5108,0.6162244021552062
5109,0.9260957028529755
5110,0.014786818299324211
5111,0.965734226294789
5112,0.9192554432338453
5113,0.2023113705281556
5114,0.9366844241963971
5115,0.9034328079810447
5116,0.39954005135802223
5117,0.7821189131669805
5118,0.8524480862730233
5119,0.029791429682782988
5120,0.9759044754489459
5121,0.03285624169235232
5122,0.03707149203666676
5123,0.8406359705462907
5124,0.009416114749013212
5125,0.9610811228300724
5126,0.0954129127831399
5127,0.57059911000834
5128,0.06581411739791654
5129,0.43910623865078574
5130,0.032227693151272045
5131,0.014638012540364889
5132,0.16083514649570238
5133,0.17871992778839263
5134,0.6431509281420319
5135,0.5408740577447625
5136,0.0035067849404885956
5137,0.7552839389084781
5138,0.016261076745884617
5139,0.14340260760645812
5140,0.06552660286419133
5141,0.17331444201823198
5142,0.13758494949693337
5143,0.004492677877923165
5144,0.007555433847325345
5145,0.0027956374972100836
5146,0.028584679646528804
5147,0.0157441714110073
5148,0.02847878682629836
5149,0.011999499761137818
5150,0.2824619231405244
5151,0.7923544156478343
5152,0.07517374332920236
5153,0.03798586555257863
5154,0.988594031992699
5155,0.10292484079857488
5156,0.007924476223226532
5157,0.01847413825727587
5158,0.006843158316552492
5159,0.039383672867015156
5160,0.09602358254918597
5161,0.03295705957057336
5162,0.005651716978470565
5163,0.07204850382066277
5164,0.018937588845057494
5165,0.20256898887102706
5166,0.5540902888803365
5167,0.07240370866680224
5168,0.08600489656285985
5169,0.06558852527599636
5170,0.17148187843474746
5171,0.8235478290120488
5172,0.7260724850346157
5173,0.07367445176905628
5174,0.02403457007352797
5175,0.9979921713882836
5176,0.40736767273408453
5177,0.9753769520633474
5178,0.9528001266978402
5179,0.9677204148186404
5180,0.02287326879231834
5181,0.13181143061639672
5182,0.22776464212377964
5183,0.002783387712782397
5184,0.14081601352423764
5185,0.05950753098525461
5186,0.0018017735429505849
5187,0.0510540281288186
5188,0.9918021102842403
5189,0.02630363529665225
5190,0.07474230616380773
5191,0.2637149779056714
5192,0.08749321821626622
5193,0.21784871543851145
5194,0.31312134620554827
5195,0.3876904043153451
5196,0.06415671148277981
5197,0.01765868311461145
5198,0.019611382066777375
5199,0.007743228171999253
5200,0.003433257754300536
5201,0.10213259512678417
5202,0.10175801883542819
5203,0.019596036260096282
5204,0.19178018162130264
5205,0.007376271391253301
5206,0.05090899251341083
5207,0.6153094753439347
5208,0.017209200323573943
5209,0.45199741178583125
5210,0.9828938978150451
5211,0.9249711125657059
5212,0.27078950810026753
5213,0.13927253182219865
5214,0.023698175667200477
5215,0.6942652810199986
5216,0.8983746824449247
5217,0.02783887129491608
5218,0.5725958021064822
5219,0.002440524619919316
5220,0.951699409359775
5221,0.02639550488235505
5222,0.045345687021258935
5223,0.21025712370845517
5224,0.6694701062336742
5225,0.005927563434280604
5226,0.9714696562334547
5227,0.8310181231388748
5228,0.8744008760026967
5229,0.9944744502851338
5230,0.04269021852038901
5231,0.3692765705883447
5232,0.9564144051938858
5233,0.03255254368201416
5234,0.05341536305184682
5235,0.012565311928164338
5236,0.008718051558599511
5237,0.9372196671302183
5238,0.11572408640199372
5239,0.022829191058012413
5240,0.021012640064882227
5241,0.034975457546265167
5242,0.026032609885088213
5243,0.06535522972430063
5244,0.9916466412050502
5245,0.4977398940183669
5246,0.10261326443346608
5247,0.0544371807503779
5248,0.046469313520508766
5249,0.2183403999231924
5250,0.25129246973931335
5251,0.32301503979265367
5252,0.5065924388235473
5253,0.006689790739800813
5254,0.02600240960140274
5255,0.28459303745671666
5256,0.004419410616498436
5257,0.3033941977685664
5258,0.8777964632384752
5259,0.7629773556316638
5260,0.0652941300636228
5261,0.019299588694312503
5262,0.7340286392120111
5263,0.009853734454532545
5264,0.2534675714988546
5265,0.05037994469961623
5266,0.9776421130154728
5267,0.0036528908481159796
5268,0.20240952462011208
5269,0.011424966852323623
5270,0.24392025475629966
5271,0.10238792992390237
5272,0.9656207817323482
5273,0.012840596012977113
5274,0.36580117595961287
5275,0.8995764915643409
5276,0.15828615728730028
5277,0.8544280823590619
5278,0.1756325304490914
5279,0.01875436529614727
5280,0.01166771995109326
5281,0.002775875483619553
5282,0.9812859752763364
5283,0.05139945899384165
5284,0.015998886304810663
5285,0.0039689830728167055
5286,0.022009596774293715
5287,0.06168713227545545
5288,0.04364338847084127
5289,0.07977076862291631
5290,0.005005719678619465
5291,0.9885912499675101
5292,0.37828313781143286
5293,0.13194177057465747
5294,0.8230186990946559
5295,0.015014461384448974
5296,0.12275415598048388
5297,0.005324456086830069
5298,0.2986072445695717
5299,0.0023841476954178683
5300,0.01466189276317506
5301,0.44969933534975387
5302,0.5252785193109611
5303,0.14124456817209005
5304,0.10891777522423339
5305,0.051777198936898805
5306,0.09428589527873972
5307,0.9442024373956248
5308,0.08659567366495774
5309,0.0686461158434639
5310,0.018229422611147184
5311,0.8773209601810873
5312,0.17835046407652308
5313,0.029471664412483927
5314,0.727553095334666
5315,0.17991969526534715
5316,0.09896676722552078
5317,0.08093721640530438
5318,0.006921840697664254
5319,0.7160375908545387
5320,0.10588214911817316
5321,0.08572016326805156
5322,0.08068372192450586
5323,0.029878380699455868
5324,0.8963724655935756
5325,0.19176143149330227
5326,0.00301047971873235
5327,0.02074858157574335
5328,0.06816648651839315
5329,0.9632766708903543
5330,0.01086295810293769
5331,0.11961604506951266
5332,0.006435118386895574
5333,0.03267659481307331
5334,0.9718188383046972
5335,0.5451212794589814
5336,0.009000524709809405
5337,0.035565714746582565
5338,0.4079424168079806
5339,0.08088635628598122
5340,0.013836362351689243
5341,0.003327991644271236
5342,0.9814227598069424
5343,0.06986739298729451
5344,0.021455574127572496
5345,0.00924892783707129
5346,0.2259363260128051
5347,0.9583818713459031
5348,0.041720676627979125
5349,0.035025224194640575
5350,0.8305260825941883
5351,0.9951909284747181
5352,0.7326983668378877
5353,0.024281022198450342
5354,0.18004636774220165
5355,0.8419756390450736
5356,0.022777041768566108
5357,0.18649300287614112
5358,0.9974205039049936
5359,0.006111492689456995
5360,0.04951760152747096
5361,0.7743496400608993
5362,0.1068169626537926
5363,0.008349409270898866
5364,0.005401907810655634
5365,0.9787735651295465
5366,0.0028391530144934187
5367,0.0032129880225221807
5368,0.9166316965257092
5369,0.8016320428027343
5370,0.035577428288251056
5371,0.016286718923062948
5372,0.012872367122504108
5373,0.17205072324182802
5374,0.006770874834711854
5375,0.021791712869544223
5376,0.05890674011705271
5377,0.01251633020449056
5378,0.04975238453648173
5379,0.23138552199245402
5380,0.4433430216298386
5381,0.031476954979923054
5382,0.23792122586355421
5383,0.1082056720845725
5384,0.05878503156167008
5385,0.03976888361157547
5386,0.016583337947798177
5387,0.6567321960513027
5388,0.013738627054001529
5389,0.9714897277474263
5390,0.5477877535448233
5391,0.011629973818712993
5392,0.005675988085367537
5393,0.9861701198752897
5394,0.05933704972330569
5395,0.847369321687045
5396,0.09187913978853222
5397,0.2789969115647471
5398,0.14002480848613674
5399,0.27763478191422863
5400,0.019673892979408598
5401,0.3368536092665537
5402,0.008559851778248846
5403,0.08747193135187319
5404,0.03371253415765361
5405,0.024410776158797987
5406,0.8945457450542782
5407,0.846563734301168
5408,0.018372597078598285
5409,0.009304314991266412
5410,0.20767196405970967
5411,0.20014237092242868
5412,0.9475021207091668
5413,0.0837875770396266
5414,0.0050686114857470994
5415,0.9953298543489216
5416,0.02325457679036169
5417,0.09172846835282499
5418,0.05498976382432846
5419,0.2722272165550702
5420,0.05664500864507279
5421,0.04908485993427494
5422,0.08176234924448908
5423,0.034053159945053556
5424,0.9741208285972515
5425,0.9770686827949948
5426,0.024352510478867925
5427,0.011230517609596322
5428,0.00441119962834808
5429,0.00259159138654091
5430,0.5911835852327525
5431,0.046010795171631286
5432,0.782815524717481
5433,0.17808865459162346
5434,0.9746540887638496
5435,0.6497133717374775
5436,0.9862460996636808
5437,0.025563044072448027
5438,0.17475688263619474
5439,0.42012462681167984
5440,0.9429303878934384
5441,0.010515783681778934
5442,0.03409292240282331
5443,0.4719195696661566
5444,0.014127060963523378
5445,0.8630392759823932
5446,0.10971303363533032
5447,0.1435050500902689
5448,0.03743179938341187
5449,0.0027149075449088337
5450,0.9795225898357064
5451,0.0024095760292860615
5452,0.961421071682163
5453,0.12383026624281752
5454,0.05240601693210887
5455,0.9685888869062901
5456,0.012295221476890194
5457,0.0385319036337541
5458,0.004461410614114958
5459,0.9440267639097447
5460,0.9742077205722192
5461,0.014283375823479378
5462,0.03272535472792272
5463,0.028895466597524233
5464,0.008222899938844995
5465,0.14093799064693127
5466,0.7763348405843336
5467,0.9949034380970451
5468,0.08444834523981466
5469,0.05338616828604669
5470,0.9970858207507297
5471,0.38543225584493146
5472,0.08393626324602099
5473,0.004134637915512179
5474,0.23033623719746646
5475,0.004787993412732725
5476,0.02994353318175305
5477,0.9239697238838369
5478,0.22171123365520007
5479,0.9562237385924449
5480,0.054862466329210734
5481,0.07161858463967574
5482,0.01476345995886115
5483,0.3737025374103992
5484,0.7952915165733874
5485,0.19158110927336103
5486,0.03344480719504108
5487,0.40039619966271583
5488,0.32001422282189734
5489,0.17570128762700543
5490,0.0275737560364914
5491,0.7890100480195134
5492,0.06714373206993773
5493,0.016419883820791587
5494,0.8100534104809002
5495,0.8391867582492991
5496,0.009617486758114373
5497,0.19854452095474232
5498,0.0354677718917678
5499,0.007277424514151347
5500,0.004559926148149078
5501,0.16734268628544566
5502,0.012117446642776775
5503,0.05724759405509492
5504,0.9873850095575412
5505,0.9828086511782718
5506,0.025175610096039608
5507,0.23413077245417355
5508,0.05279650385871074
5509,0.986912578635225
5510,0.005055444867509318
5511,0.9940473545007494
5512,0.005486464893013243
5513,0.031105019949703005
5514,0.3990675272897935
5515,0.004767058377207548
5516,0.04812379810091432
5517,0.10868400092892357
5518,0.21466378028196628
5519,0.02352615968996559
5520,0.020959540948750355
5521,0.9960828490705346
5522,0.8303461551301918
5523,0.2020204180225167
5524,0.9758336311328016
5525,0.095673045876474
5526,0.0982776023398278
5527,0.8641319783571125
5528,0.008830824572684678
5529,0.02881209712116303
5530,0.07932443474150325
5531,0.046053132723997414
5532,0.09411824866129852
5533,0.07687635604788391
5534,0.2916213953196923
5535,0.030285683702431326
5536,0.09077753143475265
5537,0.047232227273743065
5538,0.0071039157215430195
5539,0.051376577516035714
5540,0.8104708723026773
5541,0.005054718519938093
5542,0.2518634060494367
5543,0.005131788410376224
5544,0.011287021452401472
5545,0.8575808845255509
5546,0.4155158002985549
5547,0.07867266623403689
5548,0.04662845738835497
5549,0.9892472072037765
5550,0.029322913138242413
5551,0.15627456335351822
5552,0.036001453656392506
5553,0.04129693513977406
5554,0.5217244549044279
5555,0.08101621695943001
5556,0.08179034796915156
5557,0.6837752330305363
5558,0.9799075065240469
5559,0.11051696725460856
5560,0.9835497589200948
5561,0.6334562148838111
5562,0.0045656753666257705
5563,0.07859095799060417
5564,0.015346748373918523
5565,0.9909181827506833
5566,0.396055866246972
5567,0.022449496927219748
5568,0.03389360554347908
5569,0.0660451290564681
5570,0.9849390544249603
5571,0.02296757508709281
5572,0.0024313389676788697
5573,0.05033022478381416
5574,0.8301142241632187
5575,0.3411835729525902
5576,0.03753201162514395
5577,0.023442514764713113
5578,0.19900361005839848
5579,0.013425298134845285
5580,0.9929670670845815
5581,0.20097191699988284
5582,0.014224298220203447
5583,0.017453209351870475
5584,0.5557978069692356
5585,0.013538348558454183
5586,0.3607475156494711
5587,0.7112716769903024
5588,0.1688978080461745
5589,0.1520221606989842
5590,0.03997938533839221
5591,0.02219888259715558
5592,0.5340047566662786
5593,0.0056080385144741075
5594,0.03005901207016806
5595,0.06221151821528481
5596,0.6255957784331851
5597,0.9663171486634713
5598,0.026639464238754216
5599,0.9459742014391622
5600,0.9717083845679791
5601,0.08486665660884755
5602,0.06514529018134371
5603,0.5489087443083467
5604,0.006256775182213635
5605,0.7670791858477392
5606,0.1662510293054007
5607,0.0030849334830393583
5608,0.4115738705775942
5609,0.8486804521855005
5610,0.052824358667444976
5611,0.0689869715143171
5612,0.056523110133107346
5613,0.19359556524771662
5614,0.1499111815686055
5615,0.00189943826874372
5616,0.043733087885625056
5617,0.8815688102270185
5618,0.9972380848329253
5619,0.12052450595269898
5620,0.04517536463865116
5621,0.22681580397125925
5622,0.016259023936196455
5623,0.004472600895588445
5624,0.09404276938132934
5625,0.6833224736798796
5626,0.15101623914526432
5627,0.9974444872017131
5628,0.046629177026799466
5629,0.1677441064411039
5630,0.9764258976004632
5631,0.021970494220091574
5632,0.02486406354053027
5633,0.006314466645564411
5634,0.4838003007556939
5635,0.06760328706819303
5636,0.0026683148230581995
5637,0.10416168869395664
5638,0.813394444666943
5639,0.004126877940941899
5640,0.018947604015854533
5641,0.15044907069273325
5642,0.02155628117240546
5643,0.8194351893908207
5644,0.0683678164016094
5645,0.030668077089585105
5646,0.8011437578919919
5647,0.045623477135207535
5648,0.022979248880336135
5649,0.035881309688883124
5650,0.009792591244634103
5651,0.1402176197495356
5652,0.03807426331763154
5653,0.011383664432184554
5654,0.009990873031321876
5655,0.9724464815242465
5656,0.21483847268452805
5657,0.17819664552623904
5658,0.013783709133918966
5659,0.09421708941157235
5660,0.02475356669398206
5661,0.8770384614996573
5662,0.04035490454146743
5663,0.2442479768558238
5664,0.009011099305694322
5665,0.9406299867697747
5666,0.08030965289371744
5667,0.9526647115038221
5668,0.9975329321379149
5669,0.27124607430572767
5670,0.9290773994295586
5671,0.05290784450211782
5672,0.025440367207468808
5673,0.35467938661205567
5674,0.8532473233609613
5675,0.2128824271812225
5676,0.9966220630085211
5677,0.06139298343839054
5678,0.070605096000648
5679,0.9861724015056282
5680,0.017625007103965275
5681,0.05044328782707802
5682,0.495943038885113
5683,0.17366334845435127
5684,0.10295156753517047
5685,0.09349593207210231
5686,0.07209150972861753
5687,0.13411538099425635
5688,0.03253554199532451
5689,0.02365936406262903
5690,0.01840368606849763
5691,0.01133521873714849
5692,0.0222093163370046
5693,0.31689513355570886
5694,0.05104535285621558
5695,0.4025093785643219
5696,0.38201566163534034
5697,0.2427253033517527
5698,0.044136277939105135
5699,0.39462990636375617
5700,0.062237497938444054
5701,0.9816359953665534
5702,0.06907630622607885
5703,0.30868202648158943
5704,0.8996207135569746
5705,0.6706561614479677
5706,0.09003973485214511
5707,0.021219125172329063
5708,0.10149683978484762
5709,0.9176594175527198
5710,0.9657668539844181
5711,0.06968981951111552
5712,0.0024897135365645143
5713,0.017638545788917204
5714,0.2619562409073495
5715,0.025244577162616133
5716,0.0028316402644054136
5717,0.9389926929708751
5718,0.9437262499144395
5719,0.0024968464860519782
5720,0.4628318134628193
5721,0.002736049373517569
5722,0.9959572526591937
5723,0.566032303756381
5724,0.020151458762091172
5725,0.05173944943679288
5726,0.36156479423140003
5727,0.9755233698958495
5728,0.8537847731105633
5729,0.007108313927154444
5730,0.3070644088819649
5731,0.9781558635324871
5732,0.02013473422258816
5733,0.2543071906876822
5734,0.9963172388571646
5735,0.01643406727449979
5736,0.0019906909223699224
5737,0.9326864845430229
5738,0.9003662144909965
5739,0.00777906029004119
5740,0.18863014415703352
5741,0.057181211501032135
5742,0.11082796496093911
5743,0.9267987672166851
5744,0.30104512363878727
5745,0.005475796940820857
5746,0.02908580894198472
5747,0.08501890633616249
5748,0.07489266892058151
5749,0.35677142973212844
5750,0.9845683165769925
5751,0.004406977306043255
5752,0.09546295683892365
5753,0.02791236654947421
5754,0.006774707044625776
5755,0.043912564960490175
5756,0.006028380875509114
5757,0.18423700083189595
5758,0.9272424632596507
5759,0.22441442250188878
5760,0.015724553227030934
5761,0.0036939171933018703
5762,0.4167687872709307
5763,0.9629171516968774
5764,0.001893180838453647
5765,0.7343964664714681
5766,0.9893636812626108
5767,0.03594233178358112
5768,0.8967349883676995
5769,0.0033537456028061717
5770,0.08831961416211935
5771,0.9976226794554609
5772,0.15119716466732067
5773,0.6981817881749824
5774,0.9737598479524587
5775,0.12299906464685996
5776,0.8763560835633392
5777,0.0029052601048770374
5778,0.028655479932126277
5779,0.011597231569214212
5780,0.037479370261891055
5781,0.41448333589728187
5782,0.08064565643564868
5783,0.4197077039641967
5784,0.9648515493042544
5785,0.7816845501190652
5786,0.0022515062692243693
5787,0.06612655068758024
5788,0.9828658631090817
5789,0.03579872654114208
5790,0.9842736583242632
5791,0.9977871683347873
5792,0.039584142477535104
5793,0.1918931601079237
5794,0.09720810697640521
5795,0.09528265986423906
5796,0.08974754674773193
5797,0.9369469631327759
5798,0.9922988349354366
5799,0.020635177286171525
5800,0.4520873088815836
5801,0.24081821837325923
5802,0.9631210008231292
5803,0.5666323284375672
5804,0.0665777429494951
5805,0.07299763754348192
5806,0.915393261883889
5807,0.025735622091901587
5808,0.997932188603575
5809,0.013306249597487973
5810,0.04675906592572277
5811,0.9635505776973222
5812,0.9864560859049719
5813,0.9839753489853825
5814,0.9641658257097522
5815,0.9604966628364068
5816,0.933711652860548
5817,0.9376368173020779
5818,0.028039722945789314
5819,0.9943684804544018
5820,0.3004822998139601
5821,0.023278950205273815
5822,0.9976671081947149
5823,0.00993097414756947
5824,0.8832050156340826
5825,0.041538197207249834
5826,0.017505483746449026
5827,0.01747855882277867
5828,0.958812937816337
5829,0.23713761991285634
5830,0.06649197830213859
5831,0.07903268417864566
5832,0.49218841479703973
5833,0.20612816857511065
5834,0.07214315057557573
5835,0.597310644132765
5836,0.12445097178879048
5837,0.7648245999487359
5838,0.01721697280166636
5839,0.003248798628710401
5840,0.006768334982008954
5841,0.9405422210098792
5842,0.0798666598520539
5843,0.1553553687599706
5844,0.11574757788084111
5845,0.5979552755041345
5846,0.9326692234741163
5847,0.13382131240910258
5848,0.11245460963891635
5849,0.06832435641793781
5850,0.9876688504477046
5851,0.9532626094990942
5852,0.8791203308214793
5853,0.08752384248957767
5854,0.8550879178121579
5855,0.006920043323117829
5856,0.13090507478354652
5857,0.055897262178903194
5858,0.6128775181363458
5859,0.028622774621435126
5860,0.9655994424391721
5861,0.016550318616697295
5862,0.6728621481411148
5863,0.15852054368275434
5864,0.18650551350300218
5865,0.1509892932295386
5866,0.053818062671469186
5867,0.07820882853484183
5868,0.047864499254054095
5869,0.0683435587097158
5870,0.002600890044225873
5871,0.11983752748234174
5872,0.007611954530227755
5873,0.12076411797148622
5874,0.9910591234073269
5875,0.9977531417997616
5876,0.05913505535834249
5877,0.9681663556078585
5878,0.13137970902485596
5879,0.032667184461632394
5880,0.21408959038755979
5881,0.1798690519601355
5882,0.025578971832751735
5883,0.18339252711123996
5884,0.781649136477831
5885,0.009810205844945998
5886,0.5450219069476909
5887,0.9404784512363148
5888,0.5747935023211305
5889,0.9559170385563842
5890,0.006651695237504509
5891,0.03362886430922967
5892,0.5125112285374344
5893,0.03975017085023185
5894,0.03240157619457932
5895,0.08649804746765577
5896,0.011877190155380376
5897,0.05339193074182794
5898,0.6950557974223569
5899,0.12324561548827091
5900,0.08158457613226328
5901,0.6975705416402924
5902,0.6740367209671057
5903,0.9530505935250568
5904,0.9831015363511838
5905,0.341139329738305
5906,0.03530960605557668
5907,0.9873743179040155
5908,0.025085471803209577
5909,0.06284374076216921
5910,0.14598891764119282
5911,0.09914980621060483
5912,0.9631650316584098
5913,0.004316814666911982
5914,0.06783674746656583
5915,0.18911539857802429
5916,0.004521150291423603
5917,0.01086973697187222
5918,0.9571692998728736
5919,0.06780762946078239
5920,0.985589148259642
5921,0.04891569190229297
5922,0.06542427117154348
5923,0.08582205972803354
5924,0.30768392009652845
5925,0.0641879346099536
5926,0.9809962267388267
5927,0.21441090465806115
5928,0.06109719395456403
5929,0.008314538416229016
5930,0.09976903915369702
5931,0.923948778073922
5932,0.03187300994416895
5933,0.9464997848835529
5934,0.5191199580924015
5935,0.21630878377137552
5936,0.006043202103081117
5937,0.06693531250681188
5938,0.36159950788170536
5939,0.005236624597941692
5940,0.9659494451752857
5941,0.052852033589925775
5942,0.073593637458732
5943,0.0696505958317595
5944,0.48293261823854455
5945,0.985085031810285
5946,0.05353455697219519
5947,0.06299480479228593
5948,0.08551890317298218
5949,0.7050180822277893
5950,0.007589582698764169
5951,0.4385049760570663
5952,0.07188823110426283
5953,0.4439351228014555
5954,0.468276387047818
5955,0.028717497070453096
5956,0.9296821651654038
5957,0.7804655280890115
5958,0.8008897866590412
5959,0.23072780606347398
5960,0.04073179743673879
5961,0.0032946197324933784
5962,0.2410521574939627
5963,0.005859048728702114
5964,0.8991201094467748
5965,0.15214969669268666
5966,0.02705339656653168
5967,0.006741104776109348
5968,0.06923917886993375
5969,0.6966663957752113
5970,0.9507004694002018
5971,0.04503892296392537
5972,0.93702248855763
5973,0.09527055414716668
5974,0.8330742395590293
5975,0.6381622678790865
5976,0.005322740908972455
5977,0.32186730610390346
5978,0.19544653565065606
5979,0.9397538462325731
5980,0.23454745891173445
5981,0.3019839589528937
5982,0.04405641063916118
5983,0.016406483563955923
5984,0.9331773289691746
5985,0.038040609890925066
5986,0.14426174366081
5987,0.01977006946104168
5988,0.7704813882879084
5989,0.8716848696040721
5990,0.02157563662184031
5991,0.9885162523130675
5992,0.0689479406944407
5993,0.542175360544478
5994,0.02807719954171865
5995,0.04954563250321679
5996,0.045591187832058455
5997,0.9396311868027082
5998,0.8158585086507758
5999,0.8486075518789727
6000,0.021889491572642458
6001,0.6538970684420677
6002,0.6687001240859879
6003,0.4195569447585393
6004,0.047597607565323115
6005,0.004790441022667339
6006,0.7258159241624259
6007,0.979024608028821
6008,0.3927582463823745
6009,0.9575588824086045
6010,0.022947341247054207
6011,0.9625084429462557
6012,0.14358752241406442
6013,0.18935286761233402
6014,0.01804141822883059
6015,0.06540399720299776
6016,0.050171556518921766
6017,0.03477947232533148
6018,0.9973200696512716
6019,0.01822572387949506
6020,0.9793529733550539
6021,0.322315224570374
6022,0.9764301025972298
6023,0.8867143348503647
6024,0.01998083135945049
6025,0.11130011186748438
6026,0.051005207623782495
6027,0.29243716279519577
6028,0.06145252456003648
6029,0.7011333390608009
6030,0.034832696485768526
6031,0.024460597912885688
6032,0.06399913450426153
6033,0.01764849818613505
6034,0.3914149110209347
6035,0.16506031272290292
6036,0.9574916175881795
6037,0.6217189908715456
6038,0.9006796896436148
6039,0.007299475703090012
6040,0.05578236191611783
6041,0.9673102708571881
6042,0.9682083951010686
6043,0.856362799374526
6044,0.9580633940852962
6045,0.9185152932154407
6046,0.013252777198066883
6047,0.0980036003165935
6048,0.22890369575215264
6049,0.5101581295511647
6050,0.017045716579741303
6051,0.18321220969773166
6052,0.06672804138353643
6053,0.002034609545786887
6054,0.019554555457966798
6055,0.056047631812788656
6056,0.15161260652299244
6057,0.020096009342566334
6058,0.18410378653031442
6059,0.8335265679792337
6060,0.01324447060614785
6061,0.3794269625599022
6062,0.05516416370166758
6063,0.9512854246784913
6064,0.006520592406251001
6065,0.024525648598641443
6066,0.15892046697513793
6067,0.010727858503908012
6068,0.6347701905018793
6069,0.002838729628828579
6070,0.02889706893753786
6071,0.01719352268047681
6072,0.997596402244584
6073,0.009412017159713647
6074,0.22246348700200821
6075,0.07386494636664563
6076,0.0888058939657752
6077,0.07537187234527841
6078,0.3578435449671737
6079,0.030662314898161392
6080,0.8218867567727864
6081,0.007908910107896986
6082,0.7607612264550522
6083,0.010774651674156872
6084,0.9861359326823532
6085,0.17456828528798596
6086,0.034170636878711545
6087,0.037317709164198125
6088,0.20289453862980122
6089,0.06445301255879723
6090,0.02718051777976835
6091,0.037021313406384024
6092,0.971063017641586
6093,0.31855130609498394
6094,0.027957397141104595
6095,0.5230577305801795
6096,0.9709034111486193
6097,0.051174841945960746
6098,0.002435822023422895
6099,0.9308878484453543
6100,0.9791219511395557
6101,0.8344574997151245
6102,0.08870130345762518
6103,0.23994215488324477
6104,0.06991746517478764
6105,0.007757944286032738
6106,0.02082097578667334
6107,0.7468635546634964
6108,0.9739171407079099
6109,0.0030722051559364384
6110,0.28254106506194465
6111,0.9649104242776535
6112,0.012053413207744931
6113,0.0048025079890126965
6114,0.03611128120902487
6115,0.9651120241455136
6116,0.737442166050324
6117,0.0027900627329830916
6118,0.048635248294252
6119,0.7201940745143691
6120,0.4096270254683992
6121,0.00991945915476971
6122,0.040540823535530214
6123,0.8948202514466383
6124,0.08970435638321221
6125,0.6406258035803322
6126,0.0035504896752815694
6127,0.9200983066223593
6128,0.00634852099412522
6129,0.893478591246745
6130,0.03584814202186908
6131,0.04382159327594109
6132,0.9622469461535913
6133,0.11019710983371488
6134,0.5631349165666059
6135,0.042819864229873404
6136,0.8483258991950824
6137,0.11638705658716808
6138,0.010508863958599573
6139,0.16196552494688407
6140,0.04652342198775756
6141,0.9976492852126454
6142,0.9215663515093482
6143,0.8767525315236832
6144,0.027609454332911856
6145,0.9724924304466073
6146,0.611879294663905
6147,0.02642347767970996
6148,0.7497104740742282
6149,0.1936813452321358
6150,0.009177384368516818
6151,0.032413406532097365
6152,0.03605930205733246
6153,0.022931081057466413
6154,0.8464391678683943
6155,0.012956990182958665
6156,0.3697206788660674
6157,0.051512450596502675
6158,0.180814778685524
6159,0.025241104242561787
6160,0.7315635398728711
6161,0.3930741085533052
6162,0.9594917913356332
6163,0.826575400433368
6164,0.024556753078738294
6165,0.27128091210935873
6166,0.9641409176203405
6167,0.9909377922987047
6168,0.7945340224409803
6169,0.4012952087163357
6170,0.794027852539411
6171,0.15534500231544626
6172,0.822812532637028
6173,0.0703892995325392
6174,0.4468621836872322
6175,0.7743973173539231
6176,0.01164635477225718
6177,0.056650741473807976
6178,0.9231045455588983
6179,0.08751268390560324
6180,0.7104283193615343
6181,0.9695422041358385
6182,0.14844896272383215
6183,0.0191795951734144
6184,0.13543320420072827
6185,0.6629793603770088
6186,0.39013976186064103
6187,0.003504765185120677
6188,0.04217538822895569
6189,0.14871749284955113
6190,0.10552715990843964
6191,0.9974827371074465
6192,0.21986326261460942
6193,0.03282026690316016
6194,0.9835992245718629
6195,0.011365658350577972
6196,0.9804218185629323
6197,0.9832890384891214
6198,0.8741862191159696
6199,0.03412891594982695
6200,0.9731650903536956
6201,0.009544958063462141
6202,0.011656161102515031
6203,0.01873554907909584
6204,0.10535952799738339
6205,0.023617780736250853
6206,0.023142985995044496
6207,0.03486150056397686
6208,0.985905272982117
6209,0.21096924930253733
6210,0.47995801994257387
6211,0.9456165121195248
6212,0.01816951289148423
6213,0.010643310782662207
6214,0.5863033394436039
6215,0.04564687624021851
6216,0.030437009189963695
6217,0.03507828104967189
6218,0.18365051728178441
6219,0.15616284958225377
6220,0.06017167846475963
6221,0.7598636834578735
6222,0.012543173850190997
6223,0.012455835968869726
6224,0.007914712204206798
6225,0.0032739889162977224
6226,0.005283135189702121
6227,0.019500152209347175
6228,0.029098229746740603
6229,0.9639587459300429
6230,0.002017605296527305
6231,0.08406828145519352
6232,0.07107676175418781
6233,0.033026728450144434
6234,0.997004363759456
6235,0.48091971721963295
6236,0.1283941807678841
6237,0.2863903853341214
6238,0.07347728379908341
6239,0.73269873121061
6240,0.016581194069998653
6241,0.49146766966577804
6242,0.011996585283569875
6243,0.012486348978965863
6244,0.0017301998932722452
6245,0.00210241022274598
6246,0.9759834757473161
6247,0.046704797865809174
6248,0.007527546734657498
6249,0.2228423851761062
6250,0.34329025141086383
6251,0.07368644755405784
6252,0.9095380063815318
6253,0.7595231312152046
6254,0.9237797972169783
6255,0.9470957402791118
6256,0.9934221368702764
6257,0.4500222808398766
6258,0.9948204204906578
6259,0.010791065516715997
6260,0.0051049222795370745
6261,0.056555723345507104
6262,0.08962869840362235
6263,0.28621463833037497
6264,0.5227056860654438
6265,0.06169906539626043
6266,0.9717133338120959
6267,0.05545641709927022
6268,0.04997228912945965
6269,0.0068196083107469165
6270,0.06462053446795958
6271,0.025635816263790617
6272,0.13857091129817656
6273,0.02897573408617966
6274,0.12290874142785291
6275,0.004960570918927143
6276,0.9851362744673112
6277,0.05582547133361032
6278,0.0746236756412378
6279,0.9888698744709478
6280,0.12310887529495008
6281,0.002400593433323299
6282,0.13656007222281027
6283,0.2927250130684873
6284,0.6393897228366338
6285,0.3633347430609119
6286,0.01939728044440969
6287,0.033935121411330864
6288,0.9883072735254954
6289,0.7635541622429448
6290,0.04812835118383193
6291,0.07205693303009071
6292,0.03161511896812221
6293,0.10703207222559002
6294,0.7993475429252558
6295,0.056693335490901074
6296,0.7722294073995591
6297,0.016211343642036895
6298,0.15081858821485586
6299,0.9793697279400485
6300,0.8698543772322456
6301,0.014005108453666289
6302,0.018876865232342797
6303,0.014644414851297896
6304,0.5859547718587614
6305,0.9141606515329302
6306,0.824556979797401
6307,0.44963605988807936
6308,0.5668155553226994
6309,0.021105302010629556
6310,0.7430170581625308
6311,0.676717850780994
6312,0.9680367805916141
6313,0.9970590143368544
6314,0.04148182715526071
6315,0.47714126862965656
6316,0.3758817575208815
6317,0.03034318850221068
6318,0.301312830249306
6319,0.11396776844880212
6320,0.1310559425138044
6321,0.0032782769643038626
6322,0.9979205713228051
6323,0.0023109163501162295
6324,0.20939741710378187
6325,0.003117545607587279
6326,0.006718660667394415
6327,0.2720120161952319
6328,0.007526044294167141
6329,0.04614737310085166
6330,0.7610483564715241
6331,0.012071323830871094
6332,0.9971089674393779
6333,0.9341593078205394
6334,0.007533729597157537
6335,0.9908610838076575
6336,0.299860865784254
6337,0.6100367254460933
6338,0.1290668507904229
6339,0.27038203204524003
6340,0.005426719657730467
6341,0.021939145617837802
6342,0.7705318774898507
6343,0.02220239707844629
6344,0.09785145511530502
6345,0.015069226365429386
6346,0.07961685169718673
6347,0.03524490885092668
6348,0.07634461434416906
6349,0.949333660446313
6350,0.8654346065255675
6351,0.32295614569181985
6352,0.47330132020520904
6353,0.04978355668693423
6354,0.014827063946133298
6355,0.09393736197433837
6356,0.13378943174126048
6357,0.18482893630735786
6358,0.0033257221332031717
6359,0.24713710075857864
6360,0.1455288242342624
6361,0.20475013680251586
6362,0.01923495222821918
6363,0.9800089445358133
6364,0.00755761169270452
6365,0.03173990862670089
6366,0.0031165652673658395
6367,0.07640669775872154
6368,0.1781544119383526
6369,0.952977123651697
6370,0.350318491101544
6371,0.03258131645319404
6372,0.006258740258012305
6373,0.3536325311451603
6374,0.0589188831577632
6375,0.3800098368935634
6376,0.5654074851293901
6377,0.11245436320003348
6378,0.011518643674146333
6379,0.019387272477712027
6380,0.006691298762944414
6381,0.25867859227039885
6382,0.03272800100280187
6383,0.030726631632642915
6384,0.0411289721926019
6385,0.9959938177252429
6386,0.08888673019841521
6387,0.01874344649750938
6388,0.8148269960694
6389,0.6308176832491985
6390,0.7571937151606719
6391,0.9113358230476195
6392,0.037578509588016056
6393,0.01139961534945246
6394,0.011988259779868083
6395,0.8184813801398864
6396,0.21916363729164656
6397,0.9819098389984943
6398,0.9461845095764635
6399,0.9589387968291914
6400,0.8522043091899102
6401,0.9898488646126417
6402,0.9248633197834385
6403,0.001868932063532557
6404,0.003589041952714342
6405,0.48702235281963535
6406,0.9715184219474683
6407,0.9503402726471654
6408,0.43302895175505696
6409,0.7003555670880388
6410,0.012798147020273284
6411,0.27970998163230243
6412,0.30559443054301744
6413,0.9369829972631297
6414,0.0030996802847773996
6415,0.981196619292186
6416,0.13658256913194036
6417,0.5135833889442475
6418,0.049231583751513826
6419,0.06855136898821673
6420,0.32683779962596715
6421,0.075273588919148
6422,0.043966823587187336
6423,0.08752476462965075
6424,0.9462964538837347
6425,0.6620962118609772
6426,0.21511418773549454
6427,0.18371010239963168
6428,0.1294493601502322
6429,0.9790425853542892
6430,0.9876977997827362
6431,0.04427377511486865
6432,0.09696353570743448
6433,0.0023607680176579815
6434,0.08133544027557235
6435,0.055171586610888494
6436,0.08967158643471256
6437,0.9894768105034135
6438,0.06873590756906522
6439,0.05002663028944188
6440,0.022932322450834403
6441,0.030793161628440858
6442,0.016139109021053314
6443,0.009342828429506391
6444,0.9498600473013852
6445,0.9276693327071645
6446,0.18259457086230146
6447,0.021211018355589636
6448,0.014550643861099862
6449,0.6583197697821866
6450,0.030392876487632694
6451,0.6751225463821894
6452,0.05878588432105688
6453,0.012283240241818772
6454,0.26765009826967007
6455,0.08756378840607315
6456,0.9281393567148007
6457,0.03606635024883823
6458,0.6243436539885475
6459,0.010281839378897087
6460,0.018995568487238806
6461,0.06506262981753336
6462,0.01929667917392795
6463,0.004323465081340173
6464,0.9639304498595541
6465,0.4495002322194674
6466,0.09487049280026932
6467,0.2987822171367429
6468,0.0293075642760068
6469,0.9756451330896434
6470,0.9399143323355613
6471,0.3912287384501219
6472,0.027442036170799544
6473,0.06174516167883653
6474,0.31096714092623545
6475,0.09335079263237002
6476,0.18173848960957747
6477,0.005027918334109839
6478,0.11872533521480148
6479,0.664476472728728
6480,0.010931430582628911
6481,0.023561944216403646
6482,0.6980532637440652
6483,0.06079323335132527
6484,0.042204590299828426
6485,0.1872976036644561
6486,0.40772459774457365
6487,0.01953024150123649
6488,0.03819164795730165
6489,0.014620678790229956
6490,0.4171913201348452
6491,0.09790406100208769
6492,0.9837879097856753
6493,0.02072974664732771
6494,0.08508414645970312
6495,0.1692885867118814
6496,0.058075869016820936
6497,0.9676969485524255
6498,0.6969426535761865
6499,0.24169988784193808
6500,0.9975568723386425
6501,0.9968906551307564
6502,0.0066676130706930375
6503,0.968625450126296
6504,0.005460928061816486
6505,0.9282551968379206
6506,0.9980392398619027
6507,0.1347706701969037
6508,0.09539741285882032
6509,0.06213348583533109
6510,0.16949079582439086
6511,0.990959753807514
6512,0.03214200435563414
6513,0.9845884828486716
6514,0.011673394808819973
6515,0.048059572866346566
6516,0.0033604390068818816
6517,0.03659663708266838
6518,0.0916172392977103
6519,0.08908657423971154
6520,0.9146062407980787
6521,0.10312487782018022
6522,0.002105373528249317
6523,0.4389406745197766
6524,0.06640029569295153
6525,0.18666040036798123
6526,0.09674153563076963
6527,0.005834937954286211
6528,0.008022079386448175
6529,0.019639838751698252
6530,0.005334877923247207
6531,0.9611755654841886
6532,0.25378846895879387
6533,0.44869690247067223
6534,0.7917666509030165
6535,0.07351650162824151
6536,0.7933132372095036
6537,0.02188779791866777
6538,0.005615874446048805
6539,0.10921765066448473
6540,0.043381271661249034
6541,0.9664101209780398
6542,0.02040437850699574
6543,0.030664492205083316
6544,0.016627796398410902
6545,0.07088083140544256
6546,0.08402347488977231
6547,0.9117210988001982
6548,0.10600207292374293
6549,0.9860732423163602
6550,0.04900060728002265
6551,0.13269776345154397
6552,0.6269705687090412
6553,0.07285607343316118
6554,0.05196538814259727
6555,0.563552285190635
6556,0.9932012259144951
6557,0.4495625245528367
6558,0.9794860787592876
6559,0.6682289246337305
6560,0.8478104814156507
6561,0.1997809730395932
6562,0.5662801767698927
6563,0.9760966697350361
6564,0.01355336795706591
6565,0.3644266338857782
6566,0.9781854545070653
6567,0.12998771738467949
6568,0.21578804114769082
6569,0.5423526389119735
6570,0.06838153102898499
6571,0.03742216076613485
6572,0.05436531678894687
6573,0.9828975003186886
6574,0.08601913164313897
6575,0.6397906699142308
6576,0.1277305716038287
6577,0.06191260860599645
6578,0.12303914505643032
6579,0.23713413688326845
6580,0.004607394000786747
6581,0.0034413785758379612
6582,0.12327072566409163
6583,0.12806198651876144
6584,0.6852674020141433
6585,0.11413921024366531
6586,0.5010049450057147
6587,0.9290877797427388
6588,0.0066430146366908875
6589,0.08737789479666269
6590,0.017510736807269656
6591,0.031625513470774295
6592,0.07950814159921978
6593,0.07736541467975117
6594,0.18733550906027086
6595,0.5522979068922895
6596,0.03942274262045399
6597,0.013071421501763365
6598,0.41041948592024796
6599,0.9490615250879354
6600,0.19349338808005237
6601,0.7556249679825046
6602,0.02876536160354418
6603,0.49589237943904774
6604,0.007453879805568812
6605,0.038056019784677084
6606,0.6682460068586956
6607,0.009921180378042883
6608,0.8870525467347062
6609,0.0082845423460854
6610,0.03788407926417902
6611,0.03371409446929732
6612,0.9625113363310165
6613,0.021175906629814962
6614,0.2695904498550003
6615,0.1024144447760505
6616,0.01555341105473215
6617,0.011155636389066166
6618,0.9653546785377324
6619,0.07022134046996516
6620,0.3100680334422226
6621,0.9973765249212341
6622,0.9526050662791192
6623,0.003615791491528998
6624,0.05037282074591263
6625,0.10012608240834386
6626,0.12244646650381026
6627,0.02595944669151422
6628,0.008362436934813297
6629,0.021295270500595962
6630,0.18077457199039113
6631,0.027573830406276728
6632,0.03358677474518746
6633,0.13597456615105166
6634,0.011654806345223959
6635,0.1913185177404788
6636,0.017052733848985743
6637,0.045024085611688386
6638,0.05142292053251921
6639,0.9710452603484082
6640,0.01601493414393777
6641,0.05418212328199168
6642,0.9729273465243603
6643,0.11815502800093909
6644,0.18245021137996895
6645,0.26974546619936973
6646,0.9184544940065873
6647,0.1933321311813463
6648,0.9183492028087364
6649,0.9015503768013199
6650,0.17956083978170925
6651,0.9597470502736547
6652,0.3278559658029501
6653,0.2022803996787066
6654,0.0802458738397334
6655,0.09419808253089246
6656,0.002702966456548191
6657,0.7525946104517326
6658,0.05186405356632673
6659,0.9772005347456917
6660,0.0476403804764138
6661,0.1594928847052314
6662,0.9855622784607094
6663,0.02721487490565387
6664,0.03650804207687341
6665,0.9283881041779929
6666,0.06613340550077176
6667,0.3587397030392699
6668,0.03994837379507397
6669,0.21033087977541484
6670,0.10808459933432901
6671,0.9699618693677907
6672,0.03538886465659127
6673,0.004269839974665353
6674,0.0671956161110989
6675,0.5520517058279224
6676,0.3035026104723321
6677,0.03938163370756039
6678,0.2316722538933754
6679,0.10003771077602187
6680,0.22653791238112952
6681,0.3678297037516205
6682,0.02132879304552371
6683,0.13574968733827805
6684,0.1162387675705606
6685,0.9688285768849786
6686,0.7037329593703969
6687,0.002431161579742496
6688,0.0028995086480809854
6689,0.9191270907179367
6690,0.9840539609991931
6691,0.9969830575128293
6692,0.005604276466091264
6693,0.31138006091789094
6694,0.03975530048791319
6695,0.9499062883199137
6696,0.07883872356865423
6697,0.04732958874124001
6698,0.9847688250930339
6699,0.78668484663946
6700,0.36822535666872463
6701,0.01389745861588936
6702,0.9379861989428355
6703,0.9319386611588113
6704,0.12780178316981708
6705,0.9862082407287489
6706,0.015891004210326628
6707,0.05569621462273507
6708,0.029499930228820127
6709,0.1712495082531185
6710,0.06560373173913164
6711,0.05752728109551294
6712,0.002945348295527546
6713,0.4505016052657563
6714,0.9704670962600446
6715,0.02492379022348458
6716,0.0489483237604714
6717,0.8624527342668499
6718,0.9711308467500271
6719,0.09769416448639538
6720,0.002347430556987009
6721,0.0017777876728067013
6722,0.6473306374336828
6723,0.04503402259325914
6724,0.004450359764310527
6725,0.9979775376825586
6726,0.907525674102151
6727,0.9439394194896131
6728,0.027484722358647393
6729,0.9662614271024782
6730,0.2798390532573595
6731,0.22992840600906553
6732,0.11866228199556206
6733,0.9877174995351977
6734,0.02077585964819303
6735,0.9945559933300124
6736,0.3048825070650708
6737,0.9968744301726827
6738,0.9856322957875077
6739,0.0023974576968651003
6740,0.007427410292800235
6741,0.004635238207448444
6742,0.1237836099014743
6743,0.06467145957501351
6744,0.023540909867877307
6745,0.002635547252711494
6746,0.7361195596752607
6747,0.6685511765641067
6748,0.9071040902181307
6749,0.11913997598766425
6750,0.9804522818107323
6751,0.2765353920741834
6752,0.014451134961209944
6753,0.2642168725369804
6754,0.009429111307305867
6755,0.20809306181304663
6756,0.9614003260509075
6757,0.09522163006054697
6758,0.7176944382832642
6759,0.02094381375709187
6760,0.0684382510150144
6761,0.023091431705609084
6762,0.9500375513085574
6763,0.0024889147561685996
6764,0.038398148319686874
6765,0.18760491646424052
6766,0.9307784968610958
6767,0.9845225979002086
6768,0.934295898757315
6769,0.02496187359301552
6770,0.020543575926576466
6771,0.02923799357864117
6772,0.9739048069652592
6773,0.023871550541203244
6774,0.007257017071563877
6775,0.03751930860009583
6776,0.12288237161832015
6777,0.057993961977953645
6778,0.031856149646278135
6779,0.18386655563904905
6780,0.8105578992456529
6781,0.00887654681809187
6782,0.08487494057310585
6783,0.1425987977771446
6784,0.003362234174693565
6785,0.7357313637924859
6786,0.7260621901902032
6787,0.8451501450676623
6788,0.872657545361125
6789,0.10119643493181969
6790,0.01345635764091333
6791,0.6431290497438612
6792,0.9711040389270815
6793,0.09410961553983042
6794,0.1817848932912869
6795,0.956641953192315
6796,0.5798936399168736
6797,0.08115498230650843
6798,0.40606259485244234
6799,0.026199364378309126
6800,0.7241627100311586
6801,0.7248080182382012
6802,0.34701280839757825
6803,0.09482884017626463
6804,0.4555869612121997
6805,0.003973843855000057
6806,0.7608698752400759
6807,0.004137791058986936
6808,0.04326082214204883
6809,0.1300023806886779
6810,0.7758275922607659
6811,0.03283016874418041
6812,0.020879132244202417
6813,0.8924442655746191
6814,0.028659705040823002
6815,0.19306331309683258
6816,0.03643034798350756
6817,0.013955918937078706
6818,0.9871745045922832
6819,0.013881745641885783
6820,0.05622280758721022
6821,0.950242347425771
6822,0.01100328016995579
6823,0.19712797776031957
6824,0.019559651544747887
6825,0.02622046479523907
6826,0.0711195478178917
6827,0.004073420006721108
6828,0.9682149392392637
6829,0.0019566220253438306
6830,0.9895557959672407
6831,0.05598126267760498
6832,0.00994317522185807
6833,0.06610719077276982
6834,0.017633585855324544
6835,0.6658345318011542
6836,0.5862771486856418
6837,0.9976336626199328
6838,0.22637870579332287
6839,0.11485873979624257
6840,0.8690832546457526
6841,0.047484474763339536
6842,0.897864354341383
6843,0.0019443485563450287
6844,0.08071587628964427
6845,0.9902047744122919
6846,0.17539089208849004
6847,0.009074575212318864
6848,0.7554536283966163
6849,0.022517887708183165
6850,0.01860072127062379
6851,0.6645094690077656
6852,0.08808815424395343
6853,0.6943733092579016
6854,0.05785764371278851
6855,0.03382399717169301
6856,0.10225745466316276
6857,0.871673870285023
6858,0.9824318959503328
6859,0.9364577564491835
6860,0.8956809871177819
6861,0.01856880211457576
6862,0.08303432627019558
6863,0.04127807594360279
6864,0.12193677091972847
6865,0.002130992644333051
6866,0.22307756645108437
6867,0.44893397385986505
6868,0.7508097762478133
6869,0.18085538376920432
6870,0.8505739990569007
6871,0.9430239505669414
6872,0.008969316782241185
6873,0.09560479135817028
6874,0.07164146172808704
6875,0.15363606128160082
6876,0.9747121427469985
6877,0.7763808317394876
6878,0.009026270112759804
6879,0.02887174669884548
6880,0.03790322993055068
6881,0.37481632090986555
6882,0.9138605325630885
6883,0.5411801941258846
6884,0.14318339449315606
6885,0.049850506617329815
6886,0.9909946681994768
6887,0.826784305622228
6888,0.7161712340698418
6889,0.08705633347158455
6890,0.9743355071400833
6891,0.05120483239843019
6892,0.004865183614659564
6893,0.04420694321254621
6894,0.10269303705720952
6895,0.045733089488605265
6896,0.998027083972457
6897,0.06350950267991363
6898,0.9674409555219826
6899,0.014302763617101302
6900,0.4300133750842819
6901,0.006030650568419672
6902,0.04250747487701195
6903,0.03739792611713794
6904,0.03119317107837911
6905,0.9928945252528685
6906,0.8596228726094894
6907,0.06128310447463858
6908,0.0465329022887257
6909,0.003304565027743197
6910,0.8202820346501701
6911,0.01802793535860746
6912,0.9849842732941774
6913,0.9836989417285708
6914,0.0035768699296699264
6915,0.02233836804741951
6916,0.9813953366040661
6917,0.32356368505607586
6918,0.7208159898903116
6919,0.011513505458637116
6920,0.02749795975150306
6921,0.6648295266210159
6922,0.002315145258261584
6923,0.02391775799022457
6924,0.029893141409455194
6925,0.006597010670533312
6926,0.5652201906160692
6927,0.009299413510508553
6928,0.0022798063192947023
6929,0.009730472140758296
6930,0.3051268984274929
6931,0.08398344412032817
6932,0.04656679637426706
6933,0.8270712201855104
6934,0.04390270018067888
6935,0.22907274651086448
6936,0.004000065380196553
6937,0.004894454190634445
6938,0.2121782317531018
6939,0.05078546292379358
6940,0.9339816399976734
6941,0.0034748510118983917
6942,0.9048399709805075
6943,0.04208348076409501
6944,0.9207108316109885
6945,0.6882701335775399
6946,0.0026382983889273446
6947,0.838969106636509
6948,0.011603268153576258
6949,0.07957262682938833
6950,0.9086146489354524
6951,0.7022600892565398
6952,0.06757030909646142
6953,0.0031295079300427586
6954,0.020088367431800102
6955,0.9123383565519313
6956,0.05734164965096977
6957,0.9978377681455047
6958,0.9476620284618714
6959,0.08410886373896813
6960,0.07596928434494744
6961,0.1387956576002267
6962,0.6028129091576883
6963,0.037520028860848834
6964,0.4624361342705388
6965,0.008085289956951331
6966,0.025108267341187165
6967,0.011951555250552767
6968,0.9835774129044147
6969,0.9960869964778306
6970,0.00208518102105945
6971,0.0024552237588977223
6972,0.07605993706745665
6973,0.023197043983157955
6974,0.3288195231174202
6975,0.1213451109860419
6976,0.019419337526129715
6977,0.07146892900185066
6978,0.008754933519146456
6979,0.02468021757731033
6980,0.5390233626667165
6981,0.07575539807148686
6982,0.9979802703422213
6983,0.23132673749639152
6984,0.03564589418126877
6985,0.3067709724018552
6986,0.8654608138090939
6987,0.10332041296752718
6988,0.057438079502683405
6989,0.007058926246927038
6990,0.006789142334913879
6991,0.0049459927026311735
6992,0.05464190709360097
6993,0.893900705834552
6994,0.8595349764834426
6995,0.04113892272803193
6996,0.4195362392928601
6997,0.9110399584829958
6998,0.0066699182692839705
6999,0.058825884935899575
7000,0.5138409026401266
7001,0.13154503852595922
7002,0.1029846050878954
7003,0.14161584865636703
7004,0.0021477046125179494
7005,0.06440674176620005
7006,0.0047535625842297195
7007,0.9773536859171411
7008,0.062351670889198914
7009,0.02782370909468146
7010,0.1348891254755926
7011,0.9249089571447816
7012,0.005818615997574145
7013,0.4285610416791234
7014,0.7126606804651399
7015,0.0033473763119878847
7016,0.9340989435460004
7017,0.07243379712248386
7018,0.28605895268448384
7019,0.02833739689662458
7020,0.019403522188672542
7021,0.010710809243106592
7022,0.40412187768966606
7023,0.27028050844229673
7024,0.7816359120824594
7025,0.033752250788844675
7026,0.012925573480197732
7027,0.04507868446514501
7028,0.06453485533547546
7029,0.09751521779598815
7030,0.218533400930383
7031,0.9845903396991655
7032,0.008306921365404245
7033,0.9202270942376837
7034,0.1199857698103765
7035,0.3369135240325993
7036,0.8500440838208768
7037,0.9588803737979285
7038,0.028645273667458577
7039,0.0022473222581194663
7040,0.0845287075565097
7041,0.9511764492436114
7042,0.005546782608698353
7043,0.5999614822216707
7044,0.0236452773862281
7045,0.19448085205770904
7046,0.6243897676400314
7047,0.924636966407594
7048,0.9512001180118363
7049,0.36218661725859636
7050,0.1359497004664571
7051,0.034246558032538905
7052,0.025872183602161414
7053,0.07845438311074476
7054,0.012977858108311863
7055,0.10429428110558066
7056,0.19940088713639414
7057,0.15637616214919217
7058,0.6266433990147976
7059,0.06550095997324169
7060,0.01489117305067903
7061,0.7969134107917178
7062,0.962960535463511
7063,0.050735657388732626
7064,0.047297949991341265
7065,0.1713506764773278
7066,0.15100884826355254
7067,0.03291823896357495
7068,0.05105336251169828
7069,0.9611625888551124
7070,0.9884579602818704
7071,0.08205272617410687
7072,0.007842259719522847
7073,0.029085102961819275
7074,0.043272080771997116
7075,0.9979329221880304
7076,0.4788599253261409
7077,0.9902204876410606
7078,0.9351423235792834
7079,0.4428731486681217
7080,0.039598643390976976
7081,0.22736438211397983
7082,0.029541900211567648
7083,0.7239944249727777
7084,0.07769930269403352
7085,0.42749261721218695
7086,0.2710623047692287
7087,0.00974906245289233
7088,0.01461855156085629
7089,0.9332162864495687
7090,0.09984682962975085
7091,0.32024001037381206
7092,0.020596174766505614
7093,0.7292837161680952
7094,0.766830569556582
7095,0.5340569268732692
7096,0.20820915422303662
7097,0.02067448656690272
7098,0.983653142603712
7099,0.003990123198571758
7100,0.9980810978455407
7101,0.8875712940139775
7102,0.46088564412598254
7103,0.9978414505938048
7104,0.002233806323507576
7105,0.031077483289392676
7106,0.005950444947815909
7107,0.1039991322278303
7108,0.03090836918916043
7109,0.0033359163855311534
7110,0.003115011881406607
7111,0.4495230457617536
7112,0.2160236586704971
7113,0.2502319890066653
7114,0.989962900131765
7115,0.018772409404093134
7116,0.03612310762582894
7117,0.5014234692138116
7118,0.019405754403216745
7119,0.22347676862470914
7120,0.14106959628835194
7121,0.014826898401320177
7122,0.029655594029154343
7123,0.0403726294864988
7124,0.7729961024810317
7125,0.027800209514283927
7126,0.45245746802063797
7127,0.1600505697170483
7128,0.10098918694436358
7129,0.9487988963131794
7130,0.028665490980275543
7131,0.9677701230141196
7132,0.20826199883480342
7133,0.009617755916986935
7134,0.9608814156806907
7135,0.4117227970020487
7136,0.059655600215931213
7137,0.10266245810081025
7138,0.7232195604519651
7139,0.03248706933512796
7140,0.044026492111626646
7141,0.0160825514896956
7142,0.04601642039164769
7143,0.004866433939871909
7144,0.964961808125472
7145,0.12223994909460002
7146,0.023128234660156583
7147,0.0023370475089112865
7148,0.9972463409964702
7149,0.1003558047393683
7150,0.03335082058665947
7151,0.012879683612975638
7152,0.054077680773649495
7153,0.4151054736239672
7154,0.07344845999317844
7155,0.19922973032948896
7156,0.005192934125347521
7157,0.031288104260305934
7158,0.009757051912958241
7159,0.02883066090015402
7160,0.029010230895482176
7161,0.9802698834479937
7162,0.00199165147064386
7163,0.8924450415273725
7164,0.9976217919820275
7165,0.021451755335433684
7166,0.0861224904161264
7167,0.611409333835946
7168,0.9921960272600415
7169,0.2059360252846599
7170,0.9839183253751682
7171,0.47612259051958317
7172,0.9674114882415671
7173,0.9541312210436654
7174,0.023501911965628702
7175,0.07492259075412705
7176,0.5352397916138933
7177,0.8793258755563849
7178,0.4485022528728731
7179,0.010427546629528555
7180,0.04515397331197826
7181,0.1664837623719042
7182,0.07123199656291039
7183,0.9435875851422323
7184,0.01667148653062248
7185,0.35039295670543225
7186,0.8731910852090573
7187,0.025074743007258926
7188,0.788567613739115
7189,0.6040033523539892
7190,0.04201895799851405
7191,0.09237520362995584
7192,0.025912748367784236
7193,0.5399253400401753
7194,0.03167888822359188
7195,0.9905003434779429
7196,0.01957696880368232
7197,0.005378383649426788
7198,0.03255532073133805
7199,0.13979391679271017
7200,0.030434099583400428
7201,0.04553360089133154
7202,0.11447667321790768
7203,0.017729751256392024
7204,0.16465641061613076
7205,0.1280337078354348
7206,0.8556703176264859
7207,0.9758111068666935
7208,0.7546038776764
7209,0.7272912468525167
7210,0.8724141688883317
7211,0.02668631528391843
7212,0.16873726794786245
7213,0.9863717734340348
7214,0.06395600794823873
7215,0.02852547165624199
7216,0.022660724595748322
7217,0.24864886957267043
7218,0.05615693704129118
7219,0.006607585354096568
7220,0.555160991347674
7221,0.450955556392187
7222,0.0021274213800807906
7223,0.974616492424054
7224,0.9544872066676029
7225,0.07939822772371968
7226,0.019714065758157723
7227,0.01250514701130936
7228,0.2280808792024233
7229,0.12941466885386502
7230,0.9648914399281147
7231,0.04310883386977917
7232,0.28685727071689654
7233,0.051498854814346566
7234,0.9851858025554573
7235,0.05937453493678805
7236,0.022150431313310542
7237,0.30815070328305977
7238,0.6553386764108721
7239,0.43693725200664185
7240,0.003713055999446864
7241,0.383495217862683
7242,0.21098090647369291
7243,0.016510396206108644
7244,0.9545133662508961
7245,0.08383727712024132
7246,0.0592332143211296
7247,0.07560970869365012
7248,0.9580530306796392
7249,0.19391764171853074
7250,0.0063042699073652024
7251,0.45080819128780036
7252,0.2575219688944405
7253,0.378535346763124
7254,0.06375951856847364
7255,0.14559242319884014
7256,0.619788818447634
7257,0.649880059662789
7258,0.08802827161949123
7259,0.0646551653752861
7260,0.7388737185759687
7261,0.9619655282376159
7262,0.04984763630245733
7263,0.9410205385080221
7264,0.04099845056371391
7265,0.16597331973953902
7266,0.0604196831300039
7267,0.021311453688477023
7268,0.005505171239358884
7269,0.0651148584976387
7270,0.018946745994596104
7271,0.029158982921256044
7272,0.35568148985753695
7273,0.09014238968829898
7274,0.008450861937567014
7275,0.9145514449634432
7276,0.0031323831439515233
7277,0.04026221665526878
7278,0.1595951187813183
7279,0.05255451604847225
7280,0.049648566700525414
7281,0.796682429540137
7282,0.9597825919925027
7283,0.05329977193093558
7284,0.30831421175078105
7285,0.10506463129676358
7286,0.2018642593947959
7287,0.0020600820046366027
7288,0.9534834607899212
7289,0.9523156078486908
7290,0.021297318125504835
7291,0.10493357894912538
7292,0.06318564433078548
7293,0.599738778823784
7294,0.1694255886273659
7295,0.03146964128686477
7296,0.015115522897857378
7297,0.48356745161984066
7298,0.8603560231019897
7299,0.7833135670089395
7300,0.2755082994158023
7301,0.9025513165685607
7302,0.9727962010768182
7303,0.45498137022216345
7304,0.04830789220759044
7305,0.1399351264909563
7306,0.11110361248737068
7307,0.0970977481876522
7308,0.013496925934125922
7309,0.0042509459160976195
7310,0.10708927498166654
7311,0.9689649371689555
7312,0.01371865949415915
7313,0.7312294856737704
7314,0.04017904717482906
7315,0.006728624129141779
7316,0.09304250917866776
7317,0.12216808819906637
7318,0.06917718009891256
7319,0.6482815393128655
7320,0.03598969679413474
7321,0.9076392468142812
7322,0.004570536600714068
7323,0.030122374472244664
7324,0.873748545945972
7325,0.03738336741915619
7326,0.025991336140977397
7327,0.3590281996934625
7328,0.9790541678359744
7329,0.0027371825562112115
7330,0.9569925756146889
7331,0.08048434280064051
7332,0.05301505189187453
7333,0.11379118296624098
7334,0.06970488940218102
7335,0.05824140280383372
7336,0.13940647345978802
7337,0.042584930432813084
7338,0.045139533326215675
7339,0.06964895652432432
7340,0.11325444630474667
7341,0.6642634527799197
7342,0.020763980743313287
7343,0.9878769094341647
7344,0.0719404658010291
7345,0.012852411849544387
7346,0.957355346065825
7347,0.14807392676754208
7348,0.006903566661331129
7349,0.9623476479535654
7350,0.5285346434971911
7351,0.9976456498506473
7352,0.4362093967534763
7353,0.04001746717163076
7354,0.09330022208314243
7355,0.02274251930114683
7356,0.8741628894886535
7357,0.00542884257393329
7358,0.03497437226280983
7359,0.15085068516550618
7360,0.08376652915382615
7361,0.0104415939120362
7362,0.025373623105079558
7363,0.8475137198964404
7364,0.034410240898542346
7365,0.027274665633690492
7366,0.009536923629816006
7367,0.296354200956187
7368,0.055765964426625236
7369,0.010946744525341738
7370,0.07170165134657568
7371,0.04634535497905365
7372,0.016846298554615852
7373,0.04444084657557489
7374,0.4752183191790446
7375,0.9820494737374911
7376,0.3920053814050341
7377,0.006017474393464807
7378,0.9412592046465408
7379,0.841751206693749
7380,0.5612169231862193
7381,0.006497700081316968
7382,0.03230244598478196
7383,0.003931823460900571
7384,0.012288500301870375
7385,0.9922925125727545
7386,0.07021430424509022
7387,0.9891600794681165
7388,0.002430558564980261
7389,0.9129775378637403
7390,0.5641764739340512
7391,0.053071369208502674
7392,0.07745763864674916
7393,0.01972342483224521
7394,0.011447731250674097
7395,0.8108030225777823
7396,0.99786667758086
7397,0.01908681599154455
7398,0.1007293320374737
7399,0.02286803648127862
7400,0.012621393624048025
7401,0.00895570942032622
7402,0.007908692848843888
7403,0.14814287879691704
7404,0.00892771300970228
7405,0.12185491182244175
7406,0.9478506328864066
7407,0.00908736270116712
7408,0.11599525050645476
7409,0.04367020441660399
7410,0.12048313416019159
7411,0.12636317663479657
7412,0.9970045402873796
7413,0.1666392849659508
7414,0.019055307523544226
7415,0.9979289985873457
7416,0.36218526924501115
7417,0.7444001545071628
7418,0.012402105286422346
7419,0.8923652203733573
7420,0.9252615942080112
7421,0.9153395301214795
7422,0.08346927951962392
7423,0.34151100635828185
7424,0.13408988364626193
7425,0.14920487421531578
7426,0.02407969759555263
7427,0.9698720552981982
7428,0.13434675266719356
7429,0.8310986336961265
7430,0.9685528492403939
7431,0.034887147182738026
7432,0.02221481834344392
7433,0.3635350560579007
7434,0.39162900707848314
7435,0.5353810763486594
7436,0.9498142207389773
7437,0.05182456834729554
7438,0.9699718092637978
7439,0.06336407996282718
7440,0.0031259146580625095
7441,0.9337329592355591
7442,0.014795667853837083
7443,0.07773250491204622
7444,0.11714853458558898
7445,0.9843217241917572
7446,0.21186627668834448
7447,0.9631628831914982
7448,0.449550595617674
7449,0.7524502777908092
7450,0.26745211283480624
7451,0.24716400423020657
7452,0.023150683285897783
7453,0.9599486393357358
7454,0.023732103765575042
7455,0.1650361864115065
7456,0.14647019528629784
7457,0.06048076985179921
7458,0.04281940196391724
7459,0.22245155526337632
7460,0.035797458732707635
7461,0.04512617938267304
7462,0.7141298702586271
7463,0.12398116040125444
7464,0.10755454704828844
7465,0.003842719266218658
7466,0.006386069279455884
7467,0.7569380392024199
7468,0.26051290678760264
7469,0.023819739188850057
7470,0.2562568206752184
7471,0.5845924146901199
7472,0.24564325714771984
7473,0.012639178310580845
7474,0.0150000325963082
7475,0.05259675971536082
7476,0.005047622822287472
7477,0.02621012162566418
7478,0.0025276168390123235
7479,0.009638579950409381
7480,0.5545463365073117
7481,0.08906319958211213
7482,0.006215186106903979
7483,0.9974610436267586
7484,0.020910020170507856
7485,0.011136282960704473
7486,0.13011237421545646
7487,0.12745410449028136
7488,0.05014487970017775
7489,0.06170247716025588
7490,0.0019741735303434546
7491,0.2861275225348543
7492,0.08617591840694254
7493,0.06499490553902589
7494,0.005127900338567527
7495,0.034735525985365785
7496,0.10803449109625136
7497,0.03722754218758122
7498,0.02412715959132696
7499,0.005490436618575252
7500,0.056752564139729435
7501,0.38017463919089095
7502,0.47371073397894264
7503,0.8228937019947353
7504,0.011855243410813237
7505,0.05746103858470574
7506,0.0213956939138171
7507,0.01641889601135002
7508,0.5332383448589064
7509,0.15838037615153824
7510,0.9481644712730034
7511,0.052164026517383444
7512,0.09194173813198869
7513,0.005829032370824734
7514,0.03571727198265498
7515,0.3339305992970057
7516,0.04922961528357486
7517,0.019249827264306702
7518,0.023443064066518776
7519,0.9353661172091415
7520,0.13256357988832906
7521,0.0070867360836977195
7522,0.01866187216184446
7523,0.9176590164968704
7524,0.23914430432536984
7525,0.9760375774826263
7526,0.012484732479481994
7527,0.9978712572430851
7528,0.18755891575116376
7529,0.10365641306203388
7530,0.059508413350207734
7531,0.0025131997298841685
7532,0.9683007367955052
7533,0.1502004816727711
7534,0.01490527914752652
7535,0.9013790435083351
7536,0.8872708792339532
7537,0.24134310399405082
7538,0.004283474026867847
7539,0.01159148253534148
7540,0.7061629843585387
7541,0.038014385042334065
7542,0.9476653508173795
7543,0.13610671307002986
7544,0.04811391842225255
7545,0.9856712476800168
7546,0.9976919216522618
7547,0.11683785253367505
7548,0.07817926381387352
7549,0.1208991341167263
7550,0.027262602224173857
7551,0.973483942601966
7552,0.34705158735253994
7553,0.3207191468633649
7554,0.24929682147745083
7555,0.8588773982882353
7556,0.2365829061211113
7557,0.00986758322098995
7558,0.2288714773556754
7559,0.1251026965055501
7560,0.6890681651861862
7561,0.1067673633752228
7562,0.07302931727673803
7563,0.0362460665418339
7564,0.4844357774311115
7565,0.07031623469846372
7566,0.6001465901897521
7567,0.8547034214570765
7568,0.12942381596057326
7569,0.9771637569268744
7570,0.19685760921381087
7571,0.0198921690827743
7572,0.021090592396026436
7573,0.012465492554042548
7574,0.0376246172755978
7575,0.24987371345421358
7576,0.021248735493575355
7577,0.1051176830982088
7578,0.008950973202281646
7579,0.777103488341493
7580,0.9851664557056837
7581,0.08871136785192452
7582,0.5299819647785732
7583,0.9108945699280965
7584,0.008866014699482241
7585,0.4844768366321824
7586,0.05756506647317714
7587,0.7832776391450719
7588,0.0029633354663822563
7589,0.9668243569203936
7590,0.3572272736745035
7591,0.09271218901205884
7592,0.027770006519017582
7593,0.017603648215393213
7594,0.05680644545363888
7595,0.9946356202667287
7596,0.017102108538702917
7597,0.7400043841149236
7598,0.578351886884715
7599,0.07407501902671113
7600,0.022396442138240397
7601,0.0075322063361395256
7602,0.015825472847921424
7603,0.9221409307485863
7604,0.03294934755143708
7605,0.16251837318831225
7606,0.8879532790696155
7607,0.338512090489961
7608,0.027467127745001024
7609,0.0065146532648988524
7610,0.1361278952994781
7611,0.01330175621078486
7612,0.05130510796813668
7613,0.048514664177341606
7614,0.094609118065142
7615,0.8288282239004131
7616,0.39468063865523995
7617,0.022497441061633924
7618,0.23192463444010095
7619,0.24805540587841382
7620,0.02371809707971642
7621,0.12365557807359723
7622,0.9735447251697854
7623,0.9923724853481245
7624,0.054700993286246107
7625,0.11800954577438628
7626,0.17816466331542682
7627,0.9830222088151213
7628,0.890626149730997
7629,0.12556958078820676
7630,0.9648718895915427
7631,0.03641815928119884
7632,0.24932811561439103
7633,0.35974283453579564
7634,0.002660095229289766
7635,0.24076383421707834
7636,0.3121024887456576
7637,0.4238747590003225
7638,0.9455280023973502
7639,0.0066445836653468105
7640,0.048568613891012434
7641,0.15567529871689245
7642,0.07937723212610774
7643,0.03994563642754818
7644,0.00326174965195823
7645,0.17931787990586714
7646,0.05651779953517708
7647,0.0644599959361734
7648,0.0035077413406631244
7649,0.012989850356048568
7650,0.9783101928965093
7651,0.9902130224343758
7652,0.6283848530884282
7653,0.0101852665804702
7654,0.051153039212309216
7655,0.9890674757055775
7656,0.4435217664998377
7657,0.4641419854804365
7658,0.11059205337374396
7659,0.39765661431609756
7660,0.060675591162317244
7661,0.03955505327999143
7662,0.016682600127349012
7663,0.25754225857483265
7664,0.4996944390531109
7665,0.002550971893431593
7666,0.01776529454087769
7667,0.028466787961594183
7668,0.03744795900153177
7669,0.08039841214818734
7670,0.34154578521824813
7671,0.704819549730225
7672,0.8222781916146781
7673,0.942507257830297
7674,0.055081960344394526
7675,0.23683096817821414
7676,0.1156488571334054
7677,0.183612840664406
7678,0.3153937102393393
7679,0.033218431614024484
7680,0.005699656625792381
7681,0.0018275274714181775
7682,0.00379541446407571
7683,0.8906088854304852
7684,0.01912611502059236
7685,0.9583171624311381
7686,0.9974251769869878
7687,0.006836781839281669
7688,0.052422514517713466
7689,0.8092128717850652
7690,0.016221044299138263
7691,0.01402842013838712
7692,0.16621764713064535
7693,0.16163923538206593
7694,0.5745280790211406
7695,0.00585651608628214
7696,0.11905555205956869
7697,0.4711358921780633
7698,0.0040123951915208254
7699,0.0758416422193166
7700,0.015286155243453626
7701,0.17333735251609741
7702,0.3691276014624965
7703,0.9564209728125374
7704,0.9544460052150313
7705,0.008765283989369464
7706,0.14404451385516104
7707,0.4398115396862508
7708,0.05125080808599002
7709,0.07430784638125375
7710,0.018645844473751692
7711,0.07206363659789623
7712,0.014661622635380386
7713,0.6146605941546408
7714,0.0030810549577320787
7715,0.2888160786951926
7716,0.003756569759600561
7717,0.05218628213050297
7718,0.42874925278213355
7719,0.8190485668918673
7720,0.16793455877841715
7721,0.029574924033920338
7722,0.05389727085852918
7723,0.23823140700542345
7724,0.033962755333629364
7725,0.05904227554059991
7726,0.6379777808913069
7727,0.9380333412518714
7728,0.028176621435398622
7729,0.7271570083245767
7730,0.8049905912703169
7731,0.2037426443311863
7732,0.9869091545207468
7733,0.00527806982532267
7734,0.048317379639017444
7735,0.13328374088910347
7736,0.00993065791115491
7737,0.2014674917001242
7738,0.16862877525561007
7739,0.13864249021187214
7740,0.9977861292336683
7741,0.9977784519618393
7742,0.012864596032142414
7743,0.40446658904993654
7744,0.9780473987078316
7745,0.9581741684407096
7746,0.04242727445118991
7747,0.92762584685131
7748,0.25986165817710544
7749,0.5307829150733531
7750,0.011550410566721897
7751,0.062823638051329
7752,0.9837136669523217
7753,0.2330629609486529
7754,0.015794145566977995
7755,0.5029694471052766
7756,0.4622569995926776
7757,0.08884653914694458
7758,0.8082388287323147
7759,0.05334864093179045
7760,0.07156997894969297
7761,0.616746852724615
7762,0.11941449139957232
7763,0.1549636804575232
7764,0.05392659144111991
7765,0.05087991148174261
7766,0.006143128341932547
7767,0.052627183418372026
7768,0.9977285444997869
7769,0.8706657105459952
7770,0.5174025943933155
7771,0.25930432087553607
7772,0.009503063497964754
7773,0.1647381871153422
7774,0.9299690202792007
7775,0.7903884199188047
7776,0.020690698595166354
7777,0.16291396947721457
7778,0.9624545187918129
7779,0.8733880228784777
7780,0.07421770927656396
7781,0.11133228463220383
7782,0.7942399044154921
7783,0.06501847163014542
7784,0.05079634571542816
7785,0.9969106034336265
7786,0.8306740649693601
7787,0.9563692768617881
7788,0.9844390295743621
7789,0.3081959803391926
7790,0.955777189632076
7791,0.9936148792658069
7792,0.9482480948686683
7793,0.2851533059456169
7794,0.9906463758914955
7795,0.49356823879409334
7796,0.041353840319947203
7797,0.03247080692258758
7798,0.04310052957447511
7799,0.9976223129924494
7800,0.5107754493251447
7801,0.3658532975877318
7802,0.011870247862358506
7803,0.004319570584338472
7804,0.007144371686011133
7805,0.08976376064743513
7806,0.8090539947084171
7807,0.9507680101220126
7808,0.6997830734154414
7809,0.017942618190924582
7810,0.9765247150680257
7811,0.9482691726558047
7812,0.06882881201853697
7813,0.9683667825039541
7814,0.9913983549650034
7815,0.25803084390304026
7816,0.2527207323642751
7817,0.0022210083429197295
7818,0.002422659736086822
7819,0.0841350277837171
7820,0.04402473979810764
7821,0.0033049229911553124
7822,0.08611719442804178
7823,0.977819179352081
7824,0.005873627654826206
7825,0.9765008957814182
7826,0.618148403784004
7827,0.1260059774455463
7828,0.9801733745746276
7829,0.9410092804266896
7830,0.4478797479807947
7831,0.9291026554938068
7832,0.08116829578121272
7833,0.9982079716228264
7834,0.017570947848185737
7835,0.074975141668493
7836,0.9872485354000181
7837,0.02781380477958142
7838,0.022911509733138092
7839,0.03281120040880348
7840,0.9705750299656524
7841,0.012972522347820849
7842,0.2849146748866406
7843,0.03367646450231372
7844,0.9070938109361265
7845,0.009018553737846996
7846,0.5544692097492473
7847,0.0035517555797380264
7848,0.37919716584981505
7849,0.7631948028751155
7850,0.1904223638344793
7851,0.0033814395934089036
7852,0.7684334508548117
7853,0.00952250483143448
7854,0.1610104400096044
7855,0.9717235288188656
7856,0.03129562719779282
7857,0.024636962962987757
7858,0.02164696487826001
7859,0.9633354715000713
7860,0.18603317791732946
7861,0.48971867484990445
7862,0.23375145086498586
7863,0.07472326125276228
7864,0.08176361350718507
7865,0.012587818621299082
7866,0.9244495607812718
7867,0.007790770069380354
7868,0.7540736772481841
7869,0.8103722245434302
7870,0.5769223981417521
7871,0.07383165682800465
7872,0.248000824662348
7873,0.9653667132123523
7874,0.9691302128365148
7875,0.024905541425578038
7876,0.12027383158518472
7877,0.8537930226061675
7878,0.9974302915564012
7879,0.9160553015542382
7880,0.9915658423034617
7881,0.37151742668028076
7882,0.9855678512941841
7883,0.5307329826007327
7884,0.009933711976759303
7885,0.06936347030015792
7886,0.008856352566135787
7887,0.03966851113695118
7888,0.8811387391107344
7889,0.024834029022613613
7890,0.9234351449070538
7891,0.022031916388658947
7892,0.1892110251097192
7893,0.6367981939630383
7894,0.0020634804526302665
7895,0.09104005975652547
7896,0.02863452718097136
7897,0.03402405918807193
7898,0.060271148388607754
7899,0.10715418092291229
7900,0.4679983990441267
7901,0.09769921241195338
7902,0.010316582800314859
7903,0.8483345914447643
7904,0.003301586392715158
7905,0.07993849377803756
7906,0.27680394547908055
7907,0.6594874062093158
7908,0.627002904103846
7909,0.05602056684601792
7910,0.03217664954056082
7911,0.9914200137120631
7912,0.0409614850954559
7913,0.008520301271417285
7914,0.017207358104685794
7915,0.8521527729873513
7916,0.02552244181003192
7917,0.7369259143278852
7918,0.215088763589087
7919,0.14009251650215918
7920,0.934251594098686
7921,0.10139840164140497
7922,0.06656018751419229
7923,0.007172803857915205
7924,0.026106942745902934
7925,0.20483064639395132
7926,0.1930335843439115
7927,0.07061837595340038
7928,0.16173287349065377
7929,0.17251747317268654
7930,0.9404266451023711
7931,0.005888956538262977
7932,0.02706540885421652
7933,0.021537840432946886
7934,0.004861541451351901
7935,0.2527829551340821
7936,0.0672940412212195
7937,0.12822374913244175
7938,0.11533898452767732
7939,0.06763775235651966
7940,0.16687533715639927
7941,0.021142109074977655
7942,0.020177251352045043
7943,0.17360519831026852
7944,0.05616790046810899
7945,0.010119894401756173
7946,0.280001116782651
7947,0.09508882744057608
7948,0.19289339757681676
7949,0.9829572975176193
7950,0.05353369347485331
7951,0.873602528532583
7952,0.9056449769962368
7953,0.4180489987543295
7954,0.07363604516841807
7955,0.26083427749911775
7956,0.14313065400293856
7957,0.019140828543662693
7958,0.2192469713197164
7959,0.047761485380626474
7960,0.02072237357130843
7961,0.05594303254114685
7962,0.018931539038878464
7963,0.5123214662509747
7964,0.33685307331480213
7965,0.025953842931127666
7966,0.9379203109155615
7967,0.02521159052375591
7968,0.6438543293306602
7969,0.013368590182760166
7970,0.99046877757769
7971,0.002043708770199598
7972,0.00942364881356874
7973,0.026070677055187116
7974,0.004911694638295011
7975,0.16147420921929367
7976,0.5719460826595179
7977,0.023289893734336306
7978,0.9216235222613077
7979,0.02740681714715115
7980,0.7643096201598042
7981,0.11564865545426818
7982,0.06143038271444956
7983,0.22239100390368302
7984,0.007146382322951968
7985,0.016186202757265927
7986,0.02425890206510395
7987,0.028583714039602724
7988,0.08275648075806907
7989,0.006112246507708407
7990,0.3346929128540969
7991,0.9814610492227672
7992,0.33118579448729246
7993,0.2104758621098919
7994,0.9496225299718036
7995,0.02609142688657559
7996,0.6298967571271478
7997,0.9391144443441798
7998,0.06992073984124059
7999,0.9861762405139177
8000,0.00999383211381906
8001,0.027379036336788055
8002,0.68638911212468
8003,0.04367145808005459
8004,0.16451828796675952
8005,0.12053952664157201
8006,0.1951816515490398
8007,0.13961945098172032
8008,0.3851243388549021
8009,0.006720343317228259
8010,0.08190741380379483
8011,0.2728612250196168
8012,0.3174913291917661
8013,0.29774759603903284
8014,0.9921612590566088
8015,0.07336554065234947
8016,0.05166692695064343
8017,0.17042983882802934
8018,0.7980181104699401
8019,0.026348203189031093
8020,0.002533145926492853
8021,0.02359512209657808
8022,0.03961861067576074
8023,0.05772057709656036
8024,0.8452545679288238
8025,0.014169398076957773
8026,0.863480935361553
8027,0.005370588947166199
8028,0.3430151539366002
8029,0.10779507209694605
8030,0.2597697925720373
8031,0.8504034453625463
8032,0.017877718205728237
8033,0.002999896409213629
8034,0.13581515952060264
8035,0.372750112141688
8036,0.002605331764340782
8037,0.01803791545578022
8038,0.04291024322267032
8039,0.00623173422160955
8040,0.010061571932536357
8041,0.08678707898729805
8042,0.8648439005144932
8043,0.8307017345125427
8044,0.013701821855356615
8045,0.062197834531586026
8046,0.020501534762133098
8047,0.33384236697213354
8048,0.9976649770579981
8049,0.028405976290835955
8050,0.36380010550998226
8051,0.9345423923551978
8052,0.0057345097647477266
8053,0.9881005841682254
8054,0.008298375035316729
8055,0.14817899769974796
8056,0.9784654221158985
8057,0.9808089253081551
8058,0.10238831588265951
8059,0.0803032364304553
8060,0.0015345397159718342
8061,0.028576757189984942
8062,0.4269698186658746
8063,0.02568006925667225
8064,0.11399838379970613
8065,0.7601440170868704
8066,0.2230074978159576
8067,0.593627204227979
8068,0.01563302697339962
8069,0.10659308823782088
8070,0.440609137898899
8071,0.8917410128448217
8072,0.16849111331237895
8073,0.970796432413214
8074,0.8910536814644271
8075,0.0038678936968226355
8076,0.9884293508944685
8077,0.9890595757695059
8078,0.06528949256661905
8079,0.9891432519318624
8080,0.08137773199530622
8081,0.10787096589571132
8082,0.005102865357492033
8083,0.893779212641394
8084,0.00265545151690632
8085,0.5629396541386061
8086,0.00530853036219226
8087,0.005859057200540495
8088,0.04687482755075373
8089,0.9028162321719204
8090,0.049068003216371864
8091,0.9923284044046786
8092,0.956219199548478
8093,0.05084123823538026
8094,0.7326102842064127
8095,0.028684692222494867
8096,0.9925656949827367
8097,0.057030393196433084
8098,0.00309339119324996
8099,0.6902333490464527
8100,0.10459014614432412
8101,0.2594031087962357
8102,0.0037485786401206447
8103,0.009091381554627818
8104,0.9550637199255805
8105,0.17543257023127468
8106,0.0024795131108466977
8107,0.34506441375352254
8108,0.8264749655548426
8109,0.9405619253417291
8110,0.13989717751775818
8111,0.004703061972469928
8112,0.9515112203118457
8113,0.04928553978430613
8114,0.036572068787202004
8115,0.1660638465129648
8116,0.9848252547400843
8117,0.8887576919870027
8118,0.19984228534002788
8119,0.10462781288599464
8120,0.05137119105894036
8121,0.0029022722371688688
8122,0.9815346781471249
8123,0.01745166070184744
8124,0.07569370648214634
8125,0.04056974565301121
8126,0.5134155227203799
8127,0.9872135298847041
8128,0.21691225710254539
8129,0.03703536272768305
8130,0.7147063961904903
8131,0.11355181191897797
8132,0.0041577389703340946
8133,0.05590810465797084
8134,0.926793903134619
8135,0.7891470897059384
8136,0.06788655111401594
8137,0.0516476585267188
8138,0.009543370041992546
8139,0.042502404230933606
8140,0.008483162175139442
8141,0.03159186910272845
8142,0.5426474138395235
8143,0.09108540017761069
8144,0.20584752952602017
8145,0.3074003583424927
8146,0.01680103965256194
8147,0.33833998540640176
8148,0.056451575720665136
8149,0.4149683356978304
8150,0.041467346765451246
8151,0.9859288288832532
8152,0.680851067575584
8153,0.01786357984819763
8154,0.07549881486918665
8155,0.21412427248847052
8156,0.03622896871680946
8157,0.07495167010918984
8158,0.20064051437818123
8159,0.006219493173140966
8160,0.8073892281214007
8161,0.1512369568155845
8162,0.014241105735593557
8163,0.00868790992896012
8164,0.38546043626338006
8165,0.01016918880088389
8166,0.13462255620763905
8167,0.9916990227909155
8168,0.08018739926082537
8169,0.9088533196916625
8170,0.2450203676310013
8171,0.039242981045525406
8172,0.30005360852468593
8173,0.7657575152092754
8174,0.08032154148599666
8175,0.7910165292950834
8176,0.11289508452509207
8177,0.12021317612534048
8178,0.43519683612587423
8179,0.06876273703810025
8180,0.002762210790423007
8181,0.21790341606580577
8182,0.9536137886479757
8183,0.4669182857582179
8184,0.029408038527455615
8185,0.023760797043550292
8186,0.4226421139447935
8187,0.6044173140091806
8188,0.9777771638242788
8189,0.14241510703462054
8190,0.1828819453969129
8191,0.07933032189714116
8192,0.9599050095628637
8193,0.027170307391312334
8194,0.038067549486845785
8195,0.038242116050735214
8196,0.9690765110917642
8197,0.17698471008784974
8198,0.37115990875652444
8199,0.04498529864529416
8200,0.4700388930039763
8201,0.1605968225913729
8202,0.012248726330947304
8203,0.25892584991333173
8204,0.736108912162433
8205,0.10506860486435825
8206,0.055380383609710725
8207,0.1618853487841996
8208,0.988737638965652
8209,0.7015554721259081
8210,0.3098250937940768
8211,0.04161424514597536
8212,0.004457866062999215
8213,0.004858396749333014
8214,0.8866366476949877
8215,0.09513863869593091
8216,0.041722482795445846
8217,0.4216213542492899
8218,0.22473579324828466
8219,0.013271349823751699
8220,0.06134284589001243
8221,0.8553136924942247
8222,0.02888645701109306
8223,0.1393358973541323
8224,0.18192075359818352
8225,0.47413359144309736
8226,0.2584813493225193
8227,0.012695698497030151
8228,0.025200828139976168
8229,0.002956790886927524
8230,0.20718630799731644
8231,0.02560606028733432
8232,0.9976582002553206
8233,0.03195836241282949
8234,0.22128863120740835
8235,0.9770038757155376
8236,0.9838066518604388
8237,0.008275432755137249
8238,0.03372954692493429
8239,0.0360221422699257
8240,0.921362135037862
8241,0.9935114553525491
8242,0.017674940253344984
8243,0.03993389420087885
8244,0.1080085936821873
8245,0.1437644326942243
8246,0.10107750434903684
8247,0.9875379690595582
8248,0.3528570972563512
8249,0.4980186004920511
8250,0.29429032771130936
8251,0.057170747692328994
8252,0.2554637176226791
8253,0.31971961898332324
8254,0.106446303339032
8255,0.9469337044409584
8256,0.17957459024116207
8257,0.002053374435565586
8258,0.6337986026405883
8259,0.2649077357445016
8260,0.00337735707132151
8261,0.007394516232453466
8262,0.2136521473121963
8263,0.053036226703553485
8264,0.00543334448282327
8265,0.03999464924576435
8266,0.1499668382489088
8267,0.9655971289653
8268,0.057438962592133234
8269,0.6146153786651415
8270,0.02225186509148111
8271,0.34354169826538894
8272,0.15010221008025226
8273,0.08980216794614827
8274,0.07624003937805722
8275,0.9718716861906911
8276,0.11365808455201254
8277,0.18643753412046582
8278,0.07380763102528985
8279,0.07780382656548047
8280,0.10420897130898694
8281,0.0021365646088647937
8282,0.027162342110859328
8283,0.99693652842542
8284,0.2360400297357481
8285,0.9650940302687836
8286,0.040202935569101435
8287,0.016493821133622473
8288,0.7907514014232392
8289,0.42639513581550087
8290,0.02791004243901356
8291,0.01836754340899153
8292,0.004764106910250349
8293,0.11271180685478666
8294,0.2836250144007401
8295,0.5514209350524041
8296,0.019666285777199626
8297,0.8994806574178833
8298,0.4729349300869831
8299,0.9843804481140918
8300,0.04771396807684206
8301,0.008153359731540596
8302,0.05667686258393737
8303,0.024550572537205034
8304,0.04380918184544356
8305,0.014444848130665973
8306,0.35549074437755634
8307,0.9779594632967004
8308,0.003658185506388354
8309,0.15186353583983433
8310,0.14182526885406047
8311,0.9784750201836476
8312,0.8765140823392027
8313,0.3836317427846278
8314,0.06722272605707348
8315,0.9882916817204785
8316,0.8176817438252856
8317,0.026599847846003024
8318,0.008911911121054815
8319,0.02309047846137287
8320,0.022832157596416314
8321,0.023476185452125656
8322,0.40825549941497125
8323,0.10295430319493463
8324,0.027803290882687248
8325,0.009130363280921594
8326,0.7454642597539048
8327,0.020842886413923917
8328,0.03450272469857167
8329,0.31214867819885106
8330,0.9897422259545087
8331,0.1652456607477826
8332,0.29082013039231397
8333,0.0025068980795493767
8334,0.6148794361523894
8335,0.9623132994325873
8336,0.6959372356245282
8337,0.061700230617523534
8338,0.005681194561259152
8339,0.05046664459916352
8340,0.10068528484964274
8341,0.2490113348539471
8342,0.961000803054518
8343,0.039752572713220385
8344,0.9658338363890347
8345,0.030838849999569318
8346,0.9223634929185899
8347,0.07315595522313713
8348,0.11385937093218605
8349,0.234805433770355
8350,0.1544870128642318
8351,0.023912576620672588
8352,0.9625697067795368
8353,0.7402006027509739
8354,0.0026801301989392043
8355,0.9225291722779086
8356,0.022729349413097493
8357,0.3883393262305422
8358,0.11432659760783208
8359,0.6353595007375584
8360,0.9865643484453095
8361,0.25145195019347866
8362,0.919116463321112
8363,0.13270148873942955
8364,0.9973319657693559
8365,0.6274767434015823
8366,0.020309659761509263
8367,0.4435540947487941
8368,0.873584520090832
8369,0.005820285623238196
8370,0.0812031035079941
8371,0.7421249035026651
8372,0.06464983103636558
8373,0.7095546734118084
8374,0.2402027295110877
8375,0.3233042129144243
8376,0.05627348816510596
8377,0.02580424992056059
8378,0.3897346164378101
8379,0.00946825589067086
8380,0.47062841101862035
8381,0.6526587472633071
8382,0.9980578717804883
8383,0.015335477808440757
8384,0.005692425109458553
8385,0.04303250092050843
8386,0.9418192162505375
8387,0.9562321422817863
8388,0.16836275369794163
8389,0.10848821873018799
8390,0.002285001513691066
8391,0.03604442927297114
8392,0.0067200689999365
8393,0.6845522061515618
8394,0.3734589994724667
8395,0.11670158359316925
8396,0.071020009968517
8397,0.9971720215460724
8398,0.9676138573618113
8399,0.07207802450768187
8400,0.09556320009003
8401,0.6015404619909526
8402,0.9306840744605559
8403,0.6657981655287325
8404,0.029746474168408216
8405,0.9302619348512909
8406,0.16949720453239633
8407,0.9649304574951114
8408,0.0031016542557420965
8409,0.02236131857180083
8410,0.06567633561133945
8411,0.12600726653693053
8412,0.09060796488205276
8413,0.060861340455989586
8414,0.008665052236134818
8415,0.43138334133801
8416,0.0030740884527304126
8417,0.0601064865648649
8418,0.017303943034957952
8419,0.8557537422323686
8420,0.006431594186955045
8421,0.997698933614858
8422,0.03564234282760772
8423,0.3529199007067238
8424,0.003642309065265073
8425,0.4219396389800747
8426,0.9977646243974027
8427,0.4929336959845305
8428,0.9745719624835747
8429,0.15880183778287163
8430,0.03636245607488306
8431,0.2618859591526718
8432,0.026127483060125984
8433,0.9019587010081883
8434,0.17525944711901162
8435,0.04856433635454268
8436,0.8920745670495539
8437,0.8867249764187829
8438,0.024114612354416906
8439,0.12454008289800056
8440,0.01786724839750907
8441,0.5389714928361822
8442,0.009863638339179213
8443,0.22995013942601142
8444,0.037186292583043366
8445,0.00563060427405887
8446,0.03583581105983793
8447,0.15283796322704027
8448,0.04218683723371199
8449,0.6392561742146684
8450,0.011083087987484917
8451,0.06748098225172526
8452,0.0019739847598191657
8453,0.998006019179114
8454,0.6344081805062042
8455,0.1131417997935602
8456,0.6832009944498258
8457,0.1330585379144582
8458,0.9947045082389033
8459,0.2744449302529834
8460,0.19454915839305784
8461,0.05798013883591865
8462,0.032472896017802594
8463,0.041231741221580874
8464,0.07482717770932079
8465,0.01250699389472489
8466,0.8673519441253067
8467,0.0037330210462005985
8468,0.6228366878650844
8469,0.10959698261485118
8470,0.03220197305002709
8471,0.9768128439890101
8472,0.9914543841329957
8473,0.05025603363186252
8474,0.010972126421268371
8475,0.9281114422149429
8476,0.13274522402910272
8477,0.263067380604544
8478,0.6930515733439836
8479,0.007940276020495405
8480,0.0059506584963010785
8481,0.00500171963153167
8482,0.018766501755392576
8483,0.008202325172116963
8484,0.29799030490326534
8485,0.18495924748151235
8486,0.11189703829704935
8487,0.06652297372495093
8488,0.0023212341904652128
8489,0.8385887219313725
8490,0.08976172421706878
8491,0.8972188192690433
8492,0.6496785375232985
8493,0.010301031305504669
8494,0.03737684420904661
8495,0.9780698579760781
8496,0.12062082047476297
8497,0.04697542968443496
8498,0.11316572608088536
8499,0.358731116252976
8500,0.02841484600082934
8501,0.1568929008359753
8502,0.06368020218948373
8503,0.9081159282198495
8504,0.03873328976596758
8505,0.012902374329027152
8506,0.04684417326806301
8507,0.052856249928686816
8508,0.052115703978037914
8509,0.017707397142282325
8510,0.03785120361897654
8511,0.019336317239934977
8512,0.03032638833158186
8513,0.008209416591667103
8514,0.03556833960166097
8515,0.27441429516852217
8516,0.027524414166072434
8517,0.04638932338024306
8518,0.17922310012090578
8519,0.018723609645447555
8520,0.010599308724663118
8521,0.0822041378110249
8522,0.9190153609183119
8523,0.12409390180799039
8524,0.988269954262269
8525,0.005516481867493729
8526,0.6827295137983495
8527,0.01627781525933875
8528,0.08528956501754797
8529,0.7260106964925003
8530,0.7982724677310281
8531,0.8700324332955857
8532,0.6020992804524027
8533,0.021723726992326275
8534,0.01511250878738416
8535,0.9932969862730049
8536,0.15598505281158492
8537,0.07343353462027608
8538,0.3286309694115111
8539,0.06648326695896156
8540,0.23165434926737918
8541,0.22477257995906516
8542,0.0519068501990092
8543,0.9869996112977698
8544,0.9792024610340331
8545,0.14625047867526034
8546,0.028587014220294027
8547,0.19099841925842323
8548,0.18974642881829787
8549,0.034101579345072436
8550,0.05495826346146535
8551,0.0858585421708928
8552,0.04322468670963645
8553,0.11090686564695307
8554,0.2536778740565958
8555,0.04046960432031254
8556,0.23888508630506888
8557,0.8281619683513268
8558,0.9781821955366173
8559,0.8038825317062241
8560,0.9689969968538484
8561,0.6541181473157471
8562,0.11936835582428411
8563,0.046043111053421674
8564,0.027025730519655428
8565,0.021140558620791772
8566,0.9091158953580077
8567,0.7554346791645744
8568,0.9493445613267139
8569,0.17532243502190972
8570,0.8373283106757915
8571,0.036723762125945386
8572,0.9977173662521416
8573,0.13550976794803138
8574,0.05726147650328794
8575,0.0829870496683271
8576,0.0042204789051849415
8577,0.8145300206111946
8578,0.9783549652001154
8579,0.06303655520270919
8580,0.6087741113419923
8581,0.37719212783663414
8582,0.012329586954577795
8583,0.5537061276771369
8584,0.7754339632001935
8585,0.02791243404247665
8586,0.06372828377222645
8587,0.06272836416686545
8588,0.19357127632323282
8589,0.01208365225371278
8590,0.5587802378527242
8591,0.9795201427800349
8592,0.092439483999832
8593,0.11905819444754784
8594,0.0046054823886878945
8595,0.9598235967594665
8596,0.5043208623081371
8597,0.009644869961521441
8598,0.8846914755037983
8599,0.9174543068091071
8600,0.07403184235939936
8601,0.07596369995043152
8602,0.049092319067954075
8603,0.16050224655896184
8604,0.8486509262493023
8605,0.02290014735487537
8606,0.0426896005933951
8607,0.37854413220727867
8608,0.9752683475065481
8609,0.03395273678855526
8610,0.040329840519239664
8611,0.792767552307246
8612,0.18178033901913745
8613,0.9803677712211073
8614,0.9519673047124756
8615,0.268451798300621
8616,0.0723266377926265
8617,0.04093189983544182
8618,0.6368874896005005
8619,0.05231109302912701
8620,0.10409160074886585
8621,0.9068824101015447
8622,0.08086818386433114
8623,0.9619890081426239
8624,0.017955282286015378
8625,0.08885376977271557
8626,0.026839336491771986
8627,0.03449980409365016
8628,0.4626078706259489
8629,0.009409587999976536
8630,0.8893729583615899
8631,0.12023732197980402
8632,0.08880526603167298
8633,0.9443350696633163
8634,0.19926161576649526
8635,0.6815898355067068
8636,0.9408410679952762
8637,0.9869012730727803
8638,0.020529237388877967
8639,0.3262802650863272
8640,0.020619810506604008
8641,0.1681316698047882
8642,0.0032839840797572336
8643,0.8824566509904684
8644,0.0050919572422440254
8645,0.00450430904026324
8646,0.3776867648166638
8647,0.2551995739270406
8648,0.05268596024582763
8649,0.42656797200113833
8650,0.002640766484174681
8651,0.011011076322909985
8652,0.788245398594874
8653,0.004586510591975614
8654,0.009772149483150859
8655,0.004136252656774857
8656,0.016051842547350873
8657,0.2696599767036168
8658,0.2015316141847838
8659,0.06627445909454716
8660,0.0037198775253042085
8661,0.2390376116907662
8662,0.0026480550623802137
8663,0.07682489983089404
8664,0.0021229755584151076
8665,0.007909656221499502
8666,0.9672617234747997
8667,0.032773455899384844
8668,0.032428043988630036
8669,0.3166429219558342
8670,0.0028598070288656657
8671,0.27837079969480477
8672,0.9267520665672633
8673,0.021377326010127044
8674,0.02956551568608365
8675,0.9760792310864864
8676,0.9180017547112689
8677,0.01565912519230633
8678,0.05448617198550931
8679,0.13708267313226122
8680,0.44750627559678957
8681,0.07914956686211488
8682,0.9526031903320659
8683,0.7757993033821221
8684,0.30474778140121167
8685,0.007471849495456329
8686,0.10052933947059746
8687,0.03252418781866801
8688,0.9741483975145316
8689,0.04540656024830426
8690,0.04783516368451931
8691,0.9663084995828628
8692,0.21414376002512267
8693,0.06266848834061982
8694,0.9979665634755968
8695,0.9913332870184964
8696,0.030691419849129018
8697,0.9596385638863824
8698,0.0790425127130211
8699,0.07840466843777831
8700,0.06289265138532689
8701,0.9583018539171336
8702,0.029149956138806787
8703,0.06426519446776731
8704,0.002163376659737214
8705,0.4812300431394419
8706,0.9979991680447049
8707,0.014601367263295056
8708,0.010106762098755098
8709,0.011144236887487677
8710,0.11397110158389613
8711,0.0264898542212324
8712,0.030407480329549225
8713,0.10274040041799437
8714,0.7638047999370589
8715,0.01657491369835267
8716,0.00842792352454032
8717,0.5024589001333833
8718,0.9245860002822616
8719,0.014918550325783595
8720,0.03512777011231179
8721,0.05036124462084359
8722,0.9608459010843272
8723,0.007045055088602116
8724,0.006658236597688924
8725,0.018695272309498304
8726,0.027090032766855284
8727,0.009930052252931663
8728,0.20376246979497248
8729,0.9974239905831789
8730,0.7503891840831057
8731,0.6660633350240442
8732,0.8398797004326903
8733,0.803265714582888
8734,0.0052620104880254
8735,0.05892297840759367
8736,0.784656970449487
8737,0.9256545453067142
8738,0.10827642134527656
8739,0.14898772902897786
8740,0.96973603296675
8741,0.983356403536329
8742,0.9956100561940544
8743,0.039976911869057316
8744,0.002576493280500161
8745,0.13937319646016694
8746,0.18646904102026607
8747,0.08292698878962683
8748,0.025317132260851066
8749,0.08409765169180416
8750,0.03197455649871894
8751,0.09641369592183031
8752,0.5677054397768445
8753,0.9209201559650495
8754,0.23408379346703534
8755,0.9679679639389032
8756,0.20040851603061535
8757,0.1523407125404521
8758,0.02966580617327136
8759,0.298412987731337
8760,0.008581855728607075
8761,0.8611167824214677
8762,0.022686765839162973
8763,0.989454573489052
8764,0.1768416507001593
8765,0.1848814233081533
8766,0.0042258676524072475
8767,0.12897266062383148
8768,0.01252677997130878
8769,0.0934907756472723
8770,0.031194654193070142
8771,0.0061349817431663525
8772,0.008143719779559197
8773,0.03153872535509228
8774,0.6710254688124238
8775,0.00564236557172802
8776,0.02982656819276326
8777,0.37693805135541897
8778,0.1387375480712316
8779,0.019063371360694296
8780,0.004924853655045948
8781,0.9784131658009878
8782,0.07202908221596478
8783,0.03026196942077447
8784,0.003541689990993148
8785,0.00963542365114598
8786,0.09876390300344277
8787,0.008079830212803256
8788,0.9845553096654904
8789,0.04371440867594992
8790,0.9443962043106661
8791,0.09379712565944336
8792,0.030951640472350855
8793,0.07027063227176038
8794,0.9053228127798588
8795,0.8181422943566483
8796,0.006878532999771913
8797,0.614149529816629
8798,0.941660057578388
8799,0.06456695757684867
8800,0.024492631696244608
8801,0.013889325495760147
8802,0.01173742534529352
8803,0.557952509233604
8804,0.008069702974350147
8805,0.12887331458880952
8806,0.16437102939288242
8807,0.0254094554969919
8808,0.5081924357313798
8809,0.3545331561291541
8810,0.01569236202515094
8811,0.2939548179490145
8812,0.9333645978858618
8813,0.01358824013208733
8814,0.525130455831787
8815,0.9168888386679092
8816,0.9104704582978506
8817,0.9827718734759475
8818,0.8901481831239932
8819,0.3095378203573888
8820,0.3337752547203827
8821,0.06991654554095389
8822,0.716260490875102
8823,0.9577219082320245
8824,0.01711403960407822
8825,0.028044263576847334
8826,0.2659304730403171
8827,0.7063542975985202
8828,0.15524153037961716
8829,0.1097928757820687
8830,0.010775582988997329
8831,0.08358017036058012
8832,0.25654849814205233
8833,0.015237926475626459
8834,0.747119747681613
8835,0.011444901460652614
8836,0.09883193156654173
8837,0.12934236217080122
8838,0.3045482056190409
8839,0.11688501729599358
8840,0.08372515226421268
8841,0.9844105886056517
8842,0.9821547354559327
8843,0.07960867354793566
8844,0.563162278568448
8845,0.14784795491982214
8846,0.004887805269201423
8847,0.05073415966104707
8848,0.9877843890004926
8849,0.0780568960634106
8850,0.8926408850734164
8851,0.08619422567015834
8852,0.6878183066266876
8853,0.1798268577552098
8854,0.0021401151648758224
8855,0.04338994407839631
8856,0.019141956977162557
8857,0.03976375445895749
8858,0.09272347721629375
8859,0.5721096134079452
8860,0.07288526971317867
8861,0.10393510869826539
8862,0.06054999133672095
8863,0.22062867468730407
8864,0.006100723266884864
8865,0.9242601857264559
8866,0.9715756557870546
8867,0.026637174980180704
8868,0.8282964600977447
8869,0.314028936622824
8870,0.029100037541632668
8871,0.26400050240191314
8872,0.10033179873758535
8873,0.00950179169438565
8874,0.32750718447742827
8875,0.05573796438178872
8876,0.0035564918605726623
8877,0.9980599198656952
8878,0.0017038117889136152
8879,0.0697016346362577
8880,0.020339624960749706
8881,0.31697766499466007
8882,0.1906995651066794
8883,0.1565881981083993
8884,0.9709945444141187
8885,0.2768885948639694
8886,0.16415646499454176
8887,0.018929367999821995
8888,0.027938833725561173
8889,0.04142267080914611
8890,0.07924534724517561
8891,0.22261920563515822
8892,0.13231787977276063
8893,0.331319588323951
8894,0.10929015305257574
8895,0.9684447261194554
8896,0.38209079012481445
8897,0.31080983078993013
8898,0.5000129756134059
8899,0.07296126419057751
8900,0.15356365437703842
8901,0.42675322103618835
8902,0.9976188489085689
8903,0.3051816533837883
8904,0.5739359707348121
8905,0.6527758341879993
8906,0.9665078179065133
8907,0.0683459437400662
8908,0.07521729885323813
8909,0.7677893994511485
8910,0.7582115523176979
8911,0.029868495870483753
8912,0.38246688091247827
8913,0.027063999744790415
8914,0.02902003529631496
8915,0.062002513301287636
8916,0.006684664371590499
8917,0.08370717872682014
8918,0.05310549916564337
8919,0.12384603414014593
8920,0.06245176389590797
8921,0.07312198049854444
8922,0.9582349914942689
8923,0.046067223635473276
8924,0.7357060417026188
8925,0.5246101860792001
8926,0.022469411693766123
8927,0.5764922007868698
8928,0.6911347683820397
8929,0.5526129979818576
8930,0.5602172931417612
8931,0.08178284493791237
8932,0.9620719130324487
8933,0.04461441775044317
8934,0.09428664123288444
8935,0.7091997472706901
8936,0.8387293949692726
8937,0.033566070826582965
8938,0.946219933790779
8939,0.124753718811813
8940,0.32358286965506744
8941,0.003839763212034304
8942,0.3317395620712661
8943,0.3887365921444614
8944,0.7227870894755514
8945,0.8408569201310314
8946,0.10125884657134243
8947,0.9489777230059481
8948,0.12411135768396604
8949,0.29692986643288216
8950,0.5143713522975634
8951,0.9961724834770078
8952,0.03398062358279425
8953,0.04704921473871885
8954,0.040272641970794935
8955,0.9075085705650342
8956,0.6966383902680836
8957,0.9413186142063757
8958,0.951548630797407
8959,0.22809531860312568
8960,0.019273361103740266
8961,0.7351306753497062
8962,0.013755790895965231
8963,0.9692091531137601
8964,0.3151402421211646
8965,0.016797425984728564
8966,0.2992546174298083
8967,0.021625306425589626
8968,0.01915127553870991
8969,0.006880735212382548
8970,0.005128416553358346
8971,0.012499884469718517
8972,0.007373335218185652
8973,0.4908229143965365
8974,0.0653564988519623
8975,0.8951012100086042
8976,0.2165966184237947
8977,0.056531917199146374
8978,0.45896866539934994
8979,0.0019346725088217644
8980,0.01196950079413786
8981,0.8517289237427182
8982,0.051387162028297205
8983,0.553958761371268
8984,0.0045204759133631025
8985,0.036030908225253226
8986,0.01557145705527087
8987,0.0072830374206907175
8988,0.004398318744609609
8989,0.2615744932842803
8990,0.015647724141709504
8991,0.1131604984138035
8992,0.014548698488385295
8993,0.070225420394205
8994,0.9873383189669004
8995,0.5529964934814515
8996,0.03496206163360616
8997,0.9802085276101126
8998,0.023789231913264836
8999,0.12366488244491708
9000,0.08164326091323172
9001,0.20107771167548405
9002,0.010386587733277513
9003,0.9706618449010591
9004,0.091577171127725
9005,0.8740151998532788
9006,0.9581644373685987
9007,0.07555834480005594
9008,0.05439970452650302
9009,0.025047568111372247
9010,0.8138964665849938
9011,0.8650807210126267
9012,0.023471893490178485
9013,0.011192930795251722
9014,0.09914325449545092
9015,0.009013361745972332
9016,0.3080132214635357
9017,0.08020150667779442
9018,0.8278050405870799
9019,0.22792529350073965
9020,0.019073649544614185
9021,0.36989308948158733
9022,0.0557845296014123
9023,0.17653935606360016
9024,0.0472962989533904
9025,0.403033971486026
9026,0.12475598045548207
9027,0.9973676309439435
9028,0.12806023522583226
9029,0.009513123950638896
9030,0.5733006737610463
9031,0.16784490096485769
9032,0.1764537798657826
9033,0.9858551795583933
9034,0.014373798900972769
9035,0.009113443552668158
9036,0.02019682568075745
9037,0.038318786268917916
9038,0.1440330372975224
9039,0.09704652161805423
9040,0.03218328548618952
9041,0.39968515820415806
9042,0.19900816044259143
9043,0.31508215520943067
9044,0.006744263940232101
9045,0.05847562181833657
9046,0.011719752062126504
9047,0.0761812405270168
9048,0.08185877141431049
9049,0.9854155028114097
9050,0.0877693510419788
9051,0.9710088384261714
9052,0.028292195733631575
9053,0.017899161041097456
9054,0.029270701339869937
9055,0.3434869820306618
9056,0.3526076065614078
9057,0.05715300494970476
9058,0.9970960181147396
9059,0.05803387433303019
9060,0.028975189840441295
9061,0.2812130979106546
9062,0.871228504885106
9063,0.028315543359188195
9064,0.020657988500148005
9065,0.3688760361064671
9066,0.180450942319153
9067,0.23433340318756668
9068,0.018576585420241196
9069,0.015098547553278859
9070,0.0648797352822046
9071,0.060010468991352796
9072,0.8487210866819798
9073,0.6606378931138758
9074,0.9450795768953325
9075,0.0034060214304068286
9076,0.8764876259354967
9077,0.026798114309141956
9078,0.10565306682367383
9079,0.6325977431795928
9080,0.7293391589774245
9081,0.14673577382290506
9082,0.5349796154533374
9083,0.45517466839577975
9084,0.058524702924573846
9085,0.9735255240542976
9086,0.9106757556183487
9087,0.9839148019527609
9088,0.7749596643791358
9089,0.16075924858237803
9090,0.2683693341853027
9091,0.3827757296404071
9092,0.42720966015464484
9093,0.012677322062248794
9094,0.031075375086823325
9095,0.6481133883144653
9096,0.9411293414510017
9097,0.00466685101632995
9098,0.0494490407137475
9099,0.1231741073199869
9100,0.0035967539379644846
9101,0.8790427576638762
9102,0.04824081413114622
9103,0.7384378624420397
9104,0.14493143658144078
9105,0.1022785646803696
9106,0.07328725605565306
9107,0.00788417739197639
9108,0.3981518176514521
9109,0.17482533268219735
9110,0.0018317903787232021
9111,0.7879529391724195
9112,0.009232334596872048
9113,0.5559402953264965
9114,0.013632349855038653
9115,0.8441178275470153
9116,0.07801857679386659
9117,0.8887020819653393
9118,0.21822281791886744
9119,0.6036970440129431
9120,0.03974447405262845
9121,0.4976690438823124
9122,0.07940055110107468
9123,0.2225215537445614
9124,0.021662507234618326
9125,0.471503821047403
9126,0.057606236115819824
9127,0.03573579419014568
9128,0.003881411543808518
9129,0.017090816623077463
9130,0.454213498962793
9131,0.9751297506170905
9132,0.09327190504855486
9133,0.014154664190255803
9134,0.07062213427812919
9135,0.43541149166101806
9136,0.010821300756985855
9137,0.05020843258819912
9138,0.02037755743040525
9139,0.05095890040137274
9140,0.941457150566666
9141,0.10909123627313828
9142,0.0405251991678828
9143,0.8100565605146173
9144,0.10568891278366695
9145,0.03586233660012602
9146,0.007681821672519434
9147,0.07307172198260557
9148,0.16010653539825367
9149,0.11145753827255801
9150,0.16371803821784828
9151,0.004909036547350995
9152,0.5095527347196981
9153,0.19049779554654309
9154,0.9403627006136559
9155,0.9935015736313049
9156,0.8205086641868045
9157,0.9120795540113015
9158,0.31027665495368767
9159,0.004018656341414335
9160,0.266716011492141
9161,0.013914021309755858
9162,0.09700960890153972
9163,0.003947867536747477
9164,0.06412887786755574
9165,0.010277454896807925
9166,0.9732314619251637
9167,0.017915917036483
9168,0.2508385514283083
9169,0.9835401236377898
9170,0.7770128746396119
9171,0.9661293328916768
9172,0.8733722006104315
9173,0.49420170072680775
9174,0.09033781444496432
9175,0.035905063717870694
9176,0.003111318542849292
9177,0.2854858450083156
9178,0.4016235240739518
9179,0.053844786802330014
9180,0.012488284553048026
9181,0.3011516470336988
9182,0.0028911985198310625
9183,0.009448813813380955
9184,0.3577056939173144
9185,0.02653606048614332
9186,0.07756325286645885
9187,0.014566587629273861
9188,0.01469550064404117
9189,0.8415561382342994
9190,0.006655635872161006
9191,0.09635202232616463
9192,0.9905786164997815
9193,0.0032030177819340195
9194,0.012677185160488012
9195,0.010022521591612944
9196,0.7911509536323417
9197,0.027809420858987254
9198,0.008123823454663857
9199,0.04207101617245159
9200,0.04322403874495584
9201,0.9979023675679631
9202,0.031809492440365926
9203,0.04445321194796833
9204,0.17415077670034976
9205,0.0038004754356368033
9206,0.46545142799819333
9207,0.5079883707856723
9208,0.005580142645037947
9209,0.020310997803489036
9210,0.9601597060498083
9211,0.8758150328231621
9212,0.2949399307384255
9213,0.07481903816863272
9214,0.012952977437592933
9215,0.03189553507291863
9216,0.2209348566450956
9217,0.029611977229303626
9218,0.16891975570479797
9219,0.050518253209962956
9220,0.015400083552372693
9221,0.39161345629315797
9222,0.16360495245592668
9223,0.9758583339358807
9224,0.1201379970178052
9225,0.9613261956472675
9226,0.9850655041510216
9227,0.03085883248298975
9228,0.00583503072204208
9229,0.009863036123308737
9230,0.10549694394976838
9231,0.09447902979311885
9232,0.9195939347525522
9233,0.005423676386080466
9234,0.04448818002390384
9235,0.06956114255634974
9236,0.009220802274117175
9237,0.09851618297186408
9238,0.16158820845993785
9239,0.07781608490631213
9240,0.6178765522969413
9241,0.1374269229222739
9242,0.001923623637822255
9243,0.9883752006640404
9244,0.012229581875083573
9245,0.03592200562184264
9246,0.2905364169807266
9247,0.030510303383728715
9248,0.9884322722332494
9249,0.9976569767102007
9250,0.02145074324060019
9251,0.47116900539809264
9252,0.010313628624490112
9253,0.002694300058354538
9254,0.07287785973286183
9255,0.9976393885378139
9256,0.10769860080291511
9257,0.2835689130657922
9258,0.8999863185884823
9259,0.035230289037006784
9260,0.06980532453882737
9261,0.9765201254797201
9262,0.7647742591838959
9263,0.012304946328894936
9264,0.05246406029445699
9265,0.01838861680577739
9266,0.8952171130715604
9267,0.35996278993443037
9268,0.05439789753621369
9269,0.8320178897947783
9270,0.007042431600544276
9271,0.002449310278526186
9272,0.20653026815670597
9273,0.06488784347936077
9274,0.033391308124333635
9275,0.012367294471610632
9276,0.011159959676168738
9277,0.13697491821604904
9278,0.9936710432350147
9279,0.07550186076032774
9280,0.678501584138412
9281,0.9801620574733215
9282,0.24061883519610316
9283,0.7255426707096366
9284,0.10232541222820835
9285,0.20759415978723136
9286,0.1165877153593921
9287,0.365511458893308
9288,0.10466263036837718
9289,0.03349625551003841
9290,0.05340069338827744
9291,0.0652991401849074
9292,0.45098181126192133
9293,0.2624788953482171
9294,0.11922296838244635
9295,0.3511678197250361
9296,0.12152992759682148
9297,0.979254171405362
9298,0.05794693880713789
9299,0.008519356072177414
9300,0.04078703424880708
9301,0.46275767553898106
9302,0.04921044202994709
9303,0.06278038564870421
9304,0.04728708818938062
9305,0.00539302265479092
9306,0.11797603104701787
9307,0.7037797711522207
9308,0.9635257049336827
9309,0.9746926783592782
9310,0.03532375335374943
9311,0.8983044718593017
9312,0.8285768068052727
9313,0.7776140261654017
9314,0.03831712715450699
9315,0.4135273701935797
9316,0.9066103750248082
9317,0.5992921023315505
9318,0.004039946943647214
9319,0.03444164350360635
9320,0.017694455131236363
9321,0.8786251989706555
9322,0.6770981855427389
9323,0.2606297542144412
9324,0.01097903488678655
9325,0.03894157979487608
9326,0.3049794294530985
9327,0.06141356658147981
9328,0.6917500452967468
9329,0.0817074305857526
9330,0.8539568044597323
9331,0.05338215381464454
9332,0.044076355284344816
9333,0.015389606962228073
9334,0.4239713274015234
9335,0.017180521634808158
9336,0.11876773565452377
9337,0.6905759736239014
9338,0.08085476442313197
9339,0.3821485146214825
9340,0.09859353740494596
9341,0.03881304691211088
9342,0.06032942482234847
9343,0.017119379559074343
9344,0.11740851546623791
9345,0.0024882944136320655
9346,0.04527417930915325
9347,0.04199234684125419
9348,0.022029035790631455
9349,0.11525330385387954
9350,0.057393672873173616
9351,0.010903328973944233
9352,0.05064300056294994
9353,0.04412949595787672
9354,0.02704787762343608
9355,0.3890264188266543
9356,0.10561293368142743
9357,0.030293140178295028
9358,0.19171679543941675
9359,0.975831346341646
9360,0.0664830010606796
9361,0.0020422915872574275
9362,0.01801509673940305
9363,0.015133608908140977
9364,0.486112827116062
9365,0.0037880072474666786
9366,0.10040771360621796
9367,0.9651034706022147
9368,0.11787029414891766
9369,0.05274799335725514
9370,0.962613733695977
9371,0.453685895615191
9372,0.012575686469961433
9373,0.003892800360832945
9374,0.036892338973626225
9375,0.2122108068778683
9376,0.8147452208105914
9377,0.06251758111577861
9378,0.9978476843332126
9379,0.15693152231445948
9380,0.02457148214801098
9381,0.9853440439390972
9382,0.06207398901619546
9383,0.9821963725980704
9384,0.4689386398880558
9385,0.9624304252791989
9386,0.004221215963187776
9387,0.44813038124442817
9388,0.42312701614450265
9389,0.6626215563482598
9390,0.016461573215741983
9391,0.1666020614755803
9392,0.044352252009905974
9393,0.04486922358470455
9394,0.34284269964907677
9395,0.8464471966945153
9396,0.024120602326990603
9397,0.9978976994508999
9398,0.006491310328229044
9399,0.0025381878985370862
9400,0.4667821221044865
9401,0.022743559105970562
9402,0.07165698433109033
9403,0.010110327584018591
9404,0.984770985989378
9405,0.5743034470909549
9406,0.0022091739634387676
9407,0.006168622623047604
9408,0.530567270899085
9409,0.19023872654908147
9410,0.9452291138292529
9411,0.13272363110177957
9412,0.03797163609771901
9413,0.03677464213953987
9414,0.01850546805762957
9415,0.2847921624246746
9416,0.022206538790736693
9417,0.02572724193797815
9418,0.047644412494860094
9419,0.211306376153225
9420,0.9736391682730675
9421,0.11159464394924024
9422,0.9968981902101491
9423,0.033404549916573524
9424,0.839937974521746
9425,0.9821632076121555
9426,0.3879067779117986
9427,0.09921929985268589
9428,0.06229006008567627
9429,0.45172276133679673
9430,0.0017738069848323402
9431,0.9279262809760317
9432,0.012877524432860415
9433,0.959842222287065
9434,0.0062340635265603975
9435,0.9979530680704798
9436,0.981292981365303
9437,0.009244272634279885
9438,0.3279949719698932
9439,0.007076268857729356
9440,0.37875419032940566
9441,0.7352719056894018
9442,0.050842881108486254
9443,0.07687162117626625
9444,0.06295605510833618
9445,0.9375304129755969
9446,0.005474368313528041
9447,0.9893687652426336
9448,0.05384990123940692
9449,0.019243154385223896
9450,0.051449433246179364
9451,0.010587573312355806
9452,0.9858530484111915
9453,0.39541262573603403
9454,0.015086721892271435
9455,0.034556791374161795
9456,0.007098084251003022
9457,0.5259466421861259
9458,0.010743519176906378
9459,0.31766708683739736
9460,0.03778668601596174
9461,0.9285349306871148
9462,0.3262434668177911
9463,0.054267334817243905
9464,0.1176990587089265
9465,0.0024489793478520198
9466,0.303542506420347
9467,0.918145892379372
9468,0.1104617981260894
9469,0.0021995451388519926
9470,0.9722981570845838
9471,0.011193283238473864
9472,0.9627468172970483
9473,0.11525226691827524
9474,0.9537524826652538
9475,0.017209933802197486
9476,0.04290594092230977
9477,0.0687536829614417
9478,0.42118950014300155
9479,0.06011902746046834
9480,0.9141738955137306
9481,0.9680429021543886
9482,0.23109611227171234
9483,0.9424837757700778
9484,0.07877585222585999
9485,0.22206337008112495
9486,0.9573880776521227
9487,0.7485568853904793
9488,0.981995251569411
9489,0.1757211418007761
9490,0.008022844079930253
9491,0.02117383052159358
9492,0.9944490199652899
9493,0.12467015464718922
9494,0.06559150367050914
9495,0.002547127874928071
9496,0.009425179862026479
9497,0.08648883870107976
9498,0.3502244404147688
9499,0.9675193686971516
9500,0.2172428418210067
9501,0.08942922489283868
9502,0.9726061161523095
9503,0.98393573551194
9504,0.32059655485754734
9505,0.7972734007240136
9506,0.9943257721049202
9507,0.025609866802536352
9508,0.0362900073419913
9509,0.10132719054102113
9510,0.017945193302413356
9511,0.18452411000654903
9512,0.3018573966436801
9513,0.7290454579060927
9514,0.15427799185497978
9515,0.059079815106100365
9516,0.17597058896129228
9517,0.03170619675155024
9518,0.01117086310008727
9519,0.0430143069087646
9520,0.003037916745855603
9521,0.028507417732833634
9522,0.31793744380832284
9523,0.05013536947056215
9524,0.057826738042034365
9525,0.004250343851302587
9526,0.483762749256897
9527,0.05238676829380979
9528,0.053209267859118614
9529,0.09716001050316707
9530,0.030883993601155
9531,0.03146952595634839
9532,0.017148509741754213
9533,0.5139581776036392
9534,0.8004845455896211
9535,0.8370471956759942
9536,0.017280786655337787
9537,0.9931870075215551
9538,0.03337334630172352
9539,0.4836467792894184
9540,0.9189043290279715
9541,0.2503072136636597
9542,0.22774324998662943
9543,0.006158742840055385
9544,0.01771757520021089
9545,0.08697222479712068
9546,0.9732354050003913
9547,0.7740302230659974
9548,0.012355709555642967
9549,0.14445744321860496
9550,0.7784643555210217
9551,0.6731147214502889
9552,0.9733633319021192
9553,0.6182713908898284
9554,0.9861053710052344
9555,0.31000598466771806
9556,0.014871766344026862
9557,0.9790669916285202
9558,0.06298647981719838
9559,0.07839743665651977
9560,0.001851347628644651
9561,0.09554478798276805
9562,0.99648955445724
9563,0.1930632006698657
9564,0.9816777161407401
9565,0.005811960504910522
9566,0.06256397477085175
9567,0.9915910390191867
9568,0.04983879941561805
9569,0.08405350606134604
9570,0.06460884180307204
9571,0.059088047705229484
9572,0.13629878826501393
9573,0.8378415436094157
9574,0.7676335265880697
9575,0.03685718732317376
9576,0.9819430967299277
9577,0.2799387769150636
9578,0.00616967341269059
9579,0.009003264574477402
9580,0.9266211219257441
9581,0.9069177108984802
9582,0.011763801199175881
9583,0.815689747981482
9584,0.9214259146071418
9585,0.01912898988779176
9586,0.006429166558302129
9587,0.010938852588152062
9588,0.9235448530488481
9589,0.01279563728741349
9590,0.10853180183181
9591,0.2740779748003309
9592,0.686962970904296
9593,0.01759439987026677
9594,0.9420959225697635
9595,0.9835433675553907
9596,0.04048375407668769
9597,0.9426249235558911
9598,0.9800735191125266
9599,0.09750713156637818
9600,0.9321714050681562
9601,0.5946018337913664
9602,0.010832890889346037
9603,0.07791048222114923
9604,0.13193309543720136
9605,0.12177861331637209
9606,0.0017190354350022912
9607,0.25342102890246143
9608,0.7190732555385867
9609,0.6153877925075554
9610,0.011877639094857659
9611,0.00520068130851457
9612,0.009817156911282529
9613,0.12324487180906189
9614,0.5001411627902066
9615,0.1689198232265086
9616,0.9412165877890676
9617,0.02773289783476997
9618,0.5950700457526114
9619,0.1937476376096504
9620,0.006909980318659018
9621,0.12878432196067657
9622,0.012932994473691237
9623,0.504159501050531
9624,0.2529378526810894
9625,0.005295411111453715
9626,0.08144831225605537
9627,0.04320720526170583
9628,0.9734526268077608
9629,0.7771656673586543
9630,0.9419636546496183
9631,0.9969576057773066
9632,0.9945460995015365
9633,0.06000081829371277
9634,0.07521112147355839
9635,0.9977835561670677
9636,0.9890751544811227
9637,0.0058427794515628
9638,0.04822494434969874
9639,0.08372502119449726
9640,0.17061270389235164
9641,0.017296120585778993
9642,0.11300387903464153
9643,0.18919406394718738
9644,0.9811966435398288
9645,0.08057326283184389
9646,0.3464685629118174
9647,0.5154308216859071
9648,0.0017466032428183481
9649,0.15225486887839818
9650,0.012522727813077667
9651,0.9899268063468988
9652,0.7060822199720457
9653,0.21634267651742115
9654,0.24840367866911514
9655,0.022389559908821466
9656,0.4310519547803356
9657,0.9300622166059037
9658,0.998062673960967
9659,0.05711855270399463
9660,0.03655019639585838
9661,0.040080149478334305
9662,0.9746967878039312
9663,0.008812068163508546
9664,0.006284797032160801
9665,0.1120184967616144
9666,0.04075956250660692
9667,0.056129368832058525
9668,0.22330196724985188
9669,0.0916486702323757
9670,0.6872614991452223
9671,0.4210245790977261
9672,0.037424116944106384
9673,0.04579425373424494
9674,0.6289747357199367
9675,0.13073402263763417
9676,0.1061028171119777
9677,0.0028857686639892238
9678,0.9581261593699283
9679,0.03274493667044722
9680,0.4520065637691169
9681,0.5502386767541532
9682,0.19463879894918623
9683,0.9562646073232356
9684,0.037981209227146075
9685,0.7909108943886852
9686,0.09780588255402227
9687,0.08811012224630636
9688,0.03601665071862206
9689,0.010279233798953364
9690,0.14584035804041448
9691,0.9043984877366822
9692,0.07930301839394151
9693,0.02134119950940445
9694,0.7456031719795516
9695,0.009571715233051073
9696,0.9610788915042624
9697,0.227896931861143
9698,0.056920834025387224
9699,0.011563539720344846
9700,0.13740060136047497
9701,0.13073116655032432
9702,0.994452135248508
9703,0.12989726390311432
9704,0.033812279941192874
9705,0.14132426263004003
9706,0.7920955311408214
9707,0.0669466521742849
9708,0.023430902979748744
9709,0.22272338628538002
9710,0.4369765259728205
9711,0.09003057872030708
9712,0.44821233525423804
9713,0.5562152278383722
9714,0.00872354563761016
9715,0.04306974772074809
9716,0.2082022381634827
9717,0.01644290852491383
9718,0.01525713266903163
9719,0.11592633802430007
9720,0.9873755021430206
9721,0.9721067816060346
9722,0.06375790249980517
9723,0.011884726236359805
9724,0.12886330618011427
9725,0.8975118966125778
9726,0.11942072251920599
9727,0.14342103616035182
9728,0.3404698124795886
9729,0.017578023982545567
9730,0.9802867901546639
9731,0.022330717272039724
9732,0.002909409483149978
9733,0.010627501199206644
9734,0.05892966591161463
9735,0.6263017725755518
9736,0.10102054012017066
9737,0.03744599727501808
9738,0.09948392272179381
9739,0.9856156258641193
9740,0.05838322358772278
9741,0.03663789010403318
9742,0.04352587440205432
9743,0.7469351117944067
9744,0.03926752488678086
9745,0.7642978716944655
9746,0.00915689161145916
9747,0.43633285994429993
9748,0.7429632137314331
9749,0.9713885063818783
9750,0.010048556658234155
9751,0.9909469309099918
9752,0.011450757391865981
9753,0.9546845861652692
9754,0.3417910816764911
9755,0.9951674276425616
9756,0.14336429626701877
9757,0.9750916819622182
9758,0.1503702941058046
9759,0.01690486648716062
9760,0.004378204455628052
9761,0.29040080746301883
9762,0.0024143550925909453
9763,0.11945148366511708
9764,0.8722032338373121
9765,0.1317166569042638
9766,0.0990866075154857
9767,0.8930803126469571
9768,0.46182300065063514
9769,0.005304011870137485
9770,0.6181827223291224
9771,0.09630934699666838
9772,0.03980333746014154
9773,0.6232946359647563
9774,0.015936500556498284
9775,0.1029849371350614
9776,0.005265108867844669
9777,0.11880842803870173
9778,0.09492694851234788
9779,0.13763065187002674
9780,0.9914594485024181
9781,0.11235063206901554
9782,0.766324298485315
9783,0.15874708823372985
9784,0.4214173732449212
9785,0.9692157211363668
9786,0.5184210004146611
9787,0.22401170385594457
9788,0.003244744857822019
9789,0.19839239382223625
9790,0.2634758300166856
9791,0.04877284612714258
9792,0.10901923473165258
9793,0.1057599911115149
9794,0.698669377774069
9795,0.06661493963694311
9796,0.05567760149536635
9797,0.8580739594412837
9798,0.48254372238161114
9799,0.030355941795189342
9800,0.042751441266844166
9801,0.014898515816534593
9802,0.13941113779731876
9803,0.01456322575226123
9804,0.795647771727392
9805,0.00845934024163074
9806,0.8699986184038485
9807,0.05873039725769456
9808,0.02882316749260615
9809,0.08265183772868993
9810,0.006721240324125165
9811,0.0159511173283852
9812,0.040816456357096936
9813,0.0034737062756526813
9814,0.08307446458409354
9815,0.25611180401750855
9816,0.18485215639025498
9817,0.0478389477632819
9818,0.5313585300667434
9819,0.9573949393087119
9820,0.05887671222148507
9821,0.0846403738484227
9822,0.007328314951862254
9823,0.9538844172550104
9824,0.33115169405207756
9825,0.9808347220429591
9826,0.008150848135658646
9827,0.993355660795458
9828,0.45559547203185496
9829,0.6965009616942495
9830,0.9745075189877811
9831,0.01200568211881344
9832,0.0655206073791474
9833,0.13903601021292167
9834,0.035723576976057415
9835,0.3669893407219888
9836,0.9818844352765917
9837,0.9961771908822304
9838,0.0017882335473022217
9839,0.04415578397673104
9840,0.9961493252456362
9841,0.04133419327406764
9842,0.5378044945345098
9843,0.7502876313975406
9844,0.13580238452709842
9845,0.00436543299813864
9846,0.7710442441591417
9847,0.41798718476556274
9848,0.024863254365716934
9849,0.006496291830569256
9850,0.22768163254508647
9851,0.0514028394494021
9852,0.11004054512288454
9853,0.016802670444170185
9854,0.12964996332629888
9855,0.2432871406213241
9856,0.04826438394142801
9857,0.9542480694083464
9858,0.043796561621361196
9859,0.880567785244283
9860,0.07058959008281045
9861,0.07025144101780914
9862,0.03868868205494253
9863,0.004917213447135507
9864,0.9262105714233145
9865,0.9963988614260529
9866,0.04212187104968266
9867,0.002760028346829924
9868,0.5191998625256363
9869,0.08851298517312899
9870,0.8442041722864353
9871,0.9837923951075159
9872,0.10917010164935674
9873,0.034484514686445616
9874,0.8510612357257511
9875,0.11854129275379872
9876,0.09662336129123313
9877,0.11430301606083258
9878,0.032381223427012225
9879,0.9036595956570723
9880,0.009365893041492471
9881,0.9540622772535983
9882,0.9585508831203821
9883,0.03266838540749422
9884,0.027015341984145094
9885,0.04145980595087261
9886,0.15199008069605335
9887,0.017420784565185365
9888,0.9513410716134282
9889,0.9977785607170921
9890,0.3071656765058936
9891,0.018933499592692273
9892,0.054421040387739573
9893,0.2898761406172458
9894,0.07813721244168322
9895,0.0816572162645512
9896,0.7981724422502715
9897,0.12901823185914216
9898,0.039030511394248034
9899,0.13410443109256714
9900,0.17388101162315736
9901,0.05081637497467369
9902,0.051318498830287725
9903,0.13177464831150806
9904,0.7711931456444967
9905,0.0847224801019308
9906,0.11264275486356212
9907,0.4553401320852796
9908,0.005766379414345406
9909,0.966498629882229
9910,0.9761442017037072
9911,0.08728297571656184
9912,0.03792619242890427
9913,0.01725312014364532
9914,0.15551318715464213
9915,0.9869127457766513
9916,0.10664293640090135
9917,0.0701836954260862
9918,0.013051324382290138
9919,0.5037552641640157
9920,0.02084985038208428
9921,0.37396906942589997
9922,0.001733368951764514
9923,0.3475811451506325
9924,0.13658457505703048
9925,0.2831036485502602
9926,0.07492011914361583
9927,0.22980359420333094
9928,0.007961146128406378
9929,0.9366379499997262
9930,0.9570677192118172
9931,0.5132855328130245
9932,0.11232811930941534
9933,0.18961439674559477
9934,0.01200311224941479
9935,0.8248092008813793
9936,0.9880423842621001
9937,0.32095551319037313
9938,0.34374241712625114
9939,0.05633977627157344
9940,0.17317943036480132
9941,0.038401476808093325
9942,0.06277083879221089
9943,0.009517790477315269
9944,0.03324534511936591
9945,0.9670080669172166
9946,0.054189509379688285
9947,0.1046146280686421
9948,0.04080745094240427
9949,0.006617307622416842
9950,0.05084213951107167
9951,0.16666165190481327
9952,0.00791325986295956
9953,0.9949534465731587
9954,0.7556430142981266
9955,0.10934901198045867
9956,0.771186908105652
9957,0.014562133395506554
9958,0.9747942249860566
9959,0.20783281974630574
9960,0.6622901966111275
9961,0.01885924198540741
9962,0.0427659078658492
9963,0.010820904859762724
9964,0.18921301581887406
9965,0.02825861566750495
9966,0.007673459910471486
9967,0.0065440679736284675
9968,0.08668257551839442
9969,0.006588245297749422
9970,0.07397883953286118
9971,0.9942971642607827
9972,0.03582014509515649
9973,0.035193433295277306
9974,0.03251658730037764
9975,0.9762692908167571
9976,0.44920963127810065
9977,0.14866232896329518
9978,0.08760182617116048
9979,0.0032847865304119392
9980,0.08909576284459143
9981,0.09414169227923386
9982,0.006331866463195117
9983,0.18573623518826454
9984,0.02845959035287914
9985,0.0038187308365955873
9986,0.05201158243096077
9987,0.15178167235350984
9988,0.0803864376836217
9989,0.03472643747912516
9990,0.1187844358014535
9991,0.9472666530734178
9992,0.08977737163758907
9993,0.0424967755822721
9994,0.7239134573775964
9995,0.002525028357746931
9996,0.1824556961242891
9997,0.5279910549680142
9998,0.9902871210079605
9999,0.0547478952803089
10000,0.24180684828362833
10001,0.9725280257667793
10002,0.3734762851369479
10003,0.3014383505170617
10004,0.017887224625267196
10005,0.9568394954897883
10006,0.9679047050522359
10007,0.024742384431455558
10008,0.9867277389824783
10009,0.9552454033617184
10010,0.10321665358905324
10011,0.026119064492555254
10012,0.8977902542852898
10013,0.02010805724710024
10014,0.23960252022117492
10015,0.10852385136792315
10016,0.045162827797569104
10017,0.008628050136786301
10018,0.0025968090766387663
10019,0.07136168050503293
10020,0.036752438702800753
10021,0.05047046614655095
10022,0.9871040487190611
10023,0.9928323669318937
10024,0.613308271167298
10025,0.023718605804184695
10026,0.021262754711350206
10027,0.05440689196608355
10028,0.8457848394572863
10029,0.07122607768823958
10030,0.003572189964117006
10031,0.06171398042588347
10032,0.6620763668160762
10033,0.8946841669920279
10034,0.007901601951551422
10035,0.016574789162912097
10036,0.09396083795805156
10037,0.9313295151045956
10038,0.007842682225757628
10039,0.376468213121409
10040,0.14171795547344682
10041,0.012817672070001049
10042,0.9185067210794756
10043,0.022645034421701977
10044,0.2717808827035623
10045,0.013292864050976986
10046,0.007975849391328383
10047,0.8769102216032264
10048,0.16044885969187406
10049,0.8441728393472969
10050,0.007497066651158493
10051,0.5266985541981432
10052,0.9841637136933556
10053,0.08122458687069078
10054,0.6526948200121683
10055,0.18133847079838225
10056,0.008470893452289597
10057,0.9731447423135634
10058,0.9670060937057287
10059,0.05548521543127677
10060,0.8467556953531347
10061,0.10448752199767398
10062,0.0034723730995739562
10063,0.057661727147802176
10064,0.9851572231054928
10065,0.13917578789775822
10066,0.04931121432778792
10067,0.04297532704894691
10068,0.016468819239663087
10069,0.03813935423471569
10070,0.043762608343796784
10071,0.6080720265433491
10072,0.9645246241816796
10073,0.7518895788777095
10074,0.27689980537198755
10075,0.897725998139161
10076,0.9579521813466432
10077,0.055311029365997716
10078,0.028874192920951256
10079,0.11189754730936595
10080,0.09103646054483927
10081,0.057254340354471696
10082,0.4226170291506451
10083,0.006920129210764369
10084,0.15483719506410756
10085,0.3925989347665733
10086,0.08064249195245854
10087,0.7966064665437443
10088,0.02954938718250498
10089,0.8280849210220712
10090,0.0028559922893633435
10091,0.0851627254207199
10092,0.005078874618500546
10093,0.03321386725598157
10094,0.47478024485886666
10095,0.04452544900380637
10096,0.0304599395138187
10097,0.9787622786850559
10098,0.1915927214985423
10099,0.22738866868014077
10100,0.009385377827106607
10101,0.007505855788991052
10102,0.06629275055393459
10103,0.018450290348673005
10104,0.953787585759457
10105,0.005393960768441564
10106,0.15224878709407907
10107,0.0034010277857761343
10108,0.30821455691821326
10109,0.08268688768994381
10110,0.15222385676768255
10111,0.02477444884570602
10112,0.01473148406926752
10113,0.055505978373085275
10114,0.15294832895087265
10115,0.005076303413946308
10116,0.7160976704389747
10117,0.049377895552666584
10118,0.15987980397298587
10119,0.5433738320813896
10120,0.3214661735168525
10121,0.13968496389295745
10122,0.21457983947626427
10123,0.1528042331319879
10124,0.005908305028550279
10125,0.0704679825344949
10126,0.9834822319979025
10127,0.03315780884897187
10128,0.05361585182145768
10129,0.03829685881233682
10130,0.1503673521808221
10131,0.6619468586912968
10132,0.48096785092153205
10133,0.0983931849796338
10134,0.981601345116884
10135,0.04602055136385811
10136,0.009667956985966996
10137,0.008253371773527285
10138,0.49769247906259
10139,0.8955795802971749
10140,0.23026087686682942
10141,0.1903794190622122
10142,0.01620866875771706
10143,0.07260335724397955
10144,0.004031260891179022
10145,0.013849546154452108
10146,0.08545242346977572
10147,0.37820494411696187
10148,0.6071786410124743
10149,0.8057203896351336
10150,0.09572458946175767
10151,0.02722916850474158
10152,0.009520580433281413
10153,0.9314463588676417
10154,0.0555637218587662
10155,0.020060609430815987
10156,0.5480663839298444
10157,0.2429158276658667
10158,0.5437197857419576
10159,0.16356813575533755
10160,0.977120048554115
10161,0.017414057573182748
10162,0.9514346093508609
10163,0.997540370571483
10164,0.005047862766490835
10165,0.013040601693383972
10166,0.002688297543219037
10167,0.5808566428637729
10168,0.30121859020586716
10169,0.9101067864157644
10170,0.006670685512093127
10171,0.2196366825425983
10172,0.3143789172196565
10173,0.16895928203214425
10174,0.004928794169159008
10175,0.32270350790780616
10176,0.003487706973916413
10177,0.9974713403615487
10178,0.02839243935772613
10179,0.046344190711332466
10180,0.11452413147759725
10181,0.006520051585596983
10182,0.03468725009388627
10183,0.9664600024018561
10184,0.9974065969917865
10185,0.9382932242807179
10186,0.3286344394670007
10187,0.03923905926584005
10188,0.035036906893266405
10189,0.006881239536235169
10190,0.002153255750528722
10191,0.9825961395724699
10192,0.9607365321290079
10193,0.20160231589515207
10194,0.10395110876448492
10195,0.03649332415136384
10196,0.6093154988921184
10197,0.03676681767505801
10198,0.06653911170132149
10199,0.07036453238525602
10200,0.005456575306293734
10201,0.013385243093771147
10202,0.046934194684244875
10203,0.01904268137289907
10204,0.8926505236508064
10205,0.01366640630240032
10206,0.9963412155711393
10207,0.015741989862232263
10208,0.9778693243639452
10209,0.8898813609533706
10210,0.9836292185548933
10211,0.5840030283514634
10212,0.9233395441031403
10213,0.38453637998411666
10214,0.1603694802153839
10215,0.023394251644282882
10216,0.40719597571422894
10217,0.845512935143634
10218,0.00956538315926876
10219,0.05492137912905681
10220,0.15476204002766833
10221,0.00488777067000466
10222,0.004478866659282565
10223,0.9662211097743519
10224,0.8881489194099575
10225,0.07079654334576395
10226,0.03036870677938298
10227,0.9977914428650725
10228,0.010206008190652583
10229,0.5021439464794039
10230,0.9970392437812047
10231,0.017417142399828316
10232,0.19263742234774708
10233,0.22796375328332089
10234,0.07708810199974149
10235,0.016234412034589918
10236,0.030216926271118466
10237,0.4435395817106498
10238,0.05230671043608002
10239,0.9173306796499809
10240,0.0695426708113951
10241,0.01805660924557179
10242,0.09689932256381058
10243,0.07976944959576324
10244,0.008178650631586556
10245,0.9322890007330443
10246,0.037734262525524094
10247,0.46547838147604864
10248,0.6293184987682943
10249,0.7617391325554018
10250,0.005912938556173139
10251,0.01855837283670823
10252,0.02021424490175063
10253,0.8230225540549719
10254,0.173349072713007
10255,0.1075203412881746
10256,0.9129460131553744
10257,0.7928760144245945
10258,0.00987171159555034
10259,0.030960596749020814
10260,0.983151558511932
10261,0.011384229477939637
10262,0.0016295610917055857
10263,0.6841271051752752
10264,0.6765494374313693
10265,0.010416930399246396
10266,0.5893498730533043
10267,0.8907644930198986
10268,0.009978364465792587
10269,0.03865528127428835
10270,0.6040498410948723
10271,0.00848806259538972
10272,0.0838207280038744
10273,0.7671578489435831
10274,0.5106522398813326
10275,0.14533823809557353
10276,0.23201541329568398
10277,0.14714881903449936
10278,0.12833968311883298
10279,0.9843734704560901
10280,0.024527914939507744
10281,0.6640415926148688
10282,0.024624889804792563
10283,0.5541962913910111
10284,0.2561056136962621
10285,0.04480389099426785
10286,0.0794003542560266
10287,0.25764835544561
10288,0.9418540713778993
10289,0.8747946072869514
10290,0.05781922582926815
10291,0.03818122718940311
10292,0.012699162943196604
10293,0.07126754371300995
10294,0.5176720963918013
10295,0.24772181953734043
10296,0.9762858548157564
10297,0.15234821088562012
10298,0.05219855917425903
10299,0.13723840016191155
10300,0.9392202696860981
10301,0.00429499948489789
10302,0.7858141294973602
10303,0.07967985252425548
10304,0.13481655039209214
10305,0.019871963554949097
10306,0.8913854328378122
10307,0.09570443757871004
10308,0.1350195278839196
10309,0.14342848210662065
10310,0.06467274084350925
10311,0.13709088767426125
10312,0.973896298974427
10313,0.03458282121075315
10314,0.0014558160932478578
10315,0.6830274068131841
10316,0.2813821813312034
10317,0.06138684975859341
10318,0.4187503415118612
10319,0.013470386650041697
10320,0.10629825594000335
10321,0.07402140158265719
10322,0.1464149165999212
10323,0.1013950624132307
10324,0.002522049652510333
10325,0.24914505613643925
10326,0.43059731969299575
10327,0.012263765262408285
10328,0.8704324896286565
10329,0.13781846809163822
10330,0.02051089061544921
10331,0.05021025523881262
10332,0.050844470182280166
10333,0.4612025909641468
10334,0.8843783113333451
10335,0.938776595087672
10336,0.3126430769984763
10337,0.35662359677898975
10338,0.46467742902798376
10339,0.43038394353802084
10340,0.7222872042984814
10341,0.059187895818446766
10342,0.7619653177138872
10343,0.9395750899153388
10344,0.7570333557614495
10345,0.013535199826854449
10346,0.9659704545142235
10347,0.9513677867384837
10348,0.07006485329077511
10349,0.8377388004500678
10350,0.15993667462092595
10351,0.9695981323527896
10352,0.022232928621330403
10353,0.933674144864268
10354,0.5235570307039151
10355,0.16217044033877603
10356,0.12980438437395067
10357,0.07059415826385296
10358,0.982872451620274
10359,0.013720066686951934
10360,0.9530287597273559
10361,0.9526577699722981
10362,0.007177285744210695
10363,0.014933146486993426
10364,0.23925786644638783
10365,0.011317914107587597
10366,0.051873545706256886
10367,0.017173258058189114
10368,0.9872197741329614
10369,0.031874447476535395
10370,0.0036778364331572244
10371,0.34278525938718873
10372,0.029785978912621414
10373,0.4488107436954472
10374,0.9744256936559846
10375,0.0020890117007891073
10376,0.02234524492864975
10377,0.17241381874882325
10378,0.5333296465901647
10379,0.027893466725217708
10380,0.09531320917094878
10381,0.027965520982714317
10382,0.9767304807702164
10383,0.9979303959932769
10384,0.044037691844548525
10385,0.056624614442059885
10386,0.0744620481946756
10387,0.004505757039525157
10388,0.05033871940908144
10389,0.039256522246296555
10390,0.35194833673250053
10391,0.009301219302497556
10392,0.16096032267085156
10393,0.014521443281496932
10394,0.7858213666129205
10395,0.12674449429168247
10396,0.48764419615545584
10397,0.13630215602783946
10398,0.9407287516444759
10399,0.12209476340887837
10400,0.6920139392848403
10401,0.47323527982703184
10402,0.5598354911567204
10403,0.05938404117891674
10404,0.01212222653581825
10405,0.6645383809092731
10406,0.52717032177105
10407,0.010353403505524487
10408,0.9778600876037208
10409,0.0706230557432798
10410,0.39765077295980805
10411,0.07561433973136639
10412,0.13164504202294658
10413,0.030116606867067044
10414,0.9860771127158371
10415,0.11889764761145134
10416,0.5636718378872438
10417,0.04734388854911958
10418,0.9845237159652752
10419,0.12710870466787216
10420,0.7654991488676891
10421,0.940553472008734
10422,0.6027883848215841
10423,0.07146501761746372
10424,0.7358002527301909
10425,0.20191321089044678
10426,0.013222584677355749
10427,0.04429581157490736
10428,0.02250997734371035
10429,0.040177427216884
10430,0.14686038998503412
10431,0.5474731527481359
10432,0.972750072899449
10433,0.12036626526475125
10434,0.009917787434154269
10435,0.047235283953973216
10436,0.07643258884510838
10437,0.007623841932825448
10438,0.008229490174767824
10439,0.0020101273530725144
10440,0.002120818038462574
10441,0.860264025748997
10442,0.9379601454880137
10443,0.4959751123149525
10444,0.2103037150969588
10445,0.024736244618477735
10446,0.0055128000634810164
10447,0.651161695921318
10448,0.010197654728686728
10449,0.9885306621281332
10450,0.9876746861528672
10451,0.2184766820691609
10452,0.9861101095626538
10453,0.7460520421936659
10454,0.3210464573395731
10455,0.015856118149511187
10456,0.009800629433264626
10457,0.007022860984338348
10458,0.9413867798531642
10459,0.067806498146687
10460,0.033458057221595165
10461,0.3417114830962365
10462,0.19593495650374423
10463,0.07235765992579833
10464,0.962800447162552
10465,0.03755621927048728
10466,0.10984019173096243
10467,0.026852785326469578
10468,0.6387892416652947
10469,0.8205315564429889
10470,0.8178823292707831
10471,0.01606598709881343
10472,0.6822247166968823
10473,0.11730885028900073
10474,0.2368373345260014
10475,0.026425174539720642
10476,0.07262184704116477
10477,0.9920236346317113
10478,0.8799634871796637
10479,0.052169819105541776
10480,0.9754007307136944
10481,0.9612833766346554
10482,0.2702699888628501
10483,0.07993317861873155
10484,0.9687429285198143
10485,0.03289127370347819
10486,0.11765604211808445
10487,0.08010178340895519
10488,0.046387020181312445
10489,0.3152470491852537
10490,0.6447895769736413
10491,0.039975464125719735
10492,0.0025856067969953407
10493,0.9909909433839094
10494,0.15248075821673754
10495,0.9793616378547355
10496,0.14174303956835832
10497,0.05703917669357043
10498,0.24756571503770453
10499,0.036006299575901256
10500,0.9893714068897448
10501,0.43679170282961355
10502,0.621750988835385
10503,0.9765302706289066
10504,0.14323147831675462
10505,0.031545097440146795
10506,0.3707933975550959
10507,0.11572292711814329
10508,0.034694207222498184
10509,0.057548892682955245
10510,0.8516116671360073
10511,0.2592026245662336
10512,0.037118912422479944
10513,0.08406445798225982
10514,0.8202194920842526
10515,0.006960837474990069
10516,0.7760626021429161
10517,0.03433163639968006
10518,0.30500966366521753
10519,0.7981583537996757
10520,0.9916924407694531
10521,0.2928503426584252
10522,0.008434281383449404
10523,0.017618915015291958
10524,0.9497385450958234
10525,0.5898601393142334
10526,0.30099387014154827
10527,0.4726322231534532
10528,0.8854614352856746
10529,0.9609443341761862
10530,0.06517295512204724
10531,0.04041776258649513
10532,0.04753423855633928
10533,0.085425044685373
10534,0.07473178572438792
10535,0.3355574565341237
10536,0.97476942077973
10537,0.0741253373802719
10538,0.022505408702493224
10539,0.09056899732038536
10540,0.7337055031515182
10541,0.941177037963279
10542,0.09513990782310451
10543,0.9241105905799497
10544,0.779543067624202
10545,0.9429446171642842
10546,0.9979781536565745
10547,0.7365831379285926
10548,0.02216588529521348
10549,0.9768073000914118
10550,0.16974515441674687
10551,0.006428968267482891
10552,0.011389724248366635
10553,0.03900955219770149
10554,0.9111997926863705
10555,0.10468449006088254
10556,0.2371764452897178
10557,0.07490431336597862
10558,0.869781874533697
10559,0.8955165030566793
10560,0.05130271608184475
10561,0.0024082950029009845
10562,0.15824553559437937
10563,0.9029946901047864
10564,0.694402111699023
10565,0.00706532601578617
10566,0.4452183235539753
10567,0.025180479081406665
10568,0.0743533667268884
10569,0.12347102329974095
10570,0.4163276862379437
10571,0.07871569237296526
10572,0.1394955078620356
10573,0.3079385182042994
10574,0.9759679699533468
10575,0.004904977959614639
10576,0.00722652766257226
10577,0.962623365167728
10578,0.8846898611117849
10579,0.06838087820522047
10580,0.0041098616737666295
10581,0.014102312171905251
10582,0.941135329735133
10583,0.9774498122152216
10584,0.0250450008522493
10585,0.9568606953149089
10586,0.2546831653331344
10587,0.9441251856570191
10588,0.016892680893804232
10589,0.17831972640857954
10590,0.33075557126183014
10591,0.007677531545156467
10592,0.8837236959895457
10593,0.03506094702830575
10594,0.03246669121336509
10595,0.003908327726625551
10596,0.10850772074624539
10597,0.9637997683107024
10598,0.14339276272517124
10599,0.11251658114595152
10600,0.18025789726349895
10601,0.8419452158643962
10602,0.087265551774522
10603,0.9545771993326756
10604,0.001709842748363337
10605,0.769002485880228
10606,0.9909489576054152
10607,0.01130016826406094
10608,0.04095274605993785
10609,0.11597806716947628
10610,0.07525433939387438
10611,0.9486008671594085
10612,0.011666263649055838
10613,0.06447076518172058
10614,0.02197452631450007
10615,0.04898417305219157
10616,0.1389595241266217
10617,0.4808298688325701
10618,0.937900208539386
10619,0.00993968249571471
10620,0.9443200444845368
10621,0.19734290417047817
10622,0.5055000983732819
10623,0.10944642241276159
10624,0.07541539658803022
10625,0.20309652500124872
10626,0.11622477519026782
10627,0.09447717342578427
10628,0.39190154398775584
10629,0.004877563338034202
10630,0.9820908946206476
10631,0.001968106257624469
10632,0.047459095290743096
10633,0.01945140027622284
10634,0.567646481568807
10635,0.908382966778443
10636,0.6321582734585566
10637,0.9976531662924503
10638,0.08599788875632346
10639,0.26128008077243675
10640,0.18255240676173456
10641,0.2370180329836901
10642,0.3384362273625044
10643,0.004985567380436957
10644,0.026330830620493514
10645,0.9972242164822741
10646,0.005866141035943804
10647,0.006098188377344972
10648,0.004793651210162626
10649,0.9128987213947829
10650,0.2329753214758036
10651,0.12414610644620556
10652,0.9965161876029072
10653,0.25740891363293816
10654,0.883032593014018
10655,0.18376666439965902
10656,0.986098446142092
10657,0.1653072080426332
10658,0.3092741036205552
10659,0.01948882042903514
10660,0.0029097269732609957
10661,0.9685180733715818
10662,0.02067027410373111
10663,0.19025709252194223
10664,0.06213196146533364
10665,0.01239594658982914
10666,0.34999998467517607
10667,0.33707057843957583
10668,0.6233277938245713
10669,0.010822302399780501
10670,0.0259153064538326
10671,0.003991318543441066
10672,0.0020853215738490236
10673,0.23571102731736052
10674,0.443886029813193
10675,0.6921608941851994
10676,0.03232380698142901
10677,0.984302416067598
10678,0.07001085870837519
10679,0.061305555009526135
10680,0.004295598349021183
10681,0.4830252805046748
10682,0.0358724129645117
10683,0.5054591413324688
10684,0.02351225576442112
10685,0.972863079324194
10686,0.9894585547227895
10687,0.03020472674501416
10688,0.01790708525006911
10689,0.8978997000129191
10690,0.005936170701246257
10691,0.3596314807909966
10692,0.9407621731409526
10693,0.8350130570378829
10694,0.017542320625994267
10695,0.6123577373576775
10696,0.06660857074337652
10697,0.011235409894543386
10698,0.8498563329369869
10699,0.9977509155154495
10700,0.8993648068584039
10701,0.12738166637422407
10702,0.00902934914436247
10703,0.9677297493532845
10704,0.4271778415612329
10705,0.9781157696754544
10706,0.7206067501703973
10707,0.9685418678544538
10708,0.0039031951366665057
10709,0.19547778798994883
10710,0.003691177569664098
10711,0.0024806557694457888
10712,0.10948325716114042
10713,0.13573547107971262
10714,0.005137213384108358
10715,0.304620601969418
10716,0.8170444203352587
10717,0.08706051728184379
10718,0.0022606812843184152
10719,0.14437845844305533
10720,0.7929715210106694
10721,0.9837166606524481
10722,0.9683120166304032
10723,0.9433686384192793
10724,0.004217648865899083
10725,0.11761114576540799
10726,0.9246448911015186
10727,0.9912185119407111
10728,0.027913716479843337
10729,0.06813707877123922
10730,0.010658619073290979
10731,0.9968332354361792
10732,0.10569106768761334
10733,0.06471182037210851
10734,0.17321516935152406
10735,0.974418072680649
10736,0.010945414658235092
10737,0.4197687877610017
10738,0.0034732126611029764
10739,0.8803849190884788
10740,0.2473826673534333
10741,0.21846316712925695
10742,0.8322521978692322
10743,0.005976044772481974
10744,0.8263314724930902
10745,0.16544158700929548
10746,0.7541205606566582
10747,0.008903633369347894
10748,0.9790847265400693
10749,0.9971786962396155
10750,0.8318827046360223
10751,0.014695007752577616
10752,0.049635995611043406
10753,0.17959268928979197
10754,0.12292602640001327
10755,0.01461853927141503
10756,0.15951933401902227
10757,0.6664264942338987
10758,0.4787739035881277
10759,0.0665284040546714
10760,0.3787272529002868
10761,0.009951559555290168
10762,0.07639270136282512
10763,0.4705752429629022
10764,0.9532680560171028
10765,0.922917076466191
10766,0.06303422815209138
10767,0.07840172973674538
10768,0.006244570293743597
10769,0.16311922465609172
10770,0.9895638905292389
10771,0.04984279821866975
10772,0.025622685261543692
10773,0.0031215357633624517
10774,0.010760244778595133
10775,0.4046683468795127
10776,0.5132130613168399
10777,0.030286944083983348
10778,0.07690662486358625
10779,0.9010220137239244
10780,0.004399040570479903
10781,0.09205226778379692
10782,0.0033298862665490144
10783,0.8032655852700962
10784,0.07760593275980074
10785,0.25804218731827994
10786,0.94890542478181
10787,0.08768636884164428
10788,0.0220202444269151
10789,0.9966766197764404
10790,0.38164605441807664
10791,0.04842491843628844
10792,0.0079727009487885
10793,0.8112433276047724
10794,0.2343299065346305
10795,0.6835432648919845
10796,0.06527062516765936
10797,0.06297077156879073
10798,0.7220005111980838
10799,0.23699826593099593
10800,0.2779995580188121
10801,0.037863370948696434
10802,0.009902828797867358
10803,0.07182618297879634
10804,0.9925128690550628
10805,0.843578851218342
10806,0.03952747040310608
10807,0.06277493367101779
10808,0.03301246434152883
10809,0.15422454379622533
10810,0.9454597728848206
10811,0.027810283613841812
10812,0.028156123339305283
10813,0.021274006684949665
10814,0.05832844741492946
10815,0.34225181841433555
10816,0.09357829281929027
10817,0.9707204961863449
10818,0.05414111740473809
10819,0.07954842943024819
10820,0.005248066317942143
10821,0.06924811568921069
10822,0.03982380435706593
10823,0.05241959544764582
10824,0.010583136573717539
10825,0.04410839845126809
10826,0.0628884929579334
10827,0.002352865965634452
10828,0.4650886627907862
10829,0.07533234505561398
10830,0.03881360064176189
10831,0.45959875254725047
10832,0.30366957915033566
10833,0.031726543630327494
10834,0.08786182401248453
10835,0.3057473171724689
10836,0.013821940261265125
10837,0.5705848836858896
10838,0.36182378336166593
10839,0.20635707816742047
10840,0.012260254904398525
10841,0.1743916062329963
10842,0.8725087720054714
10843,0.9645598268622032
10844,0.3463969632709672
10845,0.05079265786357434
10846,0.11178990867007282
10847,0.030269881357462485
10848,0.3274769278095921
10849,0.06671334026167798
10850,0.13785799720998382
10851,0.2533563843959151
10852,0.9130112700700485
10853,0.0396493466402447
10854,0.0015467825951225916
10855,0.01631910061828076
10856,0.14216237291761588
10857,0.03976684570692292
10858,0.21915071447510837
10859,0.9661794091596815
10860,0.2533712616147404
10861,0.07816744632118439
10862,0.08600789205227666
10863,0.08911669379095055
10864,0.9135818738489402
10865,0.22682570134342592
10866,0.07742644462666963
10867,0.06505624484127219
10868,0.024497465725091747
10869,0.9779740949005794
10870,0.2880350182102576
10871,0.01564809802760564
10872,0.05950519309583111
10873,0.05904433806393363
10874,0.9809699561460926
10875,0.1666033575380523
10876,0.08220497393828029
10877,0.03841581955856374
10878,0.003598806716141928
10879,0.9397063909546212
10880,0.03110327726384639
10881,0.9585370620841663
10882,0.867902815478471
10883,0.7653895034757395
10884,0.9778584038694959
10885,0.006509373910268307
10886,0.8045200366923998
10887,0.038604481217647556
10888,0.9689850742252771
10889,0.09079621590160332
10890,0.9289873101560829
10891,0.010906866868982347
10892,0.004369912039324107
10893,0.9738520780380965
10894,0.9850727581390274
10895,0.9684612940039559
10896,0.15029625519133563
10897,0.019124404944192132
10898,0.01572712358141044
10899,0.00795256021216536
10900,0.020248053864359867
10901,0.4488858824191653
10902,0.04218894231446935
10903,0.15546193268677053
10904,0.012699517765571705
10905,0.4849430768928869
10906,0.15030721720883178
10907,0.07171339940810635
10908,0.6723951944106371
10909,0.009250340902725612
10910,0.9579871609152751
10911,0.9794583506209191
10912,0.01071153149596303
10913,0.9111178647766988
10914,0.9976583110586853
10915,0.8920054451881138
10916,0.9899402695032736
10917,0.1704847347080991
10918,0.42881406400893946
10919,0.14192236291722798
10920,0.9836255519191585
10921,0.9891891102067566
10922,0.9200005669609248
10923,0.8387046217173673
10924,0.5939580002309361
10925,0.14556926790073466
10926,0.5935716164525712
10927,0.027557210469214638
10928,0.5094557843304431
10929,0.9836993810008866
10930,0.46057655081265736
10931,0.10322116636073135
10932,0.012858241148161578
10933,0.13969334678277304
10934,0.19448355132869347
10935,0.9607294454714843
10936,0.3072667803167944
10937,0.15282611095340934
10938,0.9659552792621575
10939,0.27232973126569565
10940,0.9243861908525232
10941,0.9939698911696541
10942,0.6203962505185924
10943,0.01609737608484057
10944,0.017631887939638248
10945,0.2336649345247979
10946,0.013313911605218401
10947,0.035228350483249446
10948,0.003770988203880317
10949,0.01598141818950421
10950,0.009576802076052273
10951,0.926853313629331
10952,0.04654896600907716
10953,0.028939719604704303
10954,0.07131874221645308
10955,0.1719000188775057
10956,0.6353685344790917
10957,0.0029509362663878956
10958,0.033056174353838404
10959,0.003524199418088056
10960,0.963006601741269
10961,0.4347189810774726
10962,0.7291238566891082
10963,0.2521079641530449
10964,0.0022446712348888416
10965,0.651678606731103
10966,0.935802753691218
10967,0.939355678060453
10968,0.18378945063575278
10969,0.14328853875680284
10970,0.03292859467626505
10971,0.15190105651432648
10972,0.4984416808201846
10973,0.6746749983105955
10974,0.2765692436225286
10975,0.5504135403400371
10976,0.12284095547418312
10977,0.964035235054482
10978,0.1503215128644924
10979,0.004825438161601875
10980,0.9294745878695271
10981,0.42186059314884733
10982,0.989436602751598
10983,0.06426544730592765
10984,0.038157669730756384
10985,0.9425223949217111
10986,0.04554832627746876
10987,0.020022070425650015
10988,0.10936523552515365
10989,0.050994346841234515
10990,0.05445723971116149
10991,0.055547977391207114
10992,0.01752447785861547
10993,0.05281743443201673
10994,0.0030511011414842836
10995,0.19852275855126478
10996,0.4109009315147573
10997,0.040419969108972574
10998,0.02987714415737751
10999,0.06661136062341606
11000,0.028320208539029845
11001,0.010790696393326452
11002,0.4201909963593852
11003,0.39889989073357784
11004,0.9826179092788774
11005,0.005165953076753472
11006,0.0043012243214513085
11007,0.14138237001063703
11008,0.14093699600583587
11009,0.024372453408303
11010,0.049071620252835645
11011,0.0040585161364217115
11012,0.12426556489182179
11013,0.5105042893694147
11014,0.04728076117931157
11015,0.07970723410144058
11016,0.009194046091575004
11017,0.9448181000593125
11018,0.007143920126939082
11019,0.11116583840554095
11020,0.9153059678663401
11021,0.0180262171845825
11022,0.19868387207068836
11023,0.0026132971594919913
11024,0.7596428020282772
11025,0.09130756086774212
11026,0.7304530173378913
11027,0.2645373899495555
11028,0.8577197689852604
11029,0.024584419069604294
11030,0.024166835328057218
11031,0.012614683899014685
11032,0.9356438000804125
11033,0.04818768125628207
11034,0.01685109475925448
11035,0.9356485416888849
11036,0.09624775640213395
11037,0.9891434856418883
11038,0.2955073219470137
11039,0.9915767740979807
11040,0.007835661890120684
11041,0.061223535950270414
11042,0.9726267694348131
11043,0.053496137848595415
11044,0.18778757919181502
11045,0.8892154608398251
11046,0.012749150796362662
11047,0.5314667427965942
11048,0.03606750885782258
11049,0.006414619891908755
11050,0.7752659546402244
11051,0.33098854015676443
11052,0.3900417460259867
11053,0.5604875952129561
11054,0.987367977202464
11055,0.886714419617324
11056,0.09114157533650256
11057,0.060654518487826596
11058,0.08983945529537969
11059,0.05258115369655416
11060,0.3147766070449806
11061,0.6477663854704926
11062,0.968621191481413
11063,0.003186950264755436
11064,0.8818337016564698
11065,0.9712373832711281
11066,0.06369613698101252
11067,0.08410296462433602
11068,0.9546009078778184
11069,0.9418233389914091
11070,0.058325066524863606
11071,0.02304043685469782
11072,0.9542800147141834
11073,0.058989409327032956
11074,0.9966518670095678
11075,0.04072053092927019
11076,0.09587256777697117
11077,0.032148359985809866
11078,0.6076931565095308
11079,0.018327070926132328
11080,0.002374181225857145
11081,0.019888889442347953
11082,0.9286624332984351
11083,0.10120958611039339
11084,0.016043792349802105
11085,0.096292636498522
11086,0.26074184328047334
11087,0.005591439370145723
11088,0.0058846960537014825
11089,0.98586626131269
11090,0.9833597462707088
11091,0.013575005016507569
11092,0.9623978714933109
11093,0.7185873852146364
11094,0.09911999432679201
11095,0.9541771650718651
11096,0.5074067392280562
11097,0.06030737533842164
11098,0.11094839883742554
11099,0.944054990984883
11100,0.09970467243744456
11101,0.23536565805881873
11102,0.03379929547023566
11103,0.9574440697293118
11104,0.0852863227558952
11105,0.10880124820230781
11106,0.9724088513176476
11107,0.9832008965377447
11108,0.30394606283571757
11109,0.9720845539179618
11110,0.07216713360593616
11111,0.9616964243622173
11112,0.045363239547805446
11113,0.002534446334021287
11114,0.07988753838634606
11115,0.2634413102485395
11116,0.23434752808045897
11117,0.9694581768992346
11118,0.08813405936411058
11119,0.9642864853967273
11120,0.0071626933238817594
11121,0.050639228602487825
11122,0.009341308396445553
11123,0.9977198447084206
11124,0.8193722577712493
11125,0.981441438231335
11126,0.0667910512607497
11127,0.08633432238632271
11128,0.9659181228175546
11129,0.01936346441128718
11130,0.0727720996184106
11131,0.959624973289654
11132,0.0843447930209978
11133,0.4898342093681545
11134,0.05936310785832852
11135,0.9811290111945188
11136,0.1671111803715325
11137,0.011801973691119919
11138,0.9499390933100734
11139,0.02928203701434116
11140,0.9536998511281336
11141,0.029938082417423285
11142,0.10466724386616033
11143,0.9465702232461415
11144,0.01558248867516556
11145,0.20435093665518503
11146,0.9724239815663734
11147,0.009776148539491922
11148,0.9799762263410688
11149,0.08271754191447951
11150,0.8334597911910141
11151,0.1188864652348917
11152,0.015572043704372637
11153,0.8596461766030137
11154,0.028771182510687953
11155,0.2668178828307474
11156,0.03972931710123534
11157,0.3304699616962014
11158,0.9827028106643715
11159,0.013107645049235533
11160,0.9514749997362671
11161,0.9744969936032147
11162,0.27498563828427747
11163,0.8455669104031013
11164,0.024519867822272102
11165,0.24693724161049513
11166,0.1223347402779164
11167,0.035846591212551106
11168,0.984170120196346
11169,0.4231808231032182
11170,0.02305453094651082
11171,0.9015724329972633
11172,0.05338158689180624
11173,0.0054649586725016965
11174,0.08263908984289405
11175,0.2331040454179564
11176,0.028174938120571872
11177,0.9709103093144543
11178,0.005517440446263862
11179,0.013685238222542582
11180,0.8362826919003128
11181,0.17914978025648146
11182,0.982730667996496
11183,0.5846837003528171
11184,0.0021458160788392915
11185,0.9124201353818293
11186,0.05080394187378212
11187,0.9895132444435384
11188,0.09589293052119097
11189,0.16579607909011518
11190,0.05929174672797687
11191,0.996586993478806
11192,0.20674583201578792
11193,0.04439571821081322
11194,0.07703996279020961
11195,0.15281035572138565
11196,0.008906894106877027
11197,0.03952900225734043
11198,0.7967995807039548
11199,0.9083382199691362
11200,0.26272219901494454
11201,0.007669007208741734
11202,0.0018171361819235572
11203,0.1052825341584493
11204,0.004250214358702945
11205,0.03232782560501563
11206,0.0102997686849823
11207,0.17093621421215258
11208,0.018923893838116133
11209,0.967988641011542
11210,0.046259092137667525
11211,0.07744200320454858
11212,0.0658095938805479
11213,0.0059188484658921625
11214,0.7338666316221524
11215,0.06862553780714077
11216,0.14061280770675125
11217,0.2086723464006305
11218,0.11382876717476335
11219,0.9954787863487592
11220,0.08226597974774782
11221,0.2573942125495869
11222,0.140466523582098
11223,0.0018587150874966628
11224,0.045616721626959345
11225,0.9955275923167474
11226,0.01207021209966435
11227,0.14058106078660174
11228,0.4835790764345993
11229,0.09791796150982375
11230,0.002713876593122585
11231,0.9867687062945921
