index,target
0,0.1358024691358025
1,0.8138651471984805
2,0.3165657644824312
3,0.2905686134852801
4,0.9654261633428299
5,0.05911680911680911
6,0.8989494301994302
7,0.5234745963912631
8,0.2126068376068376
9,0.8801341405508071
10,0.06769349477682811
11,0.04122150997150997
12,0.4210885565052232
13,0.7291073124406457
14,0.7169990503323836
15,0.6749169040835709
16,0.5662689933523267
17,0.8252314814814815
18,0.7976911206077872
19,0.9127492877492878
20,0.5249881291547959
21,0.776323599240266
22,0.9404677113010447
23,0.5056980056980057
24,0.9009081196581197
25,0.24370845204178535
26,0.18411680911680914
27,0.14185660018993354
28,0.1276709401709402
29,0.00949667616334283
30,0.24854582146248813
31,0.05169753086419753
32,0.06591286799620133
33,0.7078584995251661
34,0.4870311016144349
35,0.5685838081671415
36,0.8250830959164293
37,0.08146367521367522
38,0.3451745014245014
39,0.5341880341880342
40,0.46210232668566004
41,0.8780270655270656
42,0.04920465337132004
43,0.6560125830959165
44,0.8001543209876543
45,0.19058641975308643
46,0.7696759259259259
47,0.4937974833808167
48,0.6818613485280153
49,0.39378561253561256
50,0.4758131528964862
51,0.07386633428300095
52,0.6253561253561254
53,0.137167616334283
54,0.4764066951566952
55,0.20394112060778727
56,0.2771842355175688
57,0.8931920702754036
58,0.23011633428300096
59,0.7839802943969612
60,0.5958570750237416
61,0.17672720797720798
62,0.808909069325736
63,0.7655508072174739
64,0.61304012345679
65,0.04564339981006648
66,0.359241452991453
67,0.9096925451092117
68,0.9576507597340931
69,0.6531042260208927
70,0.3781160968660968
71,0.6977979582146249
72,0.3591227445394112
73,0.4328406932573599
74,0.4392806267806268
75,0.1340218423551757
76,0.002225783475783476
77,0.05140075973409306
78,0.2210648148148148
79,0.7842770655270656
80,0.6280864197530864
81,0.6179665242165243
82,0.48038342830009495
83,0.4888117283950617
84,0.5335351377018044
85,0.7116274928774929
86,0.723676400759734
87,0.18862773029439697
88,0.4915123456790123
89,0.010594729344729345
90,0.779528727445394
91,0.3077516619183286
92,0.2564992877492877
93,0.4599655745489079
94,0.5052528490028491
95,0.8160612535612536
96,0.6943850902184235
97,0.4301697530864197
98,0.937974833808167
99,0.6256232193732194
100,0.07083926875593542
101,0.4564636752136752
102,0.34446225071225073
103,0.469610636277303
104,0.68284069325736
105,0.3706671415004748
106,0.8411977682811016
107,0.7751068376068376
108,0.6044040835707503
109,0.531784188034188
110,0.8645536562203229
111,0.15998931623931625
112,0.4581849477682811
113,0.12028133903133904
114,0.18928062678062677
115,0.5919990503323836
116,0.9270536562203229
117,0.6047008547008547
118,0.6529558404558404
119,0.9674145299145299
120,0.9175866571699904
121,0.014482431149097816
122,0.6558938746438746
123,0.46872032288698956
124,0.5717592592592592
125,0.4415064102564103
126,0.36832264957264954
127,0.538758309591643
128,0.47780151946818616
129,0.4223053181386514
130,0.039886039886039885
131,0.24014719848053181
132,0.9737654320987654
133,0.3764245014245014
134,0.9331077872744539
135,0.8530092592592592
136,0.9561372269705603
137,0.856718898385565
138,0.7517806267806267
139,0.4602920227920228
140,0.15948480531813866
141,0.7136158594491929
142,0.23050213675213674
143,0.39123338081671416
144,0.02878679962013295
145,0.938894824311491
146,0.7921118233618234
147,0.9011455365622032
148,0.8902540360873693
149,0.3214624881291548
150,0.7145061728395062
151,0.43660968660968663
152,0.42568850902184235
153,0.15354938271604937
154,0.33092948717948717
155,0.20058760683760682
156,0.6995192307692308
157,0.756914767331434
158,0.3234508547008547
159,0.37090455840455844
160,0.06439933523266857
161,0.733647910731244
162,0.30478395061728397
163,0.7667082146248813
164,0.3371320037986705
165,0.3113129154795822
166,0.5223765432098766
167,0.126394824311491
168,0.9505579297245964
169,0.07864434947768281
170,0.25765669515669515
171,0.30487298195631524
172,0.5265016619183286
173,0.8445216049382717
174,0.1294218898385565
175,0.12396130104463438
176,0.8947352801519468
177,0.9274988129154796
178,0.03044871794871795
179,0.8661858974358975
180,0.4890491452991453
181,0.29457502374169037
182,0.8059710351377017
183,0.5413105413105413
184,0.8640788224121557
185,0.34475902184235513
186,0.7377730294396961
187,0.0625
188,0.5644586894586895
189,0.15877255460588793
190,0.0977860873694207
191,0.8268340455840456
192,0.35983499525166196
193,0.36562203228869894
194,0.5413105413105413
195,0.9569681861348528
196,0.3291785375118708
197,0.9493708452041786
198,0.5028193257359924
199,0.6243174264007597
200,0.5552884615384616
201,0.2213912630579297
202,0.9134912155745489
203,0.06086775878442544
204,0.2527599715099715
205,0.13509021842355176
206,0.48774335232668564
207,0.8268043684710351
208,0.3766915954415954
209,0.9950439221272555
210,0.45975783475783477
211,0.01926044634377968
212,0.7407407407407408
213,0.12669159544159544
214,0.15734805318138653
215,0.6065111585944919
216,0.3173076923076923
217,0.7109152421652422
218,0.9112951092117759
219,0.7392865622032289
220,0.5097637701804368
221,0.23916785375118707
222,0.21340811965811968
223,0.20892687559354228
224,0.6608499525166192
225,0.9595500949667617
226,0.8379926400759734
227,0.38259734093067427
228,0.8357371794871794
229,0.012197293447293445
230,0.2835351377018044
231,0.9732312440645773
232,0.5570690883190883
233,0.21521842355175688
234,0.6058285849952516
235,0.37989672364672367
236,0.6277599715099714
237,0.7379214150047483
238,0.3987120132953466
239,0.9595500949667617
240,0.3474299620132954
241,0.13440764482431147
242,0.6043744064577398
243,0.6178181386514721
244,0.8207799145299145
245,0.5587013295346629
246,0.515491452991453
247,0.09627255460588795
248,0.7806564577397911
249,0.9921652421652422
250,0.5128798670465337
251,0.27653133903133903
252,0.335440408357075
253,0.47993827160493824
254,0.4826685660018993
255,0.5757953466286799
256,0.6727504748338081
257,0.8164470560303894
258,0.133843779677113
259,0.27326685660018996
260,0.5596806742640076
261,0.38835470085470086
262,0.9833511396011397
263,0.8669278252611585
264,0.08238366571699905
265,0.4938568376068376
266,0.7960588793922128
267,0.58377849002849
268,0.04599952516619183
269,0.020892687559354226
270,0.676934947768281
271,0.705721747388414
272,0.34081196581196577
273,0.17586657169990505
274,0.9985161443494777
275,0.9845975783475783
276,0.45560303893637233
277,0.2044456315289649
278,0.15975189933523268
279,0.25792378917378916
280,0.8947946343779677
281,0.8715871320037988
282,0.897732668566002
283,0.12007359924026591
284,0.546741452991453
285,0.4586004273504274
286,0.15521130104463435
287,0.15396486229819561
288,0.9526353276353277
289,0.6336657169990504
290,0.67088081671415
291,0.959846866096866
292,0.8227682811016145
293,0.9665242165242165
294,0.045168566001899335
295,0.4725783475783476
296,0.5376009021842355
297,0.4259852801519468
298,0.04018281101614435
299,0.9649216524216525
300,0.5267984330484331
301,0.8398326210826211
302,0.8013117283950617
303,0.33199786324786323
304,0.752463200379867
305,0.7938034188034188
306,0.4424560778727445
307,0.2769468186134853
308,0.683909069325736
309,0.6865206552706553
310,0.9354819563152897
311,0.33104819563152893
312,0.6891025641025642
313,0.0867758784425451
314,0.7206196581196581
315,0.24557811016144349
316,0.9257775403608738
317,0.2626424501424502
318,0.03074548907882241
319,0.7744539411206078
320,0.5652006172839507
321,0.31021486229819567
322,0.016678537511870845
323,0.26329534662868
324,0.5476911206077872
325,0.8354997625830959
326,0.35648148148148145
327,0.8337191358024691
328,0.13375474833808168
329,0.11253561253561255
330,0.8214031339031339
331,0.13737535612535612
332,0.5878739316239315
333,0.3321462488129155
334,0.5014245014245015
335,0.6162155745489079
336,0.3763651471984805
337,0.9439696106362773
338,0.16933760683760682
339,0.30416073124406456
340,0.029291310541310542
341,0.9552765906932574
342,0.8123219373219372
343,0.5115740740740741
344,0.39767331433998104
345,0.9052409781576448
346,0.694948955365622
347,0.4316832858499526
348,0.02163461538461538
349,0.6598112535612536
350,0.9865859449192783
351,0.2959104938271605
352,0.2891441120607787
353,0.42910137701804363
354,0.5451092117758783
355,0.5325854700854701
356,0.9005816714150048
357,0.20747269705603041
358,0.9158653846153847
359,0.5852326685660019
360,0.44800569800569795
361,0.7416607312440645
362,0.10621438746438745
363,0.37399097815764487
364,0.06027421652421652
365,0.7646011396011395
366,0.21765194681861347
367,0.6547958214624882
368,0.6914767331433996
369,0.9074370845204177
370,0.7552528490028491
371,0.8207502374169041
372,0.224269943019943
373,0.5224655745489079
374,0.21958095916429252
375,0.8198302469135802
376,0.5017806267806267
377,0.25124643874643876
378,0.24637939221272553
379,0.0766559829059829
380,0.44931149097815765
381,0.5310719373219374
382,0.9559591642924975
383,0.5248990978157644
384,0.49643874643874647
385,0.5610458214624882
386,0.28994539411206083
387,0.7171474358974358
388,0.4538224121557455
389,0.25409544159544156
390,0.7775403608736943
391,0.135505698005698
392,0.15803062678062677
393,0.7769171415004749
394,0.9556623931623932
395,0.7760565052231718
396,0.9242343304843305
397,0.6567248338081672
398,0.5384615384615384
399,0.013799857549857549
400,0.3637523741690409
401,0.033535137701804364
402,0.09051519468186135
403,0.49109686609686615
404,0.1341999050332384
405,0.2670346628679962
406,0.9517746913580246
407,0.6973824786324786
408,0.2165835707502374
409,0.5569503798670467
410,0.4025106837606838
411,0.8221747388414055
412,0.5598290598290598
413,0.7013295346628681
414,0.43515550807217473
415,0.2694088319088319
416,0.8768696581196581
417,0.56715930674264
418,0.42506528964862295
419,0.961568138651472
420,0.4910375118708452
421,0.02371201329534663
422,0.11906457739791072
423,0.7601792497625831
424,0.8607549857549858
425,0.16007834757834757
426,0.34627255460588796
427,0.06321225071225071
428,0.8080484330484331
429,0.861170465337132
430,0.977326685660019
431,0.4620429724596391
432,0.67286918328585
433,0.3860992402659069
434,0.7557276828110161
435,0.22287511870845203
436,0.9266381766381766
437,0.3741987179487179
438,0.36752136752136755
439,0.9599062203228869
440,0.7870370370370371
441,0.41737891737891736
442,0.25540123456790126
443,0.07905982905982907
444,0.5913164767331435
445,0.21213200379867045
446,0.9702635327635328
447,0.6048789173789174
448,0.13105413105413105
449,0.6028311965811967
450,0.4144408831908832
451,0.6823065052231718
452,0.8562143874643876
453,0.6575261158594491
454,0.4805021367521367
455,0.8611704653371319
456,0.8198599240265908
457,0.2948717948717949
458,0.621141975308642
459,0.6937915479582145
460,0.4223053181386515
461,0.6883309591642925
462,0.6404320987654322
463,0.8569563152896486
464,0.40583452041785373
465,0.9237891737891738
466,0.9198421177587844
467,0.20129985754985755
468,0.8079000474833807
469,0.8909959639126305
470,0.4870607787274454
471,0.6441714150047483
472,0.8811728395061729
473,0.21088556505223174
474,0.2599121557454891
475,0.08778490028490028
476,0.1795762108262108
477,0.4075261158594492
478,0.39672364672364674
479,0.7368530389363723
480,0.16396604938271606
481,0.9701151471984805
482,0.49272910731244063
483,0.9185066476733144
484,0.8668684710351376
485,0.1388888888888889
486,0.2727920227920228
487,0.44346509971509973
488,0.1225664767331434
489,0.13660375118708454
490,0.3400700379867047
491,0.19595797720797722
492,0.04193376068376068
493,0.30466524216524216
494,0.6609389838556505
495,0.44744183285849953
496,0.18625356125356127
497,0.7522257834757835
498,0.6098349952516618
499,0.40598290598290604
500,0.9155092592592592
501,0.3906695156695157
502,0.42797364672364674
503,0.6400166191832858
504,0.7787274453941121
505,0.5779024216524217
506,0.145744301994302
507,0.9653371320037988
508,0.7773029439696106
509,0.31347934472934474
510,0.461033950617284
511,0.7531160968660968
512,0.16702279202279202
513,0.939755460588794
514,0.9080009496676164
515,0.9049738841405507
516,0.9385980531813866
517,0.6964624881291549
518,0.5064696106362773
519,0.4666429249762583
520,0.7583392687559355
521,0.5125237416904084
522,0.8503679962013296
523,0.7424026590693257
524,0.5256113485280153
525,0.8893043684710351
526,0.6669634377967711
527,0.08419396961063629
528,0.664351851851852
529,0.9640610161443496
530,0.08609330484330484
531,0.020269468186134853
532,0.20162630579297247
533,0.0916429249762583
534,0.10496794871794872
535,0.3752967711301045
536,0.3422958214624881
537,0.8245489078822411
538,0.3709045584045583
539,0.8899275878442546
540,0.6297780151946819
541,0.31947412155745486
542,0.013176638176638176
543,0.703911443494777
544,0.8408119658119658
545,0.10933048433048433
546,0.6945631528964862
547,0.02210944919278253
548,0.37621676163342826
549,0.2452516619183286
550,0.9166073124406457
551,0.7499703228869895
552,0.6240800094966762
553,0.15360873694207025
554,0.43515550807217473
555,0.6896367521367521
556,0.16583570750237417
557,0.4546830484330484
558,0.7633843779677113
559,0.1141678537511871
560,0.35805436847103517
561,0.648474596391263
562,0.9276175213675214
563,0.7044753086419754
564,0.03982668566001899
565,0.8582324311490979
566,0.4673254985754986
567,0.17079178537511872
568,0.6820097340930674
569,0.6060363247863249
570,0.46263651471984807
571,0.525730056980057
572,0.7513057929724596
573,0.24634971509971507
574,0.6764601139601139
575,0.39061016144349475
576,0.9066358024691358
577,0.07419278252611586
578,0.27225783475783477
579,0.5254629629629629
580,0.47174738841405506
581,0.5290835707502374
582,0.006885090218423553
583,0.05401234567901234
584,0.01258309591642925
585,0.6277599715099716
586,0.7630579297245964
587,0.7435897435897436
588,0.08983262108262108
589,0.48358855650522314
590,0.49074074074074076
591,0.05742521367521367
592,0.38084639126305797
593,0.23121438746438747
594,0.38470441595441596
595,0.589357787274454
596,0.35752018043684713
597,0.4205543684710351
598,0.5815230294396961
599,0.8972875118708452
600,0.18536324786324787
601,0.1436965811965812
602,0.20334757834757836
603,0.5697708926875594
604,0.8399216524216525
605,0.28739316239316237
606,0.2719313865147198
607,0.040360873694207024
608,0.08790360873694207
609,0.0397079772079772
610,0.3871972934472934
611,0.46141975308641975
612,0.1398682336182336
613,0.07015669515669515
614,0.4880104463437797
615,0.718482905982906
616,0.1417675688509022
617,0.29024216524216523
618,0.04410018993352327
619,0.27896486229819567
620,0.14179724596391263
621,0.05000593542260209
622,0.6934057454890789
623,0.1696343779677113
624,0.4788105413105413
625,0.6952754036087371
626,0.8004214150047484
627,0.9601139601139601
628,0.08704297245963911
629,0.8597459639126305
630,0.1856303418803419
631,0.4101673789173789
632,0.7143577872744539
633,0.9521011396011395
634,0.19580959164292497
635,0.7515728869895537
636,0.11630460588793923
637,0.05739553656220323
638,0.11962844254510922
639,0.9076745014245015
640,0.436372269705603
641,0.7655804843304844
642,0.26240503323836656
643,0.24436134852801517
644,0.8733084045584046
645,0.131914767331434
646,0.19598765432098766
647,0.3850605413105413
648,0.5467117758784426
649,0.7045346628679963
650,0.3884140550807218
651,0.919218898385565
652,0.9240265906932574
653,0.14052113010446343
654,0.31745607787274455
655,0.021219135802469136
656,0.5267687559354226
657,0.8861585944919278
658,0.7153074548907883
659,0.5824430199430198
660,0.12707739791073125
661,0.6829594017094017
662,0.36577041785375125
663,0.5530923551756884
664,0.7057514245014245
665,0.28475189933523265
666,0.27715455840455844
667,0.9295762108262108
668,0.5941951566951568
669,0.7582502374169042
670,0.24510327635327636
671,0.7133190883190883
672,0.37425807217473883
673,0.3810838081671415
674,0.9959045584045585
675,0.3612594966761633
676,0.21646486229819564
677,0.740295584045584
678,0.3878205128205128
679,0.7731184710351376
680,0.560897435897436
681,0.2607134377967711
682,0.8757716049382717
683,0.503858024691358
684,0.5945216049382717
685,0.5443672839506172
686,0.4462844254510921
687,0.2796474358974359
688,0.9296949192782527
689,0.4166963437796771
690,0.8887701804368472
691,0.4425154320987654
692,0.02380104463437797
693,0.849596391263058
694,0.1721272554605888
695,0.811372269705603
696,0.17850783475783474
697,0.6794278252611585
698,0.9814814814814815
699,0.1626009021842355
700,0.19168447293447297
701,0.4851317663817664
702,0.05374525166191833
703,0.005282526115859449
704,0.25409544159544156
705,0.2283653846153846
706,0.38933404558404555
707,0.6855413105413105
708,0.4251839981006648
709,0.28160612535612534
710,0.34885446343779675
711,0.36369301994301995
712,0.9882181861348528
713,0.33416429249762586
714,0.8347578347578347
715,0.41417378917378916
716,0.05481362773029439
717,0.5349596391263058
718,0.5081315289648622
719,0.11016144349477681
720,0.2321343779677113
721,0.5127314814814815
722,0.6660137701804368
723,0.7707739791073124
724,0.8165657644824312
725,0.7529677113010447
726,0.2255460588793922
727,0.9512998575498576
728,0.39063983855650525
729,0.5443672839506174
730,0.5672483380816714
731,0.09852801519468186
732,0.9573836657169991
733,0.8841702279202278
734,0.5794159544159544
735,0.2925273029439696
736,0.8774335232668565
737,0.22999762583095917
738,0.5711657169990503
739,0.7310363247863249
740,0.9746854226020892
741,0.7536502849002847
742,0.6152362298195632
743,0.5842236467236468
744,0.4209995251661918
745,0.19017094017094016
746,0.8635743114909782
747,0.8528608736942069
748,0.49655745489078823
749,0.7452219848053181
750,0.3834876543209877
751,0.5113366571699905
752,0.34345322886989554
753,0.5451388888888888
754,0.25353157644824315
755,0.28038936372269707
756,0.6703763057929724
757,0.3977326685660019
758,0.052083333333333336
759,0.17263176638176636
760,0.8260030864197531
761,0.35042735042735046
762,0.7738603988603988
763,0.15354938271604937
764,0.03783831908831909
765,0.9395477207977208
766,0.5940467711301044
767,0.7961775878442546
768,0.6617699430199431
769,0.7037333808167142
770,0.6005460588793922
771,0.15814933523266858
772,0.9538520892687559
773,0.11814458689458689
774,0.5949074074074074
775,0.9814518043684711
776,0.6344669990503323
777,0.11550332383665717
778,0.5568613485280152
779,0.7068198005698006
780,0.09867640075973409
781,0.13874050332383667
782,0.7375356125356124
783,0.2678062678062678
784,0.7500593542260209
785,0.9435244539411206
786,0.7762048907882241
787,0.10707502374169041
788,0.8598349952516618
789,0.2876602564102564
790,0.7989375593542261
791,0.27021011396011396
792,0.3999881291547958
793,0.32143281101614435
794,0.6272851377018044
795,0.5353454415954415
796,0.2934769705603039
797,0.06315289648622982
798,0.8108380816714149
799,0.6249109686609686
800,0.6471688034188035
801,0.7936550332383666
802,0.11778846153846152
803,0.03599833808167142
804,0.34915123456790126
805,0.44610636277302945
806,0.14105531813865146
807,0.3076329534662868
808,0.40476614434947766
809,0.6497803893637227
810,0.2892628205128205
811,0.3933701329534663
812,0.9485992402659069
813,0.6442307692307693
814,0.868945868945869
815,0.14479463437796772
816,0.6502552231718898
817,0.8853869895536562
818,0.7002314814814815
819,0.21524810066476732
820,0.9681564577397911
821,0.9913639601139601
822,0.533980294396961
823,0.16301638176638178
824,0.6386514719848053
825,0.004036087369420702
826,0.6304309116809117
827,0.42120726495726496
828,0.21981837606837606
829,0.9650106837606837
830,0.7946047008547007
831,0.20925332383665718
832,0.9700557929724596
833,0.6774097815764483
834,0.8486170465337132
835,0.014808879392212726
836,0.6372863247863249
837,0.6831374643874645
838,0.6578822412155745
839,0.9780389363722697
840,0.42764719848053184
841,0.2688746438746439
842,0.5340099715099714
843,0.08725071225071225
844,0.8153193257359924
845,0.9860220797720798
846,0.99732905982906
847,0.15414292497625828
848,0.060363247863247864
849,0.7581908831908831
850,0.687292260208927
851,0.8195334757834759
852,0.4631113485280152
853,0.2031695156695157
854,0.8673729819563153
855,0.11930199430199429
856,0.8260921177587844
857,0.95877849002849
858,0.16390669515669518
859,0.7740384615384616
860,0.08950617283950618
861,0.8430080721747388
862,0.6370489078822411
863,0.8343126780626781
864,0.05160849952516619
865,0.6642628205128206
866,0.8492105887939222
867,0.42061372269705605
868,0.4973884140550808
869,0.7618708452041786
870,0.20263532763532763
871,0.9941239316239315
872,0.2516915954415954
873,0.13054962013295346
874,0.9385683760683761
875,0.7999169040835707
876,0.19984567901234565
877,0.48151115859449195
878,0.34499643874643876
879,0.8995429724596392
880,0.35081315289648624
881,0.3806089743589744
882,0.8016381766381766
883,0.5620845204178537
884,0.2593186134852801
885,0.9278549382716049
886,0.24071106362773032
887,0.903786799620133
888,0.28712606837606836
889,0.10624406457739792
890,0.5608677587844254
891,0.7198480531813866
892,0.5786146723646723
893,0.40277777777777785
894,0.7254867046533713
895,0.6129214150047484
896,0.846005460588794
897,0.4780686134852801
898,0.03412867996201329
899,0.7762048907882241
900,0.530122269705603
901,0.07339150047483381
902,0.6819207027540362
903,0.8129748338081672
904,0.2257834757834758
905,0.9117402659069326
906,0.4538817663817664
907,0.0922067901234568
908,0.979789886039886
909,0.2115087844254511
910,0.2555792972459639
911,0.42969491927825265
912,0.24934710351377018
913,0.4124821937321938
914,0.21245845204178537
915,0.3843186134852801
916,0.5653193257359924
917,0.7040895061728395
918,0.40663580246913583
919,0.6981244064577398
920,0.09084164292497626
921,0.19483024691358022
922,0.2945156695156695
923,0.9937974833808166
924,0.8865443969610637
925,0.8263295346628681
926,0.3056445868945869
927,0.43295940170940167
928,0.20417853751187087
929,0.7350427350427351
930,0.627196106362773
931,0.2691417378917379
932,0.8892153371320037
933,0.19138770180436848
934,0.2297008547008547
935,0.39512108262108264
936,0.9710054605887938
937,0.25638057929724595
938,0.24774453941120608
939,0.7323421177587844
940,0.32558760683760685
941,0.9439696106362773
942,0.8812618708452042
943,0.9840040360873695
944,0.6855709876543209
945,0.6819503798670464
946,0.3765135327635328
947,0.7552231718898387
948,0.24824905033238368
949,0.3133012820512821
950,0.9536443494776828
951,0.6298076923076922
952,0.6414411206077872
953,0.5026709401709402
954,0.32855531813865146
955,0.7091346153846154
956,0.9689874169040835
957,0.628590930674264
958,0.185838081671415
959,0.6978276353276355
960,0.008012820512820512
961,0.874732905982906
962,0.2594966761633428
963,0.6715337132003798
964,0.6391856600189935
965,0.2731778252611586
966,0.5900106837606837
967,0.05855294396961064
968,0.09971509971509973
969,0.041518281101614436
970,0.5116927825261159
971,0.5095263532763533
972,0.992818138651472
973,0.3795109211775878
974,0.7115087844254511
975,0.11918328584995252
976,0.2060778727445394
977,0.8203644349477682
978,0.379985754985755
979,0.9802350427350427
980,0.8887405033238366
981,0.9541191832858499
982,0.6663402184235517
983,0.35330603038936376
984,0.9342355175688509
985,0.3705187559354226
986,0.8601911206077872
987,0.5149869420702754
988,0.553448480531814
989,0.8182573599240266
990,0.8806683285849952
991,0.4373219373219373
992,0.25664767331433996
993,0.33220560303893637
994,0.17939814814814814
995,0.9850130579297246
996,0.20450498575498577
997,0.36912393162393164
998,0.5162037037037037
999,0.8158831908831908
1000,0.8502492877492878
1001,0.9688390313390314
1002,0.0766559829059829
1003,0.09624287749287748
1004,0.7392865622032289
1005,0.8428003323836656
1006,0.9846272554605888
1007,0.6721272554605888
1008,0.2702991452991453
1009,0.5987654320987654
1010,0.23881172839506173
1011,0.461301044634378
1012,0.4028964862298195
1013,0.6422424026590693
1014,0.7219254510921177
1015,0.3042794396961064
1016,0.18016975308641978
1017,0.7249228395061729
1018,0.7925273029439697
1019,0.01103988603988604
1020,0.3411087369420702
1021,0.9068732193732193
1022,0.7611585944919278
1023,0.8421771130104464
1024,0.09312678062678063
1025,0.11666073124406458
1026,0.2010921177587844
1027,0.4634674738841405
1028,0.2705662393162393
1029,0.47735636277302945
1030,0.01810303893637227
1031,0.555644586894587
1032,0.6404320987654321
1033,0.06175807217473884
1034,0.7496141975308642
1035,0.19272317188983856
1036,0.5642509496676164
1037,0.9273504273504273
1038,0.2325201804368471
1039,0.8696581196581197
1040,0.6431030389363723
1041,0.28662155745489076
1042,0.3238366571699905
1043,0.7388117283950617
1044,0.008725071225071225
1045,0.36259496676163344
1046,0.0511633428300095
1047,0.6053240740740741
1048,0.7985220797720798
1049,0.7908357075023741
1050,0.04128086419753086
1051,0.5026709401709402
1052,0.3939339981006648
1053,0.9160434472934472
1054,0.6942070275403608
1055,0.4665242165242165
1056,0.6198955365622032
1057,0.5963912630579297
1058,0.01866690408357075
1059,0.8604878917378919
1060,0.6267806267806267
1061,0.2661740265906933
1062,0.04819563152896486
1063,0.6322115384615384
1064,0.8790360873694207
1065,0.3178122032288699
1066,0.16369895536562204
1067,0.5960054605887938
1068,0.5752908357075024
1069,0.9567010921177587
1070,0.5825914055080722
1071,0.7277421652421653
1072,0.2040895061728395
1073,0.8414055080721746
1074,0.032407407407407406
1075,0.20868945868945868
1076,0.031131291547958215
1077,0.17037630579297244
1078,0.2017746913580247
1079,0.9063390313390314
1080,0.05917616334283001
1081,0.3198599240265907
1082,0.807781339031339
1083,0.3931327160493827
1084,0.863900759734093
1085,0.7263473409306743
1086,0.7847815764482432
1087,0.7228454415954416
1088,0.016856600189933523
1089,0.8492996201329536
1090,0.30502136752136755
1091,0.9261930199430198
1092,0.3584995251661918
1093,0.4713912630579298
1094,0.9926697530864197
1095,0.8076626305792972
1096,0.39797008547008544
1097,0.782644824311491
1098,0.21937321937321938
1099,0.634704415954416
1100,0.5174798195631528
1101,0.23827754036087367
1102,0.492551044634378
1103,0.5610754985754985
1104,0.3202457264957265
1105,0.5484924026590693
1106,0.5395002374169041
1107,0.37410968660968663
1108,0.308909069325736
1109,0.6505519943019943
1110,0.8033594491927826
1111,0.11648266856600191
1112,0.2368827160493827
1113,0.7206493352326686
1114,0.6707324311490978
1115,0.5568613485280153
1116,0.5027006172839507
1117,0.757181861348528
1118,0.5224062203228871
1119,0.178923314339981
1120,0.2014482431149098
1121,0.3149335232668566
1122,0.2837428774928775
1123,0.7106778252611585
1124,0.28730413105413105
1125,0.5520536562203229
1126,0.914826685660019
1127,0.6556861348528015
1128,0.18812321937321938
1129,0.4025700379867046
1130,0.09472934472934473
1131,0.2404142924976258
1132,0.10772792022792022
1133,0.027154558404558406
1134,0.9890788224121557
1135,0.12206196581196582
1136,0.17740978157644824
1137,0.03593898385565052
1138,0.8553240740740741
1139,0.5570097340930674
1140,0.7492580721747388
1141,0.9489256885090218
1142,0.06270773979107312
1143,0.4854582146248813
1144,0.8457680436847105
1145,0.8778786799620133
1146,0.9973587369420702
1147,0.42830009496676164
1148,0.02104107312440646
1149,0.6467236467236468
1150,0.9179427825261159
1151,0.00869539411206078
1152,0.5753205128205128
1153,0.9728751187084521
1154,0.604255698005698
1155,0.17634140550807217
1156,0.6033357075023741
1157,0.7269408831908831
1158,0.7205009496676164
1159,0.8278727445394112
1160,0.19349477682811014
1161,0.13844373219373218
1162,0.6380876068376068
1163,0.0556445868945869
1164,0.5622625830959164
1165,0.21088556505223174
1166,0.6985398860398861
1167,0.8780864197530863
1168,0.9399038461538461
1169,0.7998278727445394
1170,0.05822649572649572
1171,0.19079415954415954
1172,0.8884140550807217
1173,0.3732490503323837
1174,0.24130460588793923
1175,0.6412333808167142
1176,0.3306327160493827
1177,0.036799620132953466
1178,0.11051756885090218
1179,0.1133368945868946
1180,0.8956849477682812
1181,0.36111111111111116
1182,0.17554012345679013
1183,0.31350902184235524
1184,0.762761158594492
1185,0.3190586419753086
1186,0.8206908831908831
1187,0.17171177587844255
1188,0.05089624881291547
1189,0.494480056980057
1190,0.43497744539411204
1191,0.47406220322886994
1192,0.9215040360873693
1193,0.46272554605887944
1194,0.3832205603038936
1195,0.08170109211775878
1196,0.5919693732193733
1197,0.818821225071225
1198,0.47711894586894593
1199,0.9316832858499525
1200,0.7218660968660968
1201,0.47174738841405506
1202,0.6654795821462488
1203,0.21225071225071224
1204,0.7510386989553656
1205,0.2462903608736942
1206,0.7842770655270656
1207,0.2060778727445394
1208,0.5642212725546059
1209,0.36977682811016144
1210,0.8470441595441596
1211,0.7398801044634378
1212,0.12197293447293449
1213,0.08846747388414056
1214,0.18260327635327633
1215,0.28104226020892686
1216,0.15372744539411207
1217,0.6950676638176638
1218,0.43577872744539414
1219,0.16455959164292497
1220,0.8413164767331435
1221,0.4671474358974359
1222,0.7159900284900284
1223,0.2999465811965812
1224,0.6104582146248813
1225,0.8041904083570751
1226,0.5119895536562203
1227,0.9629926400759734
1228,0.4821937321937322
1229,0.7732965337132004
1230,0.06644705603038936
1231,0.8915598290598291
1232,0.7251009021842355
1233,0.25252255460588796
1234,0.269616571699905
1235,0.8141915954415954
1236,0.6970263532763532
1237,0.6047602089268755
1238,0.4256588319088319
1239,0.6946225071225071
1240,0.7278905508072174
1241,0.30813746438746437
1242,0.08392687559354224
1243,0.5717889363722698
1244,0.66289767331434
1245,0.24902065527065528
1246,0.02819325735992403
1247,0.2183641975308642
1248,0.5123160018993352
1249,0.9692545109211776
1250,0.574934710351377
1251,0.14975071225071224
1252,0.8456493352326685
1253,0.9088615859449193
1254,0.9877730294396961
1255,0.782644824311491
1256,0.3768399810066477
1257,0.9142331433998101
1258,0.08122625830959164
1259,0.9913936372269706
1260,0.7263473409306743
1261,0.4367283950617284
1262,0.02421652421652422
1263,0.07443019943019943
1264,0.3587962962962963
1265,0.9602623456790124
1266,0.10508665716999051
1267,0.9189518043684711
1268,0.4205246913580247
1269,0.22711894586894588
1270,0.698005698005698
1271,0.21815645773979106
1272,0.3688568376068376
1273,0.7238544634377968
1274,0.8746141975308642
1275,0.6275819088319088
1276,0.3044575023741691
1277,0.5484924026590693
1278,0.6302231718898386
1279,0.1071343779677113
1280,0.87965930674264
1281,0.21026234567901236
1282,0.8411087369420702
1283,0.2746616809116809
1284,0.440556742640076
1285,0.7395833333333334
1286,0.5957086894586895
1287,0.6846806742640076
1288,0.6388592117758786
1289,0.007359924026590693
1290,0.6719788698955366
1291,0.47702991452991456
1292,0.48438983855650525
1293,0.28955959164292494
1294,0.5655567426400759
1295,0.6850961538461539
1296,0.7573599240265906
1297,0.3273088793922127
1298,0.19183285849952517
1299,0.13796889838556503
1300,0.6177291073124406
1301,0.4150641025641026
1302,0.34345322886989554
1303,0.88963081671415
1304,0.34811253561253563
1305,0.9813330959164293
1306,0.589891975308642
1307,0.12565289648622982
1308,0.06991927825261159
1309,0.9610042735042735
1310,0.3974655745489078
1311,0.2999762583095916
1312,0.7391084995251661
1313,0.047067901234567895
1314,0.888235992402659
1315,0.2562618708452042
1316,0.40565645773979103
1317,0.6591286799620133
1318,0.5484330484330484
1319,0.5092592592592593
1320,0.6466346153846154
1321,0.9054783950617283
1322,0.07348053181386514
1323,0.2564399335232668
1324,0.2925866571699905
1325,0.1893399810066477
1326,0.9189814814814814
1327,0.827724358974359
1328,0.12458452041785374
1329,0.6684769705603039
1330,0.9126602564102564
1331,0.5960351377018044
1332,0.4255104463437797
1333,0.18002136752136752
1334,0.8135386989553656
1335,0.616423314339981
1336,0.09036680911680911
1337,0.10069444444444446
1338,0.11431623931623931
1339,0.36784781576448244
1340,0.6961657169990504
1341,0.8447590218423552
1342,0.8789470560303894
1343,0.6643221747388415
1344,0.6362773029439697
1345,0.3041607312440646
1346,0.9899394586894587
1347,0.7977801519468186
1348,0.38998694207027546
1349,0.08742877492877493
1350,0.5298848528015195
1351,0.3874940645773979
1352,0.6278490028490028
1353,0.14218304843304844
1354,0.4048848528015195
1355,0.9578881766381766
1356,0.19592830009496676
1357,0.7459045584045584
1358,0.5803952991452991
1359,0.4238782051282051
1360,0.908980294396961
1361,0.5273622981956315
1362,0.86502849002849
1363,0.8326210826210826
1364,0.19678893637226968
1365,0.8966049382716049
1366,0.31517094017094016
1367,0.8860992402659069
1368,0.81715930674264
1369,0.6027718423551757
1370,0.704594017094017
1371,0.6507597340930674
1372,0.23427113010446346
1373,0.5925035612535612
1374,0.23088793922127251
1375,0.8655923551756884
1376,0.497269705603039
1377,0.9986348528015195
1378,0.3121735517568851
1379,0.10179249762583097
1380,0.841553893637227
1381,0.808909069325736
1382,0.0034722222222222225
1383,0.9661384140550807
1384,0.18933998100664765
1385,0.6941476733143399
1386,0.7833570750237416
1387,0.9062203228869895
1388,0.8263295346628681
1389,0.9893459164292498
1390,0.07526115859449194
1391,0.9403786799620133
1392,0.7023682336182336
1393,0.774928774928775
1394,0.06766381766381767
1395,0.7341524216524217
1396,0.40874287749287747
1397,0.30804843304843305
1398,0.19628442545109212
1399,0.9794337606837606
1400,0.26596628679962014
1401,0.09918091168091168
1402,0.0546949192782526
1403,0.6663995726495727
1404,0.11030982905982906
1405,0.46498100664767333
1406,0.24842711301044637
1407,0.5325854700854701
1408,0.1437559354226021
1409,0.05062915479582147
1410,0.12793803418803418
1411,0.3740206552706553
1412,0.757716049382716
1413,0.8498931623931624
1414,0.16990147198480532
1415,0.5888829534662867
1416,0.9158653846153847
1417,0.4592533238366571
1418,0.5598884140550807
1419,0.7109745963912629
1420,0.6364850427350427
1421,0.929457502374169
1422,0.27166429249762586
1423,0.04846272554605888
1424,0.06095679012345679
1425,0.16577635327635326
1426,0.23875237416904083
1427,0.07692307692307691
1428,0.29694919278252613
1429,0.12497032288698955
1430,0.5241868471035137
1431,0.777659069325736
1432,0.3768399810066477
1433,0.7851970560303894
1434,0.7596153846153846
1435,0.08262108262108263
1436,0.014423076923076922
1437,0.8828941120607787
1438,0.13289411206077872
1439,0.934502611585945
1440,0.15004748338081672
1441,0.2629392212725546
1442,0.7519290123456791
1443,0.21794871794871795
1444,0.4753976733143399
1445,0.770477207977208
1446,0.8214624881291548
1447,0.4404677113010447
1448,0.4350664767331434
1449,0.8094729344729344
1450,0.5772792022792023
1451,0.0353454415954416
1452,0.5847578347578347
1453,0.92554012345679
1454,0.943346391263058
1455,0.37968898385565053
1456,0.3559769705603039
1457,0.36544396961063635
1458,0.906843542260209
1459,0.9217711301044634
1460,0.1622744539411206
1461,0.3038639601139601
1462,0.3331552706552707
1463,0.8654439696106363
1464,0.5544278252611586
1465,0.2196403133903134
1466,0.7703584995251661
1467,0.6459223646723646
1468,0.9052409781576448
1469,0.9665835707502374
1470,0.9446225071225071
1471,0.5368589743589743
1472,0.6424798195631528
1473,0.955514007597341
1474,0.5847578347578348
1475,0.5786443494776828
1476,0.94215930674264
1477,0.7637108262108262
1478,0.5875771604938271
1479,0.31523029439696104
1480,0.6286206077872745
1481,0.13126187084520416
1482,0.9126602564102564
1483,0.3391797245963913
1484,0.3706968186134853
1485,0.22949311490978155
1486,0.47863247863247865
1487,0.6500474833808166
1488,0.5908119658119658
1489,0.31733736942070273
1490,0.8027065527065527
1491,0.04926400759734093
1492,0.9499940645773979
1493,0.9802943969610637
1494,0.9822827635327634
1495,0.4265194681861349
1496,0.7336775878442546
1497,0.23370726495726493
1498,0.7909247388414055
1499,0.8061787749287749
1500,0.3606066001899335
1501,0.3384081196581197
1502,0.5152837132003798
1503,0.39868233618233617
1504,0.2687559354226021
1505,0.6199845679012346
1506,0.5059354226020892
1507,0.8503383190883191
1508,0.3777896486229819
1509,0.10176282051282053
1510,0.4603810541310542
1511,0.7242996201329536
1512,0.4140847578347578
1513,0.6824845679012346
1514,0.7983143399810065
1515,0.24356006647673314
1516,0.4714802943969611
1517,0.037037037037037035
1518,0.6620667141500475
1519,0.4259852801519468
1520,0.14891975308641978
1521,0.09873575498575499
1522,0.3139541785375119
1523,0.20572174738841406
1524,0.838497150997151
1525,0.09873575498575499
1526,0.10698599240265909
1527,0.7635030864197531
1528,0.20560303893637225
1529,0.891886277302944
1530,0.21489197530864199
1531,0.6101614434947769
1532,0.8828050807217473
1533,0.4417141500474833
1534,0.20999525166191835
1535,0.08193850902184235
1536,0.39500237416904077
1537,0.721747388414055
1538,0.5279558404558404
1539,0.7269112060778727
1540,0.8885624406457739
1541,0.7918744064577398
1542,0.5344551282051282
1543,0.047038224121557455
1544,0.33339268755935425
1545,0.49115622032288697
1546,0.7832977207977209
1547,0.7456968186134852
1548,0.29813627730294395
1549,0.8367165242165243
1550,0.7580128205128206
1551,0.47925569800569806
1552,0.03555318138651472
1553,0.7756707027540362
1554,0.2566179962013295
1555,0.09018874643874646
1556,0.05567426400759734
1557,0.35363247863247865
1558,0.1169871794871795
1559,0.5680792972459638
1560,0.22346866096866094
1561,0.2906873219373219
1562,0.6182632953466287
1563,0.6601673789173789
1564,0.5875474833808166
1565,0.19910375118708454
1566,0.024127492877492874
1567,0.5313687084520419
1568,0.737832383665717
1569,0.5933345204178537
1570,0.3939339981006648
1571,0.6937321937321936
1572,0.5997744539411206
1573,0.7015966286799621
1574,0.6273741690408358
1575,0.26463081671415006
1576,0.8432454890788224
1577,0.43770773979107314
1578,0.05879036087369421
1579,0.7276828110161443
1580,0.9290123456790124
1581,0.9214446818613485
1582,0.4935303893637227
1583,0.16191832858499525
1584,0.426460113960114
1585,0.9333155270655271
1586,0.2288698955365622
1587,0.11036918328584995
1588,0.8963675213675213
1589,0.8718542260208926
1590,0.3378442545109211
1591,0.20720560303893634
1592,0.211835232668566
1593,0.46210232668566004
1594,0.06796058879392212
1595,0.6437262583095916
1596,0.5259971509971509
1597,0.829594017094017
1598,0.700468898385565
1599,0.471213200379867
1600,0.4387761158594492
1601,0.5535671889838557
1602,0.6015847578347578
1603,0.8404855175688509
1604,0.8147851377018044
1605,0.9483024691358025
1606,0.15007716049382716
1607,0.25682573599240266
1608,0.3005104463437797
1609,0.7782822886989553
1610,0.8378442545109213
1611,0.7927350427350427
1612,0.44483024691358025
1613,0.3969313865147199
1614,0.35395892687559355
1615,0.8975249287749287
1616,0.5037393162393162
1617,0.017806267806267807
1618,0.21302231718898387
1619,0.37826448243114913
1620,0.39853395061728397
1621,0.8499821937321936
1622,0.39633784425451096
1623,0.4761692782526115
1624,0.9325142450142451
1625,0.0539826685660019
1626,0.12491096866096867
1627,0.6212606837606839
1628,0.9629629629629629
1629,0.3094135802469136
1630,0.3152302943969611
1631,0.16218542260208926
1632,0.31790123456790126
1633,0.8118767806267807
1634,0.7005579297245964
1635,0.19343542260208926
1636,0.4865265906932574
1637,0.591553893637227
1638,0.9868827160493826
1639,0.39013532763532766
1640,0.5589387464387464
1641,0.27584876543209874
1642,0.3933701329534663
1643,0.2629688983855651
1644,0.5001780626780628
1645,0.07802113010446345
1646,0.2539173789173789
1647,0.576388888888889
1648,0.07520180436847103
1649,0.11075498575498575
1650,0.5740443969610637
1651,0.47379510921177587
1652,0.46803774928774927
1653,0.17714268755935425
1654,0.4048848528015195
1655,0.5778430674264008
1656,0.6953050807217475
1657,0.5692070275403608
1658,0.5766559829059829
1659,0.5859152421652422
1660,0.07647792022792023
1661,0.7490503323836656
1662,0.5558226495726495
1663,0.5721153846153846
1664,0.055288461538461536
1665,0.7353988603988603
1666,0.6583570750237416
1667,0.8855056980056979
1668,0.28240740740740744
1669,0.20290242165242167
1670,0.1333392687559354
1671,0.5089328110161443
1672,0.48664529914529914
1673,0.06558641975308642
1674,0.9464031339031339
1675,0.17791429249762583
1676,0.036265432098765434
1677,0.7379214150047483
1678,0.5286087369420703
1679,0.3225011870845204
1680,0.5333570750237416
1681,0.43824192782526117
1682,0.007389601139601139
1683,0.18836063627730293
1684,0.03584995251661918
1685,0.4584817188983856
1686,0.40755579297245964
1687,0.5545762108262108
1688,0.4292794396961064
1689,0.9931445868945868
1690,0.6396901709401709
1691,0.8817960588793922
1692,0.9586597815764483
1693,0.9559888414055081
1694,0.7478335707502374
1695,0.8497744539411206
1696,0.8860695631528964
1697,0.2995311016144349
1698,0.5987951092117759
1699,0.731718898385565
1700,0.6002196106362773
1701,0.12959995251661918
1702,0.23560660018993354
1703,0.9903846153846153
1704,0.08256172839506172
1705,0.6915657644824312
1706,0.41580603038936376
1707,0.6125949667616335
1708,0.13969017094017092
1709,0.890758547008547
1710,0.01952754036087369
1711,0.43290004748338085
1712,0.25382834757834755
1713,0.5782288698955366
1714,0.5802172364672366
1715,0.032288698955365625
1716,0.12375356125356125
1717,0.5849952516619183
1718,0.3613485280151947
1719,0.556386514719848
1720,0.02314814814814815
1721,0.27653133903133903
1722,0.23985042735042736
1723,0.821076685660019
1724,0.04499050332383666
1725,0.38046058879392214
1726,0.13060897435897437
1727,0.6600486704653371
1728,0.6615918803418803
1729,0.16025641025641024
1730,0.9635565052231718
1731,0.6567545109211775
1732,0.09283000949667615
1733,0.9561669040835707
1734,0.9480947293447294
1735,0.4393399810066477
1736,0.374139363722697
1737,0.9945690883190883
1738,0.5830959164292497
1739,0.7994123931623931
1740,0.17892331433998102
1741,0.9269349477682812
1742,0.1257122507122507
1743,0.3389719848053181
1744,0.12930318138651473
1745,0.49836775878442546
1746,0.434443257359924
1747,0.04056861348528015
1748,0.26976495726495725
1749,0.9530508072174738
1750,0.35099121557454893
1751,0.01828110161443495
1752,0.818346391263058
1753,0.5875178062678063
1754,0.6726317663817664
1755,0.8732787274453941
1756,0.7890847578347578
1757,0.2263473409306743
1758,0.5120489078822412
1759,0.14865265906932576
1760,0.7551341405508073
1761,0.15096747388414056
1762,0.8276946818613485
1763,0.5955603038936372
1764,0.369480056980057
1765,0.4426044634377968
1766,0.2200557929724596
1767,0.825528252611586
1768,0.9605591168091169
1769,0.03380223171889839
1770,0.28952991452991456
1771,0.7654320987654321
1772,0.8380816714150047
1773,0.9862891737891738
1774,0.7397613960113961
1775,0.8696284425451092
1776,0.7822886989553656
1777,0.018637226970560302
1778,0.3953288224121558
1779,0.6804665242165243
1780,0.06431030389363722
1781,0.9393993352326685
1782,0.18064458689458687
1783,0.8088793922127255
1784,0.5922067901234568
1785,0.12663224121557456
1786,0.7159603513770181
1787,0.7774216524216523
1788,0.14200498575498577
1789,0.1949192782526116
1790,0.20679012345679013
1791,0.12045940170940171
1792,0.602267331433998
1793,0.41524216524216523
1794,0.03721509971509971
1795,0.28282288698955366
1796,0.5468898385565053
1797,0.6653311965811965
1798,0.3196225071225071
1799,0.119747150997151
1800,0.2604166666666667
1801,0.21507003798670465
1802,0.5578703703703703
1803,0.7239434947768281
1804,0.002166429249762583
1805,0.5046889838556505
1806,0.7578941120607787
1807,0.11885683760683759
1808,0.43936965811965817
1809,0.27840099715099714
1810,0.15325261158594491
1811,0.15998931623931625
1812,0.5847578347578347
1813,0.3862773029439696
1814,0.6109330484330484
1815,0.3908475783475784
1816,0.40562678062678065
1817,0.6425094966761633
1818,0.2158713200379867
1819,0.3276056505223172
1820,0.9471450617283951
1821,0.1540835707502374
1822,0.5845500949667617
1823,0.6289767331433999
1824,0.26264245014245013
1825,0.94747150997151
1826,0.2026056505223172
1827,0.9484211775878442
1828,0.0856184710351377
1829,0.5106244064577398
1830,0.6567545109211775
1831,0.3458273979107313
1832,0.3391797245963913
1833,0.9624584520417855
1834,0.41996082621082625
1835,0.14583333333333334
1836,0.19753086419753085
1837,0.23869301994301995
1838,0.15443969610636277
1839,0.21708808167141502
1840,0.37333808167141497
1841,0.9200795346628681
1842,0.4622210351377018
1843,0.5915835707502374
1844,0.09544159544159543
1845,0.9282110636277303
1846,0.3953584995251662
1847,0.28487060778727447
1848,0.8343423551756884
1849,0.6709104938271605
1850,0.46352682811016144
1851,0.3551163342830009
1852,0.37410968660968663
1853,0.35137701804368465
1854,0.40535968660968663
1855,0.17289886039886038
1856,0.8633368945868947
1857,0.14331077872744538
1858,0.2564399335232668
1859,0.5321403133903134
1860,0.46542616334283005
1861,0.14488366571699907
1862,0.5725308641975309
1863,0.06238129154795822
1864,0.7954356600189932
1865,0.09648029439696108
1866,0.3492105887939221
1867,0.36170465337132
1868,0.6988960113960113
1869,0.9631113485280153
1870,0.36743233618233617
1871,0.651323599240266
1872,0.48462725546058877
1873,0.22833570750237417
1874,0.7148326210826211
1875,0.6406695156695156
1876,0.280122269705603
1877,0.14170821462488128
1878,0.10030864197530864
1879,0.4564043209876543
1880,0.4318910256410256
1881,0.509704415954416
1882,0.061669040835707505
1883,0.9816298670465337
1884,0.93085232668566
1885,0.028400997150997153
1886,0.6338141025641025
1887,0.6540242165242165
1888,0.3004510921177588
1889,0.020952041785375117
1890,0.0855591168091168
1891,0.6556564577397911
1892,0.7925569800569802
1893,0.8533060303893638
1894,0.4380638651471985
1895,0.20020180436847104
1896,0.8718542260208927
1897,0.022109449192782526
1898,0.8282288698955367
1899,0.24804131054131054
1900,0.42180080721747387
1901,0.6186194207027541
1902,0.5072412155745489
1903,0.2504748338081671
1904,0.43761870845204176
1905,0.3259734093067426
1906,0.9986051756885089
1907,0.32425213675213677
1908,0.05831552706552706
1909,0.5760921177587844
1910,0.9558107787274454
1911,0.4107905982905982
1912,0.3391203703703704
1913,0.7758190883190883
1914,0.4434354226020893
1915,0.9363129154795821
1916,0.4344729344729345
1917,0.9537333808167142
1918,0.7252196106362773
1919,0.601258309591643
1920,0.5838675213675214
1921,0.9053596866096867
1922,0.6026234567901235
1923,0.05457621082621083
1924,0.8179012345679012
1925,0.553656220322887
1926,0.8806089743589745
1927,0.8803122032288698
1928,0.694681861348528
1929,0.6054131054131054
1930,0.8641975308641975
1931,0.17913105413105412
1932,0.3330959164292498
1933,0.51661918328585
1934,0.6275225546058879
1935,0.9332561728395062
1936,0.5134734093067427
1937,0.2211835232668566
1938,0.3639304368471035
1939,0.28665123456790126
1940,0.7104700854700855
1941,0.10102089268755936
1942,0.8447590218423553
1943,0.6682989078822413
1944,0.11888651471984805
1945,0.03261514719848053
1946,0.6501661918328585
1947,0.41405508072174735
1948,0.6752433523266856
1949,0.06837606837606837
1950,0.6734033713200379
1951,0.8626839981006648
1952,0.8843186134852802
1953,0.5847578347578347
1954,0.369747150997151
1955,0.19655151946818614
1956,0.26477920227920226
1957,0.8346984805318138
1958,0.6255341880341881
1959,0.39811847103513776
1960,0.34283000949667614
1961,0.5761217948717948
1962,0.5670405982905983
1963,0.5189043209876543
1964,0.5007716049382717
1965,0.4093660968660968
1966,0.9317426400759734
1967,0.25735992402659075
1968,0.25887345679012347
1969,0.547008547008547
1970,0.5170346628679963
1971,0.9558701329534663
1972,0.763235992402659
1973,0.34719254510921177
1974,0.8505163817663818
1975,0.7674798195631528
1976,0.18414648622981958
1977,0.9451270180436847
1978,0.2703288224121558
1979,0.9883665716999052
1980,0.8967236467236468
1981,0.718957739791073
1982,0.5882597340930674
1983,0.3334520417853751
1984,0.6600486704653372
1985,0.35490859449192785
1986,0.524068138651472
1987,0.704594017094017
1988,0.03377255460588794
1989,0.35841049382716045
1990,0.6281457739791073
1991,0.9090396486229819
1992,0.46934354226020886
1993,0.08668684710351378
1994,0.860636277302944
1995,0.6864316239316238
1996,0.6586538461538461
1997,0.7113307217473884
1998,0.725338319088319
1999,0.8389719848053181
2000,0.5430021367521368
2001,0.2798848528015195
2002,0.3114019468186135
2003,0.9357193732193733
2004,0.2690527065527065
2005,0.31155033238366575
2006,0.9027481006647674
2007,0.32894112060778724
2008,0.592948717948718
2009,0.4479166666666667
2010,0.9003739316239315
2011,0.8691239316239315
2012,0.7687262583095916
2013,0.8264779202279202
2014,0.9476495726495727
2015,0.08146367521367522
2016,0.8300391737891738
2017,0.7838319088319089
2018,0.04688983855650522
2019,0.42298789173789175
2020,0.052676875593542255
2021,0.8249940645773979
2022,0.6787155745489079
2023,0.6660137701804368
2024,0.9540301519468186
2025,0.8137761158594493
2026,0.7561728395061729
2027,0.12215099715099714
2028,0.49732905982905984
2029,0.012256647673314339
2030,0.9519824311490979
2031,0.6038105413105413
2032,0.9672661443494777
2033,0.6972637701804368
2034,0.8995132953466287
2035,0.9719848053181387
2036,0.41263057929724595
2037,0.13369539411206077
2038,0.28748219373219375
2039,0.9839446818613485
2040,0.043180199430199434
2041,0.7253086419753086
2042,0.5787037037037037
2043,0.9722815764482432
2044,0.803389126305793
2045,0.03193257359924027
2046,0.09935897435897435
2047,0.567485754985755
2048,0.40829772079772075
2049,0.8923611111111112
2050,0.8954475308641975
2051,0.7710410731244064
2052,0.23875237416904083
2053,0.5983796296296297
2054,0.8032704178537511
2055,0.052083333333333336
2056,0.1878264482431149
2057,0.8181980056980057
2058,0.035137701804368475
2059,0.12550451092117756
2060,0.2296415004748338
2061,0.6294218898385565
2062,0.5154024216524217
2063,0.3273385565052232
2064,0.8009852801519468
2065,0.8079297245963913
2066,0.6419456315289649
2067,0.9515966286799621
2068,0.7819622507122507
2069,0.6663105413105413
2070,0.5370073599240266
2071,0.7080662393162394
2072,0.6618886514719848
2073,0.07211538461538462
2074,0.48246082621082625
2075,0.6953347578347578
2076,0.17417497625830958
2077,0.4897020417853752
2078,0.09695512820512821
2079,0.2247744539411206
2080,0.1156517094017094
2081,0.7349833808167142
2082,0.5704534662867996
2083,0.1923670465337132
2084,0.7800035612535613
2085,0.3881469610636277
2086,0.16524216524216526
2087,0.24029558404558404
2088,0.9497566476733144
2089,0.36033950617283944
2090,0.7900047483380815
2091,0.4836182336182336
2092,0.17200854700854698
2093,0.18180199430199429
2094,0.7159900284900284
2095,0.9930258784425452
2096,0.6080543684710351
2097,0.05807811016144349
2098,0.6968482905982906
2099,0.701655982905983
2100,0.9706493352326685
2101,0.21231006647673314
2102,0.7890550807217473
2103,0.5238307217473884
2104,0.2676282051282051
2105,0.05638651471984805
2106,0.25985280151946816
2107,0.8101555080721748
2108,0.15473646723646722
2109,0.09992283950617285
2110,0.11069563152896485
2111,0.7355175688509021
2112,0.26661918328584994
2113,0.6944444444444445
2114,0.648148148148148
2115,0.523207502374169
2116,0.8648207502374169
2117,0.8494480056980057
2118,0.07259021842355175
2119,0.8721806742640076
2120,0.542022792022792
2121,0.26596628679962014
2122,0.5352267331433999
2123,0.8472222222222222
2124,0.1461301044634378
2125,0.7883725071225071
2126,0.3898682336182336
2127,0.36888651471984807
2128,0.3595975783475784
2129,0.5029083570750237
2130,0.27353395061728397
2131,0.5115147198480532
2132,0.9347993827160493
2133,0.24468779677113014
2134,0.12413936372269706
2135,0.5606006647673314
2136,0.0844017094017094
2137,0.972875118708452
2138,0.06991927825261159
2139,0.3911443494776828
2140,0.18625356125356127
2141,0.6226851851851851
2142,0.5280151946818614
2143,0.791547958214625
2144,0.8179309116809117
2145,0.8290004748338081
2146,0.6485042735042734
2147,0.9794040835707502
2148,0.12989672364672367
2149,0.9337310066476733
2150,0.6812084520417855
2151,0.8682632953466287
2152,0.7695868945868947
2153,0.5603632478632479
2154,0.2838319088319088
2155,0.5492640075973408
2156,0.9168744064577398
2157,0.09615384615384615
2158,0.7378027065527065
2159,0.827991452991453
2160,0.8008665716999049
2161,0.09179131054131055
2162,0.5351970560303894
2163,0.17435303893637225
2164,0.40301519468186137
2165,0.5580781101614435
2166,0.587636514719848
2167,0.6534900284900286
2168,0.3553240740740741
2169,0.39532882241215567
2170,0.8555318138651472
2171,0.1873812915479582
2172,0.7161680911680911
2173,0.9158060303893637
2174,0.5721747388414056
2175,0.17693494776828111
2176,0.4180021367521367
2177,0.2212428774928775
2178,0.3366274928774929
2179,0.35078347578347574
2180,0.8493589743589743
2181,0.15096747388414056
2182,0.06341999050332384
2183,0.6658653846153846
2184,0.36752136752136755
2185,0.43999287749287747
2186,0.6631350902184235
2187,0.2806861348528015
2188,0.38206315289648624
2189,0.7137939221272555
2190,0.024127492877492874
2191,0.9318019943019943
2192,0.866690408357075
2193,0.29552469135802467
2194,0.22857312440645774
2195,0.3557989078822412
2196,0.3900759734093067
2197,0.896545584045584
2198,0.832977207977208
2199,0.22153964862298192
2200,0.1543803418803419
2201,0.4820750237416904
2202,0.07086894586894588
2203,0.8977029914529915
2204,0.8418209876543209
2205,0.7110933048433049
2206,0.627463200379867
2207,0.5001780626780626
2208,0.8583511396011397
2209,0.6327457264957265
2210,0.5162037037037037
2211,0.3057336182336182
2212,0.7427587844254511
2213,0.07989078822412156
2214,0.11588912630579297
2215,0.11755104463437797
2216,0.7254273504273504
2217,0.5579000474833807
2218,0.28632478632478636
2219,0.045821462488129155
2220,0.09606481481481481
2221,0.2581908831908832
2222,0.03902540360873694
2223,0.9067841880341881
2224,0.5906635802469136
2225,0.06416191832858499
2226,0.5946996676163342
2227,0.7985517568850901
2228,0.609241452991453
2229,0.024632003798670463
2230,0.7881350902184235
2231,0.2925866571699905
2232,0.6425391737891738
2233,0.08116690408357075
2234,0.8988010446343778
2235,0.37318969610636277
2236,0.6479997625830959
2237,0.35024928774928776
2238,0.5784959639126305
2239,0.777599715099715
2240,0.6695453466286799
2241,0.09069325735992402
2242,0.09918091168091168
2243,0.5693850902184235
2244,0.013532763532763533
2245,0.09576804368471036
2246,0.4131054131054131
2247,0.3265669515669516
2248,0.3649394586894587
2249,0.7153074548907883
2250,0.2580424976258309
2251,0.6801103988603989
2252,0.7320750237416904
2253,0.9233143399810068
2254,0.16194800569800571
2255,0.29979819563152893
2256,0.5762108262108262
2257,0.09900284900284902
2258,0.13313152896486227
2259,0.24887226970560303
2260,0.6721866096866097
2261,0.708837844254511
2262,0.8201566951566951
2263,0.6478810541310541
2264,0.32315408357075026
2265,0.05392331433998101
2266,0.6837606837606837
2267,0.896070750237417
2268,0.5189933523266856
2269,0.6561906457739791
2270,0.42803300094966756
2271,0.627255460588794
2272,0.4558998100664768
2273,0.9526946818613485
2274,0.8463912630579298
2275,0.005876068376068376
2276,0.28033000949667614
2277,0.9002255460588794
2278,0.7634140550807218
2279,0.24145299145299148
2280,0.2918744064577398
2281,0.6365443969610637
2282,0.41740859449192785
2283,0.4852504748338082
2284,0.738960113960114
2285,0.3547602089268756
2286,0.9414470560303894
2287,0.39158950617283955
2288,0.07526115859449194
2289,0.09876543209876543
2290,0.08713200379867046
2291,0.8696877967711302
2292,0.5852623456790124
2293,0.20957977207977208
2294,0.39417141500474834
2295,0.9156576448243113
2296,0.8318198005698005
2297,0.623278727445394
2298,0.13411087369420702
2299,0.4028668091168091
2300,0.19299026590693258
2301,0.28332739791073125
2302,0.3849418328584995
2303,0.5780211301044634
2304,0.8057929724596392
2305,0.35695631528964866
2306,0.41257122507122507
2307,0.5578703703703703
2308,0.5244539411206078
2309,0.03605769230769231
2310,0.13372507122507124
2311,0.05959164292497626
2312,0.05579297245963913
2313,0.09885446343779676
2314,0.9473824786324787
2315,0.3831315289648623
2316,0.38782051282051283
2317,0.8071284425451092
2318,0.5474537037037037
2319,0.025641025641025644
2320,0.4498160018993352
2321,0.9949252136752137
2322,0.6988069800569799
2323,0.5365325261158594
2324,0.8585588793922128
2325,0.4911858974358975
2326,0.7246854226020893
2327,0.045049857549857554
2328,0.9666132478632479
2329,0.5597103513770181
2330,0.2759377967711301
2331,0.029469373219373218
2332,0.4211479107312441
2333,0.9595500949667617
2334,0.010743114909781576
2335,0.5186372269705603
2336,0.25961538461538464
2337,0.9648326210826211
2338,0.43554131054131057
2339,0.9422483380816714
2340,0.23866334283000948
2341,0.09932929724596391
2342,0.6226258309591644
2343,0.9643874643874644
2344,0.38589150047483384
2345,0.15073005698005695
2346,0.3181089743589744
2347,0.687292260208927
2348,0.0076566951566951575
2349,0.6637879867046533
2350,0.5098231244064578
2351,0.8733084045584046
2352,0.7427587844254511
2353,0.9377967711301044
2354,0.12636514719848055
2355,0.45311016144349475
2356,0.6094491927825261
2357,0.8852682811016145
2358,0.24151234567901234
2359,0.1360695631528965
2360,0.5891500474833808
2361,0.5469491927825261
2362,0.11351495726495726
2363,0.4235220797720798
2364,0.17094017094017092
2365,0.7531457739791073
2366,0.7914292497625831
2367,0.42859686609686615
2368,0.14443850902184238
2369,0.14871201329534664
2370,0.4596094491927825
2371,0.9666726020892688
2372,0.6327754036087371
2373,0.21091524216524218
2374,0.016945631528964864
2375,0.8558582621082621
2376,0.2251602564102564
2377,0.6304012345679012
2378,0.8614078822412156
2379,0.12063746438746438
2380,0.1383250237416904
2381,0.15648741690408355
2382,0.7743055555555555
2383,0.7229344729344729
2384,0.8565705128205128
2385,0.6412630579297246
2386,0.34600546058879394
2387,0.5184591642924975
2388,0.9735576923076922
2389,0.07419278252611587
2390,0.5341880341880342
2391,0.5918803418803419
2392,0.15669515669515668
2393,0.3543744064577398
2394,0.7254867046533713
2395,0.48884140550807215
2396,0.25777540360873696
2397,0.773533950617284
2398,0.22513057929724592
2399,0.6062440645773979
2400,0.11259496676163343
2401,0.2241809116809117
2402,0.4270833333333333
2403,0.530122269705603
2404,0.9219491927825261
2405,0.36962844254510924
2406,0.4107312440645774
2407,0.7596153846153846
2408,0.656784188034188
2409,0.4232549857549858
2410,0.38037155745489076
2411,0.19103157644824312
2412,0.05721747388414055
2413,0.9272317188983855
2414,0.10217830009496676
2415,0.9705603038936372
2416,0.7343601614434948
2417,0.8312559354226021
2418,0.18245489078822416
2419,0.3073065052231719
2420,0.9670584045584046
2421,0.5499465811965812
2422,0.031843542260208926
2423,0.17954653371320037
2424,0.20744301994301995
2425,0.7276234567901234
2426,0.8162689933523266
2427,0.9978335707502374
2428,0.033683523266856606
2429,0.8882656695156695
2430,0.712695868945869
2431,0.6869064577397911
2432,0.8977920227920229
2433,0.4618945868945869
2434,0.38149928774928776
2435,0.49486585944919276
2436,0.5683167141500475
2437,0.9075854700854702
2438,0.5173017568850902
2439,0.5480175688509022
2440,0.6615028490028491
2441,0.9842414529914528
2442,0.5976673789173789
2443,0.43880579297245964
2444,0.8246379392212727
2445,0.5570690883190884
2446,0.694414767331434
2447,0.3612001424501425
2448,0.11832264957264958
2449,0.8183167141500475
2450,0.5928300094966762
2451,0.11505816714150047
2452,0.6698124406457739
2453,0.7118649097815765
2454,0.20150759734093068
2455,0.6086775878442545
2456,0.05344848053181386
2457,0.9440883190883191
2458,0.5986170465337132
2459,0.8310778727445394
2460,0.3291785375118709
2461,0.08763651471984805
2462,0.158446106362773
2463,0.8487951092117759
2464,0.05635683760683761
2465,0.12942188983855651
2466,0.30223171889838557
2467,0.2456374643874644
2468,0.9022139126305793
2469,0.7428478157644824
2470,0.9684532288698956
2471,0.1189161918328585
2472,0.42723171889838557
2473,0.18933998100664765
2474,0.027421652421652423
2475,0.047839506172839504
2476,0.7582205603038936
2477,0.31772317188983856
2478,0.08656813865147199
2479,0.6179368471035138
2480,0.9340574548907883
2481,0.22480413105413102
2482,0.6023860398860399
2483,0.7122210351377017
2484,0.09395773979107314
2485,0.8483202754036087
2486,0.43482905982905984
2487,0.9239672364672366
2488,0.7085113960113961
2489,0.2874228395061728
2490,0.6145536562203229
2491,0.012316001899335233
2492,0.6492462013295346
2493,0.6715337132003799
2494,0.18699548907882244
2495,0.7635327635327637
2496,0.2992936847103514
2497,0.49198717948717946
2498,0.47539767331433996
2499,0.9928478157644824
2500,0.17316595441595442
2501,0.31692188983855657
2502,0.18658000949667616
2503,0.5537452516619183
2504,0.9831433998100665
2505,0.4336122981956316
2506,0.45987654320987653
2507,0.6986882716049383
2508,0.4753679962013295
2509,0.2754926400759734
2510,0.28030033238366575
2511,0.5384615384615384
2512,0.2848112535612536
2513,0.37283357075023743
2514,0.4983084045584046
2515,0.3867521367521367
2516,0.3148741690408357
2517,0.7623753561253562
2518,0.5553478157644824
2519,0.5973112535612536
2520,0.22910731244064575
2521,0.5772792022792023
2522,0.6039292497625831
2523,0.39286562203228864
2524,0.12799738841405509
2525,0.4027184235517569
2526,0.37814577397910737
2527,0.6550925925925926
2528,0.5899513295346629
2529,0.4301400759734093
2530,0.8008368945868946
2531,0.16966405508072177
2532,0.8471035137701804
2533,0.5429131054131054
2534,0.2643933998100665
2535,0.9612120132953467
2536,0.42922008547008544
2537,0.23112535612535612
2538,0.1679724596391263
2539,0.7299976258309592
2540,0.3643162393162393
2541,0.5689102564102565
2542,0.5220204178537512
2543,0.5894764957264957
2544,0.9576210826210826
2545,0.03009259259259259
2546,0.692218660968661
2547,0.15144230769230768
2548,0.6471688034188033
2549,0.0046889838556505225
2550,0.8467177113010447
2551,0.6925451092117759
2552,0.2557573599240266
2553,0.1603454415954416
2554,0.021426875593542265
2555,0.8335113960113959
2556,0.9157466761633429
2557,0.5943138651471985
2558,0.2350130579297246
2559,0.5872507122507122
2560,0.5321106362773029
2561,0.12526709401709402
2562,0.7585173314339982
2563,0.5473646723646723
2564,0.8418209876543209
2565,0.8407229344729346
2566,0.3961894586894587
2567,0.9357193732193733
2568,0.5684650997150996
2569,0.02003205128205128
2570,0.26148504273504275
2571,0.6857490503323836
2572,0.298670465337132
2573,0.379451566951567
2574,0.1465159069325736
2575,0.8605175688509021
2576,0.9889897910731245
2577,0.36817426400759734
2578,0.14642687559354226
2579,0.6647376543209876
2580,0.49275878442545107
2581,0.8930733618233618
2582,0.2542141500474834
2583,0.5331196581196581
2584,0.5337725546058879
2585,0.4313568376068376
2586,0.1623931623931624
2587,0.5010980531813866
2588,0.8262701804368472
2589,0.09606481481481481
2590,0.05249881291547958
2591,0.3591227445394112
2592,0.45922364672364674
2593,0.5294396961063628
2594,0.5730353751187084
2595,0.3162393162393163
2596,0.3362416904083571
2597,0.8789470560303894
2598,0.9048848528015195
2599,0.47124287749287747
2600,0.5554665242165242
2601,0.2694088319088319
2602,0.40826804368471037
2603,0.9632894112060778
2604,0.8489434947768282
2605,0.3778786799620133
2606,0.4835292022792023
2607,0.6152362298195632
2608,0.9728751187084521
2609,0.3185838081671415
2610,0.9196047008547009
2611,0.8554131054131053
2612,0.03985636277302944
2613,0.7091346153846154
2614,0.04739434947768281
2615,0.10674857549857548
2616,0.13897792022792022
2617,0.18251424501424504
2618,0.08027659069325736
2619,0.9494895536562202
2620,0.3027659069325736
2621,0.8873456790123457
2622,0.5556445868945868
2623,0.239761396011396
2624,0.45441595441595445
2625,0.17269112060778727
2626,0.8043981481481483
2627,0.0344551282051282
2628,0.6132775403608738
2629,0.8972875118708452
2630,0.6298670465337132
2631,0.7891144349477682
2632,0.9087725546058879
2633,0.6571403133903134
2634,0.9318019943019943
2635,0.7627018043684711
2636,0.9956077872744539
2637,0.5778430674264007
2638,0.1527777777777778
2639,0.3547008547008547
2640,0.07158119658119659
2641,0.18177231718898387
2642,0.6700498575498575
2643,0.9854878917378919
2644,0.8739909781576447
2645,0.02519586894586895
2646,0.008843779677113011
2647,0.6735517568850903
2648,0.08104819563152897
2649,0.8479938271604938
2650,0.5280448717948718
2651,0.2184235517568851
2652,0.781843542260209
2653,0.7558760683760685
2654,0.18758903133903135
2655,0.2873338081671415
2656,0.4748931623931624
2657,0.7841583570750238
2658,0.6947412155745489
2659,0.6078763057929725
2660,0.9328703703703703
2661,0.07502374169040836
2662,0.045168566001899335
2663,0.10888532763532764
2664,0.17188983855650522
2665,0.9540004748338081
2666,0.9167556980056979
2667,0.49382716049382713
2668,0.680318138651472
2669,0.6658653846153846
2670,0.7357549857549858
2671,0.5885565052231719
2672,0.4481837606837607
2673,0.33517331433998104
2674,0.37440645773979103
2675,0.30202397910731243
2676,0.9254510921177587
2677,0.9855175688509021
2678,0.4597875118708452
2679,0.32267924976258305
2680,0.9311787749287749
2681,0.08330365622032289
2682,0.02587844254510921
2683,0.7202932098765431
2684,0.01430436847103514
2685,0.6425688509021842
2686,0.8508725071225071
2687,0.15488485280151948
2688,0.8068910256410257
2689,0.4307039411206078
2690,0.1475249287749288
2691,0.2859983380816714
2692,0.07472697056030388
2693,0.5787333808167142
2694,0.4738544634377968
2695,0.41260090218423556
2696,0.4641500474833808
2697,0.9798789173789174
2698,0.6458036562203229
2699,0.36704653371320034
2700,0.5817901234567902
2701,0.8596272554605888
2702,0.8773148148148149
2703,0.9063687084520419
2704,0.842622269705603
2705,0.6083808167141501
2706,0.336568138651472
2707,0.9963793922127255
2708,0.04579178537511871
2709,0.8598349952516618
2710,0.6750059354226021
2711,0.14639719848053181
2712,0.31899928774928776
2713,0.2021604938271605
2714,0.8493886514719847
2715,0.4350664767331434
2716,0.008843779677113011
2717,0.8752077397910732
2718,0.5465040360873695
2719,0.5246913580246914
2720,0.6927825261158594
2721,0.29368471035137705
2722,0.9404380341880342
2723,0.17856718898385568
2724,0.5721450617283951
2725,0.026946818613485284
2726,0.809502611585945
2727,0.8436609686609686
2728,0.11167497625830959
2729,0.7132894112060778
2730,0.6787452516619182
2731,0.17456077872744538
2732,0.681178774928775
2733,0.09303774928774929
2734,0.1556861348528015
2735,0.15719966761633428
2736,0.63298314339981
2737,0.15357905982905984
2738,0.7524928774928775
2739,0.5512226970560303
2740,0.7939221272554606
2741,0.9936490978157645
2742,0.9849240265906932
2743,0.3541666666666667
2744,0.6156813865147198
2745,0.8774335232668565
2746,0.9080603038936372
2747,0.7584283000949666
2748,0.3923314339981007
2749,0.3886217948717949
2750,0.14705009496676164
2751,0.32905982905982906
2752,0.48631885090218424
2753,0.4131054131054131
2754,0.36784781576448244
2755,0.8112535612535613
2756,0.6340515194681862
2757,0.4261336657169991
2758,0.3964268755935423
2759,0.46854226020892686
2760,0.581849477682811
2761,0.800332383665717
2762,0.9155389363722697
2763,0.6868471035137702
2764,0.26451210826210825
2765,0.4969135802469136
2766,0.39957264957264954
2767,0.7645417853751187
2768,0.1122685185185185
2769,0.9234924026590693
2770,0.2919040835707502
2771,0.2616037511870845
2772,0.4919278252611586
2773,0.8239850427350427
2774,0.48338081671415
2775,0.5844017094017094
2776,0.6991927825261158
2777,0.3365087844254511
2778,0.43524453941120606
2779,0.26851851851851855
2780,0.6950973409306743
2781,0.7565289648622983
2782,0.04819563152896486
2783,0.014690170940170938
2784,0.33698361823361817
2785,0.13663342830009498
2786,0.051994301994301995
2787,0.03169515669515669
2788,0.30009496676163344
2789,0.21047008547008547
2790,0.07689339981006647
2791,0.13690052231718897
2792,0.7972459639126305
2793,0.8598646723646723
2794,0.6810600664767331
2795,0.5640135327635328
2796,0.0941951566951567
2797,0.23073955365622031
2798,0.7427291073124406
2799,0.8560956790123457
2800,0.34737060778727447
2801,0.8278727445394112
2802,0.3181089743589744
2803,0.9060125830959164
2804,0.19910375118708454
2805,0.25124643874643876
2806,0.25284900284900286
2807,0.2658179012345679
2808,0.4296058879392213
2809,0.5081315289648622
2810,0.1584164292497626
2811,0.015372744539411206
2812,0.9289826685660018
2813,0.2596450617283951
2814,0.030982905982905984
2815,0.7862060778727445
2816,0.37327872744539414
2817,0.26884496676163344
2818,0.7239434947768281
2819,0.9235517568850903
2820,0.8485873694207027
2821,0.18963675213675213
2822,0.4824905033238367
2823,0.64960232668566
2824,0.61835232668566
2825,0.3514957264957265
2826,0.9558404558404558
2827,0.28130935422602094
2828,0.2613960113960114
2829,0.8152599715099714
2830,0.2543328584995252
2831,0.2578347578347578
2832,0.41337250712250717
2833,0.7778964862298197
2834,0.9325439221272553
2835,0.18476970560303893
2836,0.222340930674264
2837,0.35648148148148145
2838,0.27383072174738843
2839,0.3553240740740741
2840,0.23584401709401712
2841,0.9810066476733144
2842,0.9689874169040836
2843,0.8577279202279202
2844,0.2161977682811016
2845,0.18355294396961064
2846,0.5865978157644824
2847,0.15515194681861347
2848,0.15639838556505223
2849,0.19376187084520416
2850,0.34656932573599236
2851,0.8164470560303894
2852,0.1323599240265907
2853,0.8354997625830959
2854,0.014185660018993351
2855,0.7293447293447294
2856,0.07484567901234568
2857,0.49302587844254514
2858,0.12060778727445394
2859,0.44655151946818616
2860,0.14785137701804368
2861,0.4044990503323837
2862,0.7361407882241214
2863,0.20124050332383667
2864,0.70213081671415
2865,0.9057158119658121
2866,0.06609093067426401
2867,0.40070037986704654
2868,0.020239791073124406
2869,0.5014838556505223
2870,0.1896664292497626
2871,0.18097103513770182
2872,0.6403430674264007
2873,0.4588081671415005
2874,0.31855413105413105
2875,0.27792616334283005
2876,0.21833452041785373
2877,0.3165954415954416
2878,0.6270773979107312
2879,0.4959342355175689
2880,0.8749109686609686
2881,0.6881232193732193
2882,0.6053834283000951
2883,0.09268162393162394
2884,0.7911028015194681
2885,0.8929546533713201
2886,0.9877136752136751
2887,0.8121735517568851
2888,0.5246320037986704
2889,0.29175569800569806
2890,0.663758309591643
2891,0.9707086894586894
2892,0.016025641025641024
2893,0.6987773029439697
2894,0.5976673789173789
2895,0.8816179962013296
2896,0.3469551282051282
2897,0.08377849002849003
2898,0.736971747388414
2899,0.3597459639126306
2900,0.42010921177587845
2901,0.28282288698955366
2902,0.5677231718898386
2903,0.013740503323836658
2904,0.20533594491927823
2905,0.7262879867046533
2906,0.585707502374169
2907,0.0182514245014245
2908,0.4765254036087369
2909,0.11496913580246915
2910,0.7233202754036087
2911,0.43408713200379867
2912,0.7161087369420702
2913,0.19655151946818614
2914,0.9324548907882241
2915,0.47124287749287747
2916,0.7083926875593543
2917,0.37461419753086417
2918,0.7336775878442546
2919,0.4639719848053181
2920,0.24489553656220323
2921,0.5226139601139601
2922,0.4136692782526116
2923,0.1314102564102564
2924,0.7341524216524217
2925,0.8392094017094017
2926,0.7361704653371319
2927,0.5216642924976259
2928,0.7991749762583096
2929,0.9090990028490028
2930,0.413431861348528
2931,0.9835292022792023
2932,0.9260446343779677
2933,0.4613900759734093
2934,0.12286324786324786
2935,0.670673076923077
2936,0.058701329534662866
2937,0.2842473884140551
2938,0.7743649097815765
2939,0.9073183760683761
2940,0.6837903608736942
2941,0.06128323836657171
2942,0.8522376543209876
2943,0.16708214624881293
2944,0.6924857549857549
2945,0.39894943019943013
2946,0.37010327635327633
2947,0.2676282051282051
2948,0.41079059829059833
2949,0.12497032288698955
2950,0.2506232193732194
2951,0.08834876543209876
2952,0.7346272554605888
2953,0.9163698955365622
2954,0.33339268755935425
2955,0.1826329534662868
2956,0.8923907882241217
2957,0.6975605413105413
2958,0.28950023741690406
2959,0.613960113960114
2960,0.17188983855650522
2961,0.02914292497625831
2962,0.7670049857549858
2963,0.4552172364672365
2964,0.7678062678062679
2965,0.8585588793922128
2966,0.33965455840455844
2967,0.6335470085470085
2968,0.14788105413105412
2969,0.61835232668566
2970,0.1823065052231719
2971,0.39446818613485285
2972,0.16927825261158594
2973,0.6220916429249762
2974,0.8119064577397911
2975,0.5029380341880342
2976,0.41755698005698005
2977,0.9566417378917379
2978,0.04469373219373219
2979,0.2820809591642925
2980,0.15538936372269704
2981,0.24964387464387464
2982,0.7639482431149097
2983,0.8165064102564102
2984,0.4163698955365622
2985,0.5458214624881291
2986,0.28083452041785373
2987,0.20809591642924977
2988,0.20453466286799618
2989,0.3296830484330484
2990,0.29172602089268757
2991,0.8349358974358975
2992,0.8864553656220323
2993,0.5523504273504274
2994,0.5763592117758783
2995,0.18643162393162394
2996,0.40972222222222215
2997,0.5813449667616334
2998,0.4672958214624881
2999,0.7806861348528016
3000,0.4957858499525167
3001,0.012494064577397912
3002,0.9207621082621081
3003,0.020655270655270657
3004,0.6569028964862299
3005,0.7920524691358025
3006,0.5143933998100665
3007,0.5080721747388414
3008,0.6820690883190883
3009,0.5026709401709402
3010,0.10550213675213675
3011,0.26121794871794873
3012,0.9071403133903134
3013,0.560303893637227
3014,0.012672127255460588
3015,0.02172364672364672
3016,0.11232787274453941
3017,0.8197708926875594
3018,0.14532882241215575
3019,0.717355175688509
3020,0.3683820037986705
3021,0.6551519468186134
3022,0.9039055080721748
3023,0.05831552706552706
3024,0.3963378442545109
3025,0.5568613485280152
3026,0.8541963437796771
3027,0.5314280626780626
3028,0.6256825735992403
3029,0.5253739316239315
3030,0.1634912155745489
3031,0.09146486229819563
3032,0.30511039886039887
3033,0.7275047483380815
3034,0.6054724596391263
3035,0.6210826210826211
3036,0.7260802469135803
3037,0.4818969610636277
3038,0.6501068376068376
3039,0.17420465337132005
3040,0.34045584045584043
3041,0.34401709401709407
3042,0.8760090218423552
3043,0.15506291547958215
3044,0.40533000949667614
3045,0.7570631528964862
3046,0.24394586894586898
3047,0.32811016144349475
3048,0.9221272554605888
3049,0.7710707502374169
3050,0.9805614909781576
3051,0.913164767331434
3052,0.09217711301044634
3053,0.836568138651472
3054,0.4574133428300095
3055,0.28059710351377015
3056,0.7896189458689458
3057,0.04754273504273504
3058,0.9787511870845204
3059,0.0070631528964862295
3060,0.84107905982906
3061,0.9959045584045585
3062,0.48165954415954415
3063,0.6577635327635328
3064,0.33882359924026595
3065,0.06840574548907882
3066,0.7211538461538461
3067,0.4630816714150048
3068,0.7426103988603989
3069,0.3231540835707502
3070,0.06517094017094018
3071,0.05451685660018993
3072,0.19239672364672367
3073,0.6138414055080722
3074,0.7024572649572649
3075,0.4722518993352327
3076,0.017568850902184237
3077,0.9635268281101613
3078,0.9782763532763532
3079,0.40654677113010446
3080,0.10576923076923077
3081,0.3455899810066477
3082,0.8246379392212725
3083,0.1878858024691358
3084,0.6765788224121557
3085,0.7198183760683761
3086,0.36164529914529914
3087,0.3886514719848053
3088,0.2932989078822412
3089,0.38004510921177587
3090,0.2550154320987654
3091,0.4195750237416904
3092,0.11194207027540361
3093,0.8465099715099716
3094,0.09665835707502374
3095,0.5316951566951568
3096,0.3942307692307692
3097,0.12885802469135801
3098,0.9969432573599241
3099,0.12238841405508072
3100,0.28050807217473883
3101,0.09472934472934473
3102,0.11223884140550806
3103,0.1524810066476733
3104,0.5769527540360874
3105,0.6325973409306743
3106,0.36289173789173795
3107,0.7617818138651472
3108,0.18800451092117762
3109,0.0657644824311491
3110,0.07805080721747389
3111,0.29086538461538464
3112,0.002938034188034188
3113,0.3571640550807218
3114,0.11535493827160494
3115,0.7995607787274454
3116,0.32428181386514715
3117,0.03623575498575499
3118,0.7053952991452991
3119,0.7305021367521367
3120,0.006647673314339981
3121,0.11823361823361823
3122,0.15411324786324787
3123,0.9573836657169991
3124,0.24219491927825257
3125,0.6822174738841404
3126,0.17245370370370372
3127,0.8148444919278252
3128,0.05027302943969611
3129,0.32781339031339035
3130,0.7867996201329533
3131,0.8059413580246914
3132,0.34464031339031337
3133,0.5437440645773979
3134,0.16726020892687563
3135,0.09986348528015195
3136,0.5342473884140552
3137,0.16159188034188035
3138,0.2865918803418803
3139,0.9383309591642925
3140,0.543684710351377
3141,0.06576448243114909
3142,0.8952397910731245
3143,0.742491690408357
3144,0.9215040360873695
3145,0.3137761158594492
3146,0.4791666666666667
3147,0.38933404558404555
3148,0.561698717948718
3149,0.8831612060778727
3150,0.004629629629629629
3151,0.6312321937321937
3152,0.055852326685660016
3153,0.14829653371320037
3154,0.2008250237416904
3155,0.16657763532763534
3156,0.2631172839506173
3157,0.5445750237416904
3158,0.06048195631528965
3159,0.32686372269705605
3160,0.7977207977207977
3161,0.334104938271605
3162,0.8629510921177589
3163,0.1591286799620133
3164,0.5289648622981956
3165,0.23884140550807217
3166,0.3959223646723647
3167,0.13636633428300096
3168,0.2149216524216524
3169,0.9012939221272553
3170,0.14129273504273504
3171,0.59375
3172,0.5338912630579297
3173,0.1668744064577398
3174,0.87232905982906
3175,0.7889363722697057
3176,0.015016619183285852
3177,0.6485042735042735
3178,0.5619361348528016
3179,0.03584995251661918
3180,0.4340574548907883
3181,0.2650759734093067
3182,0.5086360398860399
3183,0.7596747388414055
3184,0.03457383665716999
3185,0.6343779677113011
3186,0.3282288698955365
3187,0.9246498100664767
3188,0.16758665716999052
3189,0.19913342830009495
3190,0.9929962013295347
3191,0.7692307692307692
3192,0.1437559354226021
3193,0.399068138651472
3194,0.22940408357075026
3195,0.8666310541310542
3196,0.8095322886989553
3197,0.07508309591642925
3198,0.04653371320037986
3199,0.7206493352326686
3200,0.9788698955365622
3201,0.5054012345679012
3202,0.07261989553656222
3203,0.456849477682811
3204,0.6696047008547009
3205,0.8773148148148149
3206,0.7707146248812915
3207,0.2273860398860399
3208,0.4396070750237417
3209,0.886900522317189
3210,0.040360873694207024
3211,0.9155982905982906
3212,0.31733736942070273
3213,0.7833867521367521
3214,0.25275997150997154
3215,0.3807573599240266
3216,0.9415954415954416
3217,0.9000178062678064
3218,0.8720322886989553
3219,0.8475783475783475
3220,0.7942485754985755
3221,0.5177469135802469
3222,0.5964506172839505
3223,0.8569563152896486
3224,0.12393162393162394
3225,0.11550332383665718
3226,0.5429131054131054
3227,0.9746557454890789
3228,0.9207621082621081
3229,0.7834757834757835
3230,0.2663224121557455
3231,0.14387464387464388
3232,0.6374643874643874
3233,0.5743708452041786
3234,0.5615206552706552
3235,0.2603869895536562
3236,0.6500771604938272
3237,0.8358558879392213
3238,0.16120607787274455
3239,0.6901115859449193
3240,0.2590218423551757
3241,0.23480531813865146
3242,0.670405982905983
3243,0.44082383665717
3244,0.4940942545109212
3245,0.7978098290598291
3246,0.622803893637227
3247,0.5721153846153846
3248,0.3945572174738841
3249,0.30855294396961064
3250,0.6826923076923076
3251,0.19503798670465336
3252,0.26834045584045585
3253,0.09808285849952518
3254,0.6026531339031339
3255,0.10998338081671416
3256,0.09478869895536562
3257,0.03148741690408357
3258,0.8141025641025642
3259,0.2153074548907882
3260,0.7862654320987654
3261,0.5999525166191834
3262,0.18827160493827164
3263,0.7179190408357075
3264,0.14075854700854698
3265,0.5957086894586895
3266,0.5228513770180437
3267,0.8339268755935422
3268,0.9661680911680911
3269,0.3101851851851852
3270,0.5402124881291548
3271,0.8341642924976257
3272,0.5638651471984806
3273,0.3057039411206078
3274,0.10835113960113961
3275,0.5625890313390314
3276,0.6402837132003798
3277,0.6575854700854701
3278,0.9263117283950617
3279,0.7301756885090218
3280,0.49442070275403616
3281,0.06181742640075974
3282,0.4186253561253561
3283,0.0857965337132004
3284,0.9254510921177589
3285,0.13188509021842357
3286,0.7436194207027541
3287,0.6730472459639126
3288,0.762167616334283
3289,0.03498931623931625
3290,0.6214387464387464
3291,0.16013770180436845
3292,0.5014541785375118
3293,0.7354878917378916
3294,0.8073955365622032
3295,0.8448480531813866
3296,0.19770892687559352
3297,0.7932989078822411
3298,0.7629392212725546
3299,0.8542260208926876
3300,0.014749525166191832
3301,0.32264957264957267
3302,0.7589031339031339
3303,0.10627374169040836
3304,0.6528074548907882
3305,0.9935303893637227
3306,0.9756944444444443
3307,0.787304131054131
3308,0.7410671889838557
3309,0.307514245014245
3310,0.9604997625830959
3311,0.7138829534662867
3312,0.6948599240265908
3313,0.3928359449192782
3314,0.6298967236467236
3315,0.5536858974358974
3316,0.8806386514719847
3317,0.9657822886989553
3318,0.7352801519468186
3319,0.9260743114909781
3320,0.01006054131054131
3321,0.18527421652421652
3322,0.04751305792972459
3323,0.29881885090218424
3324,0.8010149572649573
3325,0.4711241690408357
3326,0.055852326685660016
3327,0.43195037986704654
3328,0.23068019943019943
3329,0.8927469135802468
3330,0.9544456315289649
3331,0.5064992877492878
3332,0.8222934472934473
3333,0.7577160493827161
3334,0.5125534188034188
3335,0.8953288224121558
3336,0.8952397910731245
3337,0.7963853276353277
3338,0.6766084995251661
3339,0.3347875118708452
3340,0.8698955365622032
3341,0.8698658594491929
3342,0.681653608736942
3343,0.20687915479582145
3344,0.7419278252611586
3345,0.6315586419753086
3346,0.9129867046533714
3347,0.7825854700854701
3348,0.7481896961063628
3349,0.14283594491927823
3350,0.4230175688509022
3351,0.71409069325736
3352,0.7736229819563153
3353,0.1629867046533713
3354,0.076329534662868
3355,0.6670821462488129
3356,0.14731718898385562
3357,0.6352979582146249
3358,0.020655270655270657
3359,0.1909722222222222
3360,0.01768755935422602
3361,0.025611348528015193
3362,0.448272792022792
3363,0.5570690883190883
3364,0.6054724596391262
3365,0.11505816714150048
3366,0.869420702754036
3367,0.42924976258309594
3368,0.5139779202279202
3369,0.1157110636277303
3370,0.7636514719848053
3371,0.5743708452041786
3372,0.147406220322887
3373,0.04436728395061729
3374,0.7472993827160493
3375,0.3203644349477683
3376,0.12449548907882242
3377,0.7363188509021842
3378,0.9300807217473884
3379,0.3206908831908832
3380,0.5100605413105413
3381,0.1165420227920228
3382,0.4607371794871795
3383,0.6253264482431149
3384,0.9059532288698956
3385,0.87965930674264
3386,0.13541666666666666
3387,0.1263354700854701
3388,0.6303418803418803
3389,0.4900284900284901
3390,0.6634021842355176
3391,0.9987832383665717
3392,0.015580484330484331
3393,0.5522910731244065
3394,0.5027006172839505
3395,0.4803537511870845
3396,0.8909069325735993
3397,0.9710648148148149
3398,0.08018755935422602
3399,0.30039173789173784
3400,0.42414529914529914
3401,0.3522079772079772
3402,0.22468542260208926
3403,0.8633665716999049
3404,0.5448124406457739
3405,0.2236170465337132
3406,0.6481184710351376
3407,0.8121438746438746
3408,0.4223349952516619
3409,0.1461301044634378
3410,0.9668209876543209
3411,0.43586775878442546
3412,0.936639363722697
3413,0.85039767331434
3414,0.5184888414055081
3415,0.6535790598290598
3416,0.14372625830959165
3417,0.3930733618233618
3418,0.12063746438746438
3419,0.3856837606837607
3420,0.776798433048433
3421,0.16622150997150997
3422,0.3379926400759734
3423,0.3011039886039886
3424,0.29638532763532766
3425,0.23706077872744538
3426,0.3320868945868946
3427,0.19477089268755934
3428,0.31763414055080724
3429,0.7291369895536562
3430,0.02584876543209877
3431,0.7074133428300095
3432,0.6344669990503323
3433,0.12137939221272555
3434,0.9103157644824312
3435,0.37304131054131057
3436,0.46174620132953464
3437,0.557781339031339
3438,0.5703347578347578
3439,0.6384140550807218
3440,0.8529499050332384
3441,0.686639363722697
3442,0.04564339981006648
3443,0.6554783950617283
3444,0.7209757834757834
3445,0.5232371794871795
3446,0.6877967711301044
3447,0.2623456790123457
3448,0.25605413105413105
3449,0.25454059829059833
3450,0.32205603038936376
3451,0.19432573599240266
3452,0.5809591642924977
3453,0.8148444919278252
3454,0.990889126305793
3455,0.8153193257359924
3456,0.7037927350427351
3457,0.47910731244064575
3458,0.6193613485280153
3459,0.017034662867996198
3460,0.43530389363722694
3461,0.9478869895536562
3462,0.6439339981006648
3463,0.30202397910731243
3464,0.1304309116809117
3465,0.2507716049382716
3466,0.08701329534662867
3467,0.10250474833808167
3468,0.5204178537511871
3469,0.8502789648622983
3470,0.10247507122507123
3471,0.6794278252611586
3472,0.20385208926875595
3473,0.08268043684710352
3474,0.05226139601139601
3475,0.7427587844254511
3476,0.41435185185185186
3477,0.27555199430199434
3478,0.09416547958214626
3479,0.9350071225071225
3480,0.912838319088319
3481,0.306119420702754
3482,0.44649216524216523
3483,0.8165657644824312
3484,0.06971153846153846
3485,0.7944266381766382
3486,0.9435838081671415
3487,0.2945750237416904
3488,0.16153252611585944
3489,0.6229226020892688
3490,0.2456374643874644
3491,0.27071462488129155
3492,0.49317426400759734
3493,0.38135090218423556
3494,0.6114672364672366
3495,0.6146723646723646
3496,0.7230828584995251
3497,0.7693791547958214
3498,0.004481244064577398
3499,0.6566358024691358
3500,0.9152124881291548
3501,0.7784009971509972
3502,0.17283950617283952
3503,0.3453525641025641
3504,0.3767806267806268
3505,0.04810660018993352
3506,0.16761633428300096
3507,0.499139363722697
3508,0.7797661443494777
3509,0.161235754985755
3510,0.06727801519468186
3511,0.8713793922127255
3512,0.09487773029439696
3513,0.2527006172839506
3514,0.2735933048433048
3515,0.2893815289648623
3516,0.13520892687559355
3517,0.8826566951566952
3518,0.7261692782526116
3519,0.9521011396011397
3520,0.16773504273504272
3521,0.26356244064577394
3522,0.6118233618233618
3523,0.5301816239316239
3524,0.6249109686609686
3525,0.5155508072174738
3526,0.6378501899335233
3527,0.16251187084520416
3528,0.2922008547008547
3529,0.7618114909781576
3530,0.1983321462488129
3531,0.2180971035137702
3532,0.9664351851851851
3533,0.16043447293447294
3534,0.525730056980057
3535,0.11152659069325736
3536,0.22590218423551756
3537,0.2832680436847103
3538,0.09452160493827161
3539,0.888028252611586
3540,0.042616334283000955
3541,0.4921652421652422
3542,0.17316595441595442
3543,0.7575379867046533
3544,0.3306030389363723
3545,0.35280151946818616
3546,0.26035731244064575
3547,0.03395061728395062
3548,0.04427825261158594
3549,0.22976020892687557
3550,0.2138829534662868
3551,0.9042913105413105
3552,0.9840633903133904
3553,0.6735517568850903
3554,0.697204415954416
3555,0.9498160018993352
3556,0.5104166666666666
3557,0.6617402659069326
3558,0.032318376068376065
3559,0.6135446343779677
3560,0.09110873694207028
3561,0.4688983855650522
3562,0.49228395061728397
3563,0.8608736942070276
3564,0.6239316239316239
3565,0.9000474833808166
3566,0.8963675213675213
3567,0.3783535137701804
3568,0.03671058879392213
3569,0.807781339031339
3570,0.5205365622032289
3571,0.8153490028490028
3572,0.7721984805318138
3573,0.044070512820512824
3574,0.16957502374169042
3575,0.7294931149097815
3576,0.9976851851851851
3577,0.17684591642924974
3578,0.9556623931623931
3579,0.8445809591642925
3580,0.6398682336182336
3581,0.0990622032288699
3582,0.7371794871794872
3583,0.3448480531813865
3584,0.9748931623931624
3585,0.6569622507122507
3586,0.7929724596391264
3587,0.08686490978157645
3588,0.5024928774928775
3589,0.9681564577397911
3590,0.29662274453941123
3591,0.6975011870845204
3592,0.840485517568851
3593,0.8358558879392213
3594,0.9384793447293447
3595,0.3391203703703704
3596,0.4082977207977208
3597,0.835707502374169
3598,0.1869064577397911
3599,0.12022198480531815
3600,0.8742877492877493
3601,0.041310541310541314
3602,0.013532763532763533
3603,0.34464031339031337
3604,0.37031101614434947
3605,0.6167200854700855
3606,0.9483915004748339
3607,0.006944444444444444
3608,0.6343779677113011
3609,0.0008903133903133903
3610,0.5805436847103514
3611,0.7838022317188984
3612,0.4916310541310542
3613,0.835648148148148
3614,0.787304131054131
3615,0.30757359924026595
3616,0.14580365622032287
3617,0.22014482431149096
3618,0.9618055555555557
3619,0.8427409781576448
3620,0.46420940170940167
3621,0.7347459639126307
3622,0.06258903133903133
3623,0.9177943969610637
3624,0.17467948717948714
3625,0.7269112060778727
3626,0.7503264482431149
3627,0.6794575023741691
3628,0.5352564102564102
3629,0.36894586894586895
3630,0.848676400759734
3631,0.3869598765432099
3632,0.3203941120607787
3633,0.24142331433998102
3634,0.2685778727445394
3635,0.112832383665717
3636,0.3687084520417854
3637,0.20957977207977208
3638,0.8536028015194681
3639,0.2276531339031339
3640,0.45023148148148145
3641,0.48195631528964866
3642,0.04353632478632479
3643,0.045227920227920236
3644,0.9847459639126305
3645,0.7862654320987654
3646,0.8592414529914528
3647,0.4768221747388414
3648,0.6966999050332383
3649,0.8468660968660968
3650,0.14034306742640076
3651,0.08549976258309593
3652,0.10716405508072174
3653,0.22747507122507124
3654,0.7497625830959164
3655,0.6639066951566952
3656,0.11746201329534663
3657,0.02380104463437797
3658,0.22373575498575496
3659,0.8028549382716049
3660,0.5665064102564102
3661,0.7370904558404558
3662,0.10728276353276354
3663,0.5544871794871794
3664,0.08668684710351376
3665,0.7110636277302943
3666,0.8369836182336182
3667,0.2158119658119658
3668,0.8177231718898387
3669,0.7751068376068376
3670,0.5127314814814815
3671,0.057929724596391265
3672,0.2245073599240266
3673,0.7595857075023741
3674,0.5189339981006648
3675,0.8978513770180436
3676,0.4179131054131054
3677,0.48519112060778724
3678,0.9303774928774929
3679,0.8516737891737892
3680,0.10526471984805319
3681,0.36066595441595445
3682,0.15512226970560306
3683,0.47976020892687554
3684,0.7075023741690408
3685,0.6044931149097815
3686,0.9791666666666666
3687,0.600664767331434
3688,0.5731540835707503
3689,0.7757894112060778
3690,0.19981600189933524
3691,0.7936550332383666
3692,0.6704356600189935
3693,0.9912452516619185
3694,0.09342355175688509
3695,0.8718839031339032
3696,0.14565527065527065
3697,0.783030626780627
3698,0.0860636277302944
3699,0.18827160493827158
3700,0.6317070275403608
3701,0.3900759734093067
3702,0.977860873694207
3703,0.5006528964862298
3704,0.8866037511870846
3705,0.973676400759734
3706,0.5797720797720798
3707,0.650670702754036
3708,0.6127433523266856
3709,0.03211063627730294
3710,0.14610042735042736
3711,0.9126602564102564
3712,0.4070809591642925
3713,0.5032644824311491
3714,0.6770833333333334
3715,0.05994776828110162
3716,0.4561372269705603
3717,0.7342414529914528
3718,0.8947649572649573
3719,0.4912155745489079
3720,0.8227386039886039
3721,0.6352682811016145
3722,0.9023919753086419
3723,0.9705899810066477
3724,0.12390194681861348
3725,0.4894052706552707
3726,0.2448065052231719
3727,0.5838971984805318
3728,0.5999821937321937
3729,0.7120132953466287
3730,0.8491809116809117
3731,0.16171058879392214
3732,0.4932336182336183
3733,0.3320275403608737
3734,0.22136158594491928
3735,0.5987060778727445
3736,0.04068732193732194
3737,0.08858618233618233
3738,0.9758725071225071
3739,0.9044396961063628
3740,0.7162274453941121
3741,0.8159128679962014
3742,0.8658594491927826
3743,0.2720797720797721
3744,0.7259912155745489
3745,0.6410849952516618
3746,0.706315289648623
3747,0.3861882716049383
3748,0.7721688034188033
3749,0.13167735042735043
3750,0.36704653371320034
3751,0.1391559829059829
3752,0.15998931623931625
3753,0.6503442545109211
3754,0.8685600664767331
3755,0.22590218423551756
3756,0.1644408831908832
3757,0.2966524216524216
3758,0.13310185185185183
3759,0.6644705603038936
3760,0.723201566951567
3761,0.8738425925925926
3762,0.7654024216524217
3763,0.6165716999050331
3764,0.4813924501424502
3765,0.5714328110161444
3766,0.4539707977207978
3767,0.6043447293447293
3768,0.4006113485280152
3769,0.883517331433998
3770,0.48519112060778724
3771,0.956582383665717
3772,0.7137345679012346
3773,0.16411443494776826
3774,0.1196877967711301
3775,0.39209401709401703
3776,0.44720441595441596
3777,0.48919753086419754
3778,0.07075023741690409
3779,0.3331849477682811
3780,0.5127908357075023
3781,0.6617105887939222
3782,0.741423314339981
3783,0.5069444444444445
3784,0.5618767806267807
3785,0.8398029439696106
3786,0.353395061728395
3787,0.6588912630579298
3788,0.2116274928774929
3789,0.8076626305792972
3790,0.898801044634378
3791,0.9674145299145298
3792,0.862832383665717
3793,0.45135921177587845
3794,0.6102801519468186
3795,0.7240325261158596
3796,0.8347578347578347
3797,0.40583452041785373
3798,0.567218660968661
3799,0.2231125356125356
3800,0.019913342830009496
3801,0.28104226020892686
3802,0.9529617758784426
3803,0.5386099240265907
3804,0.794218898385565
3805,0.18931030389363723
3806,0.5140966286799621
3807,0.9803834283000951
3808,0.584579772079772
3809,0.4035493827160494
3810,0.3962784900284901
3811,0.5029380341880342
3812,0.3650878442545109
3813,0.21512939221272553
3814,0.8905508072174739
3815,0.2774216524216524
3816,0.6741156220322887
3817,0.37971866096866097
3818,0.8985636277302943
3819,0.8607549857549858
3820,0.6750949667616334
3821,0.41132478632478636
3822,0.8490918803418803
3823,0.30745489078822413
3824,0.33582621082621084
3825,0.9996735517568851
3826,0.6643518518518517
3827,0.32784306742640074
3828,0.8589150047483379
3829,0.371141975308642
3830,0.4033713200379867
3831,0.9937084520417855
3832,0.06347934472934473
3833,0.5343660968660968
3834,0.7091049382716049
3835,0.23379629629629628
3836,0.7496438746438746
3837,0.98804012345679
3838,0.7502374169040836
3839,0.8819444444444445
3840,0.5520239791073125
3841,0.38390313390313385
3842,0.4352742165242165
3843,0.6190052231718899
3844,0.4954594017094018
3845,0.9779499050332384
3846,0.1151471984805318
3847,0.9151234567901234
3848,0.022139126305792973
3849,0.166755698005698
3850,0.7057514245014245
3851,0.9722222222222222
3852,0.31030389363722694
3853,0.7427587844254511
3854,0.8456790123456791
3855,0.030656457739791074
3856,0.24347103513770177
3857,0.10045702754036086
3858,0.2538877018043685
3859,0.34817188983855657
3860,0.16289767331434
3861,0.4038461538461538
3862,0.19174382716049385
3863,0.9321284425451092
3864,0.9994954890788224
3865,0.5737476258309592
3866,0.995548433048433
3867,0.18224715099715097
3868,0.6948896011396011
3869,0.24931742640075974
3870,0.7285434472934473
3871,0.26451210826210825
3872,0.7053359449192782
3873,0.6606422127255461
3874,0.41865503323836656
3875,0.9876543209876543
3876,0.6227742165242165
3877,0.9656042260208927
3878,0.3809354226020893
3879,0.03608736942070275
3880,0.9895239791073124
3881,0.9782763532763532
3882,0.634704415954416
3883,0.6877967711301044
3884,0.20459401709401712
3885,0.3238366571699905
3886,0.8663936372269706
3887,0.5882894112060778
3888,0.4296355650522317
3889,0.4734093067426401
3890,0.22415123456790123
3891,0.8607549857549858
3892,0.09363129154795823
3893,0.7806861348528015
3894,0.4493411680911681
3895,0.64494301994302
3896,0.4893459164292498
3897,0.8993945868945868
3898,0.6494836182336182
3899,0.6286502849002849
3900,0.361496913580247
3901,0.03056742640075973
3902,0.8799560778727445
3903,0.7591108736942069
3904,0.22418091168091167
3905,0.4274988129154796
3906,0.9315942545109211
3907,0.39351851851851855
3908,0.4335232668566002
3909,0.9965277777777777
3910,0.027421652421652426
3911,0.058048433048433046
3912,0.5981718898385565
3913,0.2400878442545109
3914,0.8436609686609686
3915,0.30214268755935425
3916,0.7796177587844254
3917,0.25225546058879394
3918,0.4344135802469136
3919,0.1569622507122507
3920,0.3996913580246913
3921,0.04671177587844255
3922,0.6531635802469137
3923,0.30899810066476735
3924,0.2874525166191833
3925,0.9483321462488129
3926,0.648207502374169
3927,0.16607312440645774
3928,0.3840811965811966
3929,0.8839624881291548
3930,0.9559888414055081
3931,0.009704415954415955
3932,0.6367818138651472
3933,0.021872032288698953
3934,0.8502196106362773
3935,0.07724952516619182
3936,0.47364672364672367
3937,0.6074608262108262
3938,0.8903133903133904
3939,0.3116690408357075
3940,0.49738841405508066
3941,0.9321581196581197
3942,0.15423195631528966
3943,0.5735992402659069
3944,0.8389126305792973
3945,0.7697649572649573
3946,0.2781635802469136
3947,0.08834876543209876
3948,0.5772495251661919
3949,0.9304962013295347
3950,0.3431861348528015
3951,0.3757716049382716
3952,0.8329475308641975
3953,0.2353988603988604
3954,0.9859033713200379
3955,0.1041369895536562
3956,0.5127611585944919
3957,0.6468423551756884
3958,0.48118471035137705
3959,0.8718245489078823
3960,0.40307454890788225
3961,0.29332858499525166
3962,0.24442070275403607
3963,0.831582383665717
3964,0.6166607312440645
3965,0.5408653846153846
3966,0.7587547483380815
3967,0.1554190408357075
3968,0.020358499525166194
3969,0.431980056980057
3970,0.6120607787274454
3971,0.9231659544159544
3972,0.7499406457739791
3973,0.6826032763532762
3974,0.19560185185185186
3975,0.8494183285849952
3976,0.8641678537511871
3977,0.5842236467236467
3978,0.26688627730294395
3979,0.7482193732193733
3980,0.7745429724596392
3981,0.8678478157644824
3982,0.9031635802469137
3983,0.05683167141500475
3984,0.722875118708452
3985,0.1281457739791073
3986,0.6989850427350427
3987,0.01670821462488129
3988,0.8024691358024691
3989,0.09757834757834759
3990,0.7109449192782527
3991,0.7740978157644824
3992,0.09395773979107314
3993,0.5283713200379867
3994,0.7967711301044634
3995,0.8975842830009496
3996,0.7434710351377017
3997,0.025967473884140554
3998,0.5779617758784424
3999,0.2012108262108262
4000,0.32686372269705605
4001,0.2932395536562203
4002,0.1850071225071225
4003,0.48355887939221276
4004,0.7441239316239315
4005,0.5713734567901235
4006,0.47343898385565053
4007,0.06205484330484331
4008,0.970946106362773
4009,0.4622803893637227
4010,0.9898207502374169
4011,0.8521189458689459
4012,0.4047958214624881
4013,0.23985042735042736
4014,0.9994954890788225
4015,0.8988307217473884
4016,0.4668506647673314
4017,0.3559472934472934
4018,0.4791666666666667
4019,0.14150047483380815
4020,0.21412037037037038
4021,0.28448480531813863
4022,0.17055436847103514
4023,0.10176282051282053
4024,0.028519705603038934
4025,0.8048433048433048
4026,0.7739494301994302
4027,0.13182573599240266
4028,0.29751305792972466
4029,0.3219966761633428
4030,0.08870489078822412
4031,0.8228869895536562
4032,0.5203584995251661
4033,0.18945868945868946
4034,0.39001661918328584
4035,0.2309769705603039
4036,0.1611170465337132
4037,0.10292022792022792
4038,0.9288046058879393
4039,0.0897139126305793
4040,0.6870548433048432
4041,0.9402599715099714
4042,0.3060303893637227
4043,0.3567188983855651
4044,0.1902599715099715
4045,0.031428062678062675
4046,0.12945156695156695
4047,0.4951329534662868
4048,0.5155804843304843
4049,0.43752967711301044
4050,0.4576804368471035
4051,0.4572352801519468
4052,0.5559710351377019
4053,0.8625356125356126
4054,0.39378561253561256
4055,0.13322056030389362
4056,0.4529320987654321
4057,0.6515610161443495
4058,0.7158713200379867
4059,0.28774928774928776
4060,0.40906932573599236
4061,0.9702338556505223
4062,0.5661799620132953
4063,0.6740859449192782
4064,0.6626009021842355
4065,0.5628858024691358
4066,0.11983618233618232
4067,0.7216880341880342
4068,0.12918447293447294
4069,0.21768162393162394
4070,0.26801400759734095
4071,0.9775344254510921
4072,0.02038817663817664
4073,0.23308404558404558
4074,0.3737238841405508
4075,0.23406339031339032
4076,0.6734330484330484
4077,0.43969610636277306
4078,0.6563093542260209
4079,0.5521723646723647
4080,0.023979107312440646
4081,0.7780151946818613
4082,0.875207739791073
4083,0.5665064102564102
4084,0.3168031813865147
4085,0.5499465811965812
4086,0.4765254036087369
4087,0.07730887939221273
4088,0.49572649572649574
4089,0.1506113485280152
4090,0.5600961538461539
4091,0.05828584995251662
4092,0.5701566951566952
4093,0.640224358974359
4094,0.1477326685660019
4095,0.13954178537511872
4096,0.22762345679012344
4097,0.5803656220322887
4098,0.21729582146248813
4099,0.9054190408357075
4100,0.7076507597340931
4101,0.5381054131054132
4102,0.5121379392212725
4103,0.6383843779677113
4104,0.9219195156695156
4105,0.7303240740740741
4106,0.6809413580246915
4107,0.7318079297245964
4108,0.9713319088319089
4109,0.9639719848053181
4110,0.47150997150997154
4111,0.019290123456790122
4112,0.9451863722697057
4113,0.6052053656220323
4114,0.2766797245963913
4115,0.14853395061728394
4116,0.17729107312440648
4117,0.9739434947768281
4118,0.30647554605887944
4119,0.4849240265906933
4120,0.9165182811016145
4121,0.7049798195631528
4122,0.7643043684710351
4123,0.07561728395061729
4124,0.6702279202279202
4125,0.10594729344729344
4126,0.4937084520417854
4127,0.33772554605887933
4128,0.4994954890788224
4129,0.635980531813865
4130,0.10286087369420703
4131,0.6436372269705603
4132,0.8570750237416904
4133,0.9099893162393163
4134,0.25249287749287747
4135,0.6635505698005698
4136,0.22079772079772078
4137,0.8235102089268755
4138,0.03754154795821463
4139,0.1984508547008547
4140,0.9926697530864197
4141,0.8611704653371319
4142,0.42429368471035134
4143,0.34754867046533716
4144,0.9185660018993351
4145,0.46560422602089263
4146,0.5491452991452991
4147,0.4932336182336183
4148,0.5825617283950617
4149,0.15627967711301044
4150,0.6454475308641975
4151,0.3117283950617284
4152,0.1225664767331434
4153,0.4688983855650522
4154,0.7086004273504273
4155,0.7789648622981957
4156,0.3356778252611586
4157,0.014541785375118708
4158,0.9235220797720798
4159,0.5733321462488129
4160,0.5935422602089269
4161,0.6417972459639126
4162,0.08377849002849003
4163,0.06899928774928775
4164,0.9223943494776828
4165,0.6228632478632479
4166,0.11051756885090218
4167,0.964565527065527
4168,0.5892687559354226
4169,0.43720322886989554
4170,0.9941239316239315
4171,0.20773979107312437
4172,0.8291191832858499
4173,0.2652540360873694
4174,0.14998812915479584
4175,0.6620667141500475
4176,0.28125
4177,0.059294871794871785
4178,0.8031220322886989
4179,0.5804249762583096
4180,0.886900522317189
4181,0.6371379392212726
4182,0.05181623931623932
4183,0.7865918803418804
4184,0.8906101614434948
4185,0.7772732668566001
4186,0.9000474833808166
4187,0.34259259259259256
4188,0.20904558404558404
4189,0.4472934472934473
4190,0.003264482431149098
4191,0.5831255935422602
4192,0.8887108262108262
4193,0.547602089268756
4194,0.8475189933523266
4195,0.4576804368471035
4196,0.9956968186134852
4197,0.7615147198480532
4198,0.47486348528015193
4199,0.8297424026590693
4200,0.199934710351377
4201,0.7218660968660968
4202,0.5265610161443495
4203,0.44818376068376065
4204,0.2871557454890788
4205,0.3598943494776828
4206,0.7321343779677113
4207,0.543417616334283
4208,0.5942545109211775
4209,0.5768933998100665
4210,0.6400759734093068
4211,0.48590337132003797
4212,0.5531517094017094
4213,0.6864019468186134
4214,0.2789351851851852
4215,0.40340099715099714
4216,0.1739078822412156
4217,0.9499940645773979
4218,0.9840930674264007
4219,0.0864494301994302
4220,0.568613485280152
4221,0.9564043209876543
4222,0.5354938271604938
4223,0.6763414055080722
4224,0.3639007597340931
4225,0.3113425925925926
4226,0.9802053656220323
4227,0.6453881766381766
4228,0.14966168091168094
4229,0.658713200379867
4230,0.8035671889838557
4231,0.1429249762583096
4232,0.09229582146248812
4233,0.32517212725546063
4234,0.011692782526115858
4235,0.6612951092117759
4236,0.2954653371320038
4237,0.44126899335232667
4238,0.23076923076923075
4239,0.5242165242165242
4240,0.7278015194681862
4241,0.8364197530864198
4242,0.11407882241215574
4243,0.2667675688509022
4244,0.9632894112060778
4245,0.4039351851851852
4246,0.20679012345679013
4247,0.06668447293447292
4248,0.37621676163342826
4249,0.7283653846153847
4250,0.7469729344729344
4251,0.5033535137701804
4252,0.05303300094966762
4253,0.798136277302944
4254,0.29766144349477686
4255,0.27353395061728397
4256,0.39390432098765427
4257,0.04374406457739791
4258,0.7843660968660968
4259,0.051934947768281094
4260,0.9584817188983856
4261,0.9221569325735993
4262,0.7417794396961064
4263,0.9031042260208927
4264,0.12479226020892686
4265,0.6280864197530863
4266,0.8676400759734092
4267,0.10805436847103513
4268,0.8867818138651472
4269,0.512968898385565
4270,0.6200142450142451
4271,0.12262583095916428
4272,0.5236526590693257
4273,0.06576448243114909
4274,0.14206433998100665
4275,0.879718660968661
4276,0.7598231244064578
4277,0.15135327635327633
4278,0.14488366571699904
4279,0.5740740740740741
4280,0.9608262108262108
4281,0.6818316714150048
4282,0.6125059354226021
4283,0.08300688509021842
4284,0.15494420702754036
4285,0.6630163817663818
4286,0.4985754985754986
4287,0.7968008072174739
4288,0.7587250712250713
4289,0.166755698005698
4290,0.7755519943019943
4291,0.24222459639126306
4292,0.1847400284900285
4293,0.7809532288698956
4294,0.8583511396011397
4295,0.6568138651471985
4296,0.5617580721747388
4297,0.9618649097815765
4298,0.5269764957264957
4299,0.18530389363722696
4300,0.42105887939221276
4301,0.9991987179487181
4302,0.21667260208926875
4303,0.41595441595441596
4304,0.624465811965812
4305,0.11401946818613484
4306,0.37734449192782527
4307,0.26469017094017094
4308,0.9080603038936372
4309,0.9270536562203229
4310,0.3896011396011396
4311,0.1123872269705603
4312,0.9346213200379867
4313,0.8428300094966762
4314,0.3104226020892687
4315,0.19904439696106366
4316,0.8277540360873695
4317,0.8405745489078823
4318,0.7970085470085472
4319,0.10532407407407407
4320,0.7881350902184234
4321,0.02240622032288699
4322,0.7216880341880341
4323,0.5144527540360874
4324,0.7133190883190883
4325,0.6820987654320988
4326,0.00917022792022792
4327,0.7169100189933523
4328,0.9568198005698005
4329,0.22100546058879392
4330,0.38939339981006643
4331,0.2609211775878442
4332,0.1958986229819563
4333,0.23020536562203228
4334,0.5303596866096866
4335,0.28760090218423556
4336,0.3176934947768281
4337,0.4130460588793922
4338,0.38835470085470086
4339,0.6869361348528015
4340,0.45026115859449195
4341,0.19192188983855651
4342,0.49495489078822413
4343,0.93482905982906
4344,0.8135386989553656
4345,0.23712013295346626
4346,0.11004273504273505
4347,0.3097993827160494
4348,0.3905211301044635
4349,0.03641381766381766
4350,0.11980650522317189
4351,0.1848290598290598
4352,0.9670584045584046
4353,0.6467236467236467
4354,0.43666904083570746
4355,0.2923195631528965
4356,0.8710826210826211
4357,0.36128917378917375
4358,0.5169753086419754
4359,0.06321225071225071
4360,0.9195750237416904
4361,0.6764007597340931
4362,0.8035671889838557
4363,0.30792972459639123
4364,0.8196225071225071
4365,0.5460292022792023
4366,0.5155804843304843
4367,0.8944088319088319
4368,0.007448955365622033
4369,0.25599477682811017
4370,0.5637761158594491
4371,0.4050629154795821
4372,0.9956968186134852
4373,0.2334104938271605
4374,0.4199905033238367
4375,0.7387523741690408
4376,0.3372210351377018
4377,0.5072412155745489
4378,0.9066951566951568
4379,0.9990800094966762
4380,0.4738544634377968
4381,0.2379214150047483
4382,0.45426756885090214
4383,0.6396901709401709
4384,0.8197708926875594
4385,0.3024394586894587
4386,0.5216642924976259
4387,0.0023148148148148147
4388,0.37057811016144354
4389,0.24617165242165243
4390,0.8005104463437797
4391,0.35838081671415006
4392,0.846005460588794
4393,0.4224240265906933
4394,0.6823361823361823
4395,0.24293684710351374
4396,0.7835351377018044
4397,0.014037274453941121
4398,0.9920168566001899
4399,0.402659069325736
4400,0.8637523741690408
4401,0.6014957264957265
4402,0.529320987654321
4403,0.11716524216524216
4404,0.29365503323836656
4405,0.44512701804368476
4406,0.014719848053181389
4407,0.3930733618233618
4408,0.6227148622981956
4409,0.5141856600189934
4410,0.1612951092117759
4411,0.011781813865147197
4412,0.11850071225071224
4413,0.2963556505223172
4414,0.7710113960113961
4415,0.24632003798670465
4416,0.6100130579297246
4417,0.30226139601139596
4418,0.15847578347578348
4419,0.6173136277302943
4420,0.21904677113010448
4421,0.07719017094017094
4422,0.0059650997150997144
4423,0.49908000949667625
4424,0.07015669515669516
4425,0.3295940170940171
4426,0.46966999050332386
4427,0.06968186134852801
4428,0.19049738841405509
4429,0.47575379867046536
4430,0.18836063627730293
4431,0.6713259734093068
4432,0.005015432098765433
4433,0.4491927825261159
4434,0.3277540360873694
4435,0.5040360873694206
4436,0.06066001899335233
4437,0.701923076923077
4438,0.34042616334283
4439,0.5502730294396961
4440,0.8093542260208927
4441,0.0798611111111111
4442,0.7187203228869897
4443,0.4576507597340931
4444,0.5605413105413106
4445,0.4785137701804368
4446,0.33725071225071224
4447,0.6876187084520416
4448,0.2806861348528015
4449,0.7887879867046533
4450,0.4533772554605888
4451,0.8326507597340931
4452,0.9003442545109211
4453,0.657911918328585
4454,0.8372507122507122
4455,0.18272198480531812
4456,0.4251246438746439
4457,0.9463141025641025
4458,0.2206196581196581
4459,0.5715811965811967
4460,0.7964446818613485
4461,0.34119776828110165
4462,0.18209876543209877
4463,0.07879273504273504
4464,0.37318969610636277
4465,0.14443850902184235
4466,0.4504985754985755
4467,0.9874465811965812
4468,0.8892746913580246
4469,0.34348290598290593
4470,0.44082383665717
4471,0.11057692307692307
4472,0.6083511396011396
4473,0.5719076448243114
4474,0.6254154795821463
4475,0.9726970560303894
4476,0.5940467711301045
4477,0.3043684710351377
4478,0.8071877967711302
4479,0.5335054605887939
4480,0.7507716049382717
4481,0.41381766381766383
4482,0.19667022792022792
4483,0.8984745963912631
4484,0.21981837606837606
4485,0.2855531813865147
4486,0.8514957264957266
4487,0.4526056505223172
4488,0.3487060778727445
4489,0.21397198480531812
4490,0.37695868945868943
4491,0.006172839506172839
4492,0.2564399335232668
4493,0.6808820037986706
4494,0.5977267331433999
4495,0.5380163817663818
4496,0.5766856600189934
4497,0.6140194681861348
4498,0.12814577397910729
4499,0.2097578347578348
4500,0.6689221272554606
4501,0.1781517094017094
4502,0.5878145773979108
4503,0.9569681861348528
4504,0.6123575498575499
4505,0.5358796296296297
4506,0.7385743114909782
4507,0.44904439696106363
4508,0.05985873694207028
4509,0.1716227445394112
4510,0.5493827160493828
4511,0.5402718423551757
4512,0.19257478632478633
4513,0.003679962013295347
4514,0.2925866571699905
4515,0.7027837132003799
4516,0.891411443494777
4517,0.49682454890788225
4518,0.9309413580246914
4519,0.4150641025641026
4520,0.5704831433998101
4521,0.766411443494777
4522,0.5681980056980057
4523,0.899068138651472
4524,0.7523148148148149
4525,0.8858915004748339
4526,0.3409603513770181
4527,0.23174857549857553
4528,0.006677350427350427
4529,0.9336122981956315
4530,0.711241690408357
4531,0.19399928774928776
4532,0.10330603038936371
4533,0.581255935422602
4534,0.789826685660019
4535,0.25706315289648624
4536,0.6645892687559354
4537,0.3317307692307692
4538,0.3189696106362773
4539,0.7042675688509021
4540,0.6210232668566003
4541,0.118085232668566
4542,0.17663817663817663
4543,0.9510921177587844
4544,0.9265788224121557
4545,0.3413461538461539
4546,0.6309057454890789
4547,0.46177587844254503
4548,0.7700023741690408
4549,0.2609508547008547
4550,0.5372150997150997
4551,0.8648504273504273
4552,0.7611585944919278
4553,0.5825617283950617
4554,0.29890788224121556
4555,0.5449905033238367
4556,0.33659781576448244
4557,0.7682217473884142
4558,0.9413580246913581
4559,0.7448361823361823
4560,0.0029677113010446346
4561,0.08098884140550806
4562,0.9364613010446344
4563,0.1415895061728395
4564,0.2952279202279202
4565,0.5258190883190883
4566,0.4618649097815764
4567,0.6577932098765432
4568,0.050569800569800566
4569,0.1501661918328585
4570,0.12924382716049385
4571,0.20860042735042736
4572,0.4851317663817664
4573,0.24566714150047483
4574,0.69747150997151
4575,0.1425391737891738
4576,0.5109508547008548
4577,0.6118827160493828
4578,0.33549976258309594
4579,0.2098468660968661
4580,0.4804131054131054
4581,0.5280745489078822
4582,0.8689755460588794
4583,0.25507478632478636
4584,0.9131350902184235
4585,0.8292972459639126
4586,0.554457502374169
4587,0.664500237416904
4588,0.2777481006647673
4589,0.2553418803418803
4590,0.3011633428300095
4591,0.07819919278252611
4592,0.2702694681861349
4593,0.11131885090218424
4594,0.9153905508072174
4595,0.2501780626780627
4596,0.44031932573599236
4597,0.9358974358974358
4598,0.5817307692307693
4599,0.7487238841405509
4600,0.06959283000949668
4601,0.06736704653371321
4602,0.3070097340930675
4603,0.23679368471035137
4604,0.10357312440645773
4605,0.5300925925925926
4606,0.5024038461538461
4607,0.4829950142450142
4608,0.9478869895536562
4609,0.09348290598290598
4610,0.9083273979107312
4611,0.41458926875593544
4612,0.5308048433048433
4613,0.4426638176638176
4614,0.8720322886989553
4615,0.9385683760683761
4616,0.25599477682811017
4617,0.6316773504273504
4618,0.957710113960114
4619,0.7692604463437798
4620,0.9320394112060778
4621,0.3471331908831909
4622,0.7091049382716049
4623,0.37808641975308643
4624,0.6482668566001899
4625,0.02718423551756885
4626,0.4777718423551757
4627,0.36672008547008544
4628,0.9362832383665717
4629,0.5042735042735043
4630,0.41622150997151003
4631,0.849210588793922
4632,0.3767806267806268
4633,0.817218660968661
4634,0.2049798195631529
4635,0.30042141500474834
4636,0.36648266856600187
4637,0.8937856125356124
4638,0.34348290598290604
4639,0.22996794871794876
4640,0.4012345679012346
4641,0.34793447293447294
4642,0.940230294396961
4643,0.9983084045584046
4644,0.9938568376068376
4645,0.04656339031339032
4646,0.7525225546058879
4647,0.47023385565052234
4648,0.24044396961063627
4649,0.7231125356125356
4650,0.0905448717948718
4651,0.7663520892687559
4652,0.14206433998100665
4653,0.6209045584045584
4654,0.4640906932573599
4655,0.1820394112060779
4656,0.7566773504273504
4657,0.9115622032288698
4658,0.189161918328585
4659,0.7747507122507122
4660,0.5074489553656221
4661,0.5544278252611586
4662,0.30855294396961064
4663,0.364761396011396
4664,0.5141559829059829
4665,0.017954653371320038
4666,0.6885683760683761
4667,0.08831908831908832
4668,0.29356600189933524
4669,0.17417497625830958
4670,0.6283535137701804
4671,0.9863188509021842
4672,0.561906457739791
4673,0.08199786324786325
4674,0.06579415954415956
4675,0.8917378917378916
4676,0.2395239791073124
4677,0.3366274928774929
4678,0.14669396961063627
4679,0.8742877492877493
4680,0.3222934472934473
4681,0.20854107312440648
4682,0.16631054131054132
4683,0.6858974358974358
4684,0.16260090218423554
4685,0.7462013295346628
4686,0.6796652421652422
4687,0.12229938271604938
4688,0.35217830009496676
4689,0.3977326685660019
4690,0.30086657169990505
4691,0.6216464862298196
4692,0.30169753086419754
4693,0.9524572649572649
4694,0.2343008072174739
4695,0.7148326210826211
4696,0.48530982905982906
4697,0.6965218423551756
4698,0.966494539411206
4699,0.3720026115859449
4700,0.7228157644824312
4701,0.47032288698955366
4702,0.10262345679012345
4703,0.6477920227920227
4704,0.09410612535612535
4705,0.45572174738841403
4706,0.3003027065527066
4707,0.08980294396961064
4708,0.46527777777777773
4709,0.34829059829059833
4710,0.6290954415954416
4711,0.9272317188983855
4712,0.6608796296296297
4713,0.19177350427350426
4714,0.02184235517568851
4715,0.4371735517568851
4716,0.0034722222222222225
4717,0.25792378917378916
4718,0.795613722697056
4719,0.6643815289648622
4720,0.18444325735992403
4721,0.5300925925925926
4722,0.9297542735042734
4723,0.8265372744539411
4724,0.39446818613485285
4725,0.1298076923076923
4726,0.4182692307692308
4727,0.4388057929724596
4728,0.5407466761633427
4729,0.12310066476733143
4730,0.09974477682811016
4731,0.08650878442545108
4732,0.45863010446343777
4733,0.9306149097815765
4734,0.2304724596391263
4735,0.16132478632478633
4736,0.8261811490978158
4737,0.602801519468186
4738,0.7968008072174739
4739,0.6947412155745489
4740,0.9795821462488129
4741,0.14173789173789172
4742,0.909840930674264
4743,0.36033950617283955
4744,0.4677113010446344
4745,0.6406398385565053
4746,0.45889719848053173
4747,0.34084164292497626
4748,0.09520417853751185
4749,0.5849358974358975
4750,0.774068138651472
4751,0.9274691358024691
4752,0.28365384615384615
4753,0.6018518518518517
4754,0.5591168091168092
4755,0.5744301994301995
4756,0.1436965811965812
4757,0.28466286799620133
4758,0.42393755935422606
4759,0.5075379867046533
4760,0.8867818138651472
4761,0.7445987654320988
4762,0.33867521367521364
4763,0.11114078822412156
4764,0.08998100664767332
4765,0.6582680436847103
4766,0.5353751187084521
4767,0.7399988129154796
4768,0.8836953941120607
4769,0.681980056980057
4770,0.13829534662867995
4771,0.24507359924026587
4772,0.4286265432098766
4773,0.10149572649572651
4774,0.7542141500474834
4775,0.034484805318138655
4776,0.32267924976258305
4777,0.2409781576448243
4778,0.09867640075973409
4779,0.9594907407407408
4780,0.9713319088319089
4781,0.6038105413105413
4782,0.9621320037986706
4783,0.5092889363722697
4784,0.6485042735042735
4785,0.4484508547008547
4786,0.2261692782526116
4787,0.827991452991453
4788,0.4761396011396011
4789,0.03365384615384615
4790,0.07852564102564102
4791,0.06520061728395062
4792,0.818821225071225
4793,0.9559591642924975
4794,0.42221628679962014
4795,0.0726792497625831
4796,0.983974358974359
4797,0.1192426400759734
4798,0.8208392687559355
4799,0.75465930674264
4800,0.7106184710351376
4801,0.7319266381766383
4802,0.0856184710351377
4803,0.13452635327635326
4804,0.2021011396011396
4805,0.1343482905982906
4806,0.6381172839506172
4807,0.8990087844254511
4808,0.3759496676163343
4809,0.2946343779677113
4810,0.26555080721747387
4811,0.4992283950617284
4812,0.5090218423551757
4813,0.7739494301994302
4814,0.8978216999050331
4815,0.6276412630579298
4816,0.6839981006647674
4817,0.22465574548907882
4818,0.5913164767331435
4819,0.5591168091168092
4820,0.9855175688509021
4821,0.7568554131054132
4822,0.10143637226970559
4823,0.7776293922127255
4824,0.6550629154795821
4825,0.773801044634378
4826,0.20037986704653374
4827,0.4073480531813865
4828,0.16500474833808165
4829,0.2932989078822412
4830,0.2793506647673314
4831,0.5914055080721747
4832,0.5795346628679962
4833,0.5227920227920227
4834,0.3595975783475784
4835,0.2734449192782526
4836,0.2766500474833808
4837,0.32938627730294395
4838,0.22916666666666666
4839,0.07995014245014247
4840,0.9121854226020892
4841,0.622536799620133
4842,0.9621913580246915
4843,0.3376068376068376
4844,0.505519943019943
4845,0.49373812915479576
4846,0.13853276353276353
4847,0.920138888888889
4848,0.7774810066476733
4849,0.06876187084520417
4850,0.6717711301044634
4851,0.365562678062678
4852,0.6989553656220323
4853,0.7612773029439697
4854,0.7253976733143399
4855,0.559443257359924
4856,0.7465574548907883
4857,0.5357905982905983
4858,0.4316832858499526
4859,0.31920702754036084
4860,0.4434057454890788
4861,0.8034781576448243
4862,0.2872447768281101
4863,0.18034781576448244
4864,0.7659662867996202
4865,0.606244064577398
4866,0.05009496676163342
4867,0.5092592592592592
4868,0.5587310066476733
4869,0.01887464387464387
4870,0.5221688034188035
4871,0.641886277302944
4872,0.6743530389363723
4873,0.482579534662868
4874,0.9339684235517569
4875,0.6399275878442544
4876,0.21827516619183285
4877,0.23237179487179485
4878,0.8160612535612536
4879,0.7725842830009496
4880,0.8141915954415954
4881,0.8674323361823362
4882,0.4080306267806268
4883,0.3820334757834758
4884,0.5472756410256411
4885,0.8090871320037986
4886,0.9158060303893638
4887,0.09707383665717
4888,0.3098587369420703
4889,0.6016737891737892
4890,0.20441595441595442
4891,0.7832086894586894
4892,0.9677706552706553
4893,0.8606956315289649
4894,0.5504510921177588
4895,0.527065527065527
4896,0.7418981481481483
4897,0.8277540360873695
4898,0.4836775878442545
4899,0.8658594491927826
4900,0.08193850902184235
4901,0.8206315289648622
4902,0.5871023266856601
4903,0.30484330484330485
4904,0.3562143874643875
4905,0.5953228869895537
4906,0.11327754036087369
4907,0.7310956790123457
4908,0.23133309591642925
4909,0.3563924501424502
4910,0.8937262583095916
4911,0.5494123931623932
4912,0.22400284900284897
4913,0.8362120132953467
4914,0.26121794871794873
4915,0.9165479582146249
4916,0.7109152421652422
4917,0.7532941595441596
4918,0.9414470560303894
4919,0.7481303418803419
4920,0.24626068376068377
4921,0.921741452991453
4922,0.9418031813865148
4923,0.07558760683760683
4924,0.9116512345679012
4925,0.5248100664767331
4926,0.1071343779677113
4927,0.8397732668566001
4928,0.737624643874644
4929,0.2299382716049383
4930,0.9445334757834757
4931,0.8233618233618234
4932,0.753650284900285
4933,0.9681564577397911
4934,0.5216346153846154
4935,0.363633665716999
4936,0.322738603988604
4937,0.7224893162393163
4938,0.31956315289648624
4939,0.8696284425451092
4940,0.20863010446343777
4941,0.07161087369420703
4942,0.6967889363722698
4943,0.0995073599240266
4944,0.24786324786324787
4945,0.5024038461538461
4946,0.5126127730294397
4947,0.3790064102564103
4948,0.5871023266856601
4949,0.8274572649572649
4950,0.6981244064577398
4951,0.5521130104463438
4952,0.5911087369420702
4953,0.5906042260208927
4954,0.7572412155745489
4955,0.7283357075023741
4956,0.46584164292497626
4957,0.517361111111111
4958,0.9645655270655271
4959,0.7215990028490028
4960,0.010980531813865149
4961,0.797008547008547
4962,0.4312381291547958
4963,0.6172245963912631
4964,0.8259140550807217
4965,0.16058285849952517
4966,0.13737535612535612
4967,0.6632834757834757
4968,0.04941239316239316
4969,0.5858558879392213
4970,0.9582146248812915
4971,0.5056980056980057
4972,0.36393043684710347
4973,0.11814458689458689
4974,0.22275641025641024
4975,0.7923195631528964
4976,0.5255223171889839
4977,0.7731184710351376
4978,0.1187974833808167
4979,0.8241927825261159
4980,0.7412155745489079
4981,0.03525641025641026
4982,0.3918269230769231
4983,0.8638414055080722
4984,0.6596628679962012
4985,0.7241215574548908
4986,0.9753679962013294
4987,0.9469373219373219
4988,0.2228454415954416
4989,0.0021961063627730297
4990,0.05594135802469136
4991,0.7445987654320989
4992,0.10158475783475783
4993,0.3362416904083571
4994,0.5083689458689459
4995,0.16307573599240266
4996,0.9007894112060778
4997,0.20035018993352327
4998,0.638235992402659
4999,0.7458748812915479
5000,0.20560303893637225
5001,0.1307573599240266
5002,0.365889126305793
5003,0.7399394586894587
5004,0.7021604938271605
5005,0.4855175688509022
5006,0.27246557454890785
5007,0.7705068850902185
5008,0.8958926875593543
5009,0.3587962962962963
5010,0.022851377018043684
5011,0.7227860873694206
5012,0.25866571699905033
5013,0.43049620132953476
5014,0.5131172839506173
5015,0.7537689933523266
5016,0.8382003798670464
5017,0.6939696106362773
5018,0.9117402659069326
5019,0.9182098765432097
5020,0.14891975308641975
5021,0.608173076923077
5022,0.12375356125356125
5023,0.005401234567901234
5024,0.6598112535612536
5025,0.38612891737891736
5026,0.31054131054131057
5027,0.4213259734093067
5028,0.9916013770180436
5029,0.8395061728395062
5030,0.08956552706552706
5031,0.2609211775878443
5032,0.5666251187084521
5033,0.8668387939221273
5034,0.8526828110161443
5035,0.17278015194681862
5036,0.15405389363722696
5037,0.007359924026590694
5038,0.16096866096866094
5039,0.6580603038936372
5040,0.8512286324786325
5041,0.5516975308641975
5042,0.9028964862298196
5043,0.29914529914529914
5044,0.15494420702754033
5045,0.6575854700854701
5046,0.5063509021842355
5047,0.020744301994301998
5048,0.6539351851851851
5049,0.5584639126305793
5050,0.45679012345679015
5051,0.7872447768281102
5052,0.13951210826210825
5053,0.4784840930674264
5054,0.44465218423551756
5055,0.1554190408357075
5056,0.8815883190883191
5057,0.17420465337132005
5058,0.8913224121557456
5059,0.42254273504273504
5060,0.4980116334283002
5061,0.2753442545109212
5062,0.243619420702754
5063,0.13874050332383667
5064,0.26572886989553657
5065,0.6812084520417855
5066,0.7185125830959165
5067,0.38885921177587845
5068,0.9237594966761634
5069,0.739019468186135
5070,0.9150641025641025
5071,0.36879748338081675
5072,0.20533594491927823
5073,0.23676400759734095
5074,0.09558998100664767
5075,0.723676400759734
5076,0.662037037037037
5077,0.4402006172839506
5078,0.5715811965811967
5079,0.9219195156695156
5080,0.20002374169040837
5081,0.03469254510921178
5082,0.4165479582146248
5083,0.36594848053181384
5084,0.022257834757834757
5085,0.9139957264957266
5086,0.9945394112060778
5087,0.08463912630579297
5088,0.37850189933523265
5089,0.143815289648623
5090,0.6480294396961063
5091,0.4208214624881292
5092,0.9785434472934472
5093,0.6708214624881291
5094,0.3860398860398861
5095,0.4345322886989554
5096,0.21328941120607783
5097,0.22735636277302942
5098,0.5430911680911681
5099,0.017657882241215575
5100,0.37968898385565053
5101,0.6468720322886989
5102,0.7557573599240266
5103,0.09185066476733143
5104,0.0930971035137702
5105,0.34060422602089263
5106,0.991957502374169
5107,0.9491927825261159
5108,0.7433820037986704
5109,0.8491215574548908
5110,0.15081908831908833
5111,0.9228988603988603
5112,0.8326804368471036
5113,0.5835113960113959
5114,0.8758606362773028
5115,0.8331255935422602
5116,0.6859864672364674
5117,0.8096509971509972
5118,0.8174857549857549
5119,0.2313034188034188
5120,0.8950023741690409
5121,0.2893815289648623
5122,0.2824370845204179
5123,0.8350842830009496
5124,0.09986348528015193
5125,0.8875534188034188
5126,0.4586894586894587
5127,0.7172364672364672
5128,0.3806089743589743
5129,0.7013592117758783
5130,0.26756885090218424
5131,0.16651828110161443
5132,0.5643696581196581
5133,0.5841049382716049
5134,0.7559354226020892
5135,0.6940586419753085
5136,0.041666666666666664
5137,0.7701507597340931
5138,0.1677647198480532
5139,0.5441892212725546
5140,0.3997803893637227
5141,0.5896545584045584
5142,0.5143340455840456
5143,0.03950023741690408
5144,0.0644883665716999
5145,0.025551994301994303
5146,0.19417735042735043
5147,0.1852742165242165
5148,0.19699667616334285
5149,0.1490087844254511
5150,0.6403133903133903
5151,0.8135980531813866
5152,0.45423789173789175
5153,0.2925273029439696
5154,0.9586301044634379
5155,0.47910731244064575
5156,0.08285849952516619
5157,0.16295702754036087
5158,0.06261870845204177
5159,0.3325023741690409
5160,0.5013948243114911
5161,0.2695275403608737
5162,0.06564577397910731
5163,0.5002077397910731
5164,0.19506766381766383
5165,0.592088081671415
5166,0.7025166191832858
5167,0.4347103513770181
5168,0.3854166666666667
5169,0.3630104463437797
5170,0.5464743589743589
5171,0.8022613960113961
5172,0.7701210826210826
5173,0.3942010921177588
5174,0.2193732193732194
5175,0.9981896961063628
5176,0.6874109686609687
5177,0.9044693732193733
5178,0.9115622032288698
5179,0.8972281576448243
5180,0.20616690408357075
5181,0.48341049382716045
5182,0.5858855650522318
5183,0.015610161443494778
5184,0.5385208926875594
5185,0.34193969610636277
5186,0.0036799620132953463
5187,0.3814399335232668
5188,0.9755757359924027
5189,0.24979226020892686
5190,0.43426519468186137
5191,0.635505698005698
5192,0.48611111111111116
5193,0.6289767331433999
5194,0.6960470085470085
5195,0.6769052706552706
5196,0.36850071225071224
5197,0.21429843304843307
5198,0.18770773979107314
5199,0.10007122507122508
5200,0.026828110161443496
5201,0.5192307692307693
5202,0.46821581196581197
5203,0.1607905982905983
5204,0.5459698480531814
5205,0.10398860398860399
5206,0.34929962013295346
5207,0.7589921652421653
5208,0.15533000949667616
5209,0.7280389363722697
5210,0.9134615384615384
5211,0.8491809116809117
5212,0.6396308167141501
5213,0.5363841405508073
5214,0.23762464387464388
5215,0.7601495726495727
5216,0.8223231244064578
5217,0.20613722697056033
5218,0.7346866096866097
5219,0.008398622981956315
5220,0.8968126780626781
5221,0.19770892687559352
5222,0.32175925925925924
5223,0.6214981006647674
5224,0.7428774928774929
5225,0.07650759734093068
5226,0.9110873694207027
5227,0.8268933998100665
5228,0.8201566951566951
5229,0.9786918328584995
5230,0.3012226970560304
5231,0.7049204653371319
5232,0.8947056030389365
5233,0.1909722222222222
5234,0.30997744539411204
5235,0.12713675213675216
5236,0.09879510921177588
5237,0.866690408357075
5238,0.49899097815764487
5239,0.22916666666666666
5240,0.20539529914529916
5241,0.2647792022792023
5242,0.2284247388414055
5243,0.38458570750237414
5244,0.9669693732193733
5245,0.7189874169040836
5246,0.4671474358974359
5247,0.382448955365622
5248,0.34754867046533716
5249,0.6248219373219374
5250,0.6149394586894587
5251,0.6433107787274454
5252,0.7194325735992403
5253,0.0822946343779677
5254,0.25801282051282054
5255,0.6541726020892688
5256,0.04920465337132004
5257,0.6248516144349479
5258,0.8232431149097815
5259,0.7720500949667616
5260,0.45186372269705605
5261,0.19097222222222224
5262,0.7770655270655271
5263,0.10570987654320989
5264,0.6279380341880342
5265,0.4145892687559354
5266,0.9451863722697057
5267,0.021723646723646725
5268,0.563360636277303
5269,0.15067070275403607
5270,0.5982312440645775
5271,0.4974477682811016
5272,0.910968660968661
5273,0.1473468660968661
5274,0.6734330484330484
5275,0.8156754510921177
5276,0.5404795821462488
5277,0.7853751187084521
5278,0.5905151946818613
5279,0.12514838556505223
5280,0.14316239316239318
5281,0.032852564102564104
5282,0.9464624881291548
5283,0.3098884140550808
5284,0.17933879392212726
5285,0.057573599240265914
5286,0.19759021842355176
5287,0.3768399810066477
5288,0.3544931149097816
5289,0.3892153371320038
5290,0.04125118708452041
5291,0.9571759259259259
5292,0.6455068850902185
5293,0.4888117283950617
5294,0.8197708926875592
5295,0.1738188509021842
5296,0.4871794871794872
5297,0.0527065527065527
5298,0.6207561728395062
5299,0.012256647673314339
5300,0.13437796771130103
5301,0.6800213675213675
5302,0.7034366096866096
5303,0.5156398385565052
5304,0.43399810066476735
5305,0.36452397910731243
5306,0.46759259259259256
5307,0.8544040835707502
5308,0.4220975783475784
5309,0.4622803893637227
5310,0.18156457739791074
5311,0.8162393162393163
5312,0.5654677113010447
5313,0.2884615384615385
5314,0.770684947768281
5315,0.5596213200379867
5316,0.4610933048433048
5317,0.4346213200379867
5318,0.07852564102564102
5319,0.7562618708452041
5320,0.3903727445394112
5321,0.3958333333333333
5322,0.4633190883190883
5323,0.22513057929724598
5324,0.842088081671415
5325,0.5866274928774929
5326,0.030953228869895533
5327,0.23842592592592593
5328,0.334104938271605
5329,0.911502849002849
5330,0.12229938271604938
5331,0.4576507597340931
5332,0.07888176638176639
5333,0.27237654320987653
5334,0.9299323361823362
5335,0.7274453941120607
5336,0.09775641025641026
5337,0.2910434472934473
5338,0.6679131054131054
5339,0.4462844254510921
5340,0.152659069325736
5341,0.034395773979107314
5342,0.9237001424501424
5343,0.3900462962962963
5344,0.25641025641025644
5345,0.11921296296296295
5346,0.6233084045584046
5347,0.8949726970560304
5348,0.28736348528015193
5349,0.265224358974359
5350,0.801994301994302
5351,0.9784247388414055
5352,0.7852564102564102
5353,0.25189933523266855
5354,0.6063627730294397
5355,0.8204831433998101
5356,0.25700379867046536
5357,0.5626780626780628
5358,0.992283950617284
5359,0.08760683760683761
5360,0.3356481481481482
5361,0.7857312440645773
5362,0.4772970085470085
5363,0.11051756885090218
5364,0.061312915479582154
5365,0.9205543684710351
5366,0.01777659069325736
5367,0.025670702754036087
5368,0.8364197530864198
5369,0.8112832383665718
5370,0.23510208926875595
5371,0.25219610636277306
5372,0.12651353276353275
5373,0.5848171889838557
5374,0.06341999050332382
5375,0.20937203228869897
5376,0.39782169990503324
5377,0.12419871794871795
5378,0.31564577397910737
5379,0.6039589268755935
5380,0.7075023741690408
5381,0.2565883190883191
5382,0.5894171415004749
5383,0.49910968660968663
5384,0.4094551282051282
5385,0.3634852801519468
5386,0.20960944919278254
5387,0.7509199905033238
5388,0.16215574548907882
5389,0.9185363247863249
5390,0.716969373219373
5391,0.10603632478632478
5392,0.05140075973409306
5393,0.9597578347578347
5394,0.355116334283001
5395,0.801341405508072
5396,0.43379036087369416
5397,0.6217355175688509
5398,0.5668625356125356
5399,0.6456255935422602
5400,0.203792735042735
5401,0.6785375118708452
5402,0.13093542260208926
5403,0.37431742640075977
5404,0.22569444444444445
5405,0.18426519468186134
5406,0.8497447768281101
5407,0.8092058404558404
5408,0.1431327160493827
5409,0.12117165242165244
5410,0.5643103038936372
5411,0.5610458214624882
5412,0.9034009971509972
5413,0.42916073124406456
5414,0.05917616334283001
5415,0.9807692307692307
5416,0.19922245963912633
5417,0.44607668566001896
5418,0.3731600189933523
5419,0.6543803418803419
5420,0.29959045584045585
5421,0.3823599240265907
5422,0.39399335232668564
5423,0.28570156695156695
5424,0.9302884615384617
5425,0.9278549382716049
5426,0.25664767331433996
5427,0.14479463437796772
5428,0.05870132953466287
5429,0.014363722697056032
5430,0.7445690883190883
5431,0.34288936372269707
5432,0.7983736942070275
5433,0.5650225546058879
5434,0.9039055080721748
5435,0.7267331433998101
5436,0.9580662393162394
5437,0.25730056980056976
5438,0.5566536087369421
5439,0.6663105413105413
5440,0.860844017094017
5441,0.08306623931623931
5442,0.27730294396961064
5443,0.6874109686609686
5444,0.1226258309591643
5445,0.8159425451092117
5446,0.4777718423551757
5447,0.541162155745489
5448,0.3103929249762583
5449,0.016441120607787272
5450,0.9239078822412156
5451,0.02184235517568851
5452,0.9305555555555557
5453,0.5340396486229819
5454,0.3491809116809117
5455,0.8948243114909782
5456,0.11203110161443493
5457,0.3062381291547958
5458,0.04534662867996201
5459,0.8764541785375118
5460,0.903994539411206
5461,0.166755698005698
5462,0.2094017094017094
5463,0.24091880341880342
5464,0.08205721747388414
5465,0.536176400759734
5466,0.7857609211775879
5467,0.9714506172839507
5468,0.4149750712250712
5469,0.34716286799620133
5470,0.9882775403608738
5471,0.6676756885090218
5472,0.452724358974359
5473,0.041666666666666664
5474,0.6030686134852802
5475,0.05039173789173789
5476,0.30255816714150047
5477,0.8550866571699904
5478,0.6130698005698005
5479,0.8824786324786325
5480,0.3493886514719848
5481,0.43913224121557454
5482,0.13054962013295346
5483,0.6783000949667617
5484,0.79588081671415
5485,0.5548433048433049
5486,0.2874821937321937
5487,0.6829594017094017
5488,0.6262167616334283
5489,0.5347222222222222
5490,0.2799145299145299
5491,0.7913105413105411
5492,0.3967236467236468
5493,0.16666666666666666
5494,0.80784069325736
5495,0.8071284425451092
5496,0.12396130104463438
5497,0.5703644349477682
5498,0.20762108262108261
5499,0.06849477682811016
5500,0.0422602089268756
5501,0.5461182336182336
5502,0.17361111111111113
5503,0.3100961538461538
5504,0.960173314339981
5505,0.9428715574548908
5506,0.2070275403608737
5507,0.6386217948717948
5508,0.35090218423551756
5509,0.9548611111111112
5510,0.10069444444444443
5511,0.9774157169990504
5512,0.06238129154795821
5513,0.23486467236467234
5514,0.66889245014245
5515,0.056831671415004746
5516,0.3114613010446344
5517,0.4979226020892688
5518,0.6120904558404558
5519,0.21317070275403607
5520,0.21278490028490027
5521,0.9862001424501424
5522,0.8004807692307692
5523,0.5897139126305793
5524,0.9337903608736943
5525,0.4318316714150048
5526,0.4542082146248813
5527,0.8219669990503323
5528,0.09704415954415956
5529,0.2325201804368471
5530,0.46518874643874647
5531,0.31463675213675213
5532,0.49997032288698956
5533,0.46886870845204176
5534,0.6149691358024691
5535,0.30350783475783477
5536,0.49317426400759734
5537,0.32754629629629634
5538,0.09609449192782527
5539,0.35870726495726496
5540,0.8030033238366571
5541,0.09324548907882242
5542,0.5774869420702754
5543,0.0665360873694207
5544,0.11060660018993353
5545,0.8181386514719847
5546,0.6947708926875594
5547,0.3637523741690409
5548,0.36574074074074076
5549,0.968957739791073
5550,0.33612298195631535
5551,0.5137108262108262
5552,0.25124643874643876
5553,0.2725546058879392
5554,0.6883309591642925
5555,0.4307039411206078
5556,0.4431089743589744
5557,0.7520477207977208
5558,0.9390728869895537
5559,0.4450083095916429
5560,0.9381825735992403
5561,0.7554012345679012
5562,0.025433285849952515
5563,0.4415064102564103
5564,0.1587428774928775
5565,0.9679783950617283
5566,0.664559591642925
5567,0.20115147198480532
5568,0.27617521367521364
5569,0.4093364197530864
5570,0.9530508072174738
5571,0.19714506172839505
5572,0.013265669515669515
5573,0.35710470085470086
5574,0.8147257834757835
5575,0.6667853751187085
5576,0.27044753086419754
5577,0.252463200379867
5578,0.5751127730294397
5579,0.1644408831908832
5580,0.9758725071225071
5581,0.5900106837606837
5582,0.17963556505223174
5583,0.1414707977207977
5584,0.7230235042735043
5585,0.13378442545109212
5586,0.6592473884140552
5587,0.777065527065527
5588,0.6074311490978158
5589,0.6010802469135803
5590,0.3365384615384615
5591,0.1807632953466287
5592,0.7130223171889839
5593,0.05769230769230769
5594,0.3176638176638176
5595,0.39924620132953464
5596,0.7352801519468186
5597,0.9512108262108262
5598,0.2364969135802469
5599,0.8660968660968661
5600,0.9228988603988603
5601,0.4250059354226021
5602,0.4280626780626781
5603,0.7228751187084521
5604,0.06238129154795822
5605,0.7722281576448243
5606,0.5100902184235517
5607,0.025937796771130103
5608,0.7037927350427351
5609,0.8037155745489079
5610,0.3483796296296296
5611,0.40331196581196577
5612,0.3320868945868946
5613,0.5793566001899335
5614,0.53392094017094
5615,0.013473409306742642
5616,0.32407407407407407
5617,0.8135683760683761
5618,0.991690408357075
5619,0.5018696581196581
5620,0.28537511870845206
5621,0.6124465811965812
5622,0.19426638176638178
5623,0.039233143399810065
5624,0.48533950617283955
5625,0.7799738841405509
5626,0.5073896011396012
5627,0.9917200854700855
5628,0.3346094491927825
5629,0.5258190883190883
5630,0.9343542260208927
5631,0.17361111111111113
5632,0.2117758784425451
5633,0.06715930674264008
5634,0.6983024691358025
5635,0.40524097815764487
5636,0.019379154795821463
5637,0.47646604938271603
5638,0.8030626780626781
5639,0.030834520417853752
5640,0.16960470085470084
5641,0.5521723646723647
5642,0.21141975308641978
5643,0.7990265906932573
5644,0.39111467236467234
5645,0.2643340455840456
5646,0.7829119183285851
5647,0.35763888888888884
5648,0.2156042260208927
5649,0.27641263057929727
5650,0.11295109211775879
5651,0.5228216999050331
5652,0.25133547008547014
5653,0.1174916904083571
5654,0.1111111111111111
5655,0.8941120607787275
5656,0.5800985280151947
5657,0.5935422602089269
5658,0.17933879392212726
5659,0.5096153846153846
5660,0.21453584995251662
5661,0.8278133903133903
5662,0.3167438271604938
5663,0.5700973409306742
5664,0.08101851851851853
5665,0.8765432098765432
5666,0.43432454890788225
5667,0.8832502374169041
5668,0.9910375118708452
5669,0.6298670465337132
5670,0.8412571225071225
5671,0.3871972934472934
5672,0.18939933523266858
5673,0.6478513770180436
5674,0.7919040835707502
5675,0.5966583570750238
5676,0.9853395061728394
5677,0.3732193732193732
5678,0.431119420702754
5679,0.9524572649572649
5680,0.19444444444444442
5681,0.2928537511870845
5682,0.6925747863247863
5683,0.566951566951567
5684,0.2811906457739791
5685,0.49516263057929727
5686,0.4583036562203229
5687,0.5352267331433999
5688,0.23201566951566951
5689,0.2665895061728395
5690,0.1906160968660969
5691,0.12583095916429252
5692,0.235903371320038
5693,0.6404617758784426
5694,0.3718839031339031
5695,0.7068198005698006
5696,0.6630163817663818
5697,0.6239316239316239
5698,0.3360636277302944
5699,0.6725130579297246
5700,0.3606956315289649
5701,0.933315527065527
5702,0.431119420702754
5703,0.6333392687559355
5704,0.8292972459639126
5705,0.7744836182336182
5706,0.4188924501424502
5707,0.23311372269705602
5708,0.47700023741690406
5709,0.8457977207977209
5710,0.8970500949667617
5711,0.40619064577397906
5712,0.0202991452991453
5713,0.161235754985755
5714,0.6345560303893637
5715,0.2175332383665717
5716,0.018785612535612537
5717,0.8685007122507122
5718,0.8754154795821463
5719,0.017094017094017092
5720,0.6931386514719847
5721,0.038491215574548904
5722,0.977801519468186
5723,0.6963141025641026
5724,0.22845441595441596
5725,0.3601317663817664
5726,0.6129214150047483
5727,0.8971984805318138
5728,0.8198599240265908
5729,0.08176044634377967
5730,0.6288283475783477
5731,0.9455128205128206
5732,0.18132716049382716
5733,0.6110220797720798
5734,0.9822234093067426
5735,0.21204297245963913
5736,0.015194681861348527
5737,0.8552647198480532
5738,0.8401293922127255
5739,0.11099240265906933
5740,0.6329831433998101
5741,0.29012345679012347
5742,0.484775641025641
5743,0.8577872744539411
5744,0.6164529914529915
5745,0.05514007597340931
5746,0.24172008547008547
5747,0.4209698480531814
5748,0.39191595441595445
5749,0.6267212725546059
5750,0.9335232668566001
5751,0.038253798670465335
5752,0.4684235517568851
5753,0.20788817663817663
5754,0.08063271604938271
5755,0.3636039886039886
5756,0.07404439696106363
5757,0.5720560303893637
5758,0.8569563152896486
5759,0.6200439221272555
5760,0.21667260208926875
5761,0.06107549857549857
5762,0.6792794396961064
5763,0.9089506172839505
5764,0.0059947768281101614
5765,0.7939221272554606
5766,0.9647732668566001
5767,0.3279320987654321
5768,0.8266856600189932
5769,0.034395773979107314
5770,0.39853395061728397
5771,0.99335232668566
5772,0.5587310066476733
5773,0.7454297245963913
5774,0.8891263057929724
5775,0.4750415479582146
5776,0.8265075973409307
5777,0.02104107312440646
5778,0.2689043209876543
5779,0.17058404558404558
5780,0.273801044634378
5781,0.6635802469135803
5782,0.3652065527065527
5783,0.6725724121557454
5784,0.906724833808167
5785,0.7726436372269706
5786,0.007033475783475784
5787,0.4031339031339032
5788,0.9324548907882241
5789,0.2650759734093067
5790,0.953852089268756
5791,0.9934116809116809
5792,0.31882122507122507
5793,0.576329534662868
5794,0.5037689933523267
5795,0.4721331908831909
5796,0.5014541785375118
5797,0.8732193732193733
5798,0.9710944919278254
5799,0.2254867046533713
5800,0.6911206077872745
5801,0.6066298670465337
5802,0.8931623931623932
5803,0.7065230294396961
5804,0.32944563152896483
5805,0.43016975308641975
5806,0.8372507122507123
5807,0.2234983380816714
5808,0.9959935897435898
5809,0.12968898385565053
5810,0.3360042735042735
5811,0.8997507122507122
5812,0.9622210351377017
5813,0.9515075973409307
5814,0.8950023741690408
5815,0.8952397910731245
5816,0.8566298670465337
5817,0.8806089743589745
5818,0.24664648622981958
5819,0.9758725071225071
5820,0.6199845679012346
5821,0.21153846153846154
5822,0.9938568376068376
5823,0.10772792022792023
5824,0.823005698005698
5825,0.3000356125356125
5826,0.2284247388414055
5827,0.15981125356125356
5828,0.8857431149097815
5829,0.6203110161443495
5830,0.40954415954415957
5831,0.42381885090218424
5832,0.706582383665717
5833,0.5468601614434947
5834,0.40331196581196577
5835,0.7202635327635328
5836,0.4583630104463438
5837,0.737565289648623
5838,0.14918684710351376
5839,0.04178537511870845
5840,0.0625593542260209
5841,0.8548195631528964
5842,0.4520417853751187
5843,0.5346925451092118
5844,0.5804843304843305
5845,0.72539767331434
5846,0.8574311490978158
5847,0.5568613485280153
5848,0.46017331433998104
5849,0.369480056980057
5850,0.9607371794871794
5851,0.906457739791073
5852,0.8095322886989553
5853,0.46049976258309594
5854,0.8131232193732193
5855,0.09588675213675213
5856,0.4831730769230769
5857,0.4045584045584045
5858,0.7383962488129154
5859,0.26451210826210825
5860,0.909247388414055
5861,0.16277896486229818
5862,0.7440349002849004
5863,0.4937678062678062
5864,0.5766263057929725
5865,0.5133547008547008
5866,0.3961004273504274
5867,0.3938746438746439
5868,0.3228869895536562
5869,0.40461775878442546
5870,0.023979107312440646
5871,0.5081018518518519
5872,0.0573065052231719
5873,0.4256291547958215
5874,0.970352564102564
5875,0.995073599240266
5876,0.35870726495726496
5877,0.9052409781576447
5878,0.5298848528015194
5879,0.29499050332383664
5880,0.6572293447293447
5881,0.5824133428300095
5882,0.1851851851851852
5883,0.571343779677113
5884,0.8090277777777778
5885,0.08897198480531814
5886,0.7197590218423553
5887,0.8685303893637227
5888,0.7351317663817664
5889,0.8885030864197531
5890,0.08532169990503324
5891,0.2713378442545109
5892,0.7265550807217473
5893,0.31454772079772075
5894,0.3134496676163343
5895,0.4564043209876543
5896,0.1196284425451092
5897,0.34345322886989554
5898,0.7556683285849952
5899,0.5018103038936372
5900,0.4543269230769231
5901,0.7780151946818613
5902,0.7621379392212725
5903,0.8838734567901234
5904,0.9432573599240266
5905,0.7147732668566001
5906,0.3008368945868946
5907,0.9636455365622032
5908,0.2728810541310542
5909,0.3911740265906933
5910,0.5384021842355176
5911,0.4729938271604938
5912,0.9091286799620133
5913,0.04214150047483381
5914,0.4466405508072175
5915,0.5501246438746438
5916,0.04534662867996201
5917,0.09796415004748338
5918,0.8794812440645773
5919,0.3793031813865147
5920,0.9491631054131053
5921,0.35968660968660965
5922,0.4096035137701805
5923,0.4038164767331434
5924,0.6456255935422602
5925,0.40497388414055085
5926,0.9321581196581197
5927,0.5342473884140552
5928,0.3939933523266857
5929,0.07808048433048433
5930,0.43432454890788225
5931,0.8528015194681862
5932,0.2858202754036087
5933,0.8705781101614435
5934,0.7181267806267805
5935,0.6496616809116809
5936,0.06668447293447292
5937,0.40725902184235513
5938,0.6666963437796771
5939,0.06051163342830009
5940,0.9253917378917379
5941,0.3544931149097816
5942,0.4482431149097816
5943,0.3930436847103514
5944,0.6893696581196581
5945,0.9608855650522318
5946,0.3574014719848053
5947,0.38280508072174735
5948,0.45281339031339035
5949,0.7593482905982906
5950,0.11292141500474834
5951,0.7018043684710351
5952,0.471539648622982
5953,0.6919218898385565
5954,0.6937915479582147
5955,0.21542616334282996
5956,0.862565289648623
5957,0.7914886039886039
5958,0.7715159069325735
5959,0.5800391737891738
5960,0.3371320037986705
5961,0.0352860873694207
5962,0.6171355650522318
5963,0.055585232668566
5964,0.8176638176638177
5965,0.49139363722697055
5966,0.2719610636277303
5967,0.06724833808167141
5968,0.37440645773979103
5969,0.7673017568850903
5970,0.8945275403608738
5971,0.2772435897435897
5972,0.8749703228869895
5973,0.4948065052231718
5974,0.8158238366571698
5975,0.7300569800569802
5976,0.059710351377018044
5977,0.6510861823361823
5978,0.6002196106362773
5979,0.8491215574548908
5980,0.6360992402659069
5981,0.6223587369420702
5982,0.2946343779677113
5983,0.20168566001899335
5984,0.8699845679012346
5985,0.2985814339981006
5986,0.5284306742640076
5987,0.18491809116809113
5988,0.7672424026590693
5989,0.8193554131054132
5990,0.1725130579297246
5991,0.9639126305792972
5992,0.44785731244064575
5993,0.7271783000949669
5994,0.16853632478632483
5995,0.334312678062678
5996,0.32635921177587845
5997,0.8795109211775879
5998,0.7956433998100665
5999,0.8102148622981956
6000,0.24557811016144349
6001,0.7655804843304844
6002,0.7507716049382717
6003,0.6754214150047484
6004,0.3256172839506173
6005,0.051934947768281094
6006,0.7513651471984805
6007,0.901798433048433
6008,0.7395536562203229
6009,0.9139957264957266
6010,0.25943732193732194
6011,0.8856837606837606
6012,0.4215040360873694
6013,0.5634793447293447
6014,0.1449133428300095
6015,0.42491690408357075
6016,0.36004273504273504
6017,0.24821937321937323
6018,0.9888117283950617
6019,0.21432811016144349
6020,0.9066951566951568
6021,0.6449133428300095
6022,0.9102267331433999
6023,0.8411384140550808
6024,0.20394112060778727
6025,0.48198599240265905
6026,0.3463912630579298
6027,0.6483558879392213
6028,0.3833689458689458
6029,0.7435007122507122
6030,0.2705662393162393
6031,0.1842355175688509
6032,0.4174382716049383
6033,0.18108974358974358
6034,0.6812678062678064
6035,0.5338912630579298
6036,0.8966642924976259
6037,0.7408297720797722
6038,0.8287037037037037
6039,0.07751661918328585
6040,0.3520892687559354
6041,0.9270536562203229
6042,0.9032229344729344
6043,0.8160315764482432
6044,0.8799857549857549
6045,0.8497744539411206
6046,0.12954059829059827
6047,0.4080306267806268
6048,0.5748160018993352
6049,0.7030804843304844
6050,0.18827160493827158
6051,0.5526768755935423
6052,0.44112060778727447
6053,0.005371557454890788
6054,0.1569622507122507
6055,0.4197530864197531
6056,0.5511039886039886
6057,0.15194681861348527
6058,0.556386514719848
6059,0.7920821462488129
6060,0.1805258784425451
6061,0.6777065527065528
6062,0.3119361348528015
6063,0.8923314339981007
6064,0.09036680911680911
6065,0.22973053181386516
6066,0.5665360873694207
6067,0.12449548907882242
6068,0.7194919278252612
6069,0.01768755935422602
6070,0.25400641025641024
6071,0.1550332383665717
6072,0.9926400759734094
6073,0.18931030389363723
6074,0.5662096391263058
6075,0.39319207027540365
6076,0.5283416429249762
6077,0.4475902184235518
6078,0.6569325735992403
6079,0.3019349477682811
6080,0.7699430199430198
6081,0.10191120607787274
6082,0.767361111111111
6083,0.11695750237416903
6084,0.9507063152896486
6085,0.5621735517568851
6086,0.27273266856600187
6087,0.3089981006647673
6088,0.5929783950617283
6089,0.40310422602089263
6090,0.20328822412155745
6091,0.3058820037986704
6092,0.937232905982906
6093,0.6297780151946819
6094,0.28240740740740744
6095,0.6834342355175688
6096,0.9069325735992403
6097,0.36170465337132
6098,0.014215337132003798
6099,0.8798373694207028
6100,0.937232905982906
6101,0.8046652421652422
6102,0.4718660968660968
6103,0.6147910731244065
6104,0.4283594491927825
6105,0.09140550807217473
6106,0.2528193257359924
6107,0.7737713675213675
6108,0.9253027065527065
6109,0.027035849952516622
6110,0.6511455365622032
6111,0.9283297720797722
6112,0.1533713200379867
6113,0.058048433048433046
6114,0.25730056980056976
6115,0.9018577872744539
6116,0.7609805318138653
6117,0.030359686609686614
6118,0.357579534662868
6119,0.7656398385565052
6120,0.6840871320037986
6121,0.10624406457739792
6122,0.3084935897435897
6123,0.8272495251661919
6124,0.4429309116809117
6125,0.7069385090218424
6126,0.023415242165242166
6127,0.8488841405508073
6128,0.057306505223171884
6129,0.8413164767331435
6130,0.24450973409306742
6131,0.31291547958214627
6132,0.8899275878442546
6133,0.4500534188034188
6134,0.7064933523266858
6135,0.35665954415954415
6136,0.8253205128205128
6137,0.48691239316239315
6138,0.1389185660018993
6139,0.5071521842355176
6140,0.3121735517568851
6141,0.9921949192782527
6142,0.8490918803418803
6143,0.8425629154795821
6144,0.22311253561253563
6145,0.9185660018993352
6146,0.7309472934472936
6147,0.24946581196581197
6148,0.7970085470085472
6149,0.6193316714150048
6150,0.13684116809116809
6151,0.30056980056980054
6152,0.27673907882241217
6153,0.2021604938271605
6154,0.8177825261158594
6155,0.11407882241215574
6156,0.6556861348528016
6157,0.37413936372269707
6158,0.5832146248812916
6159,0.24759615384615383
6160,0.775997150997151
6161,0.7204712725546059
6162,0.89161918328585
6163,0.8119954890788225
6164,0.2242105887939221
6165,0.6136633428300095
6166,0.9122447768281102
6167,0.9641203703703703
6168,0.7758784425451092
6169,0.6848884140550807
6170,0.7890847578347578
6171,0.5484627255460589
6172,0.8062381291547958
6173,0.49415360873694203
6174,0.6944444444444445
6175,0.7950498575498576
6176,0.13535731244064578
6177,0.32425213675213677
6178,0.8379332858499525
6179,0.453525641025641
6180,0.7272673314339982
6181,0.9190705128205128
6182,0.5355828584995251
6183,0.22705959164292497
6184,0.5147792022792023
6185,0.7529973884140552
6186,0.6605531813865148
6187,0.03590930674264007
6188,0.3280804843304843
6189,0.5021367521367522
6190,0.4791369895536562
6191,0.9906517094017094
6192,0.6152065527065528
6193,0.2788461538461538
6194,0.9540004748338081
6195,0.12087488129154796
6196,0.939696106362773
6197,0.9415657644824312
6198,0.8181386514719847
6199,0.28127967711301044
6200,0.9332858499525166
6201,0.0995073599240266
6202,0.1521545584045584
6203,0.17841880341880342
6204,0.5252552231718898
6205,0.21495132953466287
6206,0.2480116334283001
6207,0.2366452991452991
6208,0.952338556505223
6209,0.5980828584995251
6210,0.7105294396961064
6211,0.847934472934473
6212,0.1393933998100665
6213,0.10149572649572648
6214,0.6922483380816714
6215,0.3259140550807218
6216,0.21815645773979106
6217,0.3103929249762583
6218,0.5457917853751187
6219,0.5121972934472935
6220,0.36580009496676164
6221,0.7806267806267807
6222,0.13737535612535615
6223,0.10921177587844255
6224,0.1052053656220323
6225,0.034158357075023744
6226,0.05620845204178537
6227,0.15482549857549857
6228,0.25537155745489076
6229,0.906457739791073
6230,0.009407644824311492
6231,0.3809650997150997
6232,0.41452991452991456
6233,0.26673789173789175
6234,0.9858440170940171
6235,0.7019527540360874
6236,0.4921058879392213
6237,0.630846391263058
6238,0.395210113960114
6239,0.788698955365622
6240,0.18913224121557456
6241,0.6996082621082621
6242,0.10662986704653371
6243,0.12209164292497625
6244,0.0018696581196581197
6245,0.011306980056980059
6246,0.9350664767331435
6247,0.34849833808167147
6248,0.10535375118708452
6249,0.6204890788224121
6250,0.6629273504273504
6251,0.43180199430199434
6252,0.8210470085470085
6253,0.7780745489078823
6254,0.8598943494776828
6255,0.8877018043684709
6256,0.9784840930674262
6257,0.6886870845204179
6258,0.9831433998100665
6259,0.13414055080721746
6260,0.051430436847103515
6261,0.3669278252611586
6262,0.35422602089268757
6263,0.576329534662868
6264,0.7352207977207977
6265,0.37250712250712253
6266,0.910968660968661
6267,0.3400700379867046
6268,0.33736942070275405
6269,0.10754985754985756
6270,0.4217711301044635
6271,0.1903786799620133
6272,0.5381944444444445
6273,0.25394705603038936
6274,0.5388176638176638
6275,0.07428181386514719
6276,0.9399928774928775
6277,0.349002849002849
6278,0.425332383665717
6279,0.963170702754036
6280,0.5156101614434947
6281,0.03074548907882241
6282,0.529855175688509
6283,0.6084104938271605
6284,0.7582502374169039
6285,0.6658653846153847
6286,0.2243886514719848
6287,0.24967355175688508
6288,0.9648326210826211
6289,0.7619895536562202
6290,0.3397732668566002
6291,0.39826685660018996
6292,0.2664707977207977
6293,0.47830603038936376
6294,0.7723468660968661
6295,0.38271604938271603
6296,0.762375356125356
6297,0.1726317663817664
6298,0.5637167616334282
6299,0.9315645773979107
6300,0.8181980056980057
6301,0.1300451092117759
6302,0.16856600189933524
6303,0.19770892687559352
6304,0.7014482431149097
6305,0.8470441595441596
6306,0.7797067901234568
6307,0.6743233618233618
6308,0.7188093542260209
6309,0.22136158594491928
6310,0.7764719848053181
6311,0.759110873694207
6312,0.8881172839506174
6313,0.9881885090218424
6314,0.25854700854700857
6315,0.6842355175688509
6316,0.6531635802469137
6317,0.24857549857549857
6318,0.6280270655270656
6319,0.5096450617283951
6320,0.5229107312440645
6321,0.026293922127255464
6322,0.9986348528015195
6323,0.013799857549857549
6324,0.5914055080721747
6325,0.025047483380816717
6326,0.08588556505223172
6327,0.6358321462488129
6328,0.09072293447293449
6329,0.29914529914529914
6330,0.7679249762583096
6331,0.16215574548907882
6332,0.990829772079772
6333,0.8685303893637227
6334,0.07161087369420703
6335,0.971213200379867
6336,0.6455365622032289
6337,0.758517331433998
6338,0.5056386514719847
6339,0.5772792022792023
6340,0.07882241215574548
6341,0.20943138651471985
6342,0.7935066476733144
6343,0.20797720797720798
6344,0.496141975308642
6345,0.14001661918328587
6346,0.5581077872744539
6347,0.3084639126305793
6348,0.377463200379867
6349,0.8867818138651472
6350,0.8033000949667617
6351,0.6689518043684711
6352,0.7565883190883191
6353,0.338497150997151
6354,0.15084876543209877
6355,0.47542735042735046
6356,0.5512523741690408
6357,0.5374228395061729
6358,0.0401531339031339
6359,0.6140491452991452
6360,0.554724596391263
6361,0.5898622981956315
6362,0.1855116334283001
6363,0.9403193257359924
6364,0.11413817663817664
6365,0.24729938271604937
6366,0.03676994301994302
6367,0.32353988603988604
6368,0.5905745489078823
6369,0.891886277302944
6370,0.7010624406457739
6371,0.2988782051282051
6372,0.06724833808167142
6373,0.6690705128205128
6374,0.37879867046533705
6375,0.6885683760683761
6376,0.6991037511870845
6377,0.5207146248812915
6378,0.1694266381766382
6379,0.17631172839506173
6380,0.06306386514719847
6381,0.6440230294396961
6382,0.28246676163342826
6383,0.2510980531813865
6384,0.3330365622032288
6385,0.9822530864197532
6386,0.43809354226020897
6387,0.20221984805318138
6388,0.8076329534662868
6389,0.7309472934472935
6390,0.7783713200379867
6391,0.8509021842355176
6392,0.23252018043684708
6393,0.163164767331434
6394,0.11998456790123457
6395,0.8168328584995251
6396,0.6301638176638176
6397,0.9403490028490028
6398,0.8928359449192782
6399,0.8850902184235517
6400,0.8065645773979107
6401,0.9674145299145298
6402,0.8531873219373219
6403,0.004036087369420703
6404,0.02923195631528965
6405,0.6987476258309592
6406,0.8870489078822411
6407,0.8509912155745489
6408,0.6834045584045585
6409,0.7514541785375118
6410,0.17132597340930675
6411,0.6271367521367521
6412,0.6193316714150048
6413,0.8653846153846154
6414,0.017509496676163343
6415,0.9252433523266856
6416,0.49667616334283
6417,0.7120726495726496
6418,0.30626780626780625
6419,0.41082027540360877
6420,0.6468126780626781
6421,0.42987298195631524
6422,0.2810125830959164
6423,0.46438746438746437
6424,0.8869895536562202
6425,0.7398801044634379
6426,0.5756469610636278
6427,0.5424382716049383
6428,0.5199430199430201
6429,0.9364909781576448
6430,0.9669693732193733
6431,0.35268281101614435
6432,0.46041073124406456
6433,0.01006054131054131
6434,0.3878798670465337
6435,0.3578763057929724
6436,0.46783000949667614
6437,0.9646545584045585
6438,0.4277659069325736
6439,0.3494183285849952
6440,0.20806623931623933
6441,0.22121320037986705
6442,0.1552113010446344
6443,0.10740147198480532
6444,0.8466880341880342
6445,0.8652362298195632
6446,0.5258190883190883
6447,0.19586894586894588
6448,0.10238603988603989
6449,0.7443316714150048
6450,0.25029677113010446
6451,0.7447768281101613
6452,0.418951804368471
6453,0.1394527540360874
6454,0.5810778727445395
6455,0.46420940170940167
6456,0.8367758784425451
6457,0.3101851851851852
6458,0.7277421652421653
6459,0.12274453941120607
6460,0.21364553656220323
6461,0.44488960113960113
6462,0.1831374643874644
6463,0.030092592592592598
6464,0.908505460588794
6465,0.7145952041785376
6466,0.459104938271605
6467,0.68284069325736
6468,0.22824667616334282
6469,0.9360458214624882
6470,0.8595975783475783
6471,0.6730472459639126
6472,0.2400581671415005
6473,0.3591524216524216
6474,0.6307870370370371
6475,0.47118352326685664
6476,0.5886752136752137
6477,0.05600071225071226
6478,0.4288639601139601
6479,0.7736229819563153
6480,0.13612891737891739
6481,0.22741571699905036
6482,0.7584876543209876
6483,0.3516144349477683
6484,0.31686253561253563
6485,0.5230887939221273
6486,0.6671415004748339
6487,0.17004985754985755
6488,0.32267924976258316
6489,0.14969135802469136
6490,0.6961657169990504
6491,0.4959342355175689
6492,0.9542082146248813
6493,0.3097400284900285
6494,0.46385327635327633
6495,0.545346628679962
6496,0.334906220322887
6497,0.908505460588794
6498,0.7755223171889839
6499,0.6284128679962013
6500,0.9913639601139601
6501,0.9859330484330484
6502,0.07398504273504274
6503,0.8874940645773979
6504,0.0747269705603039
6505,0.8401887464387464
6506,0.9979226020892688
6507,0.5156991927825261
6508,0.4278846153846154
6509,0.42426400759734095
6510,0.5187262583095916
6511,0.9837666191832858
6512,0.3149632003798671
6513,0.9122150997150996
6514,0.1047008547008547
6515,0.35746082621082614
6516,0.036473171889838556
6517,0.31143162393162394
6518,0.5224655745489079
6519,0.44008190883190884
6520,0.8499821937321936
6521,0.4642390788224122
6522,0.009734093067426402
6523,0.679190408357075
6524,0.40070037986704654
6525,0.5749940645773979
6526,0.48358855650522314
6527,0.06347934472934473
6528,0.09104938271604938
6529,0.1488900759734093
6530,0.06169871794871795
6531,0.8968423551756887
6532,0.6345560303893638
6533,0.6857787274453941
6534,0.7866809116809117
6535,0.46287393162393164
6536,0.7816654795821463
6537,0.19156576448243112
6538,0.06902896486229819
6539,0.4984864672364672
6540,0.30036206077872746
6541,0.8719729344729346
6542,0.1030389363722697
6543,0.2525819088319088
6544,0.15918803418803418
6545,0.4358974358974359
6546,0.39900878442545107
6547,0.8323243114909782
6548,0.494480056980057
6549,0.9592533238366571
6550,0.37280389363722694
6551,0.513028252611586
6552,0.7378027065527065
6553,0.3814102564102564
6554,0.3799560778727445
6555,0.7319563152896486
6556,0.973468660968661
6557,0.6670821462488128
6558,0.9230472459639127
6559,0.7592592592592592
6560,0.7983736942070276
6561,0.5700676638176637
6562,0.70877849002849
6563,0.9301697530864198
6564,0.14859330484330482
6565,0.7204712725546059
6566,0.9230175688509021
6567,0.5094076448243116
6568,0.5784366096866097
6569,0.7215693257359924
6570,0.4050332383665716
6571,0.2535315764482431
6572,0.3238366571699905
6573,0.9526650047483382
6574,0.3638117283950617
6575,0.7224893162393163
6576,0.46803774928774927
6577,0.38126187084520424
6578,0.480116334283001
6579,0.5956196581196581
6580,0.03335707502374169
6581,0.037126068376068376
6582,0.43551163342830007
6583,0.5344254510921178
6584,0.8108974358974358
6585,0.4369954890788224
6586,0.7233796296296298
6587,0.850664767331434
6588,0.07900047483380816
6589,0.4601139601139601
6590,0.1998456790123457
6591,0.23073955365622031
6592,0.2935363247863248
6593,0.43536324786324787
6594,0.5676934947768281
6595,0.7358736942070275
6596,0.37393162393162394
6597,0.1483262108262108
6598,0.5987951092117759
6599,0.8807276828110161
6600,0.6008428300094967
6601,0.7945750237416904
6602,0.2168803418803419
6603,0.7283950617283951
6604,0.07745726495726496
6605,0.3535434472934473
6606,0.7898563627730294
6607,0.1491868471035138
6608,0.8135386989553656
6609,0.11366334283000949
6610,0.2829415954415954
6611,0.32540954415954415
6612,0.9026293922127255
6613,0.20643399810066476
6614,0.6187084520417853
6615,0.4442663817663817
6616,0.16690408357075023
6617,0.14948361823361825
6618,0.8877314814814815
6619,0.3398622981956316
6620,0.6564280626780626
6621,0.9906220322886989
6622,0.8761574074074073
6623,0.034722222222222224
6624,0.3525344254510921
6625,0.46937321937321935
6626,0.4389541785375119
6627,0.26305792972459635
6628,0.10838081671415005
6629,0.17292853751187084
6630,0.5703644349477682
6631,0.23795109211775878
6632,0.23714981006647673
6633,0.5263829534662868
6634,0.1690408357075024
6635,0.5583748812915479
6636,0.19218898385565053
6637,0.33739909781576455
6638,0.34627255460588796
6639,0.9200498575498575
6640,0.18580840455840456
6641,0.38749406457739793
6642,0.9224240265906932
6643,0.5120489078822412
6644,0.5733915004748339
6645,0.6243767806267806
6646,0.8785612535612536
6647,0.5451685660018993
6648,0.8501009021842355
6649,0.859182098765432
6650,0.5609271130104463
6651,0.858173076923077
6652,0.6943554131054132
6653,0.5861526590693257
6654,0.5226436372269706
6655,0.4949845679012346
6656,0.0202991452991453
6657,0.7751661918328585
6658,0.3594195156695157
6659,0.9391025641025642
6660,0.28884734093067427
6661,0.5231481481481481
6662,0.9530508072174739
6663,0.25617283950617287
6664,0.31128323836657174
6665,0.8568672839506174
6666,0.3961894586894587
6667,0.644349477682811
6668,0.2889363722697056
6669,0.5879629629629629
6670,0.49676519468186126
6671,0.8898385565052233
6672,0.2697352801519468
6673,0.04246794871794871
6674,0.401857787274454
6675,0.7075023741690408
6676,0.6109033713200379
6677,0.25522317188983856
6678,0.6196581196581197
6679,0.4589268755935422
6680,0.6202219848053181
6681,0.6771723646723647
6682,0.20403015194681862
6683,0.5062915479582146
6684,0.41927825261158597
6685,0.9618649097815765
6686,0.7466761633428299
6687,0.01605531813865147
6688,0.016025641025641024
6689,0.8407822886989553
6690,0.9478276353276353
6691,0.9863782051282052
6692,0.08532169990503324
6693,0.6559532288698955
6694,0.3114613010446344
6695,0.8600427350427351
6696,0.4475011870845204
6697,0.3319681861348528
6698,0.9458392687559355
6699,0.7898860398860399
6700,0.6702872744539411
6701,0.1507894112060779
6702,0.8606956315289649
6703,0.8764245014245015
6704,0.5291132478632479
6705,0.9476198955365622
6706,0.213230056980057
6707,0.3490325261158594
6708,0.28679962013295346
6709,0.5401234567901234
6710,0.46495132953466284
6711,0.3344610636277303
6712,0.03466286799620133
6713,0.6795465337132004
6714,0.9315052231718899
6715,0.22174738841405509
6716,0.3260327635327635
6717,0.8003620607787275
6718,0.9234033713200379
6719,0.4587784900284901
6720,0.0178656220322887
6721,0.002403846153846154
6722,0.7451329534662868
6723,0.35648148148148145
6724,0.053240740740740734
6725,0.9978335707502374
6726,0.8704000474833808
6727,0.8552647198480532
6728,0.23901946818613484
6729,0.9115622032288698
6730,0.6193316714150048
6731,0.5881113485280153
6732,0.49673551756885087
6733,0.9661680911680911
6734,0.14565527065527065
6735,0.9810956790123456
6736,0.657852564102564
6737,0.9853098290598291
6738,0.9534662867996202
6739,0.01210826210826211
6740,0.08520299145299144
6741,0.052587844254510914
6742,0.47245963912630584
6743,0.39862298195631524
6744,0.22447768281101618
6745,0.030330009496676164
6746,0.7803596866096866
6747,0.7037927350427351
6748,0.8378442545109213
6749,0.46305199430199434
6750,0.9484508547008547
6751,0.6122981956315289
6752,0.1627196106362773
6753,0.623397435897436
6754,0.08745845204178537
6755,0.5731244064577398
6756,0.9055377492877493
6757,0.4671474358974359
6758,0.7556089743589743
6759,0.21566358024691357
6760,0.41019705603038936
6761,0.1972934472934473
6762,0.8825379867046533
6763,0.019883665716999052
6764,0.32653727445394115
6765,0.5104760208926875
6766,0.8489434947768281
6767,0.9551282051282052
6768,0.8719135802469135
6769,0.22593186134852802
6770,0.1971747388414055
6771,0.22794990503323834
6772,0.9099893162393163
6773,0.21685066476733147
6774,0.08514363722697056
6775,0.25599477682811017
6776,0.5089031339031339
6777,0.37974833808167135
6778,0.25062321937321935
6779,0.566625118708452
6780,0.801133665716999
6781,0.1287096391263058
6782,0.3930436847103514
6783,0.4982490503323837
6784,0.04160731244064577
6785,0.7842177113010447
6786,0.7758784425451092
6787,0.8013710826210826
6788,0.8128561253561254
6789,0.48507241215574554
6790,0.1730769230769231
6791,0.7462606837606837
6792,0.918150522317189
6793,0.4695512820512821
6794,0.6397792022792023
6795,0.8960707502374169
6796,0.7551934947768281
6797,0.4363129154795821
6798,0.6680614909781576
6799,0.23729819563152899
6800,0.7843067426400759
6801,0.7598824786324787
6802,0.6157704178537512
6803,0.4540004748338082
6804,0.6956612060778727
6805,0.041815052231718906
6806,0.7686965811965812
6807,0.045910493827160496
6808,0.27323717948717946
6809,0.5080721747388414
6810,0.794218898385565
6811,0.24510327635327633
6812,0.18732193732193733
6813,0.8502492877492878
6814,0.22542735042735043
6815,0.5882894112060779
6816,0.273801044634378
6817,0.14387464387464388
6818,0.9552172364672366
6819,0.13969017094017094
6820,0.34321581196581197
6821,0.8868708452041786
6822,0.09630223171889839
6823,0.5579000474833807
6824,0.170346628679962
6825,0.28059710351377015
6826,0.4150344254510922
6827,0.02795584045584046
6828,0.9128679962013296
6829,0.013028252611585944
6830,0.9700557929724596
6831,0.31083808167141497
6832,0.11093304843304842
6833,0.401264245014245
6834,0.19275284900284903
6835,0.7841286799620133
6836,0.7508309591642924
6837,0.9939755460588794
6838,0.6000415479582145
6839,0.4854582146248813
6840,0.8174560778727445
6841,0.38405151946818616
6842,0.8173076923076922
6843,0.0060244539411206085
6844,0.4453347578347579
6845,0.9721331908831908
6846,0.589031339031339
6847,0.08686490978157646
6848,0.7858202754036087
6849,0.20827397910731246
6850,0.20791785375118707
6851,0.7439755460588793
6852,0.4829059829059829
6853,0.785108024691358
6854,0.37375356125356124
6855,0.31804962013295346
6856,0.46225071225071224
6857,0.8152599715099714
6858,0.9469966761633429
6859,0.8794218898385565
6860,0.8381410256410257
6861,0.18482905982905984
6862,0.4193672839506173
6863,0.26943850902184235
6864,0.5256410256410257
6865,0.014512108262108261
6866,0.5717889363722697
6867,0.6901115859449193
6868,0.7854047958214626
6869,0.5390847578347578
6870,0.8058226495726496
6871,0.886900522317189
6872,0.13624762583095917
6873,0.5298254985754985
6874,0.35582858499525166
6875,0.5196462488129155
6876,0.923136277302944
6877,0.7913105413105415
6878,0.12072649572649573
6879,0.25089031339031337
6880,0.33763651471984807
6881,0.6467830009496676
6882,0.852059591642925
6883,0.6985992402659069
6884,0.5443079297245964
6885,0.32137345679012347
6886,0.9740622032288698
6887,0.8035078347578347
6888,0.7684591642924977
6889,0.4457205603038936
6890,0.9276768755935422
6891,0.3685303893637227
6892,0.0648741690408357
6893,0.3320275403608737
6894,0.5218423551756884
6895,0.33736942070275405
6896,0.9968542260208926
6897,0.3945275403608737
6898,0.9109389838556505
6899,0.1367818138651472
6900,0.6977386039886039
6901,0.08285849952516619
6902,0.29629629629629634
6903,0.29424857549857547
6904,0.2637998575498575
6905,0.9678300094966762
6906,0.816684472934473
6907,0.35523504273504275
6908,0.34466999050332386
6909,0.027302943969610638
6910,0.7864434947768281
6911,0.11775878442545108
6912,0.9610636277302943
6913,0.9467889363722697
6914,0.03967830009496676
6915,0.22812796771130103
6916,0.9341464862298196
6917,0.6351495726495727
6918,0.7670346628679962
6919,0.1181445868945869
6920,0.30552587844254514
6921,0.7337369420702755
6922,0.018192070275403607
6923,0.23922720797720798
6924,0.30021367521367526
6925,0.1332502374169041
6926,0.7264066951566952
6927,0.10570987654320989
6928,0.018192070275403607
6929,0.12642450142450143
6930,0.6534306742640076
6931,0.5264719848053181
6932,0.3438390313390313
6933,0.7941892212725546
6934,0.3294753086419753
6935,0.5735695631528964
6936,0.050569800569800566
6937,0.04549501424501425
6938,0.5958273979107312
6939,0.3357075023741691
6940,0.8698065052231719
6941,0.03958926875593543
6942,0.8327991452991452
6943,0.3322352801519468
6944,0.84840930674264
6945,0.7504748338081672
6946,0.01641144349477683
6947,0.8060600664767331
6948,0.11265432098765432
6949,0.47231125356125353
6950,0.849804131054131
6951,0.7532348053181387
6952,0.380252849002849
6953,0.029766144349477688
6954,0.15981125356125359
6955,0.8463615859449193
6956,0.37209164292497626
6957,0.9964090693257358
6958,0.8575498575498576
6959,0.42577754036087373
6960,0.4583036562203229
6961,0.5538342830009497
6962,0.731184710351377
6963,0.2899750712250712
6964,0.7302350427350427
6965,0.09891381766381767
6966,0.2545702754036087
6967,0.17969491927825262
6968,0.9560185185185186
6969,0.9826685660018993
6970,0.00715218423551757
6971,0.0251661918328585
6972,0.4155982905982906
6973,0.17497625830959165
6974,0.6659247388414055
6975,0.4924026590693258
6976,0.17361111111111108
6977,0.4534069325735992
6978,0.11030982905982906
6979,0.223468660968661
6980,0.7184235517568851
6981,0.4180021367521367
6982,0.9979522792022792
6983,0.6117936847103514
6984,0.2667675688509022
6985,0.6698421177587844
6986,0.8241037511870845
6987,0.46815645773979103
6988,0.3812915479582146
6989,0.07535018993352327
6990,0.09223646723646724
6991,0.07956433998100665
6992,0.3633368945868946
6993,0.9001661918328585
6994,0.8140135327635326
6995,0.31615028490028485
6996,0.7156932573599241
6997,0.8530982905982906
6998,0.07627018043684711
6999,0.3756232193732194
7000,0.7080959164292496
7001,0.5381944444444445
7002,0.4282110636277303
7003,0.5035612535612536
7004,0.011099240265906933
7005,0.4030448717948718
7006,0.06635802469135803
7007,0.8925688509021842
7008,0.3684116809116809
7009,0.25385802469135804
7010,0.5300925925925926
7011,0.8577279202279202
7012,0.061372269705603034
7013,0.6794278252611585
7014,0.7697649572649573
7015,0.04178537511870845
7016,0.8672245963912631
7017,0.36274335232668564
7018,0.6569622507122507
7019,0.228988603988604
7020,0.18120845204178537
7021,0.1140491452991453
7022,0.6674679487179488
7023,0.6002789648622983
7024,0.7916369895536562
7025,0.2923195631528965
7026,0.16372863247863248
7027,0.3006291547958215
7028,0.3855947293447293
7029,0.3549382716049383
7030,0.5841642924976259
7031,0.9509140550807218
7032,0.09879510921177588
7033,0.8406932573599241
7034,0.4875356125356125
7035,0.6125059354226021
7036,0.7948717948717948
7037,0.8961301044634378
7038,0.22486348528015196
7039,0.017094017094017096
7040,0.41770536562203225
7041,0.9032822886989553
7042,0.05528846153846154
7043,0.728454415954416
7044,0.2129926400759734
7045,0.5801875593542261
7046,0.756113485280152
7047,0.8663639601139601
7048,0.8853276353276353
7049,0.6707917853751187
7050,0.5159959639126305
7051,0.28884734093067427
7052,0.23703110161443494
7053,0.4784247388414055
7054,0.17423433048433049
7055,0.48403371320037986
7056,0.5159959639126306
7057,0.6284128679962013
7058,0.7162571225071225
7059,0.3697174738841406
7060,0.17245370370370372
7061,0.8244301994301995
7062,0.889155982905983
7063,0.30374525166191835
7064,0.3184057454890788
7065,0.5844313865147198
7066,0.5292022792022792
7067,0.2887583095916429
7068,0.3386455365622032
7069,0.9025700379867047
7070,0.9696699905033238
7071,0.41491571699905033
7072,0.07487535612535612
7073,0.27653133903133903
7074,0.37686965811965817
7075,0.9975961538461539
7076,0.7028133903133904
7077,0.9694919278252612
7078,0.8717651946818613
7079,0.6826329534662868
7080,0.33757716049382713
7081,0.607579534662868
7082,0.24483618233618235
7083,0.8047542735042734
7084,0.40363841405508066
7085,0.7229344729344729
7086,0.6301341405508073
7087,0.11039886039886039
7088,0.14814814814814814
7089,0.8693613485280153
7090,0.484241452991453
7091,0.6436372269705603
7092,0.19862891737891739
7093,0.770477207977208
7094,0.7505935422602089
7095,0.7069681861348528
7096,0.5822649572649572
7097,0.20969848053181386
7098,0.9582739791073124
7099,0.04487179487179488
7100,0.9967355175688509
7101,0.821403133903134
7102,0.7014779202279202
7103,0.9949252136752137
7104,0.015283713200379868
7105,0.27911324786324787
7106,0.07781339031339031
7107,0.47557573599240266
7108,0.3183463912630579
7109,0.023088793922127256
7110,0.03365384615384615
7111,0.6903786799620133
7112,0.5847875118708452
7113,0.6051163342830009
7114,0.9691358024691358
7115,0.2169100189933523
7116,0.3388235992402659
7117,0.6981837606837608
7118,0.20474240265906932
7119,0.5806030389363722
7120,0.5254926400759734
7121,0.15224358974358973
7122,0.27454297245963916
7123,0.3108974358974359
7124,0.7783416429249762
7125,0.20711657169990505
7126,0.683849715099715
7127,0.5388176638176637
7128,0.4631707027540361
7129,0.8599833808167142
7130,0.2480116334283001
7131,0.9075854700854701
7132,0.6086182336182336
7133,0.10021961063627731
7134,0.9129867046533713
7135,0.6943554131054132
7136,0.36577041785375114
7137,0.44640313390313385
7138,0.7824667616334283
7139,0.2803003323836657
7140,0.29288342830009495
7141,0.14298433048433049
7142,0.32914886039886043
7143,0.06175807217473885
7144,0.8894824311490979
7145,0.5225249287749287
7146,0.26017924976258305
7147,0.00795346628679962
7148,0.9862594966761634
7149,0.42346272554605885
7150,0.27332621082621084
7151,0.1311431623931624
7152,0.4653668091168091
7153,0.6831374643874644
7154,0.36514719848053184
7155,0.5792082146248813
7156,0.09321581196581197
7157,0.24753679962013297
7158,0.13090574548907882
7159,0.23471628679962012
7160,0.2678062678062678
7161,0.9292794396961064
7162,0.006677350427350428
7163,0.8394764957264957
7164,0.9900581671415004
7165,0.22447768281101613
7166,0.44168447293447294
7167,0.7205009496676164
7168,0.9615978157644824
7169,0.6013176638176638
7170,0.9560185185185185
7171,0.70411918328585
7172,0.8916488603988605
7173,0.9002255460588794
7174,0.2622863247863248
7175,0.4475605413105413
7176,0.7208273979107312
7177,0.8294159544159544
7178,0.6815349002849004
7179,0.1273741690408357
7180,0.28065645773979103
7181,0.5662096391263058
7182,0.39592236467236464
7183,0.8574905033238367
7184,0.18764838556505226
7185,0.6655389363722697
7186,0.8371616809116809
7187,0.2434116809116809
7188,0.7943672839506174
7189,0.7592592592592594
7190,0.2831196581196581
7191,0.47100546058879394
7192,0.20934235517568853
7193,0.7223112535612536
7194,0.2050688509021842
7195,0.9724299620132953
7196,0.20403015194681862
7197,0.06804962013295346
7198,0.253590930674264
7199,0.5296177587844254
7200,0.2499406457739791
7201,0.301994301994302
7202,0.5259081196581197
7203,0.17933879392212726
7204,0.5148088793922126
7205,0.5118708452041786
7206,0.8092355175688509
7207,0.9312381291547958
7208,0.7413639601139601
7209,0.7816358024691358
7210,0.8261217948717948
7211,0.229255698005698
7212,0.6824548907882241
7213,0.957769468186135
7214,0.34220679012345684
7215,0.26290954415954415
7216,0.2075320512820513
7217,0.6068376068376069
7218,0.3645536562203229
7219,0.06270773979107312
7220,0.7290776353276355
7221,0.6888354700854701
7222,0.005252849002849003
7223,0.9263710826210826
7224,0.9033119658119658
7225,0.4440289648622982
7226,0.24118589743589744
7227,0.14713912630579298
7228,0.5333273979107312
7229,0.41907051282051283
7230,0.9074074074074074
7231,0.34817188983855646
7232,0.7026056505223172
7233,0.3002136752136752
7234,0.9534662867996202
7235,0.41420346628679966
7236,0.2679843304843305
7237,0.6339921652421653
7238,0.7759674738841406
7239,0.690230294396961
7240,0.04030151946818613
7241,0.6826032763532764
7242,0.5688509021842355
7243,0.1752730294396961
7244,0.8732490503323836
7245,0.4593423551756885
7246,0.3876721272554606
7247,0.4338200379867046
7248,0.8921533713200379
7249,0.5806623931623931
7250,0.07273860398860399
7251,0.7202635327635328
7252,0.6068079297245964
7253,0.6632241215574548
7254,0.3629510921177588
7255,0.5220204178537512
7256,0.744153608736942
7257,0.7417497625830959
7258,0.40298551756885087
7259,0.40589387464387466
7260,0.7739791073124406
7261,0.9061312915479581
7262,0.37200261158594494
7263,0.8900462962962963
7264,0.2968304843304843
7265,0.553982668566002
7266,0.3073361823361824
7267,0.16598409306742642
7268,0.04694919278252611
7269,0.3691239316239316
7270,0.20266500474833807
7271,0.27635327635327633
7272,0.650403608736942
7273,0.4280330009496676
7274,0.0750534188034188
7275,0.8573421177587844
7276,0.015817901234567902
7277,0.3346391263057929
7278,0.578852089268756
7279,0.39325142450142453
7280,0.36416785375118704
7281,0.7803300094966762
7282,0.90892094017094
7283,0.3397435897435897
7284,0.6336657169990504
7285,0.449667616334283
7286,0.5393815289648622
7287,0.009615384615384614
7288,0.8637523741690408
7289,0.871349715099715
7290,0.20168566001899335
7291,0.49540004748338085
7292,0.39731718898385565
7293,0.7505638651471984
7294,0.6044337606837608
7295,0.24261039886039884
7296,0.16138414055080721
7297,0.6794575023741691
7298,0.8291488603988603
7299,0.7975724121557456
7300,0.6345263532763533
7301,0.8257063152896486
7302,0.9276471984805319
7303,0.7055733618233618
7304,0.342622269705603
7305,0.5048076923076922
7306,0.46946225071225073
7307,0.463230056980057
7308,0.13633665716999052
7309,0.03635446343779677
7310,0.474002849002849
7311,0.907377730294397
7312,0.18313746438746437
7313,0.7694385090218424
7314,0.28727445394112056
7315,0.09072293447293446
7316,0.4686609686609686
7317,0.47943376068376065
7318,0.4249465811965812
7319,0.732579534662868
7320,0.25905151946818616
7321,0.8543744064577398
7322,0.034514482431149095
7323,0.22097578347578348
7324,0.811105175688509
7325,0.28706671415004753
7326,0.23709045584045582
7327,0.6616809116809117
7328,0.97340930674264
7329,0.011959876543209876
7330,0.910434472934473
7331,0.3978513770180437
7332,0.35677825261158597
7333,0.48949430199430194
7334,0.42663817663817666
7335,0.40043328584995247
7336,0.5429724596391263
7337,0.24611229819563155
7338,0.2943672839506173
7339,0.40758547008547014
7340,0.40301519468186137
7341,0.7477742165242165
7342,0.1818019943019943
7343,0.9506766381766382
7344,0.47070868945868943
7345,0.13841405508072172
7346,0.908505460588794
7347,0.5722934472934473
7348,0.09066358024691358
7349,0.908980294396961
7350,0.7332027540360874
7351,0.9948361823361823
7352,0.6870251661918328
7353,0.33710232668566004
7354,0.472608024691358
7355,0.21762226970560306
7356,0.8352029914529915
7357,0.027451329534662866
7358,0.27961775878442546
7359,0.5289055080721747
7360,0.453258547008547
7361,0.12123100664767332
7362,0.24180911680911685
7363,0.8281398385565052
7364,0.24219491927825262
7365,0.19370251661918328
7366,0.1243471035137702
7367,0.6563390313390314
7368,0.29656339031339024
7369,0.14173789173789172
7370,0.41283831908831914
7371,0.26469017094017094
7372,0.17390788224121556
7373,0.2542438271604938
7374,0.7324311490978156
7375,0.934502611585945
7376,0.647732668566002
7377,0.05175688509021842
7378,0.8706671415004749
7379,0.7990562678062677
7380,0.714565527065527
7381,0.06555674264007598
7382,0.2613366571699905
7383,0.05146011396011396
7384,0.16452991452991453
7385,0.9749821937321937
7386,0.49418328584995247
7387,0.9711538461538461
7388,0.015165004748338082
7389,0.8530389363722697
7390,0.7247744539411206
7391,0.34832027540360877
7392,0.37989672364672367
7393,0.20782882241215575
7394,0.18144586894586898
7395,0.7940705128205128
7396,0.9962013295346629
7397,0.1636099240265907
7398,0.48355887939221276
7399,0.21005460588793923
7400,0.1278786799620133
7401,0.12594966761633428
7402,0.09621320037986707
7403,0.5105650522317189
7404,0.10559116809116809
7405,0.4916013770180437
7406,0.8725664767331435
7407,0.09541191832858499
7408,0.49931742640075977
7409,0.19595797720797722
7410,0.49219491927825265
7411,0.5151353276353275
7412,0.9858143399810068
7413,0.5284009971509972
7414,0.19088319088319086
7415,0.9951329534662868
7416,0.6843839031339032
7417,0.7540064102564102
7418,0.15651709401709402
7419,0.8263592117758783
7420,0.8597162867996202
7421,0.8115800094966762
7422,0.4392806267806268
7423,0.6725130579297245
7424,0.49157169990503324
7425,0.5289351851851851
7426,0.2263473409306743
7427,0.9331671415004749
7428,0.4389838556505223
7429,0.8135980531813866
7430,0.8864850427350427
7431,0.2593482905982906
7432,0.16452991452991453
7433,0.6821877967711302
7434,0.6895477207977209
7435,0.7338259734093068
7436,0.8769586894586895
7437,0.37446581196581197
7438,0.9128383190883191
7439,0.3438983855650522
7440,0.01777659069325736
7441,0.8738425925925926
7442,0.18560066476733147
7443,0.3923017568850902
7444,0.4280923551756885
7445,0.9475605413105413
7446,0.5367402659069326
7447,0.9025403608736942
7448,0.7006469610636277
7449,0.7490800094966761
7450,0.5923848528015195
7451,0.633517331433998
7452,0.18209876543209877
7453,0.8810838081671415
7454,0.1549738841405508
7455,0.5611348528015195
7456,0.5235636277302944
7457,0.38746438746438744
7458,0.2945750237416904
7459,0.5784959639126305
7460,0.270477207977208
7461,0.3145477207977208
7462,0.7891144349477682
7463,0.4772673314339981
7464,0.5003561253561254
7465,0.03169515669515669
7466,0.05205365622032288
7467,0.7805971035137702
7468,0.6186490978157645
7469,0.2588141025641026
7470,0.5759140550807217
7471,0.7794396961063628
7472,0.5979344729344729
7473,0.14259852801519468
7474,0.14066951566951566
7475,0.37042972459639123
7476,0.05620845204178537
7477,0.21652421652421652
7478,0.019438509021842354
7479,0.1187974833808167
7480,0.7454890788224121
7481,0.4284188034188034
7482,0.061520655270655276
7483,0.9886336657169991
7484,0.18963675213675213
7485,0.13660375118708454
7486,0.4921949192782526
7487,0.5129985754985755
7488,0.38233024691358025
7489,0.362298195631529
7490,0.013651471984805319
7491,0.6041666666666666
7492,0.39654558404558404
7493,0.32535018993352327
7494,0.04659306742640076
7495,0.2496735517568851
7496,0.47192545109211775
7497,0.2641559829059829
7498,0.24139363722697058
7499,0.050747863247863255
7500,0.34704415954415957
7501,0.6791013770180437
7502,0.6973231244064578
7503,0.8049620132953468
7504,0.16206671415004748
7505,0.35909306742640074
7506,0.20385208926875595
7507,0.23180792972459638
7508,0.7475071225071225
7509,0.5787630579297246
7510,0.8731006647673315
7511,0.3225011870845204
7512,0.4199014719848053
7513,0.05899810066476733
7514,0.29686016144349475
7515,0.6265135327635328
7516,0.2852564102564102
7517,0.15479582146248813
7518,0.20147792022792022
7519,0.8699845679012346
7520,0.4628442545109212
7521,0.1079653371320038
7522,0.17708333333333334
7523,0.8598349952516621
7524,0.6040182811016145
7525,0.9269052706552706
7526,0.14880104463437796
7527,0.9953110161443495
7528,0.5076566951566952
7529,0.4315645773979108
7530,0.40357905982905984
7531,0.030211301044634375
7532,0.9052113010446344
7533,0.5022257834757835
7534,0.15191714150047483
7535,0.8305140075973408
7536,0.8314339981006648
7537,0.6140491452991453
7538,0.057158119658119656
7539,0.15070037986704654
7540,0.751127730294397
7541,0.3045465337132004
7542,0.8733084045584044
7543,0.5234152421652422
7544,0.34348290598290604
7545,0.9571462488129154
7546,0.9918684710351378
7547,0.4894349477682811
7548,0.4597875118708452
7549,0.5233558879392213
7550,0.2713378442545109
7551,0.935303893637227
7552,0.6233084045584046
7553,0.6204297245963913
7554,0.6277599715099714
7555,0.8190586419753086
7556,0.5882300569800569
7557,0.1227445394112061
7558,0.5955009496676164
7559,0.5044515669515669
7560,0.7529380341880342
7561,0.5282822886989553
7562,0.40684354226020886
7563,0.24050332383665718
7564,0.676934947768281
7565,0.4012939221272555
7566,0.726792497625831
7567,0.8074252136752138
7568,0.5168566001899335
7569,0.9271426875593543
7570,0.5909009971509972
7571,0.18085232668566
7572,0.16194800569800571
7573,0.12752255460588793
7574,0.267153371320038
7575,0.61835232668566
7576,0.15930674264007597
7577,0.533505460588794
7578,0.12176519468186135
7579,0.7774810066476734
7580,0.963497150997151
7581,0.4665242165242165
7582,0.6904677113010447
7583,0.8279024216524217
7584,0.12363485280151948
7585,0.6885090218423552
7586,0.4280626780626781
7587,0.7991452991452991
7588,0.02614553656220323
7589,0.8906991927825261
7590,0.6568732193732193
7591,0.5009199905033238
7592,0.27249525166191835
7593,0.1687440645773979
7594,0.3534247388414055
7595,0.9795821462488129
7596,0.17586657169990505
7597,0.7614850427350427
7598,0.7355175688509021
7599,0.4326329534662868
7600,0.21441714150047483
7601,0.07822886989553657
7602,0.18758903133903135
7603,0.8553834283000951
7604,0.28086419753086417
7605,0.5537452516619182
7606,0.825468898385565
7607,0.6688034188034188
7608,0.2618411680911681
7609,0.07404439696106364
7610,0.5231778252611585
7611,0.16408475783475784
7612,0.35455246913580246
7613,0.31000712250712253
7614,0.47670346628679966
7615,0.7793803418803419
7616,0.6722459639126305
7617,0.22800925925925927
7618,0.5949964387464388
7619,0.611437559354226
7620,0.224269943019943
7621,0.5220500949667616
7622,0.9154795821462488
7623,0.9680971035137702
7624,0.34042616334283
7625,0.436698717948718
7626,0.5514007597340931
7627,0.9378858024691358
7628,0.8384377967711302
7629,0.4951923076923077
7630,0.8944978632478632
7631,0.3201863722697056
7632,0.6230413105413106
7633,0.6877967711301044
7634,0.008695394112060778
7635,0.6226258309591642
7636,0.657110636277303
7637,0.7082739791073124
7638,0.890491452991453
7639,0.08549976258309593
7640,0.36143755935422606
7641,0.5641322412155746
7642,0.4360754985754986
7643,0.31727801519468185
7644,0.031724833808167145
7645,0.5636574074074074
7646,0.3174264007597341
7647,0.3740206552706553
7648,0.03917378917378917
7649,0.13316120607787274
7650,0.9310897435897436
7651,0.9646545584045585
7652,0.7082739791073124
7653,0.11853038936372269
7654,0.39069919278252613
7655,0.9683345204178538
7656,0.6983024691358025
7657,0.6737298195631528
7658,0.4290420227920228
7659,0.6885386989553656
7660,0.37511870845204176
7661,0.25477801519468185
7662,0.16901115859449192
7663,0.6170465337132004
7664,0.7188983855650523
7665,0.021397198480531815
7666,0.18791547958214627
7667,0.2986407882241216
7668,0.22872150997150997
7669,0.47201448243114913
7670,0.6750356125356126
7671,0.7831493352326685
7672,0.7786680911680911
7673,0.8995726495726496
7674,0.35345441595441596
7675,0.6126839981006648
7676,0.4883072174738841
7677,0.5887642450142451
7678,0.6634615384615384
7679,0.2460826210826211
7680,0.06671415004748338
7681,0.003264482431149098
7682,0.05531813865147198
7683,0.836835232668566
7684,0.1483262108262108
7685,0.9034009971509972
7686,0.9899988129154796
7687,0.1157704178537512
7688,0.3956255935422602
7689,0.8350546058879392
7690,0.19767924976258308
7691,0.15800094966761632
7692,0.507508309591643
7693,0.5031754510921177
7694,0.7066714150047483
7695,0.0771604938271605
7696,0.5535968660968661
7697,0.7223706077872745
7698,0.039233143399810065
7699,0.45975783475783477
7700,0.17847815764482433
7701,0.5311312915479584
7702,0.6687143874643874
7703,0.8900759734093068
7704,0.8681742640075973
7705,0.09211775878442545
7706,0.5080721747388415
7707,0.6772317188983855
7708,0.3588556505223172
7709,0.38384377967711303
7710,0.20747269705603041
7711,0.4157466761633428
7712,0.14449786324786323
7713,0.7388710826210826
7714,0.034336419753086427
7715,0.6118827160493828
7716,0.04249762583095917
7717,0.2865918803418803
7718,0.7051578822412156
7719,0.7921118233618234
7720,0.534900284900285
7721,0.2604463437796771
7722,0.3860992402659069
7723,0.600664767331434
7724,0.31671415004748343
7725,0.34377967711301044
7726,0.7300866571699904
7727,0.8717651946818613
7728,0.2866215574548908
7729,0.7730887939221273
7730,0.7777481006647674
7731,0.5915835707502374
7732,0.9596391263057931
7733,0.10645180436847103
7734,0.34576804368471037
7735,0.49572649572649574
7736,0.12048907882241215
7737,0.5919990503323836
7738,0.5642806267806268
7739,0.5498872269705603
7740,0.9917497625830959
7741,0.9945097340930674
7742,0.17242402659069325
7743,0.6639066951566951
7744,0.9436728395061729
7745,0.9004332858499525
7746,0.341286799620133
7747,0.8335707502374169
7748,0.622477445394112
7749,0.6707621082621081
7750,0.14360754985754987
7751,0.3767509496676163
7752,0.9248278727445394
7753,0.6038995726495727
7754,0.18239553656220323
7755,0.7394646248812915
7756,0.692218660968661
7757,0.4353929249762583
7758,0.7992936847103514
7759,0.3735458214624881
7760,0.408713200379867
7761,0.7254273504273504
7762,0.5097340930674265
7763,0.5835113960113959
7764,0.36802587844254514
7765,0.348142212725546
7766,0.07944563152896486
7767,0.3342533238366572
7768,0.9929071699905033
7769,0.8071284425451092
7770,0.7125474833808166
7771,0.6211122981956315
7772,0.13603988603988604
7773,0.548136277302944
7774,0.8596569325735993
7775,0.7806861348528015
7776,0.2529677113010446
7777,0.5313687084520419
7778,0.9004332858499525
7779,0.8283772554605888
7780,0.4677113010446344
7781,0.5003264482431149
7782,0.787838319088319
7783,0.38957146248812907
7784,0.3703703703703704
7785,0.9814221272554606
7786,0.8030330009496677
7787,0.869153608736942
7788,0.9469373219373219
7789,0.599002849002849
7790,0.8834283000949666
7791,0.9753976733143399
7792,0.8642865622032289
7793,0.5838971984805318
7794,0.9488366571699904
7795,0.7417794396961064
7796,0.3014007597340931
7797,0.23344017094017097
7798,0.2915479582146249
7799,0.9926400759734092
7800,0.7245370370370371
7801,0.6811490978157645
7802,0.12945156695156693
7803,0.0653193257359924
7804,0.0717295821462488
7805,0.4617165242165242
7806,0.8010743114909782
7807,0.8680555555555555
7808,0.7773029439696106
7809,0.15755579297245964
7810,0.9233736942070275
7811,0.869747150997151
7812,0.42616334283000956
7813,0.8823302469135803
7814,0.9752492877492878
7815,0.6166607312440646
7816,0.6316476733143399
7817,0.013384377967711301
7818,0.015194681861348527
7819,0.480650522317189
7820,0.33193850902184235
7821,0.023860398860398858
7822,0.463497150997151
7823,0.9391322412155745
7824,0.06876187084520417
7825,0.9287452516619185
7826,0.7205603038936372
7827,0.5048967236467236
7828,0.9388057929724596
7829,0.8635149572649573
7830,0.6975902184235517
7831,0.8710529439696106
7832,0.43776709401709396
7833,1.0
7834,0.10336538461538462
7835,0.3894824311490978
7836,0.9546236942070276
7837,0.21563390313390315
7838,0.19996438746438747
7839,0.29160731244064575
7840,0.9161918328584995
7841,0.1084698480531814
7842,0.5802469135802469
7843,0.230917616334283
7844,0.8344313865147198
7845,0.0920287274453941
7846,0.7236467236467236
7847,0.01834045584045584
7848,0.6685956790123457
7849,0.7925569800569799
7850,0.5388176638176638
7851,0.01964624881291548
7852,0.792289886039886
7853,0.10446343779677114
7854,0.5894171415004749
7855,0.931445868945869
7856,0.2280982905982906
7857,0.21584164292497623
7858,0.26427469135802467
7859,0.9074074074074074
7860,0.5837488129154796
7861,0.6922780151946819
7862,0.5931564577397911
7863,0.4599952516619183
7864,0.4697886989553656
7865,0.14568494776828111
7866,0.8425629154795823
7867,0.09199905033238366
7868,0.7873338081671415
7869,0.782971272554606
7870,0.7378917378917378
7871,0.4074370845204179
7872,0.6195690883190883
7873,0.9128679962013294
7874,0.9074074074074074
7875,0.20124050332383667
7876,0.5151650047483382
7877,0.8076329534662868
7878,0.9908000949667617
7879,0.8474596391263058
7880,0.9755460588793922
7881,0.6321225071225071
7882,0.9544753086419754
7883,0.6917438271604938
7884,0.11580009496676164
7885,0.39909781576448244
7886,0.10894468186134854
7887,0.26739078822412155
7888,0.8181089743589743
7889,0.22619895536562204
7890,0.8324133428300095
7891,0.2169100189933523
7892,0.5822056030389363
7893,0.7552528490028491
7894,0.01765788224121557
7895,0.453258547008547
7896,0.2098468660968661
7897,0.2712488129154796
7898,0.40357905982905984
7899,0.4346213200379867
7900,0.6586241690408358
7901,0.49373812915479576
7902,0.11330721747388413
7903,0.7897079772079773
7904,0.019764957264957264
7905,0.39862298195631535
7906,0.6682989078822413
7907,0.757508309591643
7908,0.7513651471984805
7909,0.37945156695156695
7910,0.25451092117758783
7911,0.9781576448243116
7912,0.30104463437796775
7913,0.13716761633428298
7914,0.18524453941120608
7915,0.8096806742640076
7916,0.22759377967711303
7917,0.7694681861348528
7918,0.5753205128205128
7919,0.5121972934472935
7920,0.8632478632478632
7921,0.4335826210826211
7922,0.354789886039886
7923,0.0978454415954416
7924,0.23112535612535612
7925,0.5927113010446344
7926,0.5602148622981956
7927,0.5163224121557455
7928,0.5421118233618233
7929,0.5296177587844254
7930,0.8574608262108262
7931,0.11099240265906933
7932,0.18592711301044637
7933,0.23094729344729345
7934,0.04920465337132004
7935,0.6408475783475783
7936,0.4183285849952516
7937,0.5894171415004749
7938,0.5064399335232669
7939,0.3970797720797721
7940,0.5965099715099715
7941,0.19637345679012344
7942,0.1785968660968661
7943,0.5365622032288698
7944,0.3350842830009497
7945,0.11149691358024692
7946,0.6348231244064576
7947,0.47183641975308643
7948,0.5808998100664767
7949,0.9158653846153846
7950,0.3968423551756885
7951,0.8334520417853751
7952,0.8142212725546059
7953,0.705988841405508
7954,0.49593423551756893
7955,0.5939280626780626
7956,0.5356718898385565
7957,0.18548195631528963
7958,0.6331908831908831
7959,0.30597103513770185
7960,0.22486348528015196
7961,0.3804902659069325
7962,0.17607431149097819
7963,0.7185125830959164
7964,0.6533713200379867
7965,0.22608024691358028
7966,0.8645833333333334
7967,0.22100546058879392
7968,0.7404736467236468
7969,0.1392746913580247
7970,0.9655151946818613
7971,0.008784425451092119
7972,0.12713675213675213
7973,0.1324192782526116
7974,0.10131766381766381
7975,0.5822946343779677
7976,0.7366452991452991
7977,0.28510802469135804
7978,0.8290004748338081
7979,0.23854463437796772
7980,0.7834757834757835
7981,0.4769705603038936
7982,0.3506054131054131
7983,0.5866868471035138
7984,0.06932573599240266
7985,0.14331077872744538
7986,0.24100783475783474
7987,0.2823480531813865
7988,0.438627730294397
7989,0.060096153846153855
7990,0.6699311490978158
7991,0.9407644824311491
7992,0.6341999050332384
7993,0.6007834757834758
7994,0.9164886039886041
7995,0.21613841405508075
7996,0.7217770655270656
7997,0.8739019468186134
7998,0.45489078822412155
7999,0.9619836182336182
8000,0.11544396961063626
8001,0.2375059354226021
8002,0.7564696106362773
8003,0.31048195631528963
8004,0.5516381766381767
8005,0.44720441595441596
8006,0.5120192307692308
8007,0.5554962013295347
8008,0.6953941120607787
8009,0.09018874643874646
8010,0.4392806267806268
8011,0.6187084520417853
8012,0.627789648622982
8013,0.6221213200379867
8014,0.9678003323836658
8015,0.5055792972459638
8016,0.34369064577397906
8017,0.5593245489078821
8018,0.7617521367521367
8019,0.21002492877492876
8020,0.013473409306742639
8021,0.20254629629629628
8022,0.3268933998100665
8023,0.4020358499525167
8024,0.8175747863247863
8025,0.17002018043684708
8026,0.8124109686609686
8027,0.08674620132953466
8028,0.6892806267806267
8029,0.5184591642924976
8030,0.6296889838556505
8031,0.811698717948718
8032,0.2620192307692307
8033,0.03463319088319088
8034,0.503650284900285
8035,0.6915954415954415
8036,0.01997269705603039
8037,0.15826804368471034
8038,0.26335470085470086
8039,0.074667616334283
8040,0.09561965811965811
8041,0.4539114434947768
8042,0.8279320987654321
8043,0.7866215574548908
8044,0.1477326685660019
8045,0.4077635327635328
8046,0.24697293447293447
8047,0.6393637226970561
8048,0.992283950617284
8049,0.21349715099715097
8050,0.67286918328585
8051,0.8617046533713201
8052,0.04831433998100665
8053,0.9566714150047483
8054,0.08793328584995252
8055,0.5123753561253561
8056,0.9461360398860399
8057,0.9304071699905032
8058,0.4634081196581197
8059,0.3805792972459639
8060,0.001958689458689459
8061,0.22768281101614432
8062,0.6709995251661919
8063,0.2663224121557455
8064,0.4892865622032289
8065,0.7666785375118709
8066,0.5993589743589743
8067,0.7137939221272555
8068,0.18960707502374166
8069,0.4337606837606838
8070,0.680318138651472
8071,0.8328288224121557
8072,0.5446343779677113
8073,0.9108202754036089
8074,0.8322649572649573
8075,0.060570987654320986
8076,0.9639423076923076
8077,0.9542082146248813
8078,0.3919456315289649
8079,0.9686312915479581
8080,0.4823717948717949
8081,0.46008428300094967
8082,0.04478276353276354
8083,0.8463319088319089
8084,0.023088793922127256
8085,0.7217770655270656
8086,0.046622744539411204
8087,0.06876187084520417
8088,0.2587844254510921
8089,0.8402777777777777
8090,0.3639007597340931
8091,0.976792497625831
8092,0.8963675213675214
8093,0.36440527065527073
8094,0.7536206077872745
8095,0.23029439696106366
8096,0.9671771130104464
8097,0.2610102089268756
8098,0.03929249762583096
8099,0.7673314339981007
8100,0.5017212725546059
8101,0.5804546533713201
8102,0.03638414055080722
8103,0.11114078822412156
8104,0.8992462013295346
8105,0.6141975308641975
8106,0.018043684710351376
8107,0.6583867521367521
8108,0.7982846628679962
8109,0.8780864197530865
8110,0.5181327160493828
8111,0.05469491927825262
8112,0.8795999525166192
8113,0.3387939221272555
8114,0.2950201804368471
8115,0.5439814814814815
8116,0.9342058404558404
8117,0.8507537986704653
8118,0.5985576923076924
8119,0.45871913580246915
8120,0.31051163342830007
8121,0.023622981956315292
8122,0.9478276353276353
8123,0.17794396961063627
8124,0.4565230294396961
8125,0.2679843304843305
8126,0.7125178062678064
8127,0.9542675688509021
8128,0.5767746913580246
8129,0.26320631528964866
8130,0.7737713675213675
8131,0.5383428300094967
8132,0.05169753086419753
8133,0.3317010921177588
8134,0.8524157169990504
8135,0.7974537037037037
8136,0.38040123456790126
8137,0.31804962013295346
8138,0.07552825261158594
8139,0.34986348528015193
8140,0.07849596391263058
8141,0.28789767331433996
8142,0.7013592117758783
8143,0.5032051282051282
8144,0.5619658119658119
8145,0.6642331433998101
8146,0.1600189933523267
8147,0.6307870370370371
8148,0.3929843304843305
8149,0.7113900759734092
8150,0.27219848053181384
8151,0.9603513770180436
8152,0.7723765432098766
8153,0.22082739791073125
8154,0.47091642924976257
8155,0.5952338556505223
8156,0.2703288224121557
8157,0.4332561728395062
8158,0.5258487654320988
8159,0.06721866096866097
8160,0.7680733618233618
8161,0.5141263057929725
8162,0.1606125356125356
8163,0.07540954415954416
8164,0.6911799620132953
8165,0.14589268755935422
8166,0.5071521842355176
8167,0.9640016619183286
8168,0.36728395061728397
8169,0.8533357075023741
8170,0.5976673789173789
8171,0.3123516144349478
8172,0.6520061728395062
8173,0.7809532288698956
8174,0.4419812440645774
8175,0.781042260208927
8176,0.4721035137701805
8177,0.4820750237416904
8178,0.7188687084520419
8179,0.4583630104463438
8180,0.032852564102564104
8181,0.5603335707502374
8182,0.8552350427350427
8183,0.6999643874643876
8184,0.2310956790123457
8185,0.25367996201329535
8186,0.6810007122507123
8187,0.7490503323836658
8188,0.9462547483380815
8189,0.5610458214624882
8190,0.5814933523266856
8191,0.35746082621082625
8192,0.9182692307692308
8193,0.2628798670465337
8194,0.2714268755935422
8195,0.3037452516619183
8196,0.9173492402659069
8197,0.5985873694207028
8198,0.6682395536562203
8199,0.3292082146248813
8200,0.7106184710351378
8201,0.5096153846153847
8202,0.12651353276353275
8203,0.6212013295346629
8204,0.7667972459639126
8205,0.4780982905982906
8206,0.36577041785375114
8207,0.5405982905982906
8208,0.9676519468186134
8209,0.766886277302944
8210,0.6336063627730294
8211,0.33469848053181384
8212,0.04843304843304844
8213,0.04068732193732194
8214,0.8307514245014245
8215,0.44738247863247865
8216,0.3244301994301994
8217,0.6920999525166192
8218,0.6323896011396012
8219,0.11695750237416906
8220,0.3268933998100665
8221,0.8325023741690408
8222,0.27715455840455844
8223,0.5398860398860399
8224,0.5698599240265908
8225,0.6821877967711302
8226,0.5955009496676164
8227,0.16728988603988604
8228,0.23557692307692304
8229,0.021278490028490027
8230,0.5776650047483382
8231,0.2727623456790123
8232,0.9893459164292498
8233,0.2612476258309592
8234,0.629718660968661
8235,0.9061906457739791
8236,0.9614791073124406
8237,0.12313034188034189
8238,0.21794871794871795
8239,0.27018043684710347
8240,0.8518815289648622
8241,0.9795524691358025
8242,0.15610161443494777
8243,0.35760921177587845
8244,0.5108024691358025
8245,0.5197649572649573
8246,0.4989019468186135
8247,0.9626068376068376
8248,0.6552113010446344
8249,0.7323717948717948
8250,0.6496320037986705
8251,0.38630698005698005
8252,0.6400462962962963
8253,0.6297780151946818
8254,0.4727564102564103
8255,0.8712013295346629
8256,0.5668922127255461
8257,0.006528964862298196
8258,0.8006885090218424
8259,0.5854700854700855
8260,0.018815289648622984
8261,0.10731244064577398
8262,0.5790004748338081
8263,0.3649097815764482
8264,0.06959283000949668
8265,0.2632656695156695
8266,0.5725902184235517
8267,0.9091583570750238
8268,0.3725664767331434
8269,0.7270002374169041
8270,0.1931386514719848
8271,0.661829297245964
8272,0.5461775878442545
8273,0.46420940170940167
8274,0.4196937321937322
8275,0.9298433048433049
8276,0.490889126305793
8277,0.6212310066476733
8278,0.4226317663817664
8279,0.4155389363722697
8280,0.48590337132003797
8281,0.012048907882241213
8282,0.25418447293447294
8283,0.9860814339981007
8284,0.6249703228869895
8285,0.9086241690408356
8286,0.2963259734093067
8287,0.1880638651471985
8288,0.7869776828110163
8289,0.7282169990503324
8290,0.26561016144349475
8291,0.18221747388414056
8292,0.04398148148148148
8293,0.5573065052231718
8294,0.6451804368471035
8295,0.7264066951566952
8296,0.20035018993352327
8297,0.8370726495726496
8298,0.7541844729344729
8299,0.9536740265906932
8300,0.23824786324786326
8301,0.0954712725546059
8302,0.29136989553656223
8303,0.2356066001899335
8304,0.34202872744539414
8305,0.1475842830009497
8306,0.6957205603038936
8307,0.9518043684710351
8308,0.035612535612535606
8309,0.5484330484330484
8310,0.5488782051282052
8311,0.9391915954415954
8312,0.8014304368471036
8313,0.6826923076923076
8314,0.39431980056980054
8315,0.966553893637227
8316,0.8084639126305793
8317,0.23738722697056028
8318,0.09229582146248812
8319,0.2212428774928775
8320,0.21581196581196582
8321,0.2142094017094017
8322,0.6997863247863246
8323,0.4840040360873694
8324,0.20904558404558404
8325,0.10992402659069327
8326,0.7708036562203229
8327,0.20557336182336183
8328,0.27697649572649574
8329,0.6552409781576448
8330,0.9696106362773028
8331,0.5491452991452991
8332,0.6206374643874644
8333,0.03148741690408357
8334,0.7676578822412156
8335,0.8873753561253562
8336,0.7722281576448243
8337,0.3514957264957265
8338,0.06709995251661918
8339,0.37980769230769235
8340,0.42426400759734095
8341,0.6000118708452042
8342,0.8952397910731245
8343,0.30196462488129155
8344,0.8886217948717948
8345,0.19450379867046533
8346,0.8520002374169041
8347,0.5156398385565052
8348,0.48453822412155745
8349,0.5806327160493826
8350,0.5822946343779677
8351,0.25866571699905033
8352,0.9036087369420702
8353,0.7640372744539411
8354,0.0442485754985755
8355,0.8786206077872745
8356,0.20569207027540362
8357,0.6611170465337133
8358,0.48964268755935425
8359,0.7393755935422602
8360,0.963823599240266
8361,0.6204000474833808
8362,0.8630698005698005
8363,0.500534188034188
8364,0.9887820512820512
8365,0.7289589268755936
8366,0.1807039411206078
8367,0.662363485280152
8368,0.8086419753086419
8369,0.08179012345679011
8370,0.44100189933523265
8371,0.7764719848053181
8372,0.40443969610636277
8373,0.7509496676163342
8374,0.6354760208926876
8375,0.658446106362773
8376,0.4024810066476732
8377,0.20673076923076925
8378,0.6803478157644824
8379,0.11446462488129154
8380,0.7202338556505223
8381,0.7634734093067426
8382,0.9978929249762584
8383,0.14648622981956314
8384,0.06944444444444445
8385,0.2708630104463438
8386,0.8713793922127255
8387,0.9055971035137702
8388,0.5751721272554606
8389,0.46961063627730293
8390,0.028875830959164295
8391,0.265491452991453
8392,0.107579534662868
8393,0.7305318138651472
8394,0.6942960588793922
8395,0.5183701329534663
8396,0.4128679962013295
8397,0.9872091642924977
8398,0.916755698005698
8399,0.40349002849002846
8400,0.4619836182336183
8401,0.7130816714150047
8402,0.8809650997150996
8403,0.7514541785375117
8404,0.24252136752136755
8405,0.8912630579297246
8406,0.5227029914529915
8407,0.9104047958214624
8408,0.03065645773979107
8409,0.19669990503323834
8410,0.3696877967711301
8411,0.46803774928774927
8412,0.38514957264957267
8413,0.38197412155745486
8414,0.123605175688509
8415,0.6576151471984805
8416,0.03492996201329535
8417,0.3745251661918329
8418,0.22931505223171889
8419,0.7914589268755936
8420,0.08161206077872744
8421,0.9940942545109213
8422,0.2625830959164292
8423,0.663164767331434
8424,0.03860992402659069
8425,0.687025166191833
8426,0.992491690408357
8427,0.6903490028490028
8428,0.9001068376068376
8429,0.4535553181386515
8430,0.2749881291547958
8431,0.6571996676163343
8432,0.25091999050332386
8433,0.8354107312440645
8434,0.6034840930674265
8435,0.2852860873694207
8436,0.8417616334283
8437,0.8270417853751186
8438,0.21409069325735994
8439,0.4976258309591643
8440,0.17770655270655267
8441,0.6532526115859449
8442,0.10033831908831908
8443,0.5992105887939222
8444,0.30024335232668564
8445,0.07926756885090218
8446,0.24290716999050332
8447,0.46305199430199434
8448,0.35440408357075026
8449,0.7191061253561254
8450,0.15743708452041785
8451,0.40719966761633425
8452,0.013265669515669515
8453,0.9981303418803419
8454,0.7695868945868946
8455,0.5211004273504273
8456,0.7254570275403608
8457,0.5224358974358975
8458,0.9758131528964862
8459,0.6260683760683761
8460,0.5794456315289649
8461,0.3356481481481482
8462,0.27026946818613484
8463,0.2873931623931624
8464,0.30484330484330485
8465,0.12764126305792975
8466,0.8120548433048432
8467,0.04282407407407407
8468,0.7322530864197531
8469,0.5185778727445395
8470,0.29493114909781576
8471,0.9374109686609686
8472,0.9717177113010447
8473,0.2700023741690409
8474,0.11686847103513771
8475,0.8553537511870846
8476,0.5518459164292498
8477,0.5991809116809117
8478,0.7520180436847105
8479,0.08404558404558404
8480,0.06490384615384616
8481,0.049827872744539405
8482,0.1852742165242165
8483,0.0840752611585945
8484,0.6242283950617283
8485,0.5673670465337132
8486,0.518221747388414
8487,0.3903727445394112
8488,0.012197293447293448
8489,0.8098587369420702
8490,0.44708570750237414
8491,0.8513176638176638
8492,0.7273860398860399
8493,0.11360398860398861
8494,0.2930911680911681
8495,0.9017094017094017
8496,0.5141559829059829
8497,0.29249762583095923
8498,0.46928418803418803
8499,0.7096688034188033
8500,0.26053537511870845
8501,0.5015728869895537
8502,0.41645892687559355
8503,0.8338971984805319
8504,0.3004807692307692
8505,0.13167735042735043
8506,0.3100664767331434
8507,0.32879273504273504
8508,0.3094729344729345
8509,0.18892450142450143
8510,0.27184235517568855
8511,0.21474358974358976
8512,0.2385446343779677
8513,0.09799382716049382
8514,0.22973053181386516
8515,0.6257419278252612
8516,0.283446106362773
8517,0.3133309591642925
8518,0.5799501424501424
8519,0.15577516619183285
8520,0.1313509021842355
8521,0.4421296296296296
8522,0.8193850902184235
8523,0.4166666666666667
8524,0.9554546533713201
8525,0.06327160493827161
8526,0.7424026590693257
8527,0.173403371320038
8528,0.43138651471984807
8529,0.8077516619183286
8530,0.7913105413105413
8531,0.843482905982906
8532,0.7325498575498575
8533,0.17640075973409308
8534,0.19150641025641024
8535,0.9721035137701804
8536,0.5443969610636277
8537,0.3912037037037037
8538,0.6537571225071225
8539,0.3136870845204178
8540,0.6031576448243116
8541,0.562232905982906
8542,0.4038164767331434
8543,0.9599655745489079
8544,0.9305258784425451
8545,0.509704415954416
8546,0.2943969610636277
8547,0.5370667141500475
8548,0.6199845679012346
8549,0.34624287749287747
8550,0.3397435897435897
8551,0.380252849002849
8552,0.2677765906932573
8553,0.45913461538461536
8554,0.6219135802469135
8555,0.3070097340930674
8556,0.5827991452991453
8557,0.7986111111111112
8558,0.9211775878442546
8559,0.7941595441595442
8560,0.9092770655270656
8561,0.7383665716999049
8562,0.5330899810066476
8563,0.3820334757834758
8564,0.2703288224121558
8565,0.26273148148148145
8566,0.8349655745489079
8567,0.795673076923077
8568,0.8780864197530865
8569,0.5654083570750238
8570,0.799531101614435
8571,0.3004510921177588
8572,0.9910375118708452
8573,0.5433285849952517
8574,0.38983855650522314
8575,0.4429309116809117
8576,0.0410434472934473
8577,0.804991690408357
8578,0.9061016144349477
8579,0.37992640075973405
8580,0.731184710351377
8581,0.66090930674264
8582,0.1403727445394112
8583,0.6992818138651472
8584,0.7800035612535612
8585,0.2164351851851852
8586,0.4025403608736942
8587,0.3632478632478633
8588,0.5541607312440645
8589,0.1412037037037037
8590,0.7155448717948718
8591,0.939755460588794
8592,0.43171296296296297
8593,0.4956671415004748
8594,0.05217236467236467
8595,0.9057158119658119
8596,0.6947115384615384
8597,0.11007241215574548
8598,0.8174560778727445
8599,0.846806742640076
8600,0.4439696106362773
8601,0.37090455840455844
8602,0.3109567901234568
8603,0.5113366571699905
8604,0.8186728395061729
8605,0.24593423551756888
8606,0.3099477682811016
8607,0.6657169990503324
8608,0.9403490028490028
8609,0.3253798670465337
8610,0.323866334283001
8611,0.831849477682811
8612,0.5487594966761633
8613,0.9523385565052233
8614,0.8800451092117759
8615,0.6719195156695156
8616,0.4017687559354226
8617,0.30324074074074076
8618,0.7273563627730294
8619,0.3547008547008547
8620,0.4950439221272555
8621,0.845946106362773
8622,0.43729226020892686
8623,0.9198124406457739
8624,0.1788639601139601
8625,0.43779677113010446
8626,0.2711894586894587
8627,0.30338912630579296
8628,0.6916251187084521
8629,0.12307098765432097
8630,0.8263592117758783
8631,0.480650522317189
8632,0.4295168566001899
8633,0.8789173789173789
8634,0.5766856600189934
8635,0.7640372744539411
8636,0.8749109686609686
8637,0.9500830959164293
8638,0.16981244064577397
8639,0.6789529914529915
8640,0.201329534662868
8641,0.5718779677113011
8642,0.023415242165242166
8643,0.8395061728395062
8644,0.06205484330484331
8645,0.05748456790123457
8646,0.6733736942070275
8647,0.593542260208927
8648,0.2999762583095917
8649,0.6552113010446344
8650,0.02427587844254511
8651,0.12520773979107314
8652,0.7639779202279202
8653,0.040984093067426404
8654,0.11182336182336183
8655,0.05095560303893637
8656,0.15803062678062677
8657,0.61835232668566
8658,0.5946996676163342
8659,0.35458214624881296
8660,0.03308998100664767
8661,0.597875118708452
8662,0.0142153371320038
8663,0.3595975783475784
8664,0.013473409306742642
8665,0.11502849002849003
8666,0.8970204178537511
8667,0.29816595441595445
8668,0.2700023741690409
8669,0.6133368945868946
8670,0.020180436847103512
8671,0.6219135802469137
8672,0.8732490503323836
8673,0.20322886989553657
8674,0.33707264957264965
8675,0.9097815764482431
8676,0.8426519468186134
8677,0.13719729344729345
8678,0.34858736942070273
8679,0.399869420702754
8680,0.6896367521367521
8681,0.3743471035137702
8682,0.8859508547008547
8683,0.7741274928774929
8684,0.6633131528964862
8685,0.08793328584995252
8686,0.5026115859449193
8687,0.2590218423551757
8688,0.9361942070275403
8689,0.31303418803418803
8690,0.33466880341880345
8691,0.9102267331433999
8692,0.5820275403608736
8693,0.36594848053181384
8694,0.9962013295346628
8695,0.9683048433048432
8696,0.28012226970560306
8697,0.9014423076923078
8698,0.4258368945868946
8699,0.40708095916429254
8700,0.37366452991453
8701,0.8752374169040835
8702,0.2797661443494777
8703,0.3360636277302944
8704,0.020269468186134853
8705,0.7391084995251661
8706,0.9981006647673314
8707,0.1766975308641975
8708,0.1282051282051282
8709,0.12019230769230771
8710,0.5282822886989554
8711,0.25925925925925924
8712,0.2753145773979107
8713,0.49047364672364663
8714,0.755252849002849
8715,0.17533238366571702
8716,0.13233024691358025
8717,0.6946225071225071
8718,0.8685007122507122
8719,0.17200854700854704
8720,0.3474893162393162
8721,0.3574905033238367
8722,0.8961004273504273
8723,0.07000830959164293
8724,0.07315408357075023
8725,0.26130698005698005
8726,0.24569681861348527
8727,0.12784900284900283
8728,0.5522910731244064
8729,0.9889304368471036
8730,0.7947827635327634
8731,0.7586063627730294
8732,0.7856718898385565
8733,0.8080187559354225
8734,0.056149097815764486
8735,0.3918269230769231
8736,0.7992046533713201
8737,0.8330662393162394
8738,0.4477979582146248
8739,0.47453703703703703
8740,0.9124525166191834
8741,0.9534069325735991
8742,0.9801460113960113
8743,0.30855294396961064
8744,0.027481006647673317
8745,0.5504807692307693
8746,0.5897435897435898
8747,0.4613603988603989
8748,0.20949074074074073
8749,0.44106125356125353
8750,0.27460232668566004
8751,0.438301282051282
8752,0.7383962488129154
8753,0.8627433523266856
8754,0.5845797720797721
8755,0.9155092592592592
8756,0.5913461538461539
8757,0.5373931623931624
8758,0.24780389363722696
8759,0.6425985280151947
8760,0.12209164292497625
8761,0.8152006172839507
8762,0.24753679962013297
8763,0.9620132953466287
8764,0.5731244064577398
8765,0.5590871320037988
8766,0.05807811016144351
8767,0.5128501899335233
8768,0.15829772079772078
8769,0.4526056505223172
8770,0.28668091168091164
8771,0.06276709401709402
8772,0.11271367521367522
8773,0.26911206077872746
8774,0.7450142450142451
8775,0.08490622032288699
8776,0.26225664767331436
8777,0.6556267806267806
8778,0.4768518518518518
8779,0.20913461538461542
8780,0.044426638176638174
8781,0.9285078347578347
8782,0.40212488129154794
8783,0.2645417853751187
8784,0.026828110161443496
8785,0.1058582621082621
8786,0.4421296296296296
8787,0.09027777777777779
8788,0.9558404558404557
8789,0.35496794871794873
8790,0.8448480531813866
8791,0.41960470085470086
8792,0.251929012345679
8793,0.3969313865147199
8794,0.8422067901234568
8795,0.8217889363722697
8796,0.06413224121557455
8797,0.7183641975308642
8798,0.8653549382716049
8799,0.38262701804368476
8800,0.16966405508072172
8801,0.16084995251661918
8802,0.14426044634377966
8803,0.7290182811016144
8804,0.07757597340930673
8805,0.48907882241215567
8806,0.6051756885090218
8807,0.23581433998100665
8808,0.7148622981956315
8809,0.6461597815764483
8810,0.1482371794871795
8811,0.6579415954415954
8812,0.8677587844254511
8813,0.1481778252611586
8814,0.7252196106362773
8815,0.8365087844254511
8816,0.8334520417853751
8817,0.956582383665717
8818,0.8235992402659069
8819,0.6565764482431149
8820,0.6733143399810068
8821,0.3867224596391263
8822,0.7648682336182336
8823,0.8941417378917379
8824,0.13897792022792022
8825,0.2581908831908832
8826,0.6153549382716049
8827,0.749525166191833
8828,0.55119301994302
8829,0.4351851851851852
8830,0.10372150997150997
8831,0.4495489078822412
8832,0.5899810066476733
8833,0.16182929724596393
8834,0.7979285375118709
8835,0.10395892687559354
8836,0.4498456790123457
8837,0.4670584045584046
8838,0.6262464387464387
8839,0.5172720797720797
8840,0.5141559829059829
8841,0.9503501899335234
8842,0.9061312915479581
8843,0.36832264957264954
8844,0.7294040835707504
8845,0.534039648622982
8846,0.07546889838556504
8847,0.39755460588793917
8848,0.9577991452991452
8849,0.37473290598290593
8850,0.8356778252611585
8851,0.46901709401709396
8852,0.7548967236467236
8853,0.603988603988604
8854,0.006469610636277302
8855,0.30330009496676164
8856,0.1823065052231719
8857,0.31184710351377015
8858,0.43165360873694203
8859,0.6946521842355176
8860,0.4184472934472934
8861,0.47438865147198483
8862,0.3636633428300095
8863,0.636366334283001
8864,0.08603395061728396
8865,0.8460944919278252
8866,0.9117402659069326
8867,0.19895536562203228
8868,0.8169812440645773
8869,0.6502849002849003
8870,0.24228395061728394
8871,0.6167200854700855
8872,0.44346509971509973
8873,0.12719610636277304
8874,0.6682395536562202
8875,0.37639482431149096
8876,0.04748338081671414
8877,0.9956968186134852
8878,0.0010090218423551758
8879,0.40951448243114913
8880,0.1807632953466287
8881,0.6372863247863249
8882,0.5619954890788225
8883,0.5747269705603039
8884,0.9072293447293447
8885,0.617224596391263
8886,0.5172127255460589
8887,0.19951923076923075
8888,0.25721153846153844
8889,0.24085944919278254
8890,0.46590099715099714
8891,0.5979938271604938
8892,0.5321106362773029
8893,0.6394824311490979
8894,0.45794753086419754
8895,0.9126602564102564
8896,0.6600783475783475
8897,0.5944325735992403
8898,0.7235576923076922
8899,0.448272792022792
8900,0.554457502374169
8901,0.6934354226020892
8902,0.9922839506172839
8903,0.6856303418803419
8904,0.7315705128205128
8905,0.7466464862298196
8906,0.9105828584995251
8907,0.36577041785375114
8908,0.39253917378917375
8909,0.7684888414055081
8910,0.7606540835707502
8911,0.24982193732193733
8912,0.6608202754036088
8913,0.22136158594491928
8914,0.2886099240265907
8915,0.42147435897435903
8916,0.0523801044634378
8917,0.40951448243114913
8918,0.36114078822412155
8919,0.48596272554605885
8920,0.4242343304843305
8921,0.435036799620133
8922,0.8997803893637227
8923,0.2816654795821462
8924,0.7795584045584046
8925,0.7141500474833808
8926,0.19085351377018042
8927,0.7322234093067426
8928,0.7776293922127255
8929,0.7287511870845204
8930,0.7564696106362773
8931,0.480116334283001
8932,0.8950914055080722
8933,0.2854047958214625
8934,0.4414767331433998
8935,0.771070750237417
8936,0.8159425451092117
8937,0.23563627730294398
8938,0.8557692307692307
8939,0.46548551756885087
8940,0.6267806267806267
8941,0.04632597340930675
8942,0.663698955365622
8943,0.6933167141500474
8944,0.7490503323836656
8945,0.8141619183285851
8946,0.5200023741690408
8947,0.898533950617284
8948,0.5175391737891738
8949,0.6481481481481481
8950,0.6909722222222222
8951,0.9823124406457739
8952,0.27875712250712253
8953,0.30703941120607786
8954,0.2745429724596391
8955,0.8418209876543209
8956,0.7666785375118709
8957,0.8819741215574549
8958,0.8691239316239315
8959,0.620073599240266
8960,0.19052706552706553
8961,0.7774216524216523
8962,0.12737416904083573
8963,0.8846747388414057
8964,0.6637286324786325
8965,0.2475071225071225
8966,0.6368114909781576
8967,0.20049857549857553
8968,0.19699667616334282
8969,0.07834757834757834
8970,0.05036206077872744
8971,0.12351614434947768
8972,0.06389482431149097
8973,0.7012108262108262
8974,0.31163936372269707
8975,0.8375178062678063
8976,0.5779320987654322
8977,0.349002849002849
8978,0.6916547958214624
8979,0.013799857549857549
8980,0.12526709401709402
8981,0.8111942070275404
8982,0.31321225071225073
8983,0.7163758309591644
8984,0.0608974358974359
8985,0.23418209876543208
8986,0.12232905982905982
8987,0.12197293447293449
8988,0.028311965811965812
8989,0.6151768755935423
8990,0.14423076923076922
8991,0.5048076923076924
8992,0.13179605887939222
8993,0.439963200379867
8994,0.956315289648623
8995,0.7044753086419752
8996,0.22513057929724598
8997,0.9466702279202278
8998,0.2257834757834758
8999,0.4973587369420702
9000,0.44064577397910726
9001,0.570275403608737
9002,0.1352979582146249
9003,0.9039648622981957
9004,0.48008665716999044
9005,0.8301282051282052
9006,0.8963081671415005
9007,0.4766441120607787
9008,0.31413224121557454
9009,0.26706433998100665
9010,0.8192663817663818
9011,0.8110458214624882
9012,0.2277124881291548
9013,0.13182573599240266
9014,0.47860280151946827
9015,0.11301044634377967
9016,0.6268103038936372
9017,0.43022910731244063
9018,0.810303893637227
9019,0.5438034188034188
9020,0.227059591642925
9021,0.6408772554605888
9022,0.42372981956315287
9023,0.5712844254510921
9024,0.31336063627730293
9025,0.6764007597340931
9026,0.5214565527065528
9027,0.9895536562203229
9028,0.4812737416904083
9029,0.1296889838556505
9030,0.7426994301994302
9031,0.5850842830009496
9032,0.6009021842355176
9033,0.9583926875593543
9034,0.16138414055080721
9035,0.12597934472934472
9036,0.1902599715099715
9037,0.30804843304843305
9038,0.5448124406457739
9039,0.517153371320038
9040,0.22625830959164292
9041,0.6702872744539411
9042,0.5977267331433999
9043,0.6480591168091169
9044,0.08719135802469136
9045,0.44738247863247865
9046,0.15073005698005695
9047,0.4072293447293447
9048,0.46946225071225073
9049,0.9656932573599241
9050,0.4270833333333333
9051,0.9063093542260209
9052,0.2637108262108262
9053,0.23806980056980054
9054,0.2769171415004748
9055,0.6798433048433049
9056,0.6785671889838557
9057,0.3251127730294397
9058,0.98735754985755
9059,0.3716168091168091
9060,0.30778133903133903
9061,0.6162452516619182
9062,0.8298017568850903
9063,0.22061965811965814
9064,0.206582383665717
9065,0.6450320512820512
9066,0.504125118708452
9067,0.6020892687559355
9068,0.17729107312440642
9069,0.11787749287749288
9070,0.38016381766381774
9071,0.3761870845204179
9072,0.8206612060778727
9073,0.7398504273504273
9074,0.8766915954415954
9075,0.0251661918328585
9076,0.82247150997151
9077,0.20705721747388414
9078,0.49284781576448244
9079,0.7407110636277303
9080,0.7571521842355176
9081,0.5116334283000951
9082,0.7273860398860399
9083,0.7201448243114911
9084,0.397139126305793
9085,0.9304665242165243
9086,0.8383487654320988
9087,0.9571165716999049
9088,0.7797067901234568
9089,0.5304783950617283
9090,0.6129807692307693
9091,0.6646189458689458
9092,0.67951685660019
9093,0.1319741215574549
9094,0.2699726970560304
9095,0.7542141500474834
9096,0.8736942070275403
9097,0.03896604938271605
9098,0.36131885090218424
9099,0.47768281101614435
9100,0.030003561253561253
9101,0.7993233618233618
9102,0.3416726020892687
9103,0.7527599715099714
9104,0.5146604938271605
9105,0.5180436847103514
9106,0.44545346628679955
9107,0.10844017094017094
9108,0.6566654795821462
9109,0.5358796296296297
9110,0.003353513770180437
9111,0.7880460588793922
9112,0.09929962013295346
9113,0.7056030389363722
9114,0.17488722697056033
9115,0.8103929249762581
9116,0.4014423076923077
9117,0.8362120132953467
9118,0.6039292497625831
9119,0.7500890313390313
9120,0.37713675213675213
9121,0.7254273504273505
9122,0.5052825261158594
9123,0.5734805318138652
9124,0.1954237891737892
9125,0.6859864672364674
9126,0.38081671415004753
9127,0.3231244064577398
9128,0.03982668566001899
9129,0.15898029439696107
9130,0.6915954415954415
9131,0.9364613010446344
9132,0.4822530864197531
9133,0.2139423076923077
9134,0.3796593067426401
9135,0.6736407882241217
9136,0.11844135802469136
9137,0.2858499525166192
9138,0.1899928774928775
9139,0.32006766381766383
9140,0.871409069325736
9141,0.4484508547008547
9142,0.2685778727445394
9143,0.8008368945868946
9144,0.4818672839506173
9145,0.274335232668566
9146,0.09909188034188034
9147,0.43058523266856596
9148,0.5651115859449193
9149,0.479522792022792
9150,0.5515788224121557
9151,0.07125474833808167
9152,0.7253383190883191
9153,0.5501839981006648
9154,0.8871972934472935
9155,0.9777718423551757
9156,0.7967711301044634
9157,0.8466286799620133
9158,0.6108143399810066
9159,0.03896604938271605
9160,0.61036918328585
9161,0.13951210826210825
9162,0.4227207977207977
9163,0.036473171889838556
9164,0.4207917853751187
9165,0.11853038936372272
9166,0.9575617283950617
9167,0.1507894112060779
9168,0.6311431623931624
9169,0.9439102564102564
9170,0.7823183760683761
9171,0.9052113010446344
9172,0.8158831908831908
9173,0.6893103038936372
9174,0.44474121557454893
9175,0.29493114909781576
9176,0.0247803893637227
9177,0.6412333808167142
9178,0.6691892212725546
9179,0.33541073124406456
9180,0.14271723646723647
9181,0.6689814814814814
9182,0.022435897435897436
9183,0.1577338556505223
9184,0.6664589268755936
9185,0.22895892687559352
9186,0.4369361348528015
9187,0.2228454415954416
9188,0.1647079772079772
9189,0.7834164292497626
9190,0.08722103513770181
9191,0.4910375118708452
9192,0.9697293447293447
9193,0.025759734093067425
9194,0.13143993352326686
9195,0.1209639126305793
9196,0.7670049857549858
9197,0.2371794871794872
9198,0.08484686609686609
9199,0.34306742640075977
9200,0.3356778252611586
9201,0.9962013295346629
9202,0.25133547008547014
9203,0.36769943019943013
9204,0.5337428774928775
9205,0.02890550807217474
9206,0.7064636752136751
9207,0.7000237416904084
9208,0.060036799620132954
9209,0.16904083570750236
9210,0.8976139601139601
9211,0.8365384615384616
9212,0.6090337132003799
9213,0.4086538461538462
9214,0.1693969610636277
9215,0.29769112060778724
9216,0.5716702279202279
9217,0.2658179012345679
9218,0.5613129154795822
9219,0.3327991452991453
9220,0.19759021842355176
9221,0.6911206077872745
9222,0.5129985754985755
9223,0.9212072649572649
9224,0.47967117758784433
9225,0.9227801519468186
9226,0.9580365622032287
9227,0.2686372269705603
9228,0.07867402659069327
9229,0.09977445394112061
9230,0.4401412630579297
9231,0.42459045584045585
9232,0.8594195156695156
9233,0.07015669515669516
9234,0.32805080721747387
9235,0.4092770655270655
9236,0.13773148148148148
9237,0.46328941120607786
9238,0.5512820512820512
9239,0.4114138176638176
9240,0.7159900284900286
9241,0.5276293922127255
9242,0.007033475783475784
9243,0.965099715099715
9244,0.17313627730294398
9245,0.30330009496676164
9246,0.6631350902184235
9247,0.23634852801519465
9248,0.9724893162393163
9249,0.9905923551756884
9250,0.21026234567901234
9251,0.6799026590693257
9252,0.07042378917378918
9253,0.02053656220322887
9254,0.4695512820512821
9255,0.9938271604938271
9256,0.5009793447293447
9257,0.6722459639126305
9258,0.8491215574548908
9259,0.252789648622982
9260,0.3860102089268756
9261,0.904647435897436
9262,0.7719610636277303
9263,0.1396011396011396
9264,0.3182573599240266
9265,0.19293091168091167
9266,0.8237773029439697
9267,0.6560719373219372
9268,0.3618530389363723
9269,0.8218482905982906
9270,0.07938627730294397
9271,0.009674738841405508
9272,0.5506885090218424
9273,0.37149810066476735
9274,0.27478038936372273
9275,0.17767687559354226
9276,0.14328110161443494
9277,0.539292497625831
9278,0.9808285849952516
9279,0.41651828110161443
9280,0.7691417378917379
9281,0.9215930674264007
9282,0.6109627255460589
9283,0.7878383190883191
9284,0.4495489078822412
9285,0.6006054131054132
9286,0.4959342355175688
9287,0.6799026590693257
9288,0.4575023741690409
9289,0.2658475783475784
9290,0.384645061728395
9291,0.3932811016144349
9292,0.6920405982905984
9293,0.6255638651471985
9294,0.49563746438746437
9295,0.6774691358024691
9296,0.5614613010446344
9297,0.9408238366571701
9298,0.3648504273504274
9299,0.069414767331434
9300,0.32567663817663817
9301,0.6686253561253562
9302,0.35345441595441596
9303,0.3951804368471035
9304,0.31594254510921177
9305,0.05852326685660019
9306,0.5254926400759734
9307,0.7888176638176638
9308,0.9034900284900284
9309,0.912096391263058
9310,0.3070097340930675
9311,0.8529795821462489
9312,0.8040123456790124
9313,0.7687262583095916
9314,0.26721272554605885
9315,0.6784484805318138
9316,0.8480235042735043
9317,0.7296415004748337
9318,0.03736348528015195
9319,0.3324430199430199
9320,0.19723409306742642
9321,0.8543744064577398
9322,0.7554309116809117
9323,0.6537274453941121
9324,0.12983736942070276
9325,0.3156457739791073
9326,0.647139126305793
9327,0.3678774928774929
9328,0.73804012345679
9329,0.3873160018993352
9330,0.8246082621082621
9331,0.39758428300094967
9332,0.2591405508072175
9333,0.1495132953466287
9334,0.6963734567901234
9335,0.18441358024691357
9336,0.509170227920228
9337,0.7539173789173789
9338,0.40853513770180433
9339,0.6445275403608737
9340,0.43536324786324787
9341,0.2543922127255461
9342,0.3464802943969611
9343,0.18907288698955363
9344,0.4641797245963913
9345,0.020892687559354223
9346,0.2851673789173789
9347,0.3786502849002849
9348,0.23079890788224122
9349,0.4804427825261159
9350,0.3455306267806268
9351,0.13093542260208926
9352,0.32015669515669515
9353,0.2990265906932574
9354,0.24860517568850904
9355,0.6516500474833808
9356,0.5070334757834757
9357,0.2227860873694207
9358,0.5650522317188983
9359,0.9312678062678064
9360,0.38325023741690406
9361,0.008962488129154796
9362,0.19067545109211773
9363,0.16055318138651473
9364,0.7198183760683761
9365,0.026590693257359924
9366,0.44776828110161443
9367,0.9195750237416904
9368,0.504926400759734
9369,0.3483796296296296
9370,0.9015016619183286
9371,0.7036443494776828
9372,0.15455840455840456
9373,0.04228988603988604
9374,0.3049620132953466
9375,0.5662689933523267
9376,0.8085826210826211
9377,0.3609330484330484
9378,0.994747150997151
9379,0.5091999050332384
9380,0.25997150997151003
9381,0.9479166666666666
9382,0.3744954890788224
9383,0.9410315764482431
9384,0.6933463912630579
9385,0.9219491927825262
9386,0.0353454415954416
9387,0.6660434472934472
9388,0.6647079772079771
9389,0.7444800569800569
9390,0.16319444444444445
9391,0.6142865622032289
9392,0.3040420227920228
9393,0.3001246438746439
9394,0.660108024691358
9395,0.818613485280152
9396,0.20115147198480532
9397,0.9954297245963913
9398,0.08840811965811966
9399,0.014482431149097816
9400,0.6859271130104463
9401,0.18663936372269707
9402,0.381380579297246
9403,0.13980887939221273
9404,0.948866334283001
9405,0.7144468186134852
9406,0.012137939221272554
9407,0.056742640075973405
9408,0.7106184710351378
9409,0.5798907882241217
9410,0.8637820512820512
9411,0.5307454890788224
9412,0.26851851851851855
9413,0.3288520892687559
9414,0.1511752136752137
9415,0.5635683760683761
9416,0.1788639601139601
9417,0.25795346628679966
9418,0.3226198955365622
9419,0.5950854700854701
9420,0.9370251661918328
9421,0.5167675688509021
9422,0.9876839981006649
9423,0.3121735517568851
9424,0.7900344254510921
9425,0.9480056980056979
9426,0.6494539411206078
9427,0.4876543209876543
9428,0.36042853751187093
9429,0.6925154320987655
9430,0.0030864197530864196
9431,0.8804902659069326
9432,0.10832146248812914
9433,0.907110636277303
9434,0.07113603988603989
9435,0.9955484330484331
9436,0.9407941595441596
9437,0.07410375118708452
9438,0.6642331433998101
9439,0.08763651471984805
9440,0.657377730294397
9441,0.7719313865147198
9442,0.4049738841405508
9443,0.35802469135802467
9444,0.3836360398860399
9445,0.8649691358024691
9446,0.05656457739791073
9447,0.954326923076923
9448,0.36867877492877493
9449,0.2136158594491928
9450,0.31905864197530864
9451,0.12099358974358972
9452,0.9619836182336182
9453,0.6638473409306743
9454,0.1668744064577398
9455,0.24694325735992403
9456,0.0808107787274454
9457,0.7137642450142451
9458,0.11942070275403609
9459,0.6400462962962963
9460,0.32092830009496676
9461,0.8738425925925926
9462,0.6740859449192782
9463,0.34986348528015193
9464,0.5025522317188984
9465,0.007359924026590694
9466,0.6668744064577398
9467,0.8541963437796771
9468,0.4532288698955365
9469,0.02047720797720798
9470,0.9002255460588794
9471,0.1209639126305793
9472,0.8814696106362773
9473,0.504184472934473
9474,0.8923907882241217
9475,0.23812915479582145
9476,0.2709520417853751
9477,0.4316239316239316
9478,0.6853632478632479
9479,0.5118114909781576
9480,0.843275166191833
9481,0.9126305792972459
9482,0.5746972934472935
9483,0.8665420227920229
9484,0.4734093067426401
9485,0.5958867521367521
9486,0.8777006172839507
9487,0.7760268281101615
9488,0.9435244539411206
9489,0.5904558404558405
9490,0.1306980056980057
9491,0.2008843779677113
9492,0.9813034188034188
9493,0.4775641025641026
9494,0.5044218898385565
9495,0.01590693257359924
9496,0.10220797720797721
9497,0.3859508547008547
9498,0.6818910256410257
9499,0.9143518518518517
9500,0.5946699905033238
9501,0.4608855650522317
9502,0.9313271604938271
9503,0.9470857075023741
9504,0.6473468660968661
9505,0.8227386039886039
9506,0.9758428300094967
9507,0.2185422602089269
9508,0.26341405508072174
9509,0.4336716524216524
9510,0.15562678062678062
9511,0.58045465337132
9512,0.5944919278252612
9513,0.7822886989553656
9514,0.5649335232668565
9515,0.35259377967711303
9516,0.6336360398860399
9517,0.3129451566951567
9518,0.2581315289648623
9519,0.35300925925925924
9520,0.019586894586894586
9521,0.22424026590693258
9522,0.6592177113010447
9523,0.364227207977208
9524,0.3427113010446344
9525,0.03326804368471035
9526,0.7426400759734092
9527,0.29950142450142453
9528,0.341019705603039
9529,0.4607075023741691
9530,0.3044575023741691
9531,0.19334639126305794
9532,0.17850783475783474
9533,0.6849180911680911
9534,0.7965633903133903
9535,0.777599715099715
9536,0.17634140550807217
9537,0.9772673314339982
9538,0.2292260208926876
9539,0.7047127255460589
9540,0.8557692307692307
9541,0.5986170465337132
9542,0.6679724596391262
9543,0.06196581196581197
9544,0.17061372269705602
9545,0.45026115859449195
9546,0.9294871794871794
9547,0.7856718898385564
9548,0.1290954415954416
9549,0.5466820987654321
9550,0.7745132953466287
9551,0.7696462488129154
9552,0.9224240265906932
9553,0.7326388888888888
9554,0.950735992402659
9555,0.6234271130104464
9556,0.1677647198480532
9557,0.9223943494776828
9558,0.386039886039886
9559,0.43275166191832853
9560,0.004510921177587844
9561,0.42993233618233617
9562,0.9838259734093068
9563,0.577397910731244
9564,0.9378264482431149
9565,0.09297839506172839
9566,0.42568850902184235
9567,0.9683938746438746
9568,0.31709995251661915
9569,0.3910553181386514
9570,0.3998100664767332
9571,0.3322352801519468
9572,0.5199133428300095
9573,0.8168328584995251
9574,0.7748100664767331
9575,0.355917616334283
9576,0.9447412155745489
9577,0.6233380816714149
9578,0.06178774928774929
9579,0.08173076923076923
9580,0.836301044634378
9581,0.8338378442545108
9582,0.13215218423551758
9583,0.7975130579297246
9584,0.8684413580246914
9585,0.23563627730294398
9586,0.0637167616334283
9587,0.1182039411206078
9588,0.8373397435897436
9589,0.1843542260208927
9590,0.51195987654321
9591,0.641886277302944
9592,0.752196106362773
9593,0.19842117758784425
9594,0.8792141500474834
9595,0.9522495251661919
9596,0.25599477682811017
9597,0.877255460588794
9598,0.9400522317188984
9599,0.47513057929724595
9600,0.8559472934472935
9601,0.7290182811016145
9602,0.11060660018993351
9603,0.49388651471984807
9604,0.480917616334283
9605,0.5305674264007597
9606,0.0026709401709401706
9607,0.6182929724596392
9608,0.7742165242165241
9609,0.7229344729344729
9610,0.1380579297245964
9611,0.06247032288698955
9612,0.12473290598290598
9613,0.4258368945868946
9614,0.7084520417853751
9615,0.5597993827160495
9616,0.8807573599240266
9617,0.2885208926875593
9618,0.7324311490978158
9619,0.5523504273504273
9620,0.08291785375118708
9621,0.5445156695156695
9622,0.13776115859449192
9623,0.687025166191833
9624,0.5957977207977209
9625,0.06353869895536562
9626,0.3900462962962963
9627,0.34603513770180433
9628,0.9246201329534663
9629,0.8056742640075973
9630,0.8590337132003798
9631,0.9853098290598291
9632,0.9771486229819564
9633,0.4016797245963913
9634,0.4177647198480532
9635,0.996616809116809
9636,0.9680674264007597
9637,0.07089862298195632
9638,0.36867877492877493
9639,0.41996082621082625
9640,0.5799204653371319
9641,0.17922008547008547
9642,0.4975961538461539
9643,0.5316358024691358
9644,0.931178774928775
9645,0.45168566001899335
9646,0.6504332858499525
9647,0.7223706077872745
9648,0.007181861348528014
9649,0.5556742640075973
9650,0.14393399810066476
9651,0.9715396486229819
9652,0.7766203703703703
9653,0.5816417378917379
9654,0.5880519943019943
9655,0.1957502374169041
9656,0.678715574548908
9657,0.8737238841405507
9658,0.9982193732193733
9659,0.41749762583095923
9660,0.2960292022792023
9661,0.3406339031339031
9662,0.9303478157644824
9663,0.09018874643874646
9664,0.08045465337132003
9665,0.45417853751187093
9666,0.29374406457739793
9667,0.3849121557454891
9668,0.590366809116809
9669,0.4735280151946819
9670,0.7685185185185186
9671,0.6405211301044633
9672,0.3478157644824312
9673,0.28306030389363723
9674,0.7771842355175688
9675,0.4981896961063627
9676,0.4434057454890788
9677,0.03561253561253561
9678,0.9494895536562203
9679,0.24531101614434947
9680,0.667230531813865
9681,0.7319266381766382
9682,0.5624703228869895
9683,0.8822708926875594
9684,0.23584401709401712
9685,0.7841880341880342
9686,0.4509437321937322
9687,0.4803240740740741
9688,0.2854047958214625
9689,0.09567901234567903
9690,0.5283713200379867
9691,0.8357668566001899
9692,0.49563746438746437
9693,0.2021604938271605
9694,0.7749287749287749
9695,0.10458214624881292
9696,0.9056267806267807
9697,0.6092711301044634
9698,0.3514957264957264
9699,0.09529320987654322
9700,0.514423076923077
9701,0.43482905982905984
9702,0.97539767331434
9703,0.5154024216524217
9704,0.32244183285849953
9705,0.5461775878442546
9706,0.7838912630579298
9707,0.456849477682811
9708,0.19518637226970562
9709,0.5697412155745488
9710,0.6921889838556505
9711,0.39758428300094967
9712,0.701655982905983
9713,0.7329356600189932
9714,0.10268281101614435
9715,0.3036265432098766
9716,0.5603632478632479
9717,0.1865503323836657
9718,0.11971747388414056
9719,0.4484508547008547
9720,0.9652777777777777
9721,0.913698955365622
9722,0.3572234093067426
9723,0.1528074548907882
9724,0.5524988129154796
9725,0.8588853276353277
9726,0.5135921177587844
9727,0.524335232668566
9728,0.6295999525166192
9729,0.1634912155745489
9730,0.9365206552706553
9731,0.25308641975308643
9732,0.0279855175688509
9733,0.136900522317189
9734,0.42666785375118704
9735,0.7437678062678063
9736,0.4131944444444444
9737,0.25908119658119655
9738,0.5271842355175688
9739,0.9613307217473884
9740,0.4015906932573599
9741,0.3095026115859449
9742,0.3224715099715099
9743,0.7719610636277303
9744,0.30240978157644827
9745,0.788698955365622
9746,0.18571937321937323
9747,0.6796355650522318
9748,0.7352207977207977
9749,0.9375
9750,0.09413580246913579
9751,0.9706196581196581
9752,0.11701685660018994
9753,0.88963081671415
9754,0.6510861823361823
9755,0.9774157169990504
9756,0.48118471035137705
9757,0.9205840455840456
9758,0.5135624406457739
9759,0.17806267806267806
9760,0.049234330484330485
9761,0.5890016619183286
9762,0.0075973409306742635
9763,0.4945690883190883
9764,0.8131528964862298
9765,0.5031457739791073
9766,0.4948955365622032
9767,0.8422958214624882
9768,0.7026353276353277
9769,0.08870489078822412
9770,0.7389897910731245
9771,0.49044396961063624
9772,0.2800629154795821
9773,0.7404439696106362
9774,0.17625237416904083
9775,0.4102267331433998
9776,0.06092711301044634
9777,0.5186669040835707
9778,0.43500712250712253
9779,0.5377789648622983
9780,0.96875
9781,0.5086953941120608
9782,0.7792022792022792
9783,0.5416369895536562
9784,0.6617105887939222
9785,0.9101970560303894
9786,0.7356956315289649
9787,0.5571877967711301
9788,0.03374287749287749
9789,0.5977564102564102
9790,0.6218839031339031
9791,0.3687974833808167
9792,0.5111289173789174
9793,0.473735754985755
9794,0.7732965337132004
9795,0.39731718898385565
9796,0.3491809116809117
9797,0.8179012345679012
9798,0.7171177587844254
9799,0.2800629154795822
9800,0.27513651471984807
9801,0.15488485280151945
9802,0.5289055080721746
9803,0.17675688509021845
9804,0.7836835232668568
9805,0.10523504273504274
9806,0.8067723171889839
9807,0.32834757834757833
9808,0.2312440645773979
9809,0.41019705603038936
9810,0.06944444444444443
9811,0.18856837606837606
9812,0.33707264957264954
9813,0.028311965811965812
9814,0.48670465337132
9815,0.6207561728395062
9816,0.5655270655270654
9817,0.36698717948717946
9818,0.6882716049382717
9819,0.8926578822412156
9820,0.45150759734093066
9821,0.4086538461538461
9822,0.10018993352326687
9823,0.854730531813865
9824,0.6482965337132004
9825,0.946017331433998
9826,0.09725189933523266
9827,0.9789886039886039
9828,0.7240918803418803
9829,0.7404736467236468
9830,0.9070216049382717
9831,0.1309650997150997
9832,0.363099477682811
9833,0.5560007122507122
9834,0.33276946818613484
9835,0.6311431623931624
9836,0.9530508072174738
9837,0.9826982431149097
9838,0.004629629629629629
9839,0.3734864672364672
9840,0.9846866096866096
9841,0.31905864197530864
9842,0.7223706077872745
9843,0.7761455365622032
9844,0.46557454890788225
9845,0.04323955365622032
9846,0.8126483855650521
9847,0.6734330484330484
9848,0.2727326685660019
9849,0.05404202279202278
9850,0.5759734093067427
9851,0.44254510921177587
9852,0.4207917853751187
9853,0.1472281576448243
9854,0.4402896486229819
9855,0.6068079297245964
9856,0.3948539886039886
9857,0.8871082621082621
9858,0.29383309591642925
9859,0.8154677113010447
9860,0.41040479582146244
9861,0.3860102089268756
9862,0.3487060778727445
9863,0.057603276353276354
9864,0.8441654795821463
9865,0.9827872744539411
9866,0.3379926400759734
9867,0.018370132953466286
9868,0.6975605413105413
9869,0.446610873694207
9870,0.8043091168091169
9871,0.9196640550807217
9872,0.4347993827160494
9873,0.301994301994302
9874,0.8027065527065527
9875,0.5302113010446344
9876,0.4242936847103514
9877,0.5031160968660969
9878,0.3068019943019943
9879,0.8219669990503323
9880,0.09653964862298196
9881,0.8813212250712251
9882,0.9021842355175688
9883,0.2548670465337132
9884,0.22435897435897437
9885,0.31051163342830007
9886,0.5729166666666666
9887,0.16663698955365622
9888,0.8772257834757835
9889,0.9937084520417855
9890,0.6137523741690408
9891,0.18856837606837606
9892,0.4214150047483381
9893,0.665360873694207
9894,0.4011455365622032
9895,0.4393993352326686
9896,0.7862654320987654
9897,0.5182514245014246
9898,0.3278727445394112
9899,0.5197352801519468
9900,0.5412511870845204
9901,0.3480828584995252
9902,0.3481422127255461
9903,0.483974358974359
9904,0.7899453941120608
9905,0.39245014245014237
9906,0.5232965337132004
9907,0.6870548433048432
9908,0.0397079772079772
9909,0.9053003323836658
9910,0.9352742165242166
9911,0.44928181386514715
9912,0.3351139601139601
9913,0.20539529914529916
9914,0.5458214624881291
9915,0.9657229344729346
9916,0.43049620132953464
9917,0.38565408357075026
9918,0.14758428300094967
9919,0.7297898860398861
9920,0.18925094966761632
9921,0.6619183285849952
9922,0.0059947768281101614
9923,0.6477623456790124
9924,0.5606006647673315
9925,0.610576923076923
9926,0.4103157644824311
9927,0.6008725071225071
9928,0.06591286799620133
9929,0.8790954415954416
9930,0.8930436847103514
9931,0.7070275403608738
9932,0.47812796771130106
9933,0.5741631054131054
9934,0.14788105413105412
9935,0.7872744539411206
9936,0.9662274453941121
9937,0.6579415954415955
9938,0.6377314814814815
9939,0.3753264482431149
9940,0.536829297245964
9941,0.26385921177587845
9942,0.3679665242165242
9943,0.09742996201329535
9944,0.27923195631528963
9945,0.9071699905033238
9946,0.33603395061728397
9947,0.46207264957264954
9948,0.25919990503323836
9949,0.0714624881291548
9950,0.34722222222222215
9951,0.5557929724596392
9952,0.08879392212725545
9953,0.9770299145299145
9954,0.7746320037986706
9955,0.4921058879392213
9956,0.8457977207977208
9957,0.14096628679962012
9958,0.9216524216524217
9959,0.5775462962962963
9960,0.7515135327635326
9961,0.22367640075973408
9962,0.30362654320987653
9963,0.1325973409306743
9964,0.5789411206077872
9965,0.22281576448243112
9966,0.09033713200379867
9967,0.054754273504273504
9968,0.44729344729344733
9969,0.07348053181386514
9970,0.4262226970560304
9971,0.9799976258309592
9972,0.27107075023741695
9973,0.2730591168091168
9974,0.27644230769230765
9975,0.917616334283001
9976,0.6680318138651472
9977,0.5607787274453941
9978,0.4529320987654321
9979,0.024632003798670466
9980,0.4101673789173789
9981,0.4640906932573599
9982,0.08588556505223172
9983,0.5451982431149097
9984,0.21058879392212723
9985,0.036295109211775874
9986,0.2623160018993352
9987,0.5507478632478633
9988,0.3817960588793922
9989,0.35844017094017094
9990,0.5067070275403609
9991,0.8746735517568851
9992,0.4521011396011396
9993,0.3376068376068376
9994,0.7660256410256411
9995,0.011247625830959165
9996,0.5872507122507122
9997,0.7150700379867047
9998,0.9717770655270656
9999,0.37767094017094016
10000,0.6488603988603989
10001,0.9163698955365622
10002,0.6727207977207977
10003,0.6364850427350428
10004,0.19067545109211773
10005,0.8695987654320988
10006,0.9060125830959164
10007,0.19233736942070276
10008,0.9578881766381766
10009,0.8970204178537512
10010,0.47032288698955366
10011,0.23079890788224122
10012,0.8506647673314339
10013,0.1990147198480532
10014,0.5752908357075024
10015,0.4558701329534663
10016,0.3491809116809117
10017,0.09425451092117759
10018,0.03406932573599241
10019,0.353395061728395
10020,0.26739078822412155
10021,0.34202872744539414
10022,0.9612713675213675
10023,0.9702041785375118
10024,0.7436787749287749
10025,0.21762226970560303
10026,0.1459520417853751
10027,0.350931861348528
10028,0.8334817188983855
10029,0.42248338081671416
10030,0.05976970560303894
10031,0.36289173789173795
10032,0.751127730294397
10033,0.8493292972459638
10034,0.10158475783475784
10035,0.18699548907882238
10036,0.44993471035137705
10037,0.8702516619183287
10038,0.12063746438746438
10039,0.6661918328584995
10040,0.5346925451092117
10041,0.07582502374169041
10042,0.8609330484330484
10043,0.2402065527065527
10044,0.6127433523266856
10045,0.13933404558404558
10046,0.11194207027540361
10047,0.8254392212725546
10048,0.5104463437796771
10049,0.7860873694207027
10050,0.08766619183285851
10051,0.7013592117758786
10052,0.9512998575498576
10053,0.42669753086419754
10054,0.7452219848053181
10055,0.5846094491927826
10056,0.09437321937321937
10057,0.9139066951566952
10058,0.8949430199430198
10059,0.3411977682811016
10060,0.8067129629629629
10061,0.44008190883190884
10062,0.027243589743589744
10063,0.38455603038936376
10064,0.9498160018993352
10065,0.47269705603038936
10066,0.3094729344729345
10067,0.28095322886989554
10068,0.15562678062678062
10069,0.34336419753086417
10070,0.345679012345679
10071,0.7548373694207028
10072,0.9086241690408358
10073,0.7754332858499525
10074,0.5875474833808166
10075,0.8300391737891738
10076,0.8856244064577398
10077,0.3163283475783476
10078,0.23266856600189934
10079,0.4816001899335232
10080,0.425599477682811
10081,0.3532466761633428
10082,0.685244539411206
10083,0.1018221747388414
10084,0.517094017094017
10085,0.6400759734093068
10086,0.46750356125356124
10087,0.7976020892687559
10088,0.27009140550807215
10089,0.8018459164292498
10090,0.02409781576448243
10091,0.4102267331433998
10092,0.05798907882241216
10093,0.2698539886039886
10094,0.6983618233618233
10095,0.29178537511870845
10096,0.2334104938271605
10097,0.9420109211775879
10098,0.5542497625830959
10099,0.5995667141500475
10100,0.1375534188034188
10101,0.06561609686609686
10102,0.3200676638176638
10103,0.19945987654320987
10104,0.8825973409306743
10105,0.05567426400759734
10106,0.5707502374169041
10107,0.05567426400759734
10108,0.6476139601139601
10109,0.4380045109211776
10110,0.5347815764482431
10111,0.24370845204178537
10112,0.1956908831908832
10113,0.36657169990503324
10114,0.4810956790123457
10115,0.03947056030389364
10116,0.7720500949667617
10117,0.3019052706552707
10118,0.5221984805318138
10119,0.7131410256410255
10120,0.6515610161443495
10121,0.5264719848053181
10122,0.6038105413105413
10123,0.518221747388414
10124,0.08315527065527066
10125,0.3908475783475784
10126,0.9459876543209877
10127,0.23780270655270655
10128,0.2860576923076923
10129,0.3403074548907883
10130,0.5346925451092117
10131,0.7684591642924975
10132,0.7146248812915479
10133,0.4714802943969611
10134,0.9444444444444445
10135,0.3307514245014245
10136,0.12467355175688509
10137,0.07309472934472934
10138,0.6864316239316239
10139,0.83710232668566
10140,0.6254451566951567
10141,0.5237713675213675
10142,0.16987179487179485
10143,0.3884437321937322
10144,0.02504748338081671
10145,0.14360754985754987
10146,0.4425154320987654
10147,0.6643815289648622
10148,0.7641559829059829
10149,0.7792616334283
10150,0.44993471035137694
10151,0.30484330484330485
10152,0.12289292497625831
10153,0.8580543684710351
10154,0.36019112060778724
10155,0.21860161443494777
10156,0.6953050807217473
10157,0.6082621082621082
10158,0.7201151471984805
10159,0.5498278727445395
10160,0.9335232668566001
10161,0.17473884140550808
10162,0.8554427825261159
10163,0.99002849002849
10164,0.08348171889838557
10165,0.1533713200379867
10166,0.02670940170940171
10167,0.7207383665717
10168,0.6452991452991453
10169,0.837428774928775
10170,0.09271130104463438
10171,0.5855591168091169
10172,0.6318554131054132
10173,0.5792972459639126
10174,0.05312203228869896
10175,0.6777659069325738
10176,0.044723409306742644
10177,0.9882478632478633
10178,0.19723409306742642
10179,0.3176934947768281
10180,0.5515491452991453
10181,0.059502611585944915
10182,0.2810125830959164
10183,0.8977920227920227
10184,0.9927884615384616
10185,0.8811728395061729
10186,0.6628086419753086
10187,0.27653133903133903
10188,0.2701804368471035
10189,0.07211538461538462
10190,0.012078584995251662
10191,0.9410018993352326
10192,0.8993055555555555
10193,0.571610873694207
10194,0.44963793922127254
10195,0.28264482431149096
10196,0.7564399335232669
10197,0.3030923551756885
10198,0.393548195631529
10199,0.4540301519468186
10200,0.0637167616334283
10201,0.18215811965811968
10202,0.3317307692307692
10203,0.1945334757834758
10204,0.8302765906932574
10205,0.1268696581196581
10206,0.9836479107312441
10207,0.1420346628679962
10208,0.9405567426400759
10209,0.8438093542260209
10210,0.9476198955365622
10211,0.7231125356125356
10212,0.8433641975308642
10213,0.6527481006647674
10214,0.5470382241215574
10215,0.2212428774928775
10216,0.6849477682811016
10217,0.8084639126305793
10218,0.11200142450142452
10219,0.3156754510921178
10220,0.44162511870845206
10221,0.09045584045584047
10222,0.04825498575498575
10223,0.8915895061728395
10224,0.8354997625830959
10225,0.3748516144349478
10226,0.2629688983855651
10227,0.9931149097815765
10228,0.12431742640075975
10229,0.6998160018993352
10230,0.9875059354226021
10231,0.14826685660018993
10232,0.5609271130104463
10233,0.5849358974358975
10234,0.43441358024691357
10235,0.18601614434947766
10236,0.2648088793922127
10237,0.7121913580246914
10238,0.34152421652421655
10239,0.8574905033238367
10240,0.39998812915479576
10241,0.23403371320037988
10242,0.48643755935422606
10243,0.42491690408357075
10244,0.06644705603038936
10245,0.8716464862298196
10246,0.3008962488129155
10247,0.7221035137701804
10248,0.7332621082621084
10249,0.7796474358974358
10250,0.1070156695156695
10251,0.19201092117758786
10252,0.1930496201329535
10253,0.8095322886989553
10254,0.549531101614435
10255,0.49133428300094967
10256,0.8468364197530863
10257,0.8041310541310541
10258,0.16055318138651473
10259,0.32579534662868
10260,0.9324845679012346
10261,0.14301400759734093
10262,0.0005045109211775879
10263,0.7644824311490979
10264,0.7697352801519468
10265,0.15690289648622982
10266,0.7370014245014245
10267,0.8355591168091169
10268,0.12885802469135801
10269,0.3018755935422602
10270,0.7249228395061729
10271,0.10339506172839506
10272,0.38004510921177587
10273,0.7813093542260209
10274,0.7091642924976259
10275,0.49836775878442546
10276,0.6122388414055081
10277,0.5068257359924027
10278,0.5194978632478633
10279,0.9583036562203229
10280,0.22551638176638175
10281,0.7513651471984805
10282,0.19192188983855651
10283,0.732579534662868
10284,0.619747150997151
10285,0.3257656695156695
10286,0.46833452041785373
10287,0.6348231244064578
10288,0.8603098290598291
10289,0.809502611585945
10290,0.35648148148148145
10291,0.3314339981006647
10292,0.14598171889838554
10293,0.39161918328584994
10294,0.7094017094017094
10295,0.6122981956315289
10296,0.9165182811016145
10297,0.5398563627730295
10298,0.3585292022792023
10299,0.5257894112060778
10300,0.8754748338081672
10301,0.046474358974358976
10302,0.7808938746438746
10303,0.4067545109211776
10304,0.5532110636277303
10305,0.14731718898385565
10306,0.8261217948717948
10307,0.5591464862298196
10308,0.4552765906932574
10309,0.51661918328585
10310,0.41981244064577394
10311,0.5220500949667616
10312,0.9094848053181387
10313,0.34268162393162394
10314,0.0004748338081671415
10315,0.7308285849952517
10316,0.6376127730294397
10317,0.363960113960114
10318,0.7024572649572649
10319,0.1507894112060779
10320,0.49453941120607786
10321,0.3882063152896486
10322,0.4977742165242165
10323,0.46646486229819556
10324,0.014779202279202278
10325,0.6287689933523266
10326,0.686372269705603
10327,0.1192426400759734
10328,0.8116690408357075
10329,0.47002611585944915
10330,0.21236942070275408
10331,0.4121854226020893
10332,0.3046652421652422
10333,0.6530448717948718
10334,0.8463912630579298
10335,0.8533653846153846
10336,0.6404024216524217
10337,0.6581196581196581
10338,0.7211241690408356
10339,0.6918625356125356
10340,0.7724952516619182
10341,0.38135090218423545
10342,0.7714862298195632
10343,0.8883843779677113
10344,0.7706552706552706
10345,0.16194800569800571
10346,0.9036087369420702
10347,0.8863366571699904
10348,0.4044100189933523
10349,0.8079890788224121
10350,0.531517094017094
10351,0.9107312440645773
10352,0.22447768281101613
10353,0.8790657644824312
10354,0.6926044634377968
10355,0.5552291073124406
10356,0.4697886989553656
10357,0.4217711301044635
10358,0.9473528015194682
10359,0.14188627730294398
10360,0.8828347578347578
10361,0.8830128205128206
10362,0.09277065527065527
10363,0.18165360873694206
10364,0.6218542260208927
10365,0.1255045109211776
10366,0.38063865147198483
10367,0.14684235517568853
10368,0.9655745489078823
10369,0.2572115384615385
10370,0.027866809116809114
10371,0.6358321462488129
10372,0.25029677113010446
10373,0.6825439221272555
10374,0.9152124881291548
10375,0.01103988603988604
10376,0.23379629629629628
10377,0.5172424026590693
10378,0.7470322886989553
10379,0.2445690883190883
10380,0.4602623456790124
10381,0.22056030389363723
10382,0.9077635327635328
10383,0.9981303418803419
10384,0.29786918328584994
10385,0.24560778727445395
10386,0.3886514719848053
10387,0.06315289648622982
10388,0.3639007597340931
10389,0.3041013770180437
10390,0.6741156220322887
10391,0.10484924026590692
10392,0.5532407407407407
10393,0.1746794871794872
10394,0.7921711775878443
10395,0.5203584995251661
10396,0.6985102089268755
10397,0.45456433998100665
10398,0.8739613010446344
10399,0.4793744064577398
10400,0.742551044634378
10401,0.6804071699905033
10402,0.7256054131054132
10403,0.31068969610636277
10404,0.18468067426400758
10405,0.7405330009496676
10406,0.7102029914529915
10407,0.1187974833808167
10408,0.9426341405508073
10409,0.43592711301044634
10410,0.6918625356125356
10411,0.3528608736942071
10412,0.4756350902184236
10413,0.2849596391263058
10414,0.9613900759734092
10415,0.5411324786324786
10416,0.7231125356125356
10417,0.31374643874643876
10418,0.9378561253561254
10419,0.488366571699905
10420,0.7929427825261159
10421,0.8546118233618234
10422,0.7273860398860399
10423,0.46328941120607786
10424,0.7967117758784426
10425,0.5867758784425451
10426,0.1387701804368471
10427,0.3314339981006648
10428,0.1805258784425451
10429,0.3052884615384615
10430,0.5551994301994302
10431,0.7421355650522315
10432,0.9344135802469137
10433,0.4805911680911681
10434,0.11226851851851853
10435,0.3340159069325736
10436,0.37959995251661915
10437,0.06080840455840456
10438,0.1075201804368471
10439,0.021872032288698957
10440,0.008932811016144349
10441,0.8365978157644824
10442,0.8720916429249762
10443,0.6906754510921177
10444,0.5799501424501425
10445,0.23676400759734093
10446,0.07621082621082621
10447,0.7476555080721748
10448,0.13209283000949668
10449,0.9809769705603039
10450,0.9614494301994302
10451,0.5795643399810066
10452,0.9566120607787275
10453,0.7720500949667617
10454,0.599329297245964
10455,0.16978276353276356
10456,0.10772792022792022
10457,0.0783772554605888
10458,0.8941714150047484
10459,0.40405389363722694
10460,0.2522851377018044
10461,0.6720382241215574
10462,0.5788520892687559
10463,0.35458214624881296
10464,0.8963971984805319
10465,0.3146070750237417
10466,0.5131766381766382
10467,0.23673433048433049
10468,0.7443613485280153
10469,0.8084935897435898
10470,0.8222934472934472
10471,0.17705365622032287
10472,0.7617818138651472
10473,0.46788936372269707
10474,0.5846984805318138
10475,0.24338200379867045
10476,0.41788342830009495
10477,0.9708867521367521
10478,0.80252849002849
10479,0.3298611111111111
10480,0.9304368471035138
10481,0.8931623931623932
10482,0.5832739791073124
10483,0.41458926875593544
10484,0.9084164292497626
10485,0.27299976258309594
10486,0.5059650997150997
10487,0.4578584995251662
10488,0.28089387464387466
10489,0.6403430674264008
10490,0.7466761633428302
10491,0.3024394586894587
10492,0.015194681861348527
10493,0.9740918803418804
10494,0.5517568850902184
10495,0.9376187084520419
10496,0.5519052706552707
10497,0.3500415479582146
10498,0.6145536562203229
10499,0.30356718898385565
10500,0.9653371320037986
10501,0.6854226020892688
10502,0.7148029439696106
10503,0.9061312915479584
10504,0.5496498100664767
10505,0.20868945868945868
10506,0.646337844254511
10507,0.492551044634378
10508,0.3500415479582146
10509,0.371943257359924
10510,0.7913698955365622
10511,0.5988841405508073
10512,0.2849596391263058
10513,0.4231066001899335
10514,0.7908357075023741
10515,0.09909188034188034
10516,0.791815052231719
10517,0.2615147198480532
10518,0.6170762108262108
10519,0.7974537037037037
10520,0.9705603038936372
10521,0.63695987654321
10522,0.07846628679962013
10523,0.1683285849952517
10524,0.8646426875593543
10525,0.7359330484330484
10526,0.6350011870845204
10527,0.7036443494776828
10528,0.8247863247863249
10529,0.9159247388414055
10530,0.40731837606837606
10531,0.28418803418803423
10532,0.3097993827160494
10533,0.3639007597340931
10534,0.43227682811016144
10535,0.6381469610636278
10536,0.9320690883190883
10537,0.4262523741690409
10538,0.2062559354226021
10539,0.4296058879392213
10540,0.7686075498575499
10541,0.8725961538461539
10542,0.5357609211775879
10543,0.8593008072174739
10544,0.7842770655270656
10545,0.8777302943969612
10546,0.9966464862298196
10547,0.776531339031339
10548,0.1848587369420703
10549,0.92554012345679
10550,0.5381944444444445
10551,0.07822886989553655
10552,0.12502967711301044
10553,0.31365740740740744
10554,0.8165657644824312
10555,0.4769112060778728
10556,0.6092711301044634
10557,0.3676697530864197
10558,0.8222637701804368
10559,0.8424738841405509
10560,0.3622091642924976
10561,0.014482431149097816
10562,0.5601851851851852
10563,0.8292675688509021
10564,0.7649275878442544
10565,0.09015906932573599
10566,0.6908238366571701
10567,0.22750474833808168
10568,0.3786502849002849
10569,0.5086360398860399
10570,0.6520952041785376
10571,0.3855947293447293
10572,0.4950439221272555
10573,0.6163342830009496
10574,0.9237594966761633
10575,0.05508072174738841
10576,0.14835588793922128
10577,0.9062203228869895
10578,0.8265372744539411
10579,0.40565645773979114
10580,0.02860873694207028
10581,0.17456077872744538
10582,0.8605175688509021
10583,0.9139957264957266
10584,0.2218957739791073
10585,0.8992165242165243
10586,0.658980294396961
10587,0.9154499050332383
10588,0.20020180436847101
10589,0.5411028015194682
10590,0.6673789173789174
10591,0.09300807217473885
10592,0.7836835232668565
10593,0.2993530389363723
10594,0.24246201329534664
10595,0.03795702754036087
10596,0.543684710351377
10597,0.8687678062678064
10598,0.5023444919278253
10599,0.4309116809116809
10600,0.556386514719848
10601,0.796474358974359
10602,0.4133725071225071
10603,0.8863366571699904
10604,0.002492877492877493
10605,0.773741690408357
10606,0.9618649097815765
10607,0.10692663817663818
10608,0.29024216524216523
10609,0.517361111111111
10610,0.3773148148148148
10611,0.8883547008547009
10612,0.14565527065527065
10613,0.3268933998100665
10614,0.2344195156695157
10615,0.36520655270655267
10616,0.5562381291547959
10617,0.6920405982905983
10618,0.8606066001899336
10619,0.09882478632478632
10620,0.8726555080721748
10621,0.570008309591643
10622,0.7410375118708452
10623,0.47008547008547
10624,0.4673848528015195
10625,0.574667616334283
10626,0.5155211301044634
10627,0.4104641500474833
10628,0.6681208452041784
10629,0.05686134852801519
10630,0.9477979582146249
10631,0.022287511870845208
10632,0.3173076923076923
10633,0.2243886514719848
10634,0.7391381766381766
10635,0.8387345679012346
10636,0.745281339031339
10637,0.9910671889838557
10638,0.4622210351377018
10639,0.60838081671415
10640,0.5671296296296297
10641,0.6137226970560304
10642,0.6025641025641026
10643,0.044931149097815766
10644,0.2297008547008547
10645,0.987624643874644
10646,0.08027659069325736
10647,0.07671533713200379
10648,0.042646011396011395
10649,0.8561550332383666
10650,0.6014660493827161
10651,0.5166785375118708
10652,0.9829653371320038
10653,0.633309591642925
10654,0.8418506647673314
10655,0.5789114434947767
10656,0.9598468660968661
10657,0.6013176638176637
10658,0.639897910731244
10659,0.17456077872744538
10660,0.023830721747388414
10661,0.9245904558404558
10662,0.21699905033238368
10663,0.5885268281101615
10664,0.38004510921177587
10665,0.14052113010446343
10666,0.6883309591642925
10667,0.6482371794871794
10668,0.7482490503323836
10669,0.12241809116809116
10670,0.19500830959164292
10671,0.03190289648622982
10672,0.011959876543209876
10673,0.6006054131054132
10674,0.6801103988603989
10675,0.7223706077872745
10676,0.2927647198480532
10677,0.9484211775878443
10678,0.39886039886039887
10679,0.3881766381766381
10680,0.03564221272554606
10681,0.7022198480531814
10682,0.2922008547008547
10683,0.6897257834757835
10684,0.2536502849002849
10685,0.9247388414055081
10686,0.9600249287749288
10687,0.22688152896486227
10688,0.20622625830959165
10689,0.8198599240265906
10690,0.07149216524216524
10691,0.6524810066476734
10692,0.9105531813865148
10693,0.8001839981006648
10694,0.16829890788224122
10695,0.6987773029439696
10696,0.3861882716049383
10697,0.12630579297245964
10698,0.808849715099715
10699,0.9958748812915479
10700,0.8454119183285851
10701,0.510980531813865
10702,0.11309947768281102
10703,0.9165776353276355
10704,0.71210232668566
10705,0.9272613960113961
10706,0.761366334283001
10707,0.9237891737891738
10708,0.04282407407407407
10709,0.4682454890788224
10710,0.04353632478632478
10711,0.009377967711301045
10712,0.5194681861348528
10713,0.5040064102564102
10714,0.04822530864197531
10715,0.6030982905982906
10716,0.7834164292497626
10717,0.4576507597340931
10718,0.008250237416904083
10719,0.5269468186134852
10720,0.7924976258309592
10721,0.9452457264957266
10722,0.8969907407407408
10723,0.8766322412155746
10724,0.05146011396011396
10725,0.5386692782526116
10726,0.8589446818613485
10727,0.968482905982906
10728,0.2532051282051282
10729,0.40357905982905984
10730,0.10882597340930673
10731,0.9841820987654321
10732,0.4084757834757835
10733,0.3608736942070275
10734,0.5473646723646723
10735,0.925599477682811
10736,0.11945037986704654
10737,0.6589209401709403
10738,0.044278252611585946
10739,0.8205721747388415
10740,0.6189161918328585
10741,0.5829178537511871
10742,0.7902718423551756
10743,0.06985992402659068
10744,0.7946640550807218
10745,0.5919100189933523
10746,0.777006172839506
10747,0.11820394112060778
10748,0.9469076448243116
10749,0.9864672364672363
10750,0.813360636277303
10751,0.16233380816714152
10752,0.34573836657169993
10753,0.558107787274454
10754,0.4930555555555556
10755,0.18649097815764484
10756,0.493678774928775
10757,0.7700617283950617
10758,0.7272970085470085
10759,0.3852979582146249
10760,0.6055911680911681
10761,0.12885802469135804
10762,0.41779439696106363
10763,0.6697530864197532
10764,0.8778490028490028
10765,0.8524157169990504
10766,0.4328406932573599
10767,0.4578288224121558
10768,0.06997863247863247
10769,0.5470975783475783
10770,0.95877849002849
10771,0.3959520417853752
10772,0.2523741690408357
10773,0.03454415954415955
10774,0.13155864197530864
10775,0.7036740265906932
10776,0.6988366571699904
10777,0.26848884140550805
10778,0.4197234093067426
10779,0.8115800094966762
10780,0.06908831908831908
10781,0.40182811016144343
10782,0.033505460588793924
10783,0.8076626305792973
10784,0.4184472934472934
10785,0.6264245014245015
10786,0.8682632953466287
10787,0.4806208452041785
10788,0.17767687559354226
10789,0.9843008072174739
10790,0.6683285849952517
10791,0.34956671415004753
10792,0.09926994301994302
10793,0.7762939221272553
10794,0.6074311490978158
10795,0.7875118708452042
10796,0.35176282051282054
10797,0.35170346628679966
10798,0.791162155745489
10799,0.6312025166191834
10800,0.6002492877492878
10801,0.3171593067426401
10802,0.0944028964862298
10803,0.4243827160493827
10804,0.9764066951566952
10805,0.8354107312440645
10806,0.2929427825261159
10807,0.4072886989553656
10808,0.3022020417853751
10809,0.5380163817663818
10810,0.8795109211775878
10811,0.27774810066476735
10812,0.23970204178537513
10813,0.2091346153846154
10814,0.32879273504273504
10815,0.6434294871794872
10816,0.43307811016144354
10817,0.9077041785375118
10818,0.4268755935422602
10819,0.4326923076923077
10820,0.04350664767331434
10821,0.382448955365622
10822,0.29528727445394115
10823,0.32431149097815765
10824,0.11265432098765432
10825,0.3388829534662868
10826,0.4012345679012346
10827,0.017004985754985755
10828,0.7167913105413106
10829,0.416488603988604
10830,0.33161206077872746
10831,0.72142094017094
10832,0.6282644824311491
10833,0.2880163817663818
10834,0.43791547958214627
10835,0.628650284900285
10836,0.189429012345679
10837,0.7107075023741691
10838,0.673076923076923
10839,0.6010208926875593
10840,0.14372625830959163
10841,0.5317545109211775
10842,0.8211657169990504
10843,0.9088912630579298
10844,0.6590990028490028
10845,0.34820156695156695
10846,0.5064696106362773
10847,0.2796474358974359
10848,0.6126839981006648
10849,0.39927587844254514
10850,0.4892865622032289
10851,0.6254451566951567
10852,0.8685007122507122
10853,0.28727445394112056
10854,0.0015135327635327636
10855,0.14150047483380815
10856,0.4935600664767332
10857,0.31508190883190884
10858,0.610042735042735
10859,0.9034306742640076
10860,0.650670702754036
10861,0.3747625830959164
10862,0.4506469610636277
10863,0.4616571699905034
10864,0.8570453466286799
10865,0.6034840930674265
10866,0.45328822412155745
10867,0.36930199430199434
10868,0.2044159544159544
10869,0.9224240265906932
10870,0.6217651946818613
10871,0.1609983380816714
10872,0.3642568850902184
10873,0.3891559829059829
10874,0.9443850902184234
10875,0.5308345204178537
10876,0.41289767331433996
10877,0.35826210826210825
10878,0.0560303893637227
10879,0.837636514719848
10880,0.2827635327635328
10881,0.8830128205128206
10882,0.8207205603038936
10883,0.7840693257359924
10884,0.9318019943019943
10885,0.06689221272554606
10886,0.7675391737891738
10887,0.3085232668566002
10888,0.9131944444444445
10889,0.5544871794871795
10890,0.8640491452991453
10891,0.15722934472934472
10892,0.04496082621082622
10893,0.9101673789173791
10894,0.946076685660019
10895,0.8816773504273504
10896,0.487832383665717
10897,0.20124050332383667
10898,0.14488366571699904
10899,0.08419396961063629
10900,0.17396723646723644
10901,0.6732846628679962
10902,0.332383665716999
10903,0.5352267331433999
10904,0.15316358024691357
10905,0.7481896961063628
10906,0.4834698480531814
10907,0.38995726495726496
10908,0.7490800094966762
10909,0.10826210826210826
10910,0.8895714624881291
10911,0.9448005698005698
10912,0.12001424501424503
10913,0.8446996676163344
10914,0.9909781576448243
10915,0.8373990978157645
10916,0.9757241215574549
10917,0.537096391263058
10918,0.6501661918328585
10919,0.48115503323836656
10920,0.9456018518518517
10921,0.9732609211775879
10922,0.8456790123456791
10923,0.80982905982906
10924,0.7147732668566004
10925,0.5029083570750238
10926,0.7271189458689459
10927,0.24982193732193733
10928,0.6910612535612536
10929,0.9521604938271605
10930,0.7054249762583096
10931,0.47774216524216523
10932,0.17402659069325735
10933,0.5465040360873694
10934,0.5809591642924976
10935,0.8942604463437798
10936,0.6358024691358025
10937,0.5377789648622983
10938,0.9082977207977208
10939,0.6144349477682811
10940,0.8617046533713201
10941,0.9797898860398861
10942,0.7282466761633429
10943,0.1643815289648623
10944,0.15467711301044634
10945,0.6317070275403608
10946,0.1842355175688509
10947,0.28433641975308643
10948,0.04953110161443495
10949,0.19770892687559352
10950,0.11861942070275404
10951,0.8474596391263057
10952,0.30478395061728397
10953,0.25596509971509973
10954,0.4191001899335232
10955,0.6038105413105413
10956,0.7489613010446344
10957,0.02098171889838556
10958,0.23652659069325735
10959,0.032051282051282055
10960,0.8942604463437798
10961,0.7153964862298196
10962,0.7645121082621081
10963,0.6472578347578347
10964,0.010090218423551756
10965,0.7811016144349479
10966,0.8600130579297246
10967,0.8613188509021842
10968,0.6057098765432098
10969,0.552795584045584
10970,0.310036799620133
10971,0.50465930674264
10972,0.7086004273504273
10973,0.7352801519468186
10974,0.6364553656220323
10975,0.7388710826210826
10976,0.5530626780626782
10977,0.888028252611586
10978,0.5119895536562203
10979,0.05169753086419754
10980,0.8741096866096866
10981,0.6813271604938271
10982,0.9658119658119658
10983,0.38740503323836656
10984,0.2600902184235518
10985,0.8687381291547959
10986,0.3506944444444445
10987,0.22943376068376067
10988,0.5106244064577398
10989,0.3677291073124407
10990,0.3588556505223172
10991,0.39283594491927826
10992,0.14604107312440645
10993,0.3295049857549857
10994,0.04267568850902184
10995,0.5892687559354227
10996,0.6585351377018044
10997,0.30653490028490027
10998,0.26661918328584994
10999,0.3751780626780627
11000,0.23676400759734093
11001,0.13443732193732194
11002,0.698005698005698
11003,0.6812381291547958
11004,0.9430496201329536
11005,0.0482846628679962
11006,0.04412986704653371
11007,0.5101198955365622
11008,0.5545762108262108
11009,0.28033000949667614
11010,0.34235517568850904
11011,0.040449905033238365
11012,0.5082502374169041
11013,0.7192248338081672
11014,0.3521486229819563
11015,0.44296058879392214
11016,0.11292141500474834
11017,0.8885921177587844
11018,0.09799382716049383
11019,0.45934235517568855
11020,0.8695394112060778
11021,0.16859567901234565
11022,0.5470679012345679
11023,0.029380341880341877
11024,0.782377730294397
11025,0.4536443494776828
11026,0.7555792972459638
11027,0.6218542260208927
11028,0.8150522317188984
11029,0.225664767331434
11030,0.22355769230769232
11031,0.11268399810066476
11032,0.8590633903133903
11033,0.35057573599240266
11034,0.1560422602089269
11035,0.8466880341880342
11036,0.43681742640075977
11037,0.9636455365622032
11038,0.6237238841405509
11039,0.966286799620133
11040,0.08873456790123457
11041,0.33021723646723644
11042,0.9070809591642925
11043,0.3656517094017094
11044,0.5640728869895536
11045,0.8185838081671415
11046,0.18744064577397912
11047,0.7230828584995251
11048,0.2465574548907882
11049,0.07368827160493828
11050,0.7821996676163342
11051,0.651798433048433
11052,0.6784484805318138
11053,0.7206196581196581
11054,0.9599062203228871
11055,0.825735992402659
11056,0.4706493352326686
11057,0.33980294396961064
11058,0.4410315764482431
11059,0.3308107787274454
11060,0.6274038461538461
11061,0.7573896011396012
11062,0.9139066951566951
11063,0.018815289648622984
11064,0.8549976258309592
11065,0.9145299145299145
11066,0.3621201329534663
11067,0.4305555555555555
11068,0.873605175688509
11069,0.8672542735042735
11070,0.3934591642924976
11071,0.21928418803418803
11072,0.87034069325736
11073,0.31778252611585944
11074,0.9843601614434947
11075,0.3136574074074074
11076,0.4863782051282051
11077,0.28374287749287747
11078,0.7362891737891738
11079,0.19818376068376067
11080,0.021723646723646725
11081,0.19551282051282048
11082,0.8644052706552707
11083,0.4262226970560304
11084,0.17972459639126304
11085,0.4511514719848053
11086,0.591494539411206
11087,0.04047958214624881
11088,0.11624525166191833
11089,0.9565230294396961
11090,0.9456018518518517
11091,0.15856481481481483
11092,0.8836063627730294
11093,0.7661146723646723
11094,0.4647732668566002
11095,0.8756528964862298
11096,0.7187203228869895
11097,0.36143755935422606
11098,0.5141856600189934
11099,0.8739613010446344
11100,0.4441179962013295
11101,0.5920287274453941
11102,0.266025641025641
11103,0.86235754985755
11104,0.34523385565052234
11105,0.49029558404558404
11106,0.9051222697056032
11107,0.9393399810066477
11108,0.6341405508072175
11109,0.9249762583095916
11110,0.4009081196581197
11111,0.902659069325736
11112,0.35099121557454893
11113,0.011069563152896486
11114,0.4469669990503324
11115,0.6095085470085471
11116,0.5688212250712251
11117,0.9046177587844255
11118,0.4725783475783476
11119,0.9049442070275403
11120,0.0706315289648623
11121,0.4272020417853752
11122,0.08484686609686609
11123,0.9910671889838557
11124,0.7986704653371319
11125,0.9478869895536562
11126,0.36802587844254514
11127,0.4530211301044635
11128,0.9477682811016145
11129,0.1794871794871795
11130,0.42025759734093066
11131,0.8665716999050334
11132,0.4172602089268756
11133,0.7058998100664767
11134,0.40645773979107314
11135,0.9604700854700855
11136,0.5816417378917379
11137,0.15960351377018045
11138,0.8739019468186134
11139,0.2117165242165242
11140,0.8966049382716049
11141,0.2546593067426401
11142,0.5524097815764483
11143,0.8766915954415954
11144,0.1339031339031339
11145,0.5434472934472935
11146,0.8823896011396011
11147,0.18019943019943022
11148,0.9445037986704653
11149,0.36324786324786323
11150,0.7984924026590693
11151,0.45566239316239315
11152,0.17257241215574548
11153,0.8094432573599241
11154,0.23717948717948714
11155,0.6312321937321937
11156,0.2547483380816714
11157,0.6796058879392213
11158,0.9612713675213675
11159,0.15577516619183285
11160,0.8594788698955366
11161,0.9331968186134852
11162,0.6364850427350427
11163,0.8134199905033239
11164,0.3018162393162393
11165,0.6240503323836658
11166,0.514363722697056
11167,0.24522198480531818
11168,0.9363129154795821
11169,0.650462962962963
11170,0.26789529914529914
11171,0.8228276353276355
11172,0.33487654320987653
11173,0.06303418803418803
11174,0.43355294396961064
11175,0.6335470085470085
11176,0.2178003323836657
11177,0.8734271130104463
11178,0.07570631528964862
11179,0.07781339031339031
11180,0.8080187559354227
11181,0.5999228395061729
11182,0.9653371320037986
11183,0.7235280151946819
11184,0.013087606837606838
11185,0.8275462962962963
11186,0.31324192782526117
11187,0.9701448243114911
11188,0.5030567426400759
11189,0.5898029439696106
11190,0.37408000949667625
11191,0.9829356600189932
11192,0.6256825735992403
11193,0.3608143399810066
11194,0.5029380341880342
11195,0.56715930674264
11196,0.17562915479582145
11197,0.2810719373219373
11198,0.7874821937321936
11199,0.8365384615384616
11200,0.6313805792972459
11201,0.08585588793922128
11202,0.005252849002849003
11203,0.45040954415954415
11204,0.04959045584045584
11205,0.3344610636277303
11206,0.07612179487179487
11207,0.5558820037986704
11208,0.18120845204178537
11209,0.9055377492877493
11210,0.3506054131054131
11211,0.37725546058879394
11212,0.4168447293447293
11213,0.0661502849002849
11214,0.7617521367521368
11215,0.38877018043684713
11216,0.44480056980056987
11217,0.6031279677113011
11218,0.5091405508072174
11219,0.9790776353276353
11220,0.4816892212725546
11221,0.6330128205128206
11222,0.6029499050332383
11223,0.013265669515669515
11224,0.31790123456790126
11225,0.9803834283000951
11226,0.13773148148148148
11227,0.47168803418803423
11228,0.6889245014245015
11229,0.4511514719848053
11230,0.012968898385565053
11231,0.9629629629629629
